recording_id,run_id,window_bin_s,availability_time_s,N,mean_e,mean_neg_log_p,min_p,median_p,max_e,top25_mean_e,score_A0,score_A1,score_A2,score_A3,score_A4,score_Full,phase,s1_capital,s1_log_capital,s1_total_fund,s1_reserve,s2_e_cusum
DS3,DS3,6.5,7.12328116,8,0.5205585457552724,0.09203801966018504,0.6693877551020408,0.9578231292517008,0.5927034320280904,0.5626901374959645,0.07311280816793442,4.440892098500627e-16,0.09203801966018504,0.0,0.5205585457552724,0.0,outside,0.7602792728776362,-0.2740694488875567,1.0,0.5,0.0
DS3,DS3,7.0,7.623281159999999,9,3.545899513773324,0.8997986684637593,0.0006802721088435374,0.9789115646258504,27.721756005376513,9.631660469051885,0.6673586368560791,0.1082010604090218,0.8997986684637593,0.008221062562531883,3.545899513773324,1.2657918693411059,outside,2.059399025585415,0.7224142050858007,1.0,0.25,1.2657918693411059
DS3,DS3,7.5,8.12328116,9,3.5519669548083908,0.9242888567376867,0.0006802721088435374,0.9959183673469387,27.721756005376513,9.648703579008565,0.3509528636932373,0.13525132551127714,0.9242888567376867,0.0,3.5519669548083903,2.5332933911643503,outside,6.995921416292946,1.9453273244307396,1.0,0.12500000000000003,2.5332933911643503
DS3,DS3,8.0,8.62328116,9,3.5455871807053225,0.9037928289977424,0.0006802721088435374,0.9959183673469387,27.721756005376513,9.619879026359223,1.1999149322509766,0.1976416121439113,0.9037928289977424,0.07475286902238926,3.545587180705323,3.7989971737384183,outside,24.64555009203602,3.2045963605426895,1.0,0.0625,3.7989971737384183
DS3,DS3,8.5,9.12328116,9,3.536336045394028,0.8637978863626014,0.0006802721088435374,0.9802721088435374,27.721756005376513,9.60152803587529,0.8152759671211243,0.15761146344499952,0.8637978863626014,0.09991346566627421,3.5363360453940276,5.062088349460344,outside,87.07568664761261,4.466777701924247,1.0,0.03125,5.062088349460344
DS3,DS3,9.0,9.62328116,9,3.553909874827909,0.9371670629358834,0.0006802721088435374,0.9530612244897959,27.721756005376513,9.643454248862296,1.233493447303772,0.14760392627027158,0.9371670629358834,0.17133360668602912,3.553909874827909,6.330136720072139,outside,309.41923779257667,5.734697113945431,1.0,0.015625000000000007,6.330136720072139
DS3,DS3,9.5,10.12328116,9,3.5458447439049956,0.9063686661358212,0.0006802721088435374,0.8918367346938776,27.721756005376513,9.613823097418532,1.1308585405349731,0.1451020419765896,0.9063686661358212,0.23472382475932438,3.5458447439049956,7.595913143320905,outside,1097.1326885778349,7.000455408820127,1.0,0.007812500000000002,7.595913143320905
DS3,DS3,10.0,10.71293596,10,3.252149496043303,0.8607307485332368,0.0006802721088435374,0.9081632653061225,27.721756005376513,9.642460975560255,0.7819393277168274,0.12156094158403605,0.8607307485332368,0.2469249522623916,3.252149496043303,8.77522930444288,outside,3568.030722792077,8.179769104310832,1.0,0.003906250000000001,8.77522930444288
DS3,DS3,10.5,11.21293596,11,3.00948811135685,0.8091908728743473,0.0006802721088435374,0.954421768707483,27.721756005376513,9.671531389722338,0.7976535558700562,0.09783245449478897,0.8091908728743473,0.2511447257080087,3.00948811135685,9.876999306069225,outside,10737.942116417275,9.28153874043132,1.0,0.001953125,9.876999306069225
DS3,DS3,11.0,11.71293596,11,3.0141386199952676,0.8202003660999048,0.0006802721088435374,0.926530612244898,27.721756005376513,9.68963644584573,0.7102354764938354,0.09190033272247719,0.8202003660999048,0.2589016537407808,3.0141386199952676,10.980313397251518,outside,32365.644065434797,10.384852770841388,1.0,0.0009765625,10.980313397251518
DS3,DS3,11.5,12.21293596,11,2.996800069488934,0.7589852351283309,0.0006802721088435374,0.9408163265306122,27.721756005376513,9.634829391122588,1.0372741222381592,0.09041730227939926,0.7589852351283309,0.2829235449913099,2.996800069488934,12.077858473146916,outside,96993.36340934908,11.482397836684552,1.0,0.00048828124999999995,12.077858473146916
DS3,DS3,12.0,12.71293596,11,3.0056176573357116,0.7868684894765181,0.0006802721088435374,0.9639455782312926,27.721756005376513,9.67026145760473,0.3900682032108307,0.09004654466862977,0.7868684894765181,0.25652580465839214,3.0056176573357116,13.178341563219536,outside,291524.96521786705,12.582880925077548,1.0,0.00024414062500000016,13.178341563219536
DS3,DS3,12.5,13.21293596,8,3.932518223850514,1.0380509692671762,0.0006802721088435374,0.939795918367347,27.721756005376513,14.190060108635748,0.772170901298523,0.16037520104913888,1.0380509692671762,0.2899064288912059,3.932518223850514,14.547621553323243,outside,1146427.2380686712,13.952160914869,1.0,0.00012207031250000008,14.547621553323243
DS3,DS3,13.0,13.71293596,8,3.9278050319600117,1.0231404028271938,0.0006802721088435374,0.8979591836734694,27.721756005376513,14.165825151071493,0.4461066424846649,0.17795736514426613,1.0231404028271938,0.28319963402763915,3.9278050319600113,15.91570230713552,outside,4502942.674283458,15.320241668641595,1.0,6.103515625000003e-05,15.91570230713552
DS3,DS3,13.5,14.21293596,8,1.5683700134154601,0.8355079211309968,0.004081632653061225,0.9459183673469388,8.758344461091689,4.731497594550044,0.2571974992752075,0.18235290616804795,0.8355079211309968,0.25753918331765546,1.56837001341546,16.365739179168855,outside,7062280.26245763,15.77027854067247,1.0,3.0517578125000014e-05,16.365739179168855
DS3,DS3,14.0,14.71293596,8,3.941628123781725,1.081138395191792,0.0006802721088435374,0.8040816326530612,27.721756005376513,14.162863313007144,1.0817004442214966,0.18345179142399343,1.081138395191792,0.33848739594404564,3.941628123781725,17.737333046509175,outside,27836882.50048687,17.14187240801118,1.0,1.5258789062500007e-05,17.737333046509175
DS3,DS3,14.5,15.21293596,8,3.9269062114933075,1.0207755663149052,0.0006802721088435374,0.8785714285714286,27.721756005376513,14.148606977919073,1.489121675491333,0.1837265127379798,1.0207755663149052,0.4727112876921611,3.9269062114933075,19.10518493882858,outside,109312826.79974893,18.509724300330383,1.0,7.629394531250002e-06,19.10518493882858
DS3,DS3,15.0,15.71293596,8,3.939474521780653,1.0714982683956955,0.0006802721088435374,0.8860544217687074,27.721756005376513,14.172996899350691,1.5581088066101074,0.18379519306647638,1.0714982683956955,0.6028589592287036,3.939474521780653,20.476232283137406,outside,430635096.08142084,19.880771644639182,1.0,3.814697265625001e-06,20.476232283137406
DS3,DS3,15.5,16.21293596,8,3.9519356786950905,1.1239071758520072,0.0006802721088435374,0.7707482993197279,27.721756005376513,14.182333323182563,1.3871837854385376,0.18381236314860053,1.1239071758520072,0.7167424541869851,3.9519356786950905,21.850437787256745,outside,1701842200.7024488,21.254977148758517,1.0,1.9073486328125e-06,21.850437787256745
DS3,DS3,16.0,16.71293596,7,0.5324965309944482,0.14162283054024322,0.5836734693877551,0.9714285714285714,0.6289683397417409,0.5881954462425965,0.049887366592884064,0.04595309078715038,0.14162283054024322,0.65745214291433,0.5324965309944482,21.22025889127255,outside,906225068.1740105,20.624798252774323,1.0,9.5367431640625e-07,21.22025889127255
DS3,DS3,16.5,17.21293596,7,0.5487509310297528,0.19982547115357563,0.4346938775510204,0.95578231292517,0.7163387430179102,0.6433651975465082,0.10625144094228745,0.060002280648666986,0.19982547115357563,0.6124100211580403,0.5487509310297528,20.620148273315717,outside,497291849.88298917,20.02468763481749,1.0,4.7683715820312495e-07,20.620148273315717
DS3,DS3,17.0,17.71293596,7,0.5630203515656043,0.2548901540103194,0.45034013605442175,0.926530612244898,0.7051247490535297,0.6877336390529377,0.08607089519500732,0.020900300732414997,0.2548901540103194,0.560903387314346,0.5630203515656043,20.045708770249067,outside,279985432.15182984,19.45024813175084,1.0,2.3841857910156247e-07,20.045708770249067
DS3,DS3,17.5,18.21293596,7,0.5330697030324953,0.14708883537380024,0.6571428571428571,0.908843537414966,0.5974412514899642,0.5833516326753599,0.07457584142684937,0.011124805753352,0.14708883537380024,0.505234353574098,0.5330697030324953,19.416605681802736,outside,149251751.17060047,18.821145043304504,1.0,1.1920928955078122e-07,19.416605681802736
DS3,DS3,18.0,18.62328116,5,0.5272705134257203,0.12309470790422283,0.7054421768707483,0.9285714285714286,0.5794836725495227,0.5540629089568837,0.04280129820108414,0.0027812014383381666,0.12309470790422283,0.4460359923114189,0.5272705134257204,18.776564127872565,outside,78696047.46941023,18.181103489374333,1.0,5.960464477539072e-08,18.776564127872565
DS3,DS3,18.5,19.12328116,5,0.5230933163852045,0.10428623973935255,0.7197278911564626,0.972108843537415,0.5745249688691174,0.5497884490905856,0.058803707361221313,0.0006953003595847082,0.10428623973935255,0.38408376477110473,0.5230933163852045,18.128568722250183,outside,41165376.45718132,17.53310808375195,1.0,2.98023223876953e-08,18.128568722250183
DS3,DS3,19.0,19.62328116,5,0.5116881712679644,0.054313868550400636,0.8401360544217688,0.9748299319727891,0.5379244734855778,0.525337622018729,0.08729489147663116,0.024036092027026966,0.054313868550400636,0.330879353316606,0.5116881712679644,17.4585288422748,outside,21063836.198932447,16.863068203776567,1.0,1.4901161193847676e-08,17.4585288422748
DS3,DS3,19.5,20.12328116,5,0.5256223560725461,0.11308696777669883,0.6585034013605442,0.9551020408163265,0.5969082415190431,0.5565567747224176,0.10330647975206375,0.029871289943887533,0.11308696777669883,0.2772633002643594,0.5256223560725461,16.8153565639431,outside,11071623.210809093,16.219895925444874,1.0,7.450580596923823e-09,16.8153565639431
DS3,DS3,20.0,20.62328116,5,0.581150592064678,0.3237500906979859,0.43605442176870746,0.9081632653061225,0.7153392202142232,0.6887431177410683,0.06788793206214905,0.00746782248597205,0.3237500906979859,0.21939723878550618,0.581150592064678,16.272611202831335,outside,6434280.384078673,15.677150564333097,1.0,3.725290298461918e-09,16.272611202831335
DS3,DS3,20.5,21.12328116,2,0.6207414916897751,0.4623720752164392,0.4129251700680272,0.686734693877551,0.7330114148514881,0.7330114148514881,0.08663931488990784,0.2178381389092332,0.4623720752164392,0.18682178385007472,0.6207414916897751,15.795770641642976,outside,3994024.803563257,15.200310003144738,1.0,1.8626451492309556e-09,15.795770641642976
DS3,DS3,21.0,21.62328116,2,0.5870570423633381,0.3688623281154656,0.5659863945578232,0.7054421768707484,0.6374731611091055,0.6374731611091055,0.05510589852929115,0.054459534727308384,0.3688623281154656,0.14510991662192435,0.5870570423633381,15.263137353855104,outside,2344720.388305658,14.667676715356865,1.0,9.313225746154793e-10,15.263137353855104
DS3,DS3,21.5,22.12328116,2,0.5214173391703496,0.09868031868079419,0.8374149659863945,0.9088435374149659,0.5386628624554125,0.5386628624554125,0.06557151675224304,0.01361488368182718,0.09868031868079419,0.10792784407186598,0.5214173391703496,14.611932830845035,outside,1222577.8659688046,14.016472192346797,1.0,4.656612873077388e-10,14.611932830845035
DS3,DS3,22.0,22.62328116,2,0.5444064008976888,0.2013807803285685,0.7653061224489796,0.8193877551020408,0.5596505677598651,0.5596505677598651,0.0719132050871849,0.003403720920456878,0.2013807803285685,0.0851229743604669,0.5444064008976888,14.003873580281757,outside,665579.2158292537,13.408412941783519,1.0,2.328306436538698e-10,14.003873580281757
DS3,DS3,22.5,23.12328116,2,0.5512890451196977,0.23138036454841032,0.7523809523809524,0.7945578231292517,0.5637300654869836,0.5637300654869836,0.07546036690473557,0.21682211351785444,0.23138036454841032,0.05293276287067025,0.5512890451196977,13.40837755570145,outside,366926.5303460264,12.812916917203212,1.0,1.164153218269351e-10,13.40837755570145
DS3,DS3,23.0,23.62328116,3,9.5858901413208,2.486857227042304,0.0006802721088435374,0.8755102040816326,27.721756005376513,27.721756005376513,0.5182640552520752,0.5925328444292114,2.486857227042304,0.15844919559307982,9.5858901413208,15.66866979604783,outside,3517317.4098330243,15.073209157549591,1.0,5.820766091346745e-11,15.66866979604783
DS3,DS3,23.5,24.12328116,3,2.5015134999039366,1.806572416850545,0.006802721088435374,0.7435374149659864,6.409315536106599,6.409315536106599,0.2983376979827881,0.6864605271570506,1.806572416850545,0.19791494671948837,2.5015134999039366,16.58556574470293,outside,8798616.98414446,15.990105106204693,1.0,2.910383045673377e-11,16.58556574470293
DS3,DS3,24.0,24.62328116,3,1.9610026840221881,1.7763630871073446,0.011564625850340135,0.5312925170068027,4.675215311198402,4.675215311198402,0.25291091203689575,0.7099424478390105,1.7763630871073446,0.2230452325388599,1.9610026840221881,17.25902166061696,outside,17254111.52159062,16.66356102211873,1.0,1.4551915228366858e-11,17.25902166061696
DS3,DS3,24.5,25.12328116,3,9.586545060917201,2.489850957442448,0.0006802721088435374,0.8707482993197279,27.721756005376513,27.721756005376513,0.40561479330062866,0.7158129280095005,2.489850957442448,0.291562206193289,9.586545060917201,19.51938221983778,outside,165407317.58781883,18.92392158133955,1.0,7.27595761418344e-12,19.51938221983778
DS3,DS3,25.0,25.62328116,3,9.624649288690572,2.6487198419063427,0.0006802721088435374,0.6,27.721756005376513,27.721756005376513,0.8595099449157715,0.7172805480521229,2.6487198419063427,0.5396237702612886,9.624649288690572,21.783709661809123,outside,1591987421.5658162,21.18824902331089,1.0,3.637978807091714e-12,21.783709661809123
DS3,DS3,25.5,26.12328116,3,9.606235294764138,2.5774458882306437,0.0006802721088435374,0.7721088435374149,27.721756005376513,27.721756005376513,1.2356975078582764,0.7176474530627786,2.5774458882306437,0.8894888953809748,9.606235294764138,24.04612205931393,outside,15293005757.866074,23.4506614208157,1.0,1.81898940354586e-12,24.04612205931393
DS3,DS3,26.0,26.62328116,3,9.579067202395342,2.455490336967324,0.0006802721088435374,0.9605442176870749,27.721756005376513,27.721756005376513,0.851150393486023,0.7177391793154424,2.455490336967324,1.1004987444922139,9.579067202395342,26.30570227728621,outside,146492729881.21823,25.710241638787977,1.0,9.094947017729282e-13,26.30570227728621
DS3,DS3,26.5,27.12328116,3,9.615946467410241,2.6152733325032336,0.0006802721088435374,0.6571428571428571,27.721756005376513,27.721756005376513,0.7785327434539795,1.3293426680188976,2.6152733325032336,1.3279108232701629,9.615946467410241,28.569125088030518,outside,1408666248402.5806,27.973664449532286,1.0,4.547473508864649e-13,28.569125088030518
DS3,DS3,27.0,27.62328116,3,9.678724939116542,2.805890698655027,0.0006802721088435374,0.3306122448979592,27.721756005376513,27.721756005376513,1.3894871473312378,0.8706629830544722,2.805890698655027,1.739060157680989,9.678724939116542,30.839055259477362,outside,13634093149305.797,30.24359462097913,1.0,2.2737367544323203e-13,30.839055259477362
DS3,DS3,27.5,28.12328116,6,5.058302621808728,1.3087050247550327,0.0006802721088435374,0.9605442176870749,27.721756005376513,14.163002075519183,0.8849632740020752,0.44583826862100184,1.3087050247550327,1.8183153771678413,5.058302621808728,32.46008623626529,outside,68965369123117.86,31.86462559776706,1.0,1.136868377216162e-13,32.46008623626529
DS3,DS3,28.0,28.62328116,6,2.705568230381673,1.1716130539381702,0.0020408163265306124,0.8340136054421768,13.544467780931475,7.067939196331535,0.4751628041267395,0.3396320900126342,1.1716130539381702,1.8368246235146923,2.705568230381673,33.45539819318736,outside,186590511696052.97,32.859937554689125,1.0,5.6843418860807996e-14,33.45539819318736
DS3,DS3,28.5,29.12328116,6,5.071254023979484,1.3599323360586475,0.0006802721088435374,0.8925170068027211,27.721756005376513,14.187291870028416,0.36344534158706665,0.3130805453605423,1.3599323360586475,1.83399322804757,5.071254023979484,35.07898632221424,outside,946247883274996.6,34.48352568371601,1.0,2.8421709430404045e-14,35.07898632221424
DS3,DS3,29.0,29.62328116,6,5.044235884640364,1.2498439986237229,0.0006802721088435374,0.9629251700680272,27.721756005376513,14.121816784010345,1.745897889137268,0.30644265919751934,1.2498439986237229,2.066423014570753,5.044235884640364,36.69723250461607,outside,4773097528580734.0,36.101771866117836,1.0,1.4210854715201997e-14,36.69723250461607
DS3,DS3,29.5,30.12328116,6,5.052987788552656,1.2864955557056372,0.0006802721088435374,0.9697278911564626,27.721756005376513,14.152193085557693,1.2578439712524414,0.3047831876567636,1.2864955557056372,2.208618130616327,5.052987788552656,38.31721221425018,stable,2.4118403525489364e+16,37.72175157575195,1.0,7.105427357600985e-15,38.31721221425018
DS3,DS3,30.0,30.62328116,6,5.079740302866124,1.3949373120763833,0.0006802721088435374,0.80578231292517,27.721756005376513,14.18302571692786,1.0850770473480225,0.30436831977157464,1.3949373120763833,2.328296319290479,5.079740302866124,39.94247235305078,stable,1.22515226429217e+17,39.34701171455255,1.0,3.552713678800511e-15,39.94247235305078
DS3,DS3,30.5,31.12328116,6,5.065138426009229,1.338008532980921,0.0006802721088435374,0.8894557823129252,27.721756005376513,14.168891282040244,2.8034021854400635,0.3924514553557583,1.338008532980921,2.7435198317164975,5.065138426009229,41.56485382029095,stable,6.205565811578477e+17,40.96939318179272,1.0,1.7763568394002524e-15,41.56485382029095
DS3,DS3,31.0,31.62328116,6,5.056755136445893,1.3044341379350641,0.0006802721088435374,0.9064625850340136,27.721756005376513,14.147676655964695,1.8287668228149414,0.32628538669632334,1.3044341379350641,2.9733055077686705,5.056755136445893,43.1855788205018,stable,3.1380026792252564e+18,42.59011818200357,1.0,8.881784197001244e-16,43.1855788205018
DS3,DS3,31.5,32.12328116,6,5.050772441233334,1.2792041344060454,0.0006802721088435374,0.9170068027210885,27.721756005376513,14.133037199061588,0.5030969381332397,0.3097438695314646,1.2792041344060454,2.9920471026445226,5.050772441233334,44.805120010752155,stable,1.5849337452747305e+19,44.209659372253924,1.0,4.440892098500646e-16,44.805120010752155
DS3,DS3,32.0,32.62328116,4,0.534727478865941,0.15231303142445346,0.64421768707483,0.9217687074829932,0.602589668559316,0.602589668559316,0.08178738504648209,0.1259237379341925,0.15231303142445346,2.9414701285655096,0.534727478865941,44.17912196358795,stable,8.475076257803096e+18,43.58366132508972,1.0,2.2204460492503185e-16,44.17912196358795
DS3,DS3,32.5,33.12328116,4,0.5399244962868553,0.17523905984519966,0.645578231292517,0.886734693877551,0.6020403795624648,0.6020403795624648,0.07717073708772659,0.07996870503487448,0.17523905984519966,2.8883259787107303,0.5399244962868555,43.56279599269716,stable,4.5759012794870144e+18,42.96733535419893,1.0,1.1102230246251573e-16,43.56279599269716
DS3,DS3,33.0,33.62328116,4,0.539096818108691,0.16625791193600895,0.5775510204081633,0.9452380952380952,0.6318674610476719,0.6318674610476719,0.06559408456087112,0.019992176258718703,0.16625791193600895,2.829130626318459,0.539096818108691,42.94493589392687,stable,2.4668538197509345e+18,42.349475255428636,1.0,5.551115123125776e-17,42.94493589392687
DS3,DS3,33.5,34.12328116,3,0.5789026285621865,0.309376777141615,0.43333333333333335,0.9523809523809523,0.7173430671015322,0.7173430671015322,0.09678079932928085,0.10528137151701726,0.309376777141615,2.783654549442335,0.5789026285621865,42.39831490663466,stable,1.4280681605324823e+18,41.80285426813643,1.0,2.7755575615629024e-17,42.39831490663466
DS3,DS3,34.0,34.62328116,3,0.5892782717079018,0.3721708174057134,0.5170068027210885,0.6673469387755102,0.6632966272997421,0.6632966272997421,0.09804367274045944,0.1266036703315919,0.3721708174057134,2.7432714553898614,0.5892782717079018,41.869458147457216,stable,8.415295375196613e+17,41.273997508958985,1.0,1.3877787807814488e-17,41.869458147457216
DS3,DS3,34.5,35.12328116,3,0.5310791212947067,0.14230388326305413,0.7959183673469388,0.8517006802721089,0.5503906580124663,0.5503906580124663,0.03706613928079605,0.03165091758289814,0.14230388326305413,2.681470764028633,0.5310791212947067,41.23661388293846,stable,4.4691876732948205e+17,40.641153244440225,1.0,6.93889390390723e-18,41.23661388293846
DS3,DS3,35.0,35.62328116,2,0.5726726015039028,0.31363058559554924,0.6142857142857143,0.7418367346938776,0.6151372843742471,0.6151372843742471,0.06618789583444595,0.007912729395724618,0.31363058559554924,2.6446490592982412,0.5726726015039028,40.6791727812896,stable,2.559381331474924e+17,40.08371214279137,1.0,3.4694469519536088e-18,40.6791727812896
DS3,DS3,35.5,36.12328116,2,0.542295372040914,0.1882386467864327,0.719047619047619,0.8367346938775511,0.5747577135903789,0.5747577135903789,0.09953878074884415,0.21794936563667136,0.1882386467864327,2.616689046258831,0.542295372040914,40.06722832217175,stable,1.3879406513467632e+17,39.47176768367352,1.0,1.7347234759768136e-18,40.06722832217175
DS3,DS3,36.0,36.62328116,2,0.51979105923784,0.09210961648048452,0.8653061224489796,0.9132653061224489,0.5312610191934141,0.5312610191934141,0.06850768625736237,0.05448734140916792,0.09210961648048452,2.573619133765602,0.51979105923784,39.41289996486016,stable,7.214391413227938e+16,38.81743932636193,1.0,8.67361737988405e-19,39.41289996486016
DS3,DS3,36.5,37.12328116,2,0.509844745553865,0.04668617877239156,0.9462585034013605,0.954421768707483,0.5116688511819377,0.5116688511819377,0.05255730450153351,0.013621835352292064,0.04668617877239156,2.5263631516795395,0.509844745553865,38.73925094476846,stable,3.678219554403195e+16,38.143790306270226,1.0,4.336808689942018e-19,38.73925094476846
DS3,DS3,37.0,37.62328116,2,0.5722223035294902,0.3030139148499437,0.5727891156462585,0.7625850340136053,0.6341548377862082,0.6341548377862082,0.0801076740026474,0.21937664212581323,0.3030139148499437,2.502892144183421,0.5722223035294902,38.18102322419824,stable,2.104759266307807e+16,37.58556258570001,1.0,2.1684043449710048e-19,38.18102322419824
DS3,DS3,37.5,38.12328116,2,0.5711076663257534,0.31253735978161995,0.6639455782312925,0.7350340136054422,0.5947927799080548,0.5947927799080548,0.11338600516319275,0.5601115063945266,0.31253735978161995,2.488319987217688,0.5711076663257534,37.62084569458557,stable,1.202044152758554e+16,37.02538505608734,1.0,1.084202172485508e-19,37.62084569458557
DS3,DS3,38.0,38.62328116,2,0.6336754279314979,0.49520682758750195,0.37551020408163266,0.682312925170068,0.7650646001340794,0.7650646001340794,0.07082221657037735,0.14002787659863172,0.49520682758750195,2.443657033490741,0.6336754279314979,37.16462729562722,stable,7617058428918326.0,36.56916665712899,1.0,5.42101086242753e-20,37.16462729562722
DS3,DS3,38.5,39.12328116,2,0.5533821528242566,0.23946146081135047,0.7278911564625851,0.7894557823129251,0.5717577376958153,0.5717577376958153,0.046897776424884796,0.035006969149658014,0.23946146081135047,2.395189046832525,0.5533821528242566,36.57292083343135,stable,4215144191582977.5,35.977460194933116,1.0,2.7105054312137602e-20,36.57292083343135
DS3,DS3,39.0,39.62328116,2,0.5435999013234851,0.19892059149875252,0.8061224489795918,0.8197278911564626,0.547422552743452,0.547422552743452,0.07655911147594452,0.22472292557515472,0.19892059149875252,2.3571682549740904,0.5435999013234851,35.963379055202054,stable,2291351966608764.0,35.36791841670382,1.0,1.3552527156068872e-20,35.963379055202054
DS3,DS3,39.5,40.12328116,2,0.6213439648802571,0.5078438802172109,0.5448979591836735,0.6047619047619048,0.64815773529263,0.64815773529263,0.10008147358894348,0.2721519146815289,0.5078438802172109,2.332244902076923,0.6213439648802571,35.48750859350974,stable,1423717715868863.2,34.892047955011506,1.0,6.776263578034422e-21,35.48750859350974
DS3,DS3,40.0,40.62328116,2,0.5351594039466459,0.16096306634097665,0.7986394557823129,0.8530612244897959,0.5495935729648066,0.5495935729648066,0.033837080001831055,0.0680379786703823,0.16096306634097665,2.2728890280898444,0.5351594039466459,34.86231796834707,stable,761915924212658.4,34.26685732984884,1.0,3.388131789017205e-21,34.86231796834707
DS3,DS3,40.5,41.12328116,2,0.5784642582346067,0.32178266590616095,0.536734693877551,0.7578231292517007,0.6524643477676082,0.6524643477676082,0.04114888608455658,0.01700949466759566,0.32178266590616095,2.2179539952154985,0.5784642582346067,34.314939450571586,stable,440741129936809.94,33.719478812073355,1.0,1.6940658945085994e-21,34.314939450571586
DS3,DS3,41.0,41.62328116,2,0.5441438699936707,0.19341753267548312,0.6904761904761905,0.8370748299319728,0.5848441494131469,0.5848441494131469,0.0626167431473732,0.004252373666898998,0.19341753267548312,2.1801532543923487,0.5441438699936707,33.70639785038031,stable,239826584109198.3,33.11093721188208,1.0,8.470329472543041e-22,33.70639785038031
DS3,DS3,41.5,42.12328116,2,0.5615002959927142,0.26191049292903346,0.6122448979591837,0.789795918367347,0.6160265587039759,0.6160265587039759,0.07232846319675446,0.0010630934167248328,0.26191049292903346,2.143095971616708,0.5615002959927142,33.12925487272295,stable,134662697964236.36,32.53379423422472,1.0,4.235164736271513e-22,33.12925487272295
DS3,DS3,42.0,42.62328116,2,0.5165996251351401,0.07751960374102922,0.8809523809523809,0.926530612244898,0.5272641175642636,0.5272641175642636,0.029950033873319626,0.00026577335418129146,0.07751960374102922,2.0774178469281424,0.5165996251351401,32.468767748763774,stable,69566699288011.016,31.87330711026554,1.0,2.1175823681357527e-22,32.468767748763774
DS3,DS3,42.5,43.12328116,2,0.5506042363118212,0.22370823270910511,0.6904761904761905,0.8081632653061224,0.5848441494131469,0.5848441494131469,0.08084651082754135,0.21603762662628553,0.22370823270910511,2.048834753940605,0.5506042363118212,31.87202875645223,stable,38303719334209.47,31.276568117953996,1.0,1.0587911840678742e-22,31.87202875645223
DS3,DS3,43.0,43.62328116,2,0.5965922166427668,0.3947315013007703,0.5034013605442177,0.7027210884353742,0.6711415060577577,0.6711415060577577,0.062144290655851364,0.05400940665657147,0.3947315013007703,2.0067985927413927,0.5965922166427668,31.35550730327517,stable,22851700823258.426,30.760046664776937,1.0,5.2939559203394e-23,31.35550730327517
DS3,DS3,43.5,44.12328116,2,0.6015271036097822,0.4213316648741065,0.5183673469387755,0.6744897959183673,0.6625294525047049,0.6625294525047049,0.08470813184976578,0.22947353495188308,0.4213316648741065,1.9754170318793283,0.6015271036097822,30.847223618725483,stable,13745917408771.912,30.251762980227248,1.0,2.6469779601696944e-23,30.847223618725483
DS3,DS3,44.0,44.62328116,2,0.5528824167225392,0.23156122908284762,0.6693877551020408,0.8047619047619048,0.5927034320280904,0.5927034320280904,0.07140090316534042,0.05736838373797085,0.23156122908284762,1.939965239326261,0.5528824167225392,30.25461369066897,stable,7599876037030.251,29.659153052170737,1.0,1.323488980084845e-23,30.25461369066897
DS3,DS3,44.5,45.12328116,2,0.5385407333646803,0.1728671521099568,0.7414965986394558,0.8479591836734695,0.5672484362379115,0.5672484362379115,0.020983470603823662,0.014342095934492797,0.1728671521099568,1.866457550945483,0.5385407333646803,29.63572154769679,stable,4092842814462.9326,29.040260909198555,1.0,6.617444900424212e-24,29.63572154769679
DS3,DS3,45.0,45.62328116,2,0.5439776205387925,0.1945928666314246,0.7054421768707483,0.8329931972789115,0.5794836725495227,0.5794836725495227,0.09075582772493362,0.2195567072713634,0.1945928666314246,1.8342002358015401,0.5439776205387925,29.02687437600892,stable,2226414895450.8394,28.431413737510685,1.0,3.308722450212123e-24,29.02687437600892
DS3,DS3,45.5,46.12328116,2,0.5184476295117555,0.0866403883005296,0.9170068027210885,0.9170068027210885,0.5184476295117555,0.5184476295117555,0.05928097665309906,0.05488917681784093,0.0866403883005296,1.7857082061197382,0.5184476295117555,28.369958115760525,stable,1154279524856.151,27.77449747726229,1.0,1.6543612251060587e-24,28.369958115760525
DS3,DS3,46.0,46.62328116,2,0.5645072072727091,0.28057500301725247,0.6387755102040816,0.7659863945578231,0.6048045399450508,0.6048045399450508,0.045947302132844925,0.013722294204460316,0.28057500301725247,1.7308972663905244,0.5645072072727091,27.798155987820188,stable,651599110988.6163,27.202695349321953,1.0,8.271806125530277e-25,27.798155987820188
DS3,DS3,46.5,47.12328116,2,0.5279800721127175,0.12682356423348087,0.7877551020408163,0.8863945578231293,0.5528067866473273,0.5528067866473273,0.06906230747699738,0.0034305735511151623,0.12682356423348087,1.6853236114334087,0.5279800721127175,27.159459249621296,stable,344031345608.3527,26.56399861112306,1.0,4.13590306276516e-25,27.159459249621296
DS3,DS3,47.0,47.62328116,2,0.6609578387191272,0.5737522494301932,0.3251700680272109,0.6506802721088435,0.8168649695961622,0.8168649695961622,0.1509033590555191,0.7673755533945482,0.5737522494301932,1.6861525272678355,0.6609578387191272,26.745394024370512,stable,227390214644.92957,26.149933385872277,1.0,2.0679515313825765e-25,26.745394024370512
DS3,DS3,47.5,48.12328116,2,0.7637071047024475,0.8427581888619124,0.2108843537414966,0.5448979591836735,0.9996348363531482,0.9996348363531482,0.058146364986896515,0.19184388834863714,0.8427581888619124,1.638021021867893,0.7637071047024475,26.475823090241207,stable,173659522464.1475,25.880362451742972,1.0,1.0339757656912862e-25,26.475823090241207
DS3,DS3,48.0,48.62328116,2,0.7062389082643197,0.7656286366528816,0.3217687074829932,0.49693877551020404,0.820809433855,0.820809433855,0.06514040380716324,0.04796097208715937,0.7656286366528816,1.6026015778731324,0.7062389082643197,26.128021388483926,stable,122645111554.78267,25.53256074998569,1.0,5.169878828456422e-26,26.128021388483926
DS3,DS3,48.5,49.12328116,2,0.6623429827825165,0.6318780584731647,0.391156462585034,0.5568027210884354,0.7510886590121567,0.7510886590121567,0.09877059608697891,0.22796142630953004,0.6318780584731647,1.5944734168898083,0.6623429827825165,25.71604963215081,stable,81233129010.88918,25.120588993652575,1.0,2.584939414228224e-26,25.71604963215081
DS3,DS3,49.0,49.62328116,2,0.713785800144157,0.7460172101558752,0.27346938775510204,0.5479591836734694,0.8847820108247565,0.8847820108247565,0.10364968329668045,1.0973399264204304,0.7460172101558752,1.5960442838918185,0.713785800144157,25.378877270701217,stable,57983053989.251114,24.783416632202982,1.0,1.2924697071141098e-26,25.378877270701217
DS3,DS3,49.5,50.12328116,2,0.640012598170151,0.5780576130829287,0.5448979591836735,0.5612244897959184,0.64815773529263,0.64815773529263,0.057260848581790924,0.2743349816051077,0.5780576130829287,1.5498224684696411,0.640012598170151,24.932609852519917,stable,37109885033.50069,24.337149214021682,1.0,6.462348535570537e-27,24.932609852519917
DS3,DS3,50.0,50.62328116,2,0.5338581632281889,0.15566468552607887,0.8163265306122449,0.8568027210884354,0.5445105727378304,0.5445105727378304,0.07829717546701431,0.2845549286890171,0.15566468552607887,1.525714667300484,0.5338581632281889,24.304984765284647,stable,19811415061.59393,23.709524126786413,1.0,3.2311742677852622e-27,24.304984765284647
DS3,DS3,50.5,51.12328116,2,0.5081821616052478,0.03852133856065798,0.9258503401360544,0.9629251700680272,0.5163643232104955,0.5163643232104955,0.05356287211179733,0.07113873217225436,0.03852133856065798,1.4794641950826857,0.5081821616052478,23.62806945544156,stable,10067807730.459568,23.032608816943323,1.0,1.6155871338926397e-27,23.62806945544156
DS3,DS3,51.0,51.62328116,2,0.5346428479436691,0.15504654364852413,0.7476190476190476,0.8642857142857143,0.5652598281587108,0.5652598281587108,0.05702066794037819,0.017784683043063673,0.15504654364852413,1.4235230087961765,0.5346428479436691,23.00191312649166,stable,5382681397.562194,22.406452487993427,1.0,8.077935669463182e-28,23.00191312649166
DS3,DS3,51.5,52.12328116,2,0.6271660637294877,0.5275604868292357,0.5190476190476191,0.5948979591836735,0.6621470152679134,0.6621470152679134,0.12455251812934875,0.5097135166238391,0.5275604868292357,1.4121502596612783,0.6271660637294877,22.535369207507696,stable,3375835104.4190164,21.93990856900946,1.0,4.038967834731584e-28,22.535369207507696
DS3,DS3,52.0,52.62328116,2,0.5527641612081704,0.2297994852496842,0.6612244897959184,0.8081632653061225,0.5958472123931341,0.5958472123931341,0.05733468383550644,0.12742837915595986,0.2297994852496842,1.3667349565502018,0.5527641612081704,21.942545367488393,stable,1866040659.8712707,21.347084728990154,1.0,2.0194839173657882e-28,21.942545367488393
DS3,DS3,52.5,53.12328116,2,0.5438571173321634,0.1946608244048228,0.7108843537414966,0.8319727891156463,0.5775768748418496,0.5775768748418496,0.08929719030857086,0.24782827807673016,0.1946608244048228,1.3375013235684245,0.5438571173321634,21.333476648900195,stable,1014859494.1021968,20.738016010401957,1.0,1.0097419586828922e-28,21.333476648900195
DS3,DS3,53.0,53.62328116,2,0.5214505625298025,0.1000379521197688,0.8714285714285714,0.9054421768707483,0.5296841548336053,0.5296841548336053,0.03391703590750694,0.061957069519182624,0.1000379521197688,1.2775790750708191,0.5214505625298025,20.682335841264642,stable,529199054.0883007,20.086875202766404,1.0,5.048709793414452e-29,20.682335841264642
DS3,DS3,53.5,54.12328116,2,0.522453966108386,0.10307844715037084,0.8272108843537415,0.9054421768707483,0.5414643416425775,0.5414643416425775,0.04450732097029686,0.01548926737979574,0.10307844715037084,1.2215944668005911,0.522453966108386,20.033117439098316,stable,276482144.6692388,19.437656800600077,1.0,2.524354896707257e-29,20.033117439098316
DS3,DS3,54.0,54.62328116,2,0.6623429827825165,0.6318780584731647,0.391156462585034,0.5568027210884354,0.7510886590121567,0.7510886590121567,0.07415813952684402,0.003872316844949018,0.6318780584731647,1.1954876264285055,0.6623429827825165,19.6211456827652,stable,183126008.38633075,19.02568504426696,1.0,1.2621774483536262e-29,19.6211456827652
DS3,DS3,54.5,55.12328116,2,0.6561830146499946,0.6274743525041433,0.4496598639455782,0.5418367346938775,0.7055998667399486,0.7055998667399486,0.12858709692955017,1.041317649054285,0.6274743525041433,1.2099255976926293,0.6561830146499946,19.199830139564806,stable,120164176.24376258,18.604369501066568,1.0,6.31088724176812e-30,19.199830139564806
DS3,DS3,55.0,55.62328116,2,0.579161099369937,0.34758252090606767,0.6965986394557823,0.7064625850340136,0.5826301657388729,0.5826301657388729,0.09233597666025162,0.47630059555131143,0.34758252090606767,1.1899445594947542,0.579161099369937,18.653655536708637,stable,69594416.41822052,18.0581948982104,1.0,3.1554436208840535e-30,18.653655536708637
DS3,DS3,55.5,56.12328116,2,0.6795683379112323,0.7109733578469624,0.43673469387755104,0.49455782312925173,0.7148412473432565,0.7148412473432565,0.0881202444434166,0.33504633217556806,0.7109733578469624,1.1661086635391915,0.6795683379112323,18.267358057138246,stable,47294161.89323237,17.671897418640008,1.0,1.577721810442024e-30,18.267358057138246
DS3,DS3,56.0,56.62328116,2,0.5686621357866719,0.28483797008672584,0.5680272108843537,0.7819727891156463,0.63647131938026,0.63647131938026,0.09087462723255157,0.2997327663316322,0.28483797008672584,1.146253696615597,0.5686621357866719,17.70288924995807,stable,26894399.112446196,17.10742861145983,1.0,7.888609052210105e-31,17.70288924995807
DS3,DS3,56.5,57.12328116,2,0.5376370266394729,0.17185788546141414,0.7891156462585034,0.8438775510204082,0.5524014811639115,0.5524014811639115,0.05661950632929802,0.07493319158290813,0.17185788546141414,1.104847822869917,0.5376370266394729,17.082317631770522,stable,14459424.772070838,16.486856993272283,1.0,3.944304526105045e-31,17.082317631770522
DS3,DS3,57.0,57.62328116,2,0.545685637314274,0.20786080413767677,0.7918367346938775,0.8125850340136054,0.5515940247250295,0.5515940247250295,0.05634475126862526,0.018733297895727117,0.20786080413767677,1.0625067708741627,0.545685637314274,16.47660540688759,stable,7890300.421945241,15.881144768389346,1.0,1.972152263052547e-31,16.47660540688759
DS3,DS3,57.5,58.12328116,2,0.5294078164705589,0.13314774284864306,0.7816326530612245,0.8809523809523809,0.5546438170558312,0.5546438170558312,0.06292057782411575,0.0046833244739318625,0.13314774284864306,1.0172545293073854,0.5294078164705589,15.84060918236195,stable,4177186.717678759,15.245148543863706,1.0,9.860761315262715e-32,15.84060918236195
DS3,DS3,58.0,58.62328116,2,0.526555955415271,0.12012477699699299,0.7891156462585034,0.8928571428571428,0.5524014811639115,0.5524014811639115,0.0913466066122055,0.21714201440622316,0.12012477699699299,0.9940153633903465,0.526555955415271,15.19921150739841,stable,2199522.543075318,14.603750868900166,1.0,4.930380657631349e-32,15.19921150739841
DS3,DS3,58.5,59.12328116,2,0.5076702385574322,0.036443857874246297,0.9523809523809523,0.9642857142857142,0.5102897692727723,0.5102897692727723,0.04362289980053902,0.05428550360155587,0.036443857874246297,0.9385882187362512,0.5076702385574322,14.521288328516338,stable,1116632.1341554965,13.925827690018094,1.0,2.4651903288156696e-32,14.521288328516338
DS3,DS3,59.0,59.62328116,2,0.6078410894644986,0.42208674730221774,0.44693877551020406,0.704421768707483,0.7075113890856952,0.7075113890856952,0.11782731860876083,0.5188387217634621,0.42208674730221774,0.9188526101138194,0.6078410894644986,14.02344653132598,stable,678734.8929561446,13.427985892827737,1.0,1.2325951644078326e-32,14.02344653132598
DS3,DS3,59.5,60.12328116,2,0.6041429552414812,0.4079127804057267,0.4530612244897959,0.714625850340136,0.7032352026408701,0.7032352026408701,0.04644219949841499,0.12970968044086562,0.4079127804057267,0.8663594174857934,0.6041429552414812,13.51950210313754,stable,410052.9040560354,12.924041464639297,1.0,6.162975822039151e-33,13.51950210313754
DS3,DS3,60.0,60.62328116,2,0.625348080159526,0.4798557347086587,0.40680272108843535,0.6741496598639456,0.7379453897671718,0.7379453897671718,0.07875409722328186,0.2483986033979566,0.4798557347086587,0.8359238493915399,0.625348080159526,13.050055247120062,stable,256425.7963152799,12.454594608621818,1.0,3.08148791101957e-33,13.050055247120062
DS3,DS3,60.5,61.12328116,2,0.6357440203500724,0.5110962889982907,0.38299319727891157,0.6612244897959183,0.7582710704741449,0.7582710704741449,0.1074901595711708,0.5673669967125623,0.5110962889982907,0.8288911174710591,0.6357440203500724,12.59709596673343,stable,163021.16667094477,12.001635328235187,1.0,1.5407439555097822e-33,12.59709596673343
DS3,DS3,61.0,61.62328116,2,0.6649422920926296,0.5826466613506041,0.31700680272108844,0.6503401360544218,0.8264409936110648,0.8264409936110648,0.093442402780056,0.35781293246588075,0.5826466613506041,0.7994753196563323,0.6649422920926296,12.189040945833574,stable,108399.66822579266,11.59358030733533,1.0,7.703719777549005e-34,12.189040945833574
DS3,DS3,61.5,62.12328116,2,0.6122055515361091,0.4324715895797282,0.42925170068027213,0.7051020408163265,0.7203852353435907,0.7203852353435907,0.06661240756511688,0.08945323311647027,0.4324715895797282,0.7604653775419792,0.6122055515361091,11.69835376149561,stable,66362.87867250263,11.102893122997367,1.0,3.851859888774496e-34,11.69835376149561
DS3,DS3,62.0,62.62328116,2,0.550693242251397,0.2295489413003527,0.7918367346938775,0.7948979591836735,0.5515940247250295,0.5515940247250295,0.0738176554441452,0.02236330827911765,0.2295489413003527,0.7298473633553585,0.550693242251397,11.101776407508863,stable,36545.58882129654,10.50631576901062,1.0,1.9259299443872444e-34,11.101776407508863
DS3,DS3,62.5,63.12328116,2,0.6684364576238655,0.6032119298805876,0.32040816326530613,0.6272108843537415,0.8224052725044787,0.8224052725044787,0.05301390215754509,0.005590827069779496,0.6032119298805876,0.6844928327675661,0.6684364576238655,10.698962468380248,stable,24428.403933485803,10.103501829882005,1.0,9.629649721936203e-35,10.698962468380248
DS3,DS3,63.0,63.62328116,2,0.7750127471828072,0.8923520171372851,0.2108843537414966,0.5034013605442177,0.9996348363531482,0.9996348363531482,0.06075895577669144,0.0013977067674449573,0.8923520171372851,0.647814883264502,0.7750127471828072,10.444086666594007,stable,18932.32444178212,9.848626028095763,1.0,4.814824860968093e-35,10.444086666594007
DS3,DS3,63.5,64.12328116,2,0.6585947486132259,0.6236967709345491,0.40680272108843535,0.5564625850340136,0.7379453897671718,0.7379453897671718,0.09573948383331299,0.21632060997960145,0.6236967709345491,0.6259054764833054,0.6585947486132259,10.026439783962104,stable,12468.729456399516,9.43097914546386,1.0,2.407412430484042e-35,10.026439783962104
DS3,DS3,64.0,64.62328116,2,0.5550626058725214,0.24012005942984746,0.6585034013605442,0.7989795918367346,0.5969082415190431,0.5969082415190431,0.08856590837240219,1.0944297223379482,0.24012005942984746,0.6179603054847321,0.5550626058725214,9.437765415738491,stable,6920.92546398858,8.842304777240248,1.0,1.2037062152420187e-35,9.437765415738491
DS3,DS3,64.5,65.12328116,2,0.5501904499530201,0.22453379272149043,0.7183673469387755,0.8034013605442176,0.5749907915616113,0.5749907915616113,0.08554337173700333,0.48957861387222723,0.22453379272149043,0.5963992505993447,0.5501904499530201,8.84027462768619,stable,3807.827095123189,8.244813989187946,1.0,6.018531076210168e-36,8.84027462768619
DS3,DS3,65.0,65.62328116,2,0.5084612932185835,0.040104813684213494,0.9414965986394558,0.9608843537414966,0.5127507705518802,0.5127507705518802,0.040641773492097855,0.12239465346805689,0.040104813684213494,0.5422995991732679,0.5084612932185835,8.16390844176462,stable,1936.1326891391138,7.568447803266384,1.0,3.009265538105078e-36,8.16390844176462
DS3,DS3,65.5,66.12328116,2,0.5518602708074842,0.2237064229738151,0.6503401360544218,0.8166666666666667,0.6001316085431401,0.6001316085431401,0.04626249521970749,0.030598663367014306,0.2237064229738151,0.49101980623861174,0.5518602708074842,7.569448044420978,stable,1068.4747101475339,6.973987405922742,1.0,1.5046327690525364e-36,7.569448044420978
DS3,DS3,66.0,66.62328116,2,0.5805845279101411,0.3448725673798181,0.5904761904761905,0.7200680272108844,0.6258008311149112,0.6258008311149112,0.07526182383298874,0.2236208491294938,0.3448725673798181,0.45516355519255025,0.5805845279101411,7.025728168224658,stable,620.3398851749307,6.430267529726422,1.0,7.523163845262668e-37,7.025728168224658
DS3,DS3,66.5,67.12328116,2,0.5656568716238424,0.28857766583976124,0.6619047619047619,0.7551020408163265,0.5955829885279247,0.5955829885279247,0.07439903169870377,0.05590521228237353,0.28857766583976124,0.4251897833969198,0.5656568716238424,6.455960549731507,stable,350.89951879154455,5.860499911233269,1.0,3.761581922631327e-37,6.455960549731507
DS3,DS3,67.0,67.62328116,2,0.5650951958740515,0.2879562103515513,0.6829931972789116,0.753061224489796,0.5875908306502247,0.5875908306502247,0.0852636992931366,0.2299474863583336,0.2879562103515513,0.41010108140369284,0.5650951958740515,5.885199475975913,stable,198.2916323036184,5.289738837477676,1.0,1.8807909613156598e-37,5.885199475975913
DS3,DS3,67.5,68.12328116,2,0.6261303760948178,0.479772371271669,0.4013605442176871,0.677891156462585,0.7424277216981863,0.7424277216981863,0.050338033586740494,0.05748687158958348,0.479772371271669,0.3653667967494332,0.6261303760948178,5.417002814931069,stable,124.15641431071975,4.821542176432832,1.0,9.403954806578282e-38,5.417002814931069
DS3,DS3,68.0,68.62328116,2,0.5890088682592944,0.3759197324442643,0.5585034013605442,0.7013605442176871,0.6411941165914685,0.6411941165914685,0.0602605827152729,0.014371717897395954,0.3759197324442643,0.32047606294115416,0.5890088682592944,4.887688775954564,stable,73.12922908028911,4.292228137456327,1.0,4.7019774032891323e-38,4.887688775954564
DS3,DS3,68.5,69.12328116,2,0.6294315809941229,0.5111676764554428,0.42925170068027213,0.6336734693877552,0.7203852353435907,0.7203852353435907,0.06893672049045563,0.0035929294743490717,0.5111676764554428,0.28929338228960866,0.6294315809941229,4.424750656693042,stable,46.02984627688785,3.8292900181948064,1.0,2.3509887016445954e-38,4.424750656693042
DS3,DS3,69.0,69.62328116,2,0.566686216172557,0.28622523688321905,0.6129251700680272,0.7666666666666666,0.6157296344560681,0.6157296344560681,0.06950616836547852,0.0008982323685873512,0.28622523688321905,0.24388100446273916,0.566686216172557,3.856801117620063,stable,26.084479417654038,3.2613404791218277,1.0,1.1754943508222953e-38,3.856801117620063
DS3,DS3,69.5,70.12328116,2,0.5911652035811545,0.39500062104108347,0.6489795918367347,0.6741496598639456,0.6006748042243527,0.6006748042243527,0.06442339718341827,0.00022455809214692106,0.39500062104108347,0.20148892530312176,0.5911652035811545,3.3311413492683712,stable,15.420236585245885,2.735680710770136,1.0,5.877471754111466e-39,3.3311413492683712
DS3,DS3,70.0,70.62328116,2,0.5832776601166662,0.33815124300701166,0.5183673469387755,0.7496598639455783,0.6625294525047049,0.6625294525047049,0.07026032358407974,5.613952303681353e-05,0.33815124300701166,0.15773991474022506,0.5832776601166662,2.7920494041810158,stable,8.994279513887628,2.1965887656827805,1.0,2.938735877055727e-39,2.7920494041810158
DS3,DS3,70.5,71.12328116,2,0.5956106131999607,0.392565476985326,0.5102040816326531,0.7020408163265306,0.6671791840939718,0.6671791840939718,0.0677228569984436,1.403488075928665e-05,0.392565476985326,0.12388725333919165,0.5956106131999607,2.273881245191744,stable,5.357088336558454,1.6784206066935088,1.0,1.469367938527861e-39,2.273881245191744
DS3,DS3,71.0,71.62328116,3,0.7391382196131442,0.8037311504189583,0.2108843537414966,0.44761904761904764,0.9996348363531482,0.9996348363531482,0.09762494266033173,0.10028683617252741,0.8037311504189583,0.09360680509120262,0.7391382196131442,1.9716109056811282,stable,3.9596287353941566,1.3761502671828931,1.0,7.346839692639291e-40,1.9716109056811282
DS3,DS3,71.5,72.12328116,3,0.7510927288076209,0.7301853704857963,0.145578231292517,0.7843537414965986,1.195135582554142,1.195135582554142,0.10399464517831802,0.12535503649546945,0.7301853704857963,0.07160111942400568,0.7510927288076209,1.6853847446193229,stable,2.974048351932266,1.0899241061210878,1.0,3.6734198463196387e-40,1.6853847446193229
DS3,DS3,72.0,72.62328116,3,0.7730704809999601,0.9307832411008418,0.20952380952380953,0.3904761904761905,1.0027118122976604,1.0027118122976604,0.0580616369843483,0.03133875912386753,0.9307832411008418,0.03179754022270473,0.7730704809999601,1.4279996885932735,stable,2.299148989945415,0.8325390500950384,1.0,1.836709923159842e-40,1.4279996885932735
DS3,DS3,72.5,73.12328116,3,0.8904733628617776,1.2623639618538258,0.20204081632653062,0.21496598639455783,1.0202087662835502,1.0202087662835502,0.1122167631983757,0.5281667238629884,1.2623639618538258,0.030392476454476833,0.8904733628617776,1.3119975993294852,stable,2.047330932796953,0.71653696083125,1.0,9.183549615799193e-41,1.3119975993294852
DS3,DS3,73.0,73.62328116,3,0.7623110583872693,0.9430085987380998,0.2537414965986395,0.4204081632653061,0.9162002623867634,0.9162002623867634,0.0855303630232811,0.23232500841808468,0.9430085987380998,0.0014578365138176175,0.7623110583872693,1.0405970058443446,stable,1.5607030102494406,0.4451363673461091,1.0,4.591774807899588e-41,1.0405970058443446
DS3,DS3,73.5,74.12328116,3,0.7935068524233055,0.9817298831867172,0.17891156462585034,0.5421768707482993,1.0813559653702838,1.0813559653702838,0.08891437947750092,0.15836457955685876,0.9817298831867172,0.0,0.7935068524233055,0.8093039024855307,stable,1.2384285332306115,0.21384326398729525,1.0,2.29588740394979e-41,0.8093039024855307
DS3,DS3,74.0,74.62328116,3,0.8747102384544586,1.0062642140889404,0.09591836734693877,0.6959183673469388,1.4708643561237613,1.4708643561237613,0.11351753026247025,0.3548556489121859,1.0062642140889404,0.0,0.8747102384544586,0.6754412989646871,stable,1.0832661176109537,0.0799806604664517,1.0,1.1479437019748927e-41,0.6754412989646871
DS3,DS3,74.5,75.12328116,3,0.8288211355716623,0.899049053909773,0.10952380952380952,0.6700680272108843,1.375894174705732,1.375894174705732,0.09580384194850922,0.18899723968038407,0.899049053909773,0.0,0.8288211355716623,0.48769039257629826,stable,0.8978338537246164,-0.10777024592193715,1.0,5.739718509874453e-42,0.48769039257629826
DS3,DS3,75.0,75.62328116,3,0.7322211373739324,0.8002824565861921,0.21224489795918366,0.5727891156462585,0.9965886190934778,0.9965886190934778,0.12160907685756683,0.36251381394306725,0.8002824565861921,0.0,0.7322211373739324,0.17601768216999675,stable,0.6574129255470594,-0.41944295632823875,1.0,2.8698592549372212e-42,0.17601768216999675
DS3,DS3,75.5,76.12328116,3,0.5982491899009486,0.3762546551195957,0.38299319727891157,0.8585034013605443,0.7582710704741449,0.7582710704741449,0.12674695253372192,0.40589295750873805,0.3762546551195957,0.0,0.5982491899009486,0.0,stable,0.3932967501389409,-0.9331908626373965,1.0,1.4349296274686079e-42,0.0
DS3,DS3,76.0,76.62328116,3,0.5896118168622994,0.3886861397278319,0.638095238095238,0.6829931972789116,0.6050834116313576,0.6050834116313576,0.07479947060346603,0.2017565668295221,0.3886861397278319,0.0,0.5896118168622994,0.0,stable,0.23189241141545877,-1.4614817587771691,1.0,7.174648137343129e-43,0.0
DS3,DS3,76.5,77.12328116,2,0.6936147168536415,0.7577216427468558,0.42108843537414964,0.4714285714285714,0.7266045591504701,0.7266045591504701,0.07240357249975204,0.050439141707380605,0.7577216427468558,0.0,0.6936147168536415,0.0,stable,0.1608439892844416,-1.8273203944476566,1.0,3.587324068671557e-43,0.0
DS3,DS3,77.0,77.62328116,2,0.6635290955170479,0.6550447318435433,0.4496598639455782,0.5248299319727892,0.7055998667399486,0.7055998667399486,0.08001687377691269,0.22858096871458536,0.6550447318435433,0.0,0.6635290955170479,0.0,stable,0.10672466672925922,-2.2375029690484523,1.0,1.7936620343357754e-43,0.0
DS3,DS3,77.5,78.12328116,2,0.6018820239159114,0.4368488558968519,0.6306122448979592,0.6462585034013606,0.6081810593038981,0.6081810593038981,0.06217580661177635,0.05714524217864642,0.4368488558968519,0.0,0.6018820239159114,0.0,stable,0.06423565841275765,-2.745196795488705,1.0,8.96831017167886e-44,0.0
DS3,DS3,78.0,78.62328116,2,0.5759595101452439,0.3346578455469701,0.7061224489795919,0.7156462585034014,0.5792441074592799,0.5792441074592799,0.05447002872824669,0.014286310544661689,0.3346578455469701,0.0,0.5759595101452439,0.0,stable,0.0369971383532691,-3.296914711132482,1.0,4.484155085839422e-44,0.0
DS3,DS3,78.5,79.12328116,2,0.5232214237860142,0.10780114779917709,0.8530612244897959,0.8989795918367347,0.5344657124748237,0.5344657124748237,0.042537812143564224,0.0035715776361655055,0.10780114779917709,0.0,0.5232214237860142,0.0,stable,0.019357695405205624,-3.9446652432067215,1.0,2.2420775429197066e-44,0.0
DS3,DS3,79.0,79.62328116,2,0.5515616781515612,0.23301898665795923,0.7680272108843538,0.7925170068027211,0.5588049635564588,0.5588049635564588,0.08114504814147949,0.2168640776967816,0.23301898665795923,0.0,0.5515616781515612,0.0,stable,0.010676962962841959,-4.539666852665084,1.0,1.1210387714598512e-44,0.0
DS3,DS3,79.5,80.12328116,2,0.5688405251888902,0.3043560607094379,0.6870748299319728,0.7394557823129251,0.5860870256527508,0.5860870256527508,0.08342530578374863,0.2701872027119356,0.3043560607094379,0.0,0.5688405251888902,0.0,stable,0.006073489219205357,-5.103822008880211,1.0,5.605193857299326e-45,0.0
DS3,DS3,80.0,80.62328116,2,0.6269373306726727,0.5037454731447839,0.43673469387755104,0.6363945578231293,0.7148412473432565,0.7148412473432565,0.05333438888192177,0.06754680067798398,0.5037454731447839,0.0,0.6269373306726727,0.0,stable,0.0038076971189578567,-5.570730703305138,1.0,2.802596928649657e-45,0.0
DS3,DS3,80.5,81.12328116,2,0.5186610856280249,0.08754125793414695,0.9,0.9163265306122449,0.5225401483280783,0.5225401483280783,0.05493858456611633,0.016886700169496078,0.08754125793414695,0.0,0.5186610856280249,0.0,stable,0.001974904321461386,-6.2272353266322185,1.0,1.401298464324826e-45,0.0
DS3,DS3,81.0,81.62328116,2,0.5245199062315327,0.11426539892642312,0.8755102040816326,0.8921768707482993,0.5286421453642447,0.5286421453642447,0.042244937270879745,0.004221675042374103,0.11426539892642312,0.0,0.5245199062315327,0.0,stable,0.0010358766295091735,-6.8725072257212005,1.0,7.006492321624118e-46,0.0
DS3,DS3,81.5,82.12328116,2,0.5286478271320836,0.13244430985342417,0.8367346938775511,0.8768707482993198,0.5388480247524118,0.5388480247524118,0.052824120968580246,0.001055418760593609,0.13244430985342417,0.0,0.5286478271320836,0.0,stable,0.0005476139293669319,-7.509940027753462,1.0,3.503246160812052e-46,0.0
DS3,DS3,82.0,82.62328116,2,0.5463863825559276,0.2025937422819524,0.6802721088435374,0.8302721088435374,0.5886009492265687,0.5886009492265687,0.06468920409679413,0.0002638546901484855,0.2025937422819524,0.0,0.5463863825559276,0.0,stable,0.0002992087939040328,-8.114368920905386,1.0,1.751623080406023e-46,0.0
DS3,DS3,82.5,83.12328116,2,0.5258914229797351,0.11877318658708295,0.8163265306122449,0.891156462585034,0.5445105727378304,0.5445105727378304,0.04920196533203125,6.596367253720464e-05,0.11877318658708295,0.0,0.5258914229797351,0.0,stable,0.00015735133839424217,-8.75702942864801,1.0,8.758115402030098e-47,0.0
DS3,DS3,83.0,83.62328116,2,0.576445285627911,0.336603319562086,0.7027210884353742,0.7142857142857143,0.5804454395121083,0.5804454395121083,0.0544559583067894,1.6490918134384427e-05,0.336603319562086,0.0,0.576445285627911,0.0,stable,9.070443720460302e-05,-9.307904280269108,1.0,4.3790577010150407e-47,0.0
DS3,DS3,83.5,84.12328116,2,0.5078958312337298,0.03738750537576526,0.9394557823129251,0.9636054421768707,0.5132169702259998,0.5132169702259998,0.051515258848667145,4.122729533679374e-06,0.03738750537576526,0.0,0.5078958312337298,0.0,stable,4.6068405530619515e-05,-9.985383189326264,1.0,2.1895288505075476e-47,0.0
DS3,DS3,84.0,84.62328116,2,0.5038801471578894,0.01853836112394902,0.9809523809523809,0.9816326530612245,0.5040258677286275,0.5040258677286275,0.03883429616689682,1.0306823835031101e-06,0.01853836112394902,0.0,0.5038801471578894,0.0,stable,2.321295495809787e-05,-10.670800031774867,1.0,1.0947644252537716e-47,0.0
DS3,DS3,84.5,85.12328116,2,0.5347799006869534,0.15931234072546868,0.8006802721088435,0.854421768707483,0.5489984425952719,0.5489984425952719,0.07853091508150101,0.2159714409583361,0.15931234072546868,0.0,0.5347799006869534,0.0,stable,1.2413821747142295e-05,-11.29670004909457,1.0,5.473822126268848e-48,0.0
DS3,DS3,85.0,85.62328116,2,0.5570792304718064,0.24617993691067586,0.638095238095238,0.7979591836734694,0.6050834116313576,0.6050834116313576,0.041117455810308456,0.053992860239584106,0.24617993691067586,0.0,0.5570792304718064,0.0,stable,6.915482266112205e-06,-11.881747853253065,1.0,2.736911063134419e-48,0.0
DS3,DS3,85.5,86.12328116,2,0.5259603564583721,0.12026337452625396,0.8442176870748299,0.8877551020408163,0.5368236199271205,0.5368236199271205,0.04350275173783302,0.01349821505989611,0.12026337452625396,0.0,0.5259603564583721,0.0,stable,3.6372695177659267e-06,-12.524277290287662,1.0,1.368455531567207e-48,0.0
DS3,DS3,86.0,86.62328116,2,0.5712787968392566,0.313000152574332,0.6605442176870748,0.7350340136054422,0.5961118485434703,0.5961118485434703,0.04378008842468262,0.0033745537649741107,0.313000152574332,0.0,0.5712787968392566,0.0,stable,2.0778949538894234e-06,-13.084155218110043,1.0,6.842277657836022e-49,0.0
DS3,DS3,86.5,87.12328116,2,0.5717329363905954,0.31501286982058696,0.6612244897959184,0.7333333333333334,0.5958472123931341,0.5958472123931341,0.08038913458585739,0.21681482172898373,0.31501286982058696,0.0,0.5717329363905954,0.0,stable,1.1880009834984018e-06,-13.643238509163556,1.0,3.4211388289180047e-49,0.0
DS3,DS3,87.0,87.62328116,2,0.5255814730213552,0.11912542330471483,0.8775510204081632,0.8877551020408163,0.5281238780344573,0.5281238780344573,0.062118422240018845,0.054203705432246015,0.11912542330471483,0.0,0.5255814730213552,0.0,stable,6.24391306857909e-07,-14.286488570794894,1.0,1.7105694144590234e-49,0.0
DS3,DS3,87.5,88.12328116,2,0.5551572419899826,0.241541128907107,0.6653061224489796,0.7962585034013605,0.5942680159745762,0.5942680159745762,0.1030617505311966,0.22952210964580172,0.241541128907107,0.0,0.5551572419899826,0.0,stable,3.466353558377578e-07,-14.874992457256948,1.0,8.552847072295102e-50,0.0
DS3,DS3,88.0,88.62328116,2,0.5730659864417065,0.3069580012744468,0.5727891156462585,0.758843537414966,0.6341548377862082,0.6341548377862082,0.03915577754378319,0.05738052741145051,0.3069580012744468,0.0,0.5730659864417065,0.0,stable,1.986449321287364e-07,-15.431746866570572,1.0,4.276423536147542e-50,0.0
DS3,DS3,88.5,89.12328116,2,0.5864726733155785,0.3733064907674885,0.6122448979591837,0.6931972789115646,0.6160265587039759,0.6160265587039759,0.10221643000841141,0.23031631514060283,0.3733064907674885,0.0,0.5864726733155785,0.0,stable,1.1649982438613186e-07,-15.96537607135697,1.0,2.1382117680737674e-50,0.0
DS3,DS3,89.0,89.62328116,2,0.545070960073053,0.2051122187137588,0.7891156462585034,0.8149659863945578,0.5524014811639115,0.5524014811639115,0.05874135345220566,0.05757907878515079,0.2051122187137588,0.0,0.545070960073053,0.0,stable,6.350067112649126e-08,-16.572215362182494,1.0,1.0691058840368816e-50,0.0
DS3,DS3,89.5,90.12328116,2,0.5448926614939684,0.20361769080052622,0.7666666666666667,0.8173469387755102,0.5592271991864268,0.5592271991864268,0.041890207678079605,0.014394769696287781,0.20361769080052622,0.0,0.5448926614939684,0.0,transition,3.4601049696767045e-08,-17.17938181728607,1.0,5.345529420184398e-51,0.0
DS3,DS3,90.0,90.62328116,2,0.536002617657775,0.16518422684159756,0.8095238095238095,0.8486394557823129,0.546445745135043,0.546445745135043,0.04524657502770424,0.0035986924240720285,0.16518422684159756,0.0,0.536002617657775,0.0,transition,1.8546253211173904e-08,-17.802998051519452,1.0,2.6727647100921942e-51,0.0
DS3,DS3,90.5,91.12328116,2,0.5659541587993953,0.2936888761333629,0.7353741496598639,0.745578231292517,0.5692620138607557,0.5692620138607557,0.05470467358827591,0.0008996731060180904,0.2936888761333629,0.0,0.5659541587993953,0.0,transition,1.0496329135010496e-08,-18.3722402470989,1.0,1.3363823550460946e-51,0.0
DS3,DS3,91.0,91.62328116,2,0.5042708974586643,0.020354600329796066,0.9673469387755103,0.9799319727891156,0.5069740332814524,0.5069740332814524,0.06033956632018089,0.00022491827650460586,0.020354600329796066,0.0,0.5042708974586643,0.0,transition,5.2929933129332685e-09,-19.056881907450677,1.0,6.681911775230556e-52,0.0
DS3,DS3,91.5,92.12328116,2,0.545393603251481,0.20603791607835403,0.7714285714285715,0.8149659863945579,0.5577542978484556,0.5577542978484556,0.049726344645023346,5.622956912623473e-05,0.20603791607835403,0.0,0.545393603251481,0.0,transition,2.8867646949266675e-09,-19.663129444635246,1.0,3.340955887615271e-52,0.0
DS3,DS3,92.0,92.62328116,2,0.5031533575781078,0.015079106827120305,0.9850340136054422,0.9850340136054422,0.5031533575781078,0.5031533575781078,0.04623425006866455,1.405739228164195e-05,0.015079106827120305,0.0,0.5031533575781078,0.0,transition,1.4524853487902934e-09,-20.34998971414472,1.0,1.6704779438076327e-52,0.0
DS3,DS3,92.5,93.12328116,2,0.5107492960859601,0.050939419714375656,0.9476190476190476,0.9503401360544217,0.5113612323494431,0.5113612323494431,0.07385220378637314,3.514348070493754e-06,0.050939419714375656,0.0,0.5107492960859601,0.0,transition,7.418558694698123e-10,-21.021866137626922,1.0,8.352389719038148e-53,0.0
DS3,DS3,93.0,93.62328116,2,0.5270161268543369,0.12562092105653047,0.8755102040816326,0.8819727891156462,0.5286421453642447,0.5286421453642447,0.06279271095991135,8.785870177067053e-07,0.12562092105653047,0.0,0.5270161268543369,0.0,transition,3.909700070121364e-10,-21.66239026729428,1.0,4.176194859519066e-53,0.0
DS3,DS3,93.5,94.12328116,2,0.557564646898284,0.2558680763922452,0.6965986394557823,0.7785714285714285,0.5826301657388729,0.5826301657388729,0.07379014790058136,2.1964675450994305e-07,0.2558680763922452,0.0,0.557564646898284,0.0,transition,2.1799105390754126e-10,-22.246567091102875,1.0,2.0880974297595292e-53,0.0
DS3,DS3,94.0,94.62328116,2,0.6030274157039401,0.43457623909896603,0.5503401360544218,0.6561224489795918,0.6453408519573341,0.6453408519573341,0.05517695099115372,5.491168871075249e-08,0.43457623909896603,0.0,0.6030274157039401,0.0,transition,1.3145458188444301e-10,-22.752359708879013,1.0,1.0440487148797626e-53,0.0
DS3,DS3,94.5,95.12328116,2,0.5189390059782374,0.08851445490961843,0.8802721088435375,0.9159863945578232,0.5274356696506413,0.5274356696506413,0.062002938240766525,1.3727922260954849e-08,0.08851445490961843,0.0,0.5189390059782374,0.0,transition,6.821691005439767e-11,-23.408328633801464,1.0,5.220243574398878e-54,0.0
DS3,DS3,95.0,95.62328116,2,0.5939672535748097,0.39779055264963137,0.5598639455782313,0.6829931972789116,0.6405119544061676,0.6405119544061676,0.07477696985006332,0.21597118671972076,0.39779055264963137,0.0,0.5939672535748097,0.0,transition,4.051861071237035e-11,-23.929259723602534,1.0,2.610121787199434e-54,0.0
DS3,DS3,95.5,96.12328116,2,0.5679987992092306,0.2837887134968395,0.5755102040816327,0.7802721088435374,0.6328442408403535,0.6328442408403535,0.05809670314192772,0.053992796679930274,0.2837887134968395,0.0,0.5679987992092306,0.0,transition,2.3014522230252586e-11,-24.494895697934012,1.0,1.3050608935997145e-54,0.0
DS3,DS3,96.0,96.62328116,2,0.6110973794546908,0.4630212076185258,0.5217687074829932,0.6404761904761904,0.6606248745568128,0.6606248745568128,0.09978905320167542,0.22946938245772278,0.4630212076185258,0.0,0.6110973794546908,0.0,transition,1.4064114224309083e-11,-24.987394653267494,1.0,6.525304467998561e-55,0.0
DS3,DS3,96.5,97.12328116,2,0.7094479725154789,0.8051344650193086,0.38299319727891157,0.4523809523809524,0.7582710704741449,0.7582710704741449,0.07750817388296127,0.2733385289021709,0.8051344650193086,0.0,0.7094479725154789,0.0,transition,9.977757321662179e-12,-25.330662768126203,1.0,3.262652233999274e-55,0.0
DS3,DS3,97.0,97.62328116,2,0.6394214557500104,0.5134723345185885,0.3653061224489796,0.6727891156462585,0.7746710956147342,0.7746710956147342,0.046125076711177826,0.06833463222554281,0.5134723345185885,0.0,0.6394214557500104,0.0,transition,6.379992111737564e-12,-25.777854254977385,1.0,1.631326116999634e-55,0.0
DS3,DS3,97.5,98.12328116,2,0.6810431529132482,0.7165636291565767,0.43945578231292515,0.491156462585034,0.7128611692610798,0.7128611692610798,0.04017467796802521,0.017083658056385786,0.7165636291565767,0.0,0.6810431529132482,0.0,transition,4.345049943339407e-12,-26.161983862837804,1.0,8.156630584998155e-56,0.0
DS3,DS3,98.0,98.62328116,2,0.5347941098385174,0.16015789983186696,0.8272108843537415,0.8523809523809524,0.5414643416425775,0.5414643416425775,0.045872364193201065,0.00427091451409653,0.16015789983186696,0.0,0.5347941098385174,0.0,transition,2.323707116652099e-12,-26.78785731041773,1.0,4.0783152924990697e-56,0.0
DS3,DS3,98.5,99.12328116,2,0.5235214342457981,0.10731367332858366,0.8129251700680272,0.9027210884353741,0.5454751068557201,0.5454751068557201,0.07666615396738052,0.21703891191626434,0.10731367332858366,0.0,0.5235214342457981,0.0,transition,1.2165104824768733e-12,-27.435034615809418,1.0,2.0391576462495312e-56,0.0
DS3,DS3,99.0,99.62328116,2,0.5234710407099468,0.10957140928648537,0.8877551020408163,0.8962585034013606,0.5255594901805072,0.5255594901805072,0.06208619847893715,0.05425972797906617,0.10957140928648537,0.0,0.5234710407099468,0.0,transition,6.36808008296728e-13,-28.082308184616736,1.0,1.0195788231247637e-56,0.0
DS3,DS3,99.5,100.12328116,2,0.5658860718665353,0.2919624549638863,0.6918367346938775,0.7489795918367347,0.5843495909896185,0.5843495909896185,0.059609174728393555,0.013564931994766626,0.2919624549638863,0.0,0.5658860718665353,0.0,transition,3.6036078234818696e-13,-28.651670692111413,1.0,5.097894115623809e-57,0.0
DS3,DS3,100.0,100.62328116,2,0.5717115066874174,0.31653057521458106,0.6870748299319728,0.7299319727891156,0.5860870256527508,0.5860870256527508,0.07890995591878891,0.21936241628643185,0.31653057521458106,0.0,0.5717115066874174,0.0,transition,2.0602240582733852e-13,-29.210791465883585,1.0,2.5489470578118996e-57,0.0
DS3,DS3,100.5,101.12328116,2,0.5281825380697776,0.1291081389275638,0.8081632653061225,0.8819727891156462,0.5468357241768494,0.5468357241768494,0.06792984902858734,0.05484060407160805,0.1291081389275638,0.0,0.5281825380697776,0.0,transition,1.0881743720912532e-13,-29.849104804864236,1.0,1.2744735289059836e-57,0.0
DS3,DS3,101.0,101.62328116,2,0.5682690995211994,0.2947820852133384,0.6204081632653061,0.7571428571428571,0.6124961567364493,0.6124961567364493,0.07451484352350235,0.22968133430564222,0.2947820852133384,0.0,0.5682690995211994,0.0,transition,6.183758705503423e-14,-30.414265010554587,1.0,6.372367644529907e-58,0.0
DS3,DS3,101.5,102.12328116,2,0.6015339210315559,0.4352499224813892,0.6217687074829932,0.6476190476190475,0.6119146067501501,0.6119146067501501,0.06336676329374313,0.05742033357641064,0.4352499224813892,0.0,0.6015339210315559,0.0,transition,3.7197406208344964e-14,-30.92253736164465,1.0,3.186183822264947e-58,0.0
DS3,DS3,102.0,102.62328116,2,0.5623326886510152,0.2677358259568996,0.6217687074829932,0.7816326530612245,0.6119146067501501,0.6119146067501501,0.050706472247838974,0.014355083394102743,0.2677358259568996,0.0,0.5623326886510152,0.0,transition,2.091731744398253e-14,-31.498198993191174,1.0,1.5930919111324707e-58,0.0
DS3,DS3,102.5,103.12328116,2,0.6175430059063307,0.4808910820165889,0.48435374149659866,0.636734693877551,0.6826845306487499,0.6826845306487499,0.11943782866001129,0.5088561167115989,0.4808910820165889,0.0,0.6175430059063307,0.0,transition,1.2917343089853892e-14,-31.980205560903855,1.0,7.96545955566234e-59,0.0
DS3,DS3,103.0,103.62328116,2,0.5363874134126814,0.16739135129442664,0.8367346938775511,0.8459183673469388,0.5388480247524118,0.5388480247524118,0.08569758385419846,0.34318521246563993,0.16739135129442664,0.0,0.5363874134126814,0.0,transition,6.9287002481308894e-15,-32.60310415368166,1.0,3.982729777831162e-59,0.0
DS3,DS3,103.5,104.12328116,2,0.5221634454778932,0.10282941003186963,0.8523809523809524,0.9037414965986394,0.5346457809325798,0.5346457809325798,0.03615111857652664,0.08579630311641007,0.10282941003186963,0.0,0.5221634454778932,0.0,transition,3.617913994247556e-15,-33.25287877984878,1.0,1.9913648889155773e-59,0.0
DS3,DS3,104.0,104.62328116,2,0.5446125505455159,0.20309364512027323,0.7891156462585034,0.8166666666666667,0.5524014811639115,0.5524014811639115,0.07021323591470718,0.0214490757791026,0.20309364512027323,0.0,0.5446125505455159,0.0,transition,1.9703613680614714e-15,-33.860559433418835,1.0,9.956824444577867e-60,0.0
DS3,DS3,104.5,105.12328116,2,0.5184179726392046,0.08592932233533064,0.8748299319727891,0.9187074829931973,0.528815305352617,0.528815305352617,0.022443892434239388,0.005362268944775733,0.08592932233533064,0.0,0.5184179726392046,0.0,transition,1.0214707457970373e-15,-34.51753289852097,1.0,4.978412222288924e-60,0.0
DS3,DS3,105.0,105.62328116,2,0.6287081849402772,0.5330314929804744,0.5149659863945578,0.5918367346938775,0.66445317899707,0.66445317899707,0.09603475779294968,0.21731175052393414,0.5330314929804744,0.0,0.6287081849402772,0.0,transition,6.422070185596454e-16,-34.981620963365884,1.0,2.489206111144458e-60,0.0
DS3,DS3,105.5,106.12328116,2,0.562172895433603,0.2752129402266526,0.6836734693877551,0.7636054421768708,0.587339252735666,0.587339252735666,0.039510346949100494,0.05432793763098362,0.2752129402266526,0.0,0.562172895433603,0.0,transition,3.6103137909145684e-16,-35.55756679664648,1.0,1.2446030555722265e-60,0.0
DS3,DS3,106.0,106.62328116,2,0.6533865176190103,0.6045691483944664,0.41156462585034015,0.5683673469387756,0.7340981224068126,0.7340981224068126,0.1267799437046051,0.5188493302708191,0.6045691483944664,0.0,0.6533865176190103,0.0,transition,2.358930355357561e-16,-35.98315321086644,1.0,6.223015277861121e-61,0.0
DS3,DS3,106.5,107.12328116,2,0.5476124818026052,0.21464233188644943,0.7435374149659864,0.8095238095238095,0.5665828182409658,0.5665828182409658,0.029646487906575203,0.12971233256770487,0.21464233188644943,0.0,0.5476124818026052,0.0,transition,1.2917797062968554e-16,-36.5853406030443,1.0,3.1115076389305546e-61,0.0
DS3,DS3,107.0,107.62328116,2,0.5416700179521129,0.18410900451926515,0.708843537414966,0.842517006802721,0.5782893280621336,0.5782893280621336,0.05313432961702347,0.0324280831419263,0.18410900451926515,0.0,0.5416700179521129,0.0,transition,6.997183366999921e-17,-37.198438888961334,1.0,1.5557538194652744e-61,0.0
DS3,DS3,107.5,108.12328116,2,0.547338589952298,0.20851169398360767,0.6904761904761905,0.8224489795918367,0.5848441494131469,0.5848441494131469,0.066148541867733,0.008107020785481658,0.20851169398360767,0.0,0.547338589952298,0.0,transition,3.829828477731419e-17,-37.801126562591186,1.0,7.778769097326357e-62,0.0
DS3,DS3,108.0,108.62328116,2,0.6200322270434396,0.4983489687279321,0.5142857142857142,0.6159863945578231,0.6648402505028291,0.6648402505028291,0.06019434332847595,0.002026755196370498,0.4983489687279321,0.0,0.6200322270434396,0.0,transition,2.3746170802422004e-17,-38.27911038578273,1.0,3.889384548663282e-62,0.0
DS3,DS3,108.5,109.12328116,2,0.6966132462694372,0.7017138339633436,0.2965986394557823,0.5625850340136055,0.8521386831550216,0.8521386831550216,0.11527730524539948,0.5057740346621659,0.7017138339633436,0.0,0.6966132462694372,0.0,transition,1.6541897129143688e-17,-38.640635291410206,1.0,1.9446922743316374e-62,0.0
DS3,DS3,109.0,109.62328116,2,0.556391332316574,0.25259248425613495,0.7258503401360544,0.7785714285714286,0.5724451317437137,0.5724451317437137,0.07661186158657074,0.34241469195328167,0.25259248425613495,0.0,0.556391332316574,0.0,transition,9.203768182727938e-18,-39.226918688615775,1.0,9.72346137165817e-63,0.0
DS3,DS3,109.5,110.12328116,2,0.5548250515299247,0.24366074691970865,0.6972789115646258,0.7891156462585034,0.5823859854955856,0.5823859854955856,0.0924871638417244,0.3015748562760606,0.24366074691970865,0.0,0.5548250515299247,0.0,established,5.1064811562515174e-18,-39.816021126013126,1.0,4.861730685829075e-63,0.0
DS3,DS3,110.0,110.62328116,2,0.722859933821113,0.8512641677500561,0.3904761904761905,0.4285714285714286,0.7516783766526649,0.7516783766526649,0.06146346405148506,0.07539371406901524,0.8512641677500561,0.0,0.722859933821113,0.0,established,3.691270630666723e-18,-40.14056093075917,1.0,2.4308653429145333e-63,0.0
DS3,DS3,110.5,111.12328116,2,0.601281442631187,0.4333592858182657,0.6034013605442177,0.6499999999999999,0.6199327195235012,0.6199327195235012,0.06104760617017746,0.018848428517253893,0.4333592858182657,0.0,0.601281442631187,0.0,established,2.2194925299494215e-18,-40.64925309425221,1.0,1.2154326714572642e-63,0.0
DS3,DS3,111.0,111.62328116,2,0.542724699702984,0.18742169910459805,0.6959183673469388,0.8418367346938775,0.5828747071645082,0.5828747071645082,0.030715620145201683,0.0047121071293135565,0.18742169910459805,0.0,0.542724699702984,0.0,established,1.2045734168098127e-18,-41.260406180573085,1.0,6.07716335728631e-64,0.0
DS3,DS3,111.5,112.12328116,2,0.6126371644754087,0.4728910843106867,0.5421768707482993,0.6292517006802721,0.6495822959498164,0.6495822959498164,0.05855401232838631,0.0011780267823284724,0.4728910843106867,0.0,0.6126371644754087,0.0,established,7.379664424768185e-19,-41.75038860020694,1.0,3.03858167864315e-64,0.0
DS3,DS3,112.0,112.62328116,2,0.5198786566263954,0.09275097625095095,0.8734693877551021,0.9122448979591837,0.5291622340355123,0.5291622340355123,0.08539903163909912,0.21626568998332232,0.09275097625095095,0.0,0.5198786566263954,0.0,established,3.8365300275020875e-19,-42.404548447486114,1.0,1.519290839321572e-64,0.0
DS3,DS3,112.5,113.12328116,2,0.5736564400715081,0.3227237723341627,0.654421768707483,0.7278911564625851,0.5985123061430316,0.5985123061430316,0.04810315743088722,0.054066422495830664,0.3227237723341627,0.0,0.5736564400715081,0.0,established,2.2008501578042987e-19,-42.96027304580392,1.0,7.596454196607846e-65,0.0
DS3,DS3,113.0,113.62328116,2,0.5509316982153044,0.23036880377503877,0.7721088435374149,0.7945578231292516,0.5575450036839452,0.5575450036839452,0.06622640043497086,0.01351660562395775,0.23036880377503877,0.0,0.5509316982153044,0.0,established,1.2125181149565424e-19,-43.556417482998626,1.0,3.7982270983039157e-65,0.0
DS3,DS3,113.5,114.12328116,2,0.5231669938425149,0.10624370075100278,0.8231292517006803,0.9027210884353742,0.5425995610978783,0.5425995610978783,0.054826490581035614,0.0033791514059895206,0.10624370075100278,0.0,0.5231669938425149,0.0,established,6.343494571814077e-20,-44.204272048991115,1.0,1.8991135491519543e-65,0.0
DS3,DS3,114.0,114.62328116,2,0.5604570689380964,0.2646390527446318,0.6564625850340136,0.7768707482993197,0.5977083841576456,0.5977083841576456,0.04986449331045151,0.0008447878514974634,0.2646390527446318,0.0,0.5604570689380964,0.0,established,3.5552563745436424e-20,-44.78327468261737,1.0,9.495567745759753e-66,0.0
DS3,DS3,114.5,115.12328116,2,0.510072004567681,0.04775297536814953,0.9455782312925171,0.9534013605442178,0.5118229098530962,0.5118229098530962,0.057118937373161316,0.00021119696287444912,0.04775297536814953,0.0,0.510072004567681,0.0,established,1.8134367457155014e-20,-45.45647806042003,1.0,4.747783872879868e-66,0.0
DS3,DS3,115.0,115.62328116,2,0.5872053399501869,0.3591564396308046,0.5258503401360545,0.726530612244898,0.6583642118949846,0.6583642118949846,0.06310570240020752,5.279924071869555e-05,0.3591564396308046,0.0,0.5872053399501869,0.0,established,1.064859740746035e-20,-45.98885876822259,1.0,2.3738919364399294e-66,0.0
DS3,DS3,115.5,116.12328116,2,0.7147422734563605,0.802292993943313,0.32789115646258504,0.4704081632653061,0.813754912456653,0.813754912456653,0.08157683908939362,0.21598438309791987,0.802292993943313,0.0,0.7147422734563605,0.0,established,7.611002720129729e-21,-46.324692026195244,1.0,1.1869459682199962e-66,0.0
DS3,DS3,116.0,116.62328116,2,0.6217176863975757,0.4994221123197819,0.48775510204081635,0.6214285714285714,0.6805729067793628,0.6805729067793628,0.04333321377635002,0.05399609577448005,0.4994221123197819,0.0,0.6217176863975757,0.0,established,4.731895002324703e-21,-46.799961195862835,1.0,5.93472984109997e-67,0.0
DS3,DS3,116.5,117.12328116,2,0.6001873164514486,0.42421506420742894,0.5598639455782313,0.6622448979591837,0.6405119544061676,0.6405119544061676,0.06457441300153732,0.013499023943620096,0.42421506420742894,0.0,0.6001873164514486,0.0,established,2.8400233631752776e-21,-47.310474674265514,1.0,2.96736492054998e-67,0.0
DS3,DS3,117.0,117.62328116,2,0.7133098356772449,0.8228703854418629,0.4163265306122449,0.43979591836734694,0.7303184991469915,0.7303184991469915,0.05871212109923363,0.0033747559859051072,0.8228703854418629,0.0,0.7133098356772449,0.0,established,2.025816598506098e-21,-47.64831407508179,1.0,1.483682460274987e-67,0.0
DS3,DS3,117.5,118.12328116,2,0.776707118446106,1.0023907855079088,0.3013605442176871,0.37414965986394555,0.8459028478065167,0.8459028478065167,0.09653891623020172,0.21681487228421648,1.0023907855079088,0.0,0.776707118446106,0.0,established,1.5734661727259584e-21,-47.901006013692424,1.0,7.418412301374922e-68,0.0
DS3,DS3,118.0,118.62328116,2,0.7099710927860303,0.7332700456183718,0.2761904761904762,0.55578231292517,0.8807231548998351,0.8807231548998351,0.03946961835026741,0.0542037180710542,0.7332700456183718,0.0,0.7099710927860303,0.0,established,1.117115498112101e-21,-48.243537037853926,1.0,3.7092061506874535e-68,0.0
DS3,DS3,118.5,119.12328116,2,0.668149734177649,0.6744168612646826,0.46870748299319726,0.5112244897959184,0.6926977283308119,0.6926977283308119,0.07147228717803955,0.013550929517763634,0.6744168612646826,0.0,0.668149734177649,0.0,established,7.464004231093311e-22,-48.64678001545739,1.0,1.8546030753437235e-68,0.0
DS3,DS3,119.0,119.62328116,2,0.5413185636176883,0.18844435731348474,0.7884353741496599,0.8292517006802722,0.5526040019881385,0.5526040019881385,0.06306147575378418,0.0033877323794409917,0.18844435731348474,0.0,0.5413185636176883,0.0,established,4.040404049211779e-22,-49.2605273467157,1.0,9.2730153767186e-69,0.0
DS3,DS3,119.5,120.12328116,2,0.9493913021547498,1.433873747558114,0.19115646258503402,0.24421768707482994,1.0475441940017391,1.0475441940017391,0.1646735817193985,2.4156326007491407,1.433873747558114,0.06347653418779373,0.9493913021547498,0.0,established,3.8359244615125052e-22,-49.312461581035315,1.0,4.636507688359291e-69,0.0
DS3,DS3,120.0,120.62328116,2,2.309315282263511,3.207076676708872,0.04013605442176871,0.04047619047619047,2.3197876221309377,2.3197876221309377,0.29352617263793945,3.018693817841566,3.207076676708872,0.25591828227043156,2.309315282263511,0.8369510659896695,established,8.858358980579228e-22,-48.47551051504565,1.0,2.3182538441796415e-69,0.8369510659896695
DS3,DS3,120.5,121.12328116,2,3.4356835337958014,3.9122312953707543,0.0163265306122449,0.020408163265306124,3.828277058678124,3.828277058678124,0.3284358084201813,3.169459122114672,3.9122312953707543,0.47427435666322715,3.4356835337958014,2.0711669627837246,established,3.043451808602822e-21,-47.241294618251594,1.0,1.1591269220898185e-69,2.0711669627837246
DS3,DS3,121.0,121.62328116,2,3.114144022571949,3.7348206077260495,0.01904761904761905,0.02448979591836735,3.505877712642722,3.505877712642722,0.29255419969558716,3.2071504481829485,3.7348206077260495,0.6628738403320313,3.114144022571949,3.207121285149137,established,9.477747257746284e-21,-46.10534029588618,1.0,5.795634610449082e-70,3.207121285149137
DS3,DS3,121.5,122.12328116,2,2.977892615697388,3.616797129650991,0.017687074829931974,0.029251700680272108,3.6569422889986907,3.6569422889986907,0.2694782018661499,3.2165732797000177,3.616797129650991,0.8287378996610643,2.977892615697388,4.298337159559122,established,2.8223713572288744e-20,-45.0141244214762,1.0,2.8978173052245354e-70,4.298337159559122
DS3,DS3,122.0,122.62328116,2,3.1507680365871327,3.7530044298114866,0.018367346938775512,0.02414965986394558,3.5791257406730885,3.5791257406730885,0.2640749216079712,3.218928987579285,3.7530044298114866,0.9989346131682396,3.1507680365871327,5.445983403815893,established,8.89263745973577e-20,-43.86647817721943,1.0,1.448908652612265e-70,5.445983403815893
DS3,DS3,122.5,123.12328116,2,2.89004420198593,3.6167971296509904,0.026530612244897958,0.02687074829931973,2.9103560737725824,2.9103560737725824,0.2645756006240845,3.219517914549102,3.6167971296509904,1.1677351176738737,2.89004420198593,6.507255200628089,established,2.5700115330872337e-19,-42.80520638040723,1.0,7.244543263061312e-71,6.507255200628089
DS3,DS3,123.0,123.62328116,2,3.0333740450417,3.6954240196834274,0.02108843537414966,0.025170068027210883,3.3095961728718892,3.3095961728718892,0.25794291496276855,3.2196651462915558,3.6954240196834274,1.3290223971009252,3.0333740450417,7.616930746835036,established,7.795806279924621e-19,-41.695530834200284,1.0,3.622271631530752e-71,7.616930746835036
DS3,DS3,123.5,124.12328116,2,3.3227001523273154,3.8331757548490764,0.015646258503401362,0.022789115646258504,3.9229899721534545,3.9229899721534545,0.2665049731731415,3.2197019542271694,3.8331757548490764,1.5002483934164044,3.3227001523273154,8.817708498108868,established,2.5903126713819792e-18,-40.49475308292645,1.0,1.8111358157653726e-71,8.817708498108868
DS3,DS3,124.0,124.62328116,2,3.3683571429275654,3.8781208110165695,0.017006802721088437,0.02108843537414966,3.7398081879939618,3.7398081879939618,0.2576773464679718,3.2197111562110727,3.8781208110165695,1.6581756547093387,3.3683571429275654,10.032133628928726,established,8.725098189065297e-18,-39.28032795210659,1.0,9.055679078826847e-72,10.032133628928726
DS3,DS3,124.5,125.12328116,2,2.9564111695563775,3.6568184834877586,0.024489795918367346,0.02585034013605442,3.0430900089134783,3.0430900089134783,0.23922546207904816,3.2197134567070487,3.6568184834877586,1.7977902904152865,2.9564111695563775,11.116109718943939,established,2.5794977741628773e-17,-38.196351862091376,1.0,4.527839539413414e-72,11.116109718943939
DS3,DS3,125.0,125.62328116,2,2.8697323301992768,3.6041382256588457,0.027210884353741496,0.027210884353741496,2.8697323301992768,2.8697323301992768,0.23033227026462555,3.2197140318310424,3.6041382256588457,1.9318154707550996,2.8697323301992768,12.170328479627115,established,7.402468158192295e-17,-37.1421331014082,1.0,2.263919769706703e-72,12.170328479627115
DS3,DS3,125.5,126.12328116,2,2.8134421237053937,3.5679778948690326,0.027210884353741496,0.028231292517006804,2.8697323301992768,2.8697323301992768,0.23982654511928558,3.219714175612041,3.5679778948690326,2.076898512244224,2.8134421237053937,13.204737168382751,established,2.0826415735646015e-16,-36.107724412652566,1.0,1.1319598848533494e-72,13.204737168382751
DS3,DS3,126.0,126.62328116,2,3.3295003080937136,3.8472047312466557,0.0163265306122449,0.022108843537414966,3.828277058678124,3.828277058678124,0.2579331696033478,3.2197142115572905,3.8472047312466557,2.233472874760627,3.3295003080937136,14.407559403485816,established,6.934155760832111e-16,-34.9049021775495,1.0,5.659799424266737e-73,14.407559403485816
DS3,DS3,126.5,127.12328116,2,3.0630088729615346,3.6709039219711066,0.017006802721088437,0.02755102040816327,3.7398081879939618,3.7398081879939618,0.24310047924518585,3.219714220543603,3.6709039219711066,2.361215703189372,3.0630088729615346,15.52695712815287,established,2.123938062192606e-15,-33.78550445288245,1.0,2.8298997121333633e-73,15.52695712815287
DS3,DS3,127.0,127.62328116,2,2.938984341534587,3.597926965659567,0.018367346938775512,0.02959183673469388,3.5791257406730885,3.5791257406730885,0.243521049618721,3.219714222790181,3.597926965659567,2.4819673016667356,2.938984341534587,16.60502118775463,established,6.242220707173371e-15,-32.70744039328069,1.0,1.4149498560666788e-73,16.60502118775463
DS3,DS3,127.5,128.12328116,2,2.3356647817109466,3.171639506915543,0.027210884353741496,0.04591836734693878,2.8697323301992768,2.8697323301992768,0.23328697681427002,3.2197142233518257,3.171639506915543,2.5962254658341397,2.3356647817109466,17.453317741443456,established,1.4579735065411627e-14,-31.859143839591866,1.0,7.074749280333382e-74,17.453317741443456
DS3,DS3,128.0,128.62328116,2,2.2748228137821505,3.093137632510711,0.026530612244897958,0.05204081632653061,2.9103560737725824,2.9103560737725824,0.24867168068885803,3.219714223492237,3.093137632510711,2.7136186853051174,2.2748228137821505,18.275219906761446,established,3.3166313945697914e-14,-31.037241674273876,1.0,3.537374640166684e-74,18.275219906761446
DS3,DS3,128.5,129.12328116,2,2.7658742481093093,3.4615487545420143,0.01904761904761905,0.03537414965986395,3.505877712642722,3.505877712642722,0.25382691621780396,3.2197142235273395,3.4615487545420143,2.846213600039481,2.7658742481093093,19.29257667552486,established,9.173385364711441e-14,-30.019884905510462,1.0,1.7686873200833387e-74,19.29257667552486
DS3,DS3,129.0,129.62328116,2,2.934215211621554,3.545246707830654,0.0163265306122449,0.0336734693877551,3.828277058678124,3.828277058678124,0.25792479515075684,3.2197142235361156,3.545246707830654,2.9685275033116327,2.934215211621554,20.369016703483194,established,2.6916686879202855e-13,-28.94344487755213,1.0,8.843436600416677e-75,20.369016703483194
DS3,DS3,129.5,130.12328116,2,2.648974163580222,3.322903797199931,0.018367346938775512,0.0445578231292517,3.5791257406730885,3.5791257406730885,0.2311754673719406,3.2197142235383094,3.322903797199931,3.0768102571368203,2.648974163580222,21.343189160452713,established,7.130160811218709e-13,-27.96927242058261,1.0,4.4217183002083306e-75,21.343189160452713
DS3,DS3,130.0,130.62328116,2,2.3653483777168076,3.1472444248308276,0.023809523809523808,0.05068027210884354,3.0914072016418968,3.0914072016418968,0.21552473306655884,3.219714223538858,3.1472444248308276,3.1788912817835793,2.3653483777168076,22.20411447713671,established,1.6865314307676143e-12,-27.108347103898613,1.0,2.2108591501041611e-75,22.20411447713671
DS3,DS3,130.5,131.12328116,2,2.1086658312315048,3.032225909914017,0.04217687074829932,0.04863945578231292,2.2585945146589737,2.2585945146589737,0.1868201047182083,3.219714223538995,3.032225909914017,3.270815928280352,2.1086658312315048,22.950169917160785,established,3.5563312013576497e-12,-26.362291663874537,1.0,1.10542957505211e-75,22.950169917160785
DS3,DS3,131.0,131.62328116,2,2.013145140248374,2.928480904546914,0.04081632653061224,0.0554421768707483,2.2988429423960848,2.2988429423960848,0.20196324586868286,3.2197142235390293,2.928480904546914,3.3654211893677695,2.013145140248374,23.64986816268392,established,7.1594108751268036e-12,-25.662593418351403,1.0,5.527147875260539e-76,23.64986816268392
DS3,DS3,131.5,132.12328116,2,2.040153364564984,2.9755295662364714,0.05102040816326531,0.05102040816326531,2.040153364564984,2.040153364564984,0.21237121522426605,3.2197142235390377,2.9755295662364714,3.471243664622305,2.040153364564984,24.362893146422593,established,1.4606296185193092e-11,-24.94956843461273,1.0,2.7635739376302646e-76,24.362893146422593
DS3,DS3,132.0,132.62328116,2,1.8485192284477248,2.7860374508071883,0.05646258503401361,0.06190476190476191,1.9337113571157605,1.9337113571157605,0.1812370866537094,3.21971422353904,2.7860374508071883,3.558566340804098,1.8485192284477248,24.977278047952776,established,2.7000019354732113e-11,-24.335183533082546,1.0,1.3817869688151295e-76,24.977278047952776
DS3,DS3,132.5,133.13209532000002,3,10.292039395539732,4.084168487567365,0.0006802721088435374,0.07755102040816327,27.721756005376513,27.721756005376513,0.4240492284297943,4.427107057366181,4.084168487567365,3.7188114628195743,10.292039395539732,27.308648770147666,established,2.7788526287923837e-10,-22.003812810887656,1.0,6.908934844075635e-77,27.308648770147666
DS3,DS3,133.0,133.63209532000002,3,10.223145463863181,3.9955252931007563,0.0006802721088435374,0.0891156462585034,27.721756005376513,27.721756005376513,0.5251338481903076,4.728955265822966,3.9955252931007563,3.9153754731019315,10.223145463863181,29.633303082899193,established,2.840861464678315e-09,-19.67915849813613,1.0,3.4544674220378116e-77,29.633303082899193
DS3,DS3,133.5,134.13209532000002,3,10.513747993278725,4.331296314740508,0.0006802721088435374,0.05714285714285714,27.721756005376513,27.721756005376513,1.1495333909988403,4.804417317937162,4.331296314740508,4.332020961741605,10.513747993278725,31.985986816327316,established,2.986810152344445e-08,-17.326474764708006,1.0,1.7272337110189023e-77,31.985986816327316
DS3,DS3,134.0,134.63209532000002,3,10.449725294534574,4.2650989398172054,0.0006802721088435374,0.06054421768707483,27.721756005376513,27.721756005376513,0.4464971423149109,4.823282830965711,4.2650989398172054,4.5073029796282436,10.449725294534574,34.332562506788264,established,3.121134559892638e-07,-14.97989907424706,1.0,8.636168555094496e-78,34.332562506788264
DS3,DS3,134.5,135.13209532000002,3,10.524439806254934,4.333518545193239,0.0006802721088435374,0.04693877551020408,27.721756005376513,27.721756005376513,0.9380956888198853,4.827999209222849,4.333518545193239,4.850467931727567,10.524439806254934,36.686262659881294,established,3.2848192802812056e-06,-12.626198921154032,1.0,4.31808427754724e-78,36.686262659881294
DS3,DS3,135.0,135.63209532000002,3,10.576031950288348,4.36140937043461,0.0006802721088435374,0.03741496598639456,27.721756005376513,27.721756005376513,0.5043395757675171,4.829178303787133,4.36140937043461,5.053258064389228,10.576031950288348,39.04485296400425,established,3.474035365917719e-05,-10.267608617031078,1.0,2.159042138773616e-78,39.04485296400425
DS3,DS3,135.5,136.13209532000002,3,10.56739083215041,4.368246693677656,0.0006802721088435374,0.04149659863945578,27.721756005376513,27.721756005376513,0.8294604420661926,4.829473077428204,4.368246693677656,5.366482336819171,10.56739083215041,41.40262588688218,established,0.0003671148947636537,-7.909835694153148,1.0,1.079521069386806e-78,41.40262588688218
DS3,DS3,136.0,136.63209532000002,3,10.514685552596893,4.328951315759551,0.0006802721088435374,0.05102040816326531,27.721756005376513,27.721756005376513,0.9777746200561523,4.829546770838472,4.328951315759551,5.728974169492721,10.514685552596893,43.75539879093889,established,0.0038600976801145192,-5.557062790096432,1.0,5.3976053469340195e-79,43.75539879093889
DS3,DS3,136.5,137.13209532000002,3,10.727446895096465,4.525843794792539,0.0006802721088435374,0.04217687074829932,27.721756005376513,27.721756005376513,0.5877090096473694,4.829565194191039,4.525843794792539,5.969008731345336,10.727446895096465,46.12820437845795,established,0.041408992873313615,-3.18425720257737,1.0,2.6988026734670047e-79,46.12820437845795
DS3,DS3,137.0,137.63209532000002,3,10.970425319235575,4.704212047099563,0.0006802721088435374,0.027210884353741496,27.721756005376513,27.721756005376513,0.5480576753616333,4.82956980002918,4.704212047099563,6.203237497806549,10.970425319235575,48.523407423117995,established,0.45427426386144526,-0.7890541579173289,1.0,1.3494013367335e-79,48.523407423117995
DS3,DS3,137.5,138.13209532000002,3,10.644640155996512,4.449779522449479,0.0006802721088435374,0.04149659863945578,27.721756005376513,27.721756005376513,1.0953967571258545,4.829570951488716,4.449779522449479,6.606273641685646,10.644640155996512,50.88846391685229,established,4.835586070935294,1.5760023358169615,1.0,6.747006683667487e-80,50.88846391685229
DS3,DS3,138.0,138.63209532000002,3,10.692499682081412,4.488333535607207,0.0006802721088435374,0.03741496598639456,27.721756005376513,27.721756005376513,1.2584105730056763,4.8295712393536,4.488333535607207,7.074413177371026,10.692499682081412,53.258006448238355,established,51.704502526152915,3.945544867203029,1.0,3.373503341833833e-80,53.258006448238355
DS3,DS3,138.5,139.13209532000002,3,10.780128856634512,4.569057011063509,0.0006802721088435374,0.04013605442176871,27.721756005376513,27.721756005376513,0.6194034814834595,4.829571311319821,4.569057011063509,7.327620499829453,10.780128856634512,55.63571096695338,established,557.3811997001123,6.323249385918052,1.0,1.6867516709169133e-80,55.63571096695338
DS3,DS3,139.0,139.63209532000002,3,10.497928795356389,4.30291602877553,0.0006802721088435374,0.04693877551020408,27.721756005376513,27.721756005376513,0.7006670236587524,4.829571329311376,4.30291602877553,7.584550132354103,10.497928795356389,57.98688894707392,established,5851.34814632208,8.674427366038584,1.0,8.433758354584552e-81,57.98688894707392
DS3,DS3,139.5,140.13209532000002,3,10.326140292039845,4.102190894657458,0.0006802721088435374,0.05714285714285714,27.721756005376513,27.721756005376513,0.8977799415588379,4.829571333809264,4.102190894657458,7.903334355851017,10.326140292039845,60.32156751972999,established,60421.841856489045,11.009105938694649,1.0,4.216879177292267e-81,60.32156751972999
DS3,DS3,140.0,140.63209532000002,3,10.284168220879069,4.063394329458998,0.0006802721088435374,0.0673469387755102,27.721756005376513,27.721756005376513,0.4714043438434601,4.829571334933737,4.063394329458998,8.090941258271538,10.284168220879069,62.65217316653379,established,621388.3858674847,13.339711585498451,1.0,2.10843958864613e-81,62.65217316653379
DS3,DS3,140.5,141.13209532000002,4,14.901539060862655,5.0993621245985326,0.0006802721088435374,0.015306122448979591,27.721756005376513,27.721756005376513,0.8699677586555481,6.036964169041996,5.0993621245985326,8.49861137022575,14.901539060862655,65.35363766682623,established,9259643.303970767,16.041176085790894,1.0,1.054219794323063e-81,65.35363766682623
DS3,DS3,141.0,141.63209532000002,4,15.019926915601479,5.206238589513102,0.0006802721088435374,0.01292517006802721,27.721756005376513,27.721756005376513,0.6556921005249023,6.3388123775690595,5.206238589513102,8.828935902317369,15.019926915601479,68.06301544734488,established,139079165.6901792,18.75055386630955,1.0,5.271098971615305e-82,68.06301544734488
DS3,DS3,141.5,142.12328116,3,10.558295704527453,4.355403201933718,0.0006802721088435374,0.04081632653061224,27.721756005376513,27.721756005376513,0.781531572341919,5.206881595873686,4.355403201933718,9.122687168419365,10.558295704527453,70.41992732098124,established,1468438957.6958787,21.107465739945916,1.0,2.635549485807648e-82,70.41992732098124
DS3,DS3,142.0,142.62328116,3,10.555778334624758,4.352440219461302,0.0006802721088435374,0.04081632653061224,27.721756005376513,27.721756005376513,2.197596311569214,4.923898900449842,4.352440219461302,9.888018438220028,10.555778334624758,72.77660074040836,established,15500516135.365137,23.464139159373026,1.0,1.3177747429038213e-82,72.77660074040836
DS3,DS3,142.5,143.12328116,3,10.775898320559087,4.521733590640046,0.0006802721088435374,0.027210884353741496,27.721756005376513,27.721756005376513,3.4511592388153076,4.853153226593881,4.521733590640046,11.090494186182822,10.775898320559087,75.15391274374056,established,167031985790.8803,25.841451162705233,1.0,6.588873714519095e-83,75.15391274374056
DS3,DS3,143.0,143.62328116,3,10.62708330093087,4.358142602235179,0.0006802721088435374,0.029251700680272108,27.721756005376513,27.721756005376513,2.378638744354248,4.835466808129891,4.358142602235179,11.916395090023682,10.627083300930869,77.51731851471251,established,1775062826919.5867,28.204856933677178,1.0,3.2944368572595414e-83,77.51731851471251
DS3,DS3,143.5,144.12328116,3,10.721465668922377,4.520754637415609,0.0006802721088435374,0.04217687074829932,27.721756005376513,27.721756005376513,0.7617809772491455,4.831045203513893,4.520754637415609,12.214832349121577,10.721465668922377,79.88956638385669,established,19031275158998.637,30.577104802821353,1.0,1.6472184286297674e-83,79.88956638385669
DS3,DS3,144.0,144.62328116,3,10.924526117651018,4.671416345329962,0.0006802721088435374,0.02857142857142857,27.721756005376513,27.721756005376513,0.33734169602394104,4.829939802359894,4.671416345329962,12.378444482882825,10.924526117651018,82.28057674793887,established,207907662526683.1,32.96811516690352,1.0,8.2360921431488225e-84,82.28057674793887
DS3,DS3,144.5,145.12328116,3,11.005632363183375,4.7352766393988786,0.0006802721088435374,0.029251700680272108,27.721756005376513,27.721756005376513,0.5256682634353638,4.829663452071394,4.7352766393988786,12.606172637641437,11.005632363183375,84.67898392270973,established,2288155299257471.0,35.36652234167439,1.0,4.1180460715744035e-84,84.67898392270973
DS3,DS3,145.0,145.62328116,3,11.229507457429841,4.868884882249433,0.0006802721088435374,0.02040816326530612,27.721756005376513,27.721756005376513,0.908530592918396,4.829594364499269,4.868884882249433,12.971638126174616,11.229507457429841,87.09752883096392,established,2.5694856996769404e+16,37.78506724992859,1.0,2.0590230357871979e-84,87.09752883096392
DS3,DS3,145.5,146.12328116,3,11.341097359516928,4.933008846465252,0.0006802721088435374,0.018367346938775512,27.721756005376513,27.721756005376513,0.6382896304130554,4.829577092606238,4.933008846465252,13.246161366005746,11.341097359516928,89.52596189349856,established,2.9140787483922566e+17,40.21350031246322,1.0,1.0295115178936264e-84,89.52596189349856
DS3,DS3,146.0,146.62328116,3,4.662195598634924,4.3136821542823816,0.005442176870748299,0.01904761904761905,7.338686469786171,7.338686469786171,0.4092463254928589,4.829572774632981,4.3136821542823816,13.444239676992106,4.662195598634924,91.06544838918114,established,1.3586005114829975e+18,41.752986808145806,1.0,5.147557589468122e-85,91.06544838918114
DS3,DS3,146.5,147.12328116,3,3.8296539081450494,4.032954567708903,0.008843537414965987,0.02312925170068027,5.477206780759991,5.477206780759991,0.32218968868255615,4.829571695139666,4.032954567708903,13.614841488500444,3.8296539081450494,92.40822282488207,established,5.20296975840872e+18,43.09576124384674,1.0,2.573778794734056e-85,92.40822282488207
DS3,DS3,147.0,147.62328116,3,3.189297483750033,3.760015374025739,0.018367346938775512,0.018367346938775512,3.5791257406730885,3.5791257406730885,0.25440889596939087,4.829571425266337,3.760015374025739,13.754505429665256,3.189297483750033,93.56802349289607,established,1.6593818358520447e+19,44.25556191186074,1.0,1.2868893973670255e-85,93.56802349289607
DS3,DS3,147.5,148.12328116,3,6.27398554276234,4.363842471261813,0.0020408163265306124,0.02857142857142857,13.544467780931475,13.544467780931475,0.312642365694046,4.829571357798005,4.363842471261813,13.901967898507921,6.27398554276234,95.40443529835242,established,1.0410937648058193e+20,46.091973717317096,1.0,6.434446986835116e-86,95.40443529835242
DS3,DS3,148.0,148.62328116,3,11.099690672718367,4.742169115541475,0.0006802721088435374,0.018367346938775512,27.721756005376513,27.721756005376513,0.6858660578727722,4.829571340930922,4.742169115541475,14.176558238267907,11.099690672718367,97.81135253895974,established,1.1555818750640436e+21,48.49889095792442,1.0,3.2172234934175524e-86,97.81135253895974
DS3,DS3,148.5,149.12328116,3,11.128593449086175,4.768850018099321,0.0006802721088435374,0.018367346938775512,27.721756005376513,27.721756005376513,0.28246742486953735,4.829571336714151,4.768850018099321,14.318483634293088,11.128593449086177,100.22087032151606,established,1.2860000884720421e+22,50.90840874048073,1.0,1.608611746708773e-86,100.22087032151606
DS3,DS3,149.0,149.62328116,3,10.912156862733887,4.637835822062785,0.0006802721088435374,0.024489795918367346,27.721756005376513,27.721756005376513,1.7299189567565918,4.829571335659958,4.637835822062785,14.945832595229158,10.912156862733887,102.61074779776439,established,1.403303469089658e+23,53.29828621672905,1.0,8.04305873354385e-87,102.61074779776439
DS3,DS3,149.5,150.12328116,2,2.7281790135480426,3.4540859294336768,0.02040816326530612,0.03469387755102041,3.3714594258871595,3.3714594258871595,0.23506087064743042,3.62217850156927,3.4540859294336768,15.07336156219245,2.7281790135480426,103.61438215639473,established,3.828463074009579e+23,54.30192057535939,1.0,4.021529366771917e-87,103.61438215639473
DS3,DS3,150.0,150.62328116,2,3.1681388289422996,3.7644991889238364,0.018367346938775512,0.023809523809523808,3.5791257406730885,3.5791257406730885,0.24215945601463318,3.320330293046598,3.7644991889238364,15.220030258595953,3.1681388289422996,104.76752645165388,established,1.212910251994156e+24,55.45506487061854,1.0,2.010764683385955e-87,104.76752645165388
DS3,DS3,150.5,151.12328116,2,3.7510578564132713,4.0773521388060425,0.015646258503401362,0.017006802721088437,3.9229899721534545,3.9229899721534545,0.27494022250175476,3.24486824091593,4.0773521388060425,15.398817878961573,3.7510578564132713,106.08956434689841,established,4.549696529866887e+24,56.77710276586308,1.0,1.0053823416929757e-87,106.08956434689841
DS3,DS3,151.0,151.73541328,3,3.2546407910710298,3.4496650585359383,0.011564625850340135,0.014965986394557823,4.675215311198402,4.675215311198402,0.27778005599975586,4.4333955617104035,3.4496650585359383,15.539833554128816,3.2546407910710298,107.2696462604235,established,1.4807627913099035e+25,57.95718467938816,1.0,5.026911708464869e-88,107.2696462604235
DS3,DS3,151.5,152.23541328,3,3.2790161158613302,3.4955790335895607,0.011564625850340135,0.014965986394557823,4.675215311198402,4.675215311198402,0.2618718445301056,4.730527391909021,3.4955790335895607,15.677347819010427,3.27901611586133,108.45718967314473,established,4.855445056472979e+25,59.14472809210939,1.0,2.5134558542324299e-88,108.45718967314473
DS3,DS3,152.0,152.73541328,3,3.100446769537843,3.4454193802486137,0.012244897959183673,0.018367346938775512,4.521573308498751,4.521573308498751,0.25652042031288147,4.804810349458676,3.4454193802486137,15.809387114147356,3.1004467695378435,109.58873589345741,established,1.5054048940010094e+26,60.27627431242207,1.0,1.2567279271162126e-88,109.58873589345741
DS3,DS3,152.5,153.23541328,3,3.207494452493949,3.455509218123152,0.011564625850340135,0.0163265306122449,4.675215311198402,4.675215311198402,0.28990456461906433,4.82338108884609,3.455509218123152,15.952099698781977,3.207494452493949,110.75422598142154,established,4.8285778462654715e+26,61.4417644003862,1.0,6.283639635581051e-89,110.75422598142154
DS3,DS3,153.0,153.73541328,3,3.767201932359368,3.5975373498934524,0.006802721088435374,0.0163265306122449,6.409315536106599,6.409315536106599,0.3078807294368744,4.828023773692943,3.5975373498934524,16.101237410803645,3.767201932359368,112.08055851431175,established,1.8190227792998867e+27,62.768096933276404,1.0,3.141819817790609e-89,112.08055851431175
DS3,DS3,153.5,154.23541328,3,3.9397457839316457,3.5591489388553508,0.005442176870748299,0.01904761904761905,7.338686469786171,7.338686469786171,0.29967808723449707,4.829184444904657,3.5591489388553508,16.248164585232743,3.9397457839316457,113.45167471369521,established,7.166487325622245e+27,64.13921313265985,1.0,1.5709099088953014e-89,113.45167471369521
DS3,DS3,154.0,154.73541328,3,6.225046418802196,4.054648452720046,0.0020408163265306124,0.014965986394557823,13.544467780931475,13.544467780931475,0.32434356212615967,4.829474612707585,4.054648452720046,16.415618362526107,6.225046418802196,115.28025561285388,established,4.461171626175558e+28,65.9677940318185,1.0,7.854549544476493e-90,115.28025561285388
DS3,DS3,154.5,155.23541328,3,6.451306857618962,4.065570345144585,0.0020408163265306124,0.010884353741496598,13.544467780931475,13.544467780931475,0.3218010663986206,3.917250661414947,4.065570345144585,16.55882642318806,6.451306857618962,117.14453833672253,established,2.878038710496148e+29,67.83207675568715,1.0,3.92727477223824e-90,117.14453833672253
DS3,DS3,155.0,155.73541328,3,6.0929940414917425,4.078025727311406,0.0027210884353741495,0.007482993197278911,11.284227410410685,11.284227410410685,0.31461432576179504,3.6891946735917873,4.078025727311406,16.700568274160233,6.092994041491742,118.95167793006156,established,1.753587271423552e+30,69.63921634902619,1.0,1.963637386119116e-90,118.95167793006156
DS3,DS3,155.5,156.23541328,3,7.78956929950724,4.462187486847493,0.0020408163265306124,0.004081632653061225,13.544467780931475,13.544467780931475,0.330130398273468,3.6321806766359974,4.462187486847493,16.860832365353907,7.789569299507241,121.00446349952064,established,1.365968957348753e+31,71.69200191848526,1.0,9.818186930595562e-91,121.00446349952064
DS3,DS3,156.0,156.62328116,2,11.677053952117937,5.938992579221677,0.0020408163265306124,0.00272108843537415,13.544467780931475,13.544467780931475,0.31665894389152527,3.3228308368132797,5.938992579221677,17.079344216485822,11.677053952117937,123.46208921497846,established,1.5950493211879664e+32,74.14962763394308,1.0,4.909093465297771e-91,123.46208921497846
DS3,DS3,156.5,157.12328116,2,12.41434759567108,6.050564354878782,0.0020408163265306124,0.002380952380952381,13.544467780931475,13.544467780931475,0.32862839102745056,3.2454933768576004,6.050564354878782,17.301010866959892,12.41434759567108,125.98094208287364,established,1.9801496705466537e+33,76.66848050183826,1.0,2.454546732648881e-91,125.98094208287364
DS3,DS3,157.0,157.62328116,2,19.5029917078936,6.5998704992128365,0.0006802721088435374,0.0017006802721088435,27.721756005376513,27.721756005376513,0.3510502874851227,3.2261590118686807,6.5998704992128365,17.54458909382423,19.5029917078936,128.95150995759317,established,3.8618842605059585e+34,79.6390483765578,1.0,1.2272733663244385e-91,128.95150995759317
DS3,DS3,157.5,158.12328116,2,27.721756005376513,7.293017679772782,0.0006802721088435374,0.0006802721088435374,27.721756005376513,27.721756005376513,0.3652356266975403,3.2213254206214508,7.293017679772782,17.804209478696187,27.721756005376513,132.27372747786578,established,1.0705821319075065e+36,82.96126589683041,1.0,6.13636683162218e-92,132.27372747786578
DS3,DS3,158.0,158.62328116,2,27.721756005376513,7.293017679772782,0.0006802721088435374,0.0006802721088435374,27.721756005376513,27.721756005376513,0.3877657651901245,3.220117022809643,7.293017679772782,18.08797950496276,27.721756005376513,135.59594499813838,established,2.9678416644455863e+37,86.28348341710303,1.0,3.0681834158110845e-92,135.59594499813838
DS3,DS3,158.5,159.12328116,2,27.721756005376513,7.293017679772782,0.0006802721088435374,0.0006802721088435374,27.721756005376513,27.721756005376513,0.40141209959983826,3.219814923356691,7.293017679772782,18.37950443824132,27.721756005376513,138.91816251841098,established,8.227378248435149e+38,89.60570093737564,1.0,1.5340917079055394e-92,138.91816251841098
DS3,DS3,159.0,159.62328116,2,27.721756005376513,7.293017679772782,0.0006802721088435374,0.0006802721088435374,27.721756005376513,27.721756005376513,0.3708796501159668,3.219739398493453,7.293017679772782,18.656662074228123,27.721756005376513,142.24038003868358,established,2.280773723670624e+40,92.92791845764826,1.0,7.670458539527682e-93,142.24038003868358
DS3,DS3,159.5,160.12328116,2,27.721756005376513,7.293017679772782,0.0006802721088435374,0.0006802721088435374,27.721756005376513,27.721756005376513,0.3871733844280243,3.2197205172776435,7.293017679772782,18.950228943427398,27.721756005376513,145.56259755895618,established,6.322705267107141e+41,96.25013597792088,1.0,3.835229269763834e-93,145.56259755895618
DS3,DS3,160.0,160.62328116,2,27.721756005376513,7.293017679772782,0.0006802721088435374,0.0006802721088435374,27.721756005376513,27.721756005376513,0.4159141778945923,3.2197157969736914,7.293017679772782,19.266110599537683,27.721756005376513,148.8848150792288,established,1.75276492708654e+43,99.5723534981935,1.0,1.9176146348819134e-93,148.8848150792288
DS3,DS3,160.5,161.12328116,2,27.721756005376513,7.293017679772782,0.0006802721088435374,0.0006802721088435374,27.721756005376513,27.721756005376513,0.43283897638320923,3.2197146168977033,7.293017679772782,19.58861313958962,27.721756005376513,152.2070325995014,established,4.858972164347488e+44,102.89457101846611,1.0,9.588073174409822e-94,152.2070325995014
DS3,DS3,161.0,161.62328116,2,27.721756005376513,7.293017679772782,0.0006802721088435374,0.0006802721088435374,27.721756005376513,27.721756005376513,0.45025062561035156,3.2197143218787065,7.293017679772782,19.92299674799044,27.721756005376513,155.529250119774,established,1.3469924077695798e+46,106.21678853873873,1.0,4.794036587204902e-94,155.529250119774
DS3,DS3,161.5,162.12328116,2,27.721756005376513,7.293017679772782,0.0006802721088435374,0.0006802721088435374,27.721756005376513,27.721756005376513,0.44110602140426636,3.219714248123957,7.293017679772782,20.256255423029252,27.721756005376513,158.8514676400466,established,3.734099486928311e+47,109.53900605901134,1.0,2.3970182936024465e-94,158.8514676400466
DS3,DS3,162.0,162.62328116,2,27.721756005376513,7.293017679772782,0.0006802721088435374,0.0006802721088435374,27.721756005376513,27.721756005376513,0.4586629271507263,3.2197142296852697,7.293017679772782,20.597790053983516,27.721756005376513,162.1736851603192,established,1.0351579487642882e+49,112.86122357928396,1.0,1.1985091468012211e-94,162.1736851603192
DS3,DS3,162.5,163.12328116,2,27.721756005376513,7.293017679772782,0.0006802721088435374,0.0006802721088435374,27.721756005376513,27.721756005376513,0.49140384793281555,3.219714225075598,7.293017679772782,20.96307783623535,27.721756005376513,165.4959026805918,established,2.869639608266979e+50,116.18344109955657,1.0,5.992545734006094e-95,165.4959026805918
DS3,DS3,163.0,163.62328116,2,27.721756005376513,7.293017679772782,0.0006802721088435374,0.0006802721088435374,27.721756005376513,27.721756005376513,0.46794310212135315,3.21971422392318,7.293017679772782,21.326989436646286,27.721756005376513,168.8181202008644,established,7.955144904374185e+51,119.50565861982919,1.0,2.9962728670030415e-95,168.8181202008644
DS3,DS3,163.5,164.12328116,2,27.721756005376513,7.293017679772782,0.0006802721088435374,0.0006802721088435374,27.721756005376513,27.721756005376513,0.45669132471084595,3.2197142236350755,7.293017679772782,21.688765059908214,27.721756005376513,172.140337721137,established,2.205305860264766e+53,122.82787614010181,1.0,1.4981364335015178e-95,172.140337721137
DS3,DS3,164.0,164.62328116,2,27.721756005376513,7.293017679772782,0.0006802721088435374,0.0006802721088435374,27.721756005376513,27.721756005376513,0.4918084144592285,3.2197142235630496,7.293017679772782,22.081086007257284,27.721756005376513,175.4625552414096,established,6.1134950975487116e+54,126.15009366037442,1.0,7.490682167507576e-96,175.4625552414096
DS3,DS3,164.5,165.12328116,2,27.721756005376513,7.293017679772782,0.0006802721088435374,0.0006802721088435374,27.721756005376513,27.721756005376513,0.48912787437438965,3.2197142235450427,7.293017679772782,22.472254752119362,27.721756005376513,178.7847727616822,established,1.6947681943431176e+56,129.47231118064704,1.0,3.745341083753781e-96,178.7847727616822
DS3,DS3,165.0,165.62328116,2,27.721756005376513,7.293017679772782,0.0006802721088435374,0.0006802721088435374,27.721756005376513,27.721756005376513,0.49529770016670227,3.2197142235405414,7.293017679772782,22.872820720573245,27.721756005376513,182.1069902819548,established,4.6981950369252005e+57,132.79452870091964,1.0,1.872670541876887e-96,182.1069902819548
DS3,DS3,165.5,166.12328116,2,27.721756005376513,7.293017679772782,0.0006802721088435374,0.0006802721088435374,27.721756005376513,27.721756005376513,0.5169528722763062,3.219714223539416,7.293017679772782,23.29324463208514,27.721756005376513,185.4292078022274,established,1.3024221647931014e+59,136.11674622119224,1.0,9.363352709384417e-97,185.4292078022274
DS3,DS3,166.0,166.62328116,2,27.721756005376513,7.293017679772782,0.0006802721088435374,0.0006802721088435374,27.721756005376513,27.721756005376513,0.504177987575531,3.2197142235391345,7.293017679772782,23.697893339892204,27.721756005376513,188.7514253225,established,3.610542946838831e+60,139.43896374146485,1.0,4.681676354692199e-97,188.7514253225
DS3,DS3,166.5,167.12328116,2,27.721756005376513,7.293017679772782,0.0006802721088435374,0.0006802721088435374,27.721756005376513,27.721756005376513,0.5235464572906494,3.2197142235390643,7.293017679772782,24.113540326555544,27.721756005376513,192.0736428427726,established,1.000905906191983e+62,142.76118126173745,1.0,2.3408381773460955e-97,192.0736428427726
DS3,DS3,167.0,167.62328116,2,27.721756005376513,7.293017679772782,0.0006802721088435374,0.0006802721088435374,27.721756005376513,27.721756005376513,0.5426240563392639,3.2197142235390466,7.293017679772782,24.55044694890576,27.721756005376513,195.39586036304522,established,2.7746869315794175e+63,146.08339878201005,1.0,1.1704190886730456e-97,195.39586036304522
DS3,DS3,167.5,168.12328116,2,27.721756005376513,7.293017679772782,0.0006802721088435374,0.0006802721088435374,27.721756005376513,27.721756005376513,0.5631340146064758,3.219714223539042,7.293017679772782,25.0062233885129,27.721756005376513,198.71807788331782,established,7.691919410855076e+64,149.40561630228265,1.0,5.852095443365217e-98,198.71807788331782
DS3,DS3,168.0,168.62774448,3,27.721756005376516,7.293017679772782,0.0006802721088435374,0.0006802721088435374,27.721756005376513,27.721756005376513,1.5816411972045898,4.4271070573661815,7.293017679772782,25.814748609562685,27.721756005376516,202.04029540359042,established,2.1323351312074197e+66,152.72783382255525,1.0,2.9260477216826863e-98,202.04029540359042
DS3,DS3,168.5,169.12774448,3,27.721756005376516,7.293017679772782,0.0006802721088435374,0.0006802721088435374,27.721756005376513,27.721756005376513,1.5452598333358765,4.728955265822966,7.293017679772782,26.628487548232048,27.721756005376516,205.36251292386302,established,5.911207422902408e+67,156.05005134282786,1.0,1.4630238608413402e-98,205.36251292386302
DS3,DS3,169.0,169.62774448,3,27.721756005376516,7.293017679772782,0.0006802721088435374,0.0006802721088435374,27.721756005376513,27.721756005376513,1.4717097282409668,4.804417317937162,7.293017679772782,27.42866603285071,27.721756005376516,208.68473044413562,established,1.6386904987486956e+69,159.37226886310046,1.0,7.315119304206688e-99,208.68473044413562
DS3,DS3,169.5,170.12774448,3,27.721756005376516,7.293017679772782,0.0006802721088435374,0.0006802721088435374,27.721756005376513,27.721756005376513,1.4317138195037842,4.823282830965711,7.293017679772782,28.220046633481946,27.721756005376516,212.00694796440823,established,4.542737817463968e+70,162.69448638337306,1.0,3.657559652103338e-99,212.00694796440823
DS3,DS3,170.0,170.62774448,3,27.721756005376516,7.293017679772782,0.0006802721088435374,0.0006802721088435374,27.721756005376513,27.721756005376513,1.4479249715805054,4.827999209222849,7.293017679772782,29.028344144920474,27.721756005376516,215.32916548468083,established,1.2593266937213162e+72,166.01670390364566,1.0,1.828779826051665e-99,215.32916548468083
DS3,DS3,170.5,171.12774448,3,27.721756005376516,7.293017679772782,0.0006802721088435374,0.0006802721088435374,27.721756005376513,27.721756005376513,1.4927581548690796,4.829178303787133,7.293017679772782,29.872708764672243,27.721756005376516,218.65138300495343,established,3.4910747334399535e+73,169.33892142391826,1.0,9.14389913025831e-100,218.65138300495343
DS3,DS3,171.0,171.62774448,3,27.721756005376516,7.293017679772782,0.0006802721088435374,0.0006802721088435374,27.721756005376513,27.721756005376513,1.5756280422210693,4.829473077428204,7.293017679772782,30.74940663923816,27.721756005376516,221.97360052522603,established,9.677872195695637e+74,172.66113894419087,1.0,4.571949565129146e-100,221.97360052522603
DS3,DS3,171.5,172.12774448,3,27.721756005376516,7.293017679772782,0.0006802721088435374,0.0006802721088435374,27.721756005376513,27.721756005376513,1.6643129587173462,4.829546770838472,7.293017679772782,31.658498525619468,27.721756005376516,225.29581804549863,established,2.682876116602895e+76,175.98335646446347,1.0,2.2859747825645687e-100,225.29581804549863
DS3,DS3,172.0,172.62774448,3,27.721756005376516,7.293017679772782,0.0006802721088435374,0.0006802721088435374,27.721756005376513,27.721756005376513,1.7331701517105103,4.829565194191039,7.293017679772782,32.62763555496927,27.721756005376516,228.61803556577124,established,7.437403709711686e+77,179.30557398473607,1.0,1.1429873912822823e-100,228.61803556577124
DS3,DS3,172.5,173.12774448,3,27.721756005376516,7.293017679772782,0.0006802721088435374,0.0006802721088435374,27.721756005376513,27.721756005376513,1.8249019384384155,4.82956980002918,7.293017679772782,33.63335374295707,27.721756005376516,231.94025308604384,established,2.0617789095410765e+79,182.62779150500867,1.0,5.7149369564114e-101,231.94025308604384
DS3,DS3,173.0,173.62774448,3,27.721756005376516,7.293017679772782,0.0006802721088435374,0.0006802721088435374,27.721756005376513,27.721756005376513,1.926695466041565,4.829570951488716,7.293017679772782,34.65657390107707,27.721756005376516,235.26247060631644,established,5.715613186732846e+80,185.95000902528128,1.0,2.857468478205695e-101,235.26247060631644
DS3,DS3,173.5,174.12774448,3,27.721756005376516,7.293017679772782,0.0006802721088435374,0.0006802721088435374,27.721756005376513,27.721756005376513,1.9995758533477783,4.8295712393536,7.293017679772782,35.703723714748975,27.721756005376516,238.58468812658904,established,1.5844683418371907e+82,189.27222654555388,1.0,1.4287342391028447e-101,238.58468812658904
DS3,DS3,174.0,174.62774448,3,27.721756005376516,7.293017679772782,0.0006802721088435374,0.0006802721088435374,27.721756005376513,27.721756005376513,2.0434060096740723,4.829571311319821,7.293017679772782,36.76633155594265,27.721756005376516,241.90690564686165,established,4.392424477065371e+83,192.59444406582648,1.0,7.143671195514211e-102,241.90690564686165
DS3,DS3,174.5,175.12774448,3,27.721756005376516,7.293017679772782,0.0006802721088435374,0.0006802721088435374,27.721756005376513,27.721756005376513,2.122250556945801,4.829571329311376,7.293017679772782,37.86400826672708,27.721756005376516,245.22912316713425,established,1.2176571962524865e+85,195.91666158609908,1.0,3.5718355977570986e-102,245.22912316713425
DS3,DS3,175.0,175.62774448,4,27.721756005376513,7.293017679772782,0.0006802721088435374,0.0006802721088435374,27.721756005376513,27.721756005376513,4.007650852203369,6.036964167636405,7.293017679772782,39.695164536933056,27.721756005376513,248.55134068740685,established,3.375559569270199e+86,199.23887910637168,1.0,1.785917798878546e-102,248.55134068740685
DS3,DS3,175.5,176.12774448,4,27.721756005376513,7.293017679772782,0.0006802721088435374,0.0006802721088435374,27.721756005376513,27.721756005376513,3.998258352279663,6.338812377217662,7.293017679772782,41.557769320408454,27.721756005376513,251.87355820767945,established,9.357643876092147e+87,202.5610966266443,1.0,8.929588994392968e-103,251.87355820767945
DS3,DS3,176.0,176.62774448,4,27.721756005376513,7.293017679772782,0.0006802721088435374,0.0006802721088435374,27.721756005376513,27.721756005376513,3.9638187885284424,6.414274429612977,7.293017679772782,43.44355175743495,27.721756005376513,255.19577572795205,established,2.594103203182299e+89,205.8833141469169,1.0,4.464794497196476e-103,255.19577572795205
DS3,DS3,176.5,177.12774448,4,27.721756005376513,7.293017679772782,0.0006802721088435374,0.0006802721088435374,27.721756005376513,27.721756005376513,3.924187183380127,6.433139942711805,7.293017679772782,45.35892651478444,27.721756005376513,258.5179932482247,established,7.19130960513847e+90,209.2055316671895,1.0,2.2323972485982335e-103,258.5179932482247
DS3,DS3,177.0,177.62774448,4,27.721756005376513,7.293017679772782,0.0006802721088435374,0.0006802721088435374,27.721756005376513,27.721756005376513,3.8854215145111084,6.437856320986512,7.293017679772782,47.32703883598243,27.721756005376513,261.8402107684973,established,1.993557302327674e+92,212.5277491874621,1.0,1.1161986242991148e-103,261.8402107684973
DS3,DS3,177.5,178.12774448,4,27.721756005376513,7.293017679772782,0.0006802721088435374,0.0006802721088435374,27.721756005376513,27.721756005376513,3.8566272258758545,6.439035415555189,7.293017679772782,49.325943974653825,27.721756005376513,265.1624282887699,established,5.52649091178639e+93,215.8499667077347,1.0,5.580993121495563e-104,265.1624282887699
DS3,DS3,178.0,178.62774448,4,27.721756005376513,7.293017679772782,0.0006802721088435374,0.0006802721088435374,27.721756005376513,27.721756005376513,3.8219411373138428,6.439330189197358,7.293017679772782,51.315397560099704,27.721756005376513,268.4846458090425,established,1.5320403262247173e+95,219.1721842280073,1.0,2.7904965607477764e-104,268.4846458090425
DS3,DS3,178.5,179.12774448,4,27.721756005376513,7.293017679772782,0.0006802721088435374,0.0006802721088435374,27.721756005376513,27.721756005376513,3.7714834213256836,6.4394038826079,7.293017679772782,53.2593720565239,27.721756005376513,271.8068633293151,established,4.2470848113998663e+96,222.4944017482799,1.0,1.3952482803738857e-104,271.8068633293151
DS3,DS3,179.0,179.62774448,4,27.721756005376513,7.293017679772782,0.0006802721088435374,0.0006802721088435374,27.721756005376513,27.721756005376513,3.7611777782440186,6.4394223059605356,7.293017679772782,55.16552375505362,27.721756005376513,275.1290808495877,established,1.1773664887576657e+98,225.8166192685525,1.0,6.976241401869415e-105,275.1290808495877
DS3,DS3,179.5,180.12774448,4,27.721756005376513,7.293017679772782,0.0006802721088435374,0.0006802721088435374,27.721756005376513,27.721756005376513,3.8091790676116943,6.439426911798694,7.293017679772782,57.08147432307396,27.721756005376513,278.4512983698603,established,3.2638666530246586e+99,229.1388367888251,1.0,3.488120700934701e-105,278.4512983698603
DS3,DS3,180.0,180.62774448,4,27.721756005376513,7.293017679772782,0.0006802721088435374,0.0006802721088435374,27.721756005376513,27.721756005376513,3.8109724521636963,6.439428063258235,7.293017679772782,58.97320220420752,27.721756005376513,281.7735158901329,established,9.048011498923366e+100,232.4610543090977,1.0,1.744060350467347e-105,281.7735158901329
DS3,DS3,180.5,181.12774448,3,27.721756005376516,7.293017679772782,0.0006802721088435374,0.0006802721088435374,27.721756005376513,27.721756005376513,2.3352646827697754,5.232035517295979,7.293017679772782,60.22774031956984,27.721756005376516,285.0957334104055,established,2.508267671069923e+102,235.7832718293703,1.0,8.72030175233672e-106,285.0957334104055
DS3,DS3,181.0,181.62774448,3,27.721756005376516,7.293017679772782,0.0006802721088435374,0.0006802721088435374,27.721756005376513,27.721756005376513,2.262390613555908,4.930187380805416,7.293017679772782,61.486376989384425,27.721756005376516,288.4179509306781,established,6.9533584373573785e+103,239.1054893496429,1.0,4.360150876168352e-106,288.4179509306781
DS3,DS3,181.5,182.12774448,3,27.721756005376516,7.293017679772782,0.0006802721088435374,0.0006802721088435374,27.721756005376513,27.721756005376513,2.3016254901885986,4.854725346682775,7.293017679772782,62.78850969175491,27.721756005376516,291.7401684509507,established,1.9275930601834563e+105,242.4277068699155,1.0,2.1800754380841717e-106,291.7401684509507
DS3,DS3,182.0,182.62774448,3,27.721756005376516,7.293017679772782,0.0006802721088435374,0.0006802721088435374,27.721756005376513,27.721756005376513,2.447138547897339,4.835859838152114,7.293017679772782,64.20197296291583,27.721756005376516,295.0623859712233,established,5.343626449206234e+106,245.7499243901881,1.0,1.0900377190420839e-106,295.0623859712233
DS3,DS3,182.5,183.12774448,3,27.721756005376516,7.293017679772782,0.0006802721088435374,0.0006802721088435374,27.721756005376513,27.721756005376513,2.625615358352661,4.831143461019449,7.293017679772782,65.73892581264172,27.721756005376516,298.3846034914959,established,1.4813470860877036e+108,249.07214191046072,1.0,5.4501885952104093e-107,298.3846034914959
DS3,DS3,183.0,183.62774448,3,27.721756005376516,7.293017679772782,0.0006802721088435374,0.0006802721088435374,27.721756005376513,27.721756005376513,2.9202022552490234,4.829964366736283,7.293017679772782,67.42655664136008,27.721756005376516,301.7068210117685,established,4.1065542479798426e+109,252.39435943073332,1.0,2.725094297605277e-107,301.7068210117685
DS3,DS3,183.5,184.12774448,3,27.721756005376516,7.293017679772782,0.0006802721088435374,0.0006802721088435374,27.721756005376513,27.721756005376513,3.1569809913635254,4.829669593165491,7.293017679772782,69.41048458317911,27.721756005376516,305.0290385320411,established,1.1384089488533863e+111,255.71657695100592,1.0,1.362547148802636e-107,305.0290385320411
DS3,DS3,184.0,184.62774448,3,27.721756005376516,7.293017679772782,0.0006802721088435374,0.0006802721088435374,27.721756005376513,27.721756005376513,3.36538028717041,4.8295958997727935,7.293017679772782,71.88403132309513,27.721756005376516,308.3512560523137,established,3.1558695114454925e+112,259.03879447127866,1.0,6.812735744013167e-108,308.3512560523137
DS3,DS3,184.5,185.12774448,3,27.721756005376516,7.293017679772782,0.0006802721088435374,0.0006802721088435374,27.721756005376513,27.721756005376513,3.824723958969116,4.829577476424619,7.293017679772782,74.59926456610359,27.721756005376516,311.6734735725863,established,8.748624458109794e+113,262.36101199155127,1.0,3.406367872006577e-108,311.6734735725863
DS3,DS3,185.0,185.62774448,3,27.721756005376516,7.293017679772782,0.0006802721088435374,0.0006802721088435374,27.721756005376513,27.721756005376513,3.7959964275360107,4.829572870587576,7.293017679772782,77.31192507396139,27.721756005376516,314.9956910928589,established,2.4252723261038685e+115,265.68322951182387,1.0,1.7031839360032852e-108,314.9956910928589
DS3,DS3,185.5,186.12774448,3,27.721756005376516,7.293017679772782,0.0006802721088435374,0.0006802721088435374,27.721756005376513,27.721756005376513,3.8142497539520264,4.829571719128315,7.293017679772782,80.05146191219487,27.721756005376516,318.3179086131315,established,6.723280767084278e+116,269.00544703209647,1.0,8.515919680016411e-109,318.3179086131315
DS3,DS3,186.0,186.62774448,4,27.721756005376513,7.293017679772782,0.0006802721088435374,0.0006802721088435374,27.721756005376513,27.721756005376513,3.793497085571289,6.036964265090639,7.293017679772782,82.6493132645885,27.721756005376513,321.6401261334041,established,1.8638114898074934e+118,272.3276645523691,1.0,4.257959840008198e-109,321.6401261334041
DS3,DS3,186.5,187.12774448,4,27.721756005376513,7.293017679772782,0.0006802721088435374,0.0006802721088435374,27.721756005376513,27.721756005376513,3.974619150161743,6.338812401581221,7.293017679772782,85.43591902653375,27.721756005376513,324.9623436536767,established,5.1668127360460164e+119,275.6498820726417,1.0,2.1289799200040947e-109,324.9623436536767
DS3,DS3,187.0,187.62774448,5,27.721756005376513,7.293017679772783,0.0006802721088435374,0.0006802721088435374,27.721756005376513,27.721756005376513,3.588024854660034,7.621667269531006,7.293017679772783,87.69419113049904,27.721756005376513,328.2845611739493,established,1.4323312199413822e+121,278.9720995929143,1.0,1.0644899600020455e-109,328.2845611739493
DS3,DS3,187.5,188.12774448,5,27.721756005376513,7.293017679772783,0.0006802721088435374,0.0006802721088435374,27.721756005376513,27.721756005376513,3.591151714324951,7.942380986518452,7.293017679772783,90.00854429105917,27.721756005376513,331.60677869422193,established,3.970673659809792e+122,282.2943171131869,1.0,5.322449800010217e-110,331.60677869422193
DS3,DS3,188.0,188.62774448,5,27.721756005376513,7.293017679772783,0.0006802721088435374,0.0006802721088435374,27.721756005376513,27.721756005376513,3.6298410892486572,8.022559415765313,7.293017679772783,92.31820730517308,27.721756005376513,334.92899621449453,established,1.1007404637422147e+124,285.6165346334595,1.0,2.6612249000051037e-110,334.92899621449453
DS3,DS3,188.5,189.12774448,5,27.721756005376513,7.293017679772783,0.0006802721088435374,0.0006802721088435374,27.721756005376513,27.721756005376513,3.6599032878875732,8.042604023077029,7.293017679772783,94.54759564797084,27.721756005376513,338.25121373476713,established,3.0514458561106392e+125,288.9387521537321,1.0,1.3306124500025495e-110,338.25121373476713
DS3,DS3,189.0,189.62774448,5,27.721756005376513,7.293017679772783,0.0006802721088435374,0.0006802721088435374,27.721756005376513,27.721756005376513,3.715622663497925,8.047615174904958,7.293017679772783,96.90684425483148,27.721756005376513,341.57343125503974,established,8.459143748671564e+126,292.2609696740047,1.0,6.653062250012734e-111,341.57343125503974
DS3,DS3,189.5,190.12774448,5,27.721756005376513,7.293017679772783,0.0006802721088435374,0.0006802721088435374,27.721756005376513,27.721756005376513,4.12061882019043,8.04886796286194,7.293017679772783,99.40759830574196,27.721756005376513,344.89564877531234,established,2.3450231901507702e+128,295.5831871942773,1.0,3.326531125006361e-111,344.89564877531234
DS3,DS3,190.0,190.62774448,5,27.721756005376513,7.293017679772783,0.0006802721088435374,0.0006802721088435374,27.721756005376513,27.721756005376513,3.6973512172698975,8.049181159851186,7.293017679772783,101.75718720505637,27.721756005376513,348.21786629558494,established,6.500816070430872e+129,298.9054047145499,1.0,1.6632655625031774e-111,348.21786629558494
DS3,DS3,190.5,191.12774448,5,23.459267911522527,6.832500661173972,0.0006802721088435374,0.0006802721088435374,27.721756005376513,27.721756005376513,3.614593744277954,8.049259459098497,6.832500661173972,103.7520834664504,23.459267911522527,351.3731319325059,established,1.5250438583976598e+131,302.06067035147083,1.0,8.316327812516108e-112,351.3731319325059
DS3,DS3,191.0,191.62774448,5,27.721756005376513,7.293017679772783,0.0006802721088435374,0.0006802721088435374,27.721756005376513,27.721756005376513,3.4926748275756836,8.049279033910324,7.293017679772783,105.44333599458142,27.721756005376513,354.6953494527785,established,4.2276893739997514e+132,305.38288787174343,1.0,4.158163906257928e-112,354.6953494527785
DS3,DS3,191.5,192.12774448,5,24.434250286383342,7.015758807548804,0.0006802721088435374,0.0006802721088435374,27.721756005376513,27.721756005376513,3.460437059402466,8.049283927613281,7.015758807548804,107.03181647757694,24.434250286383342,357.891335301073,established,1.0330042029739338e+134,308.57887372003796,1.0,2.07908195312896e-112,357.891335301073
DS3,DS3,192.0,192.62774448,5,27.721756005376513,7.293017679772783,0.0006802721088435374,0.0006802721088435374,27.721756005376513,27.721756005376513,3.542340040206909,8.04928515103902,7.293017679772783,108.57927863548204,27.721756005376513,361.2135528213456,established,2.863669046737157e+135,311.90109124031056,1.0,1.0395409765644781e-112,361.2135528213456
DS3,DS3,192.5,193.12774448,4,27.721756005376513,7.293017679772782,0.0006802721088435374,0.0006802721088435374,27.721756005376513,27.721756005376513,3.576537609100342,6.841892623068317,7.293017679772782,110.1274943987529,27.721756005376513,364.5357703416182,established,7.938593459379591e+136,315.22330876058317,1.0,5.197704882822381e-113,364.5357703416182
DS3,DS3,193.0,193.62774448,5,27.721756005376513,7.293017679772783,0.0006802721088435374,0.0006802721088435374,27.721756005376513,27.721756005376513,3.7948615550994873,7.74743732490278,7.293017679772783,111.74366774807379,27.721756005376513,367.8579878618908,established,2.2007175090679692e+138,318.54552628085577,1.0,2.5988524414111856e-113,367.8579878618908
DS3,DS3,193.5,194.12774448,5,27.721756005376513,7.293017679772783,0.0006802721088435374,0.0006802721088435374,27.721756005376513,27.721756005376513,3.8973987102508545,7.973823500361395,7.293017679772783,113.64682864050076,27.721756005376513,371.1802053821634,established,6.100775382314167e+139,321.86774380112837,1.0,1.2994262207055903e-113,371.1802053821634
DS3,DS3,194.0,194.62774448,5,27.721756005376513,7.293017679772783,0.0006802721088435374,0.0006802721088435374,27.721756005376513,27.721756005376513,3.857998847961426,8.03042004422605,7.293017679772783,115.72358989069865,27.721756005376513,374.502422902436,established,1.691242065921194e+141,325.189961321401,1.0,6.4971311035279394e-114,374.502422902436
DS3,DS3,194.5,195.12774448,5,27.721756005376513,7.293017679772783,0.0006802721088435374,0.0006802721088435374,27.721756005376513,27.721756005376513,3.909499168395996,8.044569180192212,7.293017679772783,118.02639140884088,27.721756005376513,377.8246404227086,established,4.6884199897495826e+142,328.5121788416736,1.0,3.2485655517641486e-114,377.8246404227086
DS3,DS3,195.0,195.62774448,5,27.721756005376513,7.293017679772783,0.0006802721088435374,0.0006802721088435374,27.721756005376513,27.721756005376513,4.047894477844238,8.048106464183753,7.293017679772783,120.34923229465889,27.721756005376513,381.1468579429812,established,1.2997123500656663e+144,331.8343963619462,1.0,1.624282775882071e-114,381.1468579429812
DS3,DS3,195.5,196.12774448,5,23.770206863681278,6.903835649961719,0.0006802721088435374,0.0006802721088435374,27.721756005376513,27.721756005376513,3.9714930057525635,8.048990785181639,6.903835649961719,122.52089098791289,23.770206863681278,384.3152909270366,established,3.0894431424341993e+145,335.00282934600153,1.0,8.12141387941034e-115,384.3152909270366
DS3,DS3,196.0,196.62774448,4,27.721756005376513,7.293017679772782,0.0006802721088435374,0.0006802721088435374,27.721756005376513,27.721756005376513,3.880906581878662,6.84181903160397,7.293017679772782,125.09944363782812,27.721756005376513,387.6375084473092,established,8.564478898704379e+146,338.32504686627414,1.0,4.060706939705163e-115,387.6375084473092
DS3,DS3,196.5,197.12774448,4,27.721756005376513,7.293017679772782,0.0006802721088435374,0.0006802721088435374,27.721756005376513,27.721756005376513,4.07249641418457,6.540026093209553,7.293017679772782,127.75354025761295,27.721756005376513,390.9597259675818,established,2.374223943430764e+148,341.64726438654674,1.0,2.0303534698525775e-115,390.9597259675818
DS3,DS3,197.0,197.62774448,4,27.721756005376513,7.293017679772782,0.0006802721088435374,0.0006802721088435374,27.721756005376513,27.721756005376513,3.8870089054107666,6.46457785861095,7.293017679772782,130.43475404034066,27.721756005376513,394.2819434878544,established,6.58176568619099e+149,344.96948190681934,1.0,1.015176734926287e-115,394.2819434878544
DS3,DS3,197.5,198.12774448,4,27.721756005376513,7.293017679772782,0.0006802721088435374,0.0006802721088435374,27.721756005376513,27.721756005376513,3.5904805660247803,6.445715799961299,7.293017679772782,133.03846899966408,27.721756005376513,397.604161008127,established,1.824581024371445e+151,348.29169942709194,1.0,5.075883674631426e-116,397.604161008127
DS3,DS3,198.0,198.62774448,4,27.721756005376513,7.293017679772782,0.0006802721088435374,0.0006802721088435374,27.721756005376513,27.721756005376513,3.613614082336426,6.441000285298886,7.293017679772782,135.67876774022986,27.721756005376513,400.9263785283996,established,5.058058996966469e+152,351.61391694736454,1.0,2.537941837315708e-116,400.9263785283996
DS3,DS3,198.5,199.12774448,4,27.721756005376513,7.293017679772782,0.0006802721088435374,0.0006802721088435374,27.721756005376513,27.721756005376513,4.027548313140869,6.439821406633282,7.293017679772782,138.32197471062352,27.721756005376513,404.2485960486722,established,1.4021827737470265e+154,354.93613446763715,1.0,1.2689709186578517e-116,404.2485960486722
DS3,DS3,199.0,199.62774448,4,27.721756005376513,7.293017679772782,0.0006802721088435374,0.0006802721088435374,27.721756005376513,27.721756005376513,4.265895843505859,6.4395266869668815,7.293017679772782,140.93401351819446,27.721756005376513,407.5708135689448,established,3.887096872875678e+155,358.25835198790975,1.0,6.344854593289246e-117,407.5708135689448
DS3,DS3,199.5,200.12774448,4,27.721756005376513,7.293017679772782,0.0006802721088435374,0.0006802721088435374,27.721756005376513,27.721756005376513,4.402493476867676,6.439453007050282,7.293017679772782,143.6146606395643,27.721756005376513,410.8930310892174,established,1.0775715107912063e+157,361.58056950818235,1.0,3.172427296644617e-117,410.8930310892174
DS3,DS3,200.0,200.62774448,4,27.721756005376513,7.293017679772782,0.0006802721088435374,0.0006802721088435374,27.721756005376513,27.721756005376513,4.373643398284912,6.439434587071132,7.293017679772782,146.2963745052617,27.721756005376513,414.21524860949,established,2.98721745004985e+158,364.90278702845495,1.0,1.5862136483223058e-117,414.21524860949
DS3,DS3,200.5,201.12774448,4,27.721756005376513,7.293017679772782,0.0006802721088435374,0.0006802721088435374,27.721756005376513,27.721756005376513,4.281357765197754,6.439429982076344,7.293017679772782,148.9989259461563,27.721756005376513,417.5374661297626,established,8.28109132852842e+159,368.22500454872755,1.0,7.931068241611513e-118,417.5374661297626
DS3,DS3,201.0,201.62774448,4,27.721756005376513,7.293017679772782,0.0006802721088435374,0.0006802721088435374,27.721756005376513,27.721756005376513,4.266867160797119,6.439428830827647,7.293017679772782,151.72307521949224,27.721756005376513,420.8596836500352,established,2.29566393267702e+161,371.54722206900016,1.0,3.9655341208057495e-118,420.8596836500352
DS3,DS3,201.5,202.12774448,4,27.721756005376513,7.293017679772782,0.0006802721088435374,0.0006802721088435374,27.721756005376513,27.721756005376513,4.23797607421875,6.439428543015473,7.293017679772782,154.40351923803502,27.721756005376513,424.1819011703078,established,6.363983541201488e+162,374.86943958927276,1.0,1.9827670604028708e-118,424.1819011703078
DS3,DS3,202.0,202.62774448,4,27.721756005376513,7.293017679772782,0.0006802721088435374,0.0006802721088435374,27.721756005376513,27.721756005376513,4.226163387298584,6.439428471062429,7.293017679772782,157.16228659103328,27.721756005376513,427.5041186905804,established,1.7642079895141805e+164,378.19165710954536,1.0,9.913835302014336e-119,427.5041186905804
DS3,DS3,202.5,203.12774448,4,27.721756005376513,7.293017679772782,0.0006802721088435374,0.0006802721088435374,27.721756005376513,27.721756005376513,4.192365646362305,6.439428453074168,7.293017679772782,159.92542967001611,27.721756005376513,430.826336210853,established,4.890694342804752e+165,381.51387462981796,1.0,4.956917651007159e-119,430.826336210853
DS3,DS3,203.0,203.62774448,4,27.721756005376513,7.293017679772782,0.0006802721088435374,0.0006802721088435374,27.721756005376513,27.721756005376513,4.133612155914307,6.439428448577103,7.293017679772782,162.6876343334716,27.721756005376513,434.1485537311256,established,1.3557863526810735e+167,384.83609215009056,1.0,2.4784588255035747e-119,434.1485537311256
DS3,DS3,203.5,204.12774448,4,27.721756005376513,7.293017679772782,0.0006802721088435374,0.0006802721088435374,27.721756005376513,27.721756005376513,4.099061489105225,6.439428447452837,7.293017679772782,165.4337854693335,27.721756005376513,437.4707712513982,established,3.7584778464443734e+168,388.15830967036317,1.0,1.2392294127517851e-119,437.4707712513982
DS3,DS3,204.0,204.62774448,4,27.721756005376513,7.293017679772782,0.0006802721088435374,0.0006802721088435374,27.721756005376513,27.721756005376513,4.086613178253174,6.43942844717177,7.293017679772782,168.10290663192686,27.721756005376513,440.7929887716708,established,1.0419160581074297e+170,391.48052719063577,1.0,6.196147063758913e-120,440.7929887716708
DS3,DS3,204.5,205.12774448,4,27.721756005376513,7.293017679772782,0.0006802721088435374,0.0006802721088435374,27.721756005376513,27.721756005376513,4.022840976715088,6.439428447101504,7.293017679772782,170.69344586531338,27.721756005376513,444.1152062919434,established,2.8883742740937604e+171,394.80274471090837,1.0,3.0980735318794512e-120,444.1152062919434
DS3,DS3,205.0,205.62774448,4,27.721756005376513,7.293017679772782,0.0006802721088435374,0.0006802721088435374,27.721756005376513,27.721756005376513,4.24003267288208,6.439428447083937,7.293017679772782,173.10936941752848,27.721756005376513,447.437423812216,established,8.007080687863302e+172,398.124962231181,1.0,1.5490367659397227e-120,447.437423812216
DS3,DS3,205.5,206.12774448,4,27.721756005376513,7.293017679772782,0.0006802721088435374,0.0006802721088435374,27.721756005376513,27.721756005376513,4.315535545349121,6.439428447079545,7.293017679772782,175.5030829230946,27.721756005376513,450.7596413324886,established,2.2197033714430677e+174,401.4471797514536,1.0,7.745183829698599e-121,450.7596413324886
DS3,DS3,206.0,206.62774448,4,27.721756005376513,7.293017679772782,0.0006802721088435374,0.0006802721088435374,27.721756005376513,27.721756005376513,4.350411891937256,6.4394284470784475,7.293017679772782,178.41009018669544,27.721756005376513,454.08185885276123,established,6.1534075267455806e+175,404.7693972717262,1.0,3.872591914849292e-121,454.08185885276123
DS3,DS3,206.5,207.12774448,4,27.721756005376513,7.293017679772782,0.0006802721088435374,0.0006802721088435374,27.721756005376513,27.721756005376513,4.435041427612305,6.439428447078173,7.293017679772782,181.61010448137938,27.721756005376513,457.40407637303383,established,1.705832620580868e+177,408.0916147919988,1.0,1.9362959574246426e-121,457.40407637303383
DS3,DS3,207.0,207.62774448,4,27.721756005376513,7.293017679772782,0.0006802721088435374,0.0006802721088435374,27.721756005376513,27.721756005376513,4.099221229553223,6.439428447078104,7.293017679772782,184.64408540378034,27.721756005376513,460.72629389330643,established,4.7288675693754416e+178,411.4138323122714,1.0,9.681479787123195e-122,460.72629389330643
DS3,DS3,207.5,208.12774448,4,27.721756005376513,7.293017679772782,0.0006802721088435374,0.0006802721088435374,27.721756005376513,27.721756005376513,3.924614429473877,6.439428447078087,7.293017679772782,187.571618674199,27.721756005376513,464.04851141357904,established,1.310925129399627e+180,414.736049832544,1.0,4.840739893561588e-122,464.04851141357904
DS3,DS3,208.0,208.62774448,4,27.721756005376513,7.293017679772782,0.0006802721088435374,0.0006802721088435374,27.721756005376513,27.721756005376513,4.043986797332764,6.4394284470780825,7.293017679772782,190.50779980371416,27.721756005376513,467.37072893385164,established,3.634114657853277e+181,418.0582673528166,1.0,2.4203699467807895e-122,467.37072893385164
DS3,DS3,208.5,209.12774448,5,27.721756005376513,7.293017679772783,0.0006802721088435374,0.0006802721088435374,27.721756005376513,27.721756005376513,4.195977687835693,7.646821280905221,7.293017679772783,193.69277726809204,27.721756005376513,470.69294645412424,established,1.0074403984056998e+183,421.3804848730892,1.0,1.2101849733903926e-122,470.69294645412424
DS3,DS3,209.0,209.62774448,5,27.721756005376513,7.293017679772783,0.0006802721088435374,0.0006802721088435374,27.721756005376513,27.721756005376513,4.007824420928955,7.948669489362006,7.293017679772783,196.72838314423979,27.721756005376513,474.01516397439684,established,2.7928016914561865e+184,424.7027023933618,1.0,6.0509248669519516e-123,474.01516397439684
DS3,DS3,209.5,210.12774448,5,27.721756005376513,7.293017679772783,0.0006802721088435374,0.0006802721088435374,27.721756005376513,27.721756005376513,3.9332520961761475,8.024131541476201,7.293017679772783,199.5469298730296,27.721756005376513,477.33738149466944,established,7.742136706195054e+185,428.0249199136344,1.0,3.025462433476142e-123,477.33738149466944
DS3,DS3,210.0,210.62774448,5,27.721756005376513,7.293017679772783,0.0006802721088435374,0.0006802721088435374,27.721756005376513,27.721756005376513,3.9106802940368652,8.04299705450475,7.293017679772783,202.33651975939694,27.721756005376513,480.65959901494205,established,2.146256247294067e+187,431.347137433907,1.0,1.5127312167380684e-123,480.65959901494205
DS3,DS3,210.5,211.12774448,5,27.721756005376513,7.293017679772783,0.0006802721088435374,0.0006802721088435374,27.721756005376513,27.721756005376513,3.9436542987823486,8.047713432761888,7.293017679772783,205.31239884893122,27.721756005376513,483.98181653521465,established,5.949799201250064e+188,434.6693549541796,1.0,7.563656083690327e-124,483.98181653521465
DS3,DS3,211.0,211.62774448,5,27.721756005376513,7.293017679772783,0.0006802721088435374,0.0006802721088435374,27.721756005376513,27.721756005376513,3.9978127479553223,8.048892527326172,7.293017679772783,208.53914128790322,27.721756005376513,487.30403405548725,established,1.6493888173803686e+190,437.9915724744522,1.0,3.781828041845157e-124,487.30403405548725
DS3,DS3,211.5,212.12774448,5,27.721756005376513,7.293017679772783,0.0006802721088435374,0.0006802721088435374,27.721756005376513,27.721756005376513,4.157635688781738,8.049187300967244,7.293017679772783,211.84462694625083,27.721756005376513,490.62625157575985,established,4.572395435341469e+191,441.3137899947248,1.0,1.8909140209225745e-124,490.62625157575985
DS3,DS3,212.0,212.62774448,5,27.721756005376513,7.293017679772783,0.0006802721088435374,0.0006802721088435374,27.721756005376513,27.721756005376513,4.181637763977051,8.049260994377512,7.293017679772783,215.06789526889744,27.721756005376513,493.94846909603245,established,1.267548306186324e+193,444.6360075149974,1.0,9.454570104612856e-125,493.94846909603245
DS3,DS3,212.5,213.12774448,5,27.721756005376513,7.293017679772783,0.0006802721088435374,0.0006802721088435374,27.721756005376513,27.721756005376513,4.1397271156311035,8.049279417730078,7.293017679772783,218.0173986713094,27.721756005376513,497.27068661630506,established,3.513866486912524e+194,447.95822503527,1.0,4.72728505230642e-125,497.27068661630506
DS3,DS3,213.0,213.62774448,5,27.721756005376513,7.293017679772783,0.0006802721088435374,0.0006802721088435374,27.721756005376513,27.721756005376513,4.204196929931641,8.04928402356822,7.293017679772783,221.0439319695038,27.721756005376513,500.59290413657766,established,9.741054938565764e+195,451.2804425555426,1.0,2.363642526153205e-125,500.59290413657766
DS3,DS3,213.5,214.12774448,5,27.721756005376513,7.293017679772783,0.0006802721088435374,0.0006802721088435374,27.721756005376513,27.721756005376513,4.185133934020996,8.049285175027755,7.293017679772783,224.4297982583446,27.721756005376513,503.91512165685026,established,2.7003914824188562e+197,454.6026600758152,1.0,1.1818212630766004e-125,503.91512165685026
DS3,DS3,214.0,214.62774448,5,27.721756005376513,7.293017679772783,0.0006802721088435374,0.0006802721088435374,27.721756005376513,27.721756005376513,4.053305625915527,8.04928546289264,7.293017679772783,227.80477485011048,27.721756005376513,507.23733917712286,established,7.485959379461184e+198,457.9248775960878,1.0,5.90910631538299e-126,507.23733917712286
DS3,DS3,214.5,215.12774448,5,27.721756005376513,7.293017679772783,0.0006802721088435374,0.0006802721088435374,27.721756005376513,27.721756005376513,4.181213855743408,8.04928553485886,7.293017679772783,231.1844506005449,27.721756005376513,510.55955669739546,established,2.0752393938358088e+200,461.2470951163604,1.0,2.95455315769149e-126,510.55955669739546
DS3,DS3,215.0,215.62774448,5,27.721756005376513,7.293017679772783,0.0006802721088435374,0.0006802721088435374,27.721756005376513,27.721756005376513,4.257687568664551,8.049285552850415,7.293017679772783,234.48002066860624,27.721756005376513,513.8817742176681,established,5.752928012866123e+201,464.569312636633,1.0,1.4772765788457423e-126,513.8817742176681
DS3,DS3,215.5,216.12774448,5,27.721756005376513,7.293017679772783,0.0006802721088435374,0.0006802721088435374,27.721756005376513,27.721756005376513,4.3297553062438965,8.049285557348304,7.293017679772783,237.3945797274513,27.721756005376513,517.2039917379407,established,1.594812666891688e+203,467.8915301569056,1.0,7.386382894228697e-127,517.2039917379407
DS3,DS3,216.0,216.62774448,5,27.721756005376513,7.293017679772783,0.0006802721088435374,0.0006802721088435374,27.721756005376513,27.721756005376513,4.419579029083252,8.049285558472777,7.293017679772783,240.4322156185908,27.721756005376513,520.5262092582133,established,4.421100762585478e+204,471.2137476771782,1.0,3.693191447114342e-127,520.5262092582133
DS3,DS3,216.5,217.12774448,4,27.721756005376513,7.293017679772782,0.0006802721088435374,0.0006802721088435374,27.721756005376513,27.721756005376513,4.461653232574463,6.841892724926755,7.293017679772782,243.65422419110962,27.721756005376513,523.8484267784859,established,1.2256067661557757e+206,474.5359651974508,1.0,1.8465957235571672e-127,523.8484267784859
DS3,DS3,217.0,217.62774448,4,27.721756005376513,7.293017679772782,0.0006802721088435374,0.0006802721088435374,27.721756005376513,27.721756005376513,4.48024845123291,6.54004451654025,7.293017679772782,246.8448614085717,27.721756005376513,527.1706442987585,established,3.397597172990866e+207,477.8581827177234,1.0,9.23297861778582e-128,527.1706442987585
DS3,DS3,217.5,218.12774448,4,27.721756005376513,7.293017679772782,0.0006802721088435374,0.0006802721088435374,27.721756005376513,27.721756005376513,4.5245161056518555,6.464582464443623,7.293017679772782,250.04051765004823,27.721756005376513,530.4928618190311,established,9.418735983420897e+208,481.180400237996,1.0,4.616489308892902e-128,530.4928618190311
DS3,DS3,218.0,218.62774448,4,27.721756005376513,7.293017679772782,0.0006802721088435374,0.0006802721088435374,27.721756005376513,27.721756005376513,4.575819969177246,6.445716951419467,7.293017679772782,253.20293346146772,27.721756005376513,533.8150793393037,established,2.6110390081145173e+210,484.5026177582686,1.0,2.308244654446446e-128,533.8150793393037
DS3,DS3,218.5,219.12774448,4,27.721756005376513,7.293017679772782,0.0006802721088435374,0.0006802721088435374,27.721756005376513,27.721756005376513,4.557121753692627,6.441000573163428,7.293017679772782,256.2635563189788,27.721756005376513,537.1372968595763,established,7.2382586303470305e+211,487.82483527854123,1.0,1.154122327223221e-128,537.1372968595763
DS3,DS3,219.0,219.62774448,4,27.721756005376513,7.293017679772782,0.0006802721088435374,0.0006802721088435374,27.721756005376513,27.721756005376513,4.488143444061279,6.439821478599418,7.293017679772782,259.1361316780252,27.721756005376513,540.4595143798489,established,2.006572396542894e+213,491.14705279881383,1.0,5.770611636116094e-129,540.4595143798489
DS3,DS3,219.5,220.12774448,4,27.721756005376513,7.293017679772782,0.0006802721088435374,0.0006802721088435374,27.721756005376513,27.721756005376513,4.42821741104126,6.439526704958416,7.293017679772782,261.7224940339727,27.721756005376513,543.7817319001215,established,5.562571038408521e+214,494.46927031908643,1.0,2.8853058180580418e-129,543.7817319001215
DS3,DS3,220.0,220.62774448,4,27.721756005376513,7.293017679772782,0.0006802721088435374,0.0006802721088435374,27.721756005376513,27.721756005376513,3.7788758277893066,6.439453011548165,7.293017679772782,263.82668648610536,27.721756005376513,547.1039494203941,established,1.5420423708933352e+216,497.79148783935904,1.0,1.4426529090290182e-129,547.1039494203941
DS3,DS3,220.5,221.12774448,4,24.17743394926525,7.018364607605754,0.0006802721088435374,0.0006802721088435374,27.721756005376513,27.721756005376513,3.3382303714752197,6.439434588195603,7.018364607605754,265.44992409745873,24.17743394926525,550.2893691370901,established,3.7282627569242496e+217,500.9769075560551,1.0,7.213264545145078e-130,550.2893691370901
DS3,DS3,221.0,221.62774448,4,27.721756005376513,7.293017679772782,0.0006802721088435374,0.0006802721088435374,27.721756005376513,27.721756005376513,3.244474172592163,6.439429982357462,7.293017679772782,266.73379888633906,27.721756005376513,553.6115866573627,established,1.0335399047138549e+219,504.2991250763277,1.0,3.6066322725725322e-130,553.6115866573627
DS3,DS3,221.5,222.12774448,4,27.721756005376513,7.293017679772782,0.0006802721088435374,0.0006802721088435374,27.721756005376513,27.721756005376513,3.199983835220337,6.439428830897926,7.293017679772782,267.85859433958944,27.721756005376513,556.9338041776354,established,2.865154106029732e+220,507.6213425966003,1.0,1.8033161362862627e-130,556.9338041776354
DS3,DS3,222.0,222.62774448,4,27.721756005376513,7.293017679772782,0.0006802721088435374,0.0006802721088435374,27.721756005376513,27.721756005376513,3.274177312850952,6.439428543033042,7.293017679772782,268.99486481944734,27.721756005376513,560.256021697908,established,7.942710304515818e+221,510.9435601168729,1.0,9.016580681431297e-131,560.256021697908
DS3,DS3,222.5,223.12774448,4,27.721756005376513,7.293017679772782,0.0006802721088435374,0.0006802721088435374,27.721756005376513,27.721756005376513,3.452881097793579,6.4394284710668215,7.293017679772782,270.2404258097213,27.721756005376513,563.5782392181806,established,2.2018587708311277e+223,514.2657776371452,1.0,4.5082903407156397e-131,563.5782392181806
DS3,DS3,223.0,223.62774448,4,27.721756005376513,7.293017679772782,0.0006802721088435374,0.0006802721088435374,27.721756005376513,27.721756005376513,3.7306771278381348,6.439428453075267,7.293017679772782,271.53078755090644,27.721756005376513,566.9004567384532,established,6.103939160327822e+224,517.5879951574178,1.0,2.2541451703578159e-131,566.9004567384532
DS3,DS3,223.5,224.12774448,4,27.721756005376513,7.293017679772782,0.0006802721088435374,0.0006802721088435374,27.721756005376513,27.721756005376513,3.970043659210205,6.439428448577377,7.293017679772782,272.8954880336921,27.721756005376513,570.2226742587258,established,1.6921191207426915e+226,520.9102126776904,1.0,1.1270725851789058e-131,570.2226742587258
DS3,DS3,224.0,224.62774448,4,27.721756005376513,7.293017679772782,0.0006802721088435374,0.0006802721088435374,27.721756005376513,27.721756005376513,3.953529119491577,6.439428447452905,7.293017679772782,274.29746977637217,27.721756005376513,573.5448917789984,established,4.690851339726071e+227,524.232430197963,1.0,5.6353629258945184e-132,573.5448917789984
DS3,DS3,224.5,225.12774448,4,27.721756005376513,7.293017679772782,0.0006802721088435374,0.0006802721088435374,27.721756005376513,27.721756005376513,4.008898735046387,6.439428447171787,7.293017679772782,275.7938828746478,27.721756005376513,576.867109299271,established,1.3003863629737852e+229,527.5546477182356,1.0,2.817681462947414e-132,576.867109299271
DS3,DS3,225.0,225.62774448,4,27.721756005376513,7.293017679772782,0.0006802721088435374,0.0006802721088435374,27.721756005376513,27.721756005376513,4.167956352233887,6.439428447101507,7.293017679772782,277.49154357562463,27.721756005376513,580.1893268195436,established,3.6048993467077926e+230,530.8768652385082,1.0,1.4088407314737045e-132,580.1893268195436
DS3,DS3,225.5,226.12774448,5,27.721756005376513,7.293017679772783,0.0006802721088435374,0.0006802721088435374,27.721756005376513,27.721756005376513,4.213070392608643,7.646821280911077,7.293017679772783,279.5130611191193,27.721756005376513,583.5115443398162,established,9.993414011337372e+231,534.1990827587808,1.0,7.044203657368509e-133,583.5115443398162
DS3,DS3,226.0,226.62774448,5,27.721756005376513,7.293017679772783,0.0006802721088435374,0.0006802721088435374,27.721756005376513,27.721756005376513,4.372394561767578,7.9486694893634695,7.293017679772783,281.68363090107835,27.721756005376513,586.8337618600888,established,2.770349848830031e+233,537.5213002790534,1.0,3.522101828684248e-133,586.8337618600888
DS3,DS3,226.5,227.12774448,5,27.721756005376513,7.293017679772783,0.0006802721088435374,0.0006802721088435374,27.721756005376513,27.721756005376513,4.509174823760986,8.024131541476567,7.293017679772783,283.8671302775541,27.721756005376513,590.1559793803614,established,7.679896255879715e+234,540.843517799326,1.0,1.761050914342121e-133,590.1559793803614
DS3,DS3,227.0,227.62774448,5,27.721756005376513,7.293017679772783,0.0006802721088435374,0.0006802721088435374,27.721756005376513,27.721756005376513,4.438403606414795,8.042997054504841,7.293017679772783,286.23537976990133,27.721756005376513,593.478196900634,established,2.1290021015210016e+236,544.1657353195986,1.0,8.805254571710587e-134,593.478196900634
DS3,DS3,227.5,228.12774448,5,27.721756005376513,7.293017679772783,0.0006802721088435374,0.0006802721088435374,27.721756005376513,27.721756005376513,4.424030303955078,8.04771343276191,7.293017679772783,288.5958242962756,27.721756005376513,596.8004144209066,established,5.9019676793298516e+237,547.4879528398712,1.0,4.402627285855286e-134,596.8004144209066
DS3,DS3,228.0,228.62774448,5,27.721756005376513,7.293017679772783,0.0006802721088435374,0.0006802721088435374,27.721756005376513,27.721756005376513,4.336371421813965,8.048892527326178,7.293017679772783,290.6929458970823,27.721756005376513,600.1226319411792,established,1.6361290795799892e+239,550.8101703601438,1.0,2.2013136429276384e-134,600.1226319411792
DS3,DS3,228.5,229.12774448,5,27.721756005376513,7.293017679772783,0.0006802721088435374,0.0006802721088435374,27.721756005376513,27.721756005376513,4.261383533477783,8.049187300967244,7.293017679772783,292.91725551287317,27.721756005376513,603.4448494614518,established,4.535637113741731e+240,554.1323878804164,1.0,1.1006568214638172e-134,603.4448494614518
DS3,DS3,229.0,229.62774448,5,27.721756005376513,7.293017679772783,0.0006802721088435374,0.0006802721088435374,27.721756005376513,27.721756005376513,4.455210208892822,8.049260994377512,7.293017679772783,295.2509659374752,27.721756005376513,606.7670669817244,established,1.257358253960773e+242,557.454605400689,1.0,5.503284107319076e-135,606.7670669817244
DS3,DS3,229.5,230.12774448,5,24.8862983604875,7.073295222039159,0.0006802721088435374,0.0006802721088435374,27.721756005376513,27.721756005376513,4.575476169586182,8.049279417730078,7.073295222039159,297.37533122400424,24.8862983604875,609.9813843670958,established,3.1290992654091074e+243,560.6689227860604,1.0,2.751642053659533e-135,609.9813843670958
DS3,DS3,230.0,230.62774448,5,27.721756005376513,7.293017679772783,0.0006802721088435374,0.0006802721088435374,27.721756005376513,27.721756005376513,4.313000679016113,8.04928402356822,7.293017679772783,299.4158342416086,27.721756005376513,613.3036018873684,established,8.674412635227339e+244,563.991140306333,1.0,1.375821026829764e-135,613.3036018873684
DS3,DS3,230.5,231.12774448,5,27.721756005376513,7.293017679772783,0.0006802721088435374,0.0006802721088435374,27.721756005376513,27.721756005376513,4.374195575714111,8.049285175027755,7.293017679772783,301.3287173608937,27.721756005376513,616.625819407641,established,2.4046995056372523e+246,567.3133578266056,1.0,6.879105134148806e-136,616.625819407641
DS3,DS3,231.0,231.62774448,5,27.721756005376513,7.293017679772783,0.0006802721088435374,0.0006802721088435374,27.721756005376513,27.721756005376513,4.4603729248046875,8.04928546289264,7.293017679772783,303.00104291687387,27.721756005376513,619.9480369279136,established,6.666249296152483e+247,570.6355753468782,1.0,3.439552567074397e-136,619.9480369279136
DS3,DS3,231.5,232.12774448,5,23.38781982808657,6.813438625213108,0.0006802721088435374,0.0006802721088435374,27.721756005376513,27.721756005376513,4.337473392486572,8.04928553485886,6.813438625213108,304.3919793138899,23.38781982808657,623.1002522945923,established,1.5590903746752475e+249,573.787790713557,1.0,1.7197762835371953e-136,623.1002522945923
DS3,DS3,232.0,232.62774448,5,27.721756005376513,7.293017679772783,0.0006802721088435374,0.0006802721088435374,27.721756005376513,27.721756005376513,4.356710910797119,8.049285552850415,7.293017679772783,305.74176911662,27.721756005376513,626.4224698148649,established,4.3220722957077876e+250,577.1100082338296,1.0,8.59888141768596e-137,626.4224698148649
DS3,DS3,232.5,233.12774448,5,27.721756005376513,7.293017679772783,0.0006802721088435374,0.0006802721088435374,27.721756005376513,27.721756005376513,4.520400047302246,8.049285557348304,7.293017679772783,307.0188773254551,27.721756005376513,629.7446873351375,established,1.1981543361920773e+252,580.4322257541022,1.0,4.299440708842972e-137,629.7446873351375
DS3,DS3,233.0,233.62774448,5,27.721756005376513,7.293017679772783,0.0006802721088435374,0.0006802721088435374,27.721756005376513,27.721756005376513,4.531224727630615,8.049285558472777,7.293017679772783,308.18960043440234,27.721756005376513,633.0669048554101,established,3.321494216470033e+253,583.7544432743748,1.0,2.149720354421482e-137,633.0669048554101
DS3,DS3,233.5,234.12774448,5,27.721756005376513,7.293017679772783,0.0006802721088435374,0.0006802721088435374,27.721756005376513,27.721756005376513,4.308131217956543,8.049285558753894,7.293017679772783,309.4629836330808,27.721756005376513,636.3891223756827,established,9.207765224225068e+254,587.0766607946474,1.0,1.074860177210739e-137,636.3891223756827
DS3,DS3,234.0,234.62774448,5,23.929073696519545,6.934665785927171,0.0006802721088435374,0.0006802721088435374,27.721756005376513,27.721756005376513,4.25464391708374,8.049285558824174,6.934665785927171,310.6490528936184,23.92907369651955,639.5642165679745,established,2.20333292630725e+256,590.2517549869392,1.0,5.374300886053685e-138,639.5642165679745
DS3,DS3,234.5,235.12774448,4,22.393645888059034,6.71737140652427,0.0006802721088435374,0.0006802721088435374,27.721756005376513,27.721756005376513,3.8431856632232666,6.841892725014604,6.71737140652427,311.81495436231256,22.393645888059034,642.6729938208831,established,4.934065732522302e+257,593.3605322398478,1.0,2.687150443026837e-138,642.6729938208831
DS3,DS3,235.0,235.62774448,4,21.634181860504174,6.442718334357243,0.0006802721088435374,0.0006802721088435374,27.721756005376513,27.721756005376513,3.1527328491210938,6.540044516562212,6.442718334357243,312.7978877435124,21.634181860504174,645.7472683782917,established,1.067444753690739e+259,596.4348067972563,1.0,1.3435752215134163e-138,645.7472683782917
DS3,DS3,235.5,236.12774448,4,17.964428030470945,6.096144744077271,0.0006802721088435374,0.001360544217687075,27.721756005376513,27.721756005376513,3.1933984756469727,6.464582464449114,6.096144744077271,313.784029970566,17.964428030470945,648.6356619603581,established,1.917603445418018e+260,599.3232003793228,1.0,6.7178761075670686e-139,648.6356619603581
DS3,DS3,236.0,236.62774448,4,17.480714690398045,6.072317199126189,0.0006802721088435374,0.0017006802721088435,27.721756005376513,27.721756005376513,3.1616642475128174,6.44571695142084,6.072317199126189,314.7733133549487,17.480714690398045,651.496760215928,established,3.352107871867543e+261,602.1842986348927,1.0,3.358938053783528e-139,651.496760215928
DS3,DS3,236.5,237.12774448,4,15.48657395531423,5.557237074067925,0.0006802721088435374,0.009863945578231293,27.721756005376513,27.721756005376513,2.715394973754883,6.441000573163771,5.557237074067925,315.62166791210524,15.48657395531423,654.236733668057,established,5.1912666463869594e+262,604.9242720870217,1.0,1.6794690268917608e-139,654.236733668057
DS3,DS3,237.0,237.62774448,4,15.611877299429214,5.609667206813442,0.0006802721088435374,0.007482993197278911,27.721756005376513,27.721756005376513,2.9908716678619385,6.439821478599503,5.609667206813442,316.5456708739196,15.611877299429214,656.984765657969,established,8.104541791201358e+263,607.6723040769336,1.0,8.397345134458788e-140,656.984765657969
DS3,DS3,237.5,238.12774448,4,16.191869064714368,5.847831800824699,0.0006802721088435374,0.004421768707482994,27.721756005376513,27.721756005376513,2.9675045013427734,6.439526704958437,5.847831800824699,317.47624879429685,16.191869064714368,659.769274864623,established,1.3122767951263166e+265,610.4568132835876,1.0,4.1986725672293867e-140,659.769274864623
DS3,DS3,238.0,238.62774448,4,17.056637582891504,6.072317199126189,0.0006802721088435374,0.002380952380952381,27.721756005376513,27.721756005376513,2.360215187072754,6.439453011548171,6.072317199126189,318.2531148816143,17.056637582891504,662.6058142936438,established,2.2383029702909214e+266,613.2933527126086,1.0,2.0993362836146894e-140,662.6058142936438
DS3,DS3,238.5,239.12774448,4,18.074393991139097,6.159867806484467,0.0006802721088435374,0.001360544217687075,27.721756005376513,27.721756005376513,1.860202431678772,6.439434588195604,6.159867806484467,318.8997210639213,18.074393991139097,665.5003105336654,established,4.045596975657425e+267,616.1878489526301,1.0,1.0496681418073427e-140,665.5003105336654
DS3,DS3,239.0,239.62774448,4,21.824883218223523,6.531887070341926,0.0006802721088435374,0.0006802721088435374,27.721756005376513,27.721756005376513,1.1527113914489746,6.439429982357462,6.531887070341926,319.364514583597,21.824883218223523,668.5833612845507,established,8.829468154172001e+268,619.2708997035155,1.0,5.2483407090367036e-141,668.5833612845507
DS3,DS3,239.5,240.12774448,4,23.612373856635053,6.946444089492809,0.0006802721088435374,0.0006802721088435374,27.721756005376513,27.721756005376513,0.8792917132377625,6.439428830897926,6.946444089492809,319.7698412271831,23.612373856635053,671.7451321751358,established,2.0848470301156516e+270,622.4326705941006,1.0,2.624170354518496e-141,671.7451321751358
DS3,DS3,240.0,240.62774448,4,27.721756005376513,7.293017679772782,0.0006802721088435374,0.0006802721088435374,27.721756005376513,27.721756005376513,0.6497843861579895,6.439428543033042,7.293017679772782,320.1100186007712,27.721756005376513,675.0673496954084,established,5.779562067739943e+271,625.7548881143732,1.0,1.3120851772592457e-141,675.0673496954084
DS3,DS3,240.5,241.12774448,4,24.17743394926525,7.018364607605754,0.0006802721088435374,0.0006802721088435374,27.721756005376513,27.721756005376513,0.43901869654655457,6.4394284710668215,7.018364607605754,320.39651702220175,24.17743394926525,678.2527694121045,established,1.3973498014846325e+273,628.9403078310693,1.0,6.560425886296215e-142,678.2527694121045
DS3,DS3,241.0,241.62774448,4,24.17743394926525,7.018364607605754,0.0006802721088435374,0.0006802721088435374,27.721756005376513,27.721756005376513,0.4308314025402069,6.439428453075267,7.018364607605754,320.67151912326545,24.17743394926525,681.4381891288006,established,3.378433252941407e+274,632.1257275477653,1.0,3.280212943148102e-142,681.4381891288006
DS3,DS3,241.5,242.12774448,4,27.721756005376513,7.293017679772782,0.0006802721088435374,0.0006802721088435374,27.721756005376513,27.721756005376513,0.420967161655426,6.439428448577377,7.293017679772782,320.9315779152009,27.721756005376513,684.7604066490732,established,9.365610231849132e+275,635.4479450680379,1.0,1.640106471574048e-142,684.7604066490732
DS3,DS3,242.0,242.62774448,4,27.721756005376513,7.293017679772782,0.0006802721088435374,0.0006802721088435374,27.721756005376513,27.721756005376513,0.42127278447151184,6.439428447452905,7.293017679772782,321.1859771567079,27.721756005376513,688.0826241693458,established,2.5963116168877705e+277,638.7701625883105,1.0,8.200532357870224e-143,688.0826241693458
DS3,DS3,242.5,243.12774448,4,27.721756005376513,7.293017679772782,0.0006802721088435374,0.0006802721088435374,27.721756005376513,27.721756005376513,0.3639833331108093,6.439428447171787,7.293017679772782,321.3886192860695,27.721756005376513,691.4048416896184,established,7.197431715728672e+278,642.0923801085831,1.0,4.1002661789351045e-143,691.4048416896184
DS3,DS3,243.0,243.62774448,4,23.612373856635053,6.946444089492809,0.0006802721088435374,0.0006802721088435374,27.721756005376513,27.721756005376513,0.3406869173049927,6.439428447101507,6.946444089492809,321.6010019692274,23.612373856635053,694.5666125802035,established,1.6994844847938964e+280,645.2541509991682,1.0,2.0501330894675486e-143,694.5666125802035
DS3,DS3,243.5,244.12774448,4,27.721756005376513,7.293017679772782,0.0006802721088435374,0.0006802721088435374,27.721756005376513,27.721756005376513,0.3182533383369446,6.439428447083937,7.293017679772782,321.8169898914786,27.721756005376513,697.8888301004761,established,4.7112694222378984e+281,648.5763685194408,1.0,1.0250665447337723e-143,697.8888301004761
DS3,DS3,244.0,244.62774448,4,24.17743394926525,7.018364607605754,0.0006802721088435374,0.0006802721088435374,27.721756005376513,27.721756005376513,0.3517288267612457,6.439428447079545,7.018364607605754,322.03578176523166,24.177433949265254,701.0742498171721,established,1.1390640527335138e+283,651.7617882361369,1.0,5.125332723668852e-144,701.0742498171721
DS3,DS3,244.5,245.12774448,4,24.17743394926525,7.018364607605754,0.0006802721088435374,0.0006802721088435374,27.721756005376513,27.721756005376513,0.46470701694488525,6.4394284470784475,7.018364607605754,322.2765882792564,24.177433949265254,704.2596695338682,established,2.7539645898947295e+284,654.947207952833,1.0,2.562666361834421e-144,704.2596695338682
DS3,DS3,245.0,245.62774448,4,22.304335783764085,6.69354386157319,0.0006802721088435374,0.0006802721088435374,27.721756005376513,27.721756005376513,0.3736523389816284,6.439428447078173,6.69354386157319,322.4990577446909,22.304335783764085,707.3644506232005,established,6.142535094960918e+285,658.0519890421652,1.0,1.2813331809172082e-144,707.3644506232005
DS3,DS3,245.5,246.12774448,5,14.460511104203311,5.697424061147072,0.0006802721088435374,0.004081632653061225,27.721756005376513,27.721756005376513,0.3088514506816864,7.646821280905243,5.697424061147072,322.68360480392886,14.460511104203311,710.0358721853786,established,8.8824196948642e+286,660.7234106043434,1.0,6.40666590458603e-145,710.0358721853786
DS3,DS3,246.0,246.62774448,5,11.609117867071998,5.547494444108568,0.0006802721088435374,0.007482993197278911,27.721756005376513,20.633111893153995,0.39291274547576904,7.948669489362011,5.547494444108568,322.8976779597492,11.609117867071998,712.48766299776,established,1.0311705718247819e+288,663.1752014167248,1.0,3.2033329522930084e-145,712.48766299776
DS3,DS3,246.5,247.12774448,5,13.42963235380085,5.836053497259061,0.0006802721088435374,0.0020408163265306124,27.721756005376513,20.633111893153995,0.41627123951911926,8.024131541476203,5.836053497259061,323.1250629814954,13.42963235380085,715.0851266329242,established,1.3848241673665235e+289,665.772665051889,1.0,1.6016664761465014e-145,715.0851266329242
DS3,DS3,247.0,247.62774448,5,8.116170284135974,5.235431021088738,0.0020408163265306124,0.004081632653061225,13.544467780931475,11.151406121011583,0.34877046942710876,8.04299705450475,5.235431021088738,323.3197599011154,8.116170284135974,717.178985035956,established,1.1239468755932973e+290,667.8665234549208,1.0,8.00833238073249e-146,717.178985035956
DS3,DS3,247.5,248.12774448,5,9.699482778973168,5.153035063262868,0.0006802721088435374,0.00816326530612245,27.721756005376513,16.886915562151657,0.3404710590839386,8.047713432761888,5.153035063262868,323.51290743077703,9.699482778973168,719.4510575982883,established,1.0901703364298216e+291,670.1385960172531,1.0,4.004166190366238e-146,719.4510575982883
DS3,DS3,248.0,248.62774448,5,10.395549130548046,5.291664499374855,0.0006802721088435374,0.005442176870748299,27.721756005376513,18.2400502332341,0.33013418316841125,8.048892527326172,5.291664499374855,323.7281990545482,10.395549130548046,721.7924353446147,established,1.133291929302295e+292,672.4799737635794,1.0,2.0020830951831156e-146,721.7924353446147
DS3,DS3,248.5,249.12774448,5,11.696802724058015,5.551521096200908,0.0006802721088435374,0.005442176870748299,27.721756005376513,20.633111893153995,0.35823047161102295,8.049187300967244,5.551521096200908,323.91859439040127,11.696802724058015,724.2517508776249,established,1.3255892125815975e+293,674.9392892965897,1.0,1.0010415475915558e-146,724.2517508776249
DS3,DS3,249.0,249.62774448,5,8.9966549823349,5.45126986165094,0.0020408163265306124,0.005442176870748299,13.544467780931475,12.41434759567108,0.34806618094444275,8.049260994377512,5.45126986165094,324.12503674502074,8.9966549823349,726.4486037172458,established,1.1925868793901791e+294,677.1361421362105,1.0,5.00520773795777e-147,726.4486037172458
DS3,DS3,249.5,250.12774448,5,14.985829380393984,5.888444062556253,0.0006802721088435374,0.004081632653061225,27.721756005376513,27.721756005376513,0.39038076996803284,8.049279417730078,5.888444062556253,324.352404418835,14.985829380393984,729.1557087638564,established,1.7871903495837606e+295,679.8432471828212,1.0,2.50260386897888e-147,729.1557087638564
DS3,DS3,250.0,250.62774448,4,19.46790313534777,6.426583704072851,0.0006802721088435374,0.001020408163265306,27.721756005376513,27.721756005376513,0.39086654782295227,6.84189118974108,6.426583704072851,324.59553997690375,19.46790313534777,732.1244758802321,established,3.4792848610125276e+296,682.8120142991969,1.0,1.2513019344894378e-147,732.1244758802321
DS3,DS3,250.5,251.12774448,4,11.80184772414835,5.537300658252121,0.0006802721088435374,0.0057823129251700685,27.721756005376513,27.721756005376513,0.4312572181224823,6.540044132743831,5.537300658252121,324.8195496934145,11.801847724148349,734.5927319862376,established,4.106199011860654e+297,685.2802704052024,1.0,6.256509672447177e-148,734.5927319862376
DS3,DS3,251.0,251.62774448,4,12.981409015415093,5.674545005684713,0.0006802721088435374,0.004081632653061225,27.721756005376513,27.721756005376513,0.35224953293800354,6.4645823684945185,5.674545005684713,325.02813562030485,12.981409015415094,737.1562502444276,established,5.3304248871657705e+298,687.8437886633924,1.0,3.1282548362235827e-148,737.1562502444276
DS3,DS3,251.5,252.12774448,4,12.06925352320659,5.624377331819176,0.0006802721088435374,0.0057823129251700685,27.721756005376513,27.721756005376513,0.33893755078315735,6.445716927432191,5.624377331819176,325.23870091314006,12.06925352320659,739.6469114319913,established,6.433424934961335e+299,690.334449850956,1.0,1.5641274181117884e-148,739.6469114319913
DS3,DS3,252.0,252.62774448,4,5.093169987845675,4.571808824511885,0.007482993197278911,0.010884353741496598,6.052075118926798,6.052075118926798,0.2958270311355591,6.441000567166609,4.571808824511885,325.41774435664104,5.093169987845675,741.2748118560982,established,9.999999999999763e+299,691.9623502750629,1.0,7.820637090558928e-149,741.2748118560982
DS3,DS3,252.5,253.12774448,4,6.786972445445816,4.973704910458079,0.004081632653061225,0.0057823129251700685,8.758344461091689,8.758344461091689,0.3210953176021576,6.439821477100213,4.973704910458079,325.6128975945203,6.786972445445816,743.1898168139096,established,9.999999999999763e+299,693.8773552328744,1.0,3.9103185452794567e-149,743.1898168139096
DS3,DS3,253.0,253.62774448,4,11.72045668776943,5.4740515296361485,0.0006802721088435374,0.007482993197278911,27.721756005376513,27.721756005376513,0.3217119574546814,6.439526704583614,5.4740515296361485,325.81932046885174,11.72045668776943,745.6511525638325,established,9.999999999999763e+299,696.3386909827973,1.0,1.9551592726397246e-149,745.6511525638325
DS3,DS3,253.5,254.12774448,4,11.411641979946577,5.329131510293866,0.0006802721088435374,0.0054421768707483,27.721756005376513,27.721756005376513,0.36683738231658936,6.439453011454464,5.329131510293866,326.0151140096275,11.411641979946577,748.0857866244472,established,9.999999999999763e+299,698.773325043412,1.0,9.775796363198605e-150,748.0857866244472
DS3,DS3,254.0,254.62774448,4,14.108470945876569,5.994778467050229,0.0006802721088435374,0.0030612244897959186,27.721756005376513,27.721756005376513,0.34558817744255066,6.439434588172177,5.994778467050229,326.23448386962093,14.108470945876569,750.7325620177409,established,9.999999999999763e+299,701.4201004367056,1.0,4.887898181599293e-150,750.7325620177409
DS3,DS3,254.5,255.12774448,4,17.36489935664504,6.207066324309361,0.0006802721088435374,0.00272108843537415,27.721756005376513,27.721756005376513,0.42701566219329834,6.439429982351605,6.207066324309361,326.4951962786404,17.36489935664504,753.5870129081611,established,9.999999999999763e+299,704.2745513271259,1.0,2.443949090799781e-150,753.5870129081611
DS3,DS3,255.0,255.62774448,4,18.2400502332341,6.397137945158754,0.0006802721088435374,0.002380952380952381,27.721756005376513,27.721756005376513,0.4408954679965973,6.439428830896462,6.397137945158754,326.7431941750136,18.2400502332341,756.4906326468185,established,9.999999999999763e+299,707.1781710657833,1.0,1.2219745453998883e-150,756.4906326468185
DS3,DS3,255.5,256.12774448,4,20.068051800523797,6.6717910173257815,0.0006802721088435374,0.001360544217687075,27.721756005376513,27.721756005376513,0.3536946177482605,6.439428543032676,6.6717910173257815,326.9811565789071,20.068051800523797,759.4897617346871,established,9.999999999999763e+299,710.1773001536519,1.0,6.10987272699943e-151,759.4897617346871
DS3,DS3,256.0,256.62774448,4,23.24372703485848,6.890658201664256,0.0006802721088435374,0.0006802721088435374,27.721756005376513,27.721756005376513,0.4124409258365631,6.43942847106673,6.890658201664256,327.2543084996429,23.24372703485848,762.6357970253642,established,9.999999999999763e+299,713.323335444329,1.0,3.054936363499709e-151,762.6357970253642
DS3,DS3,256.5,257.12774448,4,16.976225666446606,6.117897588324677,0.0006802721088435374,0.0037414965986394557,27.721756005376513,27.721756005376513,0.5133568048477173,6.4394284530752435,6.117897588324677,327.5132322999325,16.976225666446606,765.4676109004114,established,9.999999999999763e+299,716.1551493193762,1.0,1.527468181749852e-151,765.4676109004114
DS3,DS3,257.0,257.62774448,4,12.587506800223528,5.739365655167234,0.0006802721088435374,0.00510204081632653,27.721756005376513,27.721756005376513,0.501287579536438,6.439428448577372,5.739365655167234,327.75701225871705,12.58750680022353,768.0003156986921,established,9.999999999999763e+299,718.6878541176569,1.0,7.637340908749244e-152,768.0003156986921
DS3,DS3,257.5,258.12774448,4,13.31038366440972,5.857266882820411,0.0006802721088435374,0.0034013605442176874,27.721756005376513,27.721756005376513,0.47206586599349976,6.439428447452904,5.857266882820411,328.0032451125469,13.31038366440972,770.5888601559586,established,9.999999999999763e+299,721.2763985749234,1.0,3.818670454374615e-152,770.5888601559586
DS3,DS3,258.0,258.62774448,4,6.968407525067736,4.97230591408205,0.0027210884353741495,0.006802721088435375,11.284227410410685,11.284227410410685,0.3460463285446167,6.439428447171787,4.97230591408205,328.2005507486548,6.968407525067736,772.5302468790265,established,9.999999999999763e+299,723.2177852979913,1.0,1.9093352271873042e-152,772.5302468790265
DS3,DS3,258.5,259.12774448,4,10.592673595183143,5.409327015513398,0.0013605442176870747,0.0030612244897959186,17.58362112427143,17.58362112427143,0.3438180387020111,6.439428447101507,5.409327015513398,328.39979416156666,10.592673595183143,774.8904094709105,established,9.999999999999763e+299,725.5779478898753,1.0,9.546676135936502e-153,774.8904094709105
DS3,DS3,259.0,259.62774448,4,15.5606192283069,5.596903414113371,0.0006802721088435374,0.009183673469387756,27.721756005376513,27.721756005376513,0.3711495101451874,6.439428447083937,5.596903414113371,328.591913075992,15.5606192283069,777.6351527850326,established,9.999999999999763e+299,728.3226912039974,1.0,4.773338067968243e-153,777.6351527850326
DS3,DS3,259.5,260.12774448,4,16.19848565828746,5.876411007744673,0.0006802721088435374,0.006122448979591836,27.721756005376513,27.721756005376513,0.3369043469429016,6.439428447079545,5.876411007744673,328.7826090971614,16.198485658287456,780.4200705450181,established,9.999999999999763e+299,731.1076089639829,1.0,2.3866690339841165e-153,780.4200705450181
DS3,DS3,260.0,260.62774448,4,11.286616480557594,5.420245781389062,0.0006802721088435374,0.007482993197278912,27.721756005376513,27.721756005376513,0.34188374876976013,6.4394284470784475,5.420245781389062,328.9931740845228,11.286616480557594,782.8436881865499,established,9.999999999999763e+299,733.5312266055147,1.0,1.193334516992056e-153,782.8436881865499
DS3,DS3,260.5,261.12774448,4,6.618506036000342,4.777798719076564,0.0020408163265306124,0.011564625850340135,13.544467780931475,13.544467780931475,0.33665916323661804,6.439428447078173,4.777798719076564,329.1876650179411,6.618506036000342,784.7335578567104,established,9.999999999999763e+299,735.4210962756752,1.0,5.96667258496027e-154,784.7335578567104
DS3,DS3,261.0,261.62774448,4,6.653094393726295,4.799997593772347,0.0027210884353741495,0.00816326530612245,11.284227410410685,11.284227410410685,0.315571665763855,6.439428447078104,4.799997593772347,329.37601394603496,6.653094393726295,786.6286399255141,established,9.999999999999763e+299,737.3161783444789,1.0,2.983336292480129e-154,786.6286399255141
DS3,DS3,261.5,262.12774448,4,16.79969064242647,5.942348334304712,0.0006802721088435374,0.002380952380952381,27.721756005376513,27.721756005376513,0.5125811696052551,6.439428447078087,5.942348334304712,329.62559562350157,16.79969064242647,789.4500003976125,established,9.999999999999763e+299,740.1375388165773,1.0,1.491668146240062e-154,789.4500003976125
DS3,DS3,262.0,262.62774448,4,12.521723391920538,5.534641058700858,0.0006802721088435374,0.0057823129251700685,27.721756005376513,27.721756005376513,0.4664769172668457,6.4394284470780825,5.534641058700858,329.85564649055243,12.521723391920538,791.9774654049232,established,9.999999999999763e+299,742.665003823888,1.0,7.458340731200295e-155,791.9774654049232
DS3,DS3,262.5,263.12774448,4,6.52463903919003,4.836906593473863,0.003401360544217687,0.009523809523809525,9.809640123304401,9.809640123304401,0.30753093957901,6.439428447078082,4.836906593473863,330.03656340489624,6.5246390391900295,793.8530510369375,established,9.999999999999763e+299,744.5405894559022,1.0,3.729170365600141e-155,793.8530510369375
DS3,DS3,263.0,263.62774448,4,4.956568863149385,4.4851119299021605,0.006802721088435374,0.009863945578231292,6.409315536106599,6.409315536106599,0.27151018381118774,6.439428447078082,4.4851119299021605,330.2040932613098,4.956568863149385,795.4537647768351,established,9.999999999999763e+299,746.1413031957999,1.0,1.864585182800067e-155,795.4537647768351
DS3,DS3,263.5,264.12774448,4,12.3157846968203,5.624377331819175,0.0006802721088435374,0.004081632653061225,27.721756005376513,27.721756005376513,0.332288533449173,6.439428447078082,5.624377331819175,330.4096030036592,12.3157846968203,797.9646465251612,established,9.999999999999763e+299,748.652184944126,1.0,9.322925914000316e-156,797.9646465251612
DS3,DS3,264.0,264.62774448,4,6.052891402352019,4.774077986403637,0.003401360544217687,0.009863945578231292,9.809640123304401,9.809640123304401,0.35907161235809326,6.439428447078082,4.774077986403637,330.61788423160544,6.052891402352019,799.7651826007818,established,9.999999999999763e+299,750.4527210197466,1.0,4.66146295700015e-156,799.7651826007818
DS3,DS3,264.5,265.12774448,4,5.286836062188742,4.655710527098082,0.007482993197278911,0.009863945578231292,6.052075118926798,6.052075118926798,0.330159991979599,6.439428447078082,4.655710527098082,330.817890796312,5.286836062188742,801.4304025698352,established,9.999999999999763e+299,752.1179409888,1.0,2.3307314785000703e-156,801.4304025698352
DS3,DS3,265.0,265.62774448,4,6.962720987932441,4.886628236891026,0.0020408163265306124,0.009523809523809523,13.544467780931475,13.544467780931475,0.37893858551979065,6.439428447078082,4.886628236891026,331.0040752711378,6.96272098793244,803.3709729143238,established,9.999999999999763e+299,754.0585113332886,1.0,1.165365739250033e-156,803.3709729143238
DS3,DS3,265.5,266.12774448,4,7.437426424744597,5.060361062479387,0.0027210884353741495,0.00782312925170068,11.284227410410685,11.284227410410685,0.3287152349948883,6.439428447078082,5.060361062479387,331.1968254434548,7.437426424744597,805.3774977926753,established,9.999999999999763e+299,756.0650362116401,1.0,5.8268286962501544e-157,805.3774977926753
DS3,DS3,266.0,266.62774448,4,7.125767867578955,5.1161469503079395,0.004081632653061225,0.006122448979591837,8.758344461091689,8.758344461091689,0.2892254590988159,6.439428447078082,5.1161469503079395,331.3807700576864,7.125767867578955,807.3412152839114,established,9.999999999999763e+299,758.0287537028762,1.0,2.913414348125072e-157,807.3412152839114
DS3,DS3,266.5,267.12774448,4,6.701001726009494,4.885229240514995,0.0027210884353741495,0.008503401360544217,11.284227410410685,11.284227410410685,0.4085545539855957,6.439428447078082,4.885229240514995,331.57900588388065,6.701001726009495,809.2434723104774,established,9.999999999999763e+299,759.9310107294422,1.0,1.4567071740625333e-157,809.2434723104774
DS3,DS3,267.0,267.62774448,4,12.264357733017807,5.442709863669528,0.0006802721088435374,0.00816326530612245,27.721756005376513,27.721756005376513,0.43926018476486206,6.439428447078082,5.442709863669528,331.7955006616793,12.264357733017809,811.7501696209804,established,9.999999999999763e+299,762.4377080399452,1.0,7.2835358703126526e-158,811.7501696209804
DS3,DS3,267.5,268.12774448,4,16.666389324736095,6.030553677960397,0.0006802721088435374,0.004421768707482994,27.721756005376513,27.721756005376513,0.437838077545166,6.439428447078082,6.030553677960397,332.0327109220109,16.666389324736095,814.5635636970861,established,9.999999999999763e+299,765.2511021160509,1.0,3.6417679351563194e-158,814.5635636970861
DS3,DS3,268.0,268.62774448,4,15.515878202875047,5.55245681370623,0.0006802721088435374,0.00782312925170068,27.721756005376513,27.721756005376513,0.4877486228942871,6.439428447078082,5.55245681370623,332.28442122290346,15.515878202875047,817.305427596857,established,9.999999999999763e+299,767.9929660158218,1.0,1.8208839675781563e-158,817.305427596857
DS3,DS3,268.5,269.12774448,4,11.978531028106648,5.303723348907914,0.0006802721088435374,0.010544217687074831,27.721756005376513,27.721756005376513,0.35558903217315674,6.439428447078082,5.303723348907914,332.49767507264824,11.978531028106648,819.7885435633372,established,9.999999999999763e+299,770.4760819823019,1.0,9.104419837890765e-159,819.7885435633372
DS3,DS3,269.0,269.62774448,4,10.645827823066567,5.224109916128279,0.0006802721088435374,0.009523809523809523,27.721756005376513,27.721756005376513,0.46254104375839233,6.439428447078082,5.224109916128279,332.7178627418956,10.645827823066565,822.1537116250344,established,9.999999999999763e+299,772.8412500439991,1.0,4.552209918945374e-159,822.1537116250344
DS3,DS3,269.5,270.12774448,4,9.16551278199311,5.3279714154047415,0.0020408163265306124,0.005102040816326531,13.544467780931475,13.544467780931475,0.39865219593048096,6.439428447078082,5.3279714154047415,332.93662751043644,9.16551278199311,824.3691594547875,established,9.999999999999763e+299,775.0566978737522,1.0,2.2761049594726827e-159,824.3691594547875
DS3,DS3,270.0,270.62774448,4,16.427480956670784,5.949198077851741,0.0006802721088435374,0.004421768707482994,27.721756005376513,27.721756005376513,0.3405818045139313,6.439428447078082,5.949198077851741,333.14783705497587,16.427480956670784,827.1681150553419,established,9.999999999999763e+299,777.8556534743067,1.0,1.138052479736404e-159,827.1681150553419
DS3,DS3,270.5,271.12774448,4,13.66424634375524,5.8990304039862025,0.0006802721088435374,0.0037414965986394557,27.721756005376513,27.721756005376513,0.3402673900127411,6.439428447078082,5.8990304039862025,333.35679186011157,13.66424634375524,829.7828977208962,established,9.999999999999763e+299,780.470436139861,1.0,5.690262398682009e-160,829.7828977208962
DS3,DS3,271.0,271.62774448,4,12.358442077042408,5.711033483840483,0.0006802721088435374,0.005102040816326531,27.721756005376513,27.721756005376513,0.44979825615882874,6.439428447078082,5.711033483840483,333.5966481866916,12.358442077042406,832.2972371194346,established,9.999999999999763e+299,782.9847755383994,1.0,2.845131199340999e-160,832.2972371194346
DS3,DS3,271.5,272.12774448,4,12.92156940123444,5.6888346091447,0.0006802721088435374,0.005102040816326531,27.721756005376513,27.721756005376513,0.4582497477531433,6.439428447078082,5.6888346091447,333.84036943490105,12.92156940123444,834.8561350810959,established,9.999999999999763e+299,785.5436735000607,1.0,1.422565599670497e-160,834.8561350810959
DS3,DS3,272.0,272.62774448,4,17.2085683998665,6.17368347615323,0.0006802721088435374,0.003061224489795918,27.721756005376513,27.721756005376513,0.43383345007896423,6.439428447078082,6.17368347615323,334.0843237596233,17.2085683998665,837.7015425036564,established,9.999999999999763e+299,788.3890809226211,1.0,7.112827998352472e-161,837.7015425036564
DS3,DS3,272.5,273.12774448,4,17.29787850416145,6.197511021104312,0.0006802721088435374,0.003061224489795918,27.721756005376513,27.721756005376513,0.3443841338157654,6.439428447078082,6.197511021104312,334.30709480220867,17.297878504161446,840.5521263678232,established,9.999999999999763e+299,791.239664786788,1.0,3.556413999176229e-161,840.5521263678232
DS3,DS3,273.0,273.62774448,4,12.941736842633148,5.801480994991858,0.0006802721088435374,0.003741496598639456,27.721756005376513,27.721756005376513,0.33521559834480286,6.439428447078082,5.801480994991858,334.5148697930057,12.94173684263315,843.1125838706581,established,9.999999999999763e+299,793.8001222896229,1.0,1.7782069995881113e-161,843.1125838706581
DS3,DS3,273.5,274.12774448,4,7.524229858167656,5.2175132273349805,0.004081632653061225,0.004761904761904762,8.758344461091689,8.758344461091689,0.3026849031448364,6.439428447078082,5.2175132273349805,334.7202988120396,7.524229858167656,845.130712331626,established,9.999999999999763e+299,795.8182507505908,1.0,8.891034997940539e-162,845.130712331626
DS3,DS3,274.0,274.62774448,4,11.933473852235355,5.576284358657311,0.0006802721088435374,0.0054421768707483,27.721756005376513,27.721756005376513,0.33704930543899536,6.439428447078082,5.576284358657311,334.94275573814696,11.933473852235355,847.6100597116222,established,9.999999999999763e+299,798.297598130587,1.0,4.445517498970262e-162,847.6100597116222
DS3,DS3,274.5,275.12774448,4,13.008644774300993,5.821491671910243,0.0006802721088435374,0.003741496598639456,27.721756005376513,27.721756005376513,0.34882596135139465,6.439428447078082,5.821491671910243,335.17863905007425,13.008644774300993,850.1756738307192,established,9.999999999999763e+299,800.863212249684,1.0,2.222758749485127e-162,850.1756738307192
DS3,DS3,275.0,275.62774448,4,11.992444370332734,5.602624487571768,0.0006802721088435374,0.006122448979591837,27.721756005376513,27.721756005376513,0.4450523853302002,6.439428447078082,5.602624487571768,335.41899312014164,11.992444370332734,852.6599506463978,established,9.999999999999763e+299,803.3474890653625,1.0,1.1113793747425612e-162,852.6599506463978
DS3,DS3,275.5,276.12774448,4,13.377291596077564,5.877277559738795,0.0006802721088435374,0.0034013605442176874,27.721756005376513,27.721756005376513,0.3868458569049835,6.439428447078082,5.877277559738795,335.648189379521,13.377291596077564,855.25350925879,established,9.999999999999763e+299,805.9410476777548,1.0,5.556896873712796e-163,855.25350925879
DS3,DS3,276.0,276.62774448,4,12.265082744238862,5.665453094641994,0.0006802721088435374,0.004761904761904762,27.721756005376513,27.721756005376513,0.40556925535202026,6.439428447078082,5.665453094641994,335.8802677320915,12.26508274423886,857.7602656828486,established,9.999999999999763e+299,808.4478041018134,1.0,2.7784484368563925e-163,857.7602656828486
DS3,DS3,276.5,277.12774448,4,10.809031719990138,5.277803741539203,0.0006802721088435374,0.00816326530612245,27.721756005376513,27.721756005376513,0.4023891091346741,6.439428447078082,5.277803741539203,336.0924529003578,10.80903171999014,860.140647737869,established,9.999999999999763e+299,810.8281861568338,1.0,1.3892242184281938e-163,860.140647737869
DS3,DS3,277.0,277.62774448,4,7.1782102082942,4.947364781543623,0.0020408163265306124,0.007823129251700681,13.544467780931475,13.544467780931475,0.3063339591026306,6.439428447078082,4.947364781543623,336.29358288968376,7.1782102082942,862.1116978152443,established,9.999999999999763e+299,812.799236234209,1.0,6.946121092140957e-164,862.1116978152443
DS3,DS3,277.5,278.12774448,4,7.73504146629263,5.161727339506428,0.0020408163265306124,0.007482993197278912,13.544467780931475,13.544467780931475,0.32883360981941223,6.439428447078082,5.161727339506428,336.4979432048874,7.735041466292629,864.1574586601201,established,9.999999999999763e+299,814.8449970790849,1.0,3.473060546070471e-164,864.1574586601201
DS3,DS3,278.0,278.62774448,4,11.38410824697532,5.379881256599301,0.0006802721088435374,0.006462585034013606,27.721756005376513,27.721756005376513,0.45635122060775757,6.439428447078082,5.379881256599301,336.7260956155734,11.384108246975321,866.5896770295567,established,9.999999999999763e+299,817.2772154485215,1.0,1.7365302730352326e-164,866.5896770295567
DS3,DS3,278.5,279.12774448,4,10.693458268150081,5.1880674684208845,0.0006802721088435374,0.009863945578231292,27.721756005376513,27.721756005376513,0.30985525250434875,6.439428447078082,5.1880674684208845,336.91142478982374,10.69345826815008,868.9593092072491,established,9.999999999999763e+299,819.6468476262139,1.0,8.682651365176146e-165,868.9593092072491
DS3,DS3,279.0,279.62774448,4,6.3256005430822695,4.819153834563066,0.003401360544217687,0.008163265306122448,9.809640123304401,9.809640123304401,0.31276047229766846,6.439428447078082,4.819153834563066,337.0910194868819,6.3256005430822695,870.8039141848784,established,9.999999999999763e+299,821.4914526038432,1.0,4.341325682588065e-165,870.8039141848784
DS3,DS3,279.5,280.12774448,4,5.655708493352944,4.702252183199951,0.004761904761904762,0.008503401360544218,7.964010296900345,7.964010296900345,0.2994096875190735,6.439428447078082,4.702252183199951,337.2763894940392,5.655708493352944,872.5365795727797,established,9.999999999999763e+299,823.2241179917445,1.0,2.1706628412940287e-165,872.5365795727797
DS3,DS3,280.0,280.62774448,4,6.8884217982581575,4.7857079903123605,0.0020408163265306124,0.011904761904761906,13.544467780931475,13.544467780931475,0.3116113543510437,6.439428447078082,4.7857079903123605,337.46141032973685,6.8884217982581575,874.4664215747111,established,9.999999999999763e+299,825.1539599936759,1.0,1.0853314206470122e-165,874.4664215747111
DS3,DS3,280.5,281.12774448,4,9.932682862335152,5.445472322716174,0.0013605442176870747,0.003741496598639456,17.58362112427143,17.58362112427143,0.41763487458229065,6.439428447078082,5.445472322716174,337.6821756424979,9.932682862335152,876.7622521937527,established,9.999999999999763e+299,827.4497906127175,1.0,5.426657103235051e-166,876.7622521937527
DS3,DS3,281.0,281.62774448,4,21.70555257628206,6.478493545267411,0.0006802721088435374,0.0006802721088435374,27.721756005376513,27.721756005376513,0.38261187076568604,6.439428447078082,6.478493545267411,337.9163567985073,21.70555257628206,879.839820300659,established,9.999999999999763e+299,830.5273587196237,1.0,2.7133285516175205e-166,879.839820300659
DS3,DS3,281.5,282.12774448,4,17.065535770741555,6.141725133275759,0.0006802721088435374,0.0037414965986394557,27.721756005376513,27.721756005376513,0.3538127839565277,6.439428447078082,6.141725133275759,338.1344324702993,17.065535770741555,882.6768812784077,established,9.999999999999763e+299,833.3644196973725,1.0,1.3566642758087577e-166,882.6768812784077
DS3,DS3,282.0,282.62774448,4,7.676525433735449,4.990832907120479,0.0020408163265306124,0.005442176870748299,13.544467780931475,13.544467780931475,0.32554149627685547,6.439428447078082,4.990832907120479,338.34420048395543,7.676525433735449,884.7150483057133,established,9.999999999999763e+299,835.402586724678,1.0,6.783321379043776e-167,884.7150483057133
DS3,DS3,282.5,283.12774448,4,12.715876192688283,5.466720625924523,0.0006802721088435374,0.0037414965986394557,27.721756005376513,27.721756005376513,0.3717399835586548,6.439428447078082,5.466720625924523,338.5547901401892,12.715876192688283,887.2578996123734,established,9.999999999999763e+299,837.9454380313382,1.0,3.3916606895218814e-167,887.2578996123734
DS3,DS3,283.0,283.62774448,4,17.482091861313958,6.182354865650202,0.0006802721088435374,0.002040816326530612,27.721756005376513,27.721756005376513,0.33883026242256165,6.439428447078082,6.182354865650202,338.77515967438364,17.482091861313954,890.1190766471406,established,9.999999999999763e+299,840.8066150661053,1.0,1.6958303447609377e-167,890.1190766471406
DS3,DS3,283.5,284.12774448,4,19.23799752214621,6.531887070341925,0.0006802721088435374,0.001360544217687075,27.721756005376513,27.721756005376513,0.42047378420829773,6.439428447078082,6.531887070341925,339.00353015611313,19.23799752214621,893.075964008071,established,9.999999999999763e+299,843.7635024270357,1.0,8.4791517238046725e-168,893.075964008071
DS3,DS3,284.0,284.62774448,4,18.502874148787278,6.4427183343572425,0.0006802721088435374,0.002040816326530612,27.721756005376513,27.721756005376513,0.35942327976226807,6.439428447078082,6.4427183343572425,339.2239915783181,18.502874148787278,895.9938900874821,established,9.999999999999763e+299,846.6814285064469,1.0,4.2395758619023282e-168,895.9938900874821
DS3,DS3,284.5,285.12774448,4,12.911302255971487,5.751663216214927,0.0006802721088435374,0.003741496598639456,27.721756005376513,27.721756005376513,0.39282485842704773,6.439428447078082,5.751663216214927,339.4244134458377,12.911302255971487,898.5519931591335,established,9.999999999999763e+299,849.2395315780983,1.0,2.1197879309511601e-168,898.5519931591335
DS3,DS3,285.0,285.62774448,4,6.087842995687337,4.792954874530673,0.004081632653061225,0.008503401360544217,8.758344461091689,8.758344461091689,0.33929675817489624,6.439428447078082,4.792954874530673,339.5990922051145,6.087842995687337,900.3582869902157,established,9.999999999999763e+299,851.0458254091805,1.0,1.0598939654756383e-168,900.3582869902157
DS3,DS3,285.5,286.12774448,4,5.584516572945419,4.620031451547682,0.005442176870748299,0.007142857142857143,7.338686469786171,7.338686469786171,0.3178793787956238,6.439428447078082,4.620031451547682,339.7708072091116,5.584516572945419,902.0782848608786,established,9.999999999999763e+299,852.7658232798434,1.0,5.299469827378182e-169,902.0782848608786
DS3,DS3,286.0,286.62774448,4,8.538164859861654,5.2266051383777,0.0020408163265306124,0.0054421768707483,13.544467780931475,13.544467780931475,0.36858683824539185,6.439428447078082,5.2266051383777,339.9878388571216,8.538164859861654,904.2228309579834,established,9.999999999999763e+299,854.9103693769482,1.0,2.649734913689086e-169,904.2228309579834
DS3,DS3,286.5,287.12774448,4,10.807427965501926,5.289433745447926,0.0006802721088435374,0.008843537414965987,27.721756005376513,27.721756005376513,0.43780678510665894,6.439428447078082,5.289433745447926,340.21568680728205,10.807427965501928,906.6030646302886,established,9.999999999999763e+299,857.2906030492534,1.0,1.3248674568445405e-169,906.6030646302886
DS3,DS3,287.0,287.62774448,4,6.945775184528374,5.053318343237713,0.004081632653061225,0.006122448979591837,8.758344461091689,8.758344461091689,0.29261118173599243,6.439428447078082,5.053318343237713,340.4001861693931,6.945775184528374,908.5411982179088,established,9.999999999999763e+299,859.2287366368736,1.0,6.624337284222691e-170,908.5411982179088
DS3,DS3,287.5,288.12774448,4,18.141776383089397,6.194405391104672,0.0006802721088435374,0.001360544217687075,27.721756005376513,27.721756005376513,0.3126797378063202,6.439428447078082,6.194405391104672,340.59542293573145,18.1417763830894,911.4394155841018,established,9.999999999999763e+299,862.1269540030665,1.0,3.312168642111339e-170,911.4394155841018
DS3,DS3,288.0,288.62774448,4,10.61198668537573,5.207307728704917,0.0006802721088435374,0.008843537414965987,27.721756005376513,27.721756005376513,0.43903109431266785,6.439428447078082,5.207307728704917,340.8169233935547,10.61198668537573,913.8013997657002,established,9.999999999999763e+299,864.488938184665,1.0,1.6560843210556665e-170,913.8013997657002
DS3,DS3,288.5,289.12774448,4,12.06925352320659,5.624377331819176,0.0006802721088435374,0.0057823129251700685,27.721756005376513,27.721756005376513,0.41560202836990356,6.439428447078082,5.624377331819176,341.0542206990194,12.06925352320659,916.2920609532639,established,9.999999999999763e+299,866.9795993722287,1.0,8.280421605278318e-171,916.2920609532639
DS3,DS3,289.0,289.62774448,4,13.188496355419993,5.850937430824338,0.0006802721088435374,0.004081632653061224,27.721756005376513,27.721756005376513,0.31807345151901245,6.439428447078082,5.850937430824338,341.26342624599454,13.188496355419991,918.8714059146638,established,9.999999999999763e+299,869.5589443336286,1.0,4.140210802639151e-171,918.8714059146638
DS3,DS3,289.5,290.12774448,4,4.924403878727181,4.359520967252754,0.004761904761904762,0.01326530612244898,7.964010296900345,7.964010296900345,0.2852705717086792,6.439428447078082,4.359520967252754,341.43113245765085,4.924403878727181,920.4656091421095,established,9.999999999999763e+299,871.1531475610743,1.0,2.0701054013195716e-171,920.4656091421095
DS3,DS3,290.0,290.62774448,4,4.8356419674360325,4.395175956953584,0.005442176870748299,0.01326530612244898,7.338686469786171,7.338686469786171,0.3872343599796295,6.439428447078082,4.395175956953584,341.6399008082818,4.8356419674360325,922.0416230372653,established,9.999999999999763e+299,872.72916145623,1.0,1.0350527006597837e-171,922.0416230372653
DS3,DS3,290.5,291.12774448,4,6.171838678690826,4.867981022643257,0.004081632653061225,0.008843537414965985,8.758344461091689,8.758344461091689,0.346783310174942,6.439428447078082,4.867981022643257,341.85400318229904,6.171838678690826,923.8616198338178,established,9.999999999999763e+299,874.5491582527826,1.0,5.17526350329891e-172,923.8616198338178
DS3,DS3,291.0,291.62774448,4,11.295002409346978,5.3640138631121355,0.0006802721088435374,0.00782312925170068,27.721756005376513,27.721756005376513,0.38601449131965637,6.439428447078082,5.3640138631121355,342.0794349277984,11.295002409346978,926.2859801970487,established,9.999999999999763e+299,876.9735186160135,1.0,2.58763175164945e-172,926.2859801970487
DS3,DS3,291.5,292.12774448,4,7.472095906748537,4.946230992752275,0.0020408163265306124,0.00782312925170068,13.544467780931475,13.544467780931475,0.4204027056694031,6.439428447078082,4.946230992752275,342.2931255603801,7.472095906748537,928.2971557333785,established,9.999999999999763e+299,878.9846941523433,1.0,1.2938158758247225e-172,928.2971557333785
DS3,DS3,292.0,292.62774448,4,7.59006798499364,5.161727339506428,0.003401360544217687,0.004421768707482994,9.809640123304401,9.809640123304401,0.3138241469860077,6.439428447078082,5.161727339506428,342.49905892411573,7.59006798499364,930.3239962819256,established,9.999999999999763e+299,881.0115347008904,1.0,6.469079379123601e-173,930.3239962819256
DS3,DS3,292.5,293.12774448,4,11.19561962709506,5.821491671910243,0.0020408163265306124,0.002380952380952381,13.544467780931475,13.544467780931475,0.32601746916770935,6.439428447078082,5.821491671910243,342.7064092839728,11.19561962709506,932.7395188790016,established,9.999999999999763e+299,883.4270572979664,1.0,3.234539689561794e-173,932.7395188790016
DS3,DS3,293.0,293.62774448,4,6.670789093875372,4.8811916429868525,0.004081632653061225,0.0054421768707483,8.758344461091689,8.758344461091689,0.2878601849079132,6.439428447078082,4.8811916429868525,342.878322015203,6.670789093875372,934.6372570368605,established,9.999999999999763e+299,885.3247954558253,1.0,1.617269844780894e-173,934.6372570368605
DS3,DS3,293.5,294.12774448,4,9.169034518757528,5.508300929786401,0.0020408163265306124,0.004421768707482994,13.544467780931475,13.544467780931475,0.3274238109588623,6.439428447078082,5.508300929786401,343.0709624106655,9.169034518757528,936.8530890306456,established,9.999999999999763e+299,887.5406274496104,1.0,8.086349223904456e-174,936.8530890306456
DS3,DS3,294.0,294.62774448,4,17.65279300198783,6.269431539217257,0.0006802721088435374,0.002380952380952381,27.721756005376513,27.721756005376513,0.3665445148944855,6.439428447078082,6.269431539217257,343.27513057539556,17.652793001987828,939.7239830452444,established,9.999999999999763e+299,890.4115214642092,1.0,4.04317461195222e-174,939.7239830452444
DS3,DS3,294.5,295.12774448,4,13.67494588964952,5.862121404284686,0.0006802721088435374,0.0030612244897959186,27.721756005376513,27.721756005376513,0.41640499234199524,6.439428447078082,5.862121404284686,343.4997052545318,13.67494588964952,942.3395484366633,established,9.999999999999763e+299,893.0270868556281,1.0,2.0215873059761064e-174,942.3395484366633
DS3,DS3,295.0,295.62774448,4,8.376632499048567,5.266464454117791,0.0020408163265306124,0.006122448979591837,13.544467780931475,13.544467780931475,0.3830525279045105,6.439428447078082,5.266464454117791,343.7075747931966,8.376632499048569,944.4649944206385,established,9.999999999999763e+299,895.1525328396033,1.0,1.0107936529880512e-174,944.4649944206385
DS3,DS3,295.5,296.12774448,4,6.822018337407818,4.811460919896377,0.0020408163265306124,0.010884353741496598,13.544467780931475,13.544467780931475,0.330710768699646,6.439428447078082,4.811460919896377,343.88565508896795,6.822018337407819,946.3851497926125,established,9.999999999999763e+299,897.0726882115773,1.0,5.053968264940247e-175,946.3851497926125
DS3,DS3,296.0,296.62774448,4,11.637529872506354,5.530703969458823,0.0006802721088435374,0.006802721088435375,27.721756005376513,27.721756005376513,0.3533329665660858,6.439428447078082,5.530703969458823,344.093023106701,11.637529872506354,948.8393850021303,established,9.999999999999763e+299,899.526923421095,1.0,2.5269841324701187e-175,948.8393850021303
DS3,DS3,296.5,297.12774448,4,11.215646495516925,5.854874520066374,0.0020408163265306124,0.00272108843537415,13.544467780931475,13.544467780931475,0.3119626045227051,6.439428447078082,5.854874520066374,344.3038254472085,11.215646495516925,951.256694814051,established,9.999999999999763e+299,901.9442332330158,1.0,1.263492066235057e-175,951.256694814051
DS3,DS3,297.0,297.62774448,4,12.32214754243379,5.665453094641995,0.0006802721088435374,0.004421768707482994,27.721756005376513,27.721756005376513,0.4000575542449951,6.439428447078082,5.665453094641995,344.52267307365616,12.322147542433791,953.7680930704748,established,9.999999999999763e+299,904.4556314894396,1.0,6.317460331175274e-176,953.7680930704748
DS3,DS3,297.5,298.12774448,4,10.967851526291557,5.2002650094632425,0.0006802721088435374,0.00816326530612245,27.721756005376513,27.721756005376513,0.38676583766937256,6.439428447078082,5.2002650094632425,344.7241744408973,10.967851526291557,956.1630614756531,established,9.999999999999763e+299,906.8505998946179,1.0,3.158730165587631e-176,956.1630614756531
DS3,DS3,298.0,298.62774448,4,7.4635397809870385,5.125238861350658,0.004081632653061225,0.004081632653061225,8.758344461091689,8.758344461091689,0.40643206238746643,6.439428447078082,5.125238861350658,344.95982073495463,7.4635397809870385,958.1730912788013,established,9.999999999999763e+299,908.8606296977661,1.0,1.5793650827938125e-176,958.1730912788013
DS3,DS3,298.5,299.12774448,4,12.442429039046129,5.515547814004714,0.0006802721088435374,0.006802721088435374,27.721756005376513,27.721756005376513,0.5182320475578308,6.439428447078082,5.515547814004714,345.1992992016144,12.442429039046129,960.6942036074249,established,9.999999999999763e+299,911.3817420263897,1.0,7.896825413969047e-177,960.6942036074249
DS3,DS3,299.0,299.62774448,4,12.822630011621673,5.797664126959162,0.0006802721088435374,0.004081632653061225,27.721756005376513,27.721756005376513,0.40097588300704956,6.439428447078082,5.797664126959162,345.433356987185,12.822630011621673,963.2454151869897,established,9.999999999999763e+299,913.9329536059545,1.0,3.9484127069845162e-177,963.2454151869897
DS3,DS3,299.5,300.12774448,4,6.590860686701994,4.981397825124768,0.004081632653061225,0.006802721088435375,8.758344461091689,8.758344461091689,0.31161007285118103,6.439428447078082,4.981397825124768,345.6301474901504,6.590860686701995,965.1310991319384,established,9.999999999999763e+299,915.8186375509032,1.0,1.9742063534922546e-177,965.1310991319384
DS3,DS3,300.0,300.62774448,4,11.223780991415142,5.332055520234664,0.0006802721088435374,0.00782312925170068,27.721756005376513,27.721756005376513,0.29322347044944763,6.439428447078082,5.332055520234664,345.80105241114563,11.22378099141514,967.5491339620228,established,9.999999999999763e+299,918.2366723809876,1.0,9.871031767461814e-178,967.5491339620228
DS3,DS3,300.5,301.12774448,4,11.925536438664889,5.582613810653384,0.0006802721088435374,0.006122448979591837,27.721756005376513,27.721756005376513,0.3440551459789276,6.439428447078082,5.582613810653384,345.9939322310156,11.92553643866489,970.0278159821598,established,9.999999999999763e+299,920.7153544011246,1.0,4.935515883730898e-178,970.0278159821598
DS3,DS3,301.0,301.62774448,4,12.822630011621673,5.797664126959162,0.0006802721088435374,0.004081632653061225,27.721756005376513,27.721756005376513,0.34730464220046997,6.439428447078082,5.797664126959162,346.20357117826404,12.822630011621671,972.5790275617246,established,9.999999999999763e+299,923.2665659806894,1.0,2.467757941865445e-178,972.5790275617246
DS3,DS3,301.5,302.12774448,4,12.498196695928577,5.715538110216152,0.0006802721088435374,0.00510204081632653,27.721756005376513,27.721756005376513,0.33129531145095825,6.439428447078082,5.715538110216152,346.41001605416,12.498196695928577,975.1046119313,established,9.999999999999763e+299,925.7921503502648,1.0,1.23387897093272e-178,975.1046119313
DS3,DS3,302.0,302.62774448,4,11.80184772414835,5.537300658252121,0.0006802721088435374,0.0057823129251700685,27.721756005376513,27.721756005376513,0.40908384323120117,6.439428447078082,5.537300658252121,346.6289232256478,11.80184772414835,977.5728680373055,established,9.999999999999763e+299,928.2604064562703,1.0,6.169394854663589e-179,977.5728680373055
DS3,DS3,302.5,303.12774448,4,13.002685719880017,5.6699577210176635,0.0006802721088435374,0.003061224489795918,27.721756005376513,27.721756005376513,0.31379976868629456,6.439428447078082,5.6699577210176635,346.8190425346261,13.002685719880018,980.1380239672663,established,9.999999999999763e+299,930.8255623862311,1.0,3.084697427331788e-179,980.1380239672663
DS3,DS3,303.0,303.62774448,4,7.170913112661918,5.082764102151809,0.004081632653061225,0.004761904761904762,8.758344461091689,8.758344461091689,0.30111560225486755,6.439428447078082,5.082764102151809,347.0058520833617,7.170913112661918,982.108056965605,established,9.999999999999763e+299,932.7955953845698,1.0,1.5423487136658914e-179,982.108056965605
DS3,DS3,303.5,304.12774448,4,7.591224552688564,5.222017853710651,0.003401360544217687,0.0057823129251700685,9.809640123304401,9.809640123304401,0.30813732743263245,6.439428447078082,5.222017853710651,347.20049725124886,7.591224552688564,984.1350498816391,established,9.999999999999763e+299,934.8225883006039,1.0,7.711743568329443e-180,984.1350498816391
DS3,DS3,304.0,304.62774448,4,13.087688658403247,5.734414998343189,0.0006802721088435374,0.004421768707482994,27.721756005376513,27.721756005376513,0.3329189717769623,6.439428447078082,5.734414998343189,347.3876155520444,13.087688658403247,986.7067218728916,established,9.999999999999763e+299,937.3942602918564,1.0,3.855871784164714e-180,986.7067218728916
DS3,DS3,304.5,305.12774448,4,11.849204304239544,5.449203735270343,0.0006802721088435374,0.004421768707482994,27.721756005376513,27.721756005376513,0.3352384865283966,6.439428447078082,5.449203735270343,347.5752456406717,11.849204304239544,989.1789825908968,established,9.999999999999763e+299,939.8665210098616,1.0,1.9279358920823535e-180,989.1789825908968
DS3,DS3,305.0,305.62774448,4,8.000386089171545,5.286475131036175,0.003401360544217687,0.004081632653061225,9.809640123304401,9.809640123304401,0.2875586450099945,6.439428447078082,5.286475131036175,347.7558384063308,8.000386089171545,991.2584723925586,established,9.999999999999763e+299,941.9460108115234,1.0,9.639679460411748e-181,991.2584723925586
DS3,DS3,305.5,306.12774448,4,6.336056347558281,4.851616718479597,0.004081632653061225,0.006462585034013605,8.758344461091689,8.758344461091689,0.3083260953426361,6.439428447078082,4.851616718479597,347.937500401086,6.336056347558281,993.1047289402695,established,9.999999999999763e+299,943.7922673592343,1.0,4.819839730205866e-181,993.1047289402695
DS3,DS3,306.0,306.62774448,4,5.204435301399047,4.561119732515488,0.004761904761904762,0.011904761904761904,7.964010296900345,7.964010296900345,0.3462803363800049,6.439428447078082,4.561119732515488,348.12395725051203,5.204435301399048,994.7542401448849,established,9.999999999999763e+299,945.4417785638497,1.0,2.4099198651029285e-181,994.7542401448849
DS3,DS3,306.5,307.12774448,4,7.1782102082942,4.947364781543623,0.0020408163265306124,0.007823129251700681,13.544467780931475,13.544467780931475,0.3048264980316162,6.439428447078082,4.947364781543623,348.30143015260137,7.1782102082942,996.7252902222601,established,9.999999999999763e+299,947.4128286412249,1.0,1.2049599325514619e-181,996.7252902222601
DS3,DS3,307.0,307.62774448,4,6.091390161101741,4.8029562081840975,0.004081632653061225,0.009863945578231292,8.758344461091689,8.758344461091689,0.28386589884757996,6.439428447078082,4.8029562081840975,348.4757971497837,6.091390161101741,998.5321665474072,established,9.999999999999763e+299,949.219704966372,1.0,6.024799662757299e-182,998.5321665474072
DS3,DS3,307.5,308.12774448,4,10.427750950658815,5.118973718036613,0.0006802721088435374,0.011224489795918368,27.721756005376513,27.721756005376513,0.3537948429584503,6.439428447078082,5.118973718036613,348.6569393287066,10.427750950658814,1000.876637160441,established,9.999999999999763e+299,951.5641755794057,1.0,3.012399831378643e-182,1000.876637160441
DS3,DS3,308.0,308.62774448,4,11.94847798303301,5.429337692431782,0.0006802721088435374,0.0054421768707483,27.721756005376513,27.721756005376513,0.3517349362373352,6.439428447078082,5.429337692431782,348.87184422338635,11.948477983033012,1003.3572410652703,established,9.999999999999763e+299,954.044779484235,1.0,1.506199915689319e-182,1003.3572410652703
DS3,DS3,308.5,309.12774448,4,13.40092349701819,5.746465523797658,0.0006802721088435374,0.0030612244897959186,27.721756005376513,27.721756005376513,0.3742046654224396,6.439428447078082,5.746465523797658,349.0817695784035,13.400923497018193,1005.9525646875403,established,9.999999999999763e+299,956.6401031065051,1.0,7.530999578446581e-183,1005.9525646875403
DS3,DS3,309.0,309.62774448,4,15.737309073351184,5.681587724926388,0.0006802721088435374,0.007482993197278911,27.721756005376513,27.721756005376513,0.32703229784965515,6.439428447078082,5.681587724926388,349.2630270550611,15.737309073351184,1008.7085989548817,established,9.999999999999763e+299,959.3961373738465,1.0,3.765499789223283e-183,1008.7085989548817
DS3,DS3,309.5,310.12774448,4,12.47840146156516,5.45109053667919,0.0006802721088435374,0.004761904761904762,27.721756005376513,27.721756005376513,0.3464694023132324,6.439428447078082,5.45109053667919,349.4590399521055,12.47840146156516,1011.2325982216034,established,9.999999999999763e+299,961.9201366405682,1.0,1.8827498946116383e-183,1011.2325982216034
DS3,DS3,310.0,310.62774448,4,9.856601440906932,5.471812451630631,0.0020408163265306124,0.0030612244897959186,13.544467780931475,13.544467780931475,0.29945769906044006,6.439428447078082,5.471812451630631,349.653320972866,9.856601440906932,1013.5207396493521,established,9.999999999999763e+299,964.2082780683169,1.0,9.413749473058172e-184,1013.5207396493521
DS3,DS3,310.5,311.12774448,4,5.738313622463777,4.735323959877714,0.004081632653061225,0.011224489795918367,8.758344461091689,8.758344461091689,0.28642964363098145,6.439428447078082,4.735323959877714,349.8376577484073,5.738313622463776,1015.2679050225217,established,9.999999999999763e+299,965.9554434414865,1.0,4.706874736529078e-184,1015.2679050225217
DS3,DS3,311.0,311.62774448,4,5.392963653138523,4.632329012595375,0.005442176870748299,0.009523809523809523,7.338686469786171,7.338686469786171,0.29827314615249634,6.439428447078082,4.632329012595375,350.0236676412286,5.392963653138523,1016.9530000992173,established,9.999999999999763e+299,967.6405385181821,1.0,2.3534373682645345e-184,1016.9530000992173
DS3,DS3,311.5,312.12774448,4,6.892495564357146,5.044226432194995,0.004081632653061225,0.005442176870748299,8.758344461091689,8.758344461091689,0.40434765815734863,6.439428447078082,5.044226432194995,350.2462935912074,6.892495564357146,1018.8834333195866,established,9.999999999999763e+299,969.5709717385514,1.0,1.1767186841322652e-184,1018.8834333195866
DS3,DS3,312.0,312.62774448,4,6.729617429653358,4.961387148206384,0.004081632653061225,0.006122448979591837,8.758344461091689,8.758344461091689,0.31604957580566406,6.439428447078082,4.961387148206384,350.4345641429187,6.729617429653359,1020.7899516161079,established,9.999999999999763e+299,971.4774900350727,1.0,5.8835934206613147e-185,1020.7899516161079
DS3,DS3,312.5,313.12774448,4,6.318873409019556,4.618750647168445,0.0020408163265306124,0.013945578231292518,13.544467780931475,13.544467780931475,0.32366108894348145,6.439428447078082,4.618750647168445,350.58592124754796,6.318873409019555,1022.6334925503103,established,9.999999999999763e+299,973.3210309692751,1.0,2.9417967103306518e-185,1022.6334925503103
DS3,DS3,313.0,313.62774448,4,7.259256799738052,4.613570216109647,0.0013605442176870747,0.011224489795918367,17.58362112427143,17.58362112427143,0.3206246495246887,6.439428447078082,4.613570216109647,350.76409384111173,7.259256799738052,1024.6157700047247,established,9.999999999999763e+299,975.3033084236896,1.0,1.4708983551653231e-185,1024.6157700047247
DS3,DS3,313.5,314.12774448,4,10.470404503000061,5.158768725094678,0.0006802721088435374,0.009863945578231292,27.721756005376513,27.721756005376513,0.38235944509506226,6.439428447078082,5.158768725094678,350.98032490561013,10.470404503000061,1026.9643226633402,established,9.999999999999763e+299,977.6518610823052,1.0,7.354491775826602e-186,1026.9643226633402
DS3,DS3,314.0,314.62774448,4,16.19848565828746,5.876411007744673,0.0006802721088435374,0.006122448979591836,27.721756005376513,27.721756005376513,0.5144103765487671,6.439428447078082,5.876411007744673,351.22308907458785,16.198485658287456,1029.7492404233258,established,9.999999999999763e+299,980.4367788422908,1.0,3.6772458879132943e-186,1029.7492404233258
DS3,DS3,314.5,315.12774448,4,13.342593506040396,5.81941697120657,0.0006802721088435374,0.004761904761904762,27.721756005376513,27.721756005376513,0.36171531677246094,6.439428447078082,5.81941697120657,351.424893676734,13.342593506040396,1032.340201860662,established,9.999999999999763e+299,983.0277402796271,1.0,1.8386229439566437e-186,1032.340201860662
DS3,DS3,315.0,315.62774448,4,8.724809916636197,5.412552866722374,0.0020408163265306124,0.005102040816326531,13.544467780931475,13.544467780931475,0.3395460546016693,6.439428447078082,5.412552866722374,351.6306380415916,8.724809916636197,1034.5063725424543,established,9.999999999999763e+299,985.1939109614194,1.0,9.193114719783725e-187,1034.5063725424543
DS3,DS3,315.5,316.12774448,4,12.624046470573836,5.759126457002347,0.0006802721088435374,0.004421768707482994,27.721756005376513,27.721756005376513,0.3754779100418091,6.439428447078082,5.759126457002347,351.87439700464006,12.624046470573836,1037.0419759876802,established,9.999999999999763e+299,987.7295144066453,1.0,4.596557359891853e-187,1037.0419759876802
DS3,DS3,316.0,316.62774448,4,9.999088797135112,5.648204876770256,0.0020408163265306124,0.0034013605442176874,13.544467780931475,13.544467780931475,0.34743714332580566,6.439428447078082,5.648204876770256,352.0835428352117,9.999088797135112,1039.344469956236,established,9.999999999999763e+299,990.0320083752011,1.0,2.2982786799459225e-187,1039.344469956236
DS3,DS3,316.5,317.12774448,4,12.786331787625977,5.636007335727899,0.0006802721088435374,0.005102040816326531,27.721756005376513,27.721756005376513,0.3539431393146515,6.439428447078082,5.636007335727899,352.2897788787841,12.786331787625977,1041.892846727534,established,9.999999999999763e+299,992.5803851464993,1.0,1.149139339972959e-187,1041.892846727534
DS3,DS3,317.0,317.62774448,4,11.158000145235466,5.269423068529541,0.0006802721088435374,0.006802721088435375,27.721756005376513,27.721756005376513,0.39533498883247375,6.439428447078082,5.269423068529541,352.4929255204855,11.158000145235464,1044.3050034699736,established,9.999999999999763e+299,994.992541888939,1.0,5.745696699864785e-188,1044.3050034699736
DS3,DS3,317.5,318.12774448,4,11.04847123573327,5.3640138631121355,0.0006802721088435374,0.007823129251700681,27.721756005376513,27.721756005376513,0.3946812152862549,6.439428447078082,5.3640138631121355,352.7112629386245,11.04847123573327,1046.7072955386589,established,9.999999999999763e+299,997.3948339576241,1.0,2.872848349932387e-188,1046.7072955386589
DS3,DS3,318.0,318.62774448,4,12.427696766740048,5.511898114149426,0.0006802721088435374,0.007142857142857143,27.721756005376513,27.721756005376513,0.38424596190452576,6.439428447078082,5.511898114149426,352.9168785723506,12.427696766740048,1049.2272231306918,established,9.999999999999763e+299,999.914761549657,1.0,1.4364241749661907e-188,1049.2272231306918
DS3,DS3,318.5,319.12774448,4,15.947612780428074,5.7295604768789135,0.0006802721088435374,0.004761904761904762,27.721756005376513,27.721756005376513,0.32699254155158997,6.439428447078082,5.7295604768789135,353.1140140148459,15.947612780428074,1051.9965322797825,established,9.999999999999763e+299,1002.6840706987476,1.0,7.182120874830941e-189,1051.9965322797825
DS3,DS3,319.0,319.62774448,4,4.971294639659465,4.3966875441763875,0.004081632653061225,0.016326530612244896,8.758344461091689,8.758344461091689,0.392894983291626,6.439428447078082,4.3966875441763875,353.3035108501671,4.971294639659465,1053.6002125768464,established,9.999999999999763e+299,1004.2877509958115,1.0,3.591060437415463e-189,1053.6002125768464
DS3,DS3,319.5,320.12774448,4,6.6227422724447145,4.723910312538099,0.0020408163265306124,0.011224489795918367,13.544467780931475,13.544467780931475,0.3292688727378845,6.439428447078082,4.723910312538099,353.4835558752177,6.6227422724447145,1055.490722101572,established,9.999999999999763e+299,1006.178260520537,1.0,1.7955302187077284e-189,1055.490722101572
DS3,DS3,320.0,320.62774448,4,8.045478901554771,5.188067468420885,0.0020408163265306124,0.006122448979591837,13.544467780931475,13.544467780931475,0.33869093656539917,6.439428447078082,5.188067468420885,353.68244548985933,8.045478901554771,1057.5758324080948,established,9.999999999999763e+299,1008.2633708270598,1.0,8.977651093538626e-190,1057.5758324080948
DS3,DS3,320.5,321.12774448,4,7.820389126288584,5.1161469503079395,0.0020408163265306124,0.007482993197278911,13.544467780931475,13.544467780931475,0.33668652176856995,6.439428447078082,5.1161469503079395,353.8689917201755,7.820389126288584,1059.6325667218089,established,9.999999999999763e+299,1010.320105140774,1.0,4.488825546769304e-190,1059.6325667218089
DS3,DS3,321.0,321.62774448,4,8.613863772468793,5.32951940796672,0.0027210884353741495,0.003741496598639456,11.284227410410685,11.284227410410685,0.27893710136413574,6.439428447078082,5.32951940796672,354.0410399178621,8.613863772468793,1061.7859396936499,established,9.999999999999763e+299,1012.473478112615,1.0,2.244412773384648e-190,1061.7859396936499
DS3,DS3,321.5,322.12774448,4,7.781775679701843,5.21455461292323,0.0027210884353741495,0.0054421768707483,11.284227410410685,11.284227410410685,0.296979159116745,6.439428447078082,5.21455461292323,354.2229383567926,7.781775679701845,1063.8377242422637,established,9.999999999999763e+299,1014.5252626612289,1.0,1.1222063866923218e-190,1063.8377242422637
DS3,DS3,322.0,322.62774448,4,7.535030823182357,5.082113906726795,0.0020408163265306124,0.007142857142857143,13.544467780931475,13.544467780931475,0.3317764699459076,6.439428447078082,5.082113906726795,354.4181677619573,7.535030823182357,1065.8572871650017,established,9.999999999999763e+299,1016.5448255839668,1.0,5.611031933461599e-191,1065.8572871650017
DS3,DS3,322.5,323.12774448,4,6.211113171055414,4.8324019670981935,0.004081632653061225,0.007482993197278912,8.758344461091689,8.758344461091689,0.3577211797237396,6.439428447078082,4.8324019670981935,354.61214579740727,6.211113171055414,1067.6836272994813,established,9.999999999999763e+299,1018.3711657184464,1.0,2.8055159667307945e-191,1067.6836272994813
DS3,DS3,323.0,323.62774448,4,5.5244630932674115,4.680404624043284,0.005442176870748299,0.009523809523809523,7.338686469786171,7.338686469786171,0.31306177377700806,6.439428447078082,4.680404624043284,354.79723507041297,5.5244630932674115,1069.3928133644738,established,9.999999999999763e+299,1020.080351783439,1.0,1.4027579833653945e-191,1069.3928133644738
DS3,DS3,323.5,324.12774448,4,11.791148178254069,5.574209657953638,0.0006802721088435374,0.006462585034013605,27.721756005376513,27.721756005376513,0.29603111743927,6.439428447078082,5.574209657953638,354.9854174743052,11.791148178254069,1071.8601624600535,established,9.999999999999763e+299,1022.5477008790189,1.0,7.01378991682696e-192,1071.8601624600535
DS3,DS3,324.0,324.62774448,4,7.796991895944384,5.150097335597705,0.0020408163265306124,0.006462585034013605,13.544467780931475,13.544467780931475,0.3355720043182373,6.439428447078082,5.150097335597705,355.19430656532006,7.796991895944384,1073.9139004649992,established,9.999999999999763e+299,1024.6014388839649,1.0,3.506894958413473e-192,1073.9139004649992
DS3,DS3,324.5,325.12774448,4,10.749461530404211,5.009059599822502,0.0006802721088435374,0.00782312925170068,27.721756005376513,27.721756005376513,0.3654918074607849,6.439428447078082,5.009059599822502,355.38333557868555,10.749461530404211,1076.2887561281234,established,9.999999999999763e+299,1026.976294547089,1.0,1.7534474792067333e-192,1076.2887561281234
DS3,DS3,325.0,325.62774448,4,11.925536438664889,5.582613810653384,0.0006802721088435374,0.006122448979591837,27.721756005376513,27.721756005376513,0.3943008780479431,6.439428447078082,5.582613810653384,355.6097853975947,11.925536438664889,1078.7674381482605,established,9.999999999999763e+299,1029.4549765672261,1.0,8.767237396033651e-193,1078.7674381482605
DS3,DS3,325.5,326.12774448,4,11.08854337780668,5.279228246817862,0.0006802721088435374,0.009183673469387754,27.721756005376513,27.721756005376513,0.369599312543869,6.439428447078082,5.279228246817862,355.8175205836649,11.088543377806678,1081.1733505954421,established,9.999999999999763e+299,1031.8608890144078,1.0,4.383618698016817e-193,1081.1733505954421
DS3,DS3,326.0,326.62774448,4,11.067513474159359,5.308674005731959,0.0006802721088435374,0.00782312925170068,27.721756005376513,27.721756005376513,0.3709403872489929,6.439428447078082,5.308674005731959,356.0225359501893,11.067513474159359,1083.5773646985183,established,9.999999999999763e+299,1034.264903117484,1.0,2.1918093490084045e-193,1083.5773646985183
DS3,DS3,326.5,327.12774448,4,10.377325136508762,5.026978214323257,0.0006802721088435374,0.011904761904761906,27.721756005376513,27.721756005376513,0.3571244478225708,6.439428447078082,5.026978214323257,356.2105313333327,10.377325136508762,1085.9169878490693,established,9.999999999999763e+299,1036.604526268035,1.0,1.0959046745042002e-193,1085.9169878490693
DS3,DS3,327.0,327.62774448,4,10.863539680015672,5.113188335896188,0.0006802721088435374,0.00782312925170068,27.721756005376513,27.721756005376513,0.38320669531822205,6.439428447078082,5.113188335896188,356.43717323193493,10.863539680015672,1088.3024000478554,established,9.999999999999763e+299,1038.989938466821,1.0,5.4795233725209906e-194,1088.3024000478554
DS3,DS3,327.5,328.12774448,4,15.291773092969786,6.117897588324678,0.0006802721088435374,0.0023809523809523807,27.721756005376513,27.721756005376513,0.3496722877025604,6.439428447078082,6.117897588324678,356.6685490469092,15.291773092969787,1091.0297150252961,established,9.999999999999763e+299,1041.7172534442618,1.0,2.73976168626049e-194,1091.0297150252961
DS3,DS3,328.0,328.62774448,4,20.09145490120266,6.5998704992128365,0.0006802721088435374,0.001020408163265306,27.721756005376513,27.721756005376513,0.3205138146877289,6.439428447078082,6.5998704992128365,356.87610192844807,20.091454901202656,1094.0300096206747,established,9.999999999999763e+299,1044.7175480396404,1.0,1.3698808431302425e-194,1094.0300096206747
DS3,DS3,328.5,329.12774448,4,11.24430045676554,5.405089625934954,0.0006802721088435374,0.007482993197278912,27.721756005376513,27.721756005376513,0.34934353828430176,6.439428447078082,5.405089625934954,357.062956113612,11.24430045676554,1096.4498709948816,established,9.999999999999763e+299,1047.1374094138473,1.0,6.8494042156512e-195,1096.4498709948816
DS3,DS3,329.0,329.62774448,4,11.588515408697639,5.5139191437494155,0.0006802721088435374,0.006462585034013605,27.721756005376513,27.721756005376513,0.3721117675304413,6.439428447078082,5.5139191437494155,357.29465330192977,11.588515408697639,1098.8998855515954,established,9.999999999999763e+299,1049.587423970561,1.0,3.4247021078255936e-195,1098.8998855515954
DS3,DS3,329.5,330.12774448,4,7.825802017336853,5.168974223724742,0.0020408163265306124,0.006802721088435375,13.544467780931475,13.544467780931475,0.3220331072807312,6.439428447078082,5.168974223724742,357.4833794082158,7.825802017336853,1100.9573117769978,established,9.999999999999763e+299,1051.6448501959635,1.0,1.7123510539127936e-195,1100.9573117769978
DS3,DS3,330.0,330.62774448,4,7.867319923835318,5.054478438126838,0.0020408163265306124,0.0054421768707483,13.544467780931475,13.544467780931475,0.29043182730674744,6.439428447078082,5.054478438126838,357.65436202759076,7.867319923835319,1103.0200292380791,established,9.999999999999763e+299,1053.7075676570448,1.0,8.56175526956444e-196,1103.0200292380791
DS3,DS3,330.5,331.12774448,4,7.482212102029582,5.059370962175363,0.0020408163265306124,0.007142857142857143,13.544467780931475,13.544467780931475,0.3252573013305664,6.439428447078082,5.059370962175363,357.8676146703415,7.482212102029582,1105.0325577219098,established,9.999999999999763e+299,1055.7200961408755,1.0,4.280877634782211e-196,1105.0325577219098
DS3,DS3,331.0,331.62774448,4,12.925058295533974,5.6699577210176635,0.0006802721088435374,0.004421768707482994,27.721756005376513,27.721756005376513,0.35481899976730347,6.439428447078082,5.6699577210176635,358.09090359533354,12.925058295533974,1107.591725652587,established,9.999999999999763e+299,1058.2792640715527,1.0,2.140438817391102e-196,1107.591725652587
DS3,DS3,331.5,332.12774448,4,14.306416626979269,5.963487681311728,0.0006802721088435374,0.002380952380952381,27.721756005376513,27.721756005376513,0.3265427350997925,6.439428447078082,5.963487681311728,358.2914875912122,14.306416626979269,1110.2524338043836,established,9.999999999999763e+299,1060.9399722233493,1.0,1.0702194086955487e-196,1110.2524338043836
DS3,DS3,332.0,332.62774448,4,10.301612871134466,5.115280398313818,0.0006802721088435374,0.011564625850340135,27.721756005376513,27.721756005376513,0.3296734094619751,6.439428447078082,5.115280398313818,358.4694060529224,10.301612871134466,1112.5847342767909,established,9.999999999999763e+299,1063.2722726957566,1.0,5.351097043477734e-197,1112.5847342767909
DS3,DS3,332.5,333.12774448,4,7.201394294795203,5.072558603521745,0.003401360544217687,0.0054421768707483,9.809640123304401,9.809640123304401,0.3155222237110138,6.439428447078082,5.072558603521745,358.6514441790632,7.201394294795204,1114.5590089361197,established,9.999999999999763e+299,1065.2465473550853,1.0,2.6755485217388624e-197,1114.5590089361197
DS3,DS3,333.0,333.62774448,4,12.872207149466826,5.500103474080654,0.0006802721088435374,0.0034013605442176874,27.721756005376513,27.721756005376513,0.4119642376899719,6.439428447078082,5.500103474080654,358.8861611324004,12.872207149466828,1117.114079438709,established,9.999999999999763e+299,1067.8016178576747,1.0,1.3377742608694285e-197,1117.114079438709
DS3,DS3,333.5,334.12774448,4,12.876034016218211,5.693785265968746,0.0006802721088435374,0.0034013605442176874,27.721756005376513,27.721756005376513,0.4383436441421509,6.439428447078082,5.693785265968746,359.12990592444453,12.876034016218213,1119.6694471939734,established,9.999999999999763e+299,1070.356985612939,1.0,6.68887130434713e-198,1119.6694471939734
DS3,DS3,334.0,334.62774448,4,10.99556248107219,5.251463612624747,0.0006802721088435374,0.006462585034013605,27.721756005376513,27.721756005376513,0.3019139766693115,6.439428447078082,5.251463612624747,359.31741455370695,10.995562481072188,1122.066938974568,established,9.999999999999763e+299,1072.7544773935338,1.0,3.3444356521735594e-198,1122.066938974568
DS3,DS3,334.5,335.12774448,4,5.9784246721934124,4.552698218101787,0.0027210884353741495,0.009523809523809525,11.284227410410685,11.284227410410685,0.28011801838874817,6.439428447078082,4.552698218101787,359.47150365585594,5.9784246721934124,1123.8550960750824,established,9.999999999999763e+299,1074.5426344940481,1.0,1.6722178260867763e-198,1123.8550960750824
DS3,DS3,335.0,335.62774448,4,10.90392955922711,5.29142578786022,0.0006802721088435374,0.007482993197278912,27.721756005376513,27.721756005376513,0.35368797183036804,6.439428447078082,5.29142578786022,359.69683412188795,10.90392955922711,1126.2442193093702,established,9.999999999999763e+299,1076.931757728336,1.0,8.361089130433867e-199,1126.2442193093702
DS3,DS3,335.5,336.12774448,4,17.885135735407722,6.325217427045809,0.0006802721088435374,0.002380952380952381,27.721756005376513,27.721756005376513,0.3608749210834503,6.439428447078082,6.325217427045809,359.92352656150365,17.885135735407722,1129.128189271396,established,9.999999999999763e+299,1079.8157276903617,1.0,4.180544565216925e-199,1129.128189271396
DS3,DS3,336.0,336.62774448,4,6.503447570694334,4.95714975862794,0.004081632653061225,0.007482993197278912,8.758344461091689,8.758344461091689,0.32590124011039734,6.439428447078082,4.95714975862794,360.1131859386911,6.503447570694334,1131.000521703179,established,9.999999999999763e+299,1081.6880601221446,1.0,2.090272282608459e-199,1131.000521703179
DS3,DS3,336.5,337.12774448,4,6.199715214199544,4.845998504516581,0.004081632653061225,0.007142857142857143,8.758344461091689,8.758344461091689,0.3906101584434509,6.439428447078082,4.845998504516581,360.3388277495851,6.199715214199544,1132.8250250609815,established,9.999999999999763e+299,1083.5125634799472,1.0,1.0451361413042276e-199,1132.8250250609815
DS3,DS3,337.0,337.62774448,4,19.08166656536767,6.498504222185796,0.0006802721088435374,0.001360544217687075,27.721756005376513,27.721756005376513,0.4647667109966278,6.439428447078082,6.498504222185796,360.59345803359645,19.08166656536767,1135.7737530693805,established,9.999999999999763e+299,1086.4612914883462,1.0,5.225680706521127e-200,1135.7737530693805
DS3,DS3,337.5,338.12774448,4,16.746662012081615,5.982580926007871,0.0006802721088435374,0.00272108843537415,27.721756005376513,27.721756005376513,0.39501509070396423,6.439428447078082,5.982580926007871,360.80691338429347,16.746662012081615,1138.5919520249313,established,9.999999999999763e+299,1089.279490443897,1.0,2.612840353260559e-200,1138.5919520249313
DS3,DS3,338.0,338.62774448,4,5.946290150052462,4.60079119126365,0.0027210884353741495,0.012925170068027212,11.284227410410685,11.284227410410685,0.28961050510406494,6.439428447078082,4.60079119126365,360.97605055073393,5.946290150052462,1140.3747195458363,established,9.999999999999763e+299,1091.062257964802,1.0,1.306420176630277e-200,1140.3747195458363
DS3,DS3,338.5,339.12774448,4,7.273613853950977,4.799997593772346,0.0020408163265306124,0.00782312925170068,13.544467780931475,13.544467780931475,0.305478572845459,6.439428447078082,4.799997593772346,361.1610186139692,7.273613853950977,1142.3589728052002,established,9.999999999999763e+299,1093.046511224166,1.0,6.532100883151373e-201,1142.3589728052002
DS3,DS3,339.0,339.62774448,4,5.449343833836092,4.687447343284958,0.006802721088435374,0.008843537414965985,6.409315536106599,6.409315536106599,0.3449968695640564,6.439428447078082,4.687447343284958,361.3526352102507,5.449343833836092,1144.0544680091657,established,9.999999999999763e+299,1094.7420064281314,1.0,3.266050441575681e-201,1144.0544680091657
DS3,DS3,339.5,340.12774448,4,7.048826521135689,5.077609280351125,0.004081632653061225,0.005102040816326531,8.758344461091689,8.758344461091689,0.3756507933139801,6.439428447078082,5.077609280351125,361.5676858792651,7.048826521135689,1146.0073291612327,established,9.999999999999763e+299,1096.6948675801984,1.0,1.633025220787837e-201,1146.0073291612327
DS3,DS3,340.0,340.62774448,4,9.161722098358117,5.311186589695334,0.0020408163265306124,0.004761904761904762,13.544467780931475,13.544467780931475,0.3514125645160675,6.439428447078082,5.311186589695334,361.7800697992194,9.161722098358117,1148.2223633242527,established,9.999999999999763e+299,1098.9099017432184,1.0,8.16512610393917e-202,1148.2223633242527
DS3,DS3,340.5,341.12774448,4,15.382423007144995,5.5012582105447265,0.0006802721088435374,0.012585034013605442,27.721756005376513,27.721756005376513,0.34819892048835754,6.439428447078082,5.5012582105447265,361.96835184717656,15.382423007144997,1150.955588818649,established,9.999999999999763e+299,1101.6431272376146,1.0,4.082563051969577e-202,1150.955588818649
DS3,DS3,341.0,341.62774448,4,6.399543347710553,4.665861965829567,0.0020408163265306124,0.012585034013605442,13.544467780931475,13.544467780931475,0.2735469341278076,6.439428447078082,4.665861965829567,362.12014687458156,6.399543347710553,1152.8118154545487,established,9.999999999999763e+299,1103.4993538735143,1.0,2.041281525984785e-202,1152.8118154545487
DS3,DS3,341.5,342.12774448,4,6.5515462779930935,4.735323959877714,0.0020408163265306124,0.011224489795918367,13.544467780931475,13.544467780931475,0.2763213515281677,6.439428447078082,4.735323959877714,362.277437554543,6.5515462779930935,1154.691516549311,established,9.999999999999763e+299,1105.3790549682767,1.0,1.0206407629923906e-202,1154.691516549311
DS3,DS3,342.0,342.62774448,4,10.967480660781408,5.303723348907913,0.0006802721088435374,0.008503401360544217,27.721756005376513,27.721756005376513,0.34349513053894043,6.439428447078082,5.303723348907913,362.464615918194,10.96748066078141,1157.086451140047,established,9.999999999999763e+299,1107.7739895590128,1.0,5.103203814961943e-203,1157.086451140047
DS3,DS3,342.5,343.12774448,4,5.230439449031339,4.523252459187691,0.004081632653061225,0.013945578231292517,8.758344461091689,8.758344461091689,0.29529619216918945,6.439428447078082,4.523252459187691,362.62738373229377,5.230439449031339,1158.7409464392654,established,9.999999999999763e+299,1109.428484858231,1.0,2.551601907480967e-203,1158.7409464392654
DS3,DS3,343.0,343.62774448,4,5.575683259594504,4.67086668255219,0.004081632653061225,0.011224489795918367,8.758344461091689,8.758344461091689,0.29412439465522766,6.439428447078082,4.67086668255219,362.80805444965233,5.575683259594504,1160.4593613068769,established,9.999999999999763e+299,1111.1468997258426,1.0,1.2758009537404811e-203,1160.4593613068769
DS3,DS3,343.5,344.12774448,4,5.489825792744758,4.499004392690862,0.004081632653061225,0.009183673469387754,8.758344461091689,8.758344461091689,0.33773544430732727,6.439428447078082,4.499004392690862,363.00149203488695,5.4898257927447585,1162.1622578301544,established,9.999999999999763e+299,1112.8497962491201,1.0,6.379004768702394e-204,1162.1622578301544
DS3,DS3,344.0,344.62774448,4,4.704862467658227,4.4454638520284595,0.008843537414965987,0.0108843537414966,5.477206780759991,5.477206780759991,0.2992289364337921,6.439428447078082,4.4454638520284595,363.1861485669957,4.704862467658227,1163.710854371661,established,9.999999999999763e+299,1114.3983927906268,1.0,3.1895023843511908e-204,1163.710854371661
DS3,DS3,344.5,345.12774448,4,4.570720757116834,4.358082114360099,0.00816326530612245,0.010884353741496598,5.744838507431367,5.744838507431367,0.3609255254268646,6.439428447078082,4.358082114360099,363.3894052053438,4.570720757116833,1165.2305252790368,established,9.999999999999763e+299,1115.9180636980025,1.0,1.5947511921755924e-204,1165.2305252790368
DS3,DS3,345.0,345.62774448,4,4.8364780859494285,4.481756174819125,0.006802721088435374,0.011904761904761904,6.409315536106599,6.409315536106599,0.38726145029067993,6.439428447078082,4.481756174819125,363.59737405279736,4.8364780859494285,1166.806712066694,established,9.999999999999763e+299,1117.4942504856597,1.0,7.973755960878401e-205,1166.806712066694
DS3,DS3,345.5,346.12774448,4,10.778105942544538,5.252888117903406,0.0006802721088435374,0.00816326530612245,27.721756005376513,27.721756005376513,0.34810373187065125,6.439428447078082,5.252888117903406,363.79991201559164,10.778105942544535,1169.184228915675,established,9.999999999999763e+299,1119.8717673346407,1.0,3.986877980439193e-205,1169.184228915675
DS3,DS3,346.0,346.62774448,4,13.30061380611506,5.910660407894926,0.0006802721088435374,0.004081632653061225,27.721756005376513,27.721756005376513,0.5309754610061646,6.439428447078082,5.910660407894926,364.064620707427,13.30061380611506,1171.7720391006735,established,9.999999999999763e+299,1122.4595775196392,1.0,1.9934389902195927e-205,1171.7720391006735
DS3,DS3,346.5,347.12774448,4,12.390906360921434,5.703990764598809,0.0006802721088435374,0.004761904761904762,27.721756005376513,27.721756005376513,0.43997275829315186,6.439428447078082,5.703990764598809,364.308121202384,12.390906360921434,1174.289001946256,established,9.999999999999763e+299,1124.9765403652216,1.0,9.967194951097946e-206,1174.289001946256
DS3,DS3,347.0,347.62774448,4,10.530447273502958,5.134673943346371,0.0006802721088435374,0.00816326530612245,27.721756005376513,27.721756005376513,0.3532428443431854,6.439428447078082,5.134673943346371,364.5183083708033,10.530447273502958,1176.6432727476158,established,9.999999999999763e+299,1127.3308111665815,1.0,4.983597475548963e-206,1176.6432727476158
DS3,DS3,347.5,348.12774448,4,11.912021474365954,5.395304648850637,0.0006802721088435374,0.004081632653061225,27.721756005376513,27.721756005376513,0.31012579798698425,6.439428447078082,5.395304648850637,364.71208002144544,11.912021474365954,1179.1208208457465,established,9.999999999999763e+299,1129.8083592647122,1.0,2.491798737774477e-206,1179.1208208457465
DS3,DS3,348.0,348.62774448,4,8.79023052284341,5.094311447769153,0.0013605442176870747,0.0054421768707483,17.58362112427143,17.58362112427143,0.3302132785320282,6.439428447078082,5.094311447769153,364.89762316891995,8.79023052284341,1181.294461782679,established,9.999999999999763e+299,1131.9820002016447,1.0,1.245899368887236e-206,1181.294461782679
DS3,DS3,348.5,349.12774448,4,6.473737606830872,4.96165438500361,0.004081632653061225,0.007142857142857143,8.758344461091689,8.758344461091689,0.3040759563446045,6.439428447078082,4.96165438500361,365.0908566976532,6.473737606830872,1183.1622154070606,established,9.999999999999763e+299,1133.8497538260262,1.0,6.229496844436169e-207,1183.1622154070606
DS3,DS3,349.0,349.62774448,4,12.071257820523268,5.448577952715813,0.0006802721088435374,0.0047619047619047615,27.721756005376513,27.721756005376513,0.34621623158454895,6.439428447078082,5.448577952715813,365.28732165495,12.071257820523268,1185.653042647223,established,9.999999999999763e+299,1136.3405810661886,1.0,3.114748422218079e-207,1185.653042647223
DS3,DS3,349.5,350.12774448,4,9.639705892851504,5.424182870631098,0.0020408163265306124,0.0034013605442176874,13.544467780931475,13.544467780931475,0.48937147855758667,6.439428447078082,5.424182870631098,365.52482726747235,9.639705892851506,1187.9189332463397,established,9.999999999999763e+299,1138.6064716653054,1.0,1.5573742111090364e-207,1187.9189332463397
DS3,DS3,350.0,350.62774448,4,9.909778692840161,5.624377331819175,0.0020408163265306124,0.0034013605442176874,13.544467780931475,13.544467780931475,0.4347951412200928,6.439428447078082,5.624377331819175,365.7776220040961,9.909778692840161,1190.212455262731,established,9.999999999999763e+299,1140.8999936816967,1.0,7.786871055545168e-208,1190.212455262731
DS3,DS3,350.5,351.12774448,4,17.91561691754101,6.315011928415744,0.0006802721088435374,0.002040816326530612,27.721756005376513,27.721756005376513,0.320453941822052,6.439428447078082,6.315011928415744,365.9862835469289,17.915616917541005,1193.0981280487053,established,9.999999999999763e+299,1143.785666467671,1.0,3.893435527772576e-208,1193.0981280487053
DS3,DS3,351.0,351.62774448,4,11.370124073448114,5.443627295891769,0.0006802721088435374,0.006802721088435375,27.721756005376513,27.721756005376513,0.4208014905452728,6.439428447078082,5.443627295891769,366.20671533444954,11.370124073448112,1195.5291172687607,established,9.999999999999763e+299,1146.2166556877264,1.0,1.9467177638862847e-208,1195.5291172687607
DS3,DS3,351.5,352.12774448,4,10.81038387475095,5.231802830794968,0.0006802721088435374,0.008503401360544217,27.721756005376513,27.721756005376513,0.4542824625968933,6.439428447078082,5.231802830794968,366.43899485642146,10.81038387475095,1197.9096244108591,established,9.999999999999763e+299,1148.5971628298248,1.0,9.733588819431406e-209,1197.9096244108591
DS3,DS3,352.0,352.62774448,4,12.1684066464148,5.399891933517686,0.0006802721088435374,0.009183673469387756,27.721756005376513,27.721756005376513,0.3393339514732361,6.439428447078082,5.399891933517686,366.6405326532764,12.1684066464148,1200.4084673845882,established,9.999999999999763e+299,1151.096005803554,1.0,4.866794409715693e-209,1200.4084673845882
DS3,DS3,352.5,353.12774448,4,4.95502550188459,4.388399189033215,0.004081632653061225,0.014285714285714285,8.758344461091689,8.758344461091689,0.3299552798271179,6.439428447078082,4.388399189033215,366.8134591291291,4.95502550188459,1202.0088696990542,established,9.999999999999763e+299,1152.69640811802,1.0,2.4333972048578424e-209,1202.0088696990542
DS3,DS3,353.0,353.62774448,4,5.197839426308965,4.42112858636786,0.003401360544217687,0.016326530612244896,9.809640123304401,9.809640123304401,0.36830323934555054,6.439428447078082,4.42112858636786,366.99054413164083,5.197839426308965,1203.657112743359,established,9.999999999999763e+299,1154.3446511623247,1.0,1.2166986024289188e-209,1203.657112743359
DS3,DS3,353.5,354.12774448,4,4.69948036118566,4.4239782445782785,0.006802721088435374,0.01292517006802721,6.409315536106599,6.409315536106599,0.3671942949295044,6.439428447078082,4.4239782445782785,367.1889982486707,4.69948036118566,1205.204564684513,established,9.999999999999763e+299,1155.8921031034786,1.0,6.083493012144583e-210,1205.204564684513
DS3,DS3,354.0,354.62774448,4,5.762217429645183,4.683110183701305,0.004081632653061225,0.008503401360544218,8.758344461091689,8.758344461091689,0.33319318294525146,6.439428447078082,4.683110183701305,367.39594989070713,5.762217429645182,1206.9558870555632,established,9.999999999999763e+299,1157.6434254745288,1.0,3.041746506072286e-210,1206.9558870555632
DS3,DS3,354.5,355.12774448,4,8.923393457684034,5.451090536679189,0.0020408163265306124,0.004761904761904762,13.544467780931475,13.544467780931475,0.5074363946914673,6.439428447078082,5.451090536679189,367.6413965890747,8.923393457684032,1209.1445633622848,established,9.999999999999763e+299,1159.8321017812505,1.0,1.52087325303614e-210,1209.1445633622848
DS3,DS3,355.0,355.62774448,4,11.891157828443301,5.561128203203202,0.0006802721088435374,0.0054421768707483,27.721756005376513,27.721756005376513,0.4292371869087219,6.439428447078082,5.561128203203202,367.8677874813419,11.8911578284433,1211.620358446585,established,9.999999999999763e+299,1162.3078968655507,1.0,7.604366265180687e-211,1211.620358446585
DS3,DS3,355.5,356.12774448,4,11.322395158607788,5.375643867020858,0.0006802721088435374,0.00782312925170068,27.721756005376513,27.721756005376513,0.2990140914916992,6.439428447078082,5.375643867020858,368.04605408633165,11.322395158607788,1214.0471410834282,established,9.999999999999763e+299,1164.7346795023939,1.0,3.8021831325903365e-211,1214.0471410834282
DS3,DS3,356.0,356.62774448,4,11.31587703479151,5.45109053667919,0.0006802721088435374,0.007823129251700681,27.721756005376513,27.721756005376513,0.3205548822879791,6.439428447078082,5.45109053667919,368.23659851426294,11.315877034791512,1216.4733478703179,established,9.999999999999763e+299,1167.1608862892836,1.0,1.9010915662951645e-211,1216.4733478703179
DS3,DS3,356.5,357.12774448,4,7.191497235693664,4.933051797209174,0.0027210884353741495,0.007482993197278911,11.284227410410685,11.284227410410685,0.3034622371196747,6.439428447078082,4.933051797209174,368.43303560638833,7.191497235693664,1218.4462472589944,established,9.999999999999763e+299,1169.13378567796,1.0,9.505457831475805e-212,1218.4462472589944
DS3,DS3,357.0,357.62774448,4,18.007767450149494,6.122484872991727,0.0006802721088435374,0.001360544217687075,27.721756005376513,27.721756005376513,0.36554932594299316,6.439428447078082,6.122484872991727,368.653747107331,18.007767450149494,1221.3370504488187,established,9.999999999999763e+299,1172.0245888677844,1.0,4.752728915737894e-212,1221.3370504488187
DS3,DS3,357.5,358.12774448,4,11.327154663498208,5.760755127257645,0.0020408163265306124,0.0020408163265306124,13.544467780931475,13.544467780931475,0.3593917787075043,6.439428447078082,5.760755127257645,368.8875728818218,11.327154663498206,1223.7642533593537,established,9.999999999999763e+299,1174.4517917783194,1.0,2.3763644578689424e-212,1223.7642533593537
DS3,DS3,358.0,358.62774448,4,12.58016461665281,5.538641144037467,0.0006802721088435374,0.005102040816326531,27.721756005376513,27.721756005376513,0.3993300497531891,6.439428447078082,5.538641144037467,369.1019254798631,12.580164616652812,1226.2963746961248,established,9.999999999999763e+299,1176.9839131150904,1.0,1.188182228934469e-212,1226.2963746961248
DS3,DS3,358.5,359.12774448,4,9.109841546064938,5.327104863410619,0.0020408163265306124,0.006802721088435374,13.544467780931475,13.544467780931475,0.31394079327583313,6.439428447078082,5.327104863410619,369.29535222450295,9.109841546064938,1228.5057300138387,established,9.999999999999763e+299,1179.1932684328044,1.0,5.9409111446723336e-213,1228.5057300138387
DS3,DS3,359.0,359.62774448,4,7.390566647266848,5.0970537056117955,0.0027210884353741495,0.007482993197278911,11.284227410410685,11.284227410410685,0.44629421830177307,6.439428447078082,5.0970537056117955,369.52381957868135,7.390566647266848,1230.5059344234326,established,9.999999999999763e+299,1181.1934728423983,1.0,2.9704555723361612e-213,1230.5059344234326
DS3,DS3,359.5,360.12774448,4,14.019160841581618,5.9709509220991475,0.0006802721088435374,0.0030612244897959186,27.721756005376513,27.721756005376513,0.440753310918808,6.439428447078082,5.9709509220991475,369.7614938462714,14.019160841581618,1233.1463594488669,established,9.999999999999763e+299,1183.8338978678325,1.0,1.4852277861680778e-213,1233.1463594488669
DS3,DS3,360.0,360.62774448,4,20.446369399029038,6.6717910173257815,0.0006802721088435374,0.001020408163265306,27.721756005376513,27.721756005376513,0.4170706272125244,6.439428447078082,6.6717910173257815,370.01281404593976,20.446369399029038,1236.1641647800946,established,9.999999999999763e+299,1186.8517031990602,1.0,7.426138930840798e-214,1236.1641647800946
DS3,DS3,360.5,361.12774448,4,9.19948824244711,5.329713582733763,0.0020408163265306124,0.004761904761904762,13.544467780931475,13.544467780931475,0.3123091757297516,6.439428447078082,5.329713582733763,370.20078344145804,9.19948824244711,1238.3833126367815,established,9.999999999999763e+299,1189.0708510557472,1.0,3.713069465420392e-214,1238.3833126367815
DS3,DS3,361.0,361.62774448,4,4.817820006905539,4.281031663689359,0.004081632653061225,0.014965986394557824,8.758344461091689,8.758344461091689,0.3296091556549072,6.439428447078082,4.281031663689359,370.37333107391385,4.817820006905539,1239.9556341818093,established,9.999999999999763e+299,1190.643172600775,1.0,1.8565347327101925e-214,1239.9556341818093
DS3,DS3,361.5,362.12774448,4,9.327182347760749,4.552333900352291,0.0006802721088435374,0.015306122448979591,27.721756005376513,27.721756005376513,0.34952670335769653,6.439428447078082,4.552333900352291,370.56909724870707,9.327182347760749,1242.1885671518894,established,9.999999999999763e+299,1192.876105570855,1.0,9.282673663550946e-215,1242.1885671518894
DS3,DS3,362.0,362.62774448,4,10.742654936000115,5.2626475860850945,0.0006802721088435374,0.009523809523809523,27.721756005376513,27.721756005376513,0.3867356777191162,6.439428447078082,5.2626475860850945,370.79249507138513,10.742654936000115,1244.562789411166,established,9.999999999999763e+299,1195.2503278301317,1.0,4.641336831775464e-215,1244.562789411166
DS3,DS3,362.5,363.12774448,4,5.326908204262152,4.570924910803808,0.004081632653061225,0.01292517006802721,8.758344461091689,8.758344461091689,0.30215784907341003,6.439428447078082,4.570924910803808,370.9812813783624,5.326908204262152,1246.2355604067884,established,9.999999999999763e+299,1196.923098825754,1.0,2.3206684158877277e-215,1246.2355604067884
DS3,DS3,363.0,363.62774448,4,6.779269372832811,4.921024652629167,0.0027210884353741495,0.007142857142857143,11.284227410410685,11.284227410410685,0.29890018701553345,6.439428447078082,4.921024652629167,371.16979377964515,6.779269372832811,1248.1494297408149,established,9.999999999999763e+299,1198.8369681597806,1.0,1.1603342079438618e-215,1248.1494297408149
DS3,DS3,363.5,364.12774448,4,8.171147180180704,5.154684620264755,0.0020408163265306124,0.004761904761904762,13.544467780931475,13.544467780931475,0.33771565556526184,6.439428447078082,5.154684620264755,371.3883489111997,8.171147180180704,1250.2500390535606,established,9.999999999999763e+299,1200.9375774725263,1.0,5.801671039719297e-216,1250.2500390535606
DS3,DS3,364.0,364.62774448,4,11.45763277221625,5.42847114043766,0.0006802721088435374,0.00782312925170068,27.721756005376513,27.721756005376513,0.5116256475448608,6.439428447078082,5.42847114043766,371.6500596533157,11.45763277221625,1252.6886951791307,established,9.999999999999763e+299,1203.3762335980964,1.0,2.9008355198596435e-216,1252.6886951791307
DS3,DS3,364.5,365.12774448,4,13.463211326519449,5.775911282711754,0.0006802721088435374,0.0030612244897959186,27.721756005376513,27.721756005376513,0.34080377221107483,6.439428447078082,5.775911282711754,371.8630521851219,13.463211326519449,1255.2886560578418,established,9.999999999999763e+299,1205.9761944768074,1.0,1.450417759929819e-216,1255.2886560578418
DS3,DS3,365.0,365.62774448,4,15.327198914452591,6.223851150018767,0.0006802721088435374,0.002380952380952381,27.721756005376513,27.721756005376513,0.4460350275039673,6.439428447078082,6.223851150018767,372.0980661707557,15.327198914452591,1258.0182850148165,established,9.999999999999763e+299,1208.7058234337821,1.0,7.252088799649081e-217,1258.0182850148165
DS3,DS3,365.5,366.12774448,4,9.16551278199311,5.3279714154047415,0.0020408163265306124,0.005102040816326531,13.544467780931475,13.544467780931475,0.3237289488315582,6.439428447078082,5.3279714154047415,372.3005256342328,9.16551278199311,1260.2337328445694,established,9.999999999999763e+299,1210.9212712635351,1.0,3.626044399824534e-217,1260.2337328445694
DS3,DS3,366.0,366.62774448,4,8.259327073563902,5.3016312864902835,0.0020408163265306124,0.006122448979591836,13.544467780931475,13.544467780931475,0.4286502003669739,6.439428447078082,5.3016312864902835,372.53978341097,8.259327073563902,1262.3450759606922,established,9.999999999999763e+299,1213.0326143796578,1.0,1.8130221999122635e-217,1262.3450759606922
DS3,DS3,366.5,367.12774448,4,11.996181919729592,5.492166299502008,0.0006802721088435374,0.006802721088435374,27.721756005376513,27.721756005376513,0.481442391872406,6.439428447078082,5.492166299502008,372.77861759239795,11.996181919729592,1264.8296643864965,established,9.999999999999763e+299,1215.5172028054621,1.0,9.065110999561301e-218,1264.8296643864965
DS3,DS3,367.0,367.62774448,4,13.30061380611506,5.910660407894926,0.0006802721088435374,0.004081632653061225,27.721756005376513,27.721756005376513,0.43153810501098633,6.439428447078082,5.910660407894926,373.00558508509755,13.30061380611506,1267.417474571495,established,9.999999999999763e+299,1218.1050129904606,1.0,4.532555499780642e-218,1267.417474571495
DS3,DS3,367.5,368.12774448,4,7.6587424605550645,5.047597269779316,0.0020408163265306124,0.00782312925170068,13.544467780931475,13.544467780931475,0.35978415608406067,6.439428447078082,5.047597269779316,373.2111508669889,7.6587424605550645,1269.4533223721298,established,9.999999999999763e+299,1220.1408607910955,1.0,2.266277749890317e-218,1269.4533223721298
DS3,DS3,368.0,368.62774448,4,6.135932578992416,4.740274616701759,0.0027210884353741495,0.011224489795918367,11.284227410410685,11.284227410410685,0.3010299801826477,6.439428447078082,4.740274616701759,373.3972915659284,6.135932578992416,1271.267484448356,established,9.999999999999763e+299,1221.9550228673218,1.0,1.1331388749451564e-218,1271.267484448356
DS3,DS3,368.5,369.12774448,4,15.892259007082789,6.295771668131714,0.0006802721088435374,0.0020408163265306124,27.721756005376513,27.721756005376513,0.5461472868919373,6.439428447078082,6.295771668131714,373.66988549778216,15.892259007082789,1274.0333165841296,established,9.999999999999763e+299,1224.7208550030953,1.0,5.66569437472577e-219,1274.0333165841296
DS3,DS3,369.0,369.62774448,4,16.899416513572746,6.096144744077271,0.0006802721088435374,0.0037414965986394557,27.721756005376513,27.721756005376513,0.5693318247795105,6.439428447078082,6.096144744077271,373.9282590577935,16.899416513572746,1276.8605956796384,established,9.999999999999763e+299,1227.5481340986041,1.0,2.83284718736288e-219,1276.8605956796384
DS3,DS3,369.5,370.12774448,4,11.547279468598422,5.431079859760805,0.0006802721088435374,0.0057823129251700685,27.721756005376513,27.721756005376513,0.30064570903778076,6.439428447078082,5.431079859760805,374.10992452079404,11.547279468598422,1279.3070455450172,established,9.999999999999763e+299,1229.994583963983,1.0,1.4164235936814373e-219,1279.3070455450172
DS3,DS3,370.0,370.62774448,4,16.58501663401161,6.000396681013244,0.0006802721088435374,0.004081632653061224,27.721756005376513,27.721756005376513,0.31563714146614075,6.439428447078082,6.000396681013244,374.2952500703369,16.58501663401161,1282.115545220371,established,9.999999999999763e+299,1232.8030836393366,1.0,7.082117968407174e-220,1282.115545220371
DS3,DS3,370.5,371.12774448,4,5.733865103192848,4.7227765237467505,0.004081632653061225,0.010204081632653062,8.758344461091689,8.758344461091689,0.2823801040649414,6.439428447078082,4.7227765237467505,374.4732189165984,5.733865103192848,1283.861935061778,established,9.999999999999763e+299,1234.5494734807437,1.0,3.541058984203581e-220,1283.861935061778
DS3,DS3,371.0,371.62774448,4,11.351746697575246,5.199110272999169,0.0006802721088435374,0.011904761904761904,27.721756005376513,27.721756005376513,0.40730050206184387,6.439428447078082,5.199110272999169,374.6905049870346,11.351746697575248,1286.2913066879244,established,9.999999999999763e+299,1236.97884510689,1.0,1.7705294921017868e-220,1286.2913066879244
DS3,DS3,371.5,372.12774448,4,16.407462996611095,5.932413252142334,0.0006802721088435374,0.004081632653061224,27.721756005376513,27.721756005376513,0.3501686453819275,6.439428447078082,5.932413252142334,374.90457735756377,16.407462996611095,1289.0890429800147,established,9.999999999999763e+299,1239.7765813989804,1.0,8.852647460508918e-221,1289.0890429800147
DS3,DS3,372.0,372.62774448,4,8.88899640536684,5.364013863112135,0.0020408163265306124,0.00510204081632653,13.544467780931475,13.544467780931475,0.36644819378852844,6.439428447078082,5.364013863112135,375.1039346861277,8.88899640536684,1291.273857132883,established,9.999999999999763e+299,1241.9613955518487,1.0,4.426323730254451e-221,1291.273857132883
DS3,DS3,372.5,373.12774448,4,17.850738683090526,6.2381407534787545,0.0006802721088435374,0.0017006802721088435,27.721756005376513,27.721756005376513,0.3850783705711365,6.439428447078082,6.2381407534787545,375.3348151865039,17.850738683090526,1294.1559020230586,established,9.999999999999763e+299,1244.8434404420243,1.0,2.2131618651272212e-221,1294.1559020230586
DS3,DS3,373.0,373.62774448,4,12.959968053433384,5.696297849932121,0.0006802721088435374,0.004761904761904762,27.721756005376513,27.721756005376513,0.3205125331878662,6.439428447078082,5.696297849932121,375.5256374242339,12.959968053433386,1296.7177672489668,established,9.999999999999763e+299,1247.4053056679325,1.0,1.1065809325636085e-221,1296.7177672489668
DS3,DS3,373.5,374.12774448,4,10.858076304055105,5.1542991151768005,0.0006802721088435374,0.006462585034013605,27.721756005376513,27.721756005376513,0.30730384588241577,6.439428447078082,5.1542991151768005,375.6869606378111,10.858076304055103,1299.1026764118756,established,9.999999999999763e+299,1249.7902148308413,1.0,5.532904662818033e-222,1299.1026764118756
DS3,DS3,374.0,374.62774448,4,7.105208344160621,5.0630206620306515,0.0027210884353741495,0.007142857142857143,11.284227410410685,11.284227410410685,0.3016623556613922,6.439428447078082,5.0630206620306515,375.87295931005804,7.105208344160621,1301.0635044965923,established,9.999999999999763e+299,1251.751042915558,1.0,2.7664523314090112e-222,1301.0635044965923
DS3,DS3,374.5,375.12774448,4,7.150304942372094,5.113188335896188,0.004081632653061225,0.0054421768707483,8.758344461091689,8.758344461091689,0.45867010951042175,6.439428447078082,5.113188335896188,376.1118180635008,7.150304942372095,1303.0306595016716,established,9.999999999999763e+299,1253.7181979206373,1.0,1.383226165704503e-222,1303.0306595016716
DS3,DS3,375.0,375.62774448,4,21.77206449707075,6.5091441257904945,0.0006802721088435374,0.0006802721088435374,27.721756005376513,27.721756005376513,0.3507832884788513,6.439428447078082,6.5091441257904945,376.3262946280273,21.772064497070748,1306.1112872046253,established,9.999999999999763e+299,1256.798825623591,1.0,6.916130828522895e-223,1306.1112872046253
DS3,DS3,375.5,376.12774448,4,11.151893437850733,5.2848464607808765,0.0006802721088435374,0.006122448979591837,27.721756005376513,27.721756005376513,0.6742826700210571,6.439428447078082,5.2848464607808765,376.61090034494123,11.151893437850735,1308.5228965031683,established,9.999999999999763e+299,1259.210434922134,1.0,3.458065414261441e-223,1308.5228965031683
DS3,DS3,376.0,376.62774448,4,9.75356808587181,4.883968637339762,0.0006802721088435374,0.0163265306122449,27.721756005376513,27.721756005376513,0.42463669180870056,6.439428447078082,4.883968637339762,376.80074628466684,9.753568085871812,1310.8005296787574,established,9.999999999999763e+299,1261.488068097723,1.0,1.729032707130619e-223,1310.8005296787574
DS3,DS3,376.5,377.12774448,4,12.394907960803186,5.624377331819176,0.0006802721088435374,0.00510204081632653,27.721756005376513,27.721756005376513,0.2868140935897827,6.439428447078082,5.624377331819176,376.982463599983,12.394907960803186,1313.317815418707,established,9.999999999999763e+299,1264.0053538376726,1.0,8.64516353565357e-224,1313.317815418707
DS3,DS3,377.0,377.62774448,4,16.542700610219555,5.985240525559135,0.0006802721088435374,0.004081632653061224,27.721756005376513,27.721756005376513,0.30224138498306274,6.439428447078082,5.985240525559135,377.1604253085883,16.542700610219555,1316.1237603724965,established,9.999999999999763e+299,1266.8112987914621,1.0,4.3225817678265315e-224,1316.1237603724965
DS3,DS3,377.5,378.12774448,4,10.02759047850314,4.99962451782679,0.0006802721088435374,0.01292517006802721,27.721756005376513,27.721756005376513,0.2990838587284088,6.439428447078082,4.99962451782679,377.32579980144214,10.02759047850314,1318.4291007141549,established,9.999999999999763e+299,1269.1166391331205,1.0,2.1612908839133845e-224,1318.4291007141549
DS3,DS3,378.0,378.62774448,4,9.823357037044165,4.915406438666151,0.0006802721088435374,0.015306122448979591,27.721756005376513,27.721756005376513,0.30969110131263733,6.439428447078082,4.915406438666151,377.50388724604557,9.823357037044163,1320.7138636352342,established,9.999999999999763e+299,1271.4014020542,1.0,1.0806454419566288e-224,1320.7138636352342
DS3,DS3,378.5,379.12774448,4,7.0523865916116275,4.908827111586808,0.0020408163265306124,0.008503401360544218,13.544467780931475,13.544467780931475,0.3221442401409149,6.439428447078082,4.908827111586808,377.7169753129215,7.052386591611627,1322.667229718405,established,9.999999999999763e+299,1273.3547681373707,1.0,5.403227209783441e-225,1322.667229718405
DS3,DS3,379.0,379.62774448,4,11.468026569492052,5.445935714878505,0.0006802721088435374,0.006122448979591837,27.721756005376513,27.721756005376513,0.46649327874183655,6.439428447078082,5.445935714878505,377.97656062045996,11.468026569492054,1325.1067925832608,established,9.999999999999763e+299,1275.7943310022265,1.0,2.701613604891562e-225,1325.1067925832608
DS3,DS3,379.5,380.12774448,4,10.186705420937948,5.0676079466977,0.0006802721088435374,0.011904761904761904,27.721756005376513,27.721756005376513,0.3848625123500824,6.439428447078082,5.0676079466977,378.1929106707305,10.186705420937948,1327.4278760632953,established,9.999999999999763e+299,1278.115414482261,1.0,1.3508068024458554e-225,1327.4278760632953
DS3,DS3,380.0,380.62774448,4,5.388146832347227,4.560635392680432,0.004081632653061225,0.012585034013605443,8.758344461091689,8.758344461091689,0.33162370324134827,6.439428447078082,4.560635392680432,378.39122541719973,5.388146832347227,1329.112077573207,established,9.999999999999763e+299,1279.7996159921727,1.0,6.75403401222888e-226,1329.112077573207
DS3,DS3,380.5,381.12774448,4,5.075101499058673,4.569500405525149,0.007482993197278911,0.009863945578231292,6.052075118926798,6.052075118926798,0.285990834236145,6.439428447078082,4.569500405525149,378.56991810971795,5.075101499058672,1330.7364240977492,established,9.999999999999763e+299,1281.423962516715,1.0,3.377017006114626e-226,1330.7364240977492
DS3,DS3,381.0,381.62774448,4,11.126887871902419,5.289433745447926,0.0006802721088435374,0.00816326530612245,27.721756005376513,27.721756005376513,0.4675242006778717,6.439428447078082,5.289433745447926,378.7861369925171,11.126887871902419,1333.1457886077555,established,9.999999999999763e+299,1283.8333270267212,1.0,1.6885085030572137e-226,1333.1457886077555
DS3,DS3,381.5,382.12774448,4,10.442803527722596,5.123189669549614,0.0006802721088435374,0.01054421768707483,27.721756005376513,27.721756005376513,0.35853010416030884,6.439428447078082,5.123189669549614,378.9719715806275,10.442803527722596,1335.4917016912987,established,9.999999999999763e+299,1286.1792401102643,1.0,8.442542515286533e-227,1335.4917016912987
DS3,DS3,382.0,382.62774448,4,4.045472062694797,4.129023779005555,0.007482993197278911,0.017346938775510204,6.052075118926798,6.052075118926798,0.30870380997657776,6.439428447078082,4.129023779005555,379.1440280857115,4.045472062694797,1336.8892999377674,established,9.999999999999763e+299,1287.576838356733,1.0,4.2212712576430184e-227,1336.8892999377674
DS3,DS3,382.5,383.12774448,4,5.300783815081483,4.593941447716622,0.006802721088435374,0.007823129251700681,6.409315536106599,6.409315536106599,0.313433438539505,6.439428447078082,4.593941447716622,379.323336863014,5.300783815081483,1338.5571546370288,established,9.999999999999763e+299,1289.2446930559945,1.0,2.110635628821625e-227,1338.5571546370288
DS3,DS3,383.0,383.62774448,4,4.781966996807933,4.458374660316419,0.006802721088435374,0.012585034013605442,6.409315536106599,6.409315536106599,0.3447589874267578,6.439428447078082,4.458374660316419,379.5097149523525,4.781966996807933,1340.1220066044953,established,9.999999999999763e+299,1290.809545023461,1.0,1.0553178144108707e-227,1340.1220066044953
DS3,DS3,383.5,384.12774448,4,9.740887520722636,4.860288107976569,0.0006802721088435374,0.01598639455782313,27.721756005376513,27.721756005376513,0.2981741726398468,6.439428447078082,4.860288107976569,379.6879485549955,9.740887520722636,1342.3983388392226,established,9.999999999999763e+299,1293.0858772581882,1.0,5.276589072054043e-228,1342.3983388392226
DS3,DS3,384.0,384.62774448,4,7.149667082426959,5.043359880200873,0.0027210884353741495,0.00816326530612245,11.284227410410685,11.284227410410685,0.2805118262767792,6.439428447078082,5.043359880200873,379.86177589917463,7.149667082426958,1344.3654046329461,established,9.999999999999763e+299,1295.0529430519118,1.0,2.638294536027167e-228,1344.3654046329461
DS3,DS3,384.5,385.12774448,4,7.996736668172085,5.023872584323617,0.0020408163265306124,0.010544217687074831,13.544467780931475,13.544467780931475,0.34219053387641907,6.439428447078082,5.023872584323617,380.0727939004628,7.996736668172085,1346.444438174927,established,9.999999999999763e+299,1297.1319765938927,1.0,1.319147268013506e-228,1346.444438174927
DS3,DS3,385.0,385.62774448,4,14.91379274340152,6.050564354878782,0.0006802721088435374,0.0020408163265306124,27.721756005376513,27.721756005376513,0.4174121022224426,6.439428447078082,6.050564354878782,380.3074841062156,14.91379274340152,1349.1467246471705,established,9.999999999999763e+299,1299.8342630661361,1.0,6.595736340067892e-229,1349.1467246471705
DS3,DS3,385.5,386.12774448,4,12.279831518641737,5.650296939187886,0.0006802721088435374,0.004421768707482994,27.721756005376513,27.721756005376513,0.411861389875412,6.439428447078082,5.650296939187886,380.52496642494475,12.279831518641737,1351.6546828498151,established,9.999999999999763e+299,1302.3422212687808,1.0,3.297868170033753e-229,1351.6546828498151
DS3,DS3,386.0,386.62774448,4,12.348653776652142,5.698835942798126,0.0006802721088435374,0.004761904761904762,27.721756005376513,27.721756005376513,0.3262394368648529,6.439428447078082,5.698835942798126,380.7267636733678,12.348653776652144,1354.1682299010083,established,9.999999999999763e+299,1304.855768319974,1.0,1.6489340850169668e-229,1354.1682299010083
DS3,DS3,386.5,387.12774448,4,13.441094108848409,5.765705784081691,0.0006802721088435374,0.0030612244897959186,27.721756005376513,27.721756005376513,0.3919335603713989,6.439428447078082,5.765705784081691,380.9503094347742,13.44109410884841,1356.7665466396984,established,9.999999999999763e+299,1307.454085058664,1.0,8.24467042508435e-230,1356.7665466396984
DS3,DS3,387.0,387.62774448,4,12.822630011621673,5.797664126959162,0.0006802721088435374,0.004081632653061225,27.721756005376513,27.721756005376513,0.32155731320381165,6.439428447078082,5.797664126959162,381.1429930361536,12.822630011621671,1359.3177582192632,established,9.999999999999763e+299,1310.0052966382289,1.0,4.122335212542402e-230,1359.3177582192632
DS3,DS3,387.5,388.12774448,4,10.832133854546052,5.071726655998576,0.0006802721088435374,0.006462585034013606,27.721756005376513,27.721756005376513,0.36530202627182007,5.223033122753588,5.071726655998576,381.3105114484754,10.832133854546054,1361.700275292682,established,9.999999999999763e+299,1312.3878137116476,1.0,2.06116760627108e-230,1361.700275292682
DS3,DS3,388.0,388.62774448,4,10.885381333898927,5.130436553767927,0.0006802721088435374,0.00782312925170068,27.721756005376513,27.721756005376513,0.349078893661499,6.135329615996958,5.130436553767927,381.53163992861175,10.885381333898927,1364.0876960197268,established,9.999999999999763e+299,1314.7752344386925,1.0,1.0305838031355967e-230,1364.0876960197268
DS3,DS3,388.5,389.12774448,4,5.374637119102475,4.638908339674719,0.005442176870748299,0.009863945578231292,7.338686469786171,7.338686469786171,0.42237189412117004,6.363403739307801,4.638908339674719,381.740481287482,5.374637119102475,1365.7693870787364,established,9.999999999999763e+299,1316.456925497702,1.0,5.152919015677681e-231,1365.7693870787364
DS3,DS3,389.0,389.62774448,4,12.251190876261484,5.582613810653384,0.0006802721088435374,0.0057823129251700685,27.721756005376513,27.721756005376513,0.49539414048194885,6.420422270135511,5.582613810653384,381.96997644180317,12.251190876261486,1368.2750102253908,established,9.999999999999763e+299,1318.9625486443565,1.0,2.576459507838982e-231,1368.2750102253908
DS3,DS3,389.5,390.12774448,4,12.186080660050653,5.564086817614953,0.0006802721088435374,0.004081632653061225,27.721756005376513,27.721756005376513,0.33826878666877747,6.434676902842439,5.564086817614953,382.15795425275223,12.186080660050653,1370.7753045962704,established,9.999999999999763e+299,1321.462843015236,1.0,1.2882297539194154e-231,1370.7753045962704
DS3,DS3,390.0,390.62774448,4,6.973486139309006,5.104516946399216,0.004081632653061225,0.006462585034013605,8.758344461091689,8.758344461091689,0.45415136218070984,6.438240561019171,5.104516946399216,382.37885996052876,6.973486139309006,1372.7174198594619,established,9.999999999999763e+299,1323.4049582784276,1.0,6.441148769597431e-232,1372.7174198594619
DS3,DS3,390.5,391.12774448,4,11.996612748585216,5.587468332117659,0.0006802721088435374,0.005102040816326531,27.721756005376513,27.721756005376513,0.4556536376476288,6.439131475563354,5.587468332117659,382.60491290191067,11.996612748585216,1375.2020441984528,established,9.999999999999763e+299,1325.8895826174185,1.0,3.2205743847985263e-232,1375.2020441984528
DS3,DS3,391.0,391.62774448,4,16.8643534479344,6.064853958338769,0.0006802721088435374,0.003061224489795918,27.721756005376513,27.721756005376513,0.39053747057914734,6.439354204199399,6.064853958338769,382.83020086238037,16.8643534479344,1378.0272463293168,established,9.999999999999763e+299,1328.7147847482825,1.0,1.6102871923993516e-232,1378.0272463293168
DS3,DS3,391.5,392.12774448,4,15.327198914452591,6.223851150018768,0.0006802721088435374,0.002380952380952381,27.721756005376513,27.721756005376513,0.37138766050338745,6.439409886358411,6.223851150018768,383.0727458501781,15.327198914452591,1380.7568752862915,established,9.999999999999763e+299,1331.4444137052571,1.0,8.051435961996286e-233,1380.7568752862915
DS3,DS3,392.0,392.62774448,4,15.215691671541565,6.144237717239135,0.0006802721088435374,0.0020408163265306124,27.721756005376513,27.721756005376513,0.4917171597480774,6.439423806898164,6.144237717239135,383.3291585738385,15.215691671541567,1383.479202528452,established,9.999999999999763e+299,1334.1667409474178,1.0,4.025717980998365e-233,1383.479202528452
DS3,DS3,392.5,393.12774448,4,13.543410853246371,5.922857948937284,0.0006802721088435374,0.0034013605442176874,27.721756005376513,27.721756005376513,0.347761332988739,6.4394272870331015,5.922857948937284,383.5430094460571,13.543410853246371,1386.0851026736102,established,9.999999999999763e+299,1336.772641092576,1.0,2.012858990499064e-233,1386.0851026736102
DS3,DS3,393.0,393.62774448,4,12.522628565773049,5.662494480230244,0.0006802721088435374,0.0047619047619047615,27.721756005376513,27.721756005376513,0.3799229860305786,6.439428157066836,5.662494480230244,383.7595611537421,12.522628565773049,1388.6126399665889,established,9.999999999999763e+299,1339.3001783855545,1.0,1.0064294952495874e-233,1388.6126399665889
DS3,DS3,393.5,394.12774448,4,10.949758598783813,5.216399639747635,0.0006802721088435374,0.010544217687074831,27.721756005376513,27.721756005376513,0.33509618043899536,6.43942837457527,5.216399639747635,383.9509154039049,10.949758598783813,1391.005957376835,established,9.999999999999763e+299,1341.6934957958008,1.0,5.0321474762476414e-234,1391.005957376835
DS3,DS3,394.0,394.62774448,4,6.152920147693466,4.60079119126365,0.0027210884353741495,0.011904761904761906,11.284227410410685,11.284227410410685,0.28928568959236145,6.439428428952379,4.60079119126365,384.12590918117996,6.152920147693466,1392.822884166725,established,9.999999999999763e+299,1343.5104225856908,1.0,2.516073738123959e-234,1392.822884166725
DS3,DS3,394.5,395.12774448,4,7.787391516661941,5.154684620264754,0.0020408163265306124,0.006802721088435375,13.544467780931475,13.544467780931475,0.32390278577804565,6.439428442546656,5.154684620264754,384.3187647568607,7.787391516661941,1394.875390120297,established,9.999999999999763e+299,1345.5629285392627,1.0,1.2580368690619056e-234,1394.875390120297
DS3,DS3,395.0,395.62774448,4,11.140291303227794,5.308674005731959,0.0006802721088435374,0.006122448979591836,27.721756005376513,27.721756005376513,0.3459296226501465,6.439428445945225,5.308674005731959,384.5206040340089,11.140291303227794,1397.2859585037565,established,9.999999999999763e+299,1347.9734969227222,1.0,6.290184345309874e-235,1397.2859585037565
DS3,DS3,395.5,396.12774448,4,12.184627407960004,5.238455698101346,0.0006802721088435374,0.005102040816326531,27.721756005376513,27.721756005376513,0.33662647008895874,6.439428446794867,5.238455698101346,384.69912319132914,12.184627407960004,1399.7861336124392,established,9.999999999999763e+299,1350.473672031405,1.0,3.1450921726547525e-235,1399.7861336124392
DS3,DS3,396.0,396.62774448,4,4.678270061151694,4.265847604892401,0.004081632653061225,0.01870748299319728,8.758344461091689,8.758344461091689,0.2724508047103882,6.439428447007278,4.265847604892401,384.85011272528993,4.678270061151694,1401.3290620089801,established,9.999999999999763e+299,1352.0166004279458,1.0,1.5725460863274625e-235,1401.3290620089801
DS3,DS3,396.5,397.12774448,4,3.4089286389893876,3.8103239625880234,0.011564625850340135,0.019727891156462583,4.675215311198402,4.675215311198402,0.24413448572158813,6.43942844706038,3.8103239625880234,384.9752515571736,3.4089286389893876,1402.5554600687956,established,9.999999999999763e+299,1353.2429984877613,1.0,7.8627304316368515e-236,1402.5554600687956
DS3,DS3,397.0,397.62774448,4,6.683766289782277,4.792037442308432,0.0020408163265306124,0.011564625850340137,13.544467780931475,13.544467780931475,0.312389612197876,6.439428447073656,4.792037442308432,385.15143938312156,6.683766289782277,1404.4551417132955,established,9.999999999999763e+299,1355.1426801322611,1.0,3.931365215818642e-236,1404.4551417132955
DS3,DS3,397.5,398.12774448,4,15.778908354953149,5.681984865597673,0.0006802721088435374,0.006122448979591836,27.721756005376513,27.721756005376513,0.4939081370830536,6.439428447076975,5.681984865597673,385.3895213204048,15.778908354953149,1407.213815847293,established,9.999999999999763e+299,1357.9013542662587,1.0,1.9656826079092055e-236,1407.213815847293
DS3,DS3,398.0,398.62774448,4,13.82011055518205,5.7363835124509155,0.0006802721088435374,0.004421768707482993,27.721756005376513,27.721756005376513,0.44711625576019287,6.4394284470778045,5.7363835124509155,385.63636318469264,13.82011055518205,1409.839940665252,established,9.999999999999763e+299,1360.5274790842177,1.0,9.828413039546569e-237,1409.839940665252
DS3,DS3,398.5,399.12774448,4,12.199198839668004,5.412552866722375,0.0006802721088435374,0.008503401360544217,27.721756005376513,27.721756005376513,0.40797796845436096,6.439428447078012,5.412552866722375,385.8625830265305,12.199198839668005,1412.3413109459552,established,9.999999999999763e+299,1363.028849364921,1.0,4.914206519773554e-237,1412.3413109459552
DS3,DS3,399.0,399.62774448,4,10.718204036693912,5.193415265916214,0.0006802721088435374,0.007482993197278912,27.721756005376513,27.721756005376513,0.3448115885257721,6.439428447078064,5.193415265916214,386.0607297214291,10.718204036693912,1414.713254553672,established,9.999999999999763e+299,1365.4007929726376,1.0,2.457103259886633e-237,1414.713254553672
DS3,DS3,399.5,400.12774448,4,6.505045323014976,4.894321151557714,0.004081632653061225,0.00782312925170068,8.758344461091689,8.758344461091689,0.3498280644416809,6.439428447078077,4.894321151557714,386.26782222786755,6.505045323014976,1416.5858326330242,established,9.999999999999763e+299,1367.27337105199,1.0,1.228551629943384e-237,1416.5858326330242
DS3,DS3,400.0,400.62774448,4,11.451016178643165,5.399891933517686,0.0006802721088435374,0.006122448979591837,27.721756005376513,27.721756005376513,0.3420220911502838,6.439428447078081,5.399891933517686,386.4712850461325,11.451016178643165,1419.0239111083129,established,9.999999999999763e+299,1369.7114495272785,1.0,6.142758149716559e-238,1419.0239111083129
DS3,DS3,400.5,401.12774448,4,18.51660647273747,6.42658370407285,0.0006802721088435374,0.0017006802721088435,27.721756005376513,27.721756005376513,0.4110981225967407,6.439428447078081,6.42658370407285,386.6989725927433,18.51660647273747,1421.942579084928,established,9.999999999999763e+299,1372.6301175038936,1.0,3.0713790748584486e-238,1421.942579084928
DS3,DS3,401.0,401.62774448,4,16.786832623911835,6.001821186291903,0.0006802721088435374,0.00272108843537415,27.721756005376513,27.721756005376513,0.3792235255241394,6.439428447078081,6.001821186291903,386.92714088061655,16.78683262391183,1424.763173891641,established,9.999999999999763e+299,1375.4507123106066,1.0,1.5356895374291343e-238,1424.763173891641
DS3,DS3,401.5,402.12774448,4,11.455976277106519,5.239266071582388,0.0006802721088435374,0.008843537414965985,27.721756005376513,27.721756005376513,0.35692715644836426,6.439428447078081,5.239266071582388,387.12167695710264,11.455976277106519,1427.2016854310737,established,9.999999999999763e+299,1377.8892238500393,1.0,7.678447687146093e-239,1427.2016854310737
DS3,DS3,402.0,402.62774448,4,7.094347116019446,4.925611937296216,0.0020408163265306124,0.008843537414965985,13.544467780931475,13.544467780931475,0.34152957797050476,6.439428447078081,4.925611937296216,387.3222383702715,7.094347116019445,1429.1609837171584,established,9.999999999999763e+299,1379.848522136124,1.0,3.839223843572821e-239,1429.1609837171584
DS3,DS3,402.5,403.12774448,4,12.745820858747814,5.775911282711754,0.0006802721088435374,0.004081632653061225,27.721756005376513,27.721756005376513,0.33860158920288086,6.439428447078081,5.775911282711754,387.51831147173243,12.745820858747814,1431.7061871592482,established,9.999999999999763e+299,1382.393725578214,1.0,1.919611921786516e-239,1431.7061871592482
DS3,DS3,403.0,403.62774448,4,5.3196433945642,4.591699280220932,0.005442176870748299,0.010884353741496598,7.338686469786171,7.338686469786171,0.2812272012233734,6.439428447078081,4.591699280220932,387.6891155267675,5.3196433945642,1433.377593429258,established,9.999999999999763e+299,1384.0651318482237,1.0,9.598059608932017e-240,1433.377593429258
DS3,DS3,403.5,404.12774448,4,11.99889921119285,5.456837916235363,0.0006802721088435374,0.004081632653061225,27.721756005376513,27.721756005376513,0.41925543546676636,6.439428447078081,5.456837916235363,387.89280059585167,11.99889921119285,1435.8624083424377,established,9.999999999999763e+299,1386.5499467614034,1.0,4.799029804466273e-240,1435.8624083424377
DS3,DS3,404.0,404.62774448,4,11.889648781062084,5.520498470828759,0.0006802721088435374,0.004761904761904762,27.721756005376513,27.721756005376513,0.3698917329311371,6.439428447078081,5.520498470828759,388.10133781829666,11.889648781062082,1438.3380765136849,established,9.999999999999763e+299,1389.0256149326506,1.0,2.3995149022329951e-240,1438.3380765136849
DS3,DS3,404.5,405.12774448,4,7.427340026748153,5.0676079466977,0.0020408163265306124,0.00816326530612245,13.544467780931475,13.544467780931475,0.33000364899635315,6.439428447078081,5.0676079466977,388.27384564230033,7.427340026748153,1440.3432443038403,established,9.999999999999763e+299,1391.030782722806,1.0,1.1997574511165636e-240,1440.3432443038403
DS3,DS3,405.0,405.62774448,4,11.002855929772007,5.323384130737692,0.0006802721088435374,0.007142857142857143,27.721756005376513,27.721756005376513,0.3137754499912262,6.439428447078081,5.323384130737692,388.45789963850564,11.002855929772009,1442.74139917292,established,9.999999999999763e+299,1393.4289375918856,1.0,5.998787255582466e-241,1442.74139917292
DS3,DS3,405.5,406.12774448,4,7.574931810749094,5.176437464512161,0.004081632653061225,0.004081632653061225,8.758344461091689,8.758344461091689,0.3018740713596344,6.439428447078081,5.176437464512161,388.6539656246621,7.574931810749094,1444.7662435223936,established,9.999999999999763e+299,1395.4537819413592,1.0,2.999393627791398e-241,1444.7662435223936
DS3,DS3,406.0,406.62774448,4,8.42686535826637,4.994769996362514,0.0020408163265306124,0.00816326530612245,13.544467780931475,13.544467780931475,0.3222315311431885,6.439428447078081,4.994769996362514,388.86024871865095,8.42686535826637,1446.8976683816343,established,9.999999999999763e+299,1397.5852068006,1.0,1.4996968138956108e-241,1446.8976683816343
DS3,DS3,406.5,407.12774448,4,16.469380351645235,5.944610793184691,0.0006802721088435374,0.0037414965986394557,27.721756005376513,27.721756005376513,0.43333303928375244,6.439428447078081,5.944610793184691,389.09237811514913,16.469380351645235,1449.699171302265,established,9.999999999999763e+299,1400.3867097212308,1.0,7.498484069478466e-242,1449.699171302265
DS3,DS3,407.0,407.62774448,4,6.637190158851768,4.9237669104718105,0.0027210884353741495,0.009523809523809525,11.284227410410685,11.284227410410685,0.3297649025917053,6.439428447078081,4.9237669104718105,389.28652523407516,6.637190158851768,1451.5918600073446,established,9.999999999999763e+299,1402.2793984263103,1.0,3.749242034739013e-242,1451.5918600073446
DS3,DS3,407.5,408.12774448,4,7.840496386434545,5.1880674684208845,0.0020408163265306124,0.0071428571428571435,13.544467780931475,13.544467780931475,0.32473498582839966,6.439428447078081,5.1880674684208845,389.4960079277473,7.840496386434545,1453.6511621542988,established,9.999999999999763e+299,1404.3387005732645,1.0,1.8746210173696095e-242,1453.6511621542988
DS3,DS3,408.0,408.62774448,4,16.67432673830656,6.024224225964325,0.0006802721088435374,0.0037414965986394557,27.721756005376513,27.721756005376513,0.3035362958908081,6.439428447078081,6.024224225964325,389.69171963879637,16.67432673830656,1456.4650323697715,established,9.999999999999763e+299,1407.1525707887372,1.0,9.373105086847498e-243,1456.4650323697715
DS3,DS3,408.5,409.12774448,4,5.837188255259853,4.728077075659401,0.004081632653061225,0.009183673469387754,8.758344461091689,8.758344461091689,0.324989914894104,6.439428447078081,4.728077075659401,389.88633993292024,5.8371882552598535,1458.2292815875305,established,9.999999999999763e+299,1408.9168200064962,1.0,4.686552543424007e-243,1458.2292815875305
DS3,DS3,409.0,409.62774448,4,17.56348289769288,6.245603994266175,0.0006802721088435374,0.002380952380952381,27.721756005376513,27.721756005376513,0.35902926325798035,6.439428447078081,6.245603994266175,390.11457657987046,17.56348289769288,1461.0951034987634,established,9.999999999999763e+299,1411.782641917729,1.0,2.3432762717118656e-243,1461.0951034987634
DS3,DS3,409.5,410.12774448,4,11.755920214834838,5.508300929786401,0.0006802721088435374,0.0054421768707483,27.721756005376513,27.721756005376513,0.38099825382232666,6.439428447078081,5.508300929786401,390.3213893170075,11.755920214834838,1463.5594604605358,established,9.999999999999763e+299,1414.2469988795015,1.0,1.1716381358559973e-243,1463.5594604605358
DS3,DS3,410.0,410.62774448,4,6.2680512812922276,4.841493878140912,0.004081632653061225,0.008503401360544217,8.758344461091689,8.758344461091689,0.3590598404407501,6.439428447078081,4.841493878140912,390.53816946694417,6.2680512812922276,1465.3949259664403,established,9.999999999999763e+299,1416.082464385406,1.0,5.8581906792796426e-244,1465.3949259664403
DS3,DS3,410.5,411.12774448,4,8.666253878818488,5.47491808163027,0.003401360544217687,0.004081632653061225,9.809640123304401,9.809640123304401,0.3373960256576538,6.439428447078081,5.47491808163027,390.74666137495797,8.666253878818488,1467.5543625852922,established,9.999999999999763e+299,1418.241901004258,1.0,2.929095339639982e-244,1467.5543625852922
DS3,DS3,411.0,411.62774448,4,11.002855929772007,5.323384130737691,0.0006802721088435374,0.007142857142857143,27.721756005376513,27.721756005376513,0.30458617210388184,6.439428447078081,5.323384130737691,390.93113124022045,11.002855929772009,1469.952517454372,established,9.999999999999763e+299,1420.6400558733376,1.0,1.4645476698199051e-244,1469.952517454372
DS3,DS3,411.5,412.12774448,4,5.192102819948142,4.484714789230876,0.004761904761904762,0.010204081632653062,7.964010296900345,7.964010296900345,0.37892720103263855,6.439428447078081,4.484714789230876,391.1288546825365,5.1921028199481425,1471.5996562371115,established,9.999999999999763e+299,1422.2871946560772,1.0,7.322738349099928e-245,1471.5996562371115
DS3,DS3,412.0,412.62774448,4,5.445641290980017,4.5489760649783495,0.004761904761904762,0.012585034013605442,7.964010296900345,7.964010296900345,0.2899436354637146,6.439428447078081,4.5489760649783495,391.30995524624143,5.445641290980017,1473.2944717626826,established,9.999999999999763e+299,1423.9820101816483,1.0,3.6613691745497494e-245,1473.2944717626826
DS3,DS3,412.5,413.12774448,4,8.786107136231749,5.4293376924317815,0.0027210884353741495,0.004421768707482993,11.284227410410685,11.284227410410685,0.32724976539611816,6.439428447078081,5.4293376924317815,391.5271266261652,8.786107136231749,1475.4676435021331,established,9.999999999999763e+299,1426.1551819210988,1.0,1.830684587274975e-245,1475.4676435021331
DS3,DS3,413.0,413.62774448,4,6.795390444545715,5.041267817783243,0.004081632653061225,0.006122448979591836,8.758344461091689,8.758344461091689,0.30378150939941406,6.439428447078081,5.041267817783243,391.72301165262013,6.795390444545715,1477.3838880086514,established,9.999999999999763e+299,1428.071426427617,1.0,9.15342293637538e-246,1477.3838880086514
DS3,DS3,413.5,414.12774448,4,7.921627652160952,5.327971415404741,0.004081632653061225,0.004761904761904762,8.758344461091689,8.758344461091689,0.31166020035743713,6.439428447078081,5.327971415404741,391.9199267069414,7.921627652160952,1479.4534847049997,established,9.999999999999763e+299,1430.1410231239654,1.0,4.576711468187421e-246,1479.4534847049997
DS3,DS3,414.0,414.62774448,4,4.688570558432868,4.289592491552103,0.006802721088435374,0.01054421768707483,6.409315536106599,6.409315536106599,0.3229077160358429,6.439428447078081,4.289592491552103,392.11395623335386,4.688570558432868,1480.9986124560191,established,9.999999999999763e+299,1431.6861508749848,1.0,2.288355734093836e-246,1480.9986124560191
DS3,DS3,414.5,415.12774448,4,6.293337877206385,4.574039469534318,0.0020408163265306124,0.011564625850340135,13.544467780931475,13.544467780931475,0.30798548460006714,6.439428447078081,4.574039469534318,392.2934706504061,6.293337877206385,1482.838104050082,established,9.999999999999763e+299,1433.5256424690476,1.0,1.144177867046851e-246,1482.838104050082
DS3,DS3,415.0,415.62774448,4,7.65405507473198,5.176437464512162,0.0027210884353741495,0.0057823129251700685,11.284227410410685,11.284227410410685,0.3070196807384491,6.439428447078081,5.176437464512162,392.46884311834117,7.65405507473198,1484.8733396326086,established,9.999999999999763e+299,1435.5608780515743,1.0,5.720889335234569e-247,1484.8733396326086
DS3,DS3,415.5,416.12774448,4,4.159476926512111,4.2194006636997905,0.009523809523809525,0.014965986394557824,5.241544040701076,5.241544040701076,0.31577685475349426,6.439428447078081,4.2194006636997905,392.6494533034577,4.159476926512111,1486.2987289601567,established,9.999999999999763e+299,1436.9862673791224,1.0,2.860444667617117e-247,1486.2987289601567
DS3,DS3,416.0,416.62774448,4,6.7326744177947795,4.791326204275375,0.0020408163265306124,0.011904761904761906,13.544467780931475,13.544467780931475,0.4637991189956665,6.439428447078081,4.791326204275375,392.8830019498779,6.7326744177947795,1488.2057014123639,established,9.999999999999763e+299,1438.8932398313295,1.0,1.4302223338086372e-247,1488.2057014123639
DS3,DS3,416.5,417.12774448,4,11.064307773714958,5.342261018864727,0.0006802721088435374,0.008503401360544217,27.721756005376513,27.721756005376513,0.4316555857658386,6.439428447078081,5.342261018864727,393.1039461473538,11.064307773714958,1490.6094258239202,established,9.999999999999763e+299,1441.296964242886,1.0,7.151111669042765e-248,1490.6094258239202
DS3,DS3,417.0,417.62774448,4,11.44693322632197,5.465380140139176,0.0006802721088435374,0.006462585034013605,27.721756005376513,27.721756005376513,0.3641825020313263,6.439428447078081,5.465380140139176,393.3089443067623,11.44693322632197,1493.047147677549,established,9.999999999999763e+299,1443.7346860965147,1.0,3.5755558345215794e-248,1493.047147677549
DS3,DS3,417.5,418.12774448,4,11.798029207537379,5.548930662160845,0.0006802721088435374,0.0054421768707483,27.721756005376513,27.721756005376513,0.3034899830818176,6.439428447078081,5.548930662160845,393.49332248518,11.79802920753738,1495.5150801787615,established,9.999999999999763e+299,1446.2026185977272,1.0,1.7877779172606845e-248,1495.5150801787615
DS3,DS3,418.0,418.62774448,4,6.716779886145045,4.980531273130646,0.004081632653061225,0.00782312925170068,8.758344461091689,8.758344461091689,0.3077922761440277,6.439428447078081,4.980531273130646,393.68407731005675,6.716779886145045,1497.4196890348421,established,9.999999999999763e+299,1448.1072274538078,1.0,8.938889586303915e-249,1497.4196890348421
DS3,DS3,418.5,419.12774448,4,7.329530848047136,5.053318343237713,0.004081632653061225,0.004081632653061225,8.758344461091689,8.758344461091689,0.31838008761405945,6.439428447078081,5.053318343237713,393.8704322765184,7.329530848047136,1499.4116005443332,established,9.999999999999763e+299,1450.0991389632989,1.0,4.469444793151695e-249,1499.4116005443332
DS3,DS3,419.0,419.62774448,4,4.909530619575158,4.350278359523117,0.004081632653061225,0.014965986394557824,8.758344461091689,8.758344461091689,0.27258414030075073,6.439428447078081,4.350278359523117,394.0348949337912,4.9095306195751585,1501.0027788847422,established,9.999999999999763e+299,1451.6903173037078,1.0,2.2347223965759703e-249,1501.0027788847422
DS3,DS3,419.5,420.12774448,4,6.2589467681020405,4.521407432363285,0.0020408163265306124,0.011224489795918367,13.544467780931475,13.544467780931475,0.3554689884185791,6.439428447078081,4.521407432363285,394.2236582892549,6.2589467681020405,1502.8367908077919,established,9.999999999999763e+299,1453.5243292267576,1.0,1.1173611982879196e-249,1502.8367908077919
DS3,DS3,420.0,420.62774448,4,10.796491623185203,5.775911282711754,0.0020408163265306124,0.0030612244897959186,13.544467780931475,13.544467780931475,0.38548174500465393,6.439428447078081,5.775911282711754,394.45190195465204,10.796491623185203,1505.216012039442,established,9.999999999999763e+299,1455.9035504584076,1.0,5.586805991439905e-250,1505.216012039442
DS3,DS3,420.5,421.12774448,4,18.194953635022628,6.346970271293216,0.0006802721088435374,0.0017006802721088435,27.721756005376513,27.721756005376513,0.36377769708633423,6.439428447078081,6.346970271293216,394.67769017690534,18.194953635022628,1508.1171563222765,established,9.999999999999763e+299,1458.8046947412422,1.0,2.7934029957197885e-250,1508.1171563222765
DS3,DS3,421.0,421.62774448,4,16.811236620189547,5.94919807785174,0.0006802721088435374,0.002380952380952381,27.721756005376513,27.721756005376513,0.35243454575538635,6.439428447078081,5.94919807785174,394.87675105804317,16.811236620189547,1510.9392038315475,established,9.999999999999763e+299,1461.6267422505132,1.0,1.3967014978599712e-250,1510.9392038315475
DS3,DS3,421.5,422.12774448,4,11.499948796008304,5.443627295891769,0.0006802721088435374,0.007482993197278911,27.721756005376513,27.721756005376513,0.3488115668296814,6.439428447078081,5.443627295891769,395.0853114853214,11.499948796008304,1513.3815464143859,established,9.999999999999763e+299,1464.0690848333516,1.0,6.983507489299445e-251,1513.3815464143859
DS3,DS3,422.0,422.62774448,4,14.306416626979269,5.963487681311728,0.0006802721088435374,0.002380952380952381,27.721756005376513,27.721756005376513,0.4031405746936798,6.439428447078081,5.963487681311728,395.30820687809694,14.306416626979269,1516.0422545661825,established,9.999999999999763e+299,1466.7297929851482,1.0,3.491753744649915e-251,1516.0422545661825
DS3,DS3,422.5,423.12774448,4,9.278307955510412,5.523011054792135,0.0020408163265306124,0.004081632653061225,13.544467780931475,13.544467780931475,0.41348153352737427,6.439428447078081,5.523011054792135,395.5503328675936,9.278307955510414,1518.2699337639756,established,9.999999999999763e+299,1468.9574721829413,1.0,1.7458768723248549e-251,1518.2699337639756
DS3,DS3,423.0,423.62774448,4,5.6798116701161065,4.605378475930699,0.004081632653061225,0.011904761904761906,8.758344461091689,8.758344461091689,0.3457942008972168,6.439428447078081,4.605378475930699,395.76099803546174,5.6798116701161065,1520.0068518394892,established,9.999999999999763e+299,1470.6943902584549,1.0,8.729384361624754e-252,1520.0068518394892
DS3,DS3,423.5,424.12774448,4,7.2367433805637695,5.0022841173780535,0.0020408163265306124,0.009523809523809523,13.544467780931475,13.544467780931475,0.32328560948371887,6.439428447078081,5.0022841173780535,395.9561458567689,7.236743380563768,1521.9860231353778,established,9.999999999999763e+299,1472.6735615543435,1.0,4.3646921808121207e-252,1521.9860231353778
DS3,DS3,424.0,424.62774448,4,7.874900215430079,5.139528464810645,0.0020408163265306124,0.00782312925170068,13.544467780931475,13.544467780931475,0.3805598020553589,6.439428447078081,5.139528464810645,396.1696115339706,7.874900215430079,1524.0497036489526,established,9.999999999999763e+299,1474.7372420679183,1.0,2.1823460904061803e-252,1524.0497036489526
DS3,DS3,424.5,425.12774448,4,7.207709520648102,4.941870054863929,0.0020408163265306124,0.01020408163265306,13.544467780931475,13.544467780931475,0.30568769574165344,6.439428447078081,4.941870054863929,396.3348811226497,7.207709520648103,1526.0248548688694,established,9.999999999999763e+299,1476.712393287835,1.0,1.0911730452030262e-252,1526.0248548688694
DS3,DS3,425.0,425.62774448,4,8.12206424349864,5.160243655626475,0.0020408163265306124,0.006122448979591837,13.544467780931475,13.544467780931475,0.3215548098087311,6.439428447078081,5.160243655626475,396.51468608626817,8.12206424349864,1528.1194392079149,established,9.999999999999763e+299,1478.8069776268806,1.0,5.455865226015431e-253,1528.1194392079149
DS3,DS3,425.5,426.12774448,4,7.148795894990878,5.072558603521745,0.004081632653061225,0.004761904761904762,8.758344461091689,8.758344461091689,0.42313262820243835,6.439428447078081,5.072558603521745,396.72849725434276,7.148795894990878,1530.0863831441438,established,9.999999999999763e+299,1480.7739215631095,1.0,2.727932613007555e-253,1530.0863831441438
DS3,DS3,426.0,426.62774448,4,6.939089086991812,5.017440272832163,0.0027210884353741495,0.007823129251700681,11.284227410410685,11.284227410410685,0.347995787858963,6.439428447078081,5.017440272832163,396.94737131545037,6.939089086991812,1532.023553654571,established,9.999999999999763e+299,1482.7110920735367,1.0,1.3639663065038527e-253,1532.023553654571
DS3,DS3,426.5,427.12774448,4,7.50414917962201,5.089360790945108,0.0020408163265306124,0.007823129251700681,13.544467780931475,13.544467780931475,0.315630704164505,6.439428447078081,5.089360790945108,397.15000693300453,7.50414917962201,1534.0390097460909,established,9.999999999999763e+299,1484.7265481650566,1.0,6.819831532518863e-254,1534.0390097460909
DS3,DS3,427.0,427.62774448,4,6.4599487248035015,4.844153477692176,0.0027210884353741495,0.009523809523809523,11.284227410410685,11.284227410410685,0.3055756986141205,6.439428447078081,4.844153477692176,397.31886399859275,6.4599487248035015,1535.904631126517,established,9.999999999999763e+299,1486.5921695454826,1.0,3.409915766259619e-254,1535.904631126517
DS3,DS3,427.5,428.12774448,4,11.862038870145097,5.522590533246388,0.0006802721088435374,0.006462585034013606,27.721756005376513,27.721756005376513,0.33421358466148376,6.439428447078081,5.522590533246388,397.5316576781281,11.862038870145097,1538.3779744167907,established,9.999999999999763e+299,1489.0655128357564,1.0,1.7049578831297093e-254,1538.3779744167907
DS3,DS3,428.0,428.62774448,4,11.151406121011583,5.8478318008247,0.0020408163265306124,0.0030612244897959186,13.544467780931475,13.544467780931475,0.3035280406475067,6.439428447078081,5.8478318008247,397.73083274686417,11.151406121011583,1540.7895400162536,established,9.999999999999763e+299,1491.4770784352193,1.0,8.524789415649015e-255,1540.7895400162536
DS3,DS3,428.5,429.12774448,4,13.932084543444807,6.012026684921968,0.0006802721088435374,0.0034013605442176874,27.721756005376513,27.721756005376513,0.33472707867622375,6.439428447078081,6.012026684921968,397.93740777695257,13.932084543444809,1543.423734437031,established,9.999999999999763e+299,1494.1112728559967,1.0,4.262394707824742e-255,1543.423734437031
DS3,DS3,429.0,429.62774448,4,7.426861181875465,5.142634094810284,0.0027210884353741495,0.006122448979591836,11.284227410410685,11.284227410410685,0.2891857922077179,6.439428447078081,5.142634094810284,398.11389629715757,7.426861181875465,1545.4288377545345,established,9.999999999999763e+299,1496.1163761735002,1.0,2.1311973539122457e-255,1545.4288377545345
DS3,DS3,429.5,430.12774448,4,4.373834355572932,4.251455141937031,0.00816326530612245,0.012244897959183675,5.744838507431367,5.744838507431367,0.31763672828674316,6.439428447078081,4.251455141937031,398.2881282153137,4.373834355572932,1546.9044778058326,established,9.999999999999763e+299,1497.5920162247983,1.0,1.0655986769561815e-255,1546.9044778058326
DS3,DS3,430.0,430.62774448,4,6.021580380047581,4.4851119299021605,0.0020408163265306124,0.01836734693877551,13.544467780931475,13.544467780931475,0.33600884675979614,6.439428447078081,4.4851119299021605,398.4617063934512,6.021580380047581,1548.699827552303,established,9.999999999999763e+299,1499.3873659712688,1.0,5.327993384780595e-256,1548.699827552303
DS3,DS3,430.5,431.12774448,4,5.281742003956936,4.502409834746137,0.004081632653061225,0.011564625850340137,8.758344461091689,8.758344461091689,0.3193069398403168,6.439428447078081,4.502409834746137,398.6500178525753,5.281742003956936,1550.3640835205997,established,9.999999999999763e+299,1501.0516219395654,1.0,2.663996692390444e-256,1550.3640835205997
DS3,DS3,431.0,431.62774448,4,5.317085230761317,4.4939301875569155,0.005442176870748299,0.007823129251700681,7.338686469786171,7.338686469786171,0.29568859934806824,6.439428447078081,4.4939301875569155,398.8089865709252,5.317085230761317,1552.0350087848526,established,9.999999999999763e+299,1502.7225472038183,1.0,1.3319983461951438e-256,1552.0350087848526
DS3,DS3,431.5,432.12774448,4,6.748289259515655,4.824245660269174,0.0027210884353741495,0.011224489795918368,11.284227410410685,11.284227410410685,0.30474263429641724,6.439428447078081,4.824245660269174,398.98650914976065,6.748289259515656,1553.9442978145803,established,9.999999999999763e+299,1504.631836233546,1.0,6.659991730976084e-257,1553.9442978145803
DS3,DS3,432.0,432.62774448,4,8.04369442140251,5.132281580592332,0.0020408163265306124,0.006462585034013606,13.544467780931475,13.544467780931475,0.32803770899772644,6.439428447078081,5.132281580592332,399.1849495316452,8.04369442140251,1556.0291862973806,established,9.999999999999763e+299,1506.7167247163463,1.0,3.329995865487847e-257,1556.0291862973806
DS3,DS3,432.5,433.12774448,4,6.896676986435148,5.08276410215181,0.004081632653061225,0.006802721088435375,8.758344461091689,8.758344461091689,0.35726019740104675,6.439428447078081,5.08276410215181,399.3865187252468,6.896676986435149,1557.9602259968103,established,9.999999999999763e+299,1508.647764415776,1.0,1.664997932744015e-257,1557.9602259968103
DS3,DS3,433.0,433.62774448,4,6.171959925014834,4.796175420643575,0.003401360544217687,0.008503401360544217,9.809640123304401,9.809640123304401,0.3217467665672302,6.439428447078081,4.796175420643575,399.5767881261712,6.171959925014835,1559.7802424382596,established,9.999999999999763e+299,1510.4677808572253,1.0,8.324989663719586e-258,1559.7802424382596
DS3,DS3,433.5,434.12774448,4,5.2178757082644385,4.505912694293706,0.004761904761904762,0.011224489795918367,7.964010296900345,7.964010296900345,0.30848637223243713,6.439428447078081,4.505912694293706,399.7628609503215,5.2178757082644385,1561.4323328048868,established,9.999999999999763e+299,1512.1198712238524,1.0,4.162494831860022e-258,1561.4323328048868
DS3,DS3,434.0,434.62774448,4,10.996509833793976,5.208381459775637,0.0006802721088435374,0.00782312925170068,27.721756005376513,27.721756005376513,0.33457767963409424,6.439428447078081,5.208381459775637,399.9532019811278,10.996509833793976,1563.8299107395019,established,9.999999999999763e+299,1514.5174491584676,1.0,2.0812474159298888e-258,1563.8299107395019
DS3,DS3,434.5,435.12774448,4,9.291541348276734,5.399891933517686,0.0020408163265306124,0.0034013605442176874,13.544467780931475,13.544467780931475,0.3076133131980896,6.439428447078081,5.399891933517686,400.14225357720306,9.291541348276734,1566.059015193342,established,9.999999999999763e+299,1516.7465536123077,1.0,1.0406237079650016e-258,1566.059015193342
DS3,DS3,435.0,435.62774448,4,10.840482816984512,5.158768725094678,0.0006802721088435374,0.010544217687074831,27.721756005376513,27.721756005376513,0.4074024558067322,6.439428447078081,5.158768725094678,400.3430514382725,10.84048281698451,1568.442302728674,established,9.999999999999763e+299,1519.1298411476396,1.0,5.2031185398247024e-259,1568.442302728674
DS3,DS3,435.5,436.12774448,4,6.319612804049373,4.903455933217018,0.004761904761904762,0.00816326530612245,7.964010296900345,7.964010296900345,0.3847324848175049,6.439428447078081,4.903455933217018,400.56653542691515,6.319612804049374,1570.2859606697739,established,9.999999999999763e+299,1520.9734990887396,1.0,2.601559269912494e-259,1570.2859606697739
DS3,DS3,436.0,436.62774448,4,6.50270974158294,4.910819153999102,0.003401360544217687,0.007142857142857143,9.809640123304401,9.809640123304401,0.3043898642063141,6.439428447078081,4.910819153999102,400.75312760496183,6.50270974158294,1572.1581796431242,established,9.999999999999763e+299,1522.8457180620899,1.0,1.3007796349561708e-259,1572.1581796431242
DS3,DS3,436.5,437.12774448,4,6.466640824507634,4.93123015125923,0.004081632653061225,0.006802721088435375,8.758344461091689,8.758344461091689,0.2968237102031708,6.439428447078081,4.93123015125923,400.9455461370353,6.466640824507634,1574.0248364243073,established,9.999999999999763e+299,1524.712374843273,1.0,6.503898174781211e-260,1574.0248364243073
DS3,DS3,437.0,437.62774448,4,7.011220279595997,5.07817681748476,0.003401360544217687,0.006462585034013605,9.809640123304401,9.809640123304401,0.34271323680877686,6.439428447078081,5.07817681748476,401.1708494307999,7.011220279595997,1575.9723481871793,established,9.999999999999763e+299,1526.659886606145,1.0,3.2519490873904148e-260,1575.9723481871793
DS3,DS3,437.5,438.12774448,4,16.825942947259485,6.050564354878782,0.0006802721088435374,0.003061224489795918,27.721756005376513,27.721756005376513,0.48754218220710754,6.439428447078081,6.050564354878782,401.4398002299074,16.825942947259485,1578.7952701055533,established,9.999999999999763e+299,1529.482808524519,1.0,1.625974543695297e-260,1578.7952701055533
DS3,DS3,438.0,438.62774448,4,7.049796360998994,5.019285299656568,0.003401360544217687,0.0057823129251700685,9.809640123304401,9.809640123304401,0.35469430685043335,6.439428447078081,5.019285299656568,401.66039198511874,7.049796360998994,1580.7482688369955,established,9.999999999999763e+299,1531.4358072559612,1.0,8.129872718476006e-261,1580.7482688369955
DS3,DS3,438.5,439.12774448,4,4.42351784137456,4.282129250764682,0.006802721088435374,0.014285714285714287,6.409315536106599,6.409315536106599,0.2937469184398651,6.439428447078081,4.282129250764682,401.8215310389701,4.42351784137456,1582.235204108245,established,9.999999999999763e+299,1532.9227425272106,1.0,4.064936359238227e-261,1582.235204108245
DS3,DS3,439.0,439.62774448,4,3.3680012904779457,3.6216013796491806,0.009523809523809525,0.02074829931972789,5.241544040701076,5.241544040701076,0.31925079226493835,5.223033122753588,3.6216013796491806,401.9709851665947,3.3680012904779457,1583.4495235877835,established,9.999999999999763e+299,1534.1370620067491,1.0,2.0324681796189941e-261,1583.4495235877835
DS3,DS3,439.5,440.12774448,4,2.837509934774821,3.499588205836654,0.018367346938775512,0.027891156462585033,3.5791257406730885,3.5791257406730885,0.2656547725200653,6.135329615996958,3.499588205836654,402.1071581518802,2.8375099347748205,1584.4924504718272,established,9.999999999999763e+299,1535.1799888907929,1.0,1.016234089809553e-261,1584.4924504718272
DS3,DS3,440.0,440.62774448,4,4.980488614777767,4.549489728606765,0.00816326530612245,0.010204081632653062,5.744838507431367,5.744838507431367,0.36704549193382263,6.363403739307801,4.549489728606765,402.3080986617657,4.980488614777767,1586.097978473468,established,9.999999999999763e+299,1536.7855168924336,1.0,5.081170449047466e-262,1586.097978473468
DS3,DS3,440.5,441.12774448,4,10.917644446586788,5.239740005373613,0.0006802721088435374,0.00816326530612245,27.721756005376513,27.721756005376513,0.32880765199661255,6.420422270135511,5.239740005373613,402.52400989519083,10.917644446586788,1588.4883587104964,established,9.999999999999763e+299,1539.175897129462,1.0,2.5405852245238727e-262,1588.4883587104964
DS3,DS3,441.0,441.62774448,4,11.18537049074023,5.317765916774676,0.0006802721088435374,0.00816326530612245,27.721756005376513,27.721756005376513,0.3253019154071808,6.434676902842439,5.317765916774676,402.7205219476076,11.18537049074023,1590.9029654287826,established,9.999999999999763e+299,1541.5905038477483,1.0,1.2702926122618619e-262,1590.9029654287826
DS3,DS3,441.5,442.12774448,4,16.65261888480433,5.978643836765836,0.0006802721088435374,0.003061224489795918,27.721756005376513,27.721756005376513,0.332869291305542,6.438240561019171,5.978643836765836,402.9179834871145,16.65261888480433,1593.715532923219,established,9.999999999999763e+299,1544.4030713421846,1.0,6.351463061309658e-263,1593.715532923219
DS3,DS3,442.0,442.62774448,4,12.636317913153466,5.520498470828759,0.0006802721088435374,0.004421768707482994,27.721756005376513,27.721756005376513,0.35907435417175293,6.439131475563354,5.520498470828759,403.12023742260055,12.636317913153466,1596.2521079651613,established,9.999999999999763e+299,1546.939646384127,1.0,3.1757315306546427e-263,1596.2521079651613
DS3,DS3,442.5,443.12774448,4,12.289601376936398,5.5969034141133704,0.0006802721088435374,0.0057823129251700685,27.721756005376513,27.721756005376513,0.3189466595649719,6.439354204199399,5.5969034141133704,403.33145527453735,12.289601376936398,1598.7608614534643,established,9.999999999999763e+299,1549.44839987243,1.0,1.5878657653274088e-263,1598.7608614534643
DS3,DS3,443.0,443.62774448,4,11.1942705073294,5.252888117903406,0.0006802721088435374,0.010204081632653062,27.721756005376513,27.721756005376513,0.4184577167034149,6.439409886358411,5.252888117903406,403.5485673552902,11.1942705073294,1601.1762635390273,established,9.999999999999763e+299,1551.863801957993,1.0,7.93932882663748e-264,1601.1762635390273
DS3,DS3,443.5,444.12774448,4,15.94391740273753,5.770190209253357,0.0006802721088435374,0.006122448979591836,27.721756005376513,27.721756005376513,0.4217950999736786,6.439423806898164,5.770190209253357,403.77243206115077,15.94391740273753,1603.9453409414639,established,9.999999999999763e+299,1554.6328793604296,1.0,3.969664413318507e-264,1603.9453409414639
DS3,DS3,444.0,444.62774448,4,13.355094457461488,5.821491671910243,0.0006802721088435374,0.004421768707482994,27.721756005376513,27.721756005376513,0.35978034138679504,6.4394272870331015,5.821491671910243,403.9877073651702,13.355094457461488,1606.537238860817,established,9.999999999999763e+299,1557.2247772797828,1.0,1.9848322066593624e-264,1606.537238860817
DS3,DS3,444.5,445.12774448,4,16.632010714514507,6.0090680705102155,0.0006802721088435374,0.0037414965986394557,27.721756005376513,27.721756005376513,0.3375145494937897,6.439428157066836,6.0090680705102155,404.1886550983936,16.632010714514507,1609.3485680555834,established,9.999999999999763e+299,1560.0361064745491,1.0,9.92416103329623e-265,1609.3485680555834
DS3,DS3,445.0,445.62774448,4,7.153317634116824,4.951952066210673,0.0020408163265306124,0.00816326530612245,13.544467780931475,13.544467780931475,0.30875977873802185,6.43942837457527,4.951952066210673,404.39662454189363,7.153317634116824,1611.316144309444,established,9.999999999999763e+299,1562.0036827284098,1.0,4.962080516648388e-265,1611.316144309444
DS3,DS3,445.5,446.12774448,4,6.7060803402507645,5.017440272832163,0.004081632653061225,0.006462585034013605,8.758344461091689,8.758344461091689,0.33284270763397217,6.439428428952379,5.017440272832163,404.6085080436021,6.706080340250765,1613.2191589377699,established,9.999999999999763e+299,1563.9066973567355,1.0,2.481040258324048e-265,1613.2191589377699
DS3,DS3,446.0,446.62774448,4,22.00243685562404,6.5998704992128365,0.0006802721088435374,0.0006802721088435374,27.721756005376513,27.721756005376513,0.39376044273376465,6.439428442546656,6.5998704992128365,404.85473436327277,22.00243685562404,1616.3103121511588,established,9.999999999999763e+299,1566.9978505701245,1.0,1.2405201291620924e-265,1616.3103121511588
DS3,DS3,446.5,447.12774448,4,20.068051800523797,6.6717910173257815,0.0006802721088435374,0.001360544217687075,27.721756005376513,27.721756005376513,0.4586198031902313,6.439428445945225,6.6717910173257815,405.1360199859887,20.068051800523797,1619.3094412390274,established,9.999999999999763e+299,1569.996979657993,1.0,6.202600645810098e-266,1619.3094412390274
DS3,DS3,447.0,447.62774448,4,9.331711960106952,5.419132193801717,0.0020408163265306124,0.0034013605442176874,13.544467780931475,13.544467780931475,0.3422735333442688,6.439428446794867,5.419132193801717,405.33799160780006,9.331711960106952,1621.5428597268838,established,9.999999999999763e+299,1572.2303981458494,1.0,3.101300322905219e-266,1621.5428597268838
DS3,DS3,447.5,448.12774448,4,4.65736962217567,4.378544870967678,0.006802721088435374,0.011564625850340135,6.409315536106599,6.409315536106599,0.30203139781951904,6.439428447007278,4.378544870967678,405.5122749684899,4.65736962217567,1623.0813105568939,established,9.999999999999763e+299,1573.7688489758596,1.0,1.5506501614525187e-266,1623.0813105568939
DS3,DS3,448.0,448.62774448,4,5.259344843171122,4.540054646611052,0.004081632653061225,0.013265306122448979,8.758344461091689,8.758344461091689,0.3000674843788147,6.43942844706038,4.540054646611052,405.67918700785924,5.259344843171122,1624.7413170213558,established,9.999999999999763e+299,1575.4288554403215,1.0,7.753250807263019e-267,1624.7413170213558
DS3,DS3,448.5,449.12774448,4,6.3950515328537545,4.806956293520708,0.0027210884353741495,0.008843537414965987,11.284227410410685,11.284227410410685,0.31531816720962524,6.439428447073656,4.806956293520708,405.8602415977566,6.3950515328537545,1626.596841514658,established,9.999999999999763e+299,1577.2843799336238,1.0,3.876625403631282e-267,1626.596841514658
DS3,DS3,449.0,449.62774448,4,10.593009101913792,5.201366971576848,0.0006802721088435374,0.009523809523809523,27.721756005376513,27.721756005376513,0.37659305334091187,6.439428447076975,5.201366971576848,406.0624709947555,10.593009101913792,1628.9570357795105,established,9.999999999999763e+299,1579.6445741984762,1.0,1.938312701815748e-267,1628.9570357795105
DS3,DS3,449.5,450.12774448,4,11.45763277221625,5.42847114043766,0.0006802721088435374,0.00782312925170068,27.721756005376513,27.721756005376513,0.33261585235595703,6.4394284470778045,5.42847114043766,406.2732381089179,11.45763277221625,1631.3956919050806,established,9.999999999999763e+299,1582.0832303240463,1.0,9.691563509078169e-268,1631.3956919050806
DS3,DS3,450.0,450.62774448,4,12.204392667058244,5.5731787286576715,0.0006802721088435374,0.004081632653061225,27.721756005376513,27.721756005376513,0.35503795742988586,6.439428447078012,5.5731787286576715,406.4772656364886,12.204392667058245,1633.8974878466927,established,9.999999999999763e+299,1584.5850262656584,1.0,4.845781754539351e-268,1633.8974878466927
DS3,DS3,450.5,451.12774448,4,10.434082736393515,4.951096194097792,0.0006802721088435374,0.009863945578231292,27.721756005376513,27.721756005376513,0.32292935252189636,6.439428447078064,4.951096194097792,406.6611343218533,10.434082736393517,1636.2425654807605,established,9.999999999999763e+299,1586.9301038997262,1.0,2.4228908772695334e-268,1636.2425654807605
DS3,DS3,451.0,451.62774448,4,13.96501184239764,5.813294216204495,0.0006802721088435374,0.002380952380952381,27.721756005376513,27.721756005376513,0.36035454273223877,6.439428447078077,5.813294216204495,406.86769785197055,13.965011842397642,1638.879120528163,established,9.999999999999763e+299,1589.5666589471286,1.0,1.2114454386348333e-268,1638.879120528163
DS3,DS3,451.5,452.12774448,4,10.43685048474293,5.16810767173062,0.0006802721088435374,0.011564625850340135,27.721756005376513,27.721756005376513,0.39105167984962463,6.439428447078081,5.16810767173062,407.0766769832519,10.436850484742928,1641.224463387397,established,9.999999999999763e+299,1591.9120018063627,1.0,6.0572271931738105e-269,1641.224463387397
DS3,DS3,452.0,452.62774448,4,6.27312522058026,4.909477307011823,0.004081632653061225,0.00816326530612245,8.758344461091689,8.758344461091689,0.34263288974761963,6.439428447078081,4.909477307011823,407.2968732839969,6.27312522058026,1643.0607380581457,established,9.999999999999763e+299,1593.7482764771114,1.0,3.028613596587072e-269,1643.0607380581457
DS3,DS3,452.5,453.12774448,4,6.127922963878179,4.66945024816827,0.004081632653061225,0.00782312925170068,8.758344461091689,8.758344461091689,0.3503211736679077,6.439428447078081,4.66945024816827,407.50617976398735,6.127922963878179,1644.8735939193364,established,9.999999999999763e+299,1595.561132338302,1.0,1.514306798293447e-269,1644.8735939193364
DS3,DS3,453.0,453.62774448,4,5.270794669936233,4.434547115365338,0.004081632653061225,0.012925170068027212,8.758344461091689,8.758344461091689,0.2977766990661621,6.439428447078081,4.434547115365338,407.6646403639164,5.270794669936233,1646.5357750617811,established,9.999999999999763e+299,1597.2233134807468,1.0,7.57153399146765e-270,1646.5357750617811
DS3,DS3,453.5,454.12774448,4,4.427749358637062,4.170957795449321,0.005442176870748299,0.014625850340136054,7.338686469786171,7.338686469786171,0.2923799455165863,6.439428447078081,4.170957795449321,407.84309229092264,4.427749358637062,1648.023666471285,established,9.999999999999763e+299,1598.7112048902507,1.0,3.7857669957336034e-270,1648.023666471285
DS3,DS3,454.0,454.62774448,4,5.199042165832175,4.448226311075105,0.003401360544217687,0.017346938775510204,9.809640123304401,9.809640123304401,0.31540119647979736,6.439428447078081,4.448226311075105,408.02806758494637,5.199042165832176,1649.6721408810272,established,9.999999999999763e+299,1600.3596792999929,1.0,1.892883497866906e-270,1649.6721408810272
DS3,DS3,454.5,455.12774448,4,7.427553760343594,4.951952066210672,0.0020408163265306124,0.010204081632653062,13.544467780931475,13.544467780931475,0.34075257182121277,6.439428447078081,4.951952066210672,408.2175408876087,7.427553760343595,1651.677337447369,established,9.999999999999763e+299,1602.3648758663346,1.0,9.464417489333973e-271,1651.677337447369
DS3,DS3,455.0,455.62774448,4,9.591243934075088,4.7713155273569905,0.0006802721088435374,0.014625850340136054,27.721756005376513,27.721756005376513,0.4801267981529236,6.439428447078081,4.7713155273569905,408.434357631072,9.591243934075088,1653.9381880394349,established,9.999999999999763e+299,1604.6257264584005,1.0,4.732208744667247e-271,1653.9381880394349
DS3,DS3,455.5,456.12774448,4,10.511066434495216,5.117889117636963,0.0006802721088435374,0.00816326530612245,27.721756005376513,27.721756005376513,0.30993974208831787,6.439428447078081,5.117889117636963,408.6208370185043,10.511066434495216,1656.2906166877294,established,9.999999999999763e+299,1606.978155106695,1.0,2.3661043723334845e-271,1656.2906166877294
DS3,DS3,456.0,456.62774448,4,16.250366210580637,5.860492734029388,0.0006802721088435374,0.004081632653061224,27.721756005376513,27.721756005376513,0.3659730553627014,6.439428447078081,5.860492734029388,408.8612781709577,16.250366210580637,1659.0787321322869,established,9.999999999999763e+299,1609.7662705512525,1.0,1.1830521861668073e-271,1659.0787321322869
DS3,DS3,456.5,457.12774448,4,10.939096984177159,5.202357071880872,0.0006802721088435374,0.009183673469387754,27.721756005376513,27.721756005376513,0.35886305570602417,6.439428447078081,5.202357071880872,409.06144846589814,10.939096984177159,1661.4710753832942,established,9.999999999999763e+299,1612.1586138022599,1.0,5.915260930833689e-272,1661.4710753832942
DS3,DS3,457.0,457.62774448,4,10.398436913463938,4.867981022643257,0.0006802721088435374,0.013605442176870748,27.721756005376513,27.721756005376513,0.39083823561668396,6.439428447078081,4.867981022643257,409.25194742666133,10.398436913463938,1663.8127308813634,established,9.999999999999763e+299,1614.5002693003291,1.0,2.957630465417007e-272,1663.8127308813634
