scenario,event_index,window_start_s,window_end_s,availability_s,prn,a,z,activation,degree
clean-sealed,0,410.0,411.0,411.0,3,0.8025145175166588,0.4271049188750657,0.00043889998073213144,10
clean-sealed,0,410.0,411.0,411.0,6,1.2641470678186588,2.717918593913022,0.004320792313157913,10
clean-sealed,0,410.0,411.0,411.0,7,0.9675333224997451,1.2459972063586287,0.0009948654242205996,10
clean-sealed,0,410.0,411.0,411.0,8,1.425122731757066,3.516747125517155,0.009554356084617514,10
clean-sealed,0,410.0,411.0,411.0,10,0.7123372720184246,-0.020392266991628227,0.0002806007170718235,10
clean-sealed,0,410.0,411.0,411.0,13,0.9427826878223495,1.1231742114295364,0.0008799802587703627,10
clean-sealed,0,410.0,411.0,411.0,16,0.782260840992022,0.32659771000931276,0.0003969484061979018,10
clean-sealed,0,410.0,411.0,411.0,19,1.1222135889242986,2.013585344049677,0.0021410414265492206,10
clean-sealed,0,410.0,411.0,411.0,20,0.7428037600085846,0.130795181277736,0.0003263839255978334,10
clean-sealed,0,410.0,411.0,411.0,23,0.8979143528469749,0.9005187785088505,0.0007044516571177727,10
clean-sealed,0,410.0,411.0,411.0,30,0.8705025966920823,0.7644901864709773,0.0006149129509562648,10
clean-sealed,1,410.5,411.5,411.5,3,0.7771012809996389,0.30099381665301145,0.0003869178722703376,10
clean-sealed,1,410.5,411.5,411.5,6,0.8491506377611459,0.6585328412277988,0.0005531256510442255,10
clean-sealed,1,410.5,411.5,411.5,7,0.9100251966382182,0.9606178476821118,0.0007480539821440746,10
clean-sealed,1,410.5,411.5,411.5,8,1.4850841625400193,3.8143008086847954,0.0128230607885019,10
clean-sealed,1,410.5,411.5,411.5,10,0.7969082471250292,0.39928426179465887,0.00042686292287782187,10
clean-sealed,1,410.5,411.5,411.5,13,1.0305196961733998,1.5585619205631716,0.00135941156784844,10
clean-sealed,1,410.5,411.5,411.5,16,0.9202271044703848,1.011243978699335,0.0007868695114788427,10
clean-sealed,1,410.5,411.5,411.5,19,0.8491351482413375,0.6584559757559565,0.0005530831599281702,10
clean-sealed,1,410.5,411.5,411.5,20,0.6292645606324252,-0.43263378492841964,0.00018582140172619874,10
clean-sealed,1,410.5,411.5,411.5,23,1.0947632810421757,1.8773654422268296,0.0018688909013534912,10
clean-sealed,1,410.5,411.5,411.5,30,1.006483795719032,1.4392857356046036,0.0012067473635423483,10
clean-sealed,2,411.0,412.0,412.0,3,0.6592291641549994,-0.2839368971727856,0.00021560609395465715,10
clean-sealed,2,411.0,412.0,412.0,6,0.8012623724044541,0.42089125143698314,0.00043618244344075516,10
clean-sealed,2,411.0,412.0,412.0,7,0.6977791504698312,-0.09263575134853702,0.00026104917398322454,10
clean-sealed,2,411.0,412.0,412.0,8,1.195500726038861,2.3772667521232407,0.003077246220213099,10
clean-sealed,2,411.0,412.0,412.0,10,0.5797461889980133,-0.6783646434467621,0.00014534287894747317,10
clean-sealed,2,411.0,412.0,412.0,13,0.8547407807602478,0.6862734674453019,0.0005686756635478787,10
clean-sealed,2,411.0,412.0,412.0,16,0.7735215357193171,0.28322962425377757,0.00038010786753414535,10
clean-sealed,2,411.0,412.0,412.0,19,0.5807610964070498,-0.6733282486561499,0.00014607662229679287,10
clean-sealed,2,411.0,412.0,412.0,20,0.7062399586375656,-0.05064968463846846,0.00027223990157098743,10
clean-sealed,2,411.0,412.0,412.0,23,1.2473103666363299,2.6343678449769374,0.003975833604708863,10
clean-sealed,2,411.0,412.0,412.0,30,0.797690132976427,0.40316430621424987,0.0004285216761791167,10
clean-sealed,3,411.5,412.5,412.5,3,0.6599109531822621,-0.2805535750345992,0.000216336636148406,10
clean-sealed,3,411.5,412.5,412.5,6,0.5647404936575865,-0.7528291760426867,0.00013491453859855684,10
clean-sealed,3,411.5,412.5,412.5,7,0.7988579071247488,0.40895928966284184,0.00043101108796390246,10
clean-sealed,3,411.5,412.5,412.5,8,1.2943271741298812,2.867684896585176,0.005015370305959587,10
clean-sealed,3,411.5,412.5,412.5,10,0.7633955038995086,0.2329800217257247,0.0003614862844928152,10
clean-sealed,3,411.5,412.5,412.5,13,0.48251353844702327,-1.1608736983144856,8.971537979675934e-05,10
clean-sealed,3,411.5,412.5,412.5,16,0.6943137514904865,-0.10983250960605602,0.00025659949604665464,10
clean-sealed,3,411.5,412.5,412.5,19,0.6742358214799382,-0.20946759080760716,0.00023227122015232227,10
clean-sealed,3,411.5,412.5,412.5,20,0.899335767171822,0.9075724305338743,0.0007094346422868436,10
clean-sealed,3,411.5,412.5,412.5,23,0.736130873182814,0.09768152760999615,0.00031575650144173453,10
clean-sealed,3,411.5,412.5,412.5,30,0.6580125156103134,-0.28997441580542643,0.0002143085679761343,10
clean-sealed,4,412.0,413.0,413.0,3,0.8454221846747191,0.6400306985354425,0.0005429912415518262,10
clean-sealed,4,412.0,413.0,413.0,6,0.60881720077906,-0.534102131430129,0.00016789446378538938,10
clean-sealed,4,412.0,413.0,413.0,7,0.6567560972171217,-0.2962092890499795,0.0002129768217450122,10
clean-sealed,4,412.0,413.0,413.0,8,1.276080985391662,2.7771396812369695,0.004583194768643845,10
clean-sealed,4,412.0,413.0,413.0,10,0.9158195159466066,0.9893716820911214,0.0007698588274113601,10
clean-sealed,4,412.0,413.0,413.0,13,0.6306983958345678,-0.42551849531838193,0.00018714804148916444,10
clean-sealed,4,412.0,413.0,413.0,16,0.624671634168301,-0.45542580586709985,0.00018163481730939864,10
clean-sealed,4,412.0,413.0,413.0,19,0.8086292607608709,0.457448830789473,0.00045241592408017833,10
clean-sealed,4,412.0,413.0,413.0,20,0.4682167427418013,-1.2318203746034964,8.357142711267615e-05,10
clean-sealed,4,412.0,413.0,413.0,23,0.6073654623635378,-0.5413062642684231,0.00016668947703588058,10
clean-sealed,4,412.0,413.0,413.0,30,0.7656484526515468,0.24416009515631878,0.0003655489183075942,10
clean-sealed,5,412.5,413.5,413.5,3,0.8021159323068587,0.425126972457118,0.00043803309795944134,10
clean-sealed,5,412.5,413.5,413.5,6,0.4706825313239564,-1.21958410096972,8.460022493974027e-05,10
clean-sealed,5,412.5,413.5,413.5,7,0.81224011352053,0.4753673915039725,0.00046059186421421153,10
clean-sealed,5,412.5,413.5,413.5,8,1.1639773594051819,2.220834630253964,0.0026328020769470343,10
clean-sealed,5,412.5,413.5,413.5,10,0.7099298600215025,-0.03233885160831448,0.00027726936508999173,10
clean-sealed,5,412.5,413.5,413.5,13,0.7647711122328129,0.23980636527400376,0.0003639614545054418,10
clean-sealed,5,412.5,413.5,413.5,16,0.7305460324816733,0.06996721361131464,0.00030712832848897055,10
clean-sealed,5,412.5,413.5,413.5,19,0.3677366268241879,-1.7304447100470939,5.076007695149309e-05,10
clean-sealed,5,412.5,413.5,413.5,20,0.5778009951160663,-0.6880175085717392,0.00014394685435240763,10
clean-sealed,5,412.5,413.5,413.5,23,0.5881220884347668,-0.6367999293513089,0.00015151038629888377,10
clean-sealed,5,412.5,413.5,413.5,30,0.6279881204618667,-0.4389680146012845,0.0001846483028881606,10
clean-sealed,6,413.0,414.0,414.0,3,0.7528287948613586,0.1805435946390613,0.00034302596364968257,10
clean-sealed,6,413.0,414.0,414.0,6,0.5767308351821194,-0.693328089486277,0.00014318454832665332,10
clean-sealed,6,413.0,414.0,414.0,7,0.7723622680419813,0.27747685346988643,0.00037792829580407744,10
clean-sealed,6,413.0,414.0,414.0,8,1.488156175159161,3.8295454193891643,0.013017476801515028,10
clean-sealed,6,413.0,414.0,414.0,10,0.5244128780601567,-0.9529516614086542,0.00011044785563561837,10
clean-sealed,6,413.0,414.0,414.0,13,0.8736805535887122,0.7802605369644995,0.0006246811071135272,10
clean-sealed,6,413.0,414.0,414.0,16,0.648290531616164,-0.3382189641322887,0.00020421685182545244,10
clean-sealed,6,413.0,414.0,414.0,19,0.6618632574968109,-0.2708654249709219,0.00021844226345729085,10
clean-sealed,6,413.0,414.0,414.0,20,0.697688118865607,-0.09308748821952022,0.00026093130584135804,10
clean-sealed,6,413.0,414.0,414.0,23,0.7542211787408093,0.18745318545942577,0.0003454035185410773,10
clean-sealed,6,413.0,414.0,414.0,30,0.5132479716121559,-1.008356594086966,0.00010449555505508978,10
clean-sealed,7,413.5,414.5,414.5,3,0.7126038108104829,-0.019069590093355387,0.0002809720023679485,10
clean-sealed,7,413.5,414.5,414.5,6,0.7309215790153683,0.07183083248836035,0.0003077010560278843,10
clean-sealed,7,413.5,414.5,414.5,7,0.9801433223130551,1.3085732963584753,0.0010590412790802708,10
clean-sealed,7,413.5,414.5,414.5,8,1.711863168272711,4.93967302778871,0.038485359332231586,10
clean-sealed,7,413.5,414.5,414.5,10,0.8476086196305498,0.6508807027067716,0.000548911524366365,10
clean-sealed,7,413.5,414.5,414.5,13,0.8122506758085339,0.4754198059920392,0.00046061599541334143,10
clean-sealed,7,413.5,414.5,414.5,16,0.9349494140203896,1.0843022325491323,0.0008464583907913903,10
clean-sealed,7,413.5,414.5,414.5,19,0.6832242461348348,-0.16486327054679606,0.0002428634780466811,10
clean-sealed,7,413.5,414.5,414.5,20,0.6812620382482504,-0.17460056627456533,0.000240510686809178,10
clean-sealed,7,413.5,414.5,414.5,23,0.8368414248408564,0.5974493815187603,0.0005203670922946638,10
clean-sealed,7,413.5,414.5,414.5,30,0.7186467598594224,0.010918049014441586,0.0002895228185675974,10
clean-sealed,8,414.0,415.0,415.0,3,0.6269011229481947,-0.44436215062445505,0.00018365514876212834,10
clean-sealed,8,414.0,415.0,415.0,6,0.6985704467096507,-0.08870900864809515,0.0002620759929822128,10
clean-sealed,8,414.0,415.0,415.0,7,0.8781852310734375,0.8026146295797045,0.0006387935135645036,10
clean-sealed,8,414.0,415.0,415.0,8,1.5396296392003261,4.084978263650114,0.016742400867884602,10
clean-sealed,8,414.0,415.0,415.0,10,0.7802723716752704,0.31673009408788816,0.00039305226576736815,10
clean-sealed,8,414.0,415.0,415.0,13,0.7784188364217688,0.30753207739017335,0.0003894549419451662,10
clean-sealed,8,414.0,415.0,415.0,16,0.6342517016346736,-0.4078855066715698,0.00019047665264788978,10
clean-sealed,8,414.0,415.0,415.0,19,0.7539177048165682,0.1859472209965338,0.00034488392385725376,10
clean-sealed,8,414.0,415.0,415.0,20,0.65378413901068,-0.3109573879362127,0.0002098595213168942,10
clean-sealed,8,414.0,415.0,415.0,23,0.829102718938395,0.5590466880846472,0.0005007722568780953,10
clean-sealed,8,414.0,415.0,415.0,30,0.7126050944322947,-0.019063220225376574,0.00028097379162533387,10
clean-sealed,9,414.5,415.5,415.5,3,0.8227274792188759,0.5274100837733494,0.00048518507263180407,10
clean-sealed,9,414.5,415.5,415.5,6,0.5890500521043835,-0.6321949857378097,0.00015220958553947738,10
clean-sealed,9,414.5,415.5,415.5,7,0.8783563203561717,0.8034636461152231,0.0006393357432273593,10
clean-sealed,9,414.5,415.5,415.5,8,1.561377701350763,4.192901238637912,0.01861488021110206,10
clean-sealed,9,414.5,415.5,415.5,10,0.6915143332393742,-0.12372439311297843,0.00025306038717142485,10
clean-sealed,9,414.5,415.5,415.5,13,0.8767826431163392,0.7956544018607922,0.0006343656132014613,10
clean-sealed,9,414.5,415.5,415.5,16,0.7603829021536808,0.21803023260823112,0.00035612424585671084,10
clean-sealed,9,414.5,415.5,415.5,19,0.8246268883651385,0.5368357459020361,0.0004897776333111003,10
clean-sealed,9,414.5,415.5,415.5,20,0.6313227869609448,-0.4224200055564683,0.0001877287080503875,10
clean-sealed,9,414.5,415.5,415.5,23,0.7787620516335014,0.3092352547332871,0.00039011855897691175,10
clean-sealed,9,414.5,415.5,415.5,30,0.5041875902392229,-1.0533179936602755,9.990180262548514e-05,10
clean-sealed,10,415.0,416.0,416.0,3,1.2630678717852855,2.712563172096079,0.0042978136827574315,10
clean-sealed,10,415.0,416.0,416.0,6,1.1615941640818548,2.2090082188941227,0.0026019294080636564,10
clean-sealed,10,415.0,416.0,416.0,7,0.8516735352362933,0.6710525130598772,0.0005600902302323502,10
clean-sealed,10,415.0,416.0,416.0,8,1.4349144851950058,3.565337898987435,0.010025304571182773,10
clean-sealed,10,415.0,416.0,416.0,10,0.7822965346011572,0.3267748366176184,0.00039701869463312203,10
clean-sealed,10,415.0,416.0,416.0,13,0.7799201933934166,0.3149824382443078,0.0003923662148675518,10
clean-sealed,10,415.0,416.0,416.0,16,0.9811090067806602,1.313365426338725,0.0010641231087207105,10
clean-sealed,10,415.0,416.0,416.0,19,1.0175973576238755,1.4944358751979685,0.0012750817969901327,10
clean-sealed,10,415.0,416.0,416.0,20,0.8120780228851048,0.4745630300177972,0.00046022170125418436,10
clean-sealed,10,415.0,416.0,416.0,23,0.8898493618138327,0.8604969218705047,0.0006768336249648344,10
clean-sealed,10,415.0,416.0,416.0,30,0.8304926735039773,0.5659442236341532,0.0005042365434265563,10
clean-sealed,11,415.5,416.5,416.5,3,1.28311115481945,2.812026320518526,0.0047451367012189835,10
clean-sealed,11,415.5,416.5,416.5,6,0.9784475812219868,1.3001583202520424,0.0010501761830868277,10
clean-sealed,11,415.5,416.5,416.5,7,0.8120157284920573,0.4742538992007046,0.0004600795199759914,10
clean-sealed,11,415.5,416.5,416.5,8,1.4336716443794368,3.559170403358416,0.009964278034449117,10
clean-sealed,11,415.5,416.5,416.5,10,0.6524132706438082,-0.31776020978976804,0.000208437025928752,10
clean-sealed,11,415.5,416.5,416.5,13,0.7516790787795591,0.174838222864748,0.0003410751109755125,10
clean-sealed,11,415.5,416.5,416.5,16,0.9131929396364868,0.976337512542599,0.0007598970449052024,10
clean-sealed,11,415.5,416.5,416.5,19,0.8956596642184655,0.8893300710839458,0.000696619143876361,10
clean-sealed,11,415.5,416.5,416.5,20,0.7195002580156432,0.015153463624202631,0.00029075131096051066,10
clean-sealed,11,415.5,416.5,416.5,23,1.032358766896285,1.5676881582138555,0.0013718575673784157,10
clean-sealed,11,415.5,416.5,416.5,30,0.8730045088712596,0.7769057204926876,0.0006225902306166525,10
clean-sealed,12,416.0,417.0,417.0,3,0.6454064023889956,-0.3525312189112286,0.00020131544895299068,10
clean-sealed,12,416.0,417.0,417.0,6,0.7611697353993907,0.22193482806638856,0.0003575169871108299,10
clean-sealed,12,416.0,417.0,417.0,7,1.0288110039395195,1.550082675472583,0.0013479489871952542,10
clean-sealed,12,416.0,417.0,417.0,8,1.2596034645747165,2.6953713354097806,0.00422486737308022,10
clean-sealed,12,416.0,417.0,417.0,10,0.6019198440000302,-0.5683296988334252,0.00016224599517883728,10
clean-sealed,12,416.0,417.0,417.0,13,0.7332253847469943,0.08326327950967012,0.0003112379161445314,10
clean-sealed,12,416.0,417.0,417.0,16,0.8194764285979883,0.5112770116671954,0.0004774240567667199,10
clean-sealed,12,416.0,417.0,417.0,19,0.6013851154137395,-0.5709832455928706,0.00016181610812530145,10
clean-sealed,12,416.0,417.0,417.0,20,0.7106173468106938,-0.028927254793798204,0.0002782166481540217,10
clean-sealed,12,416.0,417.0,417.0,23,0.9031290018789784,0.9263960467067326,0.000722905501305314,10
clean-sealed,12,416.0,417.0,417.0,30,0.6057891358444734,-0.5491286553537907,0.0001653908681466379,10
clean-sealed,13,416.5,417.5,417.5,3,0.6017011428159041,-0.5694149855252219,0.00016207003579777672,10
clean-sealed,13,416.5,417.5,417.5,6,0.6934106743387758,-0.11431395591524661,0.00025545242512444496,10
clean-sealed,13,416.5,417.5,417.5,7,0.8753643786562025,0.7886163807810914,0.0006299194116145168,10
clean-sealed,13,416.5,417.5,417.5,8,0.9378019727124471,1.0984578211365033,0.000858515356085458,10
clean-sealed,13,416.5,417.5,417.5,10,0.48093324423208383,-1.168715778765265,8.90146384237385e-05,10
clean-sealed,13,416.5,417.5,417.5,13,0.6272414591774655,-0.442673259995719,0.00018396552718439658,10
clean-sealed,13,416.5,417.5,417.5,16,0.7967100348163783,0.3983006494672324,0.0004264434406323306,10
clean-sealed,13,416.5,417.5,417.5,19,0.5367136530308391,-0.8919100743325927,0.00011739897189208147,10
clean-sealed,13,416.5,417.5,417.5,20,0.7547733478193273,0.19019327923135443,0.00034635092617144893,10
clean-sealed,13,416.5,417.5,417.5,23,0.8836580596486757,0.8297730925890664,0.0006563683490004681,10
clean-sealed,13,416.5,417.5,417.5,30,0.5825146294953334,-0.6646264845027258,0.0001473531050796239,10
clean-sealed,14,417.0,418.0,418.0,3,0.7697686631998297,0.2646063021273554,0.00037309712169562615,10
clean-sealed,14,417.0,418.0,418.0,6,0.7633166537056997,0.2325887341049997,0.0003613449181543551,10
clean-sealed,14,417.0,418.0,418.0,7,0.8555654169947724,0.6903656571354458,0.0005710062287354197,10
clean-sealed,14,417.0,418.0,418.0,8,0.9220709815880274,1.0203940676898575,0.000794096734537764,10
clean-sealed,14,417.0,418.0,418.0,10,0.4783668276449684,-1.1814514106217318,8.788826813718292e-05,10
clean-sealed,14,417.0,418.0,418.0,13,0.88211815311444,0.8221314326918174,0.0006513749755697258,10
clean-sealed,14,417.0,418.0,418.0,16,0.8081325866178919,0.4549841260843351,0.00045130272807155356,10
clean-sealed,14,417.0,418.0,418.0,19,0.652885354849867,-0.3154175306301172,0.00020892579728049536,10
clean-sealed,14,417.0,418.0,418.0,20,0.7787366534647973,0.3091092184038507,0.00039006941214226806,10
clean-sealed,14,417.0,418.0,418.0,23,0.8326463658185879,0.5766317451334636,0.0005096517216643528,10
clean-sealed,14,417.0,418.0,418.0,30,0.8280346288321385,0.553746378520288,0.0004981263493052132,10
clean-sealed,15,417.5,418.5,418.5,3,0.6798792046079793,-0.18146276481616083,0.00023886629747339112,10
clean-sealed,15,417.5,418.5,418.5,6,0.9853054898016923,1.334190129201112,0.0010864911753895195,10
clean-sealed,15,417.5,418.5,418.5,7,0.9790420464382794,1.303108305139214,0.0010532754931154994,10
clean-sealed,15,417.5,418.5,418.5,8,0.9489925556699415,1.1539901713875933,0.0009074948532344206,10
clean-sealed,15,417.5,418.5,418.5,10,0.5736197468241819,-0.708766610340043,0.000140991276361516,10
clean-sealed,15,417.5,418.5,418.5,13,0.7773443755090034,0.3022001532209471,0.00038738472617024314,10
clean-sealed,15,417.5,418.5,418.5,16,0.7038956490953547,-0.06228312849832051,0.0002690920120974453,10
clean-sealed,15,417.5,418.5,418.5,19,0.4273901208115539,-1.4344191379754259,6.824596039622001e-05,10
clean-sealed,15,417.5,418.5,418.5,20,0.6027988608485488,-0.5639676498057776,0.00016295515039737896,10
clean-sealed,15,417.5,418.5,418.5,23,0.5269071505175615,-0.9405740388797499,0.00011182327930757452,10
clean-sealed,15,417.5,418.5,418.5,30,0.5697079306607824,-0.728178677265323,0.00013828111277835138,10
clean-sealed,16,418.0,419.0,419.0,3,0.4973013798183086,-1.0874902481754722,9.65459278584444e-05,10
clean-sealed,16,418.0,419.0,419.0,6,0.4827388913844225,-1.159755402842543,8.981575520290789e-05,10
clean-sealed,16,418.0,419.0,419.0,7,0.5400858886058824,-0.8751756318291236,0.00011937987210543379,10
clean-sealed,16,418.0,419.0,419.0,8,0.5929328456519702,-0.6129269411635228,0.00015517034395039748,10
clean-sealed,16,418.0,419.0,419.0,10,0.7932034848443654,0.38089968278315467,0.0004190901848217501,10
clean-sealed,16,418.0,419.0,419.0,13,0.5208910951869337,-0.9704282201158246,0.00010853458409970492,10
clean-sealed,16,418.0,419.0,419.0,16,0.8231271423323345,0.52939337919981,0.00048614782455931035,10
clean-sealed,16,418.0,419.0,419.0,19,0.43515138761851235,-1.3959044879028364,7.092551304622287e-05,10
clean-sealed,16,418.0,419.0,419.0,20,0.8125582149171725,0.47694594359914105,0.0004613191709507204,10
clean-sealed,16,418.0,419.0,419.0,23,0.6070347025809922,-0.5429476325655944,0.00016641614812213529,10
clean-sealed,16,418.0,419.0,419.0,30,0.7197495558509319,0.016390583688338324,0.0002911111230494551,10
clean-sealed,17,418.5,419.5,419.5,3,0.4140486049315527,-1.5006253164687937,6.387425834869276e-05,10
clean-sealed,17,418.5,419.5,419.5,6,0.610147384609999,-0.5275012032498352,0.000169006200992002,10
clean-sealed,17,418.5,419.5,419.5,7,0.6907913655934976,-0.1273120607692139,0.0002521543457948629,10
clean-sealed,17,418.5,419.5,419.5,8,0.7036052286420926,-0.06372431618191934,0.0002687045834564938,10
clean-sealed,17,418.5,419.5,419.5,10,0.4760239199238612,-1.1930778980593122,8.687244175002018e-05,10
clean-sealed,17,418.5,419.5,419.5,13,0.832144001452715,0.5741388031638379,0.000508383416976852,10
clean-sealed,17,418.5,419.5,419.5,16,0.6492748963109911,-0.33333413505630766,0.00020521665146132752,10
clean-sealed,17,418.5,419.5,419.5,19,0.5210269345126373,-0.969754128601424,0.00010860776305776427,10
clean-sealed,17,418.5,419.5,419.5,20,0.7149451490250935,-0.007450891203057742,0.00028425463654360706,10
clean-sealed,17,418.5,419.5,419.5,23,0.6758516192597019,-0.20144932682783104,0.0002341406809430404,10
clean-sealed,17,418.5,419.5,419.5,30,0.5044038608412176,-1.0522447685329874,0.0001000090665765278,10
clean-sealed,18,419.0,420.0,420.0,3,0.8550383236433666,0.687749999602995,0.0005695154730988693,10
clean-sealed,18,419.0,420.0,420.0,6,0.49828568854537825,-1.0826056968348978,9.701861915002746e-05,10
clean-sealed,18,419.0,420.0,420.0,7,0.5251591220802654,-0.9492484866540534,0.00011085757616984882,10
clean-sealed,18,419.0,420.0,420.0,8,0.7725165209035589,0.2782423206460738,0.00037821758880227796,10
clean-sealed,18,419.0,420.0,420.0,10,0.452236128518188,-1.3111228622097322,7.720047150447e-05,10
clean-sealed,18,419.0,420.0,420.0,13,0.703893498028481,-0.06229380299128477,0.0002690891404649193,10
clean-sealed,18,419.0,420.0,420.0,16,0.7137651208888228,-0.01330668406196698,0.0002825954333794058,10
clean-sealed,18,419.0,420.0,420.0,19,0.5460300154101669,-0.8456783900065818,0.00012295325954072843,10
clean-sealed,18,419.0,420.0,420.0,20,0.5282034367445687,-0.9341413247792196,0.00011254484385762385,10
clean-sealed,18,419.0,420.0,420.0,23,0.6022699344847133,-0.5665924035120963,0.00016252806352257132,10
clean-sealed,18,419.0,420.0,420.0,30,0.39569436342156006,-1.5917067348361378,5.831390541786023e-05,10
clean-sealed,19,419.5,420.5,420.5,3,0.7843390682348204,0.33691074227821244,0.00040106167978199694,10
clean-sealed,19,419.5,420.5,420.5,6,0.7054942588010059,-0.05435015892683262,0.0002712346192191588,10
clean-sealed,19,419.5,420.5,420.5,7,0.7341503024386862,0.08785310770750021,0.0003126692803964688,10
clean-sealed,19,419.5,420.5,420.5,8,0.6046963799558029,-0.5545513668406795,0.00016449657565418998,10
clean-sealed,19,419.5,420.5,420.5,10,0.5841525119151645,-0.65649862730765,0.00014855547186882437,10
clean-sealed,19,419.5,420.5,420.5,13,0.7672536597202716,0.2521258036010477,0.00036847132554682804,10
clean-sealed,19,419.5,420.5,420.5,16,0.5829138877302602,-0.6626451982527776,0.0001476453000210806,10
clean-sealed,19,419.5,420.5,420.5,19,0.6609338442952747,-0.2754775617677032,0.00021743731617957123,10
clean-sealed,19,419.5,420.5,420.5,20,0.630349075213434,-0.42725197025497935,0.00018682396662755295,10
clean-sealed,19,419.5,420.5,420.5,23,0.679367450799013,-0.18400230112716412,0.00023826060178727687,10
clean-sealed,19,419.5,420.5,420.5,30,0.6526626868188534,-0.31652250247429486,0.00020869511580746988,10
clean-sealed,20,420.0,421.0,421.0,3,1.016419950874831,1.4885930907582048,0.0012676629076227638,10
clean-sealed,20,420.0,421.0,421.0,6,0.7682121864149426,0.25688241372008014,0.00037022752455996306,10
clean-sealed,20,420.0,421.0,421.0,7,0.8090880930483306,0.45972574838978947,0.0004534467438591449,10
clean-sealed,20,420.0,421.0,421.0,8,0.9478960782313779,1.1485489920145426,0.0009025748651376546,10
clean-sealed,20,420.0,421.0,421.0,10,0.879206126611565,0.8076807399698793,0.000642035840323343,10
clean-sealed,20,420.0,421.0,421.0,13,0.8723241608864154,0.7735295494093314,0.0006204931058598537,10
clean-sealed,20,420.0,421.0,421.0,16,0.8377268622036965,0.6018432918222184,0.000522657371551099,10
clean-sealed,20,420.0,421.0,421.0,19,0.9299795439267263,1.0596396597598483,0.0008258549013761743,10
clean-sealed,20,420.0,421.0,421.0,20,1.1304921803491994,2.0546671751159833,0.002230630774601629,10
clean-sealed,20,420.0,421.0,421.0,23,1.113437535317653,1.9700348977004818,0.00204998639894123,10
clean-sealed,20,420.0,421.0,421.0,30,1.103856698845819,1.9224907823784105,0.0019549883450562145,10
clean-sealed,21,420.5,421.5,421.5,3,0.8954212203724534,0.8881468130515218,0.0006957959243462407,10
clean-sealed,21,420.5,421.5,421.5,6,0.8013609306454312,0.4213803386256366,0.000436395733743438,10
clean-sealed,21,420.5,421.5,421.5,7,1.0629684166303215,1.7195860348973337,0.0015965396535702226,10
clean-sealed,21,420.5,421.5,421.5,8,0.8110494218252378,0.46945868160787596,0.00045787962743032234,10
clean-sealed,21,420.5,421.5,421.5,10,0.6595928612991635,-0.2821320799195866,0.00021599549079204765,10
clean-sealed,21,420.5,421.5,421.5,13,0.747144120470576,0.15233386414232003,0.0003334876893155824,10
clean-sealed,21,420.5,421.5,421.5,16,1.121658793141936,2.0108322154753204,0.0021351675395902686,10
clean-sealed,21,420.5,421.5,421.5,19,1.2033699704157468,2.416317232031974,0.0031993992411251367,10
clean-sealed,21,420.5,421.5,421.5,20,1.0967231848820793,1.887091304311887,0.0018871216864460914,10
clean-sealed,21,420.5,421.5,421.5,23,0.8538635315812991,0.6819201903329388,0.0005662068401357283,10
clean-sealed,21,420.5,421.5,421.5,30,1.3831500296899335,3.3084610334493867,0.007771857288960879,10
clean-sealed,22,421.0,422.0,422.0,3,0.7440364730154018,0.1369124184863481,0.00032838595504837236,10
clean-sealed,22,421.0,422.0,422.0,6,0.5338938033532619,-0.9059033471178832,0.00011576780553117428,10
clean-sealed,22,421.0,422.0,422.0,7,0.8076718699864204,0.45269785758138414,0.00045027257150592786,10
clean-sealed,22,421.0,422.0,422.0,8,0.8829365671142928,0.8261927450526526,0.0006540240583650767,10
clean-sealed,22,421.0,422.0,422.0,10,0.41987289800186556,-1.4717227397242099,6.574720371834331e-05,10
clean-sealed,22,421.0,422.0,422.0,13,0.7908054974928251,0.36899986719631445,0.00041413469740768925,10
clean-sealed,22,421.0,422.0,422.0,16,0.5962270701800481,-0.5965796220833816,0.00015772740659542457,10
clean-sealed,22,421.0,422.0,422.0,19,0.8588932194490788,0.7068796039209634,0.0005805085658637868,10
clean-sealed,22,421.0,422.0,422.0,20,0.7040942224601239,-0.06129772445951551,0.00026935723568377335,10
clean-sealed,22,421.0,422.0,422.0,23,0.8806207039088094,0.81470046380609,0.0006465556861187577,10
clean-sealed,22,421.0,422.0,422.0,30,0.4729214791728714,-1.2084735058727407,8.554534407052178e-05,10
clean-sealed,23,421.5,422.5,422.5,3,0.5332597234775476,-0.9090499165038644,0.00011540414857281251,10
clean-sealed,23,421.5,422.5,422.5,6,0.5062171253185006,-1.0432465922598821,0.00010091293546216716,10
clean-sealed,23,421.5,422.5,422.5,7,0.9994935555847851,1.4045972421678736,0.001165652785209736,10
clean-sealed,23,421.5,422.5,422.5,8,0.6988689346902623,-0.08722778652159606,0.00026246437142143323,10
clean-sealed,23,421.5,422.5,422.5,10,0.4946817697445334,-1.100489848347396,9.529911062498668e-05,10
clean-sealed,23,421.5,422.5,422.5,13,0.586116400036713,-0.6467529935516579,0.00015001009852669885,10
clean-sealed,23,421.5,422.5,422.5,16,0.5846250204376402,-0.654153842512576,0.00014890415925128956,10
clean-sealed,23,421.5,422.5,422.5,19,0.7791430664049382,0.31112600929170786,0.0003908565866122848,10
clean-sealed,23,421.5,422.5,422.5,20,0.5746735267736243,-0.7035373137553804,0.0001417303878981772,10
clean-sealed,23,421.5,422.5,422.5,23,0.7917719291792006,0.37379570518843724,0.0004161247620479524,10
clean-sealed,23,421.5,422.5,422.5,30,0.6530346111293772,-0.3146768585826984,0.00020908056773424807,10
clean-sealed,24,422.0,423.0,423.0,3,0.7149181758223841,-0.007584743509585562,0.0002842166017643555,10
clean-sealed,24,422.0,423.0,423.0,6,0.5646960810261473,-0.7530495700841786,0.00013488481152480804,10
clean-sealed,24,422.0,423.0,423.0,7,0.8181053747495268,0.5044732693764618,0.00047418834676346203,10
clean-sealed,24,422.0,423.0,423.0,8,0.9036496711288442,0.9289798251620951,0.0007247743885668106,10
clean-sealed,24,422.0,423.0,423.0,10,0.7426266246628761,0.12991616165051048,0.00032609724729421675,10
clean-sealed,24,422.0,423.0,423.0,13,0.6669428016991958,-0.24565860341085027,0.00022401723357632578,10
clean-sealed,24,422.0,423.0,423.0,16,0.5283311753496003,-0.9335074324268603,0.00011261619975284342,10
clean-sealed,24,422.0,423.0,423.0,19,0.6086233228676518,-0.5350642346666777,0.000167733036739797,10
clean-sealed,24,422.0,423.0,423.0,20,0.5834673396709299,-0.6598987383826211,0.00014805129915247903,10
clean-sealed,24,422.0,423.0,423.0,23,0.7524837266907853,0.1788312221396517,0.00034243927902241416,10
clean-sealed,24,422.0,423.0,423.0,30,0.9148735201521463,0.9846772555367973,0.0007662560141607031,10
clean-sealed,25,422.5,423.5,423.5,3,0.5799393165441564,-0.6774062638363084,0.00014548221909414406,10
clean-sealed,25,422.5,423.5,423.5,6,0.5964989154012188,-0.595230612465788,0.0001579402923381825,10
clean-sealed,25,422.5,423.5,423.5,7,0.6609803311018545,-0.2752468748021671,0.00021748747100988356,10
clean-sealed,25,422.5,423.5,423.5,8,0.9409090513816459,1.1138764442387148,0.0008718434262903239,10
clean-sealed,25,422.5,423.5,423.5,10,0.49643750329187414,-1.0917771645963479,9.613296911511138e-05,10
clean-sealed,25,422.5,423.5,423.5,13,0.6438281487001272,-0.36036317341871227,0.00019974522743026964,10
clean-sealed,25,422.5,423.5,423.5,16,0.597336117488299,-0.5910760657627904,0.00015859772331008719,10
clean-sealed,25,422.5,423.5,423.5,19,0.7003734156980412,-0.07976192289434517,0.00026443070753251745,10
clean-sealed,25,422.5,423.5,423.5,20,0.621900893331705,-0.46917538005615533,0.00017915495095677727,10
clean-sealed,25,422.5,423.5,423.5,23,0.7059017549043115,-0.052327992930595056,0.0002717835063583555,10
clean-sealed,25,422.5,423.5,423.5,30,1.1321638810371113,2.0629628526931683,0.002249170541957836,10
clean-sealed,26,423.0,424.0,424.0,3,0.8800412248174083,0.811824846334766,0.0006447003069075469,10
clean-sealed,26,423.0,424.0,424.0,6,0.7263840626093803,0.049313779419320476,0.0003008520189248607,10
clean-sealed,26,423.0,424.0,424.0,7,0.953380526624587,1.1757651174177108,0.0009274536902824234,10
clean-sealed,26,423.0,424.0,424.0,8,0.7794122564721534,0.3124618429255308,0.00039137885039130035,10
clean-sealed,26,423.0,424.0,424.0,10,0.9044083311948203,0.9327446135261444,0.0007275061647149167,10
clean-sealed,26,423.0,424.0,424.0,13,0.9170019129267556,0.9952392301435213,0.0007743857811032523,10
clean-sealed,26,423.0,424.0,424.0,16,0.7102130037345269,-0.030933774151421563,0.0002776591156032664,10
clean-sealed,26,423.0,424.0,424.0,19,0.8562906205938925,0.6939644205262947,0.0005730636673463308,10
clean-sealed,26,423.0,424.0,424.0,20,0.6168262787721708,-0.4943577386678315,0.00017470051687825555,10
clean-sealed,26,423.0,424.0,424.0,23,1.0256727132195769,1.534509165128076,0.001327146950362926,10
clean-sealed,26,423.0,424.0,424.0,30,1.1996073803164364,2.397645687212563,0.003140401617638962,10
clean-sealed,27,423.5,424.5,424.5,3,0.8241937885572357,0.5346865236213475,0.0004887266365800573,10
clean-sealed,27,423.5,424.5,424.5,6,0.8756266990599972,0.7899181242735319,0.000630739421512605,10
clean-sealed,27,423.5,424.5,424.5,7,0.9104392889506587,0.962672746825264,0.0007495915846451778,10
clean-sealed,27,423.5,424.5,424.5,8,0.8572385676540498,0.6986685300766282,0.0005757642163572394,10
clean-sealed,27,423.5,424.5,424.5,10,0.7042673858951819,-0.06043841511317945,0.00026958873392462666,10
clean-sealed,27,423.5,424.5,424.5,13,0.8014924627691267,0.4220330560032807,0.0004366805453775908,10
clean-sealed,27,423.5,424.5,424.5,16,0.8159833212567823,0.49394275293614354,0.0004692234290792171,10
clean-sealed,27,423.5,424.5,424.5,19,0.6498814741022214,-0.3303240425092902,0.0002058351758665128,10
clean-sealed,27,423.5,424.5,424.5,20,0.6287342999597809,-0.43526516003278276,0.00018533316918062031,10
clean-sealed,27,423.5,424.5,424.5,23,1.304626282331716,2.918793376466034,0.0052769737583040115,10
clean-sealed,27,423.5,424.5,424.5,30,0.8033119766022438,0.43106224419223915,0.0004406395251053431,10
clean-sealed,28,424.0,425.0,425.0,3,0.6729419028239864,-0.21588855603092624,0.0002307849357160634,10
clean-sealed,28,424.0,425.0,425.0,6,0.685553979980041,-0.15330215738806055,0.00024568684957725843,10
clean-sealed,28,424.0,425.0,425.0,7,0.6978993445934811,-0.09203929786635437,0.0002612048834336097,10
clean-sealed,28,424.0,425.0,425.0,8,0.7923932819946569,0.3768791175815611,0.0004174092900721529,10
clean-sealed,28,424.0,425.0,425.0,10,0.6052112736813615,-0.5519962489510741,0.0001649173518187454,10
clean-sealed,28,424.0,425.0,425.0,13,0.6641345656848733,-0.2595942443446095,0.00022091774634348482,10
clean-sealed,28,424.0,425.0,425.0,16,0.7516173549211715,0.17453192327911915,0.00034097069142460665,10
clean-sealed,28,424.0,425.0,425.0,19,0.7538669462714649,0.1856953358788757,0.0003447970936185086,10
clean-sealed,28,424.0,425.0,425.0,20,0.7394086933338619,0.11394744131435537,0.000320932906460634,10
clean-sealed,28,424.0,425.0,425.0,23,0.7150392470798007,-0.006983937323014762,0.0002843873635875366,10
clean-sealed,28,424.0,425.0,425.0,30,0.6335856421112782,-0.411190772436701,0.0001898482353279576,10
clean-sealed,29,424.5,425.5,425.5,3,0.8678886108563795,0.7515184961192765,0.0006069928120683035,10
clean-sealed,29,424.5,425.5,425.5,6,0.6169359490674762,-0.4938135088208099,0.00017479560336685357,10
clean-sealed,29,424.5,425.5,425.5,7,0.838452341372435,0.6054434227047004,0.0005245414088554662,10
clean-sealed,29,424.5,425.5,425.5,8,0.5863541121342741,-0.6455733667609153,0.00015018713227764796,10
clean-sealed,29,424.5,425.5,425.5,10,0.6025660009147236,-0.565123198131879,0.00016276698723229955,10
clean-sealed,29,424.5,425.5,425.5,13,0.6981277820634348,-0.09090569565455477,0.00026150107628681554,10
clean-sealed,29,424.5,425.5,425.5,16,0.8187256160569084,0.5075511660019134,0.00047564940260017946,10
clean-sealed,29,424.5,425.5,425.5,19,1.0771416578942516,1.7899195824034242,0.0017126738282233728,10
clean-sealed,29,424.5,425.5,425.5,20,0.720561146901133,0.020418037721037827,0.0002922855804787555,10
clean-sealed,29,424.5,425.5,425.5,23,0.7246180818559225,0.04055024474823117,0.0002982277936513098,10
clean-sealed,29,424.5,425.5,425.5,30,0.6159536834584018,-0.49868792135587675,0.00017394579852534134,10
clean-sealed,30,425.0,426.0,426.0,3,0.8032346615627175,0.43067857464875225,0.00044047057201899265,10
clean-sealed,30,425.0,426.0,426.0,6,0.556986701833136,-0.7913067321275608,0.00012982262128211623,10
clean-sealed,30,425.0,426.0,426.0,7,0.8713675831042531,0.7687826106088043,0.0006175564575965956,10
clean-sealed,30,425.0,426.0,426.0,8,0.713616528401323,-0.014044062095968125,0.0002823871893447947,10
clean-sealed,30,425.0,426.0,426.0,10,0.4874678576737751,-1.1362882954270122,9.194820067920467e-05,10
clean-sealed,30,425.0,426.0,426.0,13,0.7798863735460102,0.31481461002492533,0.00039230039610067157,10
clean-sealed,30,425.0,426.0,426.0,16,0.7791567938742023,0.31119413073221996,0.0003908832028250114,10
clean-sealed,30,425.0,426.0,426.0,19,0.9649001564650554,1.2329303358423136,0.0009819628932753765,10
clean-sealed,30,425.0,426.0,426.0,20,0.7272065410598267,0.053395261282924336,0.000302082078575984,10
clean-sealed,30,425.0,426.0,426.0,23,0.899238404400967,0.9070892757676687,0.0007090922013439744,10
clean-sealed,30,425.0,426.0,426.0,30,0.9580195836063071,1.1987860572670612,0.0009490317033761783,10
clean-sealed,31,425.5,426.5,426.5,3,0.646398234325074,-0.34760933426288343,0.0002023085418525083,10
clean-sealed,31,425.5,426.5,426.5,6,0.7773968976789879,0.30246079018245364,0.0003874856669789084,10
clean-sealed,31,425.5,426.5,426.5,7,0.9878613417722217,1.3468733350141144,0.0011003438661973286,10
clean-sealed,31,425.5,426.5,426.5,8,0.7753369763377655,0.29223859944896313,0.00038354640205443403,10
clean-sealed,31,425.5,426.5,426.5,10,0.5464420347365004,-0.8436337778869918,0.00012320487743548418,10
clean-sealed,31,425.5,426.5,426.5,13,1.0546275347743754,1.6781950926750464,0.0015319054671565563,10
clean-sealed,31,425.5,426.5,426.5,16,0.9148679710593047,0.9846497186186203,0.0007662349302896411,10
clean-sealed,31,425.5,426.5,426.5,19,0.6588250510942484,-0.28594227509777015,0.00021517424844005894,10
clean-sealed,31,425.5,426.5,426.5,20,1.0126696901971952,1.469982729682789,0.0012443184964603222,10
clean-sealed,31,425.5,426.5,426.5,23,0.8477689083655062,0.6516761224096338,0.0005493480731510777,10
clean-sealed,31,425.5,426.5,426.5,30,0.9250511062247975,1.0351826918169134,0.000805918063436098,10
clean-sealed,32,426.0,427.0,427.0,3,0.6892526407300821,-0.13494785672191967,0.0002502367589355402,10
clean-sealed,32,426.0,427.0,427.0,6,0.7973085955932544,0.4012709582379467,0.0004277114498126711,10
clean-sealed,32,426.0,427.0,427.0,7,0.8446408517877164,0.6361533981563171,0.0005408911142081603,10
clean-sealed,32,426.0,427.0,427.0,8,0.5121218990477319,-1.0139446368451726,0.00010391331839979861,10
clean-sealed,32,426.0,427.0,427.0,10,0.6651013727494999,-0.254796543568698,0.00022197995435119415,10
clean-sealed,32,426.0,427.0,427.0,13,0.7884298195222523,0.3572107600830611,0.0004092830716931221,10
clean-sealed,32,426.0,427.0,427.0,16,0.6122818326835344,-0.5169091797187504,0.00017080552530827494,10
clean-sealed,32,426.0,427.0,427.0,19,0.709996386516714,-0.03200871933128318,0.00027736089037534744,10
clean-sealed,32,426.0,427.0,427.0,20,0.8751325461654214,0.7874659310568416,0.0006291955934113251,10
clean-sealed,32,426.0,427.0,427.0,23,0.6432486484951017,-0.36323889566466583,0.00019917175501173368,10
clean-sealed,32,426.0,427.0,427.0,30,0.46007660297581526,-1.2722151506660635,8.026311803316147e-05,10
clean-sealed,33,426.5,427.5,427.5,3,0.6438707430388371,-0.3601518025057816,0.00019978744378775098,10
clean-sealed,33,426.5,427.5,427.5,6,1.0140768584335929,1.4769656866621221,0.0012530270015813994,10
clean-sealed,33,426.5,427.5,427.5,7,0.6331634604847914,-0.4132858141374497,0.00018945098698158763,10
clean-sealed,33,426.5,427.5,427.5,8,0.6932248068696627,-0.11523630798879603,0.00025521697678374,10
clean-sealed,33,426.5,427.5,427.5,10,0.8741956125233663,0.7828164746906935,0.0006262787941009421,10
clean-sealed,33,426.5,427.5,427.5,13,0.949087472787782,1.1544611898012693,0.0009079220125243119,10
clean-sealed,33,426.5,427.5,427.5,16,0.6614612448066624,-0.2728603799790306,0.0002180070102730743,10
clean-sealed,33,426.5,427.5,427.5,19,0.7319794533381212,0.07708044706482077,0.00030932011432611815,10
clean-sealed,33,426.5,427.5,427.5,20,0.9776626735526001,1.2962632803084833,0.0010460979315789986,10
clean-sealed,33,426.5,427.5,427.5,23,0.6669629363885519,-0.24555868666605132,0.00022403961275239742,10
clean-sealed,33,426.5,427.5,427.5,30,0.7103750213140771,-0.03012977519903515,0.0002778823809480506,10
clean-sealed,34,427.0,428.0,428.0,3,0.7644389181243829,0.23815787925225199,0.0003633621812297457,10
clean-sealed,34,427.0,428.0,428.0,6,1.012348549790331,1.468389096748607,0.0012423395503425273,10
clean-sealed,34,427.0,428.0,428.0,7,0.8566865270055279,0.6959290736280233,0.000574189998256292,10
clean-sealed,34,427.0,428.0,428.0,8,0.8467372909740097,0.6465568057013533,0.0005465445057190641,10
clean-sealed,34,427.0,428.0,428.0,10,0.8388849813971642,0.607590363349094,0.0005256681852679346,10
clean-sealed,34,427.0,428.0,428.0,13,0.8683077685986959,0.7535985320428009,0.0006082559241628145,10
clean-sealed,34,427.0,428.0,428.0,16,0.8329355079714094,0.578066589355952,0.000510383143877342,10
clean-sealed,34,427.0,428.0,428.0,19,0.6489188978282672,-0.335100748333433,0.00020485450724638113,10
clean-sealed,34,427.0,428.0,428.0,20,0.8483688027102368,0.6546530489014677,0.0005509849761807535,10
clean-sealed,34,427.0,428.0,428.0,23,0.8079134975315405,0.45389691445955477,0.0004508125542053416,10
clean-sealed,34,427.0,428.0,428.0,30,0.8336727368601705,0.5817250272605197,0.0005122528103797999,10
clean-sealed,35,427.5,428.5,428.5,3,0.8370209697489319,0.5983403584016375,0.0005208306923669492,10
clean-sealed,35,427.5,428.5,428.5,6,0.59747010437571,-0.5904111668215085,0.00015870319309241017,10
clean-sealed,35,427.5,428.5,428.5,7,0.7351511499560139,0.09281973143847912,0.000314225564640215,10
clean-sealed,35,427.5,428.5,428.5,8,0.7828742429210331,0.3296416667804593,0.0003981580590262721,10
clean-sealed,35,427.5,428.5,428.5,10,0.9316703897077565,1.0680303432916534,0.0008328077463350628,10
clean-sealed,35,427.5,428.5,428.5,13,0.8771474932875423,0.7974649409161189,0.0006355144667116113,10
clean-sealed,35,427.5,428.5,428.5,16,0.8460069947056627,0.6429327703570861,0.0005445684705114708,10
clean-sealed,35,427.5,428.5,428.5,19,0.747835719788531,0.15576586904358156,0.0003346338033103836,10
clean-sealed,35,427.5,428.5,428.5,20,0.8038036590516143,0.4335021780271847,0.0004417154936016903,10
clean-sealed,35,427.5,428.5,428.5,23,0.8810084527832887,0.8166246357986335,0.0006478001614518937,10
clean-sealed,35,427.5,428.5,428.5,30,1.448138087616473,3.6309589416122336,0.010697966659127109,10
clean-sealed,36,428.0,429.0,429.0,3,0.884186593422053,0.83239589809743,0.0006580910007032931,10
clean-sealed,36,428.0,429.0,429.0,6,0.7102171248452491,-0.030913323477411117,0.00027766479240070387,10
clean-sealed,36,428.0,429.0,429.0,7,0.650169198896831,-0.32889623181069905,0.00020612921882157394,10
clean-sealed,36,428.0,429.0,429.0,8,0.9688100609614049,1.2523329162766224,0.0010011822820840228,10
clean-sealed,36,428.0,429.0,429.0,10,0.9653978442478125,1.2354000706517272,0.0009843886881889172,10
clean-sealed,36,428.0,429.0,429.0,13,0.854312065511946,0.6841460031820811,0.0005674677982406569,10
clean-sealed,36,428.0,429.0,429.0,16,0.856074593290794,0.6928924027498279,0.0005724500135662949,10
clean-sealed,36,428.0,429.0,429.0,19,0.6218332649203719,-0.4695109805015776,0.00017909484732938743,10
clean-sealed,36,428.0,429.0,429.0,20,0.4068342755100173,-1.536425834617417,6.162811419026061e-05,10
clean-sealed,36,428.0,429.0,429.0,23,0.7477660082540992,0.15541993127060655,0.0003345180995766464,10
clean-sealed,36,428.0,429.0,429.0,30,0.8269311429975252,0.548270420556559,0.0004954074328183705,10
clean-sealed,37,428.5,429.5,429.5,3,0.8206897898514561,0.5172982173867378,0.00048030601222368355,10
clean-sealed,37,428.5,429.5,429.5,6,0.7534663850303249,0.18370758356744685,0.00034411263873235026,10
clean-sealed,37,428.5,429.5,429.5,7,0.7425902162036502,0.1297354876572506,0.00032603835453200885,10
clean-sealed,37,428.5,429.5,429.5,8,0.6528645091735861,-0.3155209755892269,0.00020890419059241394,10
clean-sealed,37,428.5,429.5,429.5,10,0.8461452872075166,0.643619035556962,0.0005449421134412488,10
clean-sealed,37,428.5,429.5,429.5,13,0.815342990627225,0.49076516469680515,0.0004677354928986715,10
clean-sealed,37,428.5,429.5,429.5,16,0.8489379517644926,0.6574774044105648,0.000552542492233657,10
clean-sealed,37,428.5,429.5,429.5,19,1.096208915003392,1.8845392822112221,0.0018823209038655783,10
clean-sealed,37,428.5,429.5,429.5,20,0.6509500289668836,-0.3250214266194552,0.00020692931321599918,10
clean-sealed,37,428.5,429.5,429.5,23,0.8122075631882018,0.47520586314905927,0.00046051750583563257,10
clean-sealed,37,428.5,429.5,429.5,30,1.3439433004515795,3.1139008547228766,0.0064065699970128,10
clean-sealed,38,429.0,430.0,430.0,3,0.5871306973844526,-0.6417196261402037,0.00015076694377275874,10
clean-sealed,38,429.0,430.0,430.0,6,0.7455139093489382,0.1442440751354495,0.00033080161625537305,10
clean-sealed,38,429.0,430.0,430.0,7,0.8137637839972031,0.4829284812969923,0.0004640860175994492,10
clean-sealed,38,429.0,430.0,430.0,8,0.6970811289399339,-0.09609962594991323,0.0002601467314913888,10
clean-sealed,38,429.0,430.0,430.0,10,0.8393096263391147,0.609697629050829,0.0005267764916209076,10
clean-sealed,38,429.0,430.0,430.0,13,0.840051222509774,0.613377739233681,0.0005287176317962615,10
clean-sealed,38,429.0,430.0,430.0,16,0.6084737779421301,-0.535806339096258,0.00016760862834112284,10
clean-sealed,38,429.0,430.0,430.0,19,0.5766978215168104,-0.693491917093112,0.00014316109602409806,10
clean-sealed,38,429.0,430.0,430.0,20,0.9324257695964013,1.0717788540446844,0.0008359327789718093,10
clean-sealed,38,429.0,430.0,430.0,23,0.8321916079542098,0.5743750465235695,0.0005085034722914984,10
clean-sealed,38,429.0,430.0,430.0,30,1.5158532687725548,3.966989975165963,0.014906856076852824,10
clean-sealed,39,429.5,430.5,430.5,3,0.8238777418773526,0.533118167889602,0.00048796111384206053,10
clean-sealed,39,429.5,430.5,430.5,6,0.7598067859201271,0.2151713030432064,0.00035510792675351514,10
clean-sealed,39,429.5,430.5,430.5,7,0.752497918526849,0.17890164796232658,0.0003424633881802576,10
clean-sealed,39,429.5,430.5,430.5,8,0.8726357992634877,0.7750760292998781,0.0006214528315434741,10
clean-sealed,39,429.5,430.5,430.5,10,0.567763899577556,-0.7378257720970034,0.00013695369761248242,10
clean-sealed,39,429.5,430.5,430.5,13,1.0016301083207342,1.4151997099135945,0.0011780626934047435,10
clean-sealed,39,429.5,430.5,430.5,16,0.7596421906915898,0.2143545127191,0.0003548180993296953,10
clean-sealed,39,429.5,430.5,430.5,19,0.6972727271401775,-0.09514883559307293,0.0002603941296811367,10
clean-sealed,39,429.5,430.5,430.5,20,0.7411708278696787,0.12269188944580721,0.0003237506810336862,10
clean-sealed,39,429.5,430.5,430.5,23,0.8002614289061446,0.4159241514082533,0.0004340221914845892,10
clean-sealed,39,429.5,430.5,430.5,30,1.1097693922614522,1.9518320385874421,0.0020130827992473526,10
clean-sealed,40,430.0,431.0,431.0,3,0.6467886680052122,-0.345671839142423,0.00020270081410224248,10
clean-sealed,40,430.0,431.0,431.0,6,0.820960528196288,0.518641734221268,0.000480951434550046,10
clean-sealed,40,430.0,431.0,431.0,7,0.6582583089502636,-0.2887546865120244,0.0002145700697743218,10
clean-sealed,40,430.0,431.0,431.0,8,0.6688917185944746,-0.2359872631375174,0.00022619379859496413,10
clean-sealed,40,430.0,431.0,431.0,10,0.6103638797678297,-0.5264268637826255,0.0001691878378568457,10
clean-sealed,40,430.0,431.0,431.0,13,0.6661953758447573,-0.24936764292139738,0.0002231880689032408,10
clean-sealed,40,430.0,431.0,431.0,16,0.8862251956761407,0.8425122946092707,0.0006647778508276446,10
clean-sealed,40,430.0,431.0,431.0,19,0.7500452957164291,0.1667307083911366,0.0003383219508523065,10
clean-sealed,40,430.0,431.0,431.0,20,0.7648674208310349,0.2402842887949649,0.00036413537846334,10
clean-sealed,40,430.0,431.0,431.0,23,0.6440638681288036,-0.359193435083903,0.00019997896703541078,10
clean-sealed,40,430.0,431.0,431.0,30,1.117240345519782,1.9889060314819091,0.0020889577139294687,10
clean-sealed,41,430.5,431.5,431.5,3,0.6701462227305425,-0.22976188923696403,0.00022760601027584055,10
clean-sealed,41,430.5,431.5,431.5,6,0.5469401462946226,-0.8411619401270802,0.00012350975894334448,10
clean-sealed,41,430.5,431.5,431.5,7,0.8277014149240447,0.5520928318263324,0.0004973037640229278,10
clean-sealed,41,430.5,431.5,431.5,8,0.7706890342029089,0.26917356775579276,0.00037480441253383463,10
clean-sealed,41,430.5,431.5,431.5,10,0.6978192367705718,-0.09243682636835926,0.0002611010947902145,10
clean-sealed,41,430.5,431.5,431.5,13,0.5667942444406215,-0.7426376061981886,0.00013629637169904703,10
clean-sealed,41,430.5,431.5,431.5,16,0.5911076814117957,-0.6219841690341459,0.00015377149132514987,10
clean-sealed,41,430.5,431.5,431.5,19,0.7798434409941912,0.3146015607571758,0.0003922168584688914,10
clean-sealed,41,430.5,431.5,431.5,20,0.6212999205040148,-0.47215765843123547,0.00017862155222353828,10
clean-sealed,41,430.5,431.5,431.5,23,0.6004128382276341,-0.5758080913980472,0.00016103737622412192,10
clean-sealed,41,430.5,431.5,431.5,30,0.8356004841262483,0.5912913149849426,0.0005171741356894585,10
clean-sealed,42,431.0,432.0,432.0,3,0.6969853307100571,-0.09657501680981398,0.000260023121654244,10
clean-sealed,42,431.0,432.0,432.0,6,0.6403968213799525,-0.37739085386162124,0.00019637348537287014,10
clean-sealed,42,431.0,432.0,432.0,7,1.0192515520227197,1.502644679251245,0.0012855782603628306,10
clean-sealed,42,431.0,432.0,432.0,8,0.8634132406826668,0.7293098386316469,0.0005936688211712656,10
clean-sealed,42,431.0,432.0,432.0,10,0.748461681037419,0.15887215040969882,0.00033567453670409994,10
clean-sealed,42,431.0,432.0,432.0,13,0.9798218197584688,1.30697786629592,0.0010573547850199812,10
clean-sealed,42,431.0,432.0,432.0,16,0.6924170393804758,-0.11924478791351062,0.00025419625185123165,10
clean-sealed,42,431.0,432.0,432.0,19,0.848816737755071,0.6568758898288755,0.0005522104132867124,10
clean-sealed,42,431.0,432.0,432.0,20,1.0566691894169535,1.688326636414462,0.001547480784394788,10
clean-sealed,42,431.0,432.0,432.0,23,0.8653755610622301,0.7390476925965992,0.0005994746380765775,10
clean-sealed,42,431.0,432.0,432.0,30,0.8186695495976675,0.5072729407956187,0.00047551714627521477,10
clean-sealed,43,431.5,432.5,432.5,3,0.9471633319102682,1.144912798484356,0.0008993018339980264,10
clean-sealed,43,431.5,432.5,432.5,6,0.9694928765252455,1.2557213325183965,0.0010045770446262643,10
clean-sealed,43,431.5,432.5,432.5,7,0.8997150620931871,0.9094546504773494,0.0007107702617895837,10
clean-sealed,43,431.5,432.5,432.5,8,1.173694261764087,2.269053961382643,0.0027625052977714917,10
clean-sealed,43,431.5,432.5,432.5,10,0.7492798298293981,0.1629321466982091,0.00033703968411849804,10
clean-sealed,43,431.5,432.5,432.5,13,0.9994315762788692,1.404289674944833,0.0011652947414611393,10
clean-sealed,43,431.5,432.5,432.5,16,1.0129735007477405,1.4714903646261106,0.00124619354976725,10
clean-sealed,43,431.5,432.5,432.5,19,0.5149361236607278,-0.9999792779815873,0.00010537453169943907,10
clean-sealed,43,431.5,432.5,432.5,20,0.7053516495565992,-0.055057845607635186,0.00027104279000368805,10
clean-sealed,43,431.5,432.5,432.5,23,1.0361425009854144,1.5864646283488457,0.0013978232127181145,10
clean-sealed,43,431.5,432.5,432.5,30,0.839840268026008,0.6123308949071583,0.0005281647285266843,10
clean-sealed,44,432.0,433.0,433.0,3,1.0061375205474867,1.4375673734618495,0.001204678011069878,10
clean-sealed,44,432.0,433.0,433.0,6,0.8835897367052321,0.8294340455849999,0.0006561459929934214,10
clean-sealed,44,432.0,433.0,433.0,7,1.2242244809353835,2.5198060303269663,0.0035470031819618154,10
clean-sealed,44,432.0,433.0,433.0,8,1.1252213043238466,2.0285108850744584,0.00217316733390426,10
clean-sealed,44,432.0,433.0,433.0,10,0.5612763709911406,-0.7700196007021085,0.00013261542593303162,10
clean-sealed,44,432.0,433.0,433.0,13,1.1965937092789134,2.3826905918227186,0.003093930276135799,10
clean-sealed,44,432.0,433.0,433.0,16,1.057472598316918,1.6923134871975831,0.0015536530698075863,10
clean-sealed,44,432.0,433.0,433.0,19,1.0093291905803086,1.4534057742691884,0.0012238865469864366,10
clean-sealed,44,432.0,433.0,433.0,20,1.1116425423259635,1.9611273921762942,0.002031844156798125,10
clean-sealed,44,432.0,433.0,433.0,23,1.0195777122134537,1.5042632224512376,0.0012876580276443624,10
clean-sealed,44,432.0,433.0,433.0,30,0.9572856435401949,1.1951439398751913,0.000945584767785657,10
clean-sealed,45,432.5,433.5,433.5,3,1.1745580995874585,2.2733406857427423,0.0027743398902145455,10
clean-sealed,45,432.5,433.5,433.5,6,0.8428742104252448,0.6273865852671694,0.0005361724794039035,10
clean-sealed,45,432.5,433.5,433.5,7,1.1712236094781492,2.256793552017689,0.0027289344958566983,10
clean-sealed,45,432.5,433.5,433.5,8,0.723922769788506,0.03709981563222858,0.00029720085831533326,10
clean-sealed,45,432.5,433.5,433.5,10,0.8396827518248098,0.6115492336757118,0.0005277522617405801,10
clean-sealed,45,432.5,433.5,433.5,13,0.5682406070290522,-0.7354601504609953,0.00013727801722476785,10
clean-sealed,45,432.5,433.5,433.5,16,1.00410251033895,1.4274688021814925,0.0011925881407216198,10
clean-sealed,45,432.5,433.5,433.5,19,1.3310598049858404,3.0499675649756592,0.006012181068238504,10
clean-sealed,45,432.5,433.5,433.5,20,1.0779625845768561,1.7939933637463636,0.001719653095142296,10
clean-sealed,45,432.5,433.5,433.5,23,0.7601421317419605,0.216835429184269,0.0003556991527397762,10
clean-sealed,45,432.5,433.5,433.5,30,1.1160639334686528,1.983068183148981,0.002076823475904267,10
clean-sealed,46,433.0,434.0,434.0,3,0.5952540875456697,-0.6014079686177634,0.00015696779885962623,10
clean-sealed,46,433.0,434.0,434.0,6,0.5964389752045044,-0.5955280607766318,0.00015789332766782168,10
clean-sealed,46,433.0,434.0,434.0,7,0.6582099567873545,-0.2889946301553775,0.00021451860226935412,10
clean-sealed,46,433.0,434.0,434.0,8,0.6462824472912629,-0.34818391792314096,0.00020219235555608272,10
clean-sealed,46,433.0,434.0,434.0,10,0.6798924997886571,-0.1813967885723091,0.00023888205372958268,10
clean-sealed,46,433.0,434.0,434.0,13,0.5902042856467375,-0.6264671964359457,0.00015308377771728642,10
clean-sealed,46,433.0,434.0,434.0,16,0.856044035262099,0.6927407610383174,0.0005723632625294969,10
clean-sealed,46,433.0,434.0,434.0,19,0.4260003948240387,-1.4413155392250188,6.777695983583646e-05,10
clean-sealed,46,433.0,434.0,434.0,20,0.4466781935115406,-1.338703658905872,7.510047382799536e-05,10
clean-sealed,46,433.0,434.0,434.0,23,0.38666891941236214,-1.6364947606069244,5.5759907534546244e-05,10
clean-sealed,46,433.0,434.0,434.0,30,0.9398333917472492,1.1085385715116935,0.0008672060606818285,10
clean-sealed,47,433.5,434.5,434.5,3,0.6303348315652642,-0.4273226531909822,0.00018681076429455712,10
clean-sealed,47,433.5,434.5,434.5,6,0.5297341196023371,-0.9265454366200594,0.00011340287960507086,10
clean-sealed,47,433.5,434.5,434.5,7,0.7949577839255118,0.3896052481133452,0.00042275297964299426,10
clean-sealed,47,433.5,434.5,434.5,8,0.6484094766256724,-0.3376287092766009,0.00020433740275741392,10
clean-sealed,47,433.5,434.5,434.5,10,0.5549900944051182,-0.8012147327587846,0.00012854285444563603,10
clean-sealed,47,433.5,434.5,434.5,13,0.639778175111899,-0.38046083523520685,0.00019577166471576422,10
clean-sealed,47,433.5,434.5,434.5,16,0.855381117591855,0.6894510864618043,0.0005704845397028632,10
clean-sealed,47,433.5,434.5,434.5,19,0.9728177594347263,1.272220791302132,0.0010212724484141966,10
clean-sealed,47,433.5,434.5,434.5,20,0.6409940812966713,-0.37442700050276134,0.00019695625615112275,10
clean-sealed,47,433.5,434.5,434.5,23,0.5139814461611799,-1.0047167867854718,0.00010487655180697185,10
clean-sealed,47,433.5,434.5,434.5,30,0.9678253577621971,1.2474464074004112,0.000996306791958076,10
clean-sealed,48,434.0,435.0,435.0,3,0.5408112346496209,-0.8715761615685368,0.00011981029911166905,10
clean-sealed,48,434.0,435.0,435.0,6,0.5983696255439324,-0.585947366788773,0.0001594130827035163,10
clean-sealed,48,434.0,435.0,435.0,7,0.7329078685939336,0.0816876316377839,0.00031074805320267443,10
clean-sealed,48,434.0,435.0,435.0,8,0.5852607594816763,-0.6509990396398566,0.0001493745940242666,10
clean-sealed,48,434.0,435.0,435.0,10,0.4494242665936474,-1.3250764964256083,7.613080658608216e-05,10
clean-sealed,48,434.0,435.0,435.0,13,0.5288503599346893,-0.9309310214987037,0.00011290668664731455,10
clean-sealed,48,434.0,435.0,435.0,16,0.5969469950581348,-0.5930070539127833,0.00015829181690855105,10
clean-sealed,48,434.0,435.0,435.0,19,0.4513516504718952,-1.3155120119834927,7.686239559247526e-05,10
clean-sealed,48,434.0,435.0,435.0,20,0.5435449291461746,-0.8580104268039835,0.00012144648943251829,10
clean-sealed,48,434.0,435.0,435.0,23,0.4839131314294566,-1.1539283329117473,9.034059827202229e-05,10
clean-sealed,48,434.0,435.0,435.0,30,0.8607770013472265,0.7162277171123804,0.0005859574746820492,10
clean-sealed,49,434.5,435.5,435.5,3,0.6095942626327024,-0.5302460257038106,0.0001685430231237277,10
clean-sealed,49,434.5,435.5,435.5,6,1.222413631256819,2.5108198372944783,0.0035153834594521117,10
clean-sealed,49,434.5,435.5,435.5,7,0.5659606114867144,-0.7467744413704993,0.00013573377708919347,10
clean-sealed,49,434.5,435.5,435.5,8,0.5417706810104546,-0.8668149876815886,0.00012038202807922658,10
clean-sealed,49,434.5,435.5,435.5,10,0.39308029090947916,-1.604678855312257,5.7562378939327313e-05,10
clean-sealed,49,434.5,435.5,435.5,13,0.6091128848678438,-0.5326348233868945,0.0001681409560563259,10
clean-sealed,49,434.5,435.5,435.5,16,0.6938242775830696,-0.11226148373266641,0.0002559771382051677,10
clean-sealed,49,434.5,435.5,435.5,19,0.6075022272787785,-0.5406275795918473,0.00016680262615132013,10
clean-sealed,49,434.5,435.5,435.5,20,0.683820762981834,-0.161903104610485,0.0002435832839724794,10
clean-sealed,49,434.5,435.5,435.5,23,0.5249894499788583,-0.9500904705434509,0.0001107642854956008,10
clean-sealed,49,434.5,435.5,435.5,30,0.7402219172717854,0.11798299841847337,0.0003222302481846002,10
clean-sealed,50,435.0,436.0,436.0,3,0.9702453441062189,1.2594553911834296,0.0010083314170034607,10
clean-sealed,50,435.0,436.0,436.0,6,0.8445258966905642,0.6355829429135069,0.0005405828147792269,10
clean-sealed,50,435.0,436.0,436.0,7,0.7966499917712639,0.3980026907796381,0.00042631645119301523,10
clean-sealed,50,435.0,436.0,436.0,8,0.7682376936245652,0.25700899115613235,0.0003702743726237043,10
clean-sealed,50,435.0,436.0,436.0,10,0.6877238970715804,-0.1425341217637415,0.00024834604879172374,10
clean-sealed,50,435.0,436.0,436.0,13,0.7091835413129107,-0.03604239699838762,0.00027624466775892794,10
clean-sealed,50,435.0,436.0,436.0,16,1.1191415958927364,1.9983408305470658,0.0021087181208621405,10
clean-sealed,50,435.0,436.0,436.0,19,0.8321591332569882,0.574213893501671,0.0005084215736831313,10
clean-sealed,50,435.0,436.0,436.0,20,0.7827203374976182,0.3288779237376629,0.00039785420561015716,10
clean-sealed,50,435.0,436.0,436.0,23,0.8585166801745254,0.7050110586488169,0.0005794255000281254,10
clean-sealed,50,435.0,436.0,436.0,30,0.6774217909659125,-0.1936574784965302,0.00023597176360794117,10
clean-sealed,51,435.5,436.5,436.5,3,0.791909699662359,0.37447937991334446,0.00041640923479658486,10
clean-sealed,51,435.5,436.5,436.5,6,1.0052357528744218,1.4330924253330555,0.0011993056342800925,10
clean-sealed,51,435.5,436.5,436.5,7,1.0660768084050147,1.7350111741778813,0.0016213171792720047,10
clean-sealed,51,435.5,436.5,436.5,8,0.6784851639281552,-0.18838057737251385,0.00023721995828990554,10
clean-sealed,51,435.5,436.5,436.5,10,0.8027246138699327,0.4281475047993911,0.0004393576091451851,10
clean-sealed,51,435.5,436.5,436.5,13,0.9669713111529901,1.2432082711376815,0.0009920974233691958,10
clean-sealed,51,435.5,436.5,436.5,16,0.9798494174891744,1.307114817771415,0.0010574994480910158,10
clean-sealed,51,435.5,436.5,436.5,19,0.9254432059704645,1.0371284546509365,0.0008074864479685201,10
clean-sealed,51,435.5,436.5,436.5,20,0.8477681736253073,0.6516724763216486,0.0005493460712836424,10
clean-sealed,51,435.5,436.5,436.5,23,0.987604276891136,1.3455976716221416,0.0010989426342998137,10
clean-sealed,51,435.5,436.5,436.5,30,0.6470646603125377,-0.34430224994986486,0.00020297856475502075,10
clean-sealed,52,436.0,437.0,437.0,3,1.0001679709707667,1.4079439732158723,0.0011695558766474804,10
clean-sealed,52,436.0,437.0,437.0,6,0.7424939154608341,0.12925760311809695,0.0003258826338297745,10
clean-sealed,52,436.0,437.0,437.0,7,0.9247913543373814,1.0338936943763724,0.0008048807419423451,10
clean-sealed,52,436.0,437.0,437.0,8,0.6675386682349782,-0.24270166459062467,0.00022468047009281474,10
clean-sealed,52,436.0,437.0,437.0,10,0.770304672368983,0.2672662036742434,0.0003740904725808846,10
clean-sealed,52,436.0,437.0,437.0,13,0.6013667622603015,-0.57107432161177,0.00016180137361392874,10
clean-sealed,52,436.0,437.0,437.0,16,1.022922801410853,1.5208629532817666,0.001309182980758752,10
clean-sealed,52,436.0,437.0,437.0,19,0.906342842958105,0.9423444695132386,0.0007345185945862037,10
clean-sealed,52,436.0,437.0,437.0,20,0.5729198646671807,-0.7122397181508431,0.00014050251650844374,10
clean-sealed,52,436.0,437.0,437.0,23,0.8957874186509173,0.8899640419785798,0.0006970606122152329,10
clean-sealed,52,436.0,437.0,437.0,30,0.7057236462165745,-0.053211842687818985,0.0002715434618985147,10
clean-sealed,53,436.5,437.5,437.5,3,0.6188813789706973,-0.4841594724596149,0.00017649095899717135,10
clean-sealed,53,436.5,437.5,437.5,6,0.6774315780650145,-0.19360891081982012,0.0002359832217820053,10
clean-sealed,53,436.5,437.5,437.5,7,0.6667894815968501,-0.24641944184583925,0.000223846895615643,10
clean-sealed,53,436.5,437.5,437.5,8,0.7024888873705843,-0.06926406819703922,0.0002672205388865061,10
clean-sealed,53,436.5,437.5,437.5,10,0.6595399815997667,-0.2823944910914827,0.00021593883083594555,10
clean-sealed,53,436.5,437.5,437.5,13,0.6121797087049375,-0.5174159615879361,0.00017071900086888423,10
clean-sealed,53,436.5,437.5,437.5,16,0.846904118233462,0.6473846722958393,0.0005469969114002145,10
clean-sealed,53,436.5,437.5,437.5,19,0.6158651851398447,-0.4991270870044776,0.00017386943755675856,10
clean-sealed,53,436.5,437.5,437.5,20,0.6275236661713408,-0.44127283093078873,0.00018422329084177226,10
clean-sealed,53,436.5,437.5,437.5,23,0.6076741287329995,-0.5397745327219267,0.00016694495355212016,10
clean-sealed,53,436.5,437.5,437.5,30,0.785113234648072,0.34075247961902994,0.0004026047953147195,10
clean-sealed,54,437.0,438.0,438.0,3,0.7462973477998381,0.14813182420274978,0.0003320897652159995,10
clean-sealed,54,437.0,438.0,438.0,6,0.7005958673028678,-0.07865802504737247,0.0002647226958804959,10
clean-sealed,54,437.0,438.0,438.0,7,0.7344169015893015,0.08917608413016272,0.00031308307863673224,10
clean-sealed,54,437.0,438.0,438.0,8,0.8651178436936178,0.7377687912887825,0.0005987089179340583,10
clean-sealed,54,437.0,438.0,438.0,10,0.426033139617063,-1.441153045874848,6.778797328931718e-05,10
clean-sealed,54,437.0,438.0,438.0,13,0.6666586988002479,-0.24706844074923162,0.00022370169884580453,10
clean-sealed,54,437.0,438.0,438.0,16,0.9785013039644382,1.3004249149559637,0.001050455897681364,10
clean-sealed,54,437.0,438.0,438.0,19,0.7560269027401241,0.1964139427289649,0.00034851142074391613,10
clean-sealed,54,437.0,438.0,438.0,20,0.8322422861585725,0.5746265329568911,0.0005086313050448561,10
clean-sealed,54,437.0,438.0,438.0,23,0.579814057020912,-0.6780278539485942,0.00014539183002845504,10
clean-sealed,54,437.0,438.0,438.0,30,0.6002795977563251,-0.5764692863106321,0.0001609309514533223,10
clean-sealed,55,437.5,438.5,438.5,3,0.6823039704751648,-0.16943006304138394,0.0002417571671414203,10
clean-sealed,55,437.5,438.5,438.5,6,0.7698135664685463,0.26482913091610194,0.0003731802367102002,10
clean-sealed,55,437.5,438.5,438.5,7,0.5522476739621547,-0.8148237693168316,0.00012680557999529833,10
clean-sealed,55,437.5,438.5,438.5,8,1.302098933161602,2.906251613462741,0.005211547257005888,10
clean-sealed,55,437.5,438.5,438.5,10,0.4956817441795569,-1.0955275572157552,9.577314243438615e-05,10
clean-sealed,55,437.5,438.5,438.5,13,0.7682424738481325,0.25703271262358646,0.00037028315292696,10
clean-sealed,55,437.5,438.5,438.5,16,0.7237392024089049,0.03618887756426515,0.0002969303303638909,10
clean-sealed,55,437.5,438.5,438.5,19,0.6684581552391963,-0.23813878573404396,0.0002257077704070793,10
clean-sealed,55,437.5,438.5,438.5,20,0.7134700462211871,-0.014770967902729228,0.0002821820529467533,10
clean-sealed,55,437.5,438.5,438.5,23,0.5786416024688604,-0.6838460635168823,0.0001445484879179137,10
clean-sealed,55,437.5,438.5,438.5,30,1.089982871770116,1.8536430532281591,0.0018251580368564928,10
clean-sealed,56,438.0,439.0,439.0,3,0.4961225027014474,-1.09334032919495,9.598282926175446e-05,10
clean-sealed,56,438.0,439.0,439.0,6,0.7436627297095515,0.1350577479796094,0.0003277776711923967,10
clean-sealed,56,438.0,439.0,439.0,7,0.6399523073077316,-0.3795967184929699,0.00019594087423952888,10
clean-sealed,56,438.0,439.0,439.0,8,1.029174891980642,1.551888440036284,0.0013503819748145493,10
clean-sealed,56,438.0,439.0,439.0,10,0.5392911200748334,-0.8791196054900489,0.00011891002416373011,10
clean-sealed,56,438.0,439.0,439.0,13,0.5297177659265889,-0.9266265903948885,0.00011339367795026413,10
clean-sealed,56,438.0,439.0,439.0,16,0.6164665290947067,-0.496142966941241,0.0001743889691392887,10
clean-sealed,56,438.0,439.0,439.0,19,0.7881733937313855,0.3559382681238917,0.0004087628062498872,10
clean-sealed,56,438.0,439.0,439.0,20,0.7112037730258141,-0.02601716279071166,0.00027902723715867356,10
clean-sealed,56,438.0,439.0,439.0,23,0.6160223589794649,-0.4983471247142867,0.0001740050784548783,10
clean-sealed,56,438.0,439.0,439.0,30,0.653694405378741,-0.31140268372616975,0.0002097661121570169,10
clean-sealed,57,438.5,439.5,439.5,3,0.8010694219399288,0.4199337505795365,0.0004357651801691832,10
clean-sealed,57,438.5,439.5,439.5,6,0.5665460478970511,-0.7438692611924831,0.00013612862776659837,10
clean-sealed,57,438.5,439.5,439.5,7,0.4801176982452826,-1.1727628588465207,8.865514892366145e-05,10
clean-sealed,57,438.5,439.5,439.5,8,0.833239733723216,0.5795762847014849,0.0005111538547011507,10
clean-sealed,57,438.5,439.5,439.5,10,0.7244574966530373,0.03975335384758411,0.00029799030409432013,10
clean-sealed,57,438.5,439.5,439.5,13,0.5596253001656797,-0.7782129042786168,0.00013153344894395406,10
clean-sealed,57,438.5,439.5,439.5,16,0.5089626934011916,-1.0296219357978071,0.00010229710690988067,10
clean-sealed,57,438.5,439.5,439.5,19,0.631246288488573,-0.4227996229524127,0.00018765746986300165,10
clean-sealed,57,438.5,439.5,439.5,20,0.5997698025225511,-0.5789991033528548,0.00016052440540373765,10
clean-sealed,57,438.5,439.5,439.5,23,0.47900709710521006,-1.178274125930106,8.816793361871645e-05,10
clean-sealed,57,438.5,439.5,439.5,30,0.6172086546615392,-0.49246022967329267,0.000175032269309991,10
clean-sealed,58,439.0,440.0,440.0,3,1.2723088086630019,2.7584205635555556,0.004498581765968059,10
clean-sealed,58,439.0,440.0,440.0,6,0.7064717538784666,-0.049499419763694465,0.00027255314433934433,10
clean-sealed,58,439.0,440.0,440.0,7,0.9748591252671506,1.282350901844843,0.0010316599022660296,10
clean-sealed,58,439.0,440.0,440.0,8,0.9450549708167023,1.1344502294521266,0.0008899502063585105,10
clean-sealed,58,439.0,440.0,440.0,10,0.5255306873071539,-0.9474046246855506,0.00011106214807991506,10
clean-sealed,58,439.0,440.0,440.0,13,0.5342416493955824,-0.904177189657725,0.00011596778836937152,10
clean-sealed,58,439.0,440.0,440.0,16,0.5480930844083193,-0.8354405792836975,0.0001242183401553181,10
clean-sealed,58,439.0,440.0,440.0,19,0.6486939406771332,-0.33621707974849085,0.0002046259960902507,10
clean-sealed,58,439.0,440.0,440.0,20,0.7892605732832337,0.3613333074965838,0.0004109731484484624,10
clean-sealed,58,439.0,440.0,440.0,23,0.7106529071649595,-0.02875078945185484,0.0002782657344192351,10
clean-sealed,58,439.0,440.0,440.0,30,0.5188577009707844,-0.9805187721664771,0.00010744503422515147,10
clean-sealed,59,439.5,440.5,440.5,3,0.8117173100250628,0.47277302202982985,0.00045939901571236363,10
clean-sealed,59,439.5,440.5,440.5,6,0.6081056975741699,-0.5376329077381024,0.00016730281027989118,10
clean-sealed,59,439.5,440.5,440.5,7,0.7276430840728122,0.05556157018647789,0.0003027369926773861,10
clean-sealed,59,439.5,440.5,440.5,8,0.7380689828903815,0.10729923810054719,0.0003188070339421375,10
clean-sealed,59,439.5,440.5,440.5,10,0.5103865768350511,-1.0225560310217872,0.00010302241351534793,10
clean-sealed,59,439.5,440.5,440.5,13,0.6491381803988665,-0.3340125765589388,0.00020507749972886418,10
clean-sealed,59,439.5,440.5,440.5,16,0.5396937233241341,-0.8771217198805754,0.00011914780193134768,10
clean-sealed,59,439.5,440.5,440.5,19,0.8145578757694509,0.48686909659786415,0.0004659175563232151,10
clean-sealed,59,439.5,440.5,440.5,20,0.6909915787093178,-0.12631851960028462,0.00025240493274802,10
clean-sealed,59,439.5,440.5,440.5,23,0.7462194349461262,0.14774518805539016,0.0003319614347419511,10
clean-sealed,59,439.5,440.5,440.5,30,0.8429960109800234,0.6279910105320939,0.0005364964796381758,10
clean-sealed,60,440.0,441.0,441.0,3,0.6637278111306402,-0.26161273046438505,0.0002204723748910503,10
clean-sealed,60,440.0,441.0,441.0,6,0.5138632043952402,-1.005303551852619,0.00010481503840882731,10
clean-sealed,60,440.0,441.0,441.0,7,0.5919099923885663,-0.6180027666048395,0.00015438484318590467,10
clean-sealed,60,440.0,441.0,441.0,8,0.7390116957390311,0.11197737330550152,0.0003203014715114463,10
clean-sealed,60,440.0,441.0,441.0,10,0.5165678977706221,-0.9918817327736656,0.00010623117978163204,10
clean-sealed,60,440.0,441.0,441.0,13,0.7064857662041275,-0.04942988474667267,0.0002725720918198417,10
clean-sealed,60,440.0,441.0,441.0,16,0.6433938284835266,-0.3625184518774848,0.00019931527015614592,10
clean-sealed,60,440.0,441.0,441.0,19,0.876866399563603,0.7960700363619531,0.0006346291648744341,10
clean-sealed,60,440.0,441.0,441.0,20,0.6178089094489414,-0.48948151451425886,0.0001755543261982994,10
clean-sealed,60,440.0,441.0,441.0,23,0.7412744053810352,0.12320588435211656,0.0003239170760922848,10
clean-sealed,60,440.0,441.0,441.0,30,0.7181256669222309,0.008332168045469556,0.0002887753300934878,10
clean-sealed,61,440.5,441.5,441.5,3,0.8346106849101442,0.5863795175427784,0.0005146414136137323,10
clean-sealed,61,440.5,441.5,441.5,6,0.6429516531172971,-0.36471271087213486,0.00019887848719392918,10
clean-sealed,61,440.5,441.5,441.5,7,0.7572118125311105,0.20229396039908423,0.000350565990190279,10
clean-sealed,61,440.5,441.5,441.5,8,0.6629361640393777,-0.26554121423634097,0.0002196081416262539,10
clean-sealed,61,440.5,441.5,441.5,10,0.5338992364315672,-0.9058763859123284,0.00011577092645149869,10
clean-sealed,61,440.5,441.5,441.5,13,0.9807864481456976,1.3117647555639056,0.001062422968641516,10
clean-sealed,61,440.5,441.5,441.5,16,0.5404709682457365,-0.8732647056945184,0.00011960818901613221,10
clean-sealed,61,440.5,441.5,441.5,19,0.9193264286555093,1.0067744488272692,0.0007833631714135457,10
clean-sealed,61,440.5,441.5,441.5,20,0.7348377641833193,0.09126458024045016,0.0003137374293509073,10
clean-sealed,61,440.5,441.5,441.5,23,1.2137727450770208,2.4679401482167074,0.0033683280237659778,10
clean-sealed,61,440.5,441.5,441.5,30,0.7360477446178788,0.09726900892340169,0.0003156263139507584,10
clean-sealed,62,441.0,442.0,442.0,3,0.5867699356233584,-0.643509876795632,0.00015049731519705664,10
clean-sealed,62,441.0,442.0,442.0,6,0.7511869671565565,0.17239615929084734,0.0003402434831263893,10
clean-sealed,62,441.0,442.0,442.0,7,0.6490943347337503,-0.33423015707654646,0.00020503289286203765,10
clean-sealed,62,441.0,442.0,442.0,8,0.638116739602341,-0.3887055727065987,0.00019416452645445922,10
clean-sealed,62,441.0,442.0,442.0,10,1.006869260269137,1.441198571824764,0.001209055089180823,10
clean-sealed,62,441.0,442.0,442.0,13,0.5292886566510522,-0.9287560099859509,0.00011315249942931204,10
clean-sealed,62,441.0,442.0,442.0,16,0.5753813594820087,-0.7000247519853199,0.00014222902907480483,10
clean-sealed,62,441.0,442.0,442.0,19,0.7245174601234812,0.04005091765240195,0.0002980789619820422,10
clean-sealed,62,441.0,442.0,442.0,20,0.6515319615594553,-0.32213363384977,0.00020752762165807711,10
clean-sealed,62,441.0,442.0,442.0,23,0.6131568308797745,-0.5125670729234889,0.00017154866614115465,10
clean-sealed,62,441.0,442.0,442.0,30,0.5719929112314365,-0.7168396485615932,0.0001398577890877793,10
clean-sealed,63,441.5,442.5,442.5,3,0.5378168534775674,-0.8864355325828399,0.00011804336386393064,10
clean-sealed,63,441.5,442.5,442.5,6,0.9027749632202946,0.9246391588956926,0.0007216374681893357,10
clean-sealed,63,441.5,442.5,442.5,7,0.7904064010906718,0.36701938402823386,0.0004133156609179044,10
clean-sealed,63,441.5,442.5,442.5,8,0.7395067442909378,0.11443401114824796,0.0003210890505759799,10
clean-sealed,63,441.5,442.5,442.5,10,0.7010920964666945,-0.07619552851478821,0.00026537520467934827,10
clean-sealed,63,441.5,442.5,442.5,13,0.8969778731741833,0.8958715749279452,0.0007011878121040859,10
clean-sealed,63,441.5,442.5,442.5,16,0.5911706526215921,-0.6216716795694388,0.00015381954341232366,10
clean-sealed,63,441.5,442.5,442.5,19,0.6670850077707231,-0.24495291744239991,0.00022417533973589741,10
clean-sealed,63,441.5,442.5,442.5,20,0.7644061057423479,0.23799505049715838,0.0003633030417281837,10
clean-sealed,63,441.5,442.5,442.5,23,0.7229118364413545,0.03208314179783029,0.0002957140719230061,10
clean-sealed,63,441.5,442.5,442.5,30,0.7326333363169208,0.08032528772592416,0.0003103251270099587,10
clean-sealed,64,442.0,443.0,443.0,3,0.9671620914928288,1.2441550029293307,0.0009930361851385942,10
clean-sealed,64,442.0,443.0,443.0,6,0.7581906534936149,0.20715137840638367,0.0003522723768398336,10
clean-sealed,64,442.0,443.0,443.0,7,0.7794595041905897,0.3126963058537569,0.0003914705890540053,10
clean-sealed,64,442.0,443.0,443.0,8,0.8623412678605398,0.7239902614081797,0.0005905209989017266,10
clean-sealed,64,442.0,443.0,443.0,10,0.4845421478925174,-1.1508068902958375,9.062300624119626e-05,10
clean-sealed,64,442.0,443.0,443.0,13,0.44138561486119054,-1.3649676464442382,7.315385509216568e-05,10
clean-sealed,64,442.0,443.0,443.0,16,0.6843115516899588,-0.15946760589318054,0.0002441771087270524,10
clean-sealed,64,442.0,443.0,443.0,19,0.827951318863431,0.5533329596323492,0.0004979205595446396,10
clean-sealed,64,442.0,443.0,443.0,20,0.5599812984320267,-0.7764462920752441,0.0001317659922681896,10
clean-sealed,64,442.0,443.0,443.0,23,0.6218153147975467,-0.4696000565141113,0.00017907889784174664,10
clean-sealed,64,442.0,443.0,443.0,30,0.815660700506263,0.4923417739179677,0.0004684731648782412,10
clean-sealed,65,442.5,443.5,443.5,3,0.5718376978738839,-0.7176098821202911,0.00013975012244905587,10
clean-sealed,65,442.5,443.5,443.5,6,0.5970005825100662,-0.5927411305769731,0.0001583339093281386,10
clean-sealed,65,442.5,443.5,443.5,7,0.7160038295429274,-0.002197275949619716,0.0002857515028438284,10
clean-sealed,65,442.5,443.5,443.5,8,0.6376868777848821,-0.39083872672523856,0.00019375086522127851,10
clean-sealed,65,442.5,443.5,443.5,10,0.39111826819947026,-1.6144152321164555,5.700468125948889e-05,10
clean-sealed,65,442.5,443.5,443.5,13,0.6660601230657537,-0.25003882374589875,0.00022303835301101934,10
clean-sealed,65,442.5,443.5,443.5,16,0.6526960053637874,-0.3163571619273228,0.00020872961722185536,10
clean-sealed,65,442.5,443.5,443.5,19,0.7482338096588661,0.1577413573800541,0.00033529530000814495,10
clean-sealed,65,442.5,443.5,443.5,20,0.4564221181626089,-1.290350231868277,7.88207726549633e-05,10
clean-sealed,65,442.5,443.5,443.5,23,0.6181485338554991,-0.48779615624736467,0.00017585039552541347,10
clean-sealed,65,442.5,443.5,443.5,30,0.8474771751104628,0.6502284200548507,0.0005485537919927731,10
clean-sealed,66,443.0,444.0,444.0,3,0.9663658851955543,1.2402038944714142,0.000989124205806504,10
clean-sealed,66,443.0,444.0,444.0,6,0.8079726372387968,0.45419039040710596,0.00045094481659263016,10
clean-sealed,66,443.0,444.0,444.0,7,0.8010188499829752,0.41968279139027037,0.0004356558822511016,10
clean-sealed,66,443.0,444.0,444.0,8,0.6115706132642003,-0.520438547764174,0.00017020385473321336,10
clean-sealed,66,443.0,444.0,444.0,10,0.8176168527895009,0.502049019210715,0.0004730407309856688,10
clean-sealed,66,443.0,444.0,444.0,13,0.9058433289275031,0.9398656720986551,0.0007327014589252556,10
clean-sealed,66,443.0,444.0,444.0,16,0.925175529950135,1.0358001343506251,0.0008064154237782239,10
clean-sealed,66,443.0,444.0,444.0,19,0.9965496325518165,1.3899882655309967,0.0011487669956191289,10
clean-sealed,66,443.0,444.0,444.0,20,0.7526866651521382,0.17983828761229703,0.0003427841932311033,10
clean-sealed,66,443.0,444.0,444.0,23,0.7519220685499262,0.1760440396739983,0.00034148649260859156,10
clean-sealed,66,443.0,444.0,444.0,30,0.6614293805481362,-0.2730185037489619,0.00021797254842139882,10
clean-sealed,67,443.5,444.5,444.5,3,0.870169243768512,0.7628359499241196,0.0006138972043171772,10
clean-sealed,67,443.5,444.5,444.5,6,0.653192338047232,-0.31389415168712337,0.00020924424634160546,10
clean-sealed,67,443.5,444.5,444.5,7,1.2036501300273659,2.417707501130352,0.003203836099776592,10
clean-sealed,67,443.5,444.5,444.5,8,1.0485331038928365,1.6479519791947046,0.001486337272882492,10
clean-sealed,67,443.5,444.5,444.5,10,1.1061204119467458,1.9337242730076423,0.0019770298397551954,10
clean-sealed,67,443.5,444.5,444.5,13,0.9486845951576643,1.1524619425994922,0.000906110308342725,10
clean-sealed,67,443.5,444.5,444.5,16,0.8774195187910624,0.7988148451700873,0.0006363723833826043,10
clean-sealed,67,443.5,444.5,444.5,19,0.6923279021013804,-0.11968712435138507,0.0002540838650141528,10
clean-sealed,67,443.5,444.5,444.5,20,1.018048659177022,1.4966754221468077,0.0012779369491846021,10
clean-sealed,67,443.5,444.5,444.5,23,0.7447929117136483,0.14066618349520055,0.0003296205481744956,10
clean-sealed,67,443.5,444.5,444.5,30,0.5594243842219715,-0.7792099331733054,0.0001314023888733917,10
clean-sealed,68,444.0,445.0,445.0,3,1.0289581374597305,1.5508128135010546,0.001348932207306771,10
clean-sealed,68,444.0,445.0,445.0,6,0.6854020161784407,-0.154056265291823,0.00024550169049105866,10
clean-sealed,68,444.0,445.0,445.0,7,0.9721366406491059,1.2688407951831326,0.0010178298861469337,10
clean-sealed,68,444.0,445.0,445.0,8,1.0344403193566454,1.5780176916022246,0.0013860819131955725,10
clean-sealed,68,444.0,445.0,445.0,10,0.6742673572772697,-0.2093110969994193,0.0002323075635596318,10
clean-sealed,68,444.0,445.0,445.0,13,0.7318322642265428,0.07635003316874713,0.0003090943349167377,10
clean-sealed,68,444.0,445.0,445.0,16,0.8711346641575071,0.7676267694359229,0.0006168435128223216,10
clean-sealed,68,444.0,445.0,445.0,19,0.6693909819694139,-0.23350970958110462,0.00022675477340570988,10
clean-sealed,68,444.0,445.0,445.0,20,0.91389753372718,0.9798340029379465,0.000762556638444054,10
clean-sealed,68,444.0,445.0,445.0,23,0.7617862411921673,0.22499418750694114,0.0003586120420695965,10
clean-sealed,68,444.0,445.0,445.0,30,0.743834884866617,0.13591205382909058,0.00032805772131791884,10
clean-sealed,69,444.5,445.5,445.5,3,0.7557852329270568,0.19521467609957271,0.00034809385854995823,10
clean-sealed,69,444.5,445.5,445.5,6,0.8794362675631227,0.8088227955694455,0.0006427690282365311,10
clean-sealed,69,444.5,445.5,445.5,7,1.4846889904963922,3.8123397998240875,0.01279826080392102,10
clean-sealed,69,444.5,445.5,445.5,8,0.7349156844583191,0.0916512532153425,0.00031385872851070134,10
clean-sealed,69,444.5,445.5,445.5,10,0.45019502591228266,-1.3212516665124285,7.642252925831021e-05,10
clean-sealed,69,444.5,445.5,445.5,13,0.8422190410861985,0.6241353611488291,0.0005344330233529214,10
clean-sealed,69,444.5,445.5,445.5,16,0.7548605171960072,0.19062585011486852,0.0003465007279820051,10
clean-sealed,69,444.5,445.5,445.5,19,0.9692944739703226,1.2547367761094466,0.001003589460717473,10
clean-sealed,69,444.5,445.5,445.5,20,0.5795851479476631,-0.6791637964530727,0.00014522679100927296,10
clean-sealed,69,444.5,445.5,445.5,23,0.7561611301890254,0.19708003543691519,0.00034874355800614806,10
clean-sealed,69,444.5,445.5,445.5,30,0.6601573640541553,-0.27933078128957073,0.0002166012757020924,10
clean-sealed,70,445.0,446.0,446.0,3,0.8321911378973379,0.5743727139048895,0.0005085022867513399,10
clean-sealed,70,445.0,446.0,446.0,6,0.5122766997735089,-1.0131764509378232,0.00010399316551013699,10
clean-sealed,70,445.0,446.0,446.0,7,0.7072649003007151,-0.04556349568467188,0.00027362771261159563,10
clean-sealed,70,445.0,446.0,446.0,8,0.7263081603512727,0.04893712068776999,0.0003007387557964169,10
clean-sealed,70,445.0,446.0,446.0,10,0.7099258226092098,-0.03235888693573206,0.00027726381150336427,10
clean-sealed,70,445.0,446.0,446.0,13,0.8702416514183844,0.7631952669488755,0.000614117692179924,10
clean-sealed,70,445.0,446.0,446.0,16,0.8139179597249009,0.4836935657026263,0.0004644410534665204,10
clean-sealed,70,445.0,446.0,446.0,19,0.8138998309548874,0.4836036031680706,0.000464399292454358,10
clean-sealed,70,445.0,446.0,446.0,20,0.5638395162170164,-0.7573002027075273,0.00013431275940521472,10
clean-sealed,70,445.0,446.0,446.0,23,0.7284331442533318,0.059482179044006066,0.0003039258743257906,10
clean-sealed,70,445.0,446.0,446.0,30,0.8653366702569103,0.7388547001644112,0.0005993590245070554,10
clean-sealed,71,445.5,446.5,446.5,3,0.7197676818709637,0.016480532576335354,0.0002911373017251449,10
clean-sealed,71,445.5,446.5,446.5,6,0.5104917945572011,-1.022033896703919,0.00010307621355252656,10
clean-sealed,71,445.5,446.5,446.5,7,0.5543876252279701,-0.8042044366453426,0.0001281591724598823,10
clean-sealed,71,445.5,446.5,446.5,8,0.7297124592209949,0.06583067466175682,0.00030586089198360035,10
clean-sealed,71,445.5,446.5,446.5,10,0.7536983589304375,0.18485873502390726,0.00034450885603808936,10
clean-sealed,71,445.5,446.5,446.5,13,0.7111663435996424,-0.026202903248716256,0.000278975429781721,10
clean-sealed,71,445.5,446.5,446.5,16,0.771969940468625,0.27552996005963826,0.00037719350274315007,10
clean-sealed,71,445.5,446.5,446.5,19,0.9982649348924433,1.398500312734258,0.0011585757124484945,10
clean-sealed,71,445.5,446.5,446.5,20,0.4975038680172545,-1.086485417093098,9.664297958420012e-05,10
clean-sealed,71,445.5,446.5,446.5,23,0.8317426804318757,0.572147280507956,0.0005073724805624489,10
clean-sealed,71,445.5,446.5,446.5,30,0.9996360794723056,1.4053045052721278,0.001166476538017402,10
clean-sealed,72,446.0,447.0,447.0,3,0.8114157260685214,0.47127643637666267,0.0004587123150961524,10
clean-sealed,72,446.0,447.0,447.0,6,0.6508875580999647,-0.3253314331736631,0.00020686518698322112,10
clean-sealed,72,446.0,447.0,447.0,7,0.5714491892541539,-0.7195378242863396,0.00013948098939550453,10
clean-sealed,72,446.0,447.0,447.0,8,0.8094385886051314,0.4614650538482845,0.00045423575397402405,10
clean-sealed,72,446.0,447.0,447.0,10,0.5056190728740007,-1.046214378472865,0.00010061392150048153,10
clean-sealed,72,446.0,447.0,447.0,13,0.6133482808448837,-0.5116170181713471,0.00017171169621245036,10
clean-sealed,72,446.0,447.0,447.0,16,0.6445078213462212,-0.35699035364852305,0.00020041993425114034,10
clean-sealed,72,446.0,447.0,447.0,19,1.0398843070262074,1.6050330339822452,0.001423983729037804,10
clean-sealed,72,446.0,447.0,447.0,20,0.7453913116602358,0.14363569415879618,0.0003306004905661981,10
clean-sealed,72,446.0,447.0,447.0,23,0.8122490674656931,0.4754118247225827,0.0004606123208209795,10
clean-sealed,72,446.0,447.0,447.0,30,0.6492749887594131,-0.3333336762885945,0.00020521674558880262,10
clean-sealed,73,446.5,447.5,447.5,3,0.6224679627298597,-0.46636134466991874,0.00017965971863719588,10
clean-sealed,73,446.5,447.5,447.5,6,0.5093920049834975,-1.0274915122759931,0.00010251525302016804,10
clean-sealed,73,446.5,447.5,447.5,7,0.5232216253929347,-0.9588631550819496,0.00010979694135689484,10
clean-sealed,73,446.5,447.5,447.5,8,0.7452039337232934,0.14270584651250887,0.00033029332684288804,10
clean-sealed,73,446.5,447.5,447.5,10,0.4013803689594202,-1.5634903986311837,5.998264360775533e-05,10
clean-sealed,73,446.5,447.5,447.5,13,0.642807806004265,-0.3654265403744804,0.00019873660072349496,10
clean-sealed,73,446.5,447.5,447.5,16,0.4121550352850891,-1.5100220005585914,6.327690108488994e-05,10
clean-sealed,73,446.5,447.5,447.5,19,0.8901909178157467,0.8621918655209557,0.0006779810141488667,10
clean-sealed,73,446.5,447.5,447.5,20,0.5351022073832858,-0.8999067412131676,0.00011646402397397438,10
clean-sealed,73,446.5,447.5,447.5,23,0.411275830434137,-1.514384982532898,6.30014438436988e-05,10
clean-sealed,73,446.5,447.5,447.5,30,0.8492986114357755,0.6592671484536764,0.0005535317394604326,10
clean-sealed,74,447.0,448.0,448.0,3,0.8345782528355559,0.586218576032202,0.0005145586357280317,10
clean-sealed,74,447.0,448.0,448.0,6,0.7282877775741781,0.05876080881939245,0.0003037067768698623,10
clean-sealed,74,447.0,448.0,448.0,7,0.5818329345533964,-0.668009339750199,0.00014685554611804368,10
clean-sealed,74,447.0,448.0,448.0,8,0.9240892502892364,1.030409560612976,0.0008020835547832522,10
clean-sealed,74,447.0,448.0,448.0,10,0.6890449198908839,-0.1359786543524469,0.00024997901282267315,10
clean-sealed,74,447.0,448.0,448.0,13,0.737827879005279,0.10610277984227195,0.00031842594411824815,10
clean-sealed,74,447.0,448.0,448.0,16,0.7524346799413506,0.1785878316676242,0.00034235597123738145,10
clean-sealed,74,447.0,448.0,448.0,19,0.9310253143219269,1.0648292095884038,0.0008301482894158956,10
clean-sealed,74,447.0,448.0,448.0,20,0.6183134889512598,-0.48697758011167247,0.0001759943760502624,10
clean-sealed,74,447.0,448.0,448.0,23,0.5587111517830681,-0.7827492906632652,0.000130938191705319,10
clean-sealed,74,447.0,448.0,448.0,30,0.6644478192865897,-0.2580397490342216,0.00022126135295779978,10
clean-sealed,75,447.5,448.5,448.5,3,0.6690840626357346,-0.2350327716057954,0.0002264097528252172,10
clean-sealed,75,447.5,448.5,448.5,6,0.9122934917256118,0.971874076043442,0.0007565154110802545,10
clean-sealed,75,447.5,448.5,448.5,7,0.5238263983755136,-0.9558620187498629,0.00011012691555933307,10
clean-sealed,75,447.5,448.5,448.5,8,0.7004624501363581,-0.07932009679540093,0.00026454753481951914,10
clean-sealed,75,447.5,448.5,448.5,10,0.5890201904019283,-0.632343171987457,0.00015218703527533116,10
clean-sealed,75,447.5,448.5,448.5,13,0.5186943516757309,-0.9813293796478424,0.0001073579831139045,10
clean-sealed,75,447.5,448.5,448.5,16,0.35863334321845775,-1.7756190084324932,4.851815716784886e-05,10
clean-sealed,75,447.5,448.5,448.5,19,1.038759044401092,1.5994490104814387,0.0014160655585582981,10
clean-sealed,75,447.5,448.5,448.5,20,0.6019777212912655,-0.5680424875218545,0.00016229259319267382,10
clean-sealed,75,447.5,448.5,448.5,23,0.6315829699358764,-0.4211288688794827,0.00018797120242257305,10
clean-sealed,75,447.5,448.5,448.5,30,0.6353586301685729,-0.4023924645949501,0.00019152562691524176,10
clean-sealed,76,448.0,449.0,449.0,3,0.646599844772638,-0.3466088589497629,0.0002025110068288026,10
clean-sealed,76,448.0,449.0,449.0,6,0.7469680982401993,0.15146036825864834,0.0003331966133972404,10
clean-sealed,76,448.0,449.0,449.0,7,0.6794913537540443,-0.18338744287339095,0.0002384071083948111,10
clean-sealed,76,448.0,449.0,449.0,8,0.5939049690342248,-0.6081028585973429,0.00015592058995574445,10
clean-sealed,76,448.0,449.0,449.0,10,0.6768387694707815,-0.1965506748558715,0.00023529019802311676,10
clean-sealed,76,448.0,449.0,449.0,13,0.6622285622691026,-0.2690526299949714,0.00021883852690059784,10
clean-sealed,76,448.0,449.0,449.0,16,0.477631026652241,-1.1851027627093256,8.756797034324107e-05,10
clean-sealed,76,448.0,449.0,449.0,19,1.0878822866760833,1.8432190719559478,0.001806265626745452,10
clean-sealed,76,448.0,449.0,449.0,20,0.5604116647253465,-0.774310634636514,0.00013204766279943295,10
clean-sealed,76,448.0,449.0,449.0,23,0.7559362131902989,0.19596390327488694,0.00034835466676706825,10
clean-sealed,76,448.0,449.0,449.0,30,0.755913159888844,0.19584950315688587,0.0003483148311117074,10
clean-sealed,77,448.5,449.5,449.5,3,0.7276659366258307,0.05567497410682541,0.0003027713157907286,10
clean-sealed,77,448.5,449.5,449.5,6,0.574157684248461,-0.7060971399852184,0.0001413680979202722,10
clean-sealed,77,448.5,449.5,449.5,7,0.7508962679029682,0.1709535880834922,0.0003397531781685833,10
clean-sealed,77,448.5,449.5,449.5,8,0.7562034113802076,0.19728985238091915,0.0003488167124642603,10
clean-sealed,77,448.5,449.5,449.5,10,0.6173704045749813,-0.4916575589920183,0.00017517279436036836,10
clean-sealed,77,448.5,449.5,449.5,13,0.9227669288520524,1.0238476489169412,0.0007968417641549789,10
clean-sealed,77,448.5,449.5,449.5,16,0.7455824469504917,0.14458418736278322,0.00033091410782763953,10
clean-sealed,77,448.5,449.5,449.5,19,1.1463368763570565,2.133295179722402,0.0024126601986971916,10
clean-sealed,77,448.5,449.5,449.5,20,0.8047670878673268,0.43828311451989044,0.0004438314240693673,10
clean-sealed,77,448.5,449.5,449.5,23,0.6839887964952278,-0.16106925207973227,0.00024378643168003198,10
clean-sealed,77,448.5,449.5,449.5,30,0.7284544852221959,0.059588081851943704,0.0003039580528497774,10
clean-sealed,78,449.0,450.0,450.0,3,0.7657719749312046,0.24477306433976767,0.00036577297523370797,10
clean-sealed,78,449.0,450.0,450.0,6,0.6649738804988936,-0.2554292134074239,0.00022183958989129333,10
clean-sealed,78,449.0,450.0,450.0,7,0.6873063280348761,-0.14460627386594674,0.00024783209821749893,10
clean-sealed,78,449.0,450.0,450.0,8,0.7136697314411091,-0.013780046373905138,0.0002824617327835401,10
clean-sealed,78,449.0,450.0,450.0,10,0.6982265678643245,-0.09041547921849652,0.00026162926629150326,10
clean-sealed,78,449.0,450.0,450.0,13,0.8572238853812466,0.6985956705018511,0.0005757222921000875,10
clean-sealed,78,449.0,450.0,450.0,16,0.6526321138830122,-0.31667421816129576,0.00020866346249258402,10
clean-sealed,78,449.0,450.0,450.0,19,0.7322390111143828,0.07836848124467573,0.00030971866242605016,10
clean-sealed,78,449.0,450.0,450.0,20,0.8506282546060165,0.6658653936495935,0.0005571941118680463,10
clean-sealed,78,449.0,450.0,450.0,23,0.6231585586721486,-0.4629343189381192,0.0001802763621431182,10
clean-sealed,78,449.0,450.0,450.0,30,0.599469831394529,-0.5804876854767538,0.0001602856676787064,10
clean-sealed,79,449.5,450.5,450.5,3,0.44162597650695645,-1.3637748714878037,7.324115684307017e-05,10
clean-sealed,79,449.5,450.5,450.5,6,0.4990129846626133,-1.0789965494944989,9.736937212582333e-05,10
clean-sealed,79,449.5,450.5,450.5,7,0.8728471753638336,0.7761249658641041,0.0006221046324025498,10
clean-sealed,79,449.5,450.5,450.5,8,0.48855939588555497,-1.130871626561838,9.244755879910023e-05,10
clean-sealed,79,449.5,450.5,450.5,10,0.7485307179031014,0.1592147401943311,0.00033578951645030783,10
clean-sealed,79,449.5,450.5,450.5,13,0.6182409458900535,-0.48733756910406867,0.00017593104255881822,10
clean-sealed,79,449.5,450.5,450.5,16,0.6653022473037289,-0.2537997200659057,0.00022220129031740504,10
clean-sealed,79,449.5,450.5,450.5,19,0.6580970774575761,-0.2895547845728171,0.0002143984981311254,10
clean-sealed,79,449.5,450.5,450.5,20,0.6178169817917654,-0.4894414561749615,0.00017556135751927346,10
clean-sealed,79,449.5,450.5,450.5,23,0.4839249831750652,-1.1538695195960582,9.034591117835255e-05,10
clean-sealed,79,449.5,450.5,450.5,30,0.9153352522810554,0.9869685633625072,0.0007680124055895314,10
clean-sealed,80,450.0,451.0,451.0,3,0.40350041903788886,-1.552969823969921,6.061698821977939e-05,10
clean-sealed,80,450.0,451.0,451.0,6,0.4735787599044179,-1.2052118041422615,8.582479902178004e-05,10
clean-sealed,80,450.0,451.0,451.0,7,0.7419240710393629,0.1264297969062161,0.00032496270166528255,10
clean-sealed,80,450.0,451.0,451.0,8,1.0678871482898231,1.7439948374006602,0.0016359242331366465,10
clean-sealed,80,450.0,451.0,451.0,10,0.6597286644538972,-0.28145816790065775,0.000216141070335802,10
clean-sealed,80,450.0,451.0,451.0,13,0.7054735698756012,-0.05445282602257364,0.00027120678132984096,10
clean-sealed,80,450.0,451.0,451.0,16,0.5438758126550325,-0.8563684445251335,0.00012164604194420445,10
clean-sealed,80,450.0,451.0,451.0,19,0.4509198792242193,-1.3176546413930026,7.669789688720277e-05,10
clean-sealed,80,450.0,451.0,451.0,20,0.5751118760107778,-0.7013620416125106,0.0001420389817880067,10
clean-sealed,80,450.0,451.0,451.0,23,0.8224832467677203,0.5261981002625914,0.0004845976773137591,10
clean-sealed,80,450.0,451.0,451.0,30,0.6058274920277653,-0.5489383159395748,0.00016542234633571076,10
clean-sealed,81,450.5,451.5,451.5,3,0.7037534886328867,-0.06298858813555475,0.0002689022965170969,10
clean-sealed,81,450.5,451.5,451.5,6,0.38115101941858465,-1.663876886834739,5.42538787770394e-05,10
clean-sealed,81,450.5,451.5,451.5,7,0.6308043903015206,-0.4249925064681265,0.0001872464867284854,10
clean-sealed,81,450.5,451.5,451.5,8,1.0807071214870478,1.8076129030994716,0.0017431930890888887,10
clean-sealed,81,450.5,451.5,451.5,10,0.4224832668779607,-1.4587689982379561,6.66043589716384e-05,10
clean-sealed,81,450.5,451.5,451.5,13,0.6073396221198812,-0.5414344943585588,0.00016666810736182779,10
clean-sealed,81,450.5,451.5,451.5,16,0.7206796070887049,0.021005886687623296,0.00029245740050238623,10
clean-sealed,81,450.5,451.5,451.5,19,0.341143797735996,-1.8624094436719731,4.448498429242925e-05,10
clean-sealed,81,450.5,451.5,451.5,20,0.6242657405756993,-0.45744001953538194,0.0001812694004327665,10
clean-sealed,81,450.5,451.5,451.5,23,0.6694554704761084,-0.23318969065496545,0.00022682733437470325,10
clean-sealed,81,450.5,451.5,451.5,30,0.5595566557728866,-0.7785535464487199,0.00013148865662543369,10
clean-sealed,82,451.0,452.0,452.0,3,0.5631599966404438,-0.7606722628827689,0.0001338606719865019,10
clean-sealed,82,451.0,452.0,452.0,6,0.7587297050239532,0.20982637742116553,0.0003532156332983248,10
clean-sealed,82,451.0,452.0,452.0,7,0.789116883705851,0.36062025975197937,0.0004106803297283303,10
clean-sealed,82,451.0,452.0,452.0,8,0.7306007729062668,0.07023885847941198,0.0003072117440218145,10
clean-sealed,82,451.0,452.0,452.0,10,0.44857346655520747,-1.329298521847139,7.581008228216549e-05,10
clean-sealed,82,451.0,452.0,452.0,13,0.5161071564399041,-0.9941681238446015,0.0001059885969291835,10
clean-sealed,82,451.0,452.0,452.0,16,0.8532268435128904,0.6787606780045942,0.0005644217338767317,10
clean-sealed,82,451.0,452.0,452.0,19,0.5961041280903749,-0.5971897121216093,0.00015763122318768273,10
clean-sealed,82,451.0,452.0,452.0,20,0.6909593355632738,-0.12647852356845263,0.000252364560379093,10
clean-sealed,82,451.0,452.0,452.0,23,0.5694057051777205,-0.7296784464412407,0.00013807390708210512,10
clean-sealed,82,451.0,452.0,452.0,30,0.8569964761975699,0.6974671710763775,0.0005750733296963927,10
clean-sealed,83,451.5,452.5,452.5,3,0.5869227471693741,-0.642751562029727,0.0001506114656204718,10
clean-sealed,83,451.5,452.5,452.5,6,0.6029865555820849,-0.5630362300823726,0.00016310697597786492,10
clean-sealed,83,451.5,452.5,452.5,7,1.0526046472538264,1.6681566792397162,0.00151662769984995,10
clean-sealed,83,451.5,452.5,452.5,8,0.7814143756685217,0.3223971952552051,0.0003952851733173371,10
clean-sealed,83,451.5,452.5,452.5,10,0.7877106321781854,0.3536418518645548,0.0004078255760642051,10
clean-sealed,83,451.5,452.5,452.5,13,0.6458987361737817,-0.35008805287769545,0.00020180779796160679,10
clean-sealed,83,451.5,452.5,452.5,16,0.7204675476876736,0.019953559299779714,0.0002921498913109326,10
clean-sealed,83,451.5,452.5,452.5,19,0.704159457143147,-0.060974002694535255,0.0002694444231002984,10
clean-sealed,83,451.5,452.5,452.5,20,0.5951461556063924,-0.601943572015548,0.00015688376207002625,10
clean-sealed,83,451.5,452.5,452.5,23,0.6270865454341803,-0.4434420067431851,0.0001838241846159577,10
clean-sealed,83,451.5,452.5,452.5,30,0.7772094935945734,0.3015308127814798,0.0003871256210105182,10
clean-sealed,84,452.0,453.0,453.0,3,0.8345810889865416,0.5862326501988921,0.0005145658740365012,10
clean-sealed,84,452.0,453.0,453.0,6,0.8251817352765372,0.5395891282000413,0.0004911273733917334,10
clean-sealed,84,452.0,453.0,453.0,7,0.852006799052498,0.6727063074187404,0.0005610167505661763,10
clean-sealed,84,452.0,453.0,453.0,8,0.9950965739105813,1.3827775811808656,0.001140522805670512,10
clean-sealed,84,452.0,453.0,453.0,10,0.48217790749274986,-1.1625392394018994,8.95660928851701e-05,10
clean-sealed,84,452.0,453.0,453.0,13,0.6351755918915116,-0.40330077703494793,0.00019135177406257573,10
clean-sealed,84,452.0,453.0,453.0,16,0.7903443334973477,0.36671137868616976,0.00041318842968164404,10
clean-sealed,84,452.0,453.0,453.0,19,0.8013208777940877,0.42118157963534864,0.0004363090426280261,10
clean-sealed,84,452.0,453.0,453.0,20,0.7831596401672585,0.3310579272110626,0.00039872212903351283,10
clean-sealed,84,452.0,453.0,453.0,23,0.7589677425720418,0.21100761923346217,0.0003536329652622203,10
clean-sealed,84,452.0,453.0,453.0,30,0.8099522250687485,0.46401393267860636,0.000455394494736807,10
clean-sealed,85,452.5,453.5,453.5,3,0.45208402566567624,-1.31187766014224,7.714222722742087e-05,10
clean-sealed,85,452.5,453.5,453.5,6,0.39800193883845614,-1.5802555810608057,5.898546525691699e-05,10
clean-sealed,85,452.5,453.5,453.5,7,0.7646710109313377,0.23930962077416626,0.0003637807693057219,10
clean-sealed,85,452.5,453.5,453.5,8,0.852989831079155,0.677584523238212,0.0005637586508344276,10
clean-sealed,85,452.5,453.5,453.5,10,0.43016985106507155,-1.4206249545420673,6.919381496380102e-05,10
clean-sealed,85,452.5,453.5,453.5,13,0.6367867927966229,-0.39530532466867147,0.00019288755439788804,10
clean-sealed,85,452.5,453.5,453.5,16,0.7275918504017977,0.05530732729544797,0.0003026600570250916,10
clean-sealed,85,452.5,453.5,453.5,19,0.8682987253470649,0.7535536556481673,0.0006082286450444335,10
clean-sealed,85,452.5,453.5,453.5,20,0.586155079379997,-0.6465610504824818,0.00015003889036839668,10
clean-sealed,85,452.5,453.5,453.5,23,0.493586445967506,-1.1059253027696783,9.478257083546986e-05,10
clean-sealed,85,452.5,453.5,453.5,30,0.62526166963825,-0.45249780323289973,0.00018216732686564846,10
clean-sealed,86,453.0,454.0,454.0,3,0.7390198283570192,0.11201773075535786,0.0003203143941822229,10
clean-sealed,86,453.0,454.0,454.0,6,0.5581200481876678,-0.785682593782426,0.00013055472313254997,10
clean-sealed,86,453.0,454.0,454.0,7,1.0648025235099983,1.728687639883152,0.0016111135378941723,10
clean-sealed,86,453.0,454.0,454.0,8,0.9927980079354755,1.3713711360216052,0.0011276019945118893,10
clean-sealed,86,453.0,454.0,454.0,10,0.5233317281542942,-0.9583167791575987,0.00010985694156169822,10
clean-sealed,86,453.0,454.0,454.0,13,0.7234785151781153,0.03489523855893555,0.00029654657189231255,10
clean-sealed,86,453.0,454.0,454.0,16,1.1101779240478606,1.953859344076147,0.0020171598320554186,10
clean-sealed,86,453.0,454.0,454.0,19,0.9179501780776806,0.9999449181932049,0.000778035544432738,10
clean-sealed,86,453.0,454.0,454.0,20,0.6850163696435996,-0.1559700045963131,0.00024503242854504424,10
clean-sealed,86,453.0,454.0,454.0,23,0.5821587907971236,-0.6663923048623026,0.00014709317380365189,10
clean-sealed,86,453.0,454.0,454.0,30,0.76239065680376,0.22799355041481456,0.00035968887694479476,10
clean-sealed,87,453.5,454.5,454.5,3,0.7311932675301354,0.07317906446327652,0.0003081160603058034,10
clean-sealed,87,453.5,454.5,454.5,6,0.5474441504291474,-0.8386608609399872,0.00012381901495787576,10
clean-sealed,87,453.5,454.5,454.5,7,0.9408937046418397,1.1138002873009247,0.0008717770897740889,10
clean-sealed,87,453.5,454.5,454.5,8,1.0242238968163315,1.5273195325360882,0.0013176519975441879,10
clean-sealed,87,453.5,454.5,454.5,10,0.6278236875876861,-0.4397839992552093,0.00018449772194915884,10
clean-sealed,87,453.5,454.5,454.5,13,0.5674190290796137,-0.739537163662192,0.00013671954867149722,10
clean-sealed,87,453.5,454.5,454.5,16,0.9862473427452615,1.3388639971976204,0.0010915756213334341,10
clean-sealed,87,453.5,454.5,454.5,19,0.9274250700244275,1.0469632924974328,0.0008154606183302794,10
clean-sealed,87,453.5,454.5,454.5,20,0.9766760240278326,1.291367112951289,0.0010409938981671939,10
clean-sealed,87,453.5,454.5,454.5,23,0.7787651043737086,0.30925040370622753,0.0003901244666115575,10
clean-sealed,87,453.5,454.5,454.5,30,0.6463464445036716,-0.34786633700460695,0.0002022565651980332,10
clean-sealed,88,454.0,455.0,455.0,3,0.5946046153932174,-0.6046309209148244,0.0001564627925290107,10
clean-sealed,88,454.0,455.0,455.0,6,0.5525099831096566,-0.8135220816828209,0.0001269707277548334,10
clean-sealed,88,454.0,455.0,455.0,7,0.9258593397619445,1.0391934844664121,0.0008091543038009615,10
clean-sealed,88,454.0,455.0,455.0,8,0.8967027682192024,0.8945063891486305,0.000700231883431066,10
clean-sealed,88,454.0,455.0,455.0,10,0.5940105457929151,-0.6075789425900864,0.00015600228790452943,10
clean-sealed,88,454.0,455.0,455.0,13,0.6025768288930813,-0.5650694651772191,0.00016277573199475492,10
clean-sealed,88,454.0,455.0,455.0,16,0.8010737351992079,0.41995515477500334,0.0004357745034074976,10
clean-sealed,88,454.0,455.0,455.0,19,0.7892338709789504,0.3612007995012803,0.0004109187172042994,10
clean-sealed,88,454.0,455.0,455.0,20,0.6087272639987495,-0.5345484353272204,0.00016781956112286794,10
clean-sealed,88,454.0,455.0,455.0,23,0.6596260125944997,-0.2819675693350281,0.00021603101958250269,10
clean-sealed,88,454.0,455.0,455.0,30,0.4478293816261655,-1.3329909822893757,7.553069382804587e-05,10
clean-sealed,89,454.5,455.5,455.5,3,0.4171391402912682,-1.485288788183271,6.486135414332121e-05,10
clean-sealed,89,454.5,455.5,455.5,6,0.6996228355684606,-0.08348661523662086,0.0002634478754867486,10
clean-sealed,89,454.5,455.5,455.5,7,0.6061288545364095,-0.5474428292034375,0.00016566987731947346,10
clean-sealed,89,454.5,455.5,455.5,8,0.7263321672691465,0.04905625304904945,0.0003007745748720196,10
clean-sealed,89,454.5,455.5,455.5,10,0.5771867625295295,-0.6910655874127393,0.00014350882387241062,10
clean-sealed,89,454.5,455.5,455.5,13,0.7829573349456862,0.3300540041389002,0.00039832220291285194,10
clean-sealed,89,454.5,455.5,455.5,16,0.9538905336362633,1.1782959853904065,0.000929801740683692,10
clean-sealed,89,454.5,455.5,455.5,19,0.7086175829193648,-0.03885091911535983,0.0002754701303821659,10
clean-sealed,89,454.5,455.5,455.5,20,0.5362308261556261,-0.8943060631069764,0.000117118054888429,10
clean-sealed,89,454.5,455.5,455.5,23,0.788527546503738,0.35769572221465495,0.00040948152532468046,10
clean-sealed,89,454.5,455.5,455.5,30,0.6303213252159285,-0.427389677341982,0.00018679824622006377,10
clean-sealed,90,455.0,456.0,456.0,3,0.875147120804562,0.7875382565083947,0.0006292410732766073,10
clean-sealed,90,455.0,456.0,456.0,6,0.8065424700140931,0.447093302834319,0.00044775717958777506,10
clean-sealed,90,455.0,456.0,456.0,7,0.704384723246354,-0.05985613813015035,0.00026974571259395433,10
clean-sealed,90,455.0,456.0,456.0,8,0.9305947783825661,1.062692710295107,0.0008283780391454262,10
clean-sealed,90,455.0,456.0,456.0,10,0.36360647528220413,-1.750940248384167,4.973036191313039e-05,10
clean-sealed,90,455.0,456.0,456.0,13,0.6153402266986937,-0.5017321502198607,0.0001734171645840387,10
clean-sealed,90,455.0,456.0,456.0,16,0.43877313906778803,-1.3779318433348537,7.221166317256603e-05,10
clean-sealed,90,455.0,456.0,456.0,19,0.7032235253134862,-0.06561848764882972,0.0002681962290132359,10
clean-sealed,90,455.0,456.0,456.0,20,0.6665544564104686,-0.24758573506019105,0.00022358603502162805,10
clean-sealed,90,455.0,456.0,456.0,23,0.5840897324140109,-0.6568101654339383,0.00014850920525585863,10
clean-sealed,90,455.0,456.0,456.0,30,0.66349466686041,-0.2627696897865787,0.00022021750096199328,10
clean-sealed,91,455.5,456.5,456.5,3,0.5877604976660626,-0.6385942938890198,0.00015123880628077675,10
clean-sealed,91,455.5,456.5,456.5,6,0.4359310722583938,-1.3920353668148868,7.120044443407664e-05,10
clean-sealed,91,455.5,456.5,456.5,7,0.771004229544213,0.27073769878965354,0.00037539089422427966,10
clean-sealed,91,455.5,456.5,456.5,8,0.8904672737000254,0.8635632589343293,0.0006789107990139625,10
clean-sealed,91,455.5,456.5,456.5,10,0.4834775377515014,-1.1560899308180628,9.014554671503576e-05,10
clean-sealed,91,455.5,456.5,456.5,13,0.498599352791424,-1.0810491637357003,9.716973474581283e-05,10
clean-sealed,91,455.5,456.5,456.5,16,0.571548073720291,-0.7190471182320815,0.00013954944080349629,10
clean-sealed,91,455.5,456.5,456.5,19,0.8511998946259036,0.6687021103713663,0.0005587760732472753,10
clean-sealed,91,455.5,456.5,456.5,20,0.6063879099817335,-0.5461572877996672,0.00016588295440748692,10
clean-sealed,91,455.5,456.5,456.5,23,0.4736582871030394,-1.2048171569406712,8.585867331422125e-05,10
clean-sealed,91,455.5,456.5,456.5,30,0.6084767985213498,-0.5357913497195803,0.00016761114028771587,10
clean-sealed,92,456.0,457.0,457.0,3,0.5926155975595064,-0.6145012588066793,0.00015492628654910676,10
clean-sealed,92,456.0,457.0,457.0,6,0.8058000929292499,0.4434093174288684,0.0004461114178899224,10
clean-sealed,92,456.0,457.0,457.0,7,0.8411468608963242,0.6188147548799209,0.000531598574443177,10
clean-sealed,92,456.0,457.0,457.0,8,0.7475586590293994,0.1543909777465536,0.00033417418798804214,10
clean-sealed,92,456.0,457.0,457.0,10,0.9817034315000533,1.3163152102633544,0.0010672633210893354,10
clean-sealed,92,456.0,457.0,457.0,13,0.4998922168792285,-1.0746334317203332,9.779509267640847e-05,10
clean-sealed,92,456.0,457.0,457.0,16,0.7132094982263837,-0.016063915960895875,0.000281817544725436,10
clean-sealed,92,456.0,457.0,457.0,19,0.852562910006395,0.6754659624239867,0.0005625662293077511,10
clean-sealed,92,456.0,457.0,457.0,20,0.9849957653873409,1.3326531471936145,0.0010848243508364914,10
clean-sealed,92,456.0,457.0,457.0,23,0.6074629331654479,-0.5408225734069656,0.000166770109265552,10
clean-sealed,92,456.0,457.0,457.0,30,0.8925064570177406,0.8736825389267715,0.0006858110296980163,10
clean-sealed,93,456.5,457.5,457.5,3,0.4540964145602757,-1.3018913452772523,7.791639287092877e-05,10
clean-sealed,93,456.5,457.5,457.5,6,0.8235872563755078,0.5316766574077456,0.0004872585620094791,10
clean-sealed,93,456.5,457.5,457.5,7,0.7072891758851698,-0.04544303008751664,0.0002736606683017654,10
clean-sealed,93,456.5,457.5,457.5,8,1.351585504781661,3.151824667017594,0.006652550010734872,10
clean-sealed,93,456.5,457.5,457.5,10,0.5294573292075964,-0.9279189862559686,0.0001132472396750304,10
clean-sealed,93,456.5,457.5,457.5,13,0.5565919833852684,-0.7932654900565097,0.0001295686119940338,10
clean-sealed,93,456.5,457.5,457.5,16,0.6060044043486055,-0.5480604030549695,0.00016556761245633994,10
clean-sealed,93,456.5,457.5,457.5,19,0.5739899826957827,-0.7069293451881428,0.0001412505162042364,10
clean-sealed,93,456.5,457.5,457.5,20,0.6241896329088457,-0.4578176975909901,0.0001812009642875836,10
clean-sealed,93,456.5,457.5,457.5,23,0.4443153864520094,-1.350428895178551,7.422511033931122e-05,10
clean-sealed,93,456.5,457.5,457.5,30,0.5844076603710028,-0.6552324740188127,0.0001487436570007877,10
clean-sealed,94,457.0,458.0,458.0,3,0.6249523702142751,-0.45403267626050503,0.00018188798843503994,10
clean-sealed,94,457.0,458.0,458.0,6,0.6533219144143991,-0.3132511395908705,0.00020937880800962533,10
clean-sealed,94,457.0,458.0,458.0,7,0.6107884471572952,-0.5243199829287375,0.00016954461174556177,10
clean-sealed,94,457.0,458.0,458.0,8,0.6807585454255638,-0.1770991081185911,0.00023991065487740024,10
clean-sealed,94,457.0,458.0,458.0,10,0.49335308667358985,-1.107083329129281,9.467288403373653e-05,10
clean-sealed,94,457.0,458.0,458.0,13,0.566213375892453,-0.7455201187347795,0.00013590411470684776,10
clean-sealed,94,457.0,458.0,458.0,16,0.566289332313618,-0.7451431912234984,0.0001359553433962734,10
clean-sealed,94,457.0,458.0,458.0,19,0.5898125094576095,-0.6284113536471768,0.00015278649333649231,10
clean-sealed,94,457.0,458.0,458.0,20,0.6617114579018635,-0.2716187180126348,0.00021827781028654366,10
clean-sealed,94,457.0,458.0,458.0,23,0.5251305684452807,-0.9493901817261451,0.00011084187105139779,10
clean-sealed,94,457.0,458.0,458.0,30,0.3885827139231398,-1.6269977122864931,5.629195470096286e-05,10
clean-sealed,95,457.5,458.5,458.5,3,0.6699387250098907,-0.23079157966000136,0.00022737182042675586,10
clean-sealed,95,457.5,458.5,458.5,6,0.4507021686374585,-1.3187350123266073,7.661508579863138e-05,10
clean-sealed,95,457.5,458.5,458.5,7,0.5796582623473535,-0.6788009722403014,0.0001452794847090543,10
clean-sealed,95,457.5,458.5,458.5,8,0.8255241161885186,0.541288165399056,0.0004919621154820294,10
clean-sealed,95,457.5,458.5,458.5,10,0.6305292510909334,-0.42635786223807803,0.00018699105088328325,10
clean-sealed,95,457.5,458.5,458.5,13,0.6529311550034933,-0.31519025112355425,0.00020897327730502122,10
clean-sealed,95,457.5,458.5,458.5,16,0.6424847479682955,-0.36702968938584407,0.00019841831475355586,10
clean-sealed,95,457.5,458.5,458.5,19,0.7172870598196776,0.004170649068403524,0.000287576428027535,10
clean-sealed,95,457.5,458.5,458.5,20,0.6223136864173875,-0.4671269282192473,0.00017952225143246254,10
clean-sealed,95,457.5,458.5,458.5,23,0.6259833734226445,-0.44891640738562677,0.000182820790356128,10
clean-sealed,95,457.5,458.5,458.5,30,0.6490127760916876,-0.3346348851496266,0.00020494994408864535,10
clean-sealed,96,458.0,459.0,459.0,3,0.6873745813859836,-0.14426757220814138,0.00024791603276324995,10
clean-sealed,96,458.0,459.0,459.0,6,0.5642879312081869,-0.7550749800857836,0.00013461192769816517,10
clean-sealed,96,458.0,459.0,459.0,7,0.7256597044902044,0.04571921165336209,0.0002997728508728875,10
clean-sealed,96,458.0,459.0,459.0,8,0.6253295853800128,-0.45216077693378204,0.00018222872120284895,10
clean-sealed,96,458.0,459.0,459.0,10,0.620626185445659,-0.4755010134091816,0.00017802546031239362,10
clean-sealed,96,458.0,459.0,459.0,13,0.6993759412423401,-0.08471180808360712,0.0002631253835620409,10
clean-sealed,96,458.0,459.0,459.0,16,0.5368119654215955,-0.8914222071554989,0.00011745625424172588,10
clean-sealed,96,458.0,459.0,459.0,19,1.02828701596051,1.5474824280959947,0.0013444532455534096,10
clean-sealed,96,458.0,459.0,459.0,20,0.8536060786652913,0.6806426013494856,0.0005654843312072555,10
clean-sealed,96,458.0,459.0,459.0,23,0.5301505669532842,-0.924478850791441,0.00011363745205584683,10
clean-sealed,96,458.0,459.0,459.0,30,0.6627843184920581,-0.26629473531293285,0.00021944276089295515,10
clean-sealed,97,458.5,459.5,459.5,3,0.6406715869694735,-0.37602735215557215,0.00019664137089305293,10
clean-sealed,97,458.5,459.5,459.5,6,0.7481822412402844,0.15748545333167258,0.00033520953631970116,10
clean-sealed,97,458.5,459.5,459.5,7,1.006989069979516,1.441793117687614,0.001209773271725281,10
clean-sealed,97,458.5,459.5,459.5,8,1.1791492979766423,2.2961241312512395,0.0028380930190579257,10
clean-sealed,97,458.5,459.5,459.5,10,0.605610713924287,-0.550014059501358,0.0001652445193825106,10
clean-sealed,97,458.5,459.5,459.5,13,0.6181147234593944,-0.4879639375654373,0.0001758208987763316,10
clean-sealed,97,458.5,459.5,459.5,16,0.8407415721081255,0.6168035425038921,0.0005305310578935953,10
clean-sealed,97,458.5,459.5,459.5,19,1.01512901754566,1.4821869399742258,0.0012595782202381247,10
clean-sealed,97,458.5,459.5,459.5,20,0.7943725805871773,0.38670122453602723,0.0004215275926631891,10
clean-sealed,97,458.5,459.5,459.5,23,0.6549230839720022,-0.30530546696399025,0.00021104873793320098,10
clean-sealed,97,458.5,459.5,459.5,30,0.8644657466908896,0.7345328133874762,0.0005967757947638309,10
clean-sealed,98,459.0,460.0,460.0,3,0.920659864302344,1.0133915138772829,0.0007885598232555569,10
clean-sealed,98,459.0,460.0,460.0,6,0.7526427670364297,0.17962044681292616,0.0003427095545693452,10
clean-sealed,98,459.0,460.0,460.0,7,0.9244911817301049,1.0324041124281955,0.0008036836614799143,10
clean-sealed,98,459.0,460.0,460.0,8,0.9451022800898257,1.1346849978404392,0.0008901589770567056,10
clean-sealed,98,459.0,460.0,460.0,10,1.1973097236371353,2.386243754359167,0.0031049088731031444,10
clean-sealed,98,459.0,460.0,460.0,13,0.9034954411836635,0.9282144717066486,0.0007242202937815413,10
clean-sealed,98,459.0,460.0,460.0,16,0.8458975288283466,0.6423895549175733,0.0005442728938043201,10
clean-sealed,98,459.0,460.0,460.0,19,0.869990668950561,0.7619497870339335,0.0006133537658917417,10
clean-sealed,98,459.0,460.0,460.0,20,1.0057213564936633,1.4355021934719763,0.0012021956891651022,10
clean-sealed,98,459.0,460.0,460.0,23,0.9513739732531172,1.1658077608577162,0.0009182729671560125,10
clean-sealed,98,459.0,460.0,460.0,30,0.8985500441220919,0.9036733443322265,0.0007066758321456708,10
clean-sealed,99,459.5,460.5,460.5,3,1.0371094527432476,1.5912630471529297,0.0014045372286441225,10
clean-sealed,99,459.5,460.5,460.5,6,0.7599038046084976,0.2156527503282994,0.0003552788729077266,10
clean-sealed,99,459.5,460.5,460.5,7,0.8530254035356246,0.6777610486363492,0.0005638581212201111,10
clean-sealed,99,459.5,460.5,460.5,8,0.6146292918457276,-0.5052601061280186,0.00017280653995982987,10
clean-sealed,99,459.5,460.5,460.5,10,0.8253666262776693,0.54050663463131,0.0004915779710857333,10
clean-sealed,99,459.5,460.5,460.5,13,0.6330251436971133,-0.4139721998537368,0.00018932101975774614,10
clean-sealed,99,459.5,460.5,460.5,16,0.7915711909360922,0.3727995581184029,0.00041571061921427514,10
clean-sealed,99,459.5,460.5,460.5,19,1.1642948846161072,2.222410323074761,0.0026369428864192446,10
clean-sealed,99,459.5,460.5,460.5,20,0.6299164760050887,-0.4293987083514147,0.00018642340936803,10
clean-sealed,99,459.5,460.5,460.5,23,1.1332433553785082,2.0683196555908556,0.0022612239161391113,10
clean-sealed,99,459.5,460.5,460.5,30,0.7502826445951342,0.16790853273809137,0.0003387205343930944,10
clean-sealed,100,460.0,461.0,461.0,3,0.6695022382624065,-0.23295760935061893,0.00022687997092256702,10
clean-sealed,100,460.0,461.0,461.0,6,0.801241110444394,0.420785740703756,0.0004361364440099268,10
clean-sealed,100,460.0,461.0,461.0,7,0.8040238815954341,0.4345950143417038,0.0004421982666225252,10
clean-sealed,100,460.0,461.0,461.0,8,0.7971610515221377,0.4005387828842723,0.00042739853844164257,10
clean-sealed,100,460.0,461.0,461.0,10,0.7350255829960095,0.09219661569648278,0.0003140298882019212,10
clean-sealed,100,460.0,461.0,461.0,13,0.7971713369277114,0.40058982336598464,0.00042742034430139823,10
clean-sealed,100,460.0,461.0,461.0,16,0.5632178354741415,-0.7603852424135749,0.00013389909310843864,10
clean-sealed,100,460.0,461.0,461.0,19,0.9258384857125177,1.0390899979562527,0.0008090706393238157,10
clean-sealed,100,460.0,461.0,461.0,20,0.7070869645576809,-0.046446487217989905,0.00027338627432086694,10
clean-sealed,100,460.0,461.0,461.0,23,0.7927810155050194,0.3788032133309358,0.00041821286245855325,10
clean-sealed,100,460.0,461.0,461.0,30,0.6814982087868662,-0.1734285893436747,0.00024079265711187813,10
clean-sealed,101,460.5,461.5,461.5,3,0.48555117084492966,-1.1457996966386725,9.107786969946507e-05,10
clean-sealed,101,460.5,461.5,461.5,6,0.7329161722039115,0.08172883762136751,0.0003107608541663966,10
clean-sealed,101,460.5,461.5,461.5,7,0.775481668494046,0.2929566224091316,0.00038382179033047116,10
clean-sealed,101,460.5,461.5,461.5,8,0.8268232246970417,0.54773488484017,0.0004951423268025436,10
clean-sealed,101,460.5,461.5,461.5,10,0.772308214204958,0.2772086157363033,0.00037782697306652167,10
clean-sealed,101,460.5,461.5,461.5,13,0.6045102947409944,-0.5554747994593867,0.00016434476921707816,10
clean-sealed,101,460.5,461.5,461.5,16,0.5212058361504665,-0.9688663438943931,0.00010870421569583115,10
clean-sealed,101,460.5,461.5,461.5,19,1.0723221099736544,1.7660029710709215,0.0016722661062075145,10
clean-sealed,101,460.5,461.5,461.5,20,0.7276012469272917,0.05535395678265643,0.0003026741659656877,10
clean-sealed,101,460.5,461.5,461.5,23,0.49174736467562247,-1.1150515928681497,9.392157367206458e-05,10
clean-sealed,101,460.5,461.5,461.5,30,0.5502744017015497,-0.824615971093352,0.00012557008905131488,10
clean-sealed,102,461.0,462.0,462.0,3,0.4050735220933019,-1.545163429058586,6.109201115540916e-05,10
clean-sealed,102,461.0,462.0,462.0,6,0.7662154388450366,0.24697371764622877,0.00036657850568908837,10
clean-sealed,102,461.0,462.0,462.0,7,0.8254833376597562,0.5410858052940858,0.0004918626210105424,10
clean-sealed,102,461.0,462.0,462.0,8,0.7254007043007527,0.04443394445232644,0.00029938792542955056,10
clean-sealed,102,461.0,462.0,462.0,10,0.5487693150317472,-0.8320848402687284,0.00012463583263813707,10
clean-sealed,102,461.0,462.0,462.0,13,0.742599020325847,0.12977917739167688,0.0003260525947277388,10
clean-sealed,102,461.0,462.0,462.0,16,0.43847382775098576,-1.3794171511996818,7.210449396433921e-05,10
clean-sealed,102,461.0,462.0,462.0,19,0.4861162058274825,-1.1429957568730296,9.133358156840554e-05,10
clean-sealed,102,461.0,462.0,462.0,20,0.8529601996054037,0.6774374794796281,0.0005636758064616387,10
clean-sealed,102,461.0,462.0,462.0,23,0.763656654322086,0.23427595928231765,0.000361954882153448,10
clean-sealed,102,461.0,462.0,462.0,30,0.8065512941741546,0.4471370920050056,0.00044777677815291617,10
clean-sealed,103,461.5,462.5,462.5,3,0.6124830654081451,-0.5159105788248105,0.0001709761478734702,10
clean-sealed,103,461.5,462.5,462.5,6,0.34924425975514106,-1.82221156517436,4.6309529213808924e-05,10
clean-sealed,103,461.5,462.5,462.5,7,0.750913524151104,0.1710392207997806,0.0003397822635157875,10
clean-sealed,103,461.5,462.5,462.5,8,0.9146293812889293,0.98346573644851,0.0007653289525435737,10
clean-sealed,103,461.5,462.5,462.5,10,0.4900349088748024,-1.1235495143510486,9.312689119851199e-05,10
clean-sealed,103,461.5,462.5,462.5,13,0.5722190595330394,-0.7157174061600127,0.00014001480954398018,10
clean-sealed,103,461.5,462.5,462.5,16,0.6131956185636955,-0.5123745922227859,0.0001715816834605204,10
clean-sealed,103,461.5,462.5,462.5,19,0.8729598716126807,0.7766842117574354,0.0006224524225473966,10
clean-sealed,103,461.5,462.5,462.5,20,0.6930165794541425,-0.11626961946277978,0.00025495346155935094,10
clean-sealed,103,461.5,462.5,462.5,23,0.5277906983432559,-0.9361895052494275,0.00011231459347395268,10
clean-sealed,103,461.5,462.5,462.5,30,1.010957288149875,1.461485074947225,0.001233802497408197,10
clean-sealed,104,462.0,463.0,463.0,3,0.3925606895409286,-1.6072573344941634,5.7414155243155336e-05,10
clean-sealed,104,462.0,463.0,463.0,6,0.8466171109405699,0.6459604221406829,0.0005462188307240524,10
clean-sealed,104,462.0,463.0,463.0,7,0.8593348064069856,0.7090709429875639,0.0005817813108824673,10
clean-sealed,104,462.0,463.0,463.0,8,0.9389979392312404,1.1043927069116652,0.000863621282904142,10
clean-sealed,104,462.0,463.0,463.0,10,0.6640832505636513,-0.2598488914256153,0.00022086150986956517,10
clean-sealed,104,462.0,463.0,463.0,13,0.6597026933119834,-0.28158704756266084,0.00021611322196238557,10
clean-sealed,104,462.0,463.0,463.0,16,0.8770091795133838,0.7967785701541759,0.0006350786947509478,10
clean-sealed,104,462.0,463.0,463.0,19,0.594599007453731,-0.604658749854651,0.00015645843907719894,10
clean-sealed,104,462.0,463.0,463.0,20,0.690411936094174,-0.12919494854477231,0.00025168013353621984,10
clean-sealed,104,462.0,463.0,463.0,23,0.5502562256775801,-0.8247061681217897,0.00012555876493521492,10
clean-sealed,104,462.0,463.0,463.0,30,0.9679807464886518,1.2482175112129053,0.0009970745778985646,10
clean-sealed,105,462.5,463.5,463.5,3,0.6424828380949995,-0.3670391669754575,0.00019841643460823417,10
clean-sealed,105,462.5,463.5,463.5,6,0.490706720980256,-1.1202157018691898,9.343784782890484e-05,10
clean-sealed,105,462.5,463.5,463.5,7,0.8451674695207714,0.6387666954717047,0.0005423057045181546,10
clean-sealed,105,462.5,463.5,463.5,8,1.1257701262731779,2.031234368992277,0.0021790810724400633,10
clean-sealed,105,462.5,463.5,463.5,10,0.6436302576517892,-0.3613451915181806,0.0001995492094062885,10
clean-sealed,105,462.5,463.5,463.5,13,0.5939224313548594,-0.6080162032631784,0.0001559340997850309,10
clean-sealed,105,462.5,463.5,463.5,16,1.1617486023850607,2.209774606309183,0.002603919063904657,10
clean-sealed,105,462.5,463.5,463.5,19,0.5672503333419685,-0.7403743024264873,0.00013660515895908123,10
clean-sealed,105,462.5,463.5,463.5,20,0.8438806811418995,0.632381113663682,0.0005388556600940367,10
clean-sealed,105,462.5,463.5,463.5,23,0.6206635849414219,-0.4753154214783758,0.0001780584975838675,10
clean-sealed,105,462.5,463.5,463.5,30,0.7847767719488342,0.339082811065437,0.0004019334095865458,10
clean-sealed,106,463.0,464.0,464.0,3,0.8074381591974661,0.45153808695647885,0.00044975089604042947,10
clean-sealed,106,463.0,464.0,464.0,6,0.6719929116868778,-0.22059784672751143,0.00022970090651970763,10
clean-sealed,106,463.0,464.0,464.0,7,0.7012132067733158,-0.075594528549741,0.00026553470074158856,10
clean-sealed,106,463.0,464.0,464.0,8,1.021924632706778,1.5159096229418805,0.0013027226262399482,10
clean-sealed,106,463.0,464.0,464.0,10,0.8103461677303136,0.4659688408316468,0.0004562852132903065,10
clean-sealed,106,463.0,464.0,464.0,13,0.5320351367440309,-0.9151268277476118,0.00011470505456502982,10
clean-sealed,106,463.0,464.0,464.0,16,0.666921353990261,-0.24576503590763604,0.0002239933974719342,10
clean-sealed,106,463.0,464.0,464.0,19,0.813642841396008,0.48232831355637007,0.0004638077008536393,10
clean-sealed,106,463.0,464.0,464.0,20,0.6145692773417466,-0.5055579231825792,0.00017275509177733852,10
clean-sealed,106,463.0,464.0,464.0,23,0.6103373484473098,-0.5265585232850241,0.00016916556790455366,10
clean-sealed,106,463.0,464.0,464.0,30,0.4509694489158234,-1.3174086558633429,7.67167643330741e-05,10
clean-sealed,107,463.5,464.5,464.5,3,0.6576867192157121,-0.29159115369694305,0.00021396244120121404,10
clean-sealed,107,463.5,464.5,464.5,6,0.5968955985226577,-0.5932621050053531,0.00015825145594398362,10
clean-sealed,107,463.5,464.5,464.5,7,0.7995955863914406,0.41261996253095734,0.0004325910861852316,10
clean-sealed,107,463.5,464.5,464.5,8,0.7919201663003935,0.37453131974628173,0.0004164308545774723,10
clean-sealed,107,463.5,464.5,464.5,10,0.5802720283659522,-0.675755208704434,0.00014572258162742869,10
clean-sealed,107,463.5,464.5,464.5,13,0.5924244776056693,-0.6154496759049457,0.0001547794441973555,10
clean-sealed,107,463.5,464.5,464.5,16,0.6734611987596979,-0.2133115925344367,0.00023138028923612875,10
clean-sealed,107,463.5,464.5,464.5,19,0.68092027658994,-0.1762965304780185,0.00024010323284264791,10
clean-sealed,107,463.5,464.5,464.5,20,0.463883876267491,-1.253321869168752,8.179384235061266e-05,10
clean-sealed,107,463.5,464.5,464.5,23,0.5485696415717274,-0.8330757034400024,0.00012451241211519447,10
clean-sealed,107,463.5,464.5,464.5,30,0.7725240241438309,0.2782795548606259,0.0003782316663727105,10
clean-sealed,108,464.0,465.0,465.0,3,0.47300589304699936,-1.2080546089446782,8.558118319151326e-05,10
clean-sealed,108,464.0,465.0,465.0,6,0.6651581127068814,-0.25451497618311036,0.00022204245158660523,10
clean-sealed,108,464.0,465.0,465.0,7,1.020726069615752,1.5099618518899443,0.001295007331562758,10
clean-sealed,108,464.0,465.0,465.0,8,0.752352985305303,0.17818242873554635,0.00034221725473982127,10
clean-sealed,108,464.0,465.0,465.0,10,0.5694507278091325,-0.729455025324906,0.00013810475489411809,10
clean-sealed,108,464.0,465.0,465.0,13,0.7549542964683582,0.19109122206361048,0.0003466619613150148,10
clean-sealed,108,464.0,465.0,465.0,16,0.6316414961682566,-0.4208384372506962,0.00018802579286721871,10
clean-sealed,108,464.0,465.0,465.0,19,1.0277728703786062,1.5449310228079252,0.001341031966891687,10
clean-sealed,108,464.0,465.0,465.0,20,0.743896967243239,0.13622013253205775,0.0003281587713138592,10
clean-sealed,108,464.0,465.0,465.0,23,0.5380183963528622,-0.8854353925915637,0.00011816146885362272,10
clean-sealed,108,464.0,465.0,465.0,30,0.5993751052648899,-0.5809577561271417,0.00016021035186505978,10
clean-sealed,109,464.5,465.5,465.5,3,0.5053290932627013,-1.0476533785143747,0.00010046925672082556,10
clean-sealed,109,464.5,465.5,465.5,6,0.6932531450734518,-0.115095681976346,0.00025525286029145063,10
clean-sealed,109,464.5,465.5,465.5,7,1.142030106950255,2.111923189714588,0.002361764438617708,10
clean-sealed,109,464.5,465.5,465.5,8,0.8352856952357353,0.5897292009298016,0.0005163672982186772,10
clean-sealed,109,464.5,465.5,465.5,10,0.4767925783576783,-1.189263493614761,8.720441221360921e-05,10
clean-sealed,109,464.5,465.5,465.5,13,0.5678156946027639,-0.7375687435318219,0.00013698889832632885,10
clean-sealed,109,464.5,465.5,465.5,16,0.787635738144004,0.3532701963615596,0.00040767409538707103,10
clean-sealed,109,464.5,465.5,465.5,19,1.234758845515311,2.572081950692083,0.00373664689205969,10
clean-sealed,109,464.5,465.5,465.5,20,0.6569086545080284,-0.29545223600420284,0.00021313808316535116,10
clean-sealed,109,464.5,465.5,465.5,23,0.6867354725907446,-0.14743909719487097,0.000247131200398632,10
clean-sealed,109,464.5,465.5,465.5,30,0.6496232328999144,-0.33160554329886,0.0002055716210602919,10
clean-sealed,110,465.0,466.0,466.0,3,0.7428006584150051,0.1307797898739415,0.00032637890376925523,10
clean-sealed,110,465.0,466.0,466.0,6,0.8324832333748489,0.5758222137589641,0.0005092395195749326,10
clean-sealed,110,465.0,466.0,466.0,7,0.7992522094304969,0.410915982520648,0.0004318549053502976,10
clean-sealed,110,465.0,466.0,466.0,8,0.7369351924420852,0.10167289597652354,0.0003170189201270424,10
clean-sealed,110,465.0,466.0,466.0,10,0.6804449018127713,-0.17865553882696153,0.00023953763037996275,10
clean-sealed,110,465.0,466.0,466.0,13,0.7621946509296962,0.2270208873380898,0.0003593393166019085,10
clean-sealed,110,465.0,466.0,466.0,16,0.7429388338653722,0.13146547421541266,0.00032660270029970966,10
clean-sealed,110,465.0,466.0,466.0,19,0.8242030570183096,0.5347325175993738,0.0004887491045925956,10
clean-sealed,110,465.0,466.0,466.0,20,0.6195233400266449,-0.4809737933630163,0.00017705399936531182,10
clean-sealed,110,465.0,466.0,466.0,23,0.683692135089875,-0.16254140997629643,0.00024342789090298328,10
clean-sealed,110,465.0,466.0,466.0,30,0.7254687193206923,0.04477146341125579,0.0002994889613171719,10
clean-sealed,111,465.5,466.5,466.5,3,0.6916468470227369,-0.12306680432973548,0.00025322680941682545,10
clean-sealed,111,465.5,466.5,466.5,6,0.7211634350638066,0.023406843338110443,0.0002931602155692215,10
clean-sealed,111,465.5,466.5,466.5,7,0.6648333253249679,-0.2561267069319074,0.00022168494645322174,10
clean-sealed,111,465.5,466.5,466.5,8,0.8867468390658921,0.8451009071539322,0.0006664997839112816,10
clean-sealed,111,465.5,466.5,466.5,10,0.5460408271382494,-0.8456247376925803,0.00012295985563343044,10
clean-sealed,111,465.5,466.5,466.5,13,1.0068768790155622,1.4412363792291298,0.0012091007460090706,10
clean-sealed,111,465.5,466.5,466.5,16,0.7541401540026498,0.18705110684068288,0.00034526471502841166,10
clean-sealed,111,465.5,466.5,466.5,19,0.5540278621049142,-0.8059897316413991,0.00012793060389322845,10
clean-sealed,111,465.5,466.5,466.5,20,0.6881793505963669,-0.14027397099611785,0.00024890784322359347,10
clean-sealed,111,465.5,466.5,466.5,23,0.7213721205146921,0.024442427775033658,0.0002934638758384456,10
clean-sealed,111,465.5,466.5,466.5,30,0.7442154084460624,0.1378003708875338,0.00032867757976148815,10
clean-sealed,112,466.0,467.0,467.0,3,0.5704289866894795,-0.7246004958525798,0.00013877672518657216,10
clean-sealed,112,466.0,467.0,467.0,6,0.5512790736979558,-0.8196303686985705,0.00012619761558198544,10
clean-sealed,112,466.0,467.0,467.0,7,0.9670948811016689,1.2438214768747378,0.0009927053656566545,10
clean-sealed,112,466.0,467.0,467.0,8,1.1558699487849409,2.1806022698932273,0.00252924331721162,10
clean-sealed,112,466.0,467.0,467.0,10,0.5538234033206821,-0.8070043415916592,0.0001278008866354258,10
clean-sealed,112,466.0,467.0,467.0,13,0.6553390473861392,-0.30324128263210703,0.00021148473913797084,10
clean-sealed,112,466.0,467.0,467.0,16,0.3522577449058013,-1.8072573922328286,4.700722106951106e-05,10
clean-sealed,112,466.0,467.0,467.0,19,1.1083185772684514,1.9446324881576855,0.0019986704190099757,10
clean-sealed,112,466.0,467.0,467.0,20,0.7361340005620646,0.09769704697306866,0.00031576140027219816,10
clean-sealed,112,466.0,467.0,467.0,23,0.8168350137704316,0.49816920719271357,0.00047120984073998034,10
clean-sealed,112,466.0,467.0,467.0,30,0.8388335540848807,0.607335159529146,0.000525534120348428,10
clean-sealed,113,466.5,467.5,467.5,3,0.7519942195066038,0.17640208287982542,0.0003416087396432579,10
clean-sealed,113,466.5,467.5,467.5,6,0.5422423259241878,-0.8644744884740798,0.00012066407806308007,10
clean-sealed,113,466.5,467.5,467.5,7,0.8411476102697617,0.6188184735841528,0.0005316005502538204,10
clean-sealed,113,466.5,467.5,467.5,8,1.2824359984286908,2.8086759122950835,0.004729340221035719,10
clean-sealed,113,466.5,467.5,467.5,10,0.3191387431828616,-1.9716077223836856,3.988331331452325e-05,10
clean-sealed,113,466.5,467.5,467.5,13,0.8101772662196511,0.4651306809356275,0.0004559031078340534,10
clean-sealed,113,466.5,467.5,467.5,16,0.6239499574217586,-0.45900706754124854,0.00018098561640035273,10
clean-sealed,113,466.5,467.5,467.5,19,1.0906588368444319,1.8569974744774354,0.0018312794351613428,10
clean-sealed,113,466.5,467.5,467.5,20,1.1234197547655143,2.019570843125973,0.002153867372337084,10
clean-sealed,113,466.5,467.5,467.5,23,0.7750243361496741,0.29068714815338687,0.00038295203755203563,10
clean-sealed,113,466.5,467.5,467.5,30,0.8384129847387105,0.6052481186372545,0.0005244390275090379,10
clean-sealed,114,467.0,468.0,468.0,3,0.8819615296579478,0.8213542016327658,0.0006508692327874088,10
clean-sealed,114,467.0,468.0,468.0,6,0.4956062220687586,-1.095902329497457,9.573725947596815e-05,10
clean-sealed,114,467.0,468.0,468.0,7,1.066665633631052,1.7379331710759145,0.0016260538765739442,10
clean-sealed,114,467.0,468.0,468.0,8,0.9336174860666284,1.077692649302359,0.0008408867913918288,10
clean-sealed,114,467.0,468.0,468.0,10,0.5150393787646919,-0.9994668829955242,0.00010542853322257102,10
clean-sealed,114,467.0,468.0,468.0,13,0.8793223751951087,0.8082576140328356,0.0006424060829981469,10
clean-sealed,114,467.0,468.0,468.0,16,0.5074476576553089,-1.037140176447365,0.0001015309743225823,10
clean-sealed,114,467.0,468.0,468.0,19,0.8308321747176831,0.5676289705666226,0.0005050863409658412,10
clean-sealed,114,467.0,468.0,468.0,20,0.715324387341401,-0.005568952157539377,0.0002847899376386665,10
clean-sealed,114,467.0,468.0,468.0,23,0.6533858503596545,-0.3129338627055608,0.00020944523568943842,10
clean-sealed,114,467.0,468.0,468.0,30,0.54018906637882,-0.8746636205919374,0.00011944100428960034,10
clean-sealed,115,467.5,468.5,468.5,3,0.9598035885885627,1.2076390356954962,0.0009574626807706923,10
clean-sealed,115,467.5,468.5,468.5,6,0.4477077163726183,-1.3335947361330345,7.548510908596717e-05,10
clean-sealed,115,467.5,468.5,468.5,7,0.7885620014672763,0.35786670214575983,0.00040955151575699773,10
clean-sealed,115,467.5,468.5,468.5,8,1.1386108540898832,2.094955427788294,0.002322120920254902,10
clean-sealed,115,467.5,468.5,468.5,10,0.8453790169600189,0.6398164822911795,0.0005428749996041814,10
clean-sealed,115,467.5,468.5,468.5,13,0.5606302045285956,-0.7732261487840855,0.00013219092536040873,10
clean-sealed,115,467.5,468.5,468.5,16,0.7131240742586338,-0.01648782539572553,0.00028169813857291273,10
clean-sealed,115,467.5,468.5,468.5,19,0.8780884180873129,0.8021342030751384,0.0006384868898379937,10
clean-sealed,115,467.5,468.5,468.5,20,0.7857573765251683,0.3439489808617422,0.00040389326045535705,10
clean-sealed,115,467.5,468.5,468.5,23,0.5579860460652262,-0.7863475683262977,0.00013046794774664245,10
clean-sealed,115,467.5,468.5,468.5,30,1.0691344381676395,1.7501844111362406,0.0016460645891574913,10
clean-sealed,116,468.0,469.0,469.0,3,1.0663722512293656,1.7364772849661525,0.001623692090830274,10
clean-sealed,116,468.0,469.0,469.0,6,0.7747801084893902,0.28947518841693615,0.00038248837365071605,10
clean-sealed,116,468.0,469.0,469.0,7,0.6808866825152046,-0.17646323831903601,0.00024006321869554043,10
clean-sealed,116,468.0,469.0,469.0,8,1.2531144321739989,2.66317004424952,0.004091536067644081,10
clean-sealed,116,468.0,469.0,469.0,10,0.7996276295094087,0.41277897387620194,0.00043265984878133266,10
clean-sealed,116,468.0,469.0,469.0,13,0.5240216317333066,-0.954893189221782,0.00011023364970091701,10
clean-sealed,116,468.0,469.0,469.0,16,0.4587547948927123,-1.2787745148845682,7.973840775318216e-05,10
clean-sealed,116,468.0,469.0,469.0,19,0.6851276174883401,-0.15541794628958566,0.0002451677049050518,10
clean-sealed,116,468.0,469.0,469.0,20,0.5807757264036845,-0.6732556484975722,0.0001460872263183759,10
clean-sealed,116,468.0,469.0,469.0,23,0.6805145222136806,-0.17831005329661861,0.00023962038162887554,10
clean-sealed,116,468.0,469.0,469.0,30,0.7648978678680196,0.24043537971921494,0.00036419038013238333,10
clean-sealed,117,468.5,469.5,469.5,3,0.7935073677805624,0.38240767693433686,0.00041972238166556756,10
clean-sealed,117,468.5,469.5,469.5,6,0.48467274101542984,-1.1501588326325771,9.06817488814694e-05,10
clean-sealed,117,468.5,469.5,469.5,7,0.6735319821662358,-0.21296033568403336,0.00023146155860836104,10
clean-sealed,117,468.5,469.5,469.5,8,1.0878731938514834,1.843173949559521,0.001806184272756744,10
clean-sealed,117,468.5,469.5,469.5,10,0.5039092172158699,-1.0546993969608907,9.976390698016536e-05,10
clean-sealed,117,468.5,469.5,469.5,13,0.6369639860129566,-0.39442601786321413,0.00019305720356914405,10
clean-sealed,117,468.5,469.5,469.5,16,0.8335633222370529,0.5811820661657636,0.0005119748948858531,10
clean-sealed,117,468.5,469.5,469.5,19,0.6344949624073527,-0.4066783450355694,0.0001907066837195756,10
clean-sealed,117,468.5,469.5,469.5,20,0.3696221225444093,-1.7210880921541765,5.123722402137321e-05,10
clean-sealed,117,468.5,469.5,469.5,23,0.6019749975929443,-0.5680560036514187,0.00016229039999577358,10
clean-sealed,117,468.5,469.5,469.5,30,0.7749953378589484,0.29054324651364355,0.0003828969551896709,10
clean-sealed,118,469.0,470.0,470.0,3,0.7117391031076559,-0.023360631158918933,0.0002797692596295433,10
clean-sealed,118,469.0,470.0,470.0,6,0.6298533802396395,-0.4297118159133346,0.00018636505880255264,10
clean-sealed,118,469.0,470.0,470.0,7,0.8339646261137588,0.5831735037452891,0.0005129949532532356,10
clean-sealed,118,469.0,470.0,470.0,8,1.351694875505153,3.152367410264058,0.006656137577973514,10
clean-sealed,118,469.0,470.0,470.0,10,0.8271199625975355,0.5492074223375983,0.0004958716177199014,10
clean-sealed,118,469.0,470.0,470.0,13,0.5814836385085678,-0.6697426927288972,0.00014660125139238578,10
clean-sealed,118,469.0,470.0,470.0,16,0.6450585258891703,-0.35425752751425654,0.0002009682859460287,10
clean-sealed,118,469.0,470.0,470.0,19,0.6250157266496208,-0.4537182751455995,0.00018194517280565803,10
clean-sealed,118,469.0,470.0,470.0,20,0.42678477573971285,-1.4374231132535624,6.804127275966523e-05,10
clean-sealed,118,469.0,470.0,470.0,23,0.5828542037645742,-0.662941375038155,0.00014760158383940878,10
clean-sealed,118,469.0,470.0,470.0,30,0.7436389522516291,0.13493975429452248,0.0003277390104535244,10
