scenario,event_index,window_start_s,window_end_s,availability_s,prn_i,prn_j,e
clean-calibration,0,340.0,341.0,341.0,3,6,0.8369701254384841
clean-calibration,0,340.0,341.0,341.0,3,7,0.5536294840142606
clean-calibration,0,340.0,341.0,341.0,3,8,202007.19601047138
clean-calibration,0,340.0,341.0,341.0,3,10,0.5864808047379994
clean-calibration,0,340.0,341.0,341.0,3,13,0.4094863747854946
clean-calibration,0,340.0,341.0,341.0,3,16,0.5928537043903177
clean-calibration,0,340.0,341.0,341.0,3,19,0.8390139229416738
clean-calibration,0,340.0,341.0,341.0,3,20,0.7745881719059389
clean-calibration,0,340.0,341.0,341.0,3,23,0.827011825885565
clean-calibration,0,340.0,341.0,341.0,3,30,0.24057666548907877
clean-calibration,0,340.0,341.0,341.0,6,7,1.0780894880639977
clean-calibration,0,340.0,341.0,341.0,6,8,201943.24678772085
clean-calibration,0,340.0,341.0,341.0,6,10,0.4946497536612243
clean-calibration,0,340.0,341.0,341.0,6,13,0.8241510101628282
clean-calibration,0,340.0,341.0,341.0,6,16,1.0105554833635793
clean-calibration,0,340.0,341.0,341.0,6,19,2.3894016866736747
clean-calibration,0,340.0,341.0,341.0,6,20,1.1875665780812017
clean-calibration,0,340.0,341.0,341.0,6,23,1.43512058920049
clean-calibration,0,340.0,341.0,341.0,6,30,2.0242712879975597
clean-calibration,0,340.0,341.0,341.0,7,8,201403.22485718894
clean-calibration,0,340.0,341.0,341.0,7,10,1.6473158434441248
clean-calibration,0,340.0,341.0,341.0,7,13,0.7128302728516588
clean-calibration,0,340.0,341.0,341.0,7,16,0.6695688876082719
clean-calibration,0,340.0,341.0,341.0,7,19,1.0699897620550594
clean-calibration,0,340.0,341.0,341.0,7,20,0.3238859331078446
clean-calibration,0,340.0,341.0,341.0,7,23,1.2136226129473273
clean-calibration,0,340.0,341.0,341.0,7,30,0.4974402437447335
clean-calibration,0,340.0,341.0,341.0,8,10,201881.737758152
clean-calibration,0,340.0,341.0,341.0,8,13,201814.24195428105
clean-calibration,0,340.0,341.0,341.0,8,16,201528.4576733175
clean-calibration,0,340.0,341.0,341.0,8,19,201757.5017034833
clean-calibration,0,340.0,341.0,341.0,8,20,201343.01580296078
clean-calibration,0,340.0,341.0,341.0,8,23,201920.77702111873
clean-calibration,0,340.0,341.0,341.0,8,30,201396.61001015978
clean-calibration,0,340.0,341.0,341.0,10,13,0.3508565095000463
clean-calibration,0,340.0,341.0,341.0,10,16,0.6137403657369956
clean-calibration,0,340.0,341.0,341.0,10,19,0.6778935743038204
clean-calibration,0,340.0,341.0,341.0,10,20,0.8165781810419853
clean-calibration,0,340.0,341.0,341.0,10,23,1.0390573919577535
clean-calibration,0,340.0,341.0,341.0,10,30,0.5412190843709215
clean-calibration,0,340.0,341.0,341.0,13,16,0.5038182938604894
clean-calibration,0,340.0,341.0,341.0,13,19,1.6073817515776394
clean-calibration,0,340.0,341.0,341.0,13,20,1.219060981056924
clean-calibration,0,340.0,341.0,341.0,13,23,0.34463535442898624
clean-calibration,0,340.0,341.0,341.0,13,30,0.41439735995721205
clean-calibration,0,340.0,341.0,341.0,16,19,0.5782648051106596
clean-calibration,0,340.0,341.0,341.0,16,20,0.49568260421924215
clean-calibration,0,340.0,341.0,341.0,16,23,0.5608782857726933
clean-calibration,0,340.0,341.0,341.0,16,30,0.9281593778482364
clean-calibration,0,340.0,341.0,341.0,19,20,0.9594590037900141
clean-calibration,0,340.0,341.0,341.0,19,23,0.3822046098077731
clean-calibration,0,340.0,341.0,341.0,19,30,0.684296243051027
clean-calibration,0,340.0,341.0,341.0,20,23,0.7491938678714642
clean-calibration,0,340.0,341.0,341.0,20,30,0.9885486751149826
clean-calibration,0,340.0,341.0,341.0,23,30,0.5924711413419588
clean-calibration,1,340.5,341.5,341.5,3,6,1.0300882784999876
clean-calibration,1,340.5,341.5,341.5,3,7,0.5646096236288872
clean-calibration,1,340.5,341.5,341.5,3,8,201959.6457366259
clean-calibration,1,340.5,341.5,341.5,3,10,0.41475458303252477
clean-calibration,1,340.5,341.5,341.5,3,13,0.2808611344575333
clean-calibration,1,340.5,341.5,341.5,3,16,0.6785635968439561
clean-calibration,1,340.5,341.5,341.5,3,19,0.8742574605178154
clean-calibration,1,340.5,341.5,341.5,3,20,0.5325443314325409
clean-calibration,1,340.5,341.5,341.5,3,23,0.6097719315765509
clean-calibration,1,340.5,341.5,341.5,3,30,0.22892383394574015
clean-calibration,1,340.5,341.5,341.5,6,7,1.1627632152920968
clean-calibration,1,340.5,341.5,341.5,6,8,201908.93159414723
clean-calibration,1,340.5,341.5,341.5,6,10,0.6175897978352826
clean-calibration,1,340.5,341.5,341.5,6,13,0.5217947147775849
clean-calibration,1,340.5,341.5,341.5,6,16,0.7866061784485359
clean-calibration,1,340.5,341.5,341.5,6,19,0.621926540483867
clean-calibration,1,340.5,341.5,341.5,6,20,0.2619310380627129
clean-calibration,1,340.5,341.5,341.5,6,23,0.3749711297600055
clean-calibration,1,340.5,341.5,341.5,6,30,0.6003465031438406
clean-calibration,1,340.5,341.5,341.5,7,8,201368.6837207193
clean-calibration,1,340.5,341.5,341.5,7,10,0.7052211471182732
clean-calibration,1,340.5,341.5,341.5,7,13,1.3225494489285206
clean-calibration,1,340.5,341.5,341.5,7,16,0.4412833880791539
clean-calibration,1,340.5,341.5,341.5,7,19,0.8981100337708774
clean-calibration,1,340.5,341.5,341.5,7,20,0.3512892300063567
clean-calibration,1,340.5,341.5,341.5,7,23,0.5179345479125694
clean-calibration,1,340.5,341.5,341.5,7,30,0.503454820249436
clean-calibration,1,340.5,341.5,341.5,8,10,201838.49845288042
clean-calibration,1,340.5,341.5,341.5,8,13,201792.94934129837
clean-calibration,1,340.5,341.5,341.5,8,16,201510.8722875786
clean-calibration,1,340.5,341.5,341.5,8,19,201706.7677244464
clean-calibration,1,340.5,341.5,341.5,8,20,201343.8814855517
clean-calibration,1,340.5,341.5,341.5,8,23,201890.27794637036
clean-calibration,1,340.5,341.5,341.5,8,30,201347.2433785635
clean-calibration,1,340.5,341.5,341.5,10,13,2.2954246560150735
clean-calibration,1,340.5,341.5,341.5,10,16,0.8394132462584857
clean-calibration,1,340.5,341.5,341.5,10,19,0.821336230859508
clean-calibration,1,340.5,341.5,341.5,10,20,0.49680869492899815
clean-calibration,1,340.5,341.5,341.5,10,23,1.2513587485481978
clean-calibration,1,340.5,341.5,341.5,10,30,0.15471628498983953
clean-calibration,1,340.5,341.5,341.5,13,16,0.5400985856037798
clean-calibration,1,340.5,341.5,341.5,13,19,1.197167879503043
clean-calibration,1,340.5,341.5,341.5,13,20,0.8937793339742759
clean-calibration,1,340.5,341.5,341.5,13,23,1.3419718281786885
clean-calibration,1,340.5,341.5,341.5,13,30,0.2773658725773035
clean-calibration,1,340.5,341.5,341.5,16,19,1.0297060695383864
clean-calibration,1,340.5,341.5,341.5,16,20,0.9711298842606109
clean-calibration,1,340.5,341.5,341.5,16,23,0.6236668554147948
clean-calibration,1,340.5,341.5,341.5,16,30,0.5371367045451211
clean-calibration,1,340.5,341.5,341.5,19,20,0.4370781600076453
clean-calibration,1,340.5,341.5,341.5,19,23,0.3165493167133933
clean-calibration,1,340.5,341.5,341.5,19,30,0.6604719221480759
clean-calibration,1,340.5,341.5,341.5,20,23,0.39711591766700705
clean-calibration,1,340.5,341.5,341.5,20,30,0.9162026570889262
clean-calibration,1,340.5,341.5,341.5,23,30,0.3486796090180869
clean-calibration,2,341.0,342.0,342.0,3,6,0.6329474989145689
clean-calibration,2,341.0,342.0,342.0,3,7,1.1240507465950749
clean-calibration,2,341.0,342.0,342.0,3,8,201886.68430625595
clean-calibration,2,341.0,342.0,342.0,3,10,1.3859872709789642
clean-calibration,2,341.0,342.0,342.0,3,13,0.5791972597328886
clean-calibration,2,341.0,342.0,342.0,3,16,1.0328419831409008
clean-calibration,2,341.0,342.0,342.0,3,19,1.1746025121928254
clean-calibration,2,341.0,342.0,342.0,3,20,0.5342866081126385
clean-calibration,2,341.0,342.0,342.0,3,23,0.7831621946868269
clean-calibration,2,341.0,342.0,342.0,3,30,0.33064524972548126
clean-calibration,2,341.0,342.0,342.0,6,7,1.0115617253436167
clean-calibration,2,341.0,342.0,342.0,6,8,201822.71862043248
clean-calibration,2,341.0,342.0,342.0,6,10,0.5849786020072718
clean-calibration,2,341.0,342.0,342.0,6,13,0.47235151824261645
clean-calibration,2,341.0,342.0,342.0,6,16,0.7603069129284484
clean-calibration,2,341.0,342.0,342.0,6,19,0.7476284351537266
clean-calibration,2,341.0,342.0,342.0,6,20,1.0354715788733007
clean-calibration,2,341.0,342.0,342.0,6,23,0.9887031848134221
clean-calibration,2,341.0,342.0,342.0,6,30,0.5229417637522477
clean-calibration,2,341.0,342.0,342.0,7,8,201250.52950450405
clean-calibration,2,341.0,342.0,342.0,7,10,1.0416482415503787
clean-calibration,2,341.0,342.0,342.0,7,13,0.721921905495599
clean-calibration,2,341.0,342.0,342.0,7,16,0.6738727204609355
clean-calibration,2,341.0,342.0,342.0,7,19,0.8939625755280123
clean-calibration,2,341.0,342.0,342.0,7,20,0.8003806494992756
clean-calibration,2,341.0,342.0,342.0,7,23,0.7212632862393751
clean-calibration,2,341.0,342.0,342.0,7,30,0.6246534377820411
clean-calibration,2,341.0,342.0,342.0,8,10,201766.41803006866
clean-calibration,2,341.0,342.0,342.0,8,13,201695.6598495033
clean-calibration,2,341.0,342.0,342.0,8,16,201410.02609583293
clean-calibration,2,341.0,342.0,342.0,8,19,201638.6383918464
clean-calibration,2,341.0,342.0,342.0,8,20,201329.59331387252
clean-calibration,2,341.0,342.0,342.0,8,23,201837.31753161128
clean-calibration,2,341.0,342.0,342.0,8,30,201307.5936891517
clean-calibration,2,341.0,342.0,342.0,10,13,2.046821076778966
clean-calibration,2,341.0,342.0,342.0,10,16,0.6472346191267977
clean-calibration,2,341.0,342.0,342.0,10,19,0.7514565974419612
clean-calibration,2,341.0,342.0,342.0,10,20,1.07527853900685
clean-calibration,2,341.0,342.0,342.0,10,23,0.46473976644510984
clean-calibration,2,341.0,342.0,342.0,10,30,0.9211828566721673
clean-calibration,2,341.0,342.0,342.0,13,16,0.839188825966187
clean-calibration,2,341.0,342.0,342.0,13,19,1.1853090867203886
clean-calibration,2,341.0,342.0,342.0,13,20,0.9549724092528669
clean-calibration,2,341.0,342.0,342.0,13,23,0.5575810742028526
clean-calibration,2,341.0,342.0,342.0,13,30,0.9532032357998812
clean-calibration,2,341.0,342.0,342.0,16,19,0.9349643255517979
clean-calibration,2,341.0,342.0,342.0,16,20,0.8975008649440388
clean-calibration,2,341.0,342.0,342.0,16,23,0.750498476107065
clean-calibration,2,341.0,342.0,342.0,16,30,1.1325158881262911
clean-calibration,2,341.0,342.0,342.0,19,20,0.2812174070305774
clean-calibration,2,341.0,342.0,342.0,19,23,0.3410258785595572
clean-calibration,2,341.0,342.0,342.0,19,30,0.5784868611314924
clean-calibration,2,341.0,342.0,342.0,20,23,0.6367167166635309
clean-calibration,2,341.0,342.0,342.0,20,30,1.4918405187886188
clean-calibration,2,341.0,342.0,342.0,23,30,0.43619406206852007
clean-calibration,3,341.5,342.5,342.5,3,6,0.5899111782566633
clean-calibration,3,341.5,342.5,342.5,3,7,0.9823853213046393
clean-calibration,3,341.5,342.5,342.5,3,8,201964.14325521345
clean-calibration,3,341.5,342.5,342.5,3,10,1.1866428195382621
clean-calibration,3,341.5,342.5,342.5,3,13,0.5642832000981473
clean-calibration,3,341.5,342.5,342.5,3,16,0.8597089333013944
clean-calibration,3,341.5,342.5,342.5,3,19,0.7673494924308694
clean-calibration,3,341.5,342.5,342.5,3,20,1.3954162234380187
clean-calibration,3,341.5,342.5,342.5,3,23,0.5213160034860792
clean-calibration,3,341.5,342.5,342.5,3,30,0.6624838564862281
clean-calibration,3,341.5,342.5,342.5,6,7,0.5815299118708455
clean-calibration,3,341.5,342.5,342.5,6,8,201899.57282197636
clean-calibration,3,341.5,342.5,342.5,6,10,0.5208298676115314
clean-calibration,3,341.5,342.5,342.5,6,13,0.8629239196607775
clean-calibration,3,341.5,342.5,342.5,6,16,2.092039210238472
clean-calibration,3,341.5,342.5,342.5,6,19,1.3139171741532634
clean-calibration,3,341.5,342.5,342.5,6,20,0.39065206223763727
clean-calibration,3,341.5,342.5,342.5,6,23,0.6740547041944208
clean-calibration,3,341.5,342.5,342.5,6,30,1.0189146561981581
clean-calibration,3,341.5,342.5,342.5,7,8,201325.2379214597
clean-calibration,3,341.5,342.5,342.5,7,10,0.6862160119492289
clean-calibration,3,341.5,342.5,342.5,7,13,0.7655421133048631
clean-calibration,3,341.5,342.5,342.5,7,16,0.8827283995409555
clean-calibration,3,341.5,342.5,342.5,7,19,1.414244075218824
clean-calibration,3,341.5,342.5,342.5,7,20,0.7498380686551911
clean-calibration,3,341.5,342.5,342.5,7,23,1.413075733446232
clean-calibration,3,341.5,342.5,342.5,7,30,0.8753305853089977
clean-calibration,3,341.5,342.5,342.5,8,10,201801.90902658796
clean-calibration,3,341.5,342.5,342.5,8,13,201743.40616156388
clean-calibration,3,341.5,342.5,342.5,8,16,201489.1875739268
clean-calibration,3,341.5,342.5,342.5,8,19,201694.3544392373
clean-calibration,3,341.5,342.5,342.5,8,20,201355.0092958575
clean-calibration,3,341.5,342.5,342.5,8,23,201898.66809124895
clean-calibration,3,341.5,342.5,342.5,8,30,201391.18559707797
clean-calibration,3,341.5,342.5,342.5,10,13,1.5105280419868214
clean-calibration,3,341.5,342.5,342.5,10,16,0.5785086221431042
clean-calibration,3,341.5,342.5,342.5,10,19,0.9644786375274836
clean-calibration,3,341.5,342.5,342.5,10,20,0.508063176386867
clean-calibration,3,341.5,342.5,342.5,10,23,0.8247576624918673
clean-calibration,3,341.5,342.5,342.5,10,30,0.7591026838316848
clean-calibration,3,341.5,342.5,342.5,13,16,0.8633396242990699
clean-calibration,3,341.5,342.5,342.5,13,19,1.5257090267065105
clean-calibration,3,341.5,342.5,342.5,13,20,0.48197160667157685
clean-calibration,3,341.5,342.5,342.5,13,23,0.6268049633717696
clean-calibration,3,341.5,342.5,342.5,13,30,1.138518703563895
clean-calibration,3,341.5,342.5,342.5,16,19,0.9976087242624256
clean-calibration,3,341.5,342.5,342.5,16,20,0.5894964360488198
clean-calibration,3,341.5,342.5,342.5,16,23,1.028400775985233
clean-calibration,3,341.5,342.5,342.5,16,30,1.5892192344190765
clean-calibration,3,341.5,342.5,342.5,19,20,0.5536086292800297
clean-calibration,3,341.5,342.5,342.5,19,23,0.9186533665221545
clean-calibration,3,341.5,342.5,342.5,19,30,0.9184742708803502
clean-calibration,3,341.5,342.5,342.5,20,23,0.7518691605739133
clean-calibration,3,341.5,342.5,342.5,20,30,0.9490605146307514
clean-calibration,3,341.5,342.5,342.5,23,30,0.3859630600456711
clean-calibration,4,342.0,343.0,343.0,3,6,0.4169442783636915
clean-calibration,4,342.0,343.0,343.0,3,7,1.0788459266906467
clean-calibration,4,342.0,343.0,343.0,3,8,202215.651369858
clean-calibration,4,342.0,343.0,343.0,3,10,0.9205154839098697
clean-calibration,4,342.0,343.0,343.0,3,13,1.1403868230197962
clean-calibration,4,342.0,343.0,343.0,3,16,0.9933139231848431
clean-calibration,4,342.0,343.0,343.0,3,19,0.5823241916070698
clean-calibration,4,342.0,343.0,343.0,3,20,0.43043252328176307
clean-calibration,4,342.0,343.0,343.0,3,23,0.550843879829808
clean-calibration,4,342.0,343.0,343.0,3,30,1.3453344167135284
clean-calibration,4,342.0,343.0,343.0,6,7,0.5285492989058802
clean-calibration,4,342.0,343.0,343.0,6,8,202118.18164892824
clean-calibration,4,342.0,343.0,343.0,6,10,1.17156106760482
clean-calibration,4,342.0,343.0,343.0,6,13,0.3621560167938322
clean-calibration,4,342.0,343.0,343.0,6,16,4.53225595417247
clean-calibration,4,342.0,343.0,343.0,6,19,0.837444668244794
clean-calibration,4,342.0,343.0,343.0,6,20,0.3650386589738341
clean-calibration,4,342.0,343.0,343.0,6,23,0.5046923670104585
clean-calibration,4,342.0,343.0,343.0,6,30,0.5443818143183287
clean-calibration,4,342.0,343.0,343.0,7,8,201585.15969707735
clean-calibration,4,342.0,343.0,343.0,7,10,0.6240691337423635
clean-calibration,4,342.0,343.0,343.0,7,13,0.6189756401957608
clean-calibration,4,342.0,343.0,343.0,7,16,0.5587504680318272
clean-calibration,4,342.0,343.0,343.0,7,19,0.9885620668491744
clean-calibration,4,342.0,343.0,343.0,7,20,2.1914873371157504
clean-calibration,4,342.0,343.0,343.0,7,23,1.276390600145279
clean-calibration,4,342.0,343.0,343.0,7,30,0.8031559119607141
clean-calibration,4,342.0,343.0,343.0,8,10,202078.13824286367
clean-calibration,4,342.0,343.0,343.0,8,13,202034.08257340436
clean-calibration,4,342.0,343.0,343.0,8,16,201718.63288286052
clean-calibration,4,342.0,343.0,343.0,8,19,201947.60881737646
clean-calibration,4,342.0,343.0,343.0,8,20,201576.67969682376
clean-calibration,4,342.0,343.0,343.0,8,23,202154.65209709108
clean-calibration,4,342.0,343.0,343.0,8,30,201607.26081257898
clean-calibration,4,342.0,343.0,343.0,10,13,0.6938040171348153
clean-calibration,4,342.0,343.0,343.0,10,16,0.5200085634343328
clean-calibration,4,342.0,343.0,343.0,10,19,0.6863953758953695
clean-calibration,4,342.0,343.0,343.0,10,20,0.48077485535901543
clean-calibration,4,342.0,343.0,343.0,10,23,0.666775645756334
clean-calibration,4,342.0,343.0,343.0,10,30,0.32678357937481384
clean-calibration,4,342.0,343.0,343.0,13,16,0.8230927212687462
clean-calibration,4,342.0,343.0,343.0,13,19,1.9674131464675302
clean-calibration,4,342.0,343.0,343.0,13,20,0.4975630570537824
clean-calibration,4,342.0,343.0,343.0,13,23,0.6349558642193103
clean-calibration,4,342.0,343.0,343.0,13,30,0.7900319164513852
clean-calibration,4,342.0,343.0,343.0,16,19,1.1545368001751048
clean-calibration,4,342.0,343.0,343.0,16,20,0.5018096293954851
clean-calibration,4,342.0,343.0,343.0,16,23,0.6822904919407442
clean-calibration,4,342.0,343.0,343.0,16,30,0.6345363348175262
clean-calibration,4,342.0,343.0,343.0,19,20,0.46043824459789795
clean-calibration,4,342.0,343.0,343.0,19,23,1.289455603458024
clean-calibration,4,342.0,343.0,343.0,19,30,1.0529770334899846
clean-calibration,4,342.0,343.0,343.0,20,23,1.2922025724811141
clean-calibration,4,342.0,343.0,343.0,20,30,1.1760382742548168
clean-calibration,4,342.0,343.0,343.0,23,30,1.5270843803535885
clean-calibration,5,342.5,343.5,343.5,3,6,0.39201464402346187
clean-calibration,5,342.5,343.5,343.5,3,7,2.531748241421313
clean-calibration,5,342.5,343.5,343.5,3,8,202701.37365775672
clean-calibration,5,342.5,343.5,343.5,3,10,0.9859988244780176
clean-calibration,5,342.5,343.5,343.5,3,13,0.9505373795145207
clean-calibration,5,342.5,343.5,343.5,3,16,0.9121704293923655
clean-calibration,5,342.5,343.5,343.5,3,19,1.4916527848275565
clean-calibration,5,342.5,343.5,343.5,3,20,0.3418778255154569
clean-calibration,5,342.5,343.5,343.5,3,23,0.7625370638754843
clean-calibration,5,342.5,343.5,343.5,3,30,0.8815997938788811
clean-calibration,5,342.5,343.5,343.5,6,7,0.4932688816724749
clean-calibration,5,342.5,343.5,343.5,6,8,202653.926112279
clean-calibration,5,342.5,343.5,343.5,6,10,0.5245759524619297
clean-calibration,5,342.5,343.5,343.5,6,13,0.4500256391627633
clean-calibration,5,342.5,343.5,343.5,6,16,0.8047877763572833
clean-calibration,5,342.5,343.5,343.5,6,19,0.5604603108817467
clean-calibration,5,342.5,343.5,343.5,6,20,0.43484469702190093
clean-calibration,5,342.5,343.5,343.5,6,23,0.7224788895649348
clean-calibration,5,342.5,343.5,343.5,6,30,1.463443317615549
clean-calibration,5,342.5,343.5,343.5,7,8,202096.07809019738
clean-calibration,5,342.5,343.5,343.5,7,10,0.564882317809478
clean-calibration,5,342.5,343.5,343.5,7,13,1.7428076808206119
clean-calibration,5,342.5,343.5,343.5,7,16,1.301187499850074
clean-calibration,5,342.5,343.5,343.5,7,19,1.0126620220892364
clean-calibration,5,342.5,343.5,343.5,7,20,0.5474425231128816
clean-calibration,5,342.5,343.5,343.5,7,23,1.2451893533907537
clean-calibration,5,342.5,343.5,343.5,7,30,0.6558014696324803
clean-calibration,5,342.5,343.5,343.5,8,10,202600.49642500095
clean-calibration,5,342.5,343.5,343.5,8,13,202519.7071216273
clean-calibration,5,342.5,343.5,343.5,8,16,202251.1887673848
clean-calibration,5,342.5,343.5,343.5,8,19,202448.38726016085
clean-calibration,5,342.5,343.5,343.5,8,20,202069.57899819984
clean-calibration,5,342.5,343.5,343.5,8,23,202648.67452901663
clean-calibration,5,342.5,343.5,343.5,8,30,202101.37443319467
clean-calibration,5,342.5,343.5,343.5,10,13,0.6251391666415671
clean-calibration,5,342.5,343.5,343.5,10,16,0.8620354954747343
clean-calibration,5,342.5,343.5,343.5,10,19,0.45822601011021336
clean-calibration,5,342.5,343.5,343.5,10,20,0.20446818725906626
clean-calibration,5,342.5,343.5,343.5,10,23,0.9997406561925205
clean-calibration,5,342.5,343.5,343.5,10,30,1.6505321340202457
clean-calibration,5,342.5,343.5,343.5,13,16,0.43649992757366307
clean-calibration,5,342.5,343.5,343.5,13,19,1.3121282939751597
clean-calibration,5,342.5,343.5,343.5,13,20,0.4792275072383883
clean-calibration,5,342.5,343.5,343.5,13,23,0.8040940486271744
clean-calibration,5,342.5,343.5,343.5,13,30,1.3724528457348228
clean-calibration,5,342.5,343.5,343.5,16,19,0.5998695033203966
clean-calibration,5,342.5,343.5,343.5,16,20,2.091463776356981
clean-calibration,5,342.5,343.5,343.5,16,23,0.32395921836651975
clean-calibration,5,342.5,343.5,343.5,16,30,0.8771778390500178
clean-calibration,5,342.5,343.5,343.5,19,20,0.4484903013049425
clean-calibration,5,342.5,343.5,343.5,19,23,0.27456236152186836
clean-calibration,5,342.5,343.5,343.5,19,30,1.7932974321935373
clean-calibration,5,342.5,343.5,343.5,20,23,0.5447276448047229
clean-calibration,5,342.5,343.5,343.5,20,30,1.006919996023927
clean-calibration,5,342.5,343.5,343.5,23,30,1.292840230248628
clean-calibration,6,343.0,344.0,344.0,3,6,0.9107920585139114
clean-calibration,6,343.0,344.0,344.0,3,7,1.1156027263379888
clean-calibration,6,343.0,344.0,344.0,3,8,203405.186430768
clean-calibration,6,343.0,344.0,344.0,3,10,0.8243799688138262
clean-calibration,6,343.0,344.0,344.0,3,13,0.9463917459487952
clean-calibration,6,343.0,344.0,344.0,3,16,1.832130206734502
clean-calibration,6,343.0,344.0,344.0,3,19,0.38512748137705605
clean-calibration,6,343.0,344.0,344.0,3,20,2.220672014023571
clean-calibration,6,343.0,344.0,344.0,3,23,1.0864275828001937
clean-calibration,6,343.0,344.0,344.0,3,30,1.0154281826944236
clean-calibration,6,343.0,344.0,344.0,6,7,0.8972432559469006
clean-calibration,6,343.0,344.0,344.0,6,8,203364.69303147934
clean-calibration,6,343.0,344.0,344.0,6,10,0.5462170573728302
clean-calibration,6,343.0,344.0,344.0,6,13,1.2588117663712235
clean-calibration,6,343.0,344.0,344.0,6,16,0.81283265701885
clean-calibration,6,343.0,344.0,344.0,6,19,1.0326873403042547
clean-calibration,6,343.0,344.0,344.0,6,20,0.5171784062379708
clean-calibration,6,343.0,344.0,344.0,6,23,2.144448388721382
clean-calibration,6,343.0,344.0,344.0,6,30,1.2334236629760515
clean-calibration,6,343.0,344.0,344.0,7,8,202810.72670611102
clean-calibration,6,343.0,344.0,344.0,7,10,1.1003428400209634
clean-calibration,6,343.0,344.0,344.0,7,13,1.4179868207812865
clean-calibration,6,343.0,344.0,344.0,7,16,1.2727559573878484
clean-calibration,6,343.0,344.0,344.0,7,19,0.27811311112452597
clean-calibration,6,343.0,344.0,344.0,7,20,0.9727588011281885
clean-calibration,6,343.0,344.0,344.0,7,23,1.5406893857750883
clean-calibration,6,343.0,344.0,344.0,7,30,0.3185641519048808
clean-calibration,6,343.0,344.0,344.0,8,10,203266.36830042908
clean-calibration,6,343.0,344.0,344.0,8,13,203226.0019488527
clean-calibration,6,343.0,344.0,344.0,8,16,202898.71415884857
clean-calibration,6,343.0,344.0,344.0,8,19,203151.2214391245
clean-calibration,6,343.0,344.0,344.0,8,20,202712.3505981198
clean-calibration,6,343.0,344.0,344.0,8,23,203332.99369641428
clean-calibration,6,343.0,344.0,344.0,8,30,202754.10332927093
clean-calibration,6,343.0,344.0,344.0,10,13,1.652894768707536
clean-calibration,6,343.0,344.0,344.0,10,16,0.20989132737211555
clean-calibration,6,343.0,344.0,344.0,10,19,0.21005476979475812
clean-calibration,6,343.0,344.0,344.0,10,20,0.323403097443119
clean-calibration,6,343.0,344.0,344.0,10,23,0.7956121377820161
clean-calibration,6,343.0,344.0,344.0,10,30,0.31072405087922156
clean-calibration,6,343.0,344.0,344.0,13,16,0.578255898374249
clean-calibration,6,343.0,344.0,344.0,13,19,0.8605363608153638
clean-calibration,6,343.0,344.0,344.0,13,20,0.564199379753865
clean-calibration,6,343.0,344.0,344.0,13,23,0.769328807670244
clean-calibration,6,343.0,344.0,344.0,13,30,0.8166708289418775
clean-calibration,6,343.0,344.0,344.0,16,19,0.43520800355381234
clean-calibration,6,343.0,344.0,344.0,16,20,0.8277629574140107
clean-calibration,6,343.0,344.0,344.0,16,23,0.6028380641960102
clean-calibration,6,343.0,344.0,344.0,16,30,1.213638485269128
clean-calibration,6,343.0,344.0,344.0,19,20,0.34278646308458904
clean-calibration,6,343.0,344.0,344.0,19,23,0.07681944900261282
clean-calibration,6,343.0,344.0,344.0,19,30,0.8946522837588768
clean-calibration,6,343.0,344.0,344.0,20,23,0.65568127247796
clean-calibration,6,343.0,344.0,344.0,20,30,1.5441351091500841
clean-calibration,6,343.0,344.0,344.0,23,30,0.8112198769718143
clean-calibration,7,343.5,344.5,344.5,3,6,0.9238443641910301
clean-calibration,7,343.5,344.5,344.5,3,7,0.992941911135366
clean-calibration,7,343.5,344.5,344.5,3,8,204135.280594897
clean-calibration,7,343.5,344.5,344.5,3,10,0.3885400050330697
clean-calibration,7,343.5,344.5,344.5,3,13,0.4086716219541218
clean-calibration,7,343.5,344.5,344.5,3,16,0.6985849044299155
clean-calibration,7,343.5,344.5,344.5,3,19,0.7218479766644368
clean-calibration,7,343.5,344.5,344.5,3,20,1.6174747687334143
clean-calibration,7,343.5,344.5,344.5,3,23,1.2107116343759357
clean-calibration,7,343.5,344.5,344.5,3,30,0.22771669280690382
clean-calibration,7,343.5,344.5,344.5,6,7,1.0546638197077705
clean-calibration,7,343.5,344.5,344.5,6,8,204006.44427143864
clean-calibration,7,343.5,344.5,344.5,6,10,0.5721946255042887
clean-calibration,7,343.5,344.5,344.5,6,13,0.45759487221655054
clean-calibration,7,343.5,344.5,344.5,6,16,0.8636158531609975
clean-calibration,7,343.5,344.5,344.5,6,19,0.2203786754458151
clean-calibration,7,343.5,344.5,344.5,6,20,0.7796451825671744
clean-calibration,7,343.5,344.5,344.5,6,23,1.1079254767475528
clean-calibration,7,343.5,344.5,344.5,6,30,0.6694179789738458
clean-calibration,7,343.5,344.5,344.5,7,8,203496.15328170994
clean-calibration,7,343.5,344.5,344.5,7,10,0.28143208149974697
clean-calibration,7,343.5,344.5,344.5,7,13,0.4075013622639001
clean-calibration,7,343.5,344.5,344.5,7,16,0.4707845500896344
clean-calibration,7,343.5,344.5,344.5,7,19,1.348057989086135
clean-calibration,7,343.5,344.5,344.5,7,20,1.2453088886517478
clean-calibration,7,343.5,344.5,344.5,7,23,0.5533788925345496
clean-calibration,7,343.5,344.5,344.5,7,30,0.25563784706796844
clean-calibration,7,343.5,344.5,344.5,8,10,203992.21436722315
clean-calibration,7,343.5,344.5,344.5,8,13,203901.4764427388
clean-calibration,7,343.5,344.5,344.5,8,16,203614.74340742454
clean-calibration,7,343.5,344.5,344.5,8,19,203874.8296578391
clean-calibration,7,343.5,344.5,344.5,8,20,203503.2795050707
clean-calibration,7,343.5,344.5,344.5,8,23,204055.88701210928
clean-calibration,7,343.5,344.5,344.5,8,30,203436.1739077196
clean-calibration,7,343.5,344.5,344.5,10,13,0.46625473969056835
clean-calibration,7,343.5,344.5,344.5,10,16,1.3955112240362875
clean-calibration,7,343.5,344.5,344.5,10,19,0.20102944332767453
clean-calibration,7,343.5,344.5,344.5,10,20,0.30936700216672364
clean-calibration,7,343.5,344.5,344.5,10,23,0.647584006178824
clean-calibration,7,343.5,344.5,344.5,10,30,0.13680587966262137
clean-calibration,7,343.5,344.5,344.5,13,16,0.9150637336573336
clean-calibration,7,343.5,344.5,344.5,13,19,0.6908264831033221
clean-calibration,7,343.5,344.5,344.5,13,20,0.7712505804453905
clean-calibration,7,343.5,344.5,344.5,13,23,1.1709690765704195
clean-calibration,7,343.5,344.5,344.5,13,30,0.9034530216842616
clean-calibration,7,343.5,344.5,344.5,16,19,1.0369308305780858
clean-calibration,7,343.5,344.5,344.5,16,20,1.1757828990364123
clean-calibration,7,343.5,344.5,344.5,16,23,0.7396604280082146
clean-calibration,7,343.5,344.5,344.5,16,30,0.42279968798411066
clean-calibration,7,343.5,344.5,344.5,19,20,0.3604300758087894
clean-calibration,7,343.5,344.5,344.5,19,23,1.2172842295345465
clean-calibration,7,343.5,344.5,344.5,19,30,0.5169030894758582
clean-calibration,7,343.5,344.5,344.5,20,23,0.5109658028131625
clean-calibration,7,343.5,344.5,344.5,20,30,1.2888062939754854
clean-calibration,7,343.5,344.5,344.5,23,30,0.17234378674990924
clean-calibration,8,344.0,345.0,345.0,3,6,0.17937617716049062
clean-calibration,8,344.0,345.0,345.0,3,7,1.3882903622883753
clean-calibration,8,344.0,345.0,345.0,3,8,204804.672603566
clean-calibration,8,344.0,345.0,345.0,3,10,1.1641424762767145
clean-calibration,8,344.0,345.0,345.0,3,13,1.0615427861345135
clean-calibration,8,344.0,345.0,345.0,3,16,0.21889019623293296
clean-calibration,8,344.0,345.0,345.0,3,19,1.3542964945729996
clean-calibration,8,344.0,345.0,345.0,3,20,0.6836187368872757
clean-calibration,8,344.0,345.0,345.0,3,23,0.505404823545569
clean-calibration,8,344.0,345.0,345.0,3,30,0.11974367155467136
clean-calibration,8,344.0,345.0,345.0,6,7,0.6104311428735837
clean-calibration,8,344.0,345.0,345.0,6,8,204716.4198439421
clean-calibration,8,344.0,345.0,345.0,6,10,1.0552107849124293
clean-calibration,8,344.0,345.0,345.0,6,13,0.3592992488440454
clean-calibration,8,344.0,345.0,345.0,6,16,0.167126751999439
clean-calibration,8,344.0,345.0,345.0,6,19,0.7455270691191058
clean-calibration,8,344.0,345.0,345.0,6,20,0.22856696325363676
clean-calibration,8,344.0,345.0,345.0,6,23,0.41919143559165783
clean-calibration,8,344.0,345.0,345.0,6,30,0.34279378769668145
clean-calibration,8,344.0,345.0,345.0,7,8,204118.49992285913
clean-calibration,8,344.0,345.0,345.0,7,10,0.7023110770207265
clean-calibration,8,344.0,345.0,345.0,7,13,1.0791238598620438
clean-calibration,8,344.0,345.0,345.0,7,16,0.545972968787329
clean-calibration,8,344.0,345.0,345.0,7,19,0.5819837141456559
clean-calibration,8,344.0,345.0,345.0,7,20,0.833313933666313
clean-calibration,8,344.0,345.0,345.0,7,23,1.4653105124343286
clean-calibration,8,344.0,345.0,345.0,7,30,1.2429331373250239
clean-calibration,8,344.0,345.0,345.0,8,10,204627.81494015642
clean-calibration,8,344.0,345.0,345.0,8,13,204577.2519947447
clean-calibration,8,344.0,345.0,345.0,8,16,204291.4566421701
clean-calibration,8,344.0,345.0,345.0,8,19,204503.82729798352
clean-calibration,8,344.0,345.0,345.0,8,20,204126.32968415684
clean-calibration,8,344.0,345.0,345.0,8,23,204722.17727220658
clean-calibration,8,344.0,345.0,345.0,8,30,204155.9143555528
clean-calibration,8,344.0,345.0,345.0,10,13,0.49131351520329014
clean-calibration,8,344.0,345.0,345.0,10,16,0.6879088821650174
clean-calibration,8,344.0,345.0,345.0,10,19,0.7307233140621385
clean-calibration,8,344.0,345.0,345.0,10,20,0.5878021314912958
clean-calibration,8,344.0,345.0,345.0,10,23,0.28134628020785235
clean-calibration,8,344.0,345.0,345.0,10,30,1.7283477809366463
clean-calibration,8,344.0,345.0,345.0,13,16,0.6771895804050592
clean-calibration,8,344.0,345.0,345.0,13,19,0.60951484182462
clean-calibration,8,344.0,345.0,345.0,13,20,0.9255904447352746
clean-calibration,8,344.0,345.0,345.0,13,23,1.4069584923418126
clean-calibration,8,344.0,345.0,345.0,13,30,1.014520662162898
clean-calibration,8,344.0,345.0,345.0,16,19,0.6542463986987308
clean-calibration,8,344.0,345.0,345.0,16,20,0.8665837333392293
clean-calibration,8,344.0,345.0,345.0,16,23,0.7576243284492692
clean-calibration,8,344.0,345.0,345.0,16,30,0.3513553840032306
clean-calibration,8,344.0,345.0,345.0,19,20,0.33699573683489914
clean-calibration,8,344.0,345.0,345.0,19,23,0.6369729399842237
clean-calibration,8,344.0,345.0,345.0,19,30,0.29486668272026495
clean-calibration,8,344.0,345.0,345.0,20,23,0.5311361418934958
clean-calibration,8,344.0,345.0,345.0,20,30,0.8477291226458238
clean-calibration,8,344.0,345.0,345.0,23,30,0.5227591269313611
clean-calibration,9,344.5,345.5,345.5,3,6,0.4837897952252095
clean-calibration,9,344.5,345.5,345.5,3,7,1.1917415994664724
clean-calibration,9,344.5,345.5,345.5,3,8,205412.15529269798
clean-calibration,9,344.5,345.5,345.5,3,10,1.5590156879527954
clean-calibration,9,344.5,345.5,345.5,3,13,0.35145967217518315
clean-calibration,9,344.5,345.5,345.5,3,16,0.20892830279351288
clean-calibration,9,344.5,345.5,345.5,3,19,1.1661702755663401
clean-calibration,9,344.5,345.5,345.5,3,20,0.3619448894084642
clean-calibration,9,344.5,345.5,345.5,3,23,1.002816499361026
clean-calibration,9,344.5,345.5,345.5,3,30,0.29564974286569146
clean-calibration,9,344.5,345.5,345.5,6,7,0.7062872172472435
clean-calibration,9,344.5,345.5,345.5,6,8,205376.3683632914
clean-calibration,9,344.5,345.5,345.5,6,10,1.5917707157502479
clean-calibration,9,344.5,345.5,345.5,6,13,0.6781356999651933
clean-calibration,9,344.5,345.5,345.5,6,16,1.1094407712929288
clean-calibration,9,344.5,345.5,345.5,6,19,1.392378069911438
clean-calibration,9,344.5,345.5,345.5,6,20,0.20279656119857573
clean-calibration,9,344.5,345.5,345.5,6,23,0.735183589055429
clean-calibration,9,344.5,345.5,345.5,6,30,0.736650235763846
clean-calibration,9,344.5,345.5,345.5,7,8,204801.80833431386
clean-calibration,9,344.5,345.5,345.5,7,10,1.3157977491420578
clean-calibration,9,344.5,345.5,345.5,7,13,1.2763528378766658
clean-calibration,9,344.5,345.5,345.5,7,16,0.9425935982798059
clean-calibration,9,344.5,345.5,345.5,7,19,0.5408942194247176
clean-calibration,9,344.5,345.5,345.5,7,20,0.4604716612466574
clean-calibration,9,344.5,345.5,345.5,7,23,0.9671664878666849
clean-calibration,9,344.5,345.5,345.5,7,30,0.6092549803454179
clean-calibration,9,344.5,345.5,345.5,8,10,205322.8993020034
clean-calibration,9,344.5,345.5,345.5,8,13,205227.69240246364
clean-calibration,9,344.5,345.5,345.5,8,16,204894.90620724004
clean-calibration,9,344.5,345.5,345.5,8,19,205221.21240062718
clean-calibration,9,344.5,345.5,345.5,8,20,204715.51124195923
clean-calibration,9,344.5,345.5,345.5,8,23,205306.78099935973
clean-calibration,9,344.5,345.5,345.5,8,30,204876.30483107196
clean-calibration,9,344.5,345.5,345.5,10,13,0.8915239323121945
clean-calibration,9,344.5,345.5,345.5,10,16,0.7575480536700047
clean-calibration,9,344.5,345.5,345.5,10,19,1.19671357041708
clean-calibration,9,344.5,345.5,345.5,10,20,0.5429484059813612
clean-calibration,9,344.5,345.5,345.5,10,23,0.565542599997776
clean-calibration,9,344.5,345.5,345.5,10,30,0.5211289222437584
clean-calibration,9,344.5,345.5,345.5,13,16,0.41644313339798095
clean-calibration,9,344.5,345.5,345.5,13,19,0.8336598669327546
clean-calibration,9,344.5,345.5,345.5,13,20,1.2155003637295707
clean-calibration,9,344.5,345.5,345.5,13,23,0.792046734253043
clean-calibration,9,344.5,345.5,345.5,13,30,2.115410677011908
clean-calibration,9,344.5,345.5,345.5,16,19,0.4945666011996064
clean-calibration,9,344.5,345.5,345.5,16,20,0.39384037614341616
clean-calibration,9,344.5,345.5,345.5,16,23,0.5612611357875952
clean-calibration,9,344.5,345.5,345.5,16,30,0.397210985581688
clean-calibration,9,344.5,345.5,345.5,19,20,1.1564183063264695
clean-calibration,9,344.5,345.5,345.5,19,23,1.3040753291287683
clean-calibration,9,344.5,345.5,345.5,19,30,0.8843848050310209
clean-calibration,9,344.5,345.5,345.5,20,23,0.2123510422575711
clean-calibration,9,344.5,345.5,345.5,20,30,1.0116738121122382
clean-calibration,9,344.5,345.5,345.5,23,30,0.4170700913468801
clean-calibration,10,345.0,346.0,346.0,3,6,0.7426475720081219
clean-calibration,10,345.0,346.0,346.0,3,7,0.6145511963974377
clean-calibration,10,345.0,346.0,346.0,3,8,206431.82120788298
clean-calibration,10,345.0,346.0,346.0,3,10,0.23471410798593673
clean-calibration,10,345.0,346.0,346.0,3,13,1.2850314624591883
clean-calibration,10,345.0,346.0,346.0,3,16,0.4739479124839724
clean-calibration,10,345.0,346.0,346.0,3,19,1.5908553264545644
clean-calibration,10,345.0,346.0,346.0,3,20,0.2913293140469717
clean-calibration,10,345.0,346.0,346.0,3,23,1.1649862965306295
clean-calibration,10,345.0,346.0,346.0,3,30,0.5237348189823414
clean-calibration,10,345.0,346.0,346.0,6,7,0.42644659460013995
clean-calibration,10,345.0,346.0,346.0,6,8,206380.96318123615
clean-calibration,10,345.0,346.0,346.0,6,10,0.839706438736821
clean-calibration,10,345.0,346.0,346.0,6,13,0.2898470629771206
clean-calibration,10,345.0,346.0,346.0,6,16,0.9279262364963575
clean-calibration,10,345.0,346.0,346.0,6,19,1.8930395461811127
clean-calibration,10,345.0,346.0,346.0,6,20,0.8736336471633506
clean-calibration,10,345.0,346.0,346.0,6,23,0.3150392150905785
clean-calibration,10,345.0,346.0,346.0,6,30,0.7509343955443368
clean-calibration,10,345.0,346.0,346.0,7,8,205809.1980969214
clean-calibration,10,345.0,346.0,346.0,7,10,0.9434132014429478
clean-calibration,10,345.0,346.0,346.0,7,13,0.3168670104825674
clean-calibration,10,345.0,346.0,346.0,7,16,0.8248222907293791
clean-calibration,10,345.0,346.0,346.0,7,19,0.777590696554691
clean-calibration,10,345.0,346.0,346.0,7,20,0.47030970970807606
clean-calibration,10,345.0,346.0,346.0,7,23,0.5377188344184629
clean-calibration,10,345.0,346.0,346.0,7,30,1.5290978962747084
clean-calibration,10,345.0,346.0,346.0,8,10,206278.4682032878
clean-calibration,10,345.0,346.0,346.0,8,13,206239.94925930217
clean-calibration,10,345.0,346.0,346.0,8,16,205985.1479538522
clean-calibration,10,345.0,346.0,346.0,8,19,206196.42896562512
clean-calibration,10,345.0,346.0,346.0,8,20,205726.53789549888
clean-calibration,10,345.0,346.0,346.0,8,23,206345.22554850404
clean-calibration,10,345.0,346.0,346.0,8,30,205769.86387417527
clean-calibration,10,345.0,346.0,346.0,10,13,0.5618065659268264
clean-calibration,10,345.0,346.0,346.0,10,16,0.23055397887487022
clean-calibration,10,345.0,346.0,346.0,10,19,2.0503604955593464
clean-calibration,10,345.0,346.0,346.0,10,20,1.562290414004571
clean-calibration,10,345.0,346.0,346.0,10,23,1.5020553723884862
clean-calibration,10,345.0,346.0,346.0,10,30,1.5508441907685795
clean-calibration,10,345.0,346.0,346.0,13,16,0.8403386696170575
clean-calibration,10,345.0,346.0,346.0,13,19,0.3497320470528892
clean-calibration,10,345.0,346.0,346.0,13,20,0.2630296477202306
clean-calibration,10,345.0,346.0,346.0,13,23,0.8091187501121897
clean-calibration,10,345.0,346.0,346.0,13,30,0.6635770398453842
clean-calibration,10,345.0,346.0,346.0,16,19,1.0435201901536841
clean-calibration,10,345.0,346.0,346.0,16,20,0.4827583327835602
clean-calibration,10,345.0,346.0,346.0,16,23,0.7068846318631792
clean-calibration,10,345.0,346.0,346.0,16,30,0.8657394001088358
clean-calibration,10,345.0,346.0,346.0,19,20,0.6465721420865629
clean-calibration,10,345.0,346.0,346.0,19,23,0.5004475972396472
clean-calibration,10,345.0,346.0,346.0,19,30,0.2809835597659521
clean-calibration,10,345.0,346.0,346.0,20,23,0.27353141952953985
clean-calibration,10,345.0,346.0,346.0,20,30,0.9111035375930447
clean-calibration,10,345.0,346.0,346.0,23,30,0.9261783539675704
clean-calibration,11,345.5,346.5,346.5,3,6,0.38959333643365285
clean-calibration,11,345.5,346.5,346.5,3,7,0.6760491919741999
clean-calibration,11,345.5,346.5,346.5,3,8,207835.69114722288
clean-calibration,11,345.5,346.5,346.5,3,10,1.0248001025935705
clean-calibration,11,345.5,346.5,346.5,3,13,1.5280543722109183
clean-calibration,11,345.5,346.5,346.5,3,16,0.4307351486568233
clean-calibration,11,345.5,346.5,346.5,3,19,0.6259706858148836
clean-calibration,11,345.5,346.5,346.5,3,20,0.45636977366323783
clean-calibration,11,345.5,346.5,346.5,3,23,1.132683214305897
clean-calibration,11,345.5,346.5,346.5,3,30,1.5834126677948455
clean-calibration,11,345.5,346.5,346.5,6,7,0.5559145816963825
clean-calibration,11,345.5,346.5,346.5,6,8,207755.6817173509
clean-calibration,11,345.5,346.5,346.5,6,10,0.49693693871953365
clean-calibration,11,345.5,346.5,346.5,6,13,0.11505175677595761
clean-calibration,11,345.5,346.5,346.5,6,16,0.39101168569336353
clean-calibration,11,345.5,346.5,346.5,6,19,0.934988621439448
clean-calibration,11,345.5,346.5,346.5,6,20,0.20040521688502655
clean-calibration,11,345.5,346.5,346.5,6,23,0.8823751192757234
clean-calibration,11,345.5,346.5,346.5,6,30,1.051089033722034
clean-calibration,11,345.5,346.5,346.5,7,8,207228.93276315782
clean-calibration,11,345.5,346.5,346.5,7,10,0.5154672468751362
clean-calibration,11,345.5,346.5,346.5,7,13,0.5139687241735214
clean-calibration,11,345.5,346.5,346.5,7,16,0.8474808490683469
clean-calibration,11,345.5,346.5,346.5,7,19,0.9328491129666666
clean-calibration,11,345.5,346.5,346.5,7,20,0.46889340662872314
clean-calibration,11,345.5,346.5,346.5,7,23,0.8836399104431459
clean-calibration,11,345.5,346.5,346.5,7,30,1.070628259555945
clean-calibration,11,345.5,346.5,346.5,8,10,207711.60290457908
clean-calibration,11,345.5,346.5,346.5,8,13,207669.04832103074
clean-calibration,11,345.5,346.5,346.5,8,16,207395.03850341594
clean-calibration,11,345.5,346.5,346.5,8,19,207552.56804504507
clean-calibration,11,345.5,346.5,346.5,8,20,207241.33199613827
clean-calibration,11,345.5,346.5,346.5,8,23,207796.72324765925
clean-calibration,11,345.5,346.5,346.5,8,30,207235.35118225028
clean-calibration,11,345.5,346.5,346.5,10,13,0.8880656276411214
clean-calibration,11,345.5,346.5,346.5,10,16,0.5071505845744909
clean-calibration,11,345.5,346.5,346.5,10,19,1.0720116966430433
clean-calibration,11,345.5,346.5,346.5,10,20,0.5253585392674022
clean-calibration,11,345.5,346.5,346.5,10,23,1.2400909909849664
clean-calibration,11,345.5,346.5,346.5,10,30,1.7650695602417101
clean-calibration,11,345.5,346.5,346.5,13,16,0.7115645220652091
clean-calibration,11,345.5,346.5,346.5,13,19,0.8671063435158907
clean-calibration,11,345.5,346.5,346.5,13,20,0.5822752259605676
clean-calibration,11,345.5,346.5,346.5,13,23,0.32751618422404377
clean-calibration,11,345.5,346.5,346.5,13,30,0.4763457201206459
clean-calibration,11,345.5,346.5,346.5,16,19,0.6606897601623435
clean-calibration,11,345.5,346.5,346.5,16,20,0.807386551362133
clean-calibration,11,345.5,346.5,346.5,16,23,0.1587235222672258
clean-calibration,11,345.5,346.5,346.5,16,30,1.3599115987552102
clean-calibration,11,345.5,346.5,346.5,19,20,0.28799347912128187
clean-calibration,11,345.5,346.5,346.5,19,23,0.3033070049750052
clean-calibration,11,345.5,346.5,346.5,19,30,0.8909273231991801
clean-calibration,11,345.5,346.5,346.5,20,23,0.2708708522493294
clean-calibration,11,345.5,346.5,346.5,20,30,1.339777111752367
clean-calibration,11,345.5,346.5,346.5,23,30,1.3087181169230122
clean-calibration,12,346.0,347.0,347.0,3,6,0.635130406272536
clean-calibration,12,346.0,347.0,347.0,3,7,0.4980548277833937
clean-calibration,12,346.0,347.0,347.0,3,8,209592.1429685405
clean-calibration,12,346.0,347.0,347.0,3,10,0.28406861840869607
clean-calibration,12,346.0,347.0,347.0,3,13,1.0314802601388655
clean-calibration,12,346.0,347.0,347.0,3,16,0.7228953301776766
clean-calibration,12,346.0,347.0,347.0,3,19,0.6557391201808029
clean-calibration,12,346.0,347.0,347.0,3,20,0.24900868715470517
clean-calibration,12,346.0,347.0,347.0,3,23,0.653007299221312
clean-calibration,12,346.0,347.0,347.0,3,30,0.868244453481174
clean-calibration,12,346.0,347.0,347.0,6,7,0.38038334349390973
clean-calibration,12,346.0,347.0,347.0,6,8,209542.81483670598
clean-calibration,12,346.0,347.0,347.0,6,10,0.40095342665736505
clean-calibration,12,346.0,347.0,347.0,6,13,0.5821891856097272
clean-calibration,12,346.0,347.0,347.0,6,16,0.36498947525701786
clean-calibration,12,346.0,347.0,347.0,6,19,1.1602672871138588
clean-calibration,12,346.0,347.0,347.0,6,20,0.3147701351356962
clean-calibration,12,346.0,347.0,347.0,6,23,0.5277511436395315
clean-calibration,12,346.0,347.0,347.0,6,30,0.7353276517958549
clean-calibration,12,346.0,347.0,347.0,7,8,208988.2621169573
clean-calibration,12,346.0,347.0,347.0,7,10,0.2122932172047547
clean-calibration,12,346.0,347.0,347.0,7,13,0.6310223162329227
clean-calibration,12,346.0,347.0,347.0,7,16,0.8116024143837732
clean-calibration,12,346.0,347.0,347.0,7,19,0.4266842977551998
clean-calibration,12,346.0,347.0,347.0,7,20,0.34902947973465764
clean-calibration,12,346.0,347.0,347.0,7,23,0.29053692765133066
clean-calibration,12,346.0,347.0,347.0,7,30,0.8447885655018105
clean-calibration,12,346.0,347.0,347.0,8,10,209479.55417950492
clean-calibration,12,346.0,347.0,347.0,8,13,209405.79452659137
clean-calibration,12,346.0,347.0,347.0,8,16,209116.02875764252
clean-calibration,12,346.0,347.0,347.0,8,19,209353.52695390294
clean-calibration,12,346.0,347.0,347.0,8,20,209006.4957082639
clean-calibration,12,346.0,347.0,347.0,8,23,209596.0943218931
clean-calibration,12,346.0,347.0,347.0,8,30,209042.1007033855
clean-calibration,12,346.0,347.0,347.0,10,13,0.5081074781464703
clean-calibration,12,346.0,347.0,347.0,10,16,0.40007540429107796
clean-calibration,12,346.0,347.0,347.0,10,19,0.8921571803439059
clean-calibration,12,346.0,347.0,347.0,10,20,0.9613987934482793
clean-calibration,12,346.0,347.0,347.0,10,23,0.40437431161347276
clean-calibration,12,346.0,347.0,347.0,10,30,1.7972829880157057
clean-calibration,12,346.0,347.0,347.0,13,16,0.8065375830909378
clean-calibration,12,346.0,347.0,347.0,13,19,2.250243787588614
clean-calibration,12,346.0,347.0,347.0,13,20,0.25499997187125695
clean-calibration,12,346.0,347.0,347.0,13,23,0.591478503960542
clean-calibration,12,346.0,347.0,347.0,13,30,0.4206395617820122
clean-calibration,12,346.0,347.0,347.0,16,19,0.5066206933152724
clean-calibration,12,346.0,347.0,347.0,16,20,0.3811755877986698
clean-calibration,12,346.0,347.0,347.0,16,23,0.5328888259476001
clean-calibration,12,346.0,347.0,347.0,16,30,0.43400546268348367
clean-calibration,12,346.0,347.0,347.0,19,20,0.9970497822138554
clean-calibration,12,346.0,347.0,347.0,19,23,1.6636975040112874
clean-calibration,12,346.0,347.0,347.0,19,30,0.5106549033904871
clean-calibration,12,346.0,347.0,347.0,20,23,0.8761674798025476
clean-calibration,12,346.0,347.0,347.0,20,30,2.5598237903608845
clean-calibration,12,346.0,347.0,347.0,23,30,1.3457646909646448
clean-calibration,13,346.5,347.5,347.5,3,6,0.18687212159967126
clean-calibration,13,346.5,347.5,347.5,3,7,0.9797948143948505
clean-calibration,13,346.5,347.5,347.5,3,8,211422.73353534788
clean-calibration,13,346.5,347.5,347.5,3,10,0.33179296954248094
clean-calibration,13,346.5,347.5,347.5,3,13,0.9724936626878222
clean-calibration,13,346.5,347.5,347.5,3,16,0.2931764007292907
clean-calibration,13,346.5,347.5,347.5,3,19,0.6354391884879039
clean-calibration,13,346.5,347.5,347.5,3,20,0.42155356559353213
clean-calibration,13,346.5,347.5,347.5,3,23,0.3011634688220076
clean-calibration,13,346.5,347.5,347.5,3,30,0.22509648710229252
clean-calibration,13,346.5,347.5,347.5,6,7,0.369839141657772
clean-calibration,13,346.5,347.5,347.5,6,8,211328.81380598634
clean-calibration,13,346.5,347.5,347.5,6,10,0.7095329065391827
clean-calibration,13,346.5,347.5,347.5,6,13,0.5187559691102471
clean-calibration,13,346.5,347.5,347.5,6,16,0.4943025313292561
clean-calibration,13,346.5,347.5,347.5,6,19,0.5604961860115323
clean-calibration,13,346.5,347.5,347.5,6,20,0.45130484088319667
clean-calibration,13,346.5,347.5,347.5,6,23,0.2713824862990855
clean-calibration,13,346.5,347.5,347.5,6,30,0.28387635377624665
clean-calibration,13,346.5,347.5,347.5,7,8,210774.74793481812
clean-calibration,13,346.5,347.5,347.5,7,10,0.795283433143894
clean-calibration,13,346.5,347.5,347.5,7,13,0.31061410742605544
clean-calibration,13,346.5,347.5,347.5,7,16,0.43676026214831076
clean-calibration,13,346.5,347.5,347.5,7,19,0.7060444663758643
clean-calibration,13,346.5,347.5,347.5,7,20,0.42196315341145735
clean-calibration,13,346.5,347.5,347.5,7,23,0.674727823050144
clean-calibration,13,346.5,347.5,347.5,7,30,0.8469350296884691
clean-calibration,13,346.5,347.5,347.5,8,10,211291.18354170522
clean-calibration,13,346.5,347.5,347.5,8,13,211216.41604507613
clean-calibration,13,346.5,347.5,347.5,8,16,210943.4693395119
clean-calibration,13,346.5,347.5,347.5,8,19,211161.31340398925
clean-calibration,13,346.5,347.5,347.5,8,20,210723.92756441273
clean-calibration,13,346.5,347.5,347.5,8,23,211326.12259407426
clean-calibration,13,346.5,347.5,347.5,8,30,210820.9004096095
clean-calibration,13,346.5,347.5,347.5,10,13,0.9256238145400275
clean-calibration,13,346.5,347.5,347.5,10,16,0.22581636774901023
clean-calibration,13,346.5,347.5,347.5,10,19,0.6450440520459292
clean-calibration,13,346.5,347.5,347.5,10,20,0.5134642501641815
clean-calibration,13,346.5,347.5,347.5,10,23,1.1470470819975398
clean-calibration,13,346.5,347.5,347.5,10,30,0.13800791158981537
clean-calibration,13,346.5,347.5,347.5,13,16,0.4380390538530782
clean-calibration,13,346.5,347.5,347.5,13,19,0.7753395744460054
clean-calibration,13,346.5,347.5,347.5,13,20,1.3690261371374404
clean-calibration,13,346.5,347.5,347.5,13,23,0.49338154417207625
clean-calibration,13,346.5,347.5,347.5,13,30,0.3035748839160555
clean-calibration,13,346.5,347.5,347.5,16,19,1.252872665535154
clean-calibration,13,346.5,347.5,347.5,16,20,0.9741719373281406
clean-calibration,13,346.5,347.5,347.5,16,23,0.9056546598110925
clean-calibration,13,346.5,347.5,347.5,16,30,0.43610478434221045
clean-calibration,13,346.5,347.5,347.5,19,20,0.5722584598476679
clean-calibration,13,346.5,347.5,347.5,19,23,0.7358456879661064
clean-calibration,13,346.5,347.5,347.5,19,30,0.5922202026788426
clean-calibration,13,346.5,347.5,347.5,20,23,0.4124564905271306
clean-calibration,13,346.5,347.5,347.5,20,30,3.484525239655857
clean-calibration,13,346.5,347.5,347.5,23,30,0.3523400655597371
clean-calibration,14,347.0,348.0,348.0,3,6,1.064042251868986
clean-calibration,14,347.0,348.0,348.0,3,7,0.8242390180545659
clean-calibration,14,347.0,348.0,348.0,3,8,213468.83822721575
clean-calibration,14,347.0,348.0,348.0,3,10,0.434589092035025
clean-calibration,14,347.0,348.0,348.0,3,13,1.5558006118176115
clean-calibration,14,347.0,348.0,348.0,3,16,1.1828349227656045
clean-calibration,14,347.0,348.0,348.0,3,19,0.47595977695714975
clean-calibration,14,347.0,348.0,348.0,3,20,0.2770639183784006
clean-calibration,14,347.0,348.0,348.0,3,23,1.110066783136506
clean-calibration,14,347.0,348.0,348.0,3,30,0.6788016162475132
clean-calibration,14,347.0,348.0,348.0,6,7,0.3627182493173436
clean-calibration,14,347.0,348.0,348.0,6,8,213413.63066015206
clean-calibration,14,347.0,348.0,348.0,6,10,0.6968507379744052
clean-calibration,14,347.0,348.0,348.0,6,13,0.667994354140825
clean-calibration,14,347.0,348.0,348.0,6,16,0.6124843971421554
clean-calibration,14,347.0,348.0,348.0,6,19,0.27273876726912294
clean-calibration,14,347.0,348.0,348.0,6,20,0.6593638506885915
clean-calibration,14,347.0,348.0,348.0,6,23,0.6984923137301957
clean-calibration,14,347.0,348.0,348.0,6,30,1.3062071312236334
clean-calibration,14,347.0,348.0,348.0,7,8,212806.39442213072
clean-calibration,14,347.0,348.0,348.0,7,10,0.36175851923573077
clean-calibration,14,347.0,348.0,348.0,7,13,0.4803161237817151
clean-calibration,14,347.0,348.0,348.0,7,16,0.5198958929034609
clean-calibration,14,347.0,348.0,348.0,7,19,0.8231900264188099
clean-calibration,14,347.0,348.0,348.0,7,20,0.7418746953313251
clean-calibration,14,347.0,348.0,348.0,7,23,0.5376253732221212
clean-calibration,14,347.0,348.0,348.0,7,30,0.7771234396815323
clean-calibration,14,347.0,348.0,348.0,8,10,213327.45644402635
clean-calibration,14,347.0,348.0,348.0,8,13,213280.8498701746
clean-calibration,14,347.0,348.0,348.0,8,16,212939.71808476606
clean-calibration,14,347.0,348.0,348.0,8,19,213216.8223136065
clean-calibration,14,347.0,348.0,348.0,8,20,212809.5836236996
clean-calibration,14,347.0,348.0,348.0,8,23,213411.8622041693
clean-calibration,14,347.0,348.0,348.0,8,30,212810.73694125313
clean-calibration,14,347.0,348.0,348.0,10,13,0.39560081670551966
clean-calibration,14,347.0,348.0,348.0,10,16,0.2245556688936272
clean-calibration,14,347.0,348.0,348.0,10,19,0.2303548328380871
clean-calibration,14,347.0,348.0,348.0,10,20,0.47913468516592117
clean-calibration,14,347.0,348.0,348.0,10,23,0.6485711095403872
clean-calibration,14,347.0,348.0,348.0,10,30,0.5093249668688433
clean-calibration,14,347.0,348.0,348.0,13,16,0.7670524543682218
clean-calibration,14,347.0,348.0,348.0,13,19,1.1129597739846688
clean-calibration,14,347.0,348.0,348.0,13,20,0.2846721706911056
clean-calibration,14,347.0,348.0,348.0,13,23,0.624765343660915
clean-calibration,14,347.0,348.0,348.0,13,30,0.8631479358684049
clean-calibration,14,347.0,348.0,348.0,16,19,0.9796693392889637
clean-calibration,14,347.0,348.0,348.0,16,20,1.0089776264047443
clean-calibration,14,347.0,348.0,348.0,16,23,0.7716599534583545
clean-calibration,14,347.0,348.0,348.0,16,30,1.3394363804287779
clean-calibration,14,347.0,348.0,348.0,19,20,0.2547625278309855
clean-calibration,14,347.0,348.0,348.0,19,23,1.1976710537991615
clean-calibration,14,347.0,348.0,348.0,19,30,0.6640694964652606
clean-calibration,14,347.0,348.0,348.0,20,23,0.23271318658144402
clean-calibration,14,347.0,348.0,348.0,20,30,2.2384633588557716
clean-calibration,14,347.0,348.0,348.0,23,30,1.5434571885767134
clean-calibration,15,347.5,348.5,348.5,3,6,0.38243203380919805
clean-calibration,15,347.5,348.5,348.5,3,7,0.5064493211508542
clean-calibration,15,347.5,348.5,348.5,3,8,215914.6818722215
clean-calibration,15,347.5,348.5,348.5,3,10,0.7355010920212735
clean-calibration,15,347.5,348.5,348.5,3,13,0.5660645209824321
clean-calibration,15,347.5,348.5,348.5,3,16,0.42420994163425246
clean-calibration,15,347.5,348.5,348.5,3,19,0.519661988472758
clean-calibration,15,347.5,348.5,348.5,3,20,0.6128392590625895
clean-calibration,15,347.5,348.5,348.5,3,23,1.423078684849178
clean-calibration,15,347.5,348.5,348.5,3,30,1.3581018279906547
clean-calibration,15,347.5,348.5,348.5,6,7,0.5496661924768251
clean-calibration,15,347.5,348.5,348.5,6,8,215847.45286126225
clean-calibration,15,347.5,348.5,348.5,6,10,0.4920798133628684
clean-calibration,15,347.5,348.5,348.5,6,13,0.8490319065437383
clean-calibration,15,347.5,348.5,348.5,6,16,1.4078090556444443
clean-calibration,15,347.5,348.5,348.5,6,19,0.4294384933187434
clean-calibration,15,347.5,348.5,348.5,6,20,0.22733587557159368
clean-calibration,15,347.5,348.5,348.5,6,23,0.5468166809536148
clean-calibration,15,347.5,348.5,348.5,6,30,0.5331719144369933
clean-calibration,15,347.5,348.5,348.5,7,8,215238.69997670408
clean-calibration,15,347.5,348.5,348.5,7,10,1.290025880155413
clean-calibration,15,347.5,348.5,348.5,7,13,0.43462390810819096
clean-calibration,15,347.5,348.5,348.5,7,16,0.3653132728419333
clean-calibration,15,347.5,348.5,348.5,7,19,0.7292699177785644
clean-calibration,15,347.5,348.5,348.5,7,20,0.7323669976884519
clean-calibration,15,347.5,348.5,348.5,7,23,0.7133043651365039
clean-calibration,15,347.5,348.5,348.5,7,30,1.127282632069084
clean-calibration,15,347.5,348.5,348.5,8,10,215739.10554753142
clean-calibration,15,347.5,348.5,348.5,8,13,215686.4381793843
clean-calibration,15,347.5,348.5,348.5,8,16,215406.5728517216
clean-calibration,15,347.5,348.5,348.5,8,19,215643.49875139593
clean-calibration,15,347.5,348.5,348.5,8,20,215195.44099478197
clean-calibration,15,347.5,348.5,348.5,8,23,215800.66553607248
clean-calibration,15,347.5,348.5,348.5,8,30,215281.39833252304
clean-calibration,15,347.5,348.5,348.5,10,13,0.636278865779205
clean-calibration,15,347.5,348.5,348.5,10,16,1.0261939105439315
clean-calibration,15,347.5,348.5,348.5,10,19,0.2956658091641694
clean-calibration,15,347.5,348.5,348.5,10,20,0.879124633330882
clean-calibration,15,347.5,348.5,348.5,10,23,0.361020537598851
clean-calibration,15,347.5,348.5,348.5,10,30,0.8933794232909321
clean-calibration,15,347.5,348.5,348.5,13,16,0.9697056222027778
clean-calibration,15,347.5,348.5,348.5,13,19,1.3623485939360216
clean-calibration,15,347.5,348.5,348.5,13,20,0.1809772039507725
clean-calibration,15,347.5,348.5,348.5,13,23,0.835824137391589
clean-calibration,15,347.5,348.5,348.5,13,30,0.4361389603130769
clean-calibration,15,347.5,348.5,348.5,16,19,0.9038032147805086
clean-calibration,15,347.5,348.5,348.5,16,20,0.6099255817745551
clean-calibration,15,347.5,348.5,348.5,16,23,0.42195587706225296
clean-calibration,15,347.5,348.5,348.5,16,30,1.2517009270477215
clean-calibration,15,347.5,348.5,348.5,19,20,0.4726221223613013
clean-calibration,15,347.5,348.5,348.5,19,23,1.8702756500649962
clean-calibration,15,347.5,348.5,348.5,19,30,1.9233744726609892
clean-calibration,15,347.5,348.5,348.5,20,23,0.5177935337676758
clean-calibration,15,347.5,348.5,348.5,20,30,1.6413448594320248
clean-calibration,15,347.5,348.5,348.5,23,30,1.1423139884850255
clean-calibration,16,348.0,349.0,349.0,3,6,1.6001135320712467
clean-calibration,16,348.0,349.0,349.0,3,7,0.6151427421168043
clean-calibration,16,348.0,349.0,349.0,3,8,218591.87672548206
clean-calibration,16,348.0,349.0,349.0,3,10,1.5459549384809372
clean-calibration,16,348.0,349.0,349.0,3,13,1.0004262117326035
clean-calibration,16,348.0,349.0,349.0,3,16,1.121325451893186
clean-calibration,16,348.0,349.0,349.0,3,19,0.3601059430694341
clean-calibration,16,348.0,349.0,349.0,3,20,1.4148960941483453
clean-calibration,16,348.0,349.0,349.0,3,23,0.8608855652472872
clean-calibration,16,348.0,349.0,349.0,3,30,1.1013285449048724
clean-calibration,16,348.0,349.0,349.0,6,7,0.4352234719173418
clean-calibration,16,348.0,349.0,349.0,6,8,218541.8113519551
clean-calibration,16,348.0,349.0,349.0,6,10,0.6019365505778475
clean-calibration,16,348.0,349.0,349.0,6,13,0.40680461060314477
clean-calibration,16,348.0,349.0,349.0,6,16,0.992448248209357
clean-calibration,16,348.0,349.0,349.0,6,19,0.9261703707741642
clean-calibration,16,348.0,349.0,349.0,6,20,0.21287148991064653
clean-calibration,16,348.0,349.0,349.0,6,23,0.689855857435336
clean-calibration,16,348.0,349.0,349.0,6,30,0.13778490294052198
clean-calibration,16,348.0,349.0,349.0,7,8,217942.12678388128
clean-calibration,16,348.0,349.0,349.0,7,10,0.6999222695396694
clean-calibration,16,348.0,349.0,349.0,7,13,1.7044688321538977
clean-calibration,16,348.0,349.0,349.0,7,16,0.7581294573687302
clean-calibration,16,348.0,349.0,349.0,7,19,0.4991422929782211
clean-calibration,16,348.0,349.0,349.0,7,20,0.6136656329255922
clean-calibration,16,348.0,349.0,349.0,7,23,0.5771450891782272
clean-calibration,16,348.0,349.0,349.0,7,30,0.365337421331172
clean-calibration,16,348.0,349.0,349.0,8,10,218471.6681622549
clean-calibration,16,348.0,349.0,349.0,8,13,218387.9699475578
clean-calibration,16,348.0,349.0,349.0,8,16,218083.80280817967
clean-calibration,16,348.0,349.0,349.0,8,19,218335.20027226565
clean-calibration,16,348.0,349.0,349.0,8,20,217933.70293334726
clean-calibration,16,348.0,349.0,349.0,8,23,218524.04978100077
clean-calibration,16,348.0,349.0,349.0,8,30,217942.45207362896
clean-calibration,16,348.0,349.0,349.0,10,13,0.22970293735162262
clean-calibration,16,348.0,349.0,349.0,10,16,0.9101785875660161
clean-calibration,16,348.0,349.0,349.0,10,19,1.8778781123528905
clean-calibration,16,348.0,349.0,349.0,10,20,1.2610988308768807
clean-calibration,16,348.0,349.0,349.0,10,23,0.2630356980936076
clean-calibration,16,348.0,349.0,349.0,10,30,1.0182944165844199
clean-calibration,16,348.0,349.0,349.0,13,16,0.48541655768380754
clean-calibration,16,348.0,349.0,349.0,13,19,0.4473455367594369
clean-calibration,16,348.0,349.0,349.0,13,20,0.08889201500124917
clean-calibration,16,348.0,349.0,349.0,13,23,1.0088562648071364
clean-calibration,16,348.0,349.0,349.0,13,30,0.30243079448232074
clean-calibration,16,348.0,349.0,349.0,16,19,0.7096866578437385
clean-calibration,16,348.0,349.0,349.0,16,20,1.0822739993033643
clean-calibration,16,348.0,349.0,349.0,16,23,0.3858742269106322
clean-calibration,16,348.0,349.0,349.0,16,30,0.6219943348290308
clean-calibration,16,348.0,349.0,349.0,19,20,0.5149919286816929
clean-calibration,16,348.0,349.0,349.0,19,23,0.40661517002340164
clean-calibration,16,348.0,349.0,349.0,19,30,0.42550182001048087
clean-calibration,16,348.0,349.0,349.0,20,23,0.9226133169265885
clean-calibration,16,348.0,349.0,349.0,20,30,1.0899013659407923
clean-calibration,16,348.0,349.0,349.0,23,30,0.32647066356844334
clean-calibration,17,348.5,349.5,349.5,3,6,0.6720950357375728
clean-calibration,17,348.5,349.5,349.5,3,7,0.6412047473440454
clean-calibration,17,348.5,349.5,349.5,3,8,221199.67836099965
clean-calibration,17,348.5,349.5,349.5,3,10,1.1006737522281964
clean-calibration,17,348.5,349.5,349.5,3,13,0.6062707497533514
clean-calibration,17,348.5,349.5,349.5,3,16,0.39940119863099444
clean-calibration,17,348.5,349.5,349.5,3,19,0.32313464711836437
clean-calibration,17,348.5,349.5,349.5,3,20,1.6115816891956514
clean-calibration,17,348.5,349.5,349.5,3,23,0.7686937387717939
clean-calibration,17,348.5,349.5,349.5,3,30,0.5282929929875095
clean-calibration,17,348.5,349.5,349.5,6,7,1.0419614418256828
clean-calibration,17,348.5,349.5,349.5,6,8,221204.83288002183
clean-calibration,17,348.5,349.5,349.5,6,10,0.5376195355283256
clean-calibration,17,348.5,349.5,349.5,6,13,0.5693559478444407
clean-calibration,17,348.5,349.5,349.5,6,16,0.3101352688364483
clean-calibration,17,348.5,349.5,349.5,6,19,0.6517486279745259
clean-calibration,17,348.5,349.5,349.5,6,20,0.2169967138975884
clean-calibration,17,348.5,349.5,349.5,6,23,0.7776157070097518
clean-calibration,17,348.5,349.5,349.5,6,30,0.4252833118895919
clean-calibration,17,348.5,349.5,349.5,7,8,220583.61088197748
clean-calibration,17,348.5,349.5,349.5,7,10,0.26229656639828985
clean-calibration,17,348.5,349.5,349.5,7,13,2.3237529276139504
clean-calibration,17,348.5,349.5,349.5,7,16,0.30876686391591224
clean-calibration,17,348.5,349.5,349.5,7,19,0.24822973627521816
clean-calibration,17,348.5,349.5,349.5,7,20,0.6602775810969372
clean-calibration,17,348.5,349.5,349.5,7,23,0.5551887987852402
clean-calibration,17,348.5,349.5,349.5,7,30,0.4384762512284953
clean-calibration,17,348.5,349.5,349.5,8,10,221039.273790813
clean-calibration,17,348.5,349.5,349.5,8,13,221016.0844063282
clean-calibration,17,348.5,349.5,349.5,8,16,220768.86431802312
clean-calibration,17,348.5,349.5,349.5,8,19,220983.95891585868
clean-calibration,17,348.5,349.5,349.5,8,20,220488.4039021676
clean-calibration,17,348.5,349.5,349.5,8,23,221179.23208914604
clean-calibration,17,348.5,349.5,349.5,8,30,220668.724774704
clean-calibration,17,348.5,349.5,349.5,10,13,0.8311396059386402
clean-calibration,17,348.5,349.5,349.5,10,16,0.11954846941355206
clean-calibration,17,348.5,349.5,349.5,10,19,1.0589877056949206
clean-calibration,17,348.5,349.5,349.5,10,20,0.17677855895423997
clean-calibration,17,348.5,349.5,349.5,10,23,0.2046075535312078
clean-calibration,17,348.5,349.5,349.5,10,30,0.7476784188929908
clean-calibration,17,348.5,349.5,349.5,13,16,0.40096023173169204
clean-calibration,17,348.5,349.5,349.5,13,19,0.5285204789535657
clean-calibration,17,348.5,349.5,349.5,13,20,0.14485893539014533
clean-calibration,17,348.5,349.5,349.5,13,23,0.2807187116926023
clean-calibration,17,348.5,349.5,349.5,13,30,0.4826420399952925
clean-calibration,17,348.5,349.5,349.5,16,19,0.427541695838893
clean-calibration,17,348.5,349.5,349.5,16,20,0.33525311560841003
clean-calibration,17,348.5,349.5,349.5,16,23,0.3562204176861742
clean-calibration,17,348.5,349.5,349.5,16,30,0.7474602307701229
clean-calibration,17,348.5,349.5,349.5,19,20,0.298165836423824
clean-calibration,17,348.5,349.5,349.5,19,23,1.318570080479769
clean-calibration,17,348.5,349.5,349.5,19,30,0.3496208147757788
clean-calibration,17,348.5,349.5,349.5,20,23,0.2677822656841419
clean-calibration,17,348.5,349.5,349.5,20,30,0.8388204638327436
clean-calibration,17,348.5,349.5,349.5,23,30,0.15903590786852942
clean-calibration,18,349.0,350.0,350.0,3,6,0.2854467932868805
clean-calibration,18,349.0,350.0,350.0,3,7,0.6324740953245428
clean-calibration,18,349.0,350.0,350.0,3,8,224087.26521877144
clean-calibration,18,349.0,350.0,350.0,3,10,1.0681656668447743
clean-calibration,18,349.0,350.0,350.0,3,13,0.9142599136982067
clean-calibration,18,349.0,350.0,350.0,3,16,0.8101917048867937
clean-calibration,18,349.0,350.0,350.0,3,19,0.512648487811403
clean-calibration,18,349.0,350.0,350.0,3,20,0.8333353799572067
clean-calibration,18,349.0,350.0,350.0,3,23,0.5550992714412083
clean-calibration,18,349.0,350.0,350.0,3,30,0.2452797957488116
clean-calibration,18,349.0,350.0,350.0,6,7,0.7839204953544524
clean-calibration,18,349.0,350.0,350.0,6,8,223949.5594700281
clean-calibration,18,349.0,350.0,350.0,6,10,0.9196068622849726
clean-calibration,18,349.0,350.0,350.0,6,13,0.4097375920820484
clean-calibration,18,349.0,350.0,350.0,6,16,0.8046328575210999
clean-calibration,18,349.0,350.0,350.0,6,19,0.23118511192439728
clean-calibration,18,349.0,350.0,350.0,6,20,0.7701599994254578
clean-calibration,18,349.0,350.0,350.0,6,23,0.6758614260237711
clean-calibration,18,349.0,350.0,350.0,6,30,0.7801880100434163
clean-calibration,18,349.0,350.0,350.0,7,8,223397.23363779913
clean-calibration,18,349.0,350.0,350.0,7,10,0.7364399878045228
clean-calibration,18,349.0,350.0,350.0,7,13,0.4589538247870101
clean-calibration,18,349.0,350.0,350.0,7,16,0.8101555079584312
clean-calibration,18,349.0,350.0,350.0,7,19,0.8093216900754872
clean-calibration,18,349.0,350.0,350.0,7,20,1.4442929484493576
clean-calibration,18,349.0,350.0,350.0,7,23,0.9951616832289254
clean-calibration,18,349.0,350.0,350.0,7,30,0.7895018793348124
clean-calibration,18,349.0,350.0,350.0,8,10,223959.00033712853
clean-calibration,18,349.0,350.0,350.0,8,13,223851.17854872052
clean-calibration,18,349.0,350.0,350.0,8,16,223538.59692613463
clean-calibration,18,349.0,350.0,350.0,8,19,223801.21395534003
clean-calibration,18,349.0,350.0,350.0,8,20,223282.49593274202
clean-calibration,18,349.0,350.0,350.0,8,23,224001.91921891426
clean-calibration,18,349.0,350.0,350.0,8,30,223379.83849440227
clean-calibration,18,349.0,350.0,350.0,10,13,0.2828346400664269
clean-calibration,18,349.0,350.0,350.0,10,16,0.30245042503319886
clean-calibration,18,349.0,350.0,350.0,10,19,0.4029311809151695
clean-calibration,18,349.0,350.0,350.0,10,20,0.798882778006747
clean-calibration,18,349.0,350.0,350.0,10,23,1.1664329192201597
clean-calibration,18,349.0,350.0,350.0,10,30,0.722759739590647
clean-calibration,18,349.0,350.0,350.0,13,16,1.5345155212272945
clean-calibration,18,349.0,350.0,350.0,13,19,1.0349960137413095
clean-calibration,18,349.0,350.0,350.0,13,20,0.32624147645931706
clean-calibration,18,349.0,350.0,350.0,13,23,1.0007159231959784
clean-calibration,18,349.0,350.0,350.0,13,30,0.5178970445946656
clean-calibration,18,349.0,350.0,350.0,16,19,0.5044073900359638
clean-calibration,18,349.0,350.0,350.0,16,20,0.4292319100862513
clean-calibration,18,349.0,350.0,350.0,16,23,0.5139381342528272
clean-calibration,18,349.0,350.0,350.0,16,30,0.9486321371636572
clean-calibration,18,349.0,350.0,350.0,19,20,0.4151663991375846
clean-calibration,18,349.0,350.0,350.0,19,23,1.0229351543032468
clean-calibration,18,349.0,350.0,350.0,19,30,0.6769778635692925
clean-calibration,18,349.0,350.0,350.0,20,23,0.26891949377300056
clean-calibration,18,349.0,350.0,350.0,20,30,0.6409017658834495
clean-calibration,18,349.0,350.0,350.0,23,30,0.42948860614088097
clean-calibration,19,349.5,350.5,350.5,3,6,0.6908936039236071
clean-calibration,19,349.5,350.5,350.5,3,7,0.7035945790027831
clean-calibration,19,349.5,350.5,350.5,3,8,226609.90880672657
clean-calibration,19,349.5,350.5,350.5,3,10,0.4110051103112677
clean-calibration,19,349.5,350.5,350.5,3,13,0.6526428204839393
clean-calibration,19,349.5,350.5,350.5,3,16,0.9188230119708788
clean-calibration,19,349.5,350.5,350.5,3,19,1.2922716742463505
clean-calibration,19,349.5,350.5,350.5,3,20,0.4699452925317056
clean-calibration,19,349.5,350.5,350.5,3,23,0.6529543782775811
clean-calibration,19,349.5,350.5,350.5,3,30,0.595545932467274
clean-calibration,19,349.5,350.5,350.5,6,7,0.3293762789918748
clean-calibration,19,349.5,350.5,350.5,6,8,226506.0841357131
clean-calibration,19,349.5,350.5,350.5,6,10,0.2788120201815602
clean-calibration,19,349.5,350.5,350.5,6,13,0.4047386457701757
clean-calibration,19,349.5,350.5,350.5,6,16,0.40956429761243995
clean-calibration,19,349.5,350.5,350.5,6,19,0.472004111531774
clean-calibration,19,349.5,350.5,350.5,6,20,0.20002431401570817
clean-calibration,19,349.5,350.5,350.5,6,23,1.087499966198376
clean-calibration,19,349.5,350.5,350.5,6,30,0.8509412980600619
clean-calibration,19,349.5,350.5,350.5,7,8,225975.71124683676
clean-calibration,19,349.5,350.5,350.5,7,10,0.9875673384034005
clean-calibration,19,349.5,350.5,350.5,7,13,0.5874952173552156
clean-calibration,19,349.5,350.5,350.5,7,16,0.7355757017223541
clean-calibration,19,349.5,350.5,350.5,7,19,0.4335654323437586
clean-calibration,19,349.5,350.5,350.5,7,20,1.3938675144928074
clean-calibration,19,349.5,350.5,350.5,7,23,0.7047851135378037
clean-calibration,19,349.5,350.5,350.5,7,30,0.9862192183096676
clean-calibration,19,349.5,350.5,350.5,8,10,226469.14219528637
clean-calibration,19,349.5,350.5,350.5,8,13,226417.98918184763
clean-calibration,19,349.5,350.5,350.5,8,16,226061.72608770704
clean-calibration,19,349.5,350.5,350.5,8,19,226375.01851799613
clean-calibration,19,349.5,350.5,350.5,8,20,225918.62632578952
clean-calibration,19,349.5,350.5,350.5,8,23,226541.94732364267
clean-calibration,19,349.5,350.5,350.5,8,30,226105.44250138075
clean-calibration,19,349.5,350.5,350.5,10,13,0.33208937787369425
clean-calibration,19,349.5,350.5,350.5,10,16,0.5425877568785156
clean-calibration,19,349.5,350.5,350.5,10,19,0.4094692329266557
clean-calibration,19,349.5,350.5,350.5,10,20,0.9338528760605437
clean-calibration,19,349.5,350.5,350.5,10,23,0.4033620723561996
clean-calibration,19,349.5,350.5,350.5,10,30,0.38532362130470094
clean-calibration,19,349.5,350.5,350.5,13,16,0.537552904311773
clean-calibration,19,349.5,350.5,350.5,13,19,1.2496039864429398
clean-calibration,19,349.5,350.5,350.5,13,20,0.3498419000458655
clean-calibration,19,349.5,350.5,350.5,13,23,1.0324734315721908
clean-calibration,19,349.5,350.5,350.5,13,30,0.6898673955566162
clean-calibration,19,349.5,350.5,350.5,16,19,0.8116959407350943
clean-calibration,19,349.5,350.5,350.5,16,20,0.6351391965948301
clean-calibration,19,349.5,350.5,350.5,16,23,0.5402031308774414
clean-calibration,19,349.5,350.5,350.5,16,30,1.260885252143987
clean-calibration,19,349.5,350.5,350.5,19,20,0.3840662285772398
clean-calibration,19,349.5,350.5,350.5,19,23,1.2187035541654982
clean-calibration,19,349.5,350.5,350.5,19,30,1.7638121096996806
clean-calibration,19,349.5,350.5,350.5,20,23,0.4144388204100512
clean-calibration,19,349.5,350.5,350.5,20,30,1.3451607947951032
clean-calibration,19,349.5,350.5,350.5,23,30,0.4066575546835828
clean-calibration,20,350.0,351.0,351.0,3,6,2.155735011960499
clean-calibration,20,350.0,351.0,351.0,3,7,0.6253282595711315
clean-calibration,20,350.0,351.0,351.0,3,8,229303.7875546467
clean-calibration,20,350.0,351.0,351.0,3,10,1.1870787544541166
clean-calibration,20,350.0,351.0,351.0,3,13,0.3255541762988864
clean-calibration,20,350.0,351.0,351.0,3,16,0.7728971234441279
clean-calibration,20,350.0,351.0,351.0,3,19,0.2921508298204213
clean-calibration,20,350.0,351.0,351.0,3,20,0.2679395762788986
clean-calibration,20,350.0,351.0,351.0,3,23,0.5875443545372931
clean-calibration,20,350.0,351.0,351.0,3,30,0.7172039514283991
clean-calibration,20,350.0,351.0,351.0,6,7,0.3642557899013177
clean-calibration,20,350.0,351.0,351.0,6,8,229267.6040205807
clean-calibration,20,350.0,351.0,351.0,6,10,0.7940435767175866
clean-calibration,20,350.0,351.0,351.0,6,13,0.49858084050892926
clean-calibration,20,350.0,351.0,351.0,6,16,1.70514577665038
clean-calibration,20,350.0,351.0,351.0,6,19,0.6627997190898299
clean-calibration,20,350.0,351.0,351.0,6,20,0.3326972109251617
clean-calibration,20,350.0,351.0,351.0,6,23,0.6332585976911009
clean-calibration,20,350.0,351.0,351.0,6,30,1.0114273307595567
clean-calibration,20,350.0,351.0,351.0,7,8,228596.85748731717
clean-calibration,20,350.0,351.0,351.0,7,10,0.39980527811509875
clean-calibration,20,350.0,351.0,351.0,7,13,0.720606317754618
clean-calibration,20,350.0,351.0,351.0,7,16,0.7465008171486882
clean-calibration,20,350.0,351.0,351.0,7,19,0.7599683241195553
clean-calibration,20,350.0,351.0,351.0,7,20,0.7540813023291851
clean-calibration,20,350.0,351.0,351.0,7,23,1.3083173001741835
clean-calibration,20,350.0,351.0,351.0,7,30,0.6999372551345036
clean-calibration,20,350.0,351.0,351.0,8,10,229201.2153868805
clean-calibration,20,350.0,351.0,351.0,8,13,229087.71332623408
clean-calibration,20,350.0,351.0,351.0,8,16,228778.99027674086
clean-calibration,20,350.0,351.0,351.0,8,19,229016.94478331655
clean-calibration,20,350.0,351.0,351.0,8,20,228570.0859367801
clean-calibration,20,350.0,351.0,351.0,8,23,229190.27875965126
clean-calibration,20,350.0,351.0,351.0,8,30,228767.98026052825
clean-calibration,20,350.0,351.0,351.0,10,13,0.17997224602450007
clean-calibration,20,350.0,351.0,351.0,10,16,0.5255889665483788
clean-calibration,20,350.0,351.0,351.0,10,19,0.5746132944901142
clean-calibration,20,350.0,351.0,351.0,10,20,0.6598822044759611
clean-calibration,20,350.0,351.0,351.0,10,23,0.5262598479640145
clean-calibration,20,350.0,351.0,351.0,10,30,0.9816248133869081
clean-calibration,20,350.0,351.0,351.0,13,16,0.7721155152472376
clean-calibration,20,350.0,351.0,351.0,13,19,0.9580418730666107
clean-calibration,20,350.0,351.0,351.0,13,20,0.43790683962009497
clean-calibration,20,350.0,351.0,351.0,13,23,0.6884561772080602
clean-calibration,20,350.0,351.0,351.0,13,30,0.8559406252500299
clean-calibration,20,350.0,351.0,351.0,16,19,0.6028870412121342
clean-calibration,20,350.0,351.0,351.0,16,20,0.8917649727677889
clean-calibration,20,350.0,351.0,351.0,16,23,0.6692366761546003
clean-calibration,20,350.0,351.0,351.0,16,30,0.86808760588398
clean-calibration,20,350.0,351.0,351.0,19,20,0.748251326304057
clean-calibration,20,350.0,351.0,351.0,19,23,0.5328987406672546
clean-calibration,20,350.0,351.0,351.0,19,30,0.950128878302567
clean-calibration,20,350.0,351.0,351.0,20,23,0.6843855349584012
clean-calibration,20,350.0,351.0,351.0,20,30,1.8521252502857581
clean-calibration,20,350.0,351.0,351.0,23,30,0.538270605496009
clean-calibration,21,350.5,351.5,351.5,3,6,0.8845595803152445
clean-calibration,21,350.5,351.5,351.5,3,7,0.6406743205037508
clean-calibration,21,350.5,351.5,351.5,3,8,231803.7333260007
clean-calibration,21,350.5,351.5,351.5,3,10,0.42850955893030573
clean-calibration,21,350.5,351.5,351.5,3,13,0.32874063612205506
clean-calibration,21,350.5,351.5,351.5,3,16,0.5194930171291043
clean-calibration,21,350.5,351.5,351.5,3,19,0.336969420841973
clean-calibration,21,350.5,351.5,351.5,3,20,0.4418931350650289
clean-calibration,21,350.5,351.5,351.5,3,23,1.0483252860961492
clean-calibration,21,350.5,351.5,351.5,3,30,0.6166212811510342
clean-calibration,21,350.5,351.5,351.5,6,7,1.0648357346628392
clean-calibration,21,350.5,351.5,351.5,6,8,231710.64021589956
clean-calibration,21,350.5,351.5,351.5,6,10,0.3165919430983858
clean-calibration,21,350.5,351.5,351.5,6,13,0.4098139717723807
clean-calibration,21,350.5,351.5,351.5,6,16,0.49525430635399187
clean-calibration,21,350.5,351.5,351.5,6,19,0.5941442570658921
clean-calibration,21,350.5,351.5,351.5,6,20,0.45388908969488534
clean-calibration,21,350.5,351.5,351.5,6,23,1.0757412421135562
clean-calibration,21,350.5,351.5,351.5,6,30,0.6064977863127753
clean-calibration,21,350.5,351.5,351.5,7,8,231117.60582697313
clean-calibration,21,350.5,351.5,351.5,7,10,0.14133122040796614
clean-calibration,21,350.5,351.5,351.5,7,13,0.5612517586837791
clean-calibration,21,350.5,351.5,351.5,7,16,1.260976434967342
clean-calibration,21,350.5,351.5,351.5,7,19,0.6545924071524238
clean-calibration,21,350.5,351.5,351.5,7,20,0.6388604793293103
clean-calibration,21,350.5,351.5,351.5,7,23,0.4893797999404607
clean-calibration,21,350.5,351.5,351.5,7,30,1.216750833464718
clean-calibration,21,350.5,351.5,351.5,8,10,231693.8826348288
clean-calibration,21,350.5,351.5,351.5,8,13,231628.2744574498
clean-calibration,21,350.5,351.5,351.5,8,16,231273.77409470407
clean-calibration,21,350.5,351.5,351.5,8,19,231508.4414460163
clean-calibration,21,350.5,351.5,351.5,8,20,231043.311618432
clean-calibration,21,350.5,351.5,351.5,8,23,231698.55739716752
clean-calibration,21,350.5,351.5,351.5,8,30,231149.96410729125
clean-calibration,21,350.5,351.5,351.5,10,13,0.5746077894373609
clean-calibration,21,350.5,351.5,351.5,10,16,0.7912555547518323
clean-calibration,21,350.5,351.5,351.5,10,19,0.3268184203219403
clean-calibration,21,350.5,351.5,351.5,10,20,0.2640060359600773
clean-calibration,21,350.5,351.5,351.5,10,23,1.3767454464251183
clean-calibration,21,350.5,351.5,351.5,10,30,0.40023100566293285
clean-calibration,21,350.5,351.5,351.5,13,16,0.5956677356751843
clean-calibration,21,350.5,351.5,351.5,13,19,0.8091855403736188
clean-calibration,21,350.5,351.5,351.5,13,20,1.0038266028286233
clean-calibration,21,350.5,351.5,351.5,13,23,0.5182799950636731
clean-calibration,21,350.5,351.5,351.5,13,30,0.08807613909943386
clean-calibration,21,350.5,351.5,351.5,16,19,0.5908639057769344
clean-calibration,21,350.5,351.5,351.5,16,20,0.8934184680051566
clean-calibration,21,350.5,351.5,351.5,16,23,0.8474694310688615
clean-calibration,21,350.5,351.5,351.5,16,30,1.212375291736762
clean-calibration,21,350.5,351.5,351.5,19,20,0.5030773173271176
clean-calibration,21,350.5,351.5,351.5,19,23,1.107454257422093
clean-calibration,21,350.5,351.5,351.5,19,30,1.2046582771522156
clean-calibration,21,350.5,351.5,351.5,20,23,0.1840141272996076
clean-calibration,21,350.5,351.5,351.5,20,30,0.942140845818628
clean-calibration,21,350.5,351.5,351.5,23,30,0.1900100600058925
clean-calibration,22,351.0,352.0,352.0,3,6,0.594672716925885
clean-calibration,22,351.0,352.0,352.0,3,7,1.0277847731971619
clean-calibration,22,351.0,352.0,352.0,3,8,234624.44334527856
clean-calibration,22,351.0,352.0,352.0,3,10,0.7938678308982737
clean-calibration,22,351.0,352.0,352.0,3,13,0.5389806612868532
clean-calibration,22,351.0,352.0,352.0,3,16,0.5716644081250125
clean-calibration,22,351.0,352.0,352.0,3,19,1.0566545297312033
clean-calibration,22,351.0,352.0,352.0,3,20,0.3732826475886518
clean-calibration,22,351.0,352.0,352.0,3,23,0.7290068449758531
clean-calibration,22,351.0,352.0,352.0,3,30,0.3358525919504381
clean-calibration,22,351.0,352.0,352.0,6,7,0.7918912274043463
clean-calibration,22,351.0,352.0,352.0,6,8,234636.03906186408
clean-calibration,22,351.0,352.0,352.0,6,10,0.9080874516677426
clean-calibration,22,351.0,352.0,352.0,6,13,0.6252455532239248
clean-calibration,22,351.0,352.0,352.0,6,16,0.43687008407304634
clean-calibration,22,351.0,352.0,352.0,6,19,1.3769233576835433
clean-calibration,22,351.0,352.0,352.0,6,20,1.0073132475197875
clean-calibration,22,351.0,352.0,352.0,6,23,0.6892035216842618
clean-calibration,22,351.0,352.0,352.0,6,30,1.8368256666767642
clean-calibration,22,351.0,352.0,352.0,7,8,233935.30618349352
clean-calibration,22,351.0,352.0,352.0,7,10,0.9287252737659341
clean-calibration,22,351.0,352.0,352.0,7,13,0.5268880706636343
clean-calibration,22,351.0,352.0,352.0,7,16,1.7100249215496697
clean-calibration,22,351.0,352.0,352.0,7,19,1.3516904880663687
clean-calibration,22,351.0,352.0,352.0,7,20,0.4896192360521966
clean-calibration,22,351.0,352.0,352.0,7,23,0.541645896590198
clean-calibration,22,351.0,352.0,352.0,7,30,0.4652267107397656
clean-calibration,22,351.0,352.0,352.0,8,10,234658.4428984942
clean-calibration,22,351.0,352.0,352.0,8,13,234425.58125970303
clean-calibration,22,351.0,352.0,352.0,8,16,234136.50307385187
clean-calibration,22,351.0,352.0,352.0,8,19,234377.45154407987
clean-calibration,22,351.0,352.0,352.0,8,20,233947.85218659858
clean-calibration,22,351.0,352.0,352.0,8,23,234618.28060634504
clean-calibration,22,351.0,352.0,352.0,8,30,233917.56580010406
clean-calibration,22,351.0,352.0,352.0,10,13,1.0761846663635488
clean-calibration,22,351.0,352.0,352.0,10,16,1.0323102137766882
clean-calibration,22,351.0,352.0,352.0,10,19,0.42601465321915216
clean-calibration,22,351.0,352.0,352.0,10,20,0.4159547855056965
clean-calibration,22,351.0,352.0,352.0,10,23,0.6821540948929202
clean-calibration,22,351.0,352.0,352.0,10,30,0.7183709921688084
clean-calibration,22,351.0,352.0,352.0,13,16,0.7862653932384116
clean-calibration,22,351.0,352.0,352.0,13,19,1.3192981664376813
clean-calibration,22,351.0,352.0,352.0,13,20,0.6087692345497596
clean-calibration,22,351.0,352.0,352.0,13,23,0.5230874740430369
clean-calibration,22,351.0,352.0,352.0,13,30,0.49933676367499497
clean-calibration,22,351.0,352.0,352.0,16,19,0.9316106531400102
clean-calibration,22,351.0,352.0,352.0,16,20,0.9770063998680687
clean-calibration,22,351.0,352.0,352.0,16,23,0.40417001711731804
clean-calibration,22,351.0,352.0,352.0,16,30,0.6808593648941625
clean-calibration,22,351.0,352.0,352.0,19,20,0.9415538094492717
clean-calibration,22,351.0,352.0,352.0,19,23,1.2643539110992852
clean-calibration,22,351.0,352.0,352.0,19,30,2.444890916118395
clean-calibration,22,351.0,352.0,352.0,20,23,0.2657574546119632
clean-calibration,22,351.0,352.0,352.0,20,30,0.7734016178657293
clean-calibration,22,351.0,352.0,352.0,23,30,0.5408177722307153
clean-calibration,23,351.5,352.5,352.5,3,6,1.415789564974257
clean-calibration,23,351.5,352.5,352.5,3,7,0.6407062983079517
clean-calibration,23,351.5,352.5,352.5,3,8,237627.22151761534
clean-calibration,23,351.5,352.5,352.5,3,10,0.7469411683653474
clean-calibration,23,351.5,352.5,352.5,3,13,0.6246049595417491
clean-calibration,23,351.5,352.5,352.5,3,16,0.9623315921834716
clean-calibration,23,351.5,352.5,352.5,3,19,0.4756502722034696
clean-calibration,23,351.5,352.5,352.5,3,20,0.4170960255550396
clean-calibration,23,351.5,352.5,352.5,3,23,0.6885655481749788
clean-calibration,23,351.5,352.5,352.5,3,30,2.1003295943034623
clean-calibration,23,351.5,352.5,352.5,6,7,0.46281896921585997
clean-calibration,23,351.5,352.5,352.5,6,8,237578.41299058512
clean-calibration,23,351.5,352.5,352.5,6,10,1.0392698831587923
clean-calibration,23,351.5,352.5,352.5,6,13,1.5457562888865204
clean-calibration,23,351.5,352.5,352.5,6,16,0.8156007902811473
clean-calibration,23,351.5,352.5,352.5,6,19,1.069429352749745
clean-calibration,23,351.5,352.5,352.5,6,20,0.5881008488467039
clean-calibration,23,351.5,352.5,352.5,6,23,1.0238662647915402
clean-calibration,23,351.5,352.5,352.5,6,30,1.2131314642937037
clean-calibration,23,351.5,352.5,352.5,7,8,236978.26085493923
clean-calibration,23,351.5,352.5,352.5,7,10,0.8919771844335893
clean-calibration,23,351.5,352.5,352.5,7,13,0.40895755228351655
clean-calibration,23,351.5,352.5,352.5,7,16,1.0310057328234468
clean-calibration,23,351.5,352.5,352.5,7,19,0.4813220534453345
clean-calibration,23,351.5,352.5,352.5,7,20,0.5366178254299685
clean-calibration,23,351.5,352.5,352.5,7,23,0.5221425903248295
clean-calibration,23,351.5,352.5,352.5,7,30,1.4522826579259174
clean-calibration,23,351.5,352.5,352.5,8,10,237546.31894239938
clean-calibration,23,351.5,352.5,352.5,8,13,237440.3661914693
clean-calibration,23,351.5,352.5,352.5,8,16,237176.8505580846
clean-calibration,23,351.5,352.5,352.5,8,19,237328.5941745019
clean-calibration,23,351.5,352.5,352.5,8,20,236867.8829016715
clean-calibration,23,351.5,352.5,352.5,8,23,237580.48863567295
clean-calibration,23,351.5,352.5,352.5,8,30,236948.5833710342
clean-calibration,23,351.5,352.5,352.5,10,13,1.2603328582640578
clean-calibration,23,351.5,352.5,352.5,10,16,0.2513768951033994
clean-calibration,23,351.5,352.5,352.5,10,19,1.4588221275696132
clean-calibration,23,351.5,352.5,352.5,10,20,0.8009535818316896
clean-calibration,23,351.5,352.5,352.5,10,23,0.5899000098118122
clean-calibration,23,351.5,352.5,352.5,10,30,1.751824534508709
clean-calibration,23,351.5,352.5,352.5,13,16,1.308960799755843
clean-calibration,23,351.5,352.5,352.5,13,19,1.0046486949472473
clean-calibration,23,351.5,352.5,352.5,13,20,0.3242603580212576
clean-calibration,23,351.5,352.5,352.5,13,23,0.45278108603215717
clean-calibration,23,351.5,352.5,352.5,13,30,0.4524002065639083
clean-calibration,23,351.5,352.5,352.5,16,19,0.4357495746398977
clean-calibration,23,351.5,352.5,352.5,16,20,0.6372142477231618
clean-calibration,23,351.5,352.5,352.5,16,23,1.4417067317715373
clean-calibration,23,351.5,352.5,352.5,16,30,0.40406691946905343
clean-calibration,23,351.5,352.5,352.5,19,20,0.3009922343194063
clean-calibration,23,351.5,352.5,352.5,19,23,1.01007048233167
clean-calibration,23,351.5,352.5,352.5,19,30,2.0602748157514035
clean-calibration,23,351.5,352.5,352.5,20,23,0.6052472045679991
clean-calibration,23,351.5,352.5,352.5,20,30,0.8823113009331663
clean-calibration,23,351.5,352.5,352.5,23,30,0.21238560136744997
clean-calibration,24,352.0,353.0,353.0,3,6,1.7855068464053123
clean-calibration,24,352.0,353.0,353.0,3,7,1.0412056307548645
clean-calibration,24,352.0,353.0,353.0,3,8,240433.20369878918
clean-calibration,24,352.0,353.0,353.0,3,10,0.3318247934437196
clean-calibration,24,352.0,353.0,353.0,3,13,1.1601611526866862
clean-calibration,24,352.0,353.0,353.0,3,16,0.7326592485790153
clean-calibration,24,352.0,353.0,353.0,3,19,0.4612862747932831
clean-calibration,24,352.0,353.0,353.0,3,20,0.6986509648470584
clean-calibration,24,352.0,353.0,353.0,3,23,0.3773639514560662
clean-calibration,24,352.0,353.0,353.0,3,30,0.4114718883172288
clean-calibration,24,352.0,353.0,353.0,6,7,1.1285752472644912
clean-calibration,24,352.0,353.0,353.0,6,8,240313.18514049193
clean-calibration,24,352.0,353.0,353.0,6,10,0.6111753899822043
clean-calibration,24,352.0,353.0,353.0,6,13,1.021414977277498
clean-calibration,24,352.0,353.0,353.0,6,16,1.3389621503698694
clean-calibration,24,352.0,353.0,353.0,6,19,0.9018115410504516
clean-calibration,24,352.0,353.0,353.0,6,20,0.31722751993045056
clean-calibration,24,352.0,353.0,353.0,6,23,0.7751421052124462
clean-calibration,24,352.0,353.0,353.0,6,30,1.4483866040845161
clean-calibration,24,352.0,353.0,353.0,7,8,239675.16117662046
clean-calibration,24,352.0,353.0,353.0,7,10,0.6136148523457527
clean-calibration,24,352.0,353.0,353.0,7,13,0.38025022519445606
clean-calibration,24,352.0,353.0,353.0,7,16,0.9399322511793983
clean-calibration,24,352.0,353.0,353.0,7,19,0.5034120898785431
clean-calibration,24,352.0,353.0,353.0,7,20,0.8074015844053862
clean-calibration,24,352.0,353.0,353.0,7,23,0.7198034134022389
clean-calibration,24,352.0,353.0,353.0,7,30,1.2403083317563979
clean-calibration,24,352.0,353.0,353.0,8,10,240268.79503008505
clean-calibration,24,352.0,353.0,353.0,8,13,240166.29967015833
clean-calibration,24,352.0,353.0,353.0,8,16,239904.5273484718
clean-calibration,24,352.0,353.0,353.0,8,19,240096.71375245825
clean-calibration,24,352.0,353.0,353.0,8,20,239749.80719660159
clean-calibration,24,352.0,353.0,353.0,8,23,240345.96531930877
clean-calibration,24,352.0,353.0,353.0,8,30,239680.31058067534
clean-calibration,24,352.0,353.0,353.0,10,13,0.4916404746967677
clean-calibration,24,352.0,353.0,353.0,10,16,0.8513462107812767
clean-calibration,24,352.0,353.0,353.0,10,19,1.2164511695683662
clean-calibration,24,352.0,353.0,353.0,10,20,1.4134513393974408
clean-calibration,24,352.0,353.0,353.0,10,23,0.62054636498117
clean-calibration,24,352.0,353.0,353.0,10,30,0.6764144714943692
clean-calibration,24,352.0,353.0,353.0,13,16,0.5240563482221894
clean-calibration,24,352.0,353.0,353.0,13,19,0.5651038295833846
clean-calibration,24,352.0,353.0,353.0,13,20,0.6583974906163117
clean-calibration,24,352.0,353.0,353.0,13,23,0.604449527376704
clean-calibration,24,352.0,353.0,353.0,13,30,0.23128133952457847
clean-calibration,24,352.0,353.0,353.0,16,19,0.39433758305459005
clean-calibration,24,352.0,353.0,353.0,16,20,0.8181556692889964
clean-calibration,24,352.0,353.0,353.0,16,23,1.1226514857630283
clean-calibration,24,352.0,353.0,353.0,16,30,0.5759828819668286
clean-calibration,24,352.0,353.0,353.0,19,20,0.16183081527189758
clean-calibration,24,352.0,353.0,353.0,19,23,0.8511044944932772
clean-calibration,24,352.0,353.0,353.0,19,30,0.30665562808477265
clean-calibration,24,352.0,353.0,353.0,20,23,0.748880650356297
clean-calibration,24,352.0,353.0,353.0,20,30,1.3632905470011347
clean-calibration,24,352.0,353.0,353.0,23,30,0.39594930463296857
clean-calibration,25,352.5,353.5,353.5,3,6,0.5361302885594886
clean-calibration,25,352.5,353.5,353.5,3,7,1.3860287342299968
clean-calibration,25,352.5,353.5,353.5,3,8,243238.81884648377
clean-calibration,25,352.5,353.5,353.5,3,10,0.803550843552923
clean-calibration,25,352.5,353.5,353.5,3,13,1.0911412416812027
clean-calibration,25,352.5,353.5,353.5,3,16,0.5314099471945436
clean-calibration,25,352.5,353.5,353.5,3,19,0.8241605073943644
clean-calibration,25,352.5,353.5,353.5,3,20,0.7515279033049962
clean-calibration,25,352.5,353.5,353.5,3,23,0.9597905769109023
clean-calibration,25,352.5,353.5,353.5,3,30,2.2635750459173174
clean-calibration,25,352.5,353.5,353.5,6,7,1.1341890675223165
clean-calibration,25,352.5,353.5,353.5,6,8,243191.41956976074
clean-calibration,25,352.5,353.5,353.5,6,10,0.6298360290476764
clean-calibration,25,352.5,353.5,353.5,6,13,0.5360982477476272
clean-calibration,25,352.5,353.5,353.5,6,16,0.5065866972946967
clean-calibration,25,352.5,353.5,353.5,6,19,1.4501172857216944
clean-calibration,25,352.5,353.5,353.5,6,20,0.81173310870734
clean-calibration,25,352.5,353.5,353.5,6,23,0.4334943605895211
clean-calibration,25,352.5,353.5,353.5,6,30,0.560855595994328
clean-calibration,25,352.5,353.5,353.5,7,8,242549.88849578318
clean-calibration,25,352.5,353.5,353.5,7,10,0.23502974705289809
clean-calibration,25,352.5,353.5,353.5,7,13,0.7345904544763815
clean-calibration,25,352.5,353.5,353.5,7,16,2.077621140971833
clean-calibration,25,352.5,353.5,353.5,7,19,0.4356252531376656
clean-calibration,25,352.5,353.5,353.5,7,20,0.9286724761551971
clean-calibration,25,352.5,353.5,353.5,7,23,1.1076786581534908
clean-calibration,25,352.5,353.5,353.5,7,30,1.232961624596927
clean-calibration,25,352.5,353.5,353.5,8,10,243162.82002848908
clean-calibration,25,352.5,353.5,353.5,8,13,243033.78242810164
clean-calibration,25,352.5,353.5,353.5,8,16,242711.5784756423
clean-calibration,25,352.5,353.5,353.5,8,19,242921.91546974983
clean-calibration,25,352.5,353.5,353.5,8,20,242466.72410956112
clean-calibration,25,352.5,353.5,353.5,8,23,243168.17540808028
clean-calibration,25,352.5,353.5,353.5,8,30,242544.52573927754
clean-calibration,25,352.5,353.5,353.5,10,13,0.6664026556519478
clean-calibration,25,352.5,353.5,353.5,10,16,0.8369083850339006
clean-calibration,25,352.5,353.5,353.5,10,19,1.3485013834400719
clean-calibration,25,352.5,353.5,353.5,10,20,1.1940348821674296
clean-calibration,25,352.5,353.5,353.5,10,23,0.5196565435299154
clean-calibration,25,352.5,353.5,353.5,10,30,0.7088493393243761
clean-calibration,25,352.5,353.5,353.5,13,16,1.050936968809983
clean-calibration,25,352.5,353.5,353.5,13,19,0.9536040772056188
clean-calibration,25,352.5,353.5,353.5,13,20,0.6153805776232902
clean-calibration,25,352.5,353.5,353.5,13,23,0.32675816236448785
clean-calibration,25,352.5,353.5,353.5,13,30,0.8448959639770589
clean-calibration,25,352.5,353.5,353.5,16,19,0.7977452701399406
clean-calibration,25,352.5,353.5,353.5,16,20,0.47105454800694685
clean-calibration,25,352.5,353.5,353.5,16,23,0.6342986695733341
clean-calibration,25,352.5,353.5,353.5,16,30,1.2678362941994012
clean-calibration,25,352.5,353.5,353.5,19,20,0.6122852777893956
clean-calibration,25,352.5,353.5,353.5,19,23,0.9331069914563394
clean-calibration,25,352.5,353.5,353.5,19,30,1.0035376823034112
clean-calibration,25,352.5,353.5,353.5,20,23,0.5992024028999001
clean-calibration,25,352.5,353.5,353.5,20,30,1.4602833074911057
clean-calibration,25,352.5,353.5,353.5,23,30,0.2033029993309033
clean-calibration,26,353.0,354.0,354.0,3,6,1.814897314391819
clean-calibration,26,353.0,354.0,354.0,3,7,0.6146505335090621
clean-calibration,26,353.0,354.0,354.0,3,8,245846.34661374427
clean-calibration,26,353.0,354.0,354.0,3,10,0.38650489386917064
clean-calibration,26,353.0,354.0,354.0,3,13,0.8865112954332208
clean-calibration,26,353.0,354.0,354.0,3,16,0.7124400020515401
clean-calibration,26,353.0,354.0,354.0,3,19,0.6702733728042255
clean-calibration,26,353.0,354.0,354.0,3,20,0.2638287190467937
clean-calibration,26,353.0,354.0,354.0,3,23,1.218886073612824
clean-calibration,26,353.0,354.0,354.0,3,30,0.73071836702394
clean-calibration,26,353.0,354.0,354.0,6,7,0.5982480770142108
clean-calibration,26,353.0,354.0,354.0,6,8,245790.05199419457
clean-calibration,26,353.0,354.0,354.0,6,10,1.3396542322014013
clean-calibration,26,353.0,354.0,354.0,6,13,3.4648567912963855
clean-calibration,26,353.0,354.0,354.0,6,16,0.4020395317187447
clean-calibration,26,353.0,354.0,354.0,6,19,0.658700655574225
clean-calibration,26,353.0,354.0,354.0,6,20,0.44897589773347474
clean-calibration,26,353.0,354.0,354.0,6,23,0.35019243416990664
clean-calibration,26,353.0,354.0,354.0,6,30,1.2901101011488036
clean-calibration,26,353.0,354.0,354.0,7,8,245203.20672159665
clean-calibration,26,353.0,354.0,354.0,7,10,1.2025860675494477
clean-calibration,26,353.0,354.0,354.0,7,13,1.1872020274439101
clean-calibration,26,353.0,354.0,354.0,7,16,1.0725566403115432
clean-calibration,26,353.0,354.0,354.0,7,19,0.4735026508862193
clean-calibration,26,353.0,354.0,354.0,7,20,0.8075204400516298
clean-calibration,26,353.0,354.0,354.0,7,23,1.4141943161730663
clean-calibration,26,353.0,354.0,354.0,7,30,0.8611335232960979
clean-calibration,26,353.0,354.0,354.0,8,10,245737.9792119058
clean-calibration,26,353.0,354.0,354.0,8,13,245648.42138385875
clean-calibration,26,353.0,354.0,354.0,8,16,245326.53241804283
clean-calibration,26,353.0,354.0,354.0,8,19,245542.4988737873
clean-calibration,26,353.0,354.0,354.0,8,20,245102.37074022234
clean-calibration,26,353.0,354.0,354.0,8,23,245824.61926573073
clean-calibration,26,353.0,354.0,354.0,8,30,245153.62620060705
clean-calibration,26,353.0,354.0,354.0,10,13,0.550363897067878
clean-calibration,26,353.0,354.0,354.0,10,16,0.25016881404203467
clean-calibration,26,353.0,354.0,354.0,10,19,1.1533307244561164
clean-calibration,26,353.0,354.0,354.0,10,20,0.7466250173318318
clean-calibration,26,353.0,354.0,354.0,10,23,1.002211776788505
clean-calibration,26,353.0,354.0,354.0,10,30,0.6714122194810889
clean-calibration,26,353.0,354.0,354.0,13,16,1.8715827073454627
clean-calibration,26,353.0,354.0,354.0,13,19,0.7025230988904378
clean-calibration,26,353.0,354.0,354.0,13,20,0.5045558902355627
clean-calibration,26,353.0,354.0,354.0,13,23,0.8933978594391047
clean-calibration,26,353.0,354.0,354.0,13,30,1.479351772880715
clean-calibration,26,353.0,354.0,354.0,16,19,0.744870886104005
clean-calibration,26,353.0,354.0,354.0,16,20,0.3703683813632233
clean-calibration,26,353.0,354.0,354.0,16,23,0.6206795611368553
clean-calibration,26,353.0,354.0,354.0,16,30,1.9560794411166096
clean-calibration,26,353.0,354.0,354.0,19,20,0.32641661554376156
clean-calibration,26,353.0,354.0,354.0,19,23,0.7178054981204358
clean-calibration,26,353.0,354.0,354.0,19,30,0.18869988462296886
clean-calibration,26,353.0,354.0,354.0,20,23,0.5796491419859112
clean-calibration,26,353.0,354.0,354.0,20,30,0.8965906752809069
clean-calibration,26,353.0,354.0,354.0,23,30,0.4331440920693074
clean-calibration,27,353.5,354.5,354.5,3,6,1.400833806091014
clean-calibration,27,353.5,354.5,354.5,3,7,0.8040633062778273
clean-calibration,27,353.5,354.5,354.5,3,8,248855.18789567758
clean-calibration,27,353.5,354.5,354.5,3,10,0.655337906280688
clean-calibration,27,353.5,354.5,354.5,3,13,0.400715547871439
clean-calibration,27,353.5,354.5,354.5,3,16,0.5675178000590361
clean-calibration,27,353.5,354.5,354.5,3,19,0.855843487775999
clean-calibration,27,353.5,354.5,354.5,3,20,0.8121580803856825
clean-calibration,27,353.5,354.5,354.5,3,23,1.6739357366814633
clean-calibration,27,353.5,354.5,354.5,3,30,0.210009565344556
clean-calibration,27,353.5,354.5,354.5,6,7,0.6115060145908857
clean-calibration,27,353.5,354.5,354.5,6,8,248801.6299635335
clean-calibration,27,353.5,354.5,354.5,6,10,1.421341793832315
clean-calibration,27,353.5,354.5,354.5,6,13,0.6666422264542675
clean-calibration,27,353.5,354.5,354.5,6,16,0.722507059904349
clean-calibration,27,353.5,354.5,354.5,6,19,0.39872052801081925
clean-calibration,27,353.5,354.5,354.5,6,20,0.613921767803632
clean-calibration,27,353.5,354.5,354.5,6,23,0.8011951703527336
clean-calibration,27,353.5,354.5,354.5,6,30,1.0395311172830988
clean-calibration,27,353.5,354.5,354.5,7,8,248128.7256024059
clean-calibration,27,353.5,354.5,354.5,7,10,0.19596506269849806
clean-calibration,27,353.5,354.5,354.5,7,13,0.5304588951560826
clean-calibration,27,353.5,354.5,354.5,7,16,0.3734394950808536
clean-calibration,27,353.5,354.5,354.5,7,19,0.929099050813118
clean-calibration,27,353.5,354.5,354.5,7,20,1.33943413658665
clean-calibration,27,353.5,354.5,354.5,7,23,0.35456808278621077
clean-calibration,27,353.5,354.5,354.5,7,30,0.9710698169581079
clean-calibration,27,353.5,354.5,354.5,8,10,248757.3815456931
clean-calibration,27,353.5,354.5,354.5,8,13,248592.21461475204
clean-calibration,27,353.5,354.5,354.5,8,16,248294.4615224332
clean-calibration,27,353.5,354.5,354.5,8,19,248511.32703472773
clean-calibration,27,353.5,354.5,354.5,8,20,248157.98908102722
clean-calibration,27,353.5,354.5,354.5,8,23,248749.53962639364
clean-calibration,27,353.5,354.5,354.5,8,30,248105.3493645809
clean-calibration,27,353.5,354.5,354.5,10,13,1.4667786171934907
clean-calibration,27,353.5,354.5,354.5,10,16,0.9995241736071243
clean-calibration,27,353.5,354.5,354.5,10,19,0.6921416761523596
clean-calibration,27,353.5,354.5,354.5,10,20,0.8222450800550151
clean-calibration,27,353.5,354.5,354.5,10,23,1.0762224919225023
clean-calibration,27,353.5,354.5,354.5,10,30,0.2134585450230158
clean-calibration,27,353.5,354.5,354.5,13,16,0.29555783861037693
clean-calibration,27,353.5,354.5,354.5,13,19,1.3440118341377358
clean-calibration,27,353.5,354.5,354.5,13,20,0.8205034978631547
clean-calibration,27,353.5,354.5,354.5,13,23,1.146701825810927
clean-calibration,27,353.5,354.5,354.5,13,30,0.4901551897346942
clean-calibration,27,353.5,354.5,354.5,16,19,0.8959427345858003
clean-calibration,27,353.5,354.5,354.5,16,20,0.8316225605074988
clean-calibration,27,353.5,354.5,354.5,16,23,0.485640103283977
clean-calibration,27,353.5,354.5,354.5,16,30,1.0406101146649323
clean-calibration,27,353.5,354.5,354.5,19,20,0.6300149241978237
clean-calibration,27,353.5,354.5,354.5,19,23,0.835883295124517
clean-calibration,27,353.5,354.5,354.5,19,30,1.4365025986197117
clean-calibration,27,353.5,354.5,354.5,20,23,0.5933692039253637
clean-calibration,27,353.5,354.5,354.5,20,30,0.8054124457199482
clean-calibration,27,353.5,354.5,354.5,23,30,0.8810208646599282
clean-calibration,28,354.0,355.0,355.0,3,6,0.6365153042723746
clean-calibration,28,354.0,355.0,355.0,3,7,0.5756237691330343
clean-calibration,28,354.0,355.0,355.0,3,8,251267.8824305268
clean-calibration,28,354.0,355.0,355.0,3,10,1.1502981020699719
clean-calibration,28,354.0,355.0,355.0,3,13,0.5372489205323253
clean-calibration,28,354.0,355.0,355.0,3,16,0.8186308356419195
clean-calibration,28,354.0,355.0,355.0,3,19,0.82811029212342
clean-calibration,28,354.0,355.0,355.0,3,20,1.062374333885405
clean-calibration,28,354.0,355.0,355.0,3,23,0.9837900993508668
clean-calibration,28,354.0,355.0,355.0,3,30,0.35065101823505207
clean-calibration,28,354.0,355.0,355.0,6,7,0.27755382788856126
clean-calibration,28,354.0,355.0,355.0,6,8,251182.2865023845
clean-calibration,28,354.0,355.0,355.0,6,10,0.8241265761683667
clean-calibration,28,354.0,355.0,355.0,6,13,0.38758235469662156
clean-calibration,28,354.0,355.0,355.0,6,16,0.7044027341335724
clean-calibration,28,354.0,355.0,355.0,6,19,0.8260611869966048
clean-calibration,28,354.0,355.0,355.0,6,20,0.47016553276548717
clean-calibration,28,354.0,355.0,355.0,6,23,0.6017466051665984
clean-calibration,28,354.0,355.0,355.0,6,30,0.8339247102419977
clean-calibration,28,354.0,355.0,355.0,7,8,250528.43111017253
clean-calibration,28,354.0,355.0,355.0,7,10,1.1963338807274135
clean-calibration,28,354.0,355.0,355.0,7,13,1.49298186621136
clean-calibration,28,354.0,355.0,355.0,7,16,1.6622079857261294
clean-calibration,28,354.0,355.0,355.0,7,19,1.071168823724128
clean-calibration,28,354.0,355.0,355.0,7,20,1.7436677711617918
clean-calibration,28,354.0,355.0,355.0,7,23,0.9102413733437114
clean-calibration,28,354.0,355.0,355.0,7,30,0.6228122415206184
clean-calibration,28,354.0,355.0,355.0,8,10,251056.0844900866
clean-calibration,28,354.0,355.0,355.0,8,13,250980.14427280062
clean-calibration,28,354.0,355.0,355.0,8,16,250668.07599491853
clean-calibration,28,354.0,355.0,355.0,8,19,250994.46234736312
clean-calibration,28,354.0,355.0,355.0,8,20,250414.16281643682
clean-calibration,28,354.0,355.0,355.0,8,23,251167.9329083098
clean-calibration,28,354.0,355.0,355.0,8,30,250537.80566548315
clean-calibration,28,354.0,355.0,355.0,10,13,1.4033665484669104
clean-calibration,28,354.0,355.0,355.0,10,16,0.7090994009892861
clean-calibration,28,354.0,355.0,355.0,10,19,1.0093491954555946
clean-calibration,28,354.0,355.0,355.0,10,20,2.0333996628019717
clean-calibration,28,354.0,355.0,355.0,10,23,0.793068108131625
clean-calibration,28,354.0,355.0,355.0,10,30,0.29562125795754574
clean-calibration,28,354.0,355.0,355.0,13,16,0.7749024475347726
clean-calibration,28,354.0,355.0,355.0,13,19,1.3296657394737212
clean-calibration,28,354.0,355.0,355.0,13,20,2.1904720681354233
clean-calibration,28,354.0,355.0,355.0,13,23,0.726486014826131
clean-calibration,28,354.0,355.0,355.0,13,30,0.3991251050424015
clean-calibration,28,354.0,355.0,355.0,16,19,0.9354507680704132
clean-calibration,28,354.0,355.0,355.0,16,20,1.0918316795912868
clean-calibration,28,354.0,355.0,355.0,16,23,0.833517118769131
clean-calibration,28,354.0,355.0,355.0,16,30,0.8218669276018516
clean-calibration,28,354.0,355.0,355.0,19,20,0.3507724421273127
clean-calibration,28,354.0,355.0,355.0,19,23,0.6483578637750788
clean-calibration,28,354.0,355.0,355.0,19,30,1.4207300713605406
clean-calibration,28,354.0,355.0,355.0,20,23,0.9143838307890517
clean-calibration,28,354.0,355.0,355.0,20,30,0.9433825420228429
clean-calibration,28,354.0,355.0,355.0,23,30,0.443461766796205
clean-calibration,29,354.5,355.5,355.5,3,6,0.10685776462488814
clean-calibration,29,354.5,355.5,355.5,3,7,1.44340176451856
clean-calibration,29,354.5,355.5,355.5,3,10,0.603787604838356
clean-calibration,29,354.5,355.5,355.5,3,13,0.5043091961620826
clean-calibration,29,354.5,355.5,355.5,3,16,0.9416835832809868
clean-calibration,29,354.5,355.5,355.5,3,19,1.1931188492576632
clean-calibration,29,354.5,355.5,355.5,3,20,1.1606680551803998
clean-calibration,29,354.5,355.5,355.5,3,23,0.6221379887747531
clean-calibration,29,354.5,355.5,355.5,3,30,0.6953833323704665
clean-calibration,29,354.5,355.5,355.5,6,7,0.5199655547293641
clean-calibration,29,354.5,355.5,355.5,6,10,0.3724043875071859
clean-calibration,29,354.5,355.5,355.5,6,13,0.4096356204344394
clean-calibration,29,354.5,355.5,355.5,6,16,0.1673708228898217
clean-calibration,29,354.5,355.5,355.5,6,19,0.7530914104530804
clean-calibration,29,354.5,355.5,355.5,6,20,1.0373390394734237
clean-calibration,29,354.5,355.5,355.5,6,23,0.4216357370360447
clean-calibration,29,354.5,355.5,355.5,6,30,0.27819381552837613
clean-calibration,29,354.5,355.5,355.5,7,10,0.4854383984318383
clean-calibration,29,354.5,355.5,355.5,7,13,0.15571030685790316
clean-calibration,29,354.5,355.5,355.5,7,16,1.4070152217803886
clean-calibration,29,354.5,355.5,355.5,7,19,1.3645969022677082
clean-calibration,29,354.5,355.5,355.5,7,20,0.8583698469278034
clean-calibration,29,354.5,355.5,355.5,7,23,1.3585076013709854
clean-calibration,29,354.5,355.5,355.5,7,30,0.1457726013125124
clean-calibration,29,354.5,355.5,355.5,10,13,0.699957343239026
clean-calibration,29,354.5,355.5,355.5,10,16,0.5938928861634979
clean-calibration,29,354.5,355.5,355.5,10,19,0.5828652282029254
clean-calibration,29,354.5,355.5,355.5,10,20,1.0725818681758374
clean-calibration,29,354.5,355.5,355.5,10,23,0.40411327408835335
clean-calibration,29,354.5,355.5,355.5,10,30,0.6328638210124803
clean-calibration,29,354.5,355.5,355.5,13,16,0.7402044587376133
clean-calibration,29,354.5,355.5,355.5,13,19,3.113234240833807
clean-calibration,29,354.5,355.5,355.5,13,20,0.9819130126872138
clean-calibration,29,354.5,355.5,355.5,13,23,0.9261650223118683
clean-calibration,29,354.5,355.5,355.5,13,30,0.5443957592812743
clean-calibration,29,354.5,355.5,355.5,16,19,0.33421537146649355
clean-calibration,29,354.5,355.5,355.5,16,20,1.2134124231557557
clean-calibration,29,354.5,355.5,355.5,16,23,1.1272533576226191
clean-calibration,29,354.5,355.5,355.5,16,30,0.4728530893865865
clean-calibration,29,354.5,355.5,355.5,19,20,1.214937847127239
clean-calibration,29,354.5,355.5,355.5,19,23,0.29972506849426883
clean-calibration,29,354.5,355.5,355.5,19,30,0.602364438180611
clean-calibration,29,354.5,355.5,355.5,20,23,0.9716241460313959
clean-calibration,29,354.5,355.5,355.5,20,30,0.5299277906679905
clean-calibration,29,354.5,355.5,355.5,23,30,0.9054787155241997
clean-calibration,30,355.0,356.0,356.0,3,6,0.5532754712054431
clean-calibration,30,355.0,356.0,356.0,3,7,0.9582529829339752
clean-calibration,30,355.0,356.0,356.0,3,10,0.5902447298033034
clean-calibration,30,355.0,356.0,356.0,3,13,0.9219521760780063
clean-calibration,30,355.0,356.0,356.0,3,16,0.7612326673484462
clean-calibration,30,355.0,356.0,356.0,3,19,0.565361610926015
clean-calibration,30,355.0,356.0,356.0,3,20,0.5621471631503118
clean-calibration,30,355.0,356.0,356.0,3,23,0.7859425762218601
clean-calibration,30,355.0,356.0,356.0,3,30,1.5175037847691342
clean-calibration,30,355.0,356.0,356.0,6,7,0.6051206198568243
clean-calibration,30,355.0,356.0,356.0,6,10,0.31050104673318213
clean-calibration,30,355.0,356.0,356.0,6,13,0.9998073780693364
clean-calibration,30,355.0,356.0,356.0,6,16,0.18640391112745935
clean-calibration,30,355.0,356.0,356.0,6,19,0.7343721871506138
clean-calibration,30,355.0,356.0,356.0,6,20,0.20092059251401123
clean-calibration,30,355.0,356.0,356.0,6,23,0.37328376824785103
clean-calibration,30,355.0,356.0,356.0,6,30,0.39531290899829424
clean-calibration,30,355.0,356.0,356.0,7,10,0.8873181966770577
clean-calibration,30,355.0,356.0,356.0,7,13,0.5208982453902877
clean-calibration,30,355.0,356.0,356.0,7,16,1.0134948635410865
clean-calibration,30,355.0,356.0,356.0,7,19,0.5172807374999062
clean-calibration,30,355.0,356.0,356.0,7,20,1.1523223129963416
clean-calibration,30,355.0,356.0,356.0,7,23,0.9855921160895275
clean-calibration,30,355.0,356.0,356.0,7,30,0.9841240254691254
clean-calibration,30,355.0,356.0,356.0,10,13,1.3741692605338935
clean-calibration,30,355.0,356.0,356.0,10,16,0.29560552126956574
clean-calibration,30,355.0,356.0,356.0,10,19,0.8440404688235386
clean-calibration,30,355.0,356.0,356.0,10,20,0.3650652832051268
clean-calibration,30,355.0,356.0,356.0,10,23,0.4219932273792989
clean-calibration,30,355.0,356.0,356.0,10,30,0.5663990794324987
clean-calibration,30,355.0,356.0,356.0,13,16,0.6557125326716311
clean-calibration,30,355.0,356.0,356.0,13,19,2.6646806152927462
clean-calibration,30,355.0,356.0,356.0,13,20,0.19538103259578973
clean-calibration,30,355.0,356.0,356.0,13,23,1.1623340027448616
clean-calibration,30,355.0,356.0,356.0,13,30,0.12087390740585546
clean-calibration,30,355.0,356.0,356.0,16,19,0.3358467107640476
clean-calibration,30,355.0,356.0,356.0,16,20,0.5817029170556366
clean-calibration,30,355.0,356.0,356.0,16,23,0.8600873872759525
clean-calibration,30,355.0,356.0,356.0,16,30,0.39805802315578626
clean-calibration,30,355.0,356.0,356.0,19,20,0.5633472450857564
clean-calibration,30,355.0,356.0,356.0,19,23,0.5943114968466119
clean-calibration,30,355.0,356.0,356.0,19,30,0.4310596428255911
clean-calibration,30,355.0,356.0,356.0,20,23,0.48825001189363954
clean-calibration,30,355.0,356.0,356.0,20,30,0.8764766700829627
clean-calibration,30,355.0,356.0,356.0,23,30,0.5250165338414308
clean-calibration,31,355.5,356.5,356.5,3,6,1.6781347110712403
clean-calibration,31,355.5,356.5,356.5,3,7,0.9151024713081837
clean-calibration,31,355.5,356.5,356.5,3,10,0.8578316388181644
clean-calibration,31,355.5,356.5,356.5,3,13,0.7539666575358352
clean-calibration,31,355.5,356.5,356.5,3,16,0.8503855735021457
clean-calibration,31,355.5,356.5,356.5,3,19,0.9946616545030169
clean-calibration,31,355.5,356.5,356.5,3,20,0.495700943198377
clean-calibration,31,355.5,356.5,356.5,3,23,0.4432413204919901
clean-calibration,31,355.5,356.5,356.5,3,30,1.1671238728263602
clean-calibration,31,355.5,356.5,356.5,6,7,0.4938591581636601
clean-calibration,31,355.5,356.5,356.5,6,10,1.0864077211648004
clean-calibration,31,355.5,356.5,356.5,6,13,0.7539992512952667
clean-calibration,31,355.5,356.5,356.5,6,16,0.9565251939656074
clean-calibration,31,355.5,356.5,356.5,6,19,0.5451105149751504
clean-calibration,31,355.5,356.5,356.5,6,20,0.8347013387273196
clean-calibration,31,355.5,356.5,356.5,6,23,0.22959924139625407
clean-calibration,31,355.5,356.5,356.5,6,30,0.38681005887813796
clean-calibration,31,355.5,356.5,356.5,7,10,0.6175128700965459
clean-calibration,31,355.5,356.5,356.5,7,13,0.970933317955404
clean-calibration,31,355.5,356.5,356.5,7,16,0.248391445902175
clean-calibration,31,355.5,356.5,356.5,7,19,0.39049183717318886
clean-calibration,31,355.5,356.5,356.5,7,20,1.1948726777464587
clean-calibration,31,355.5,356.5,356.5,7,23,0.453136901295179
clean-calibration,31,355.5,356.5,356.5,7,30,0.8949773194196068
clean-calibration,31,355.5,356.5,356.5,10,13,0.5340193649723122
clean-calibration,31,355.5,356.5,356.5,10,16,0.2376432819413342
clean-calibration,31,355.5,356.5,356.5,10,19,0.9073461691408401
clean-calibration,31,355.5,356.5,356.5,10,20,0.30155128304791173
clean-calibration,31,355.5,356.5,356.5,10,23,0.4241632250010133
clean-calibration,31,355.5,356.5,356.5,10,30,1.1117165001693112
clean-calibration,31,355.5,356.5,356.5,13,16,2.0032751420622668
clean-calibration,31,355.5,356.5,356.5,13,19,2.462816017120513
clean-calibration,31,355.5,356.5,356.5,13,20,0.3820832095981995
clean-calibration,31,355.5,356.5,356.5,13,23,0.3424087658668233
clean-calibration,31,355.5,356.5,356.5,13,30,0.7790188198351057
clean-calibration,31,355.5,356.5,356.5,16,19,1.0542663347585421
clean-calibration,31,355.5,356.5,356.5,16,20,1.5784425648383742
clean-calibration,31,355.5,356.5,356.5,16,23,0.23571849783558196
clean-calibration,31,355.5,356.5,356.5,16,30,1.610711310370219
clean-calibration,31,355.5,356.5,356.5,19,20,0.8896367501239361
clean-calibration,31,355.5,356.5,356.5,19,23,0.4351973983284025
clean-calibration,31,355.5,356.5,356.5,19,30,0.365040385468662
clean-calibration,31,355.5,356.5,356.5,20,23,0.18544664510906772
clean-calibration,31,355.5,356.5,356.5,20,30,1.4845769903903336
clean-calibration,31,355.5,356.5,356.5,23,30,2.264672765147572
clean-calibration,32,356.0,357.0,357.0,3,6,0.914701466428937
clean-calibration,32,356.0,357.0,357.0,3,7,0.3386941245564424
clean-calibration,32,356.0,357.0,357.0,3,10,0.4485862529180154
clean-calibration,32,356.0,357.0,357.0,3,13,0.5239610346719169
clean-calibration,32,356.0,357.0,357.0,3,16,0.6248388353200353
clean-calibration,32,356.0,357.0,357.0,3,19,0.42440280371530636
clean-calibration,32,356.0,357.0,357.0,3,20,0.325524353182038
clean-calibration,32,356.0,357.0,357.0,3,23,0.3035054042183304
clean-calibration,32,356.0,357.0,357.0,3,30,0.40240670778015575
clean-calibration,32,356.0,357.0,357.0,6,7,0.44388366205931684
clean-calibration,32,356.0,357.0,357.0,6,10,2.7092983381348836
clean-calibration,32,356.0,357.0,357.0,6,13,0.3276145019655619
clean-calibration,32,356.0,357.0,357.0,6,16,0.6835895381282674
clean-calibration,32,356.0,357.0,357.0,6,19,0.13124648209340356
clean-calibration,32,356.0,357.0,357.0,6,20,0.40245193981545346
clean-calibration,32,356.0,357.0,357.0,6,23,0.562703311137503
clean-calibration,32,356.0,357.0,357.0,6,30,0.1916867500417594
clean-calibration,32,356.0,357.0,357.0,7,10,0.7658504007437206
clean-calibration,32,356.0,357.0,357.0,7,13,0.7729326836244397
clean-calibration,32,356.0,357.0,357.0,7,16,0.7243919665316677
clean-calibration,32,356.0,357.0,357.0,7,19,0.9822786124325633
clean-calibration,32,356.0,357.0,357.0,7,20,1.900460894124133
clean-calibration,32,356.0,357.0,357.0,7,23,0.31979997095676793
clean-calibration,32,356.0,357.0,357.0,7,30,0.3768396616344038
clean-calibration,32,356.0,357.0,357.0,10,13,0.3381213268064072
clean-calibration,32,356.0,357.0,357.0,10,16,0.6835343822917936
clean-calibration,32,356.0,357.0,357.0,10,19,0.3887814345220107
clean-calibration,32,356.0,357.0,357.0,10,20,0.36040556772702687
clean-calibration,32,356.0,357.0,357.0,10,23,0.29819654829588926
clean-calibration,32,356.0,357.0,357.0,10,30,0.35282169180151357
clean-calibration,32,356.0,357.0,357.0,13,16,0.7697779522251643
clean-calibration,32,356.0,357.0,357.0,13,19,2.9635352553684413
clean-calibration,32,356.0,357.0,357.0,13,20,0.46028203109828125
clean-calibration,32,356.0,357.0,357.0,13,23,0.37979348154961934
clean-calibration,32,356.0,357.0,357.0,13,30,1.2493012314028287
clean-calibration,32,356.0,357.0,357.0,16,19,0.3379591982193265
clean-calibration,32,356.0,357.0,357.0,16,20,1.6433080277859144
clean-calibration,32,356.0,357.0,357.0,16,23,1.4552256871261287
clean-calibration,32,356.0,357.0,357.0,16,30,3.1470930062185665
clean-calibration,32,356.0,357.0,357.0,19,20,0.4448164098386676
clean-calibration,32,356.0,357.0,357.0,19,23,0.46545309715818
clean-calibration,32,356.0,357.0,357.0,19,30,0.5435721142384586
clean-calibration,32,356.0,357.0,357.0,20,23,0.6962391651457336
clean-calibration,32,356.0,357.0,357.0,20,30,1.0743767193018137
clean-calibration,32,356.0,357.0,357.0,23,30,1.5792668269028969
clean-calibration,33,356.5,357.5,357.5,3,6,0.8911396114309769
clean-calibration,33,356.5,357.5,357.5,3,7,0.7268424248900125
clean-calibration,33,356.5,357.5,357.5,3,10,1.207611082007268
clean-calibration,33,356.5,357.5,357.5,3,13,0.39278159478449537
clean-calibration,33,356.5,357.5,357.5,3,16,0.7565879583109192
clean-calibration,33,356.5,357.5,357.5,3,19,0.14699400075578017
clean-calibration,33,356.5,357.5,357.5,3,20,0.8358552170141793
clean-calibration,33,356.5,357.5,357.5,3,23,2.3058977853962728
clean-calibration,33,356.5,357.5,357.5,3,30,0.2530004474724342
clean-calibration,33,356.5,357.5,357.5,6,7,1.3188959832401737
clean-calibration,33,356.5,357.5,357.5,6,10,2.0838962002287498
clean-calibration,33,356.5,357.5,357.5,6,13,0.6131853525591202
clean-calibration,33,356.5,357.5,357.5,6,16,0.5174989937247556
clean-calibration,33,356.5,357.5,357.5,6,19,0.4339629961176204
clean-calibration,33,356.5,357.5,357.5,6,20,0.3230424091751091
clean-calibration,33,356.5,357.5,357.5,6,23,0.5574531031878929
clean-calibration,33,356.5,357.5,357.5,6,30,2.218890004816525
clean-calibration,33,356.5,357.5,357.5,7,10,0.8084409046234523
clean-calibration,33,356.5,357.5,357.5,7,13,1.9359100405138687
clean-calibration,33,356.5,357.5,357.5,7,16,1.7004851622837034
clean-calibration,33,356.5,357.5,357.5,7,19,0.8547769913351899
clean-calibration,33,356.5,357.5,357.5,7,20,0.5800302757564613
clean-calibration,33,356.5,357.5,357.5,7,23,0.5181353701898044
clean-calibration,33,356.5,357.5,357.5,7,30,1.197855430713253
clean-calibration,33,356.5,357.5,357.5,10,13,0.5290947265374631
clean-calibration,33,356.5,357.5,357.5,10,16,0.906709480223048
clean-calibration,33,356.5,357.5,357.5,10,19,1.194754616966772
clean-calibration,33,356.5,357.5,357.5,10,20,0.30263877917564164
clean-calibration,33,356.5,357.5,357.5,10,23,0.48839963105415896
clean-calibration,33,356.5,357.5,357.5,10,30,1.1896765061583012
clean-calibration,33,356.5,357.5,357.5,13,16,0.9478724908529094
clean-calibration,33,356.5,357.5,357.5,13,19,2.3914969588733492
clean-calibration,33,356.5,357.5,357.5,13,20,0.9524927941729203
clean-calibration,33,356.5,357.5,357.5,13,23,0.6568705243431452
clean-calibration,33,356.5,357.5,357.5,13,30,2.306766710275313
clean-calibration,33,356.5,357.5,357.5,16,19,0.4648298741754463
clean-calibration,33,356.5,357.5,357.5,16,20,1.1404157858600015
clean-calibration,33,356.5,357.5,357.5,16,23,0.7648712187161412
clean-calibration,33,356.5,357.5,357.5,16,30,1.6133116458363836
clean-calibration,33,356.5,357.5,357.5,19,20,0.38282566971800924
clean-calibration,33,356.5,357.5,357.5,19,23,0.8301931507259397
clean-calibration,33,356.5,357.5,357.5,19,30,0.6914446712262459
clean-calibration,33,356.5,357.5,357.5,20,23,0.6251920843443936
clean-calibration,33,356.5,357.5,357.5,20,30,0.5668754915000191
clean-calibration,33,356.5,357.5,357.5,23,30,0.21886369355145038
clean-calibration,34,357.0,358.0,358.0,3,6,1.0424754726552186
clean-calibration,34,357.0,358.0,358.0,3,7,0.5563467184120887
clean-calibration,34,357.0,358.0,358.0,3,10,0.8276536254850664
clean-calibration,34,357.0,358.0,358.0,3,13,0.5097412502460512
clean-calibration,34,357.0,358.0,358.0,3,16,0.5504837374932267
clean-calibration,34,357.0,358.0,358.0,3,19,0.20866869657072412
clean-calibration,34,357.0,358.0,358.0,3,20,0.4524083071033845
clean-calibration,34,357.0,358.0,358.0,3,23,1.1965738543385958
clean-calibration,34,357.0,358.0,358.0,3,30,0.24338802099166107
clean-calibration,34,357.0,358.0,358.0,6,7,0.5758798041361344
clean-calibration,34,357.0,358.0,358.0,6,10,1.4296520912893853
clean-calibration,34,357.0,358.0,358.0,6,13,0.59266519584614
clean-calibration,34,357.0,358.0,358.0,6,16,0.7283993123615178
clean-calibration,34,357.0,358.0,358.0,6,19,0.4981105197616654
clean-calibration,34,357.0,358.0,358.0,6,20,1.1158053909002639
clean-calibration,34,357.0,358.0,358.0,6,23,0.3479545572510165
clean-calibration,34,357.0,358.0,358.0,6,30,0.6336910647694992
clean-calibration,34,357.0,358.0,358.0,7,10,0.5007655543913343
clean-calibration,34,357.0,358.0,358.0,7,13,1.4437520425668076
clean-calibration,34,357.0,358.0,358.0,7,16,0.5218655945283948
clean-calibration,34,357.0,358.0,358.0,7,19,0.3171551772760692
clean-calibration,34,357.0,358.0,358.0,7,20,1.6263340763809075
clean-calibration,34,357.0,358.0,358.0,7,23,0.38729811070747117
clean-calibration,34,357.0,358.0,358.0,7,30,0.780533825468537
clean-calibration,34,357.0,358.0,358.0,10,13,0.3742641542902427
clean-calibration,34,357.0,358.0,358.0,10,16,0.14213222437534873
clean-calibration,34,357.0,358.0,358.0,10,19,0.7649488355718914
clean-calibration,34,357.0,358.0,358.0,10,20,0.7509276195277257
clean-calibration,34,357.0,358.0,358.0,10,23,0.9843849139281371
clean-calibration,34,357.0,358.0,358.0,10,30,0.1669204862979935
clean-calibration,34,357.0,358.0,358.0,13,16,1.1453431000576935
clean-calibration,34,357.0,358.0,358.0,13,19,2.6465675654802996
clean-calibration,34,357.0,358.0,358.0,13,20,0.4919319907920193
clean-calibration,34,357.0,358.0,358.0,13,23,0.9772145500867037
clean-calibration,34,357.0,358.0,358.0,13,30,0.3300012981471093
clean-calibration,34,357.0,358.0,358.0,16,19,0.5894720585390661
clean-calibration,34,357.0,358.0,358.0,16,20,0.3431781655465259
clean-calibration,34,357.0,358.0,358.0,16,23,1.1512795458901652
clean-calibration,34,357.0,358.0,358.0,16,30,1.7350751332914958
clean-calibration,34,357.0,358.0,358.0,19,20,0.4268963411532541
clean-calibration,34,357.0,358.0,358.0,19,23,0.4538355222607585
clean-calibration,34,357.0,358.0,358.0,19,30,0.2866768875176111
clean-calibration,34,357.0,358.0,358.0,20,23,0.7707558033883235
clean-calibration,34,357.0,358.0,358.0,20,30,0.7153181689428998
clean-calibration,34,357.0,358.0,358.0,23,30,0.08688023658759061
clean-calibration,35,357.5,358.5,358.5,3,6,0.6434329343774882
clean-calibration,35,357.5,358.5,358.5,3,7,1.7042908858280803
clean-calibration,35,357.5,358.5,358.5,3,10,0.35234928487234124
clean-calibration,35,357.5,358.5,358.5,3,13,0.3824943339477677
clean-calibration,35,357.5,358.5,358.5,3,16,0.4432113668142197
clean-calibration,35,357.5,358.5,358.5,3,19,0.44127922781699
clean-calibration,35,357.5,358.5,358.5,3,20,0.8195471649748354
clean-calibration,35,357.5,358.5,358.5,3,23,1.0935799875686407
clean-calibration,35,357.5,358.5,358.5,3,30,0.373640013041695
clean-calibration,35,357.5,358.5,358.5,6,7,0.47799242853463564
clean-calibration,35,357.5,358.5,358.5,6,10,1.6038757879330845
clean-calibration,35,357.5,358.5,358.5,6,13,0.16778932020861473
clean-calibration,35,357.5,358.5,358.5,6,16,0.42491533280287463
clean-calibration,35,357.5,358.5,358.5,6,19,0.20786891048175268
clean-calibration,35,357.5,358.5,358.5,6,20,0.7584714831514042
clean-calibration,35,357.5,358.5,358.5,6,23,0.8433905442136904
clean-calibration,35,357.5,358.5,358.5,6,30,1.1020376976627215
clean-calibration,35,357.5,358.5,358.5,7,10,0.5447148756261277
clean-calibration,35,357.5,358.5,358.5,7,13,0.22723918104300514
clean-calibration,35,357.5,358.5,358.5,7,16,0.3639086283718094
clean-calibration,35,357.5,358.5,358.5,7,19,0.816487029668513
clean-calibration,35,357.5,358.5,358.5,7,20,1.216734297444457
clean-calibration,35,357.5,358.5,358.5,7,23,0.3316266451326654
clean-calibration,35,357.5,358.5,358.5,7,30,0.9344594838802216
clean-calibration,35,357.5,358.5,358.5,10,13,0.6801043859458799
clean-calibration,35,357.5,358.5,358.5,10,16,0.4757591432586821
clean-calibration,35,357.5,358.5,358.5,10,19,0.8711908085135143
clean-calibration,35,357.5,358.5,358.5,10,20,1.038672935598163
clean-calibration,35,357.5,358.5,358.5,10,23,0.21360690102334337
clean-calibration,35,357.5,358.5,358.5,10,30,0.6461710846717115
clean-calibration,35,357.5,358.5,358.5,13,16,1.1711419365644464
clean-calibration,35,357.5,358.5,358.5,13,19,2.2167049943327983
clean-calibration,35,357.5,358.5,358.5,13,20,0.7566843014957965
clean-calibration,35,357.5,358.5,358.5,13,23,0.239375909617109
clean-calibration,35,357.5,358.5,358.5,13,30,1.1826094394743334
clean-calibration,35,357.5,358.5,358.5,16,19,0.40422510494972597
clean-calibration,35,357.5,358.5,358.5,16,20,0.3232549678038847
clean-calibration,35,357.5,358.5,358.5,16,23,0.579451927817767
clean-calibration,35,357.5,358.5,358.5,16,30,1.457358674908955
clean-calibration,35,357.5,358.5,358.5,19,20,0.22112995062369892
clean-calibration,35,357.5,358.5,358.5,19,23,0.2878866545833828
clean-calibration,35,357.5,358.5,358.5,19,30,0.616113423777801
clean-calibration,35,357.5,358.5,358.5,20,23,1.3085416958437934
clean-calibration,35,357.5,358.5,358.5,20,30,0.6883992922554313
clean-calibration,35,357.5,358.5,358.5,23,30,0.3203749116968688
clean-calibration,36,358.0,359.0,359.0,3,6,0.893640145413292
clean-calibration,36,358.0,359.0,359.0,3,7,1.6159370773803836
clean-calibration,36,358.0,359.0,359.0,3,10,0.5641834424479794
clean-calibration,36,358.0,359.0,359.0,3,13,0.5600380549255958
clean-calibration,36,358.0,359.0,359.0,3,16,0.22061687886278306
clean-calibration,36,358.0,359.0,359.0,3,19,1.0275914799436083
clean-calibration,36,358.0,359.0,359.0,3,20,0.5638492108920622
clean-calibration,36,358.0,359.0,359.0,3,23,1.1159266584076326
clean-calibration,36,358.0,359.0,359.0,3,30,0.6988114075904364
clean-calibration,36,358.0,359.0,359.0,6,7,0.7889514034589037
clean-calibration,36,358.0,359.0,359.0,6,10,1.4416015972245166
clean-calibration,36,358.0,359.0,359.0,6,13,1.3747783560701194
clean-calibration,36,358.0,359.0,359.0,6,16,0.5373152578937068
clean-calibration,36,358.0,359.0,359.0,6,19,0.28814102025978733
clean-calibration,36,358.0,359.0,359.0,6,20,0.3167148247173647
clean-calibration,36,358.0,359.0,359.0,6,23,0.2589156988320834
clean-calibration,36,358.0,359.0,359.0,6,30,0.24252920544589301
clean-calibration,36,358.0,359.0,359.0,7,10,1.3380561283607637
clean-calibration,36,358.0,359.0,359.0,7,13,0.4368068117306344
clean-calibration,36,358.0,359.0,359.0,7,16,0.8354813168713185
clean-calibration,36,358.0,359.0,359.0,7,19,1.0134537727855184
clean-calibration,36,358.0,359.0,359.0,7,20,0.3563235468431766
clean-calibration,36,358.0,359.0,359.0,7,23,0.4348262037068539
clean-calibration,36,358.0,359.0,359.0,7,30,0.7793090301091483
clean-calibration,36,358.0,359.0,359.0,10,13,0.7000798513946658
clean-calibration,36,358.0,359.0,359.0,10,16,0.5895365936897109
clean-calibration,36,358.0,359.0,359.0,10,19,1.854491658231521
clean-calibration,36,358.0,359.0,359.0,10,20,1.556829996049054
clean-calibration,36,358.0,359.0,359.0,10,23,0.43763641947019727
clean-calibration,36,358.0,359.0,359.0,10,30,0.3273179424652245
clean-calibration,36,358.0,359.0,359.0,13,16,0.5401381831288814
clean-calibration,36,358.0,359.0,359.0,13,19,1.2959124750612951
clean-calibration,36,358.0,359.0,359.0,13,20,1.0755611562532175
clean-calibration,36,358.0,359.0,359.0,13,23,3.3332192302667467
clean-calibration,36,358.0,359.0,359.0,13,30,0.29934840387343625
clean-calibration,36,358.0,359.0,359.0,16,19,0.20935779170947297
clean-calibration,36,358.0,359.0,359.0,16,20,0.38922541734788996
clean-calibration,36,358.0,359.0,359.0,16,23,0.7209607359272471
clean-calibration,36,358.0,359.0,359.0,16,30,0.5166606093233133
clean-calibration,36,358.0,359.0,359.0,19,20,1.320014201444814
clean-calibration,36,358.0,359.0,359.0,19,23,0.5662130167211953
clean-calibration,36,358.0,359.0,359.0,19,30,0.7254725239426072
clean-calibration,36,358.0,359.0,359.0,20,23,0.9739284697817266
clean-calibration,36,358.0,359.0,359.0,20,30,0.6950833818215397
clean-calibration,36,358.0,359.0,359.0,23,30,0.5792991681498533
clean-calibration,37,358.5,359.5,359.5,3,6,0.3142141995945676
clean-calibration,37,358.5,359.5,359.5,3,7,0.5339916486008625
clean-calibration,37,358.5,359.5,359.5,3,10,0.794238823260084
clean-calibration,37,358.5,359.5,359.5,3,13,0.30949327760152723
clean-calibration,37,358.5,359.5,359.5,3,16,0.38609107158307665
clean-calibration,37,358.5,359.5,359.5,3,19,0.23865334097599047
clean-calibration,37,358.5,359.5,359.5,3,20,1.0546249457596832
clean-calibration,37,358.5,359.5,359.5,3,23,1.9595396240404082
clean-calibration,37,358.5,359.5,359.5,3,30,1.0107818914049436
clean-calibration,37,358.5,359.5,359.5,6,7,0.8105689686706736
clean-calibration,37,358.5,359.5,359.5,6,10,0.4854711102292454
clean-calibration,37,358.5,359.5,359.5,6,13,0.841424088592283
clean-calibration,37,358.5,359.5,359.5,6,16,1.841661645108338
clean-calibration,37,358.5,359.5,359.5,6,19,0.566546390505563
clean-calibration,37,358.5,359.5,359.5,6,20,0.647304302091715
clean-calibration,37,358.5,359.5,359.5,6,23,0.39796626020455744
clean-calibration,37,358.5,359.5,359.5,6,30,0.3048741706673976
clean-calibration,37,358.5,359.5,359.5,7,10,0.8657150889274883
clean-calibration,37,358.5,359.5,359.5,7,13,0.21545955570289493
clean-calibration,37,358.5,359.5,359.5,7,16,0.42356128658632225
clean-calibration,37,358.5,359.5,359.5,7,19,1.0061447274004496
clean-calibration,37,358.5,359.5,359.5,7,20,0.2925709245859527
clean-calibration,37,358.5,359.5,359.5,7,23,1.0944705899059517
clean-calibration,37,358.5,359.5,359.5,7,30,0.5586461319215921
clean-calibration,37,358.5,359.5,359.5,10,13,0.7211426176147071
clean-calibration,37,358.5,359.5,359.5,10,16,0.5842203965103838
clean-calibration,37,358.5,359.5,359.5,10,19,1.0940762085001208
clean-calibration,37,358.5,359.5,359.5,10,20,1.9700766923591406
clean-calibration,37,358.5,359.5,359.5,10,23,1.080592170675272
clean-calibration,37,358.5,359.5,359.5,10,30,0.3757528995025685
clean-calibration,37,358.5,359.5,359.5,13,16,0.3136270548735463
clean-calibration,37,358.5,359.5,359.5,13,19,1.6501960724741178
clean-calibration,37,358.5,359.5,359.5,13,20,0.9007050366226494
clean-calibration,37,358.5,359.5,359.5,13,23,2.2872412107849005
clean-calibration,37,358.5,359.5,359.5,13,30,0.35892536781325945
clean-calibration,37,358.5,359.5,359.5,16,19,0.563944901638487
clean-calibration,37,358.5,359.5,359.5,16,20,0.9184796171494579
clean-calibration,37,358.5,359.5,359.5,16,23,0.6709282339256313
clean-calibration,37,358.5,359.5,359.5,16,30,0.7789874716521709
clean-calibration,37,358.5,359.5,359.5,19,20,0.5572731211915884
clean-calibration,37,358.5,359.5,359.5,19,23,0.6091716131503763
clean-calibration,37,358.5,359.5,359.5,19,30,0.6042859489190912
clean-calibration,37,358.5,359.5,359.5,20,23,1.4168716675425785
clean-calibration,37,358.5,359.5,359.5,20,30,1.132527390642788
clean-calibration,37,358.5,359.5,359.5,23,30,0.3488440792980486
clean-calibration,38,359.0,360.0,360.0,3,6,0.7310517014186109
clean-calibration,38,359.0,360.0,360.0,3,7,0.8164002545458036
clean-calibration,38,359.0,360.0,360.0,3,10,1.0332016768178491
clean-calibration,38,359.0,360.0,360.0,3,13,0.4781436923354295
clean-calibration,38,359.0,360.0,360.0,3,16,0.230332138373141
clean-calibration,38,359.0,360.0,360.0,3,19,0.34267599906316243
clean-calibration,38,359.0,360.0,360.0,3,20,0.35856221400422844
clean-calibration,38,359.0,360.0,360.0,3,23,1.6006869164233273
clean-calibration,38,359.0,360.0,360.0,3,30,0.9797531156134636
clean-calibration,38,359.0,360.0,360.0,6,7,0.5179124042318988
clean-calibration,38,359.0,360.0,360.0,6,10,0.5159241707040455
clean-calibration,38,359.0,360.0,360.0,6,13,0.30532302744824574
clean-calibration,38,359.0,360.0,360.0,6,16,0.4690675080469001
clean-calibration,38,359.0,360.0,360.0,6,19,1.298323463752266
clean-calibration,38,359.0,360.0,360.0,6,20,0.9795857388083273
clean-calibration,38,359.0,360.0,360.0,6,23,0.4193624702358429
clean-calibration,38,359.0,360.0,360.0,6,30,0.31700774708123886
clean-calibration,38,359.0,360.0,360.0,7,10,0.3622976144809945
clean-calibration,38,359.0,360.0,360.0,7,13,0.4469886555511245
clean-calibration,38,359.0,360.0,360.0,7,16,1.3044899389965237
clean-calibration,38,359.0,360.0,360.0,7,19,0.8586389771475202
clean-calibration,38,359.0,360.0,360.0,7,20,0.35733889325791823
clean-calibration,38,359.0,360.0,360.0,7,23,1.233386511836524
clean-calibration,38,359.0,360.0,360.0,7,30,0.541279368589683
clean-calibration,38,359.0,360.0,360.0,10,13,0.49687521786233974
clean-calibration,38,359.0,360.0,360.0,10,16,0.27981305052861405
clean-calibration,38,359.0,360.0,360.0,10,19,0.708045950804258
clean-calibration,38,359.0,360.0,360.0,10,20,0.6567708278254821
clean-calibration,38,359.0,360.0,360.0,10,23,0.6746949555093551
clean-calibration,38,359.0,360.0,360.0,10,30,0.5666287946622056
clean-calibration,38,359.0,360.0,360.0,13,16,0.3756313487189221
clean-calibration,38,359.0,360.0,360.0,13,19,2.6664053747358496
clean-calibration,38,359.0,360.0,360.0,13,20,0.17579359392017793
clean-calibration,38,359.0,360.0,360.0,13,23,0.7426467974175968
clean-calibration,38,359.0,360.0,360.0,13,30,0.8559579912565166
clean-calibration,38,359.0,360.0,360.0,16,19,1.5048924278842075
clean-calibration,38,359.0,360.0,360.0,16,20,0.814808095729987
clean-calibration,38,359.0,360.0,360.0,16,23,0.7850918019984547
clean-calibration,38,359.0,360.0,360.0,16,30,1.136733241631229
clean-calibration,38,359.0,360.0,360.0,19,20,0.6040426240553798
clean-calibration,38,359.0,360.0,360.0,19,23,1.56278710588858
clean-calibration,38,359.0,360.0,360.0,19,30,1.0057373353474293
clean-calibration,38,359.0,360.0,360.0,20,23,0.895103427255869
clean-calibration,38,359.0,360.0,360.0,20,30,0.799582313577874
clean-calibration,38,359.0,360.0,360.0,23,30,0.2167381680741074
clean-calibration,39,359.5,360.5,360.5,3,6,0.09492567449483633
clean-calibration,39,359.5,360.5,360.5,3,7,0.6203757915774146
clean-calibration,39,359.5,360.5,360.5,3,10,0.450657158973278
clean-calibration,39,359.5,360.5,360.5,3,13,1.1839019991397468
clean-calibration,39,359.5,360.5,360.5,3,16,0.9852513144133542
clean-calibration,39,359.5,360.5,360.5,3,19,0.4225547110137244
clean-calibration,39,359.5,360.5,360.5,3,20,0.7554781191671209
clean-calibration,39,359.5,360.5,360.5,3,23,0.1712930032661542
clean-calibration,39,359.5,360.5,360.5,3,30,0.9963417678986273
clean-calibration,39,359.5,360.5,360.5,6,7,0.5646798363837446
clean-calibration,39,359.5,360.5,360.5,6,10,0.5507380322957987
clean-calibration,39,359.5,360.5,360.5,6,13,0.37265333579990206
clean-calibration,39,359.5,360.5,360.5,6,16,0.43900394118420677
clean-calibration,39,359.5,360.5,360.5,6,19,1.0188116111031458
clean-calibration,39,359.5,360.5,360.5,6,20,1.0760952952507838
clean-calibration,39,359.5,360.5,360.5,6,23,0.218577520430924
clean-calibration,39,359.5,360.5,360.5,6,30,0.2188673601698412
clean-calibration,39,359.5,360.5,360.5,7,10,0.4714545393589201
clean-calibration,39,359.5,360.5,360.5,7,13,0.9736089724457205
clean-calibration,39,359.5,360.5,360.5,7,16,1.4486740820534236
clean-calibration,39,359.5,360.5,360.5,7,19,0.46195488095792137
clean-calibration,39,359.5,360.5,360.5,7,20,2.0907214576226556
clean-calibration,39,359.5,360.5,360.5,7,23,0.7540825611934872
clean-calibration,39,359.5,360.5,360.5,7,30,0.6536974109811888
clean-calibration,39,359.5,360.5,360.5,10,13,0.5784593576940058
clean-calibration,39,359.5,360.5,360.5,10,16,0.9554018589488852
clean-calibration,39,359.5,360.5,360.5,10,19,0.7838062076074772
clean-calibration,39,359.5,360.5,360.5,10,20,0.2896581140658693
clean-calibration,39,359.5,360.5,360.5,10,23,0.3193064158246369
clean-calibration,39,359.5,360.5,360.5,10,30,0.6197160517905592
clean-calibration,39,359.5,360.5,360.5,13,16,0.48943615734577267
clean-calibration,39,359.5,360.5,360.5,13,19,3.1882719854626327
clean-calibration,39,359.5,360.5,360.5,13,20,0.14816045580448062
clean-calibration,39,359.5,360.5,360.5,13,23,0.2252678360733238
clean-calibration,39,359.5,360.5,360.5,13,30,1.0651534797184299
clean-calibration,39,359.5,360.5,360.5,16,19,1.0146308299032545
clean-calibration,39,359.5,360.5,360.5,16,20,0.3173906041253811
clean-calibration,39,359.5,360.5,360.5,16,23,0.29478092244485377
clean-calibration,39,359.5,360.5,360.5,16,30,0.37347854777696965
clean-calibration,39,359.5,360.5,360.5,19,20,0.29783121768889986
clean-calibration,39,359.5,360.5,360.5,19,23,0.7386354358599821
clean-calibration,39,359.5,360.5,360.5,19,30,0.38023574192380444
clean-calibration,39,359.5,360.5,360.5,20,23,0.6440732148908201
clean-calibration,39,359.5,360.5,360.5,20,30,0.784623639642814
clean-calibration,39,359.5,360.5,360.5,23,30,0.16445047954708802
clean-calibration,40,360.0,361.0,361.0,3,6,0.7825747233056941
clean-calibration,40,360.0,361.0,361.0,3,7,0.502473907505269
clean-calibration,40,360.0,361.0,361.0,3,10,0.24322846447357435
clean-calibration,40,360.0,361.0,361.0,3,13,0.6732756927048582
clean-calibration,40,360.0,361.0,361.0,3,16,0.9831529454790848
clean-calibration,40,360.0,361.0,361.0,3,19,1.2994700204937026
clean-calibration,40,360.0,361.0,361.0,3,20,0.6326504901795332
clean-calibration,40,360.0,361.0,361.0,3,23,0.2255357932882848
clean-calibration,40,360.0,361.0,361.0,3,30,0.8733041266806465
clean-calibration,40,360.0,361.0,361.0,6,7,0.3723260784232381
clean-calibration,40,360.0,361.0,361.0,6,10,0.35419605963963174
clean-calibration,40,360.0,361.0,361.0,6,13,0.40129688991983725
clean-calibration,40,360.0,361.0,361.0,6,16,0.3557117977961335
clean-calibration,40,360.0,361.0,361.0,6,19,0.6935936084865683
clean-calibration,40,360.0,361.0,361.0,6,20,0.6685583789134267
clean-calibration,40,360.0,361.0,361.0,6,23,0.46498080678970355
clean-calibration,40,360.0,361.0,361.0,6,30,0.47116352202713535
clean-calibration,40,360.0,361.0,361.0,7,10,0.7874304042615191
clean-calibration,40,360.0,361.0,361.0,7,13,0.4954346167070017
clean-calibration,40,360.0,361.0,361.0,7,16,0.3106068500016307
clean-calibration,40,360.0,361.0,361.0,7,19,0.24556336230140557
clean-calibration,40,360.0,361.0,361.0,7,20,1.0251088773633144
clean-calibration,40,360.0,361.0,361.0,7,23,0.7558882859481614
clean-calibration,40,360.0,361.0,361.0,7,30,0.6712754094667075
clean-calibration,40,360.0,361.0,361.0,10,13,1.5338466749953839
clean-calibration,40,360.0,361.0,361.0,10,16,1.4434347520984585
clean-calibration,40,360.0,361.0,361.0,10,19,0.3980149515985136
clean-calibration,40,360.0,361.0,361.0,10,20,0.2756190048462036
clean-calibration,40,360.0,361.0,361.0,10,23,0.5708868259074946
clean-calibration,40,360.0,361.0,361.0,10,30,2.3539646708818234
clean-calibration,40,360.0,361.0,361.0,13,16,0.3608104464211349
clean-calibration,40,360.0,361.0,361.0,13,19,2.8257040934991546
clean-calibration,40,360.0,361.0,361.0,13,20,0.40851877632376044
clean-calibration,40,360.0,361.0,361.0,13,23,0.4896690196623076
clean-calibration,40,360.0,361.0,361.0,13,30,0.4287172720830744
clean-calibration,40,360.0,361.0,361.0,16,19,0.5478467329216676
clean-calibration,40,360.0,361.0,361.0,16,20,0.6646568634566679
clean-calibration,40,360.0,361.0,361.0,16,23,0.38096663128719765
clean-calibration,40,360.0,361.0,361.0,16,30,0.5365925086656084
clean-calibration,40,360.0,361.0,361.0,19,20,0.9080665635412701
clean-calibration,40,360.0,361.0,361.0,19,23,0.5587683019585348
clean-calibration,40,360.0,361.0,361.0,19,30,0.2676059717945637
clean-calibration,40,360.0,361.0,361.0,20,23,0.4563136434941509
clean-calibration,40,360.0,361.0,361.0,20,30,0.519282068227058
clean-calibration,40,360.0,361.0,361.0,23,30,0.19682975169924574
clean-calibration,41,360.5,361.5,361.5,3,6,1.0872472115086675
clean-calibration,41,360.5,361.5,361.5,3,7,1.0356970808272385
clean-calibration,41,360.5,361.5,361.5,3,10,0.8014499528742066
clean-calibration,41,360.5,361.5,361.5,3,13,0.330586503969151
clean-calibration,41,360.5,361.5,361.5,3,16,0.5044277925321861
clean-calibration,41,360.5,361.5,361.5,3,19,0.4848557097878995
clean-calibration,41,360.5,361.5,361.5,3,20,0.8107500805101218
clean-calibration,41,360.5,361.5,361.5,3,23,1.107634528288131
clean-calibration,41,360.5,361.5,361.5,3,30,0.28864846268853683
clean-calibration,41,360.5,361.5,361.5,6,7,0.495237656779992
clean-calibration,41,360.5,361.5,361.5,6,10,0.44752831946107197
clean-calibration,41,360.5,361.5,361.5,6,13,0.3658719607442276
clean-calibration,41,360.5,361.5,361.5,6,16,0.16703896436113017
clean-calibration,41,360.5,361.5,361.5,6,19,0.3391818173789754
clean-calibration,41,360.5,361.5,361.5,6,20,0.4935651280208083
clean-calibration,41,360.5,361.5,361.5,6,23,0.8885018200929254
clean-calibration,41,360.5,361.5,361.5,6,30,0.7761646791509073
clean-calibration,41,360.5,361.5,361.5,7,10,0.5842654123860511
clean-calibration,41,360.5,361.5,361.5,7,13,0.20620278843962248
clean-calibration,41,360.5,361.5,361.5,7,16,0.2934927081231166
clean-calibration,41,360.5,361.5,361.5,7,19,0.40778202750814685
clean-calibration,41,360.5,361.5,361.5,7,20,0.36079191279082534
clean-calibration,41,360.5,361.5,361.5,7,23,0.5288913593509798
clean-calibration,41,360.5,361.5,361.5,7,30,1.679894039039329
clean-calibration,41,360.5,361.5,361.5,10,13,0.9864426133090083
clean-calibration,41,360.5,361.5,361.5,10,16,1.4407423843719651
clean-calibration,41,360.5,361.5,361.5,10,19,0.8396865137909464
clean-calibration,41,360.5,361.5,361.5,10,20,0.5481501659280178
clean-calibration,41,360.5,361.5,361.5,10,23,0.4023990105280622
clean-calibration,41,360.5,361.5,361.5,10,30,0.3623831286751079
clean-calibration,41,360.5,361.5,361.5,13,16,0.30112788863013296
clean-calibration,41,360.5,361.5,361.5,13,19,2.7200729871233036
clean-calibration,41,360.5,361.5,361.5,13,20,0.48832249029898706
clean-calibration,41,360.5,361.5,361.5,13,23,0.600566335034822
clean-calibration,41,360.5,361.5,361.5,13,30,0.18378970875376255
clean-calibration,41,360.5,361.5,361.5,16,19,0.6734350655959558
clean-calibration,41,360.5,361.5,361.5,16,20,0.6206880326332967
clean-calibration,41,360.5,361.5,361.5,16,23,0.8843564781451336
clean-calibration,41,360.5,361.5,361.5,16,30,0.3877457971066848
clean-calibration,41,360.5,361.5,361.5,19,20,1.1658163914745021
clean-calibration,41,360.5,361.5,361.5,19,23,0.8256927496083136
clean-calibration,41,360.5,361.5,361.5,19,30,0.45954100038484846
clean-calibration,41,360.5,361.5,361.5,20,23,0.5917235134807091
clean-calibration,41,360.5,361.5,361.5,20,30,0.8473177010408085
clean-calibration,41,360.5,361.5,361.5,23,30,0.4227865903142562
clean-calibration,42,361.0,362.0,362.0,3,6,0.40429237407351304
clean-calibration,42,361.0,362.0,362.0,3,7,1.1213672035975166
clean-calibration,42,361.0,362.0,362.0,3,10,0.6567056237569069
clean-calibration,42,361.0,362.0,362.0,3,13,0.47263734954462644
clean-calibration,42,361.0,362.0,362.0,3,16,0.7396652391287188
clean-calibration,42,361.0,362.0,362.0,3,19,0.9543692692520764
clean-calibration,42,361.0,362.0,362.0,3,20,0.7617297318344199
clean-calibration,42,361.0,362.0,362.0,3,23,0.538197541096282
clean-calibration,42,361.0,362.0,362.0,3,30,0.617090404254073
clean-calibration,42,361.0,362.0,362.0,6,7,1.0458187037406965
clean-calibration,42,361.0,362.0,362.0,6,10,0.4020848968220604
clean-calibration,42,361.0,362.0,362.0,6,13,0.7187137387227508
clean-calibration,42,361.0,362.0,362.0,6,16,0.2039375377280054
clean-calibration,42,361.0,362.0,362.0,6,19,0.7754575651927926
clean-calibration,42,361.0,362.0,362.0,6,20,0.18197883107070154
clean-calibration,42,361.0,362.0,362.0,6,23,0.3773088080847545
clean-calibration,42,361.0,362.0,362.0,6,30,0.29857890541849674
clean-calibration,42,361.0,362.0,362.0,7,10,0.5918819463085371
clean-calibration,42,361.0,362.0,362.0,7,13,0.203397451895151
clean-calibration,42,361.0,362.0,362.0,7,16,1.0664249242082449
clean-calibration,42,361.0,362.0,362.0,7,19,0.5288356287848538
clean-calibration,42,361.0,362.0,362.0,7,20,0.6254304560261383
clean-calibration,42,361.0,362.0,362.0,7,23,0.4130727506205035
clean-calibration,42,361.0,362.0,362.0,7,30,0.44146651873651066
clean-calibration,42,361.0,362.0,362.0,10,13,1.2737825664077778
clean-calibration,42,361.0,362.0,362.0,10,16,0.411316424412448
clean-calibration,42,361.0,362.0,362.0,10,19,0.986220160621399
clean-calibration,42,361.0,362.0,362.0,10,20,0.26172358796445827
clean-calibration,42,361.0,362.0,362.0,10,23,0.46066286328741635
clean-calibration,42,361.0,362.0,362.0,10,30,0.4803164666314911
clean-calibration,42,361.0,362.0,362.0,13,16,0.31572346346861574
clean-calibration,42,361.0,362.0,362.0,13,19,3.0848628796670416
clean-calibration,42,361.0,362.0,362.0,13,20,0.19310559297512359
clean-calibration,42,361.0,362.0,362.0,13,23,0.5759756937866973
clean-calibration,42,361.0,362.0,362.0,13,30,0.5564337692315707
clean-calibration,42,361.0,362.0,362.0,16,19,0.5270164135824215
clean-calibration,42,361.0,362.0,362.0,16,20,0.3805557623213689
clean-calibration,42,361.0,362.0,362.0,16,23,0.5258902775040645
clean-calibration,42,361.0,362.0,362.0,16,30,0.5746983795575227
clean-calibration,42,361.0,362.0,362.0,19,20,0.4683101032200107
clean-calibration,42,361.0,362.0,362.0,19,23,1.176755414799464
clean-calibration,42,361.0,362.0,362.0,19,30,0.4456710449565489
clean-calibration,42,361.0,362.0,362.0,20,23,0.41078570801378167
clean-calibration,42,361.0,362.0,362.0,20,30,1.722225651190887
clean-calibration,42,361.0,362.0,362.0,23,30,1.2198606127899776
clean-calibration,43,361.5,362.5,362.5,3,6,0.5984738848486677
clean-calibration,43,361.5,362.5,362.5,3,7,1.5152145250958657
clean-calibration,43,361.5,362.5,362.5,3,10,0.33193350674109706
clean-calibration,43,361.5,362.5,362.5,3,13,0.7946029811401495
clean-calibration,43,361.5,362.5,362.5,3,16,0.7542164741921253
clean-calibration,43,361.5,362.5,362.5,3,19,0.6539838820206867
clean-calibration,43,361.5,362.5,362.5,3,20,0.579281043138417
clean-calibration,43,361.5,362.5,362.5,3,23,0.22731092818742044
clean-calibration,43,361.5,362.5,362.5,3,30,0.5705056827928854
clean-calibration,43,361.5,362.5,362.5,6,7,1.0709329263134122
clean-calibration,43,361.5,362.5,362.5,6,10,0.6845156496649879
clean-calibration,43,361.5,362.5,362.5,6,13,0.677060210784004
clean-calibration,43,361.5,362.5,362.5,6,16,0.3209212139569407
clean-calibration,43,361.5,362.5,362.5,6,19,1.3979478428404748
clean-calibration,43,361.5,362.5,362.5,6,20,0.6634358653796675
clean-calibration,43,361.5,362.5,362.5,6,23,0.6898878622436672
clean-calibration,43,361.5,362.5,362.5,6,30,0.5926459120042423
clean-calibration,43,361.5,362.5,362.5,7,10,0.3852828466949021
clean-calibration,43,361.5,362.5,362.5,7,13,0.41849430880503335
clean-calibration,43,361.5,362.5,362.5,7,16,1.2105074830213751
clean-calibration,43,361.5,362.5,362.5,7,19,1.2798567067277609
clean-calibration,43,361.5,362.5,362.5,7,20,0.3628755995299432
clean-calibration,43,361.5,362.5,362.5,7,23,0.4966562025231829
clean-calibration,43,361.5,362.5,362.5,7,30,0.8777853752580546
clean-calibration,43,361.5,362.5,362.5,10,13,0.5787221505308571
clean-calibration,43,361.5,362.5,362.5,10,16,0.7421363041869998
clean-calibration,43,361.5,362.5,362.5,10,19,0.6766010546179608
clean-calibration,43,361.5,362.5,362.5,10,20,0.7240143705456772
clean-calibration,43,361.5,362.5,362.5,10,23,1.0791316118180396
clean-calibration,43,361.5,362.5,362.5,10,30,0.27063710686915543
clean-calibration,43,361.5,362.5,362.5,13,16,0.47812721430693406
clean-calibration,43,361.5,362.5,362.5,13,19,2.9195388287609187
clean-calibration,43,361.5,362.5,362.5,13,20,0.3404787220781843
clean-calibration,43,361.5,362.5,362.5,13,23,0.3265194084937231
clean-calibration,43,361.5,362.5,362.5,13,30,0.5972633821897707
clean-calibration,43,361.5,362.5,362.5,16,19,0.8553762594736842
clean-calibration,43,361.5,362.5,362.5,16,20,0.3609585201136357
clean-calibration,43,361.5,362.5,362.5,16,23,0.7224257665944271
clean-calibration,43,361.5,362.5,362.5,16,30,0.5664513574801712
clean-calibration,43,361.5,362.5,362.5,19,20,0.7055577056973993
clean-calibration,43,361.5,362.5,362.5,19,23,0.5992101153681554
clean-calibration,43,361.5,362.5,362.5,19,30,0.9463783096179622
clean-calibration,43,361.5,362.5,362.5,20,23,0.34502861697853754
clean-calibration,43,361.5,362.5,362.5,20,30,0.908312558306352
clean-calibration,43,361.5,362.5,362.5,23,30,1.399444393976367
clean-calibration,44,362.0,363.0,363.0,3,6,0.6045987452451834
clean-calibration,44,362.0,363.0,363.0,3,7,0.5741111031001139
clean-calibration,44,362.0,363.0,363.0,3,10,0.5929082967271773
clean-calibration,44,362.0,363.0,363.0,3,13,0.14678827955450544
clean-calibration,44,362.0,363.0,363.0,3,16,1.01082513166488
clean-calibration,44,362.0,363.0,363.0,3,19,0.22252620875819465
clean-calibration,44,362.0,363.0,363.0,3,20,1.126000255418336
clean-calibration,44,362.0,363.0,363.0,3,23,0.5172638432166301
clean-calibration,44,362.0,363.0,363.0,3,30,0.2165337011789322
clean-calibration,44,362.0,363.0,363.0,6,7,0.9272848488992722
clean-calibration,44,362.0,363.0,363.0,6,10,0.389781581070935
clean-calibration,44,362.0,363.0,363.0,6,13,0.5827104473054199
clean-calibration,44,362.0,363.0,363.0,6,16,0.23099962502900792
clean-calibration,44,362.0,363.0,363.0,6,19,1.2192537657584033
clean-calibration,44,362.0,363.0,363.0,6,20,0.3409471505870173
clean-calibration,44,362.0,363.0,363.0,6,23,0.8214153365893999
clean-calibration,44,362.0,363.0,363.0,6,30,0.17609420451135965
clean-calibration,44,362.0,363.0,363.0,7,10,0.5246741899168905
clean-calibration,44,362.0,363.0,363.0,7,13,0.8019278103733235
clean-calibration,44,362.0,363.0,363.0,7,16,0.7126392267915264
clean-calibration,44,362.0,363.0,363.0,7,19,0.5547690589532737
clean-calibration,44,362.0,363.0,363.0,7,20,0.2810551091987191
clean-calibration,44,362.0,363.0,363.0,7,23,0.5847853336615867
clean-calibration,44,362.0,363.0,363.0,7,30,0.5405919249486434
clean-calibration,44,362.0,363.0,363.0,10,13,0.5696622287332924
clean-calibration,44,362.0,363.0,363.0,10,16,0.31879072000410325
clean-calibration,44,362.0,363.0,363.0,10,19,0.4228009395942002
clean-calibration,44,362.0,363.0,363.0,10,20,0.48048740946784807
clean-calibration,44,362.0,363.0,363.0,10,23,0.7978488307363083
clean-calibration,44,362.0,363.0,363.0,10,30,0.3153400346831955
clean-calibration,44,362.0,363.0,363.0,13,16,2.2673450121978904
clean-calibration,44,362.0,363.0,363.0,13,19,2.8149511808099303
clean-calibration,44,362.0,363.0,363.0,13,20,0.5041222810721854
clean-calibration,44,362.0,363.0,363.0,13,23,0.8844324709703508
clean-calibration,44,362.0,363.0,363.0,13,30,0.2208995797739885
clean-calibration,44,362.0,363.0,363.0,16,19,0.3611596766501066
clean-calibration,44,362.0,363.0,363.0,16,20,0.6852188953437407
clean-calibration,44,362.0,363.0,363.0,16,23,0.19046703957023547
clean-calibration,44,362.0,363.0,363.0,16,30,0.3829959351439437
clean-calibration,44,362.0,363.0,363.0,19,20,0.5545721673417932
clean-calibration,44,362.0,363.0,363.0,19,23,1.8005847007808302
clean-calibration,44,362.0,363.0,363.0,19,30,0.4376081009234289
clean-calibration,44,362.0,363.0,363.0,20,23,0.4289904643165189
clean-calibration,44,362.0,363.0,363.0,20,30,0.7564487503150953
clean-calibration,44,362.0,363.0,363.0,23,30,0.2884832537169347
clean-calibration,45,362.5,363.5,363.5,3,6,0.34046794184607443
clean-calibration,45,362.5,363.5,363.5,3,7,0.2931492785018125
clean-calibration,45,362.5,363.5,363.5,3,10,0.2146478876391587
clean-calibration,45,362.5,363.5,363.5,3,13,0.9419102507508947
clean-calibration,45,362.5,363.5,363.5,3,16,0.9329000048667476
clean-calibration,45,362.5,363.5,363.5,3,19,0.23854331095604456
clean-calibration,45,362.5,363.5,363.5,3,20,0.9440214264998537
clean-calibration,45,362.5,363.5,363.5,3,23,0.3005465993319295
clean-calibration,45,362.5,363.5,363.5,3,30,0.3737013982091719
clean-calibration,45,362.5,363.5,363.5,6,7,0.8975706935780373
clean-calibration,45,362.5,363.5,363.5,6,10,0.41330060528806933
clean-calibration,45,362.5,363.5,363.5,6,13,0.5552072482743611
clean-calibration,45,362.5,363.5,363.5,6,16,0.17499944250218735
clean-calibration,45,362.5,363.5,363.5,6,19,0.7389943108155489
clean-calibration,45,362.5,363.5,363.5,6,20,0.49356029010519575
clean-calibration,45,362.5,363.5,363.5,6,23,0.3013471776648654
clean-calibration,45,362.5,363.5,363.5,6,30,0.193236505904328
clean-calibration,45,362.5,363.5,363.5,7,10,0.32059004248835915
clean-calibration,45,362.5,363.5,363.5,7,13,0.40783555810138267
clean-calibration,45,362.5,363.5,363.5,7,16,1.3906851118057377
clean-calibration,45,362.5,363.5,363.5,7,19,0.338218477993859
clean-calibration,45,362.5,363.5,363.5,7,20,0.35528475589932457
clean-calibration,45,362.5,363.5,363.5,7,23,0.9897796962233014
clean-calibration,45,362.5,363.5,363.5,7,30,1.3630929914997003
clean-calibration,45,362.5,363.5,363.5,10,13,0.3391660112014539
clean-calibration,45,362.5,363.5,363.5,10,16,0.31029105177231747
clean-calibration,45,362.5,363.5,363.5,10,19,1.216139458240604
clean-calibration,45,362.5,363.5,363.5,10,20,0.48662085404349353
clean-calibration,45,362.5,363.5,363.5,10,23,0.32560721407404414
clean-calibration,45,362.5,363.5,363.5,10,30,0.6927766651782084
clean-calibration,45,362.5,363.5,363.5,13,16,1.1919804582841542
clean-calibration,45,362.5,363.5,363.5,13,19,2.781638021550313
clean-calibration,45,362.5,363.5,363.5,13,20,0.4201917605066316
clean-calibration,45,362.5,363.5,363.5,13,23,0.8787051417212876
clean-calibration,45,362.5,363.5,363.5,13,30,0.4503697877877804
clean-calibration,45,362.5,363.5,363.5,16,19,0.8013124425722941
clean-calibration,45,362.5,363.5,363.5,16,20,1.9670334344402627
clean-calibration,45,362.5,363.5,363.5,16,23,0.606156166696058
clean-calibration,45,362.5,363.5,363.5,16,30,0.9244206315652821
clean-calibration,45,362.5,363.5,363.5,19,20,0.507457351633532
clean-calibration,45,362.5,363.5,363.5,19,23,0.8569929079290273
clean-calibration,45,362.5,363.5,363.5,19,30,0.3762498685471948
clean-calibration,45,362.5,363.5,363.5,20,23,1.09192909771242
clean-calibration,45,362.5,363.5,363.5,20,30,0.8837294694935526
clean-calibration,45,362.5,363.5,363.5,23,30,1.0905706920577691
clean-calibration,46,363.0,364.0,364.0,3,6,0.2001029831776755
clean-calibration,46,363.0,364.0,364.0,3,7,0.48797906141809494
clean-calibration,46,363.0,364.0,364.0,3,10,0.4348394629560334
clean-calibration,46,363.0,364.0,364.0,3,13,0.08733420924825934
clean-calibration,46,363.0,364.0,364.0,3,16,0.6307061043751675
clean-calibration,46,363.0,364.0,364.0,3,19,0.9967036226559323
clean-calibration,46,363.0,364.0,364.0,3,20,0.7104905846906264
clean-calibration,46,363.0,364.0,364.0,3,23,0.47434739619271526
clean-calibration,46,363.0,364.0,364.0,3,30,0.2242958027440732
clean-calibration,46,363.0,364.0,364.0,6,7,0.7924592625288417
clean-calibration,46,363.0,364.0,364.0,6,10,0.48339238028118914
clean-calibration,46,363.0,364.0,364.0,6,13,0.6803879913436652
clean-calibration,46,363.0,364.0,364.0,6,16,0.4730213875507127
clean-calibration,46,363.0,364.0,364.0,6,19,0.4485875318567002
clean-calibration,46,363.0,364.0,364.0,6,20,0.4389460494923777
clean-calibration,46,363.0,364.0,364.0,6,23,0.26059697092200074
clean-calibration,46,363.0,364.0,364.0,6,30,0.8616967562943323
clean-calibration,46,363.0,364.0,364.0,7,10,0.8068052370187633
clean-calibration,46,363.0,364.0,364.0,7,13,0.3400260773103528
clean-calibration,46,363.0,364.0,364.0,7,16,1.5292322168316717
clean-calibration,46,363.0,364.0,364.0,7,19,0.3368984748223248
clean-calibration,46,363.0,364.0,364.0,7,20,0.4573807424534821
clean-calibration,46,363.0,364.0,364.0,7,23,1.078688392018112
clean-calibration,46,363.0,364.0,364.0,7,30,2.481850154657616
clean-calibration,46,363.0,364.0,364.0,10,13,0.2971886229847842
clean-calibration,46,363.0,364.0,364.0,10,16,0.5374647776706917
clean-calibration,46,363.0,364.0,364.0,10,19,2.1283755364575825
clean-calibration,46,363.0,364.0,364.0,10,20,0.4459241744946102
clean-calibration,46,363.0,364.0,364.0,10,23,0.32120287213255516
clean-calibration,46,363.0,364.0,364.0,10,30,1.5420392267464247
clean-calibration,46,363.0,364.0,364.0,13,16,0.30682366479057555
clean-calibration,46,363.0,364.0,364.0,13,19,2.5835762029447293
clean-calibration,46,363.0,364.0,364.0,13,20,0.4743223005215458
clean-calibration,46,363.0,364.0,364.0,13,23,0.3770139814548227
clean-calibration,46,363.0,364.0,364.0,13,30,0.4008453440072822
clean-calibration,46,363.0,364.0,364.0,16,19,1.525603154452496
clean-calibration,46,363.0,364.0,364.0,16,20,3.2760000683745525
clean-calibration,46,363.0,364.0,364.0,16,23,0.6232948269898743
clean-calibration,46,363.0,364.0,364.0,16,30,1.7590515881839075
clean-calibration,46,363.0,364.0,364.0,19,20,0.441194345800165
clean-calibration,46,363.0,364.0,364.0,19,23,0.525355215443342
clean-calibration,46,363.0,364.0,364.0,19,30,0.8937395622367598
clean-calibration,46,363.0,364.0,364.0,20,23,1.0192729241668592
clean-calibration,46,363.0,364.0,364.0,20,30,1.1809545131723178
clean-calibration,46,363.0,364.0,364.0,23,30,0.7208542617056322
clean-calibration,47,363.5,364.5,364.5,3,6,0.1951313585003054
clean-calibration,47,363.5,364.5,364.5,3,7,0.321126610357061
clean-calibration,47,363.5,364.5,364.5,3,10,1.981484393929136
clean-calibration,47,363.5,364.5,364.5,3,13,0.1982418685664938
clean-calibration,47,363.5,364.5,364.5,3,16,0.5171489167772596
clean-calibration,47,363.5,364.5,364.5,3,19,1.1337161391834785
clean-calibration,47,363.5,364.5,364.5,3,20,0.7840971939041603
clean-calibration,47,363.5,364.5,364.5,3,23,0.24853879410702442
clean-calibration,47,363.5,364.5,364.5,3,30,0.5504813489710727
clean-calibration,47,363.5,364.5,364.5,6,7,0.49985871702844503
clean-calibration,47,363.5,364.5,364.5,6,10,0.7880851646843452
clean-calibration,47,363.5,364.5,364.5,6,13,0.3598488108390705
clean-calibration,47,363.5,364.5,364.5,6,16,0.28177526205599684
clean-calibration,47,363.5,364.5,364.5,6,19,0.6709371869391368
clean-calibration,47,363.5,364.5,364.5,6,20,0.768339692209688
clean-calibration,47,363.5,364.5,364.5,6,23,0.2038412640917732
clean-calibration,47,363.5,364.5,364.5,6,30,0.39958025464824076
clean-calibration,47,363.5,364.5,364.5,7,10,0.1757438337507214
clean-calibration,47,363.5,364.5,364.5,7,13,0.1729353114899413
clean-calibration,47,363.5,364.5,364.5,7,16,0.39759429995395995
clean-calibration,47,363.5,364.5,364.5,7,19,0.7715081814676028
clean-calibration,47,363.5,364.5,364.5,7,20,0.5833915718258698
clean-calibration,47,363.5,364.5,364.5,7,23,0.9268170910097515
clean-calibration,47,363.5,364.5,364.5,7,30,0.2811182940182507
clean-calibration,47,363.5,364.5,364.5,10,13,0.3279608738463639
clean-calibration,47,363.5,364.5,364.5,10,16,0.525872167020226
clean-calibration,47,363.5,364.5,364.5,10,19,0.6949314021295961
clean-calibration,47,363.5,364.5,364.5,10,20,1.828645882194437
clean-calibration,47,363.5,364.5,364.5,10,23,0.5966427479693175
clean-calibration,47,363.5,364.5,364.5,10,30,0.569283977452984
clean-calibration,47,363.5,364.5,364.5,13,16,0.5422357308119615
clean-calibration,47,363.5,364.5,364.5,13,19,2.29414079580066
clean-calibration,47,363.5,364.5,364.5,13,20,0.5157233433350087
clean-calibration,47,363.5,364.5,364.5,13,23,0.2789732085518807
clean-calibration,47,363.5,364.5,364.5,13,30,0.24775535499479978
clean-calibration,47,363.5,364.5,364.5,16,19,0.9587071013735692
clean-calibration,47,363.5,364.5,364.5,16,20,0.4473501512930538
clean-calibration,47,363.5,364.5,364.5,16,23,1.8242522632616314
clean-calibration,47,363.5,364.5,364.5,16,30,0.9481350709449069
clean-calibration,47,363.5,364.5,364.5,19,20,0.6112884420370392
clean-calibration,47,363.5,364.5,364.5,19,23,0.7199727883788618
clean-calibration,47,363.5,364.5,364.5,19,30,1.0967582469271449
clean-calibration,47,363.5,364.5,364.5,20,23,0.6506990778366244
clean-calibration,47,363.5,364.5,364.5,20,30,2.3798746127144823
clean-calibration,47,363.5,364.5,364.5,23,30,0.5377951471172208
clean-calibration,48,364.0,365.0,365.0,3,6,0.25280950294124016
clean-calibration,48,364.0,365.0,365.0,3,7,1.0997249619278406
clean-calibration,48,364.0,365.0,365.0,3,10,2.697859804769714
clean-calibration,48,364.0,365.0,365.0,3,13,0.2668406693922811
clean-calibration,48,364.0,365.0,365.0,3,16,0.6762759897052678
clean-calibration,48,364.0,365.0,365.0,3,19,0.8503481348269016
clean-calibration,48,364.0,365.0,365.0,3,20,0.7713657147048207
clean-calibration,48,364.0,365.0,365.0,3,23,0.7740027926924066
clean-calibration,48,364.0,365.0,365.0,3,30,1.368833430794727
clean-calibration,48,364.0,365.0,365.0,6,7,0.49239779051476507
clean-calibration,48,364.0,365.0,365.0,6,10,0.351819592005563
clean-calibration,48,364.0,365.0,365.0,6,13,0.4119321860897596
clean-calibration,48,364.0,365.0,365.0,6,16,0.30990026860570397
clean-calibration,48,364.0,365.0,365.0,6,19,0.6094708141938454
clean-calibration,48,364.0,365.0,365.0,6,20,0.4791477178513953
clean-calibration,48,364.0,365.0,365.0,6,23,0.4144422160712716
clean-calibration,48,364.0,365.0,365.0,6,30,0.32834569389798113
clean-calibration,48,364.0,365.0,365.0,7,10,0.3259914406502514
clean-calibration,48,364.0,365.0,365.0,7,13,0.2595876980936169
clean-calibration,48,364.0,365.0,365.0,7,16,0.4484467601984484
clean-calibration,48,364.0,365.0,365.0,7,19,0.29695978400351275
clean-calibration,48,364.0,365.0,365.0,7,20,1.2274946514622322
clean-calibration,48,364.0,365.0,365.0,7,23,0.29797614853773785
clean-calibration,48,364.0,365.0,365.0,7,30,0.7287421386957051
clean-calibration,48,364.0,365.0,365.0,10,13,0.39773320815434476
clean-calibration,48,364.0,365.0,365.0,10,16,0.22326295509865898
clean-calibration,48,364.0,365.0,365.0,10,19,0.5617676728761307
clean-calibration,48,364.0,365.0,365.0,10,20,0.5898894507970908
clean-calibration,48,364.0,365.0,365.0,10,23,0.42082315549189786
clean-calibration,48,364.0,365.0,365.0,10,30,0.48654064098887073
clean-calibration,48,364.0,365.0,365.0,13,16,0.7022720109745869
clean-calibration,48,364.0,365.0,365.0,13,19,3.3079827324769346
clean-calibration,48,364.0,365.0,365.0,13,20,0.21917260441810696
clean-calibration,48,364.0,365.0,365.0,13,23,0.26887642774843284
clean-calibration,48,364.0,365.0,365.0,13,30,0.3911850980543935
clean-calibration,48,364.0,365.0,365.0,16,19,0.555158605260475
clean-calibration,48,364.0,365.0,365.0,16,20,1.0871118054105031
clean-calibration,48,364.0,365.0,365.0,16,23,2.429397225822311
clean-calibration,48,364.0,365.0,365.0,16,30,1.0538341289228266
clean-calibration,48,364.0,365.0,365.0,19,20,0.3241309217831506
clean-calibration,48,364.0,365.0,365.0,19,23,0.5372763280462303
clean-calibration,48,364.0,365.0,365.0,19,30,0.8449671948686592
clean-calibration,48,364.0,365.0,365.0,20,23,0.4116019873345499
clean-calibration,48,364.0,365.0,365.0,20,30,1.344416465978013
clean-calibration,48,364.0,365.0,365.0,23,30,0.6292211673783578
clean-calibration,49,364.5,365.5,365.5,3,6,0.6179232384876531
clean-calibration,49,364.5,365.5,365.5,3,7,1.808943667692715
clean-calibration,49,364.5,365.5,365.5,3,10,1.1648324476619831
clean-calibration,49,364.5,365.5,365.5,3,13,0.8505772510293191
clean-calibration,49,364.5,365.5,365.5,3,16,0.5947982093196649
clean-calibration,49,364.5,365.5,365.5,3,19,0.18658044691817252
clean-calibration,49,364.5,365.5,365.5,3,20,0.7787729820795197
clean-calibration,49,364.5,365.5,365.5,3,23,1.0575509949679502
clean-calibration,49,364.5,365.5,365.5,3,30,1.1857262239497746
clean-calibration,49,364.5,365.5,365.5,6,7,0.5584509046657711
clean-calibration,49,364.5,365.5,365.5,6,10,0.3026818641298352
clean-calibration,49,364.5,365.5,365.5,6,13,0.7375212256722362
clean-calibration,49,364.5,365.5,365.5,6,16,0.4924601479617693
clean-calibration,49,364.5,365.5,365.5,6,19,0.07942538314245229
clean-calibration,49,364.5,365.5,365.5,6,20,1.7102414501190786
clean-calibration,49,364.5,365.5,365.5,6,23,0.7313946827866388
clean-calibration,49,364.5,365.5,365.5,6,30,1.5935832574386566
clean-calibration,49,364.5,365.5,365.5,7,10,0.6740684172078941
clean-calibration,49,364.5,365.5,365.5,7,13,0.5661721405585646
clean-calibration,49,364.5,365.5,365.5,7,16,0.505376648869985
clean-calibration,49,364.5,365.5,365.5,7,19,0.25968519256507694
clean-calibration,49,364.5,365.5,365.5,7,20,0.811203575587877
clean-calibration,49,364.5,365.5,365.5,7,23,0.6261227808494096
clean-calibration,49,364.5,365.5,365.5,7,30,1.7970082175934372
clean-calibration,49,364.5,365.5,365.5,10,13,0.499443894506961
clean-calibration,49,364.5,365.5,365.5,10,16,0.17500213634535108
clean-calibration,49,364.5,365.5,365.5,10,19,1.0452258991150531
clean-calibration,49,364.5,365.5,365.5,10,20,0.4700965452380281
clean-calibration,49,364.5,365.5,365.5,10,23,0.758082906251597
clean-calibration,49,364.5,365.5,365.5,10,30,0.4827927572182369
clean-calibration,49,364.5,365.5,365.5,13,16,0.5792173967499122
clean-calibration,49,364.5,365.5,365.5,13,19,2.104351983641933
clean-calibration,49,364.5,365.5,365.5,13,20,0.2749376965684691
clean-calibration,49,364.5,365.5,365.5,13,23,0.19631752235424296
clean-calibration,49,364.5,365.5,365.5,13,30,0.6542661970053938
clean-calibration,49,364.5,365.5,365.5,16,19,0.49434113461323304
clean-calibration,49,364.5,365.5,365.5,16,20,0.5598061266791684
clean-calibration,49,364.5,365.5,365.5,16,23,1.8951068870527958
clean-calibration,49,364.5,365.5,365.5,16,30,0.7356681293645243
clean-calibration,49,364.5,365.5,365.5,19,20,0.4918396078338064
clean-calibration,49,364.5,365.5,365.5,19,23,0.49216389659914117
clean-calibration,49,364.5,365.5,365.5,19,30,0.42502517062390144
clean-calibration,49,364.5,365.5,365.5,20,23,0.5119822074610959
clean-calibration,49,364.5,365.5,365.5,20,30,1.2869347026475473
clean-calibration,49,364.5,365.5,365.5,23,30,0.7407112856064222
clean-calibration,50,365.0,366.0,366.0,3,6,0.42459381250248907
clean-calibration,50,365.0,366.0,366.0,3,7,0.9153505881392603
clean-calibration,50,365.0,366.0,366.0,3,10,0.24356560356344667
clean-calibration,50,365.0,366.0,366.0,3,13,0.5705740970221896
clean-calibration,50,365.0,366.0,366.0,3,16,0.494871395221367
clean-calibration,50,365.0,366.0,366.0,3,19,0.4279970949082047
clean-calibration,50,365.0,366.0,366.0,3,20,0.4235628853812847
clean-calibration,50,365.0,366.0,366.0,3,23,0.5245543349637607
clean-calibration,50,365.0,366.0,366.0,3,30,0.4421266126353277
clean-calibration,50,365.0,366.0,366.0,6,7,0.3474721318996027
clean-calibration,50,365.0,366.0,366.0,6,10,0.63214296001846
clean-calibration,50,365.0,366.0,366.0,6,13,0.8329249508670141
clean-calibration,50,365.0,366.0,366.0,6,16,1.526507391142359
clean-calibration,50,365.0,366.0,366.0,6,19,0.28789540417364795
clean-calibration,50,365.0,366.0,366.0,6,20,0.3889477698706479
clean-calibration,50,365.0,366.0,366.0,6,23,0.2958858224785129
clean-calibration,50,365.0,366.0,366.0,6,30,0.27659645069503047
clean-calibration,50,365.0,366.0,366.0,7,10,0.790493910465402
clean-calibration,50,365.0,366.0,366.0,7,13,1.534462453101368
clean-calibration,50,365.0,366.0,366.0,7,16,1.2440413441692053
clean-calibration,50,365.0,366.0,366.0,7,19,0.33979612431995343
clean-calibration,50,365.0,366.0,366.0,7,20,0.3693753308861166
clean-calibration,50,365.0,366.0,366.0,7,23,0.711705720847297
clean-calibration,50,365.0,366.0,366.0,7,30,0.8904890289664775
clean-calibration,50,365.0,366.0,366.0,10,13,0.5301458468022358
clean-calibration,50,365.0,366.0,366.0,10,16,0.45430447011978875
clean-calibration,50,365.0,366.0,366.0,10,19,0.7399722108637583
clean-calibration,50,365.0,366.0,366.0,10,20,0.5177032242513759
clean-calibration,50,365.0,366.0,366.0,10,23,0.37204478357673487
clean-calibration,50,365.0,366.0,366.0,10,30,1.2252178048541307
clean-calibration,50,365.0,366.0,366.0,13,16,0.7600717676201264
clean-calibration,50,365.0,366.0,366.0,13,19,1.8891105289587145
clean-calibration,50,365.0,366.0,366.0,13,20,0.8303906814015949
clean-calibration,50,365.0,366.0,366.0,13,23,0.3425605892883935
clean-calibration,50,365.0,366.0,366.0,13,30,0.6001622701359169
clean-calibration,50,365.0,366.0,366.0,16,19,0.4146778519437759
clean-calibration,50,365.0,366.0,366.0,16,20,0.6600593508613016
clean-calibration,50,365.0,366.0,366.0,16,23,0.4449843572620516
clean-calibration,50,365.0,366.0,366.0,16,30,1.1737997244881748
clean-calibration,50,365.0,366.0,366.0,19,20,0.6271057897334019
clean-calibration,50,365.0,366.0,366.0,19,23,0.6346034428630325
clean-calibration,50,365.0,366.0,366.0,19,30,0.39388695518477196
clean-calibration,50,365.0,366.0,366.0,20,23,0.27560059418500227
clean-calibration,50,365.0,366.0,366.0,20,30,1.0355098621828718
clean-calibration,50,365.0,366.0,366.0,23,30,0.22253537911613247
clean-calibration,51,365.5,366.5,366.5,3,6,2.5722273719810262
clean-calibration,51,365.5,366.5,366.5,3,7,0.9029877765435714
clean-calibration,51,365.5,366.5,366.5,3,10,1.395519641527275
clean-calibration,51,365.5,366.5,366.5,3,13,0.1258167527593132
clean-calibration,51,365.5,366.5,366.5,3,16,0.9472460697882349
clean-calibration,51,365.5,366.5,366.5,3,19,0.6881307265138826
clean-calibration,51,365.5,366.5,366.5,3,20,0.1748090707169644
clean-calibration,51,365.5,366.5,366.5,3,23,0.7783440537068256
clean-calibration,51,365.5,366.5,366.5,3,30,0.5948436448141845
clean-calibration,51,365.5,366.5,366.5,6,7,0.7678770557462278
clean-calibration,51,365.5,366.5,366.5,6,10,0.42037091326240705
clean-calibration,51,365.5,366.5,366.5,6,13,0.0781522924454319
clean-calibration,51,365.5,366.5,366.5,6,16,0.6292833986971809
clean-calibration,51,365.5,366.5,366.5,6,19,0.43439456013267297
clean-calibration,51,365.5,366.5,366.5,6,20,0.4579962073820492
clean-calibration,51,365.5,366.5,366.5,6,23,0.716887220532248
clean-calibration,51,365.5,366.5,366.5,6,30,0.5572394205308465
clean-calibration,51,365.5,366.5,366.5,7,10,0.36138952519047607
clean-calibration,51,365.5,366.5,366.5,7,13,0.34443052837440163
clean-calibration,51,365.5,366.5,366.5,7,16,0.5087174098394592
clean-calibration,51,365.5,366.5,366.5,7,19,0.4410511709187075
clean-calibration,51,365.5,366.5,366.5,7,20,0.5575619027096187
clean-calibration,51,365.5,366.5,366.5,7,23,1.1657198335944645
clean-calibration,51,365.5,366.5,366.5,7,30,1.3262398043432788
clean-calibration,51,365.5,366.5,366.5,10,13,0.6826494321343086
clean-calibration,51,365.5,366.5,366.5,10,16,0.9291204701731619
clean-calibration,51,365.5,366.5,366.5,10,19,1.014355524054051
clean-calibration,51,365.5,366.5,366.5,10,20,0.8029039057764532
clean-calibration,51,365.5,366.5,366.5,10,23,0.44852215238736226
clean-calibration,51,365.5,366.5,366.5,10,30,0.9712070319005068
clean-calibration,51,365.5,366.5,366.5,13,16,0.43169018721496355
clean-calibration,51,365.5,366.5,366.5,13,19,2.0631947833061246
clean-calibration,51,365.5,366.5,366.5,13,20,0.4229750724847479
clean-calibration,51,365.5,366.5,366.5,13,23,0.24109994951410835
clean-calibration,51,365.5,366.5,366.5,13,30,0.3912873915824991
clean-calibration,51,365.5,366.5,366.5,16,19,1.443755372685331
clean-calibration,51,365.5,366.5,366.5,16,20,0.5267228431115155
clean-calibration,51,365.5,366.5,366.5,16,23,1.403156234188992
clean-calibration,51,365.5,366.5,366.5,16,30,0.7747248662234119
clean-calibration,51,365.5,366.5,366.5,19,20,0.6083096737318909
clean-calibration,51,365.5,366.5,366.5,19,23,0.3531659010780207
clean-calibration,51,365.5,366.5,366.5,19,30,0.9543432201680873
clean-calibration,51,365.5,366.5,366.5,20,23,0.5810179496865466
clean-calibration,51,365.5,366.5,366.5,20,30,1.3481031329692916
clean-calibration,51,365.5,366.5,366.5,23,30,0.7061079911020836
clean-calibration,52,366.0,367.0,367.0,3,6,1.0526035014520443
clean-calibration,52,366.0,367.0,367.0,3,7,0.6720050199452373
clean-calibration,52,366.0,367.0,367.0,3,10,0.5547670158703759
clean-calibration,52,366.0,367.0,367.0,3,13,0.5239151598568756
clean-calibration,52,366.0,367.0,367.0,3,16,1.0257583767344394
clean-calibration,52,366.0,367.0,367.0,3,19,0.707234233093882
clean-calibration,52,366.0,367.0,367.0,3,20,0.20614127962267564
clean-calibration,52,366.0,367.0,367.0,3,23,0.9021001136682815
clean-calibration,52,366.0,367.0,367.0,3,30,0.4275694888159093
clean-calibration,52,366.0,367.0,367.0,6,7,1.7557176959878409
clean-calibration,52,366.0,367.0,367.0,6,10,0.2729735060935014
clean-calibration,52,366.0,367.0,367.0,6,13,0.19304390951112543
clean-calibration,52,366.0,367.0,367.0,6,16,0.2909004990447906
clean-calibration,52,366.0,367.0,367.0,6,19,0.7033171943774582
clean-calibration,52,366.0,367.0,367.0,6,20,0.6271247072641268
clean-calibration,52,366.0,367.0,367.0,6,23,0.5432099097379848
clean-calibration,52,366.0,367.0,367.0,6,30,0.21450500388822752
clean-calibration,52,366.0,367.0,367.0,7,10,0.6358785846897916
clean-calibration,52,366.0,367.0,367.0,7,13,0.4240866359736953
clean-calibration,52,366.0,367.0,367.0,7,16,0.8842252844932533
clean-calibration,52,366.0,367.0,367.0,7,19,0.6532547382881194
clean-calibration,52,366.0,367.0,367.0,7,20,0.4943766436796192
clean-calibration,52,366.0,367.0,367.0,7,23,1.0059212353570364
clean-calibration,52,366.0,367.0,367.0,7,30,1.5829931284171266
clean-calibration,52,366.0,367.0,367.0,10,13,0.9155403309909127
clean-calibration,52,366.0,367.0,367.0,10,16,1.2985314404120671
clean-calibration,52,366.0,367.0,367.0,10,19,0.35188583886545094
clean-calibration,52,366.0,367.0,367.0,10,20,0.26292653215528283
clean-calibration,52,366.0,367.0,367.0,10,23,0.6498843176374836
clean-calibration,52,366.0,367.0,367.0,10,30,0.3887006835774404
clean-calibration,52,366.0,367.0,367.0,13,16,1.2869165751806926
clean-calibration,52,366.0,367.0,367.0,13,19,2.43367330640045
clean-calibration,52,366.0,367.0,367.0,13,20,0.5503134324963941
clean-calibration,52,366.0,367.0,367.0,13,23,0.6655194142867433
clean-calibration,52,366.0,367.0,367.0,13,30,0.7321195729996225
clean-calibration,52,366.0,367.0,367.0,16,19,1.2164489293501748
clean-calibration,52,366.0,367.0,367.0,16,20,0.36580814154002544
clean-calibration,52,366.0,367.0,367.0,16,23,0.8491410387720713
clean-calibration,52,366.0,367.0,367.0,16,30,0.8056203288237388
clean-calibration,52,366.0,367.0,367.0,19,20,1.6863410727967376
clean-calibration,52,366.0,367.0,367.0,19,23,1.1634244519276846
clean-calibration,52,366.0,367.0,367.0,19,30,0.8054781633475292
clean-calibration,52,366.0,367.0,367.0,20,23,0.9278799911807167
clean-calibration,52,366.0,367.0,367.0,20,30,1.5090774552709
clean-calibration,52,366.0,367.0,367.0,23,30,0.66726196715921
clean-calibration,53,366.5,367.5,367.5,3,6,0.23099578231863127
clean-calibration,53,366.5,367.5,367.5,3,7,0.7185362614823291
clean-calibration,53,366.5,367.5,367.5,3,10,0.18163518099837647
clean-calibration,53,366.5,367.5,367.5,3,13,0.899124862931228
clean-calibration,53,366.5,367.5,367.5,3,16,0.8093170629359877
clean-calibration,53,366.5,367.5,367.5,3,19,1.7744203215114307
clean-calibration,53,366.5,367.5,367.5,3,20,0.33315600381066035
clean-calibration,53,366.5,367.5,367.5,3,23,1.2475638268617708
clean-calibration,53,366.5,367.5,367.5,3,30,0.9668595163840635
clean-calibration,53,366.5,367.5,367.5,6,7,0.41225756350244513
clean-calibration,53,366.5,367.5,367.5,6,10,0.1835717530659788
clean-calibration,53,366.5,367.5,367.5,6,13,0.2157703382288593
clean-calibration,53,366.5,367.5,367.5,6,16,0.2724449199272575
clean-calibration,53,366.5,367.5,367.5,6,19,0.48978873783588545
clean-calibration,53,366.5,367.5,367.5,6,20,0.6185483466814541
clean-calibration,53,366.5,367.5,367.5,6,23,0.33574769188045794
clean-calibration,53,366.5,367.5,367.5,6,30,0.7696204178590564
clean-calibration,53,366.5,367.5,367.5,7,10,0.9291124398235571
clean-calibration,53,366.5,367.5,367.5,7,13,0.2578792818016713
clean-calibration,53,366.5,367.5,367.5,7,16,0.5913785860328793
clean-calibration,53,366.5,367.5,367.5,7,19,0.7346433901833782
clean-calibration,53,366.5,367.5,367.5,7,20,0.8863599198811924
clean-calibration,53,366.5,367.5,367.5,7,23,0.9536250300996484
clean-calibration,53,366.5,367.5,367.5,7,30,0.6415828048438853
clean-calibration,53,366.5,367.5,367.5,10,13,0.4966413280919513
clean-calibration,53,366.5,367.5,367.5,10,16,0.35628726497265817
clean-calibration,53,366.5,367.5,367.5,10,19,0.3065006191514817
clean-calibration,53,366.5,367.5,367.5,10,20,1.3716264210380982
clean-calibration,53,366.5,367.5,367.5,10,23,0.29251755985182776
clean-calibration,53,366.5,367.5,367.5,10,30,0.7479429467678612
clean-calibration,53,366.5,367.5,367.5,13,16,0.9360479787653748
clean-calibration,53,366.5,367.5,367.5,13,19,2.4177673897108454
clean-calibration,53,366.5,367.5,367.5,13,20,0.4697401204711008
clean-calibration,53,366.5,367.5,367.5,13,23,0.21429287613541687
clean-calibration,53,366.5,367.5,367.5,13,30,0.46543873767647403
clean-calibration,53,366.5,367.5,367.5,16,19,1.2853397152179222
clean-calibration,53,366.5,367.5,367.5,16,20,0.5011452697043077
clean-calibration,53,366.5,367.5,367.5,16,23,0.50685331221042
clean-calibration,53,366.5,367.5,367.5,16,30,0.5213953625542687
clean-calibration,53,366.5,367.5,367.5,19,20,1.1167968714480638
clean-calibration,53,366.5,367.5,367.5,19,23,1.0441500224296245
clean-calibration,53,366.5,367.5,367.5,19,30,0.3521805048373573
clean-calibration,53,366.5,367.5,367.5,20,23,0.4993744390818283
clean-calibration,53,366.5,367.5,367.5,20,30,1.1249490255143828
clean-calibration,53,366.5,367.5,367.5,23,30,0.3320559928262564
clean-calibration,54,367.0,368.0,368.0,3,6,0.4297649772304162
clean-calibration,54,367.0,368.0,368.0,3,7,0.4673437321121229
clean-calibration,54,367.0,368.0,368.0,3,10,0.6580654994361183
clean-calibration,54,367.0,368.0,368.0,3,13,0.6197864649135412
clean-calibration,54,367.0,368.0,368.0,3,16,0.29789097483757226
clean-calibration,54,367.0,368.0,368.0,3,19,1.0018875297625311
clean-calibration,54,367.0,368.0,368.0,3,20,0.6301356064202576
clean-calibration,54,367.0,368.0,368.0,3,23,0.5836576519161902
clean-calibration,54,367.0,368.0,368.0,3,30,0.6620557620757749
clean-calibration,54,367.0,368.0,368.0,6,7,0.4627442615579819
clean-calibration,54,367.0,368.0,368.0,6,10,0.4961017571705078
clean-calibration,54,367.0,368.0,368.0,6,13,1.1342765919157898
clean-calibration,54,367.0,368.0,368.0,6,16,0.4334957445525879
clean-calibration,54,367.0,368.0,368.0,6,19,0.34779793156018596
clean-calibration,54,367.0,368.0,368.0,6,20,0.46049228647926393
clean-calibration,54,367.0,368.0,368.0,6,23,0.6105872295193862
clean-calibration,54,367.0,368.0,368.0,6,30,0.6749495776494716
clean-calibration,54,367.0,368.0,368.0,7,10,0.6649297015277541
clean-calibration,54,367.0,368.0,368.0,7,13,0.6370900111058628
clean-calibration,54,367.0,368.0,368.0,7,16,0.9150314647957793
clean-calibration,54,367.0,368.0,368.0,7,19,0.3483305415527243
clean-calibration,54,367.0,368.0,368.0,7,20,0.42690616479883303
clean-calibration,54,367.0,368.0,368.0,7,23,0.5273366643041895
clean-calibration,54,367.0,368.0,368.0,7,30,0.5891132310994892
clean-calibration,54,367.0,368.0,368.0,10,13,1.689152243725187
clean-calibration,54,367.0,368.0,368.0,10,16,0.39746190644869483
clean-calibration,54,367.0,368.0,368.0,10,19,1.5155553747813282
clean-calibration,54,367.0,368.0,368.0,10,20,1.0316132476965705
clean-calibration,54,367.0,368.0,368.0,10,23,0.7929901201708176
clean-calibration,54,367.0,368.0,368.0,10,30,0.3623082623454118
clean-calibration,54,367.0,368.0,368.0,13,16,1.5312992019192615
clean-calibration,54,367.0,368.0,368.0,13,19,2.0627500954252254
clean-calibration,54,367.0,368.0,368.0,13,20,0.3320361151654996
clean-calibration,54,367.0,368.0,368.0,13,23,0.13864532488037595
clean-calibration,54,367.0,368.0,368.0,13,30,0.6764839096198286
clean-calibration,54,367.0,368.0,368.0,16,19,1.614474357512443
clean-calibration,54,367.0,368.0,368.0,16,20,1.071151847434586
clean-calibration,54,367.0,368.0,368.0,16,23,0.5004282870570587
clean-calibration,54,367.0,368.0,368.0,16,30,0.6235600897762851
clean-calibration,54,367.0,368.0,368.0,19,20,1.1790153563042864
clean-calibration,54,367.0,368.0,368.0,19,23,1.0396755027837528
clean-calibration,54,367.0,368.0,368.0,19,30,0.41272586964840874
clean-calibration,54,367.0,368.0,368.0,20,23,0.7849675842041509
clean-calibration,54,367.0,368.0,368.0,20,30,0.5929525915288443
clean-calibration,54,367.0,368.0,368.0,23,30,0.30939239911233335
clean-calibration,55,367.5,368.5,368.5,3,6,0.3645795318049912
clean-calibration,55,367.5,368.5,368.5,3,7,1.1419832490706268
clean-calibration,55,367.5,368.5,368.5,3,10,1.9776674093646225
clean-calibration,55,367.5,368.5,368.5,3,13,1.4130182083181924
clean-calibration,55,367.5,368.5,368.5,3,16,0.44878066911437936
clean-calibration,55,367.5,368.5,368.5,3,19,0.26130186137086703
clean-calibration,55,367.5,368.5,368.5,3,20,0.4943642235692204
clean-calibration,55,367.5,368.5,368.5,3,23,0.9290159637735872
clean-calibration,55,367.5,368.5,368.5,3,30,0.3554959279392227
clean-calibration,55,367.5,368.5,368.5,6,7,0.5478577692101434
clean-calibration,55,367.5,368.5,368.5,6,10,0.559723175731847
clean-calibration,55,367.5,368.5,368.5,6,13,0.5277421881624278
clean-calibration,55,367.5,368.5,368.5,6,16,0.4296724770734818
clean-calibration,55,367.5,368.5,368.5,6,19,0.42624526885569625
clean-calibration,55,367.5,368.5,368.5,6,20,0.4465184579229309
clean-calibration,55,367.5,368.5,368.5,6,23,0.297167568740759
clean-calibration,55,367.5,368.5,368.5,6,30,0.5761369254243519
clean-calibration,55,367.5,368.5,368.5,7,10,0.5904369923076622
clean-calibration,55,367.5,368.5,368.5,7,13,0.744657350080868
clean-calibration,55,367.5,368.5,368.5,7,16,0.6292747653408316
clean-calibration,55,367.5,368.5,368.5,7,19,0.4255555637317915
clean-calibration,55,367.5,368.5,368.5,7,20,1.3652313249129293
clean-calibration,55,367.5,368.5,368.5,7,23,0.2494834035380818
clean-calibration,55,367.5,368.5,368.5,7,30,0.5003968729591418
clean-calibration,55,367.5,368.5,368.5,10,13,0.38442019492751245
clean-calibration,55,367.5,368.5,368.5,10,16,0.47688565129840066
clean-calibration,55,367.5,368.5,368.5,10,19,0.8750200322034767
clean-calibration,55,367.5,368.5,368.5,10,20,0.8241735305322665
clean-calibration,55,367.5,368.5,368.5,10,23,0.6548903911527837
clean-calibration,55,367.5,368.5,368.5,10,30,0.7022948400406718
clean-calibration,55,367.5,368.5,368.5,13,16,0.44743807058258334
clean-calibration,55,367.5,368.5,368.5,13,19,1.6708686515139903
clean-calibration,55,367.5,368.5,368.5,13,20,0.5983784719353137
clean-calibration,55,367.5,368.5,368.5,13,23,0.7011436093664052
clean-calibration,55,367.5,368.5,368.5,13,30,0.12824076315469665
clean-calibration,55,367.5,368.5,368.5,16,19,1.7452026930859674
clean-calibration,55,367.5,368.5,368.5,16,20,0.6670731730533827
clean-calibration,55,367.5,368.5,368.5,16,23,1.1083990752134274
clean-calibration,55,367.5,368.5,368.5,16,30,0.5357291914978675
clean-calibration,55,367.5,368.5,368.5,19,20,1.2350069706304652
clean-calibration,55,367.5,368.5,368.5,19,23,0.4463676059843456
clean-calibration,55,367.5,368.5,368.5,19,30,0.5035567124499988
clean-calibration,55,367.5,368.5,368.5,20,23,0.4173938157011099
clean-calibration,55,367.5,368.5,368.5,20,30,1.1191915793828553
clean-calibration,55,367.5,368.5,368.5,23,30,0.5726893227353582
clean-calibration,56,368.0,369.0,369.0,3,6,0.41995268368198924
clean-calibration,56,368.0,369.0,369.0,3,7,0.5250822081882311
clean-calibration,56,368.0,369.0,369.0,3,10,0.9786864549373346
clean-calibration,56,368.0,369.0,369.0,3,13,0.48953820881210586
clean-calibration,56,368.0,369.0,369.0,3,16,0.4141375617886457
clean-calibration,56,368.0,369.0,369.0,3,19,0.3339680748804097
clean-calibration,56,368.0,369.0,369.0,3,20,0.6832576615339756
clean-calibration,56,368.0,369.0,369.0,3,23,1.5362779917887135
clean-calibration,56,368.0,369.0,369.0,3,30,0.20485973889558662
clean-calibration,56,368.0,369.0,369.0,6,7,0.28154088661928744
clean-calibration,56,368.0,369.0,369.0,6,10,0.5335288675547065
clean-calibration,56,368.0,369.0,369.0,6,13,0.8163219608314576
clean-calibration,56,368.0,369.0,369.0,6,16,0.22833960590934982
clean-calibration,56,368.0,369.0,369.0,6,19,0.23932063802589795
clean-calibration,56,368.0,369.0,369.0,6,20,0.44575526093073814
clean-calibration,56,368.0,369.0,369.0,6,23,0.25818067996955396
clean-calibration,56,368.0,369.0,369.0,6,30,0.243057254652625
clean-calibration,56,368.0,369.0,369.0,7,10,0.20854186708334832
clean-calibration,56,368.0,369.0,369.0,7,13,0.6220044672508789
clean-calibration,56,368.0,369.0,369.0,7,16,1.0227011891008413
clean-calibration,56,368.0,369.0,369.0,7,19,1.1144168117187352
clean-calibration,56,368.0,369.0,369.0,7,20,0.9974444108707561
clean-calibration,56,368.0,369.0,369.0,7,23,0.4467514066216742
clean-calibration,56,368.0,369.0,369.0,7,30,0.5922566554137028
clean-calibration,56,368.0,369.0,369.0,10,13,0.462779294400375
clean-calibration,56,368.0,369.0,369.0,10,16,0.5834062717362712
clean-calibration,56,368.0,369.0,369.0,10,19,0.3823230626104545
clean-calibration,56,368.0,369.0,369.0,10,20,0.7353464667922514
clean-calibration,56,368.0,369.0,369.0,10,23,0.5466208422891983
clean-calibration,56,368.0,369.0,369.0,10,30,0.7871184945871565
clean-calibration,56,368.0,369.0,369.0,13,16,0.2632818993296665
clean-calibration,56,368.0,369.0,369.0,13,19,1.5067466952513398
clean-calibration,56,368.0,369.0,369.0,13,20,0.7528270442564938
clean-calibration,56,368.0,369.0,369.0,13,23,0.2751992636075087
clean-calibration,56,368.0,369.0,369.0,13,30,1.1379359326530047
clean-calibration,56,368.0,369.0,369.0,16,19,0.6471365129842627
clean-calibration,56,368.0,369.0,369.0,16,20,1.0270022550674536
clean-calibration,56,368.0,369.0,369.0,16,23,0.3910784295260239
clean-calibration,56,368.0,369.0,369.0,16,30,1.0687444540134128
clean-calibration,56,368.0,369.0,369.0,19,20,0.9002554453101045
clean-calibration,56,368.0,369.0,369.0,19,23,0.24872741864041506
clean-calibration,56,368.0,369.0,369.0,19,30,0.20296025626772138
clean-calibration,56,368.0,369.0,369.0,20,23,0.5335097559522115
clean-calibration,56,368.0,369.0,369.0,20,30,1.20936742382131
clean-calibration,56,368.0,369.0,369.0,23,30,0.7787333732969939
clean-calibration,57,368.5,369.5,369.5,3,6,0.279908423401502
clean-calibration,57,368.5,369.5,369.5,3,7,0.45342180942251326
clean-calibration,57,368.5,369.5,369.5,3,10,1.0441938959398587
clean-calibration,57,368.5,369.5,369.5,3,13,0.335033805999733
clean-calibration,57,368.5,369.5,369.5,3,16,1.6031350297114209
clean-calibration,57,368.5,369.5,369.5,3,19,0.48868518363501356
clean-calibration,57,368.5,369.5,369.5,3,20,0.7870067661830664
clean-calibration,57,368.5,369.5,369.5,3,23,0.6378552322343618
clean-calibration,57,368.5,369.5,369.5,3,30,0.3650857303437458
clean-calibration,57,368.5,369.5,369.5,6,7,0.2972833942593675
clean-calibration,57,368.5,369.5,369.5,6,10,1.3292738485522928
clean-calibration,57,368.5,369.5,369.5,6,13,0.1959677472973988
clean-calibration,57,368.5,369.5,369.5,6,16,0.5133785443852249
clean-calibration,57,368.5,369.5,369.5,6,19,0.4541866336283874
clean-calibration,57,368.5,369.5,369.5,6,20,0.7281009968372152
clean-calibration,57,368.5,369.5,369.5,6,23,2.1536272379579615
clean-calibration,57,368.5,369.5,369.5,6,30,0.39026893692526193
clean-calibration,57,368.5,369.5,369.5,7,10,0.8432100500716005
clean-calibration,57,368.5,369.5,369.5,7,13,1.3251915024864396
clean-calibration,57,368.5,369.5,369.5,7,16,0.6333814558787128
clean-calibration,57,368.5,369.5,369.5,7,19,0.8029924241316028
clean-calibration,57,368.5,369.5,369.5,7,20,0.47965192295724235
clean-calibration,57,368.5,369.5,369.5,7,23,0.4094785299481053
clean-calibration,57,368.5,369.5,369.5,7,30,0.7539736161681256
clean-calibration,57,368.5,369.5,369.5,10,13,0.5524710102202077
clean-calibration,57,368.5,369.5,369.5,10,16,1.2535095807178405
clean-calibration,57,368.5,369.5,369.5,10,19,0.5998544234656048
clean-calibration,57,368.5,369.5,369.5,10,20,0.5419346116395454
clean-calibration,57,368.5,369.5,369.5,10,23,0.3989479746068648
clean-calibration,57,368.5,369.5,369.5,10,30,0.35456788035385706
clean-calibration,57,368.5,369.5,369.5,13,16,0.13599675755138668
clean-calibration,57,368.5,369.5,369.5,13,19,2.320215631998737
clean-calibration,57,368.5,369.5,369.5,13,20,0.5108141914356216
clean-calibration,57,368.5,369.5,369.5,13,23,0.8378780188021813
clean-calibration,57,368.5,369.5,369.5,13,30,0.8299443262435737
clean-calibration,57,368.5,369.5,369.5,16,19,1.2065573839854475
clean-calibration,57,368.5,369.5,369.5,16,20,0.3814082738335266
clean-calibration,57,368.5,369.5,369.5,16,23,0.4464159079239486
clean-calibration,57,368.5,369.5,369.5,16,30,0.4011475224052329
clean-calibration,57,368.5,369.5,369.5,19,20,0.4649370324158605
clean-calibration,57,368.5,369.5,369.5,19,23,0.6108655947650246
clean-calibration,57,368.5,369.5,369.5,19,30,0.49280828295842544
clean-calibration,57,368.5,369.5,369.5,20,23,1.0097390140616456
clean-calibration,57,368.5,369.5,369.5,20,30,1.0450876341310746
clean-calibration,57,368.5,369.5,369.5,23,30,0.23928696685296194
clean-calibration,58,369.0,370.0,370.0,3,6,0.8199503587224714
clean-calibration,58,369.0,370.0,370.0,3,7,0.509167503502767
clean-calibration,58,369.0,370.0,370.0,3,10,0.20831307995385795
clean-calibration,58,369.0,370.0,370.0,3,13,0.3221933876709998
clean-calibration,58,369.0,370.0,370.0,3,16,0.4184610335356137
clean-calibration,58,369.0,370.0,370.0,3,19,0.36810569687315536
clean-calibration,58,369.0,370.0,370.0,3,20,0.719557216300829
clean-calibration,58,369.0,370.0,370.0,3,23,0.5282567512513553
clean-calibration,58,369.0,370.0,370.0,3,30,0.44437086021175143
clean-calibration,58,369.0,370.0,370.0,6,7,0.42705221287404604
clean-calibration,58,369.0,370.0,370.0,6,10,0.9437226998622152
clean-calibration,58,369.0,370.0,370.0,6,13,0.5739813462640243
clean-calibration,58,369.0,370.0,370.0,6,16,0.25074986485200446
clean-calibration,58,369.0,370.0,370.0,6,19,1.5652479834735071
clean-calibration,58,369.0,370.0,370.0,6,20,0.41997440197896563
clean-calibration,58,369.0,370.0,370.0,6,23,1.5048989895891156
clean-calibration,58,369.0,370.0,370.0,6,30,0.7280108793756886
clean-calibration,58,369.0,370.0,370.0,7,10,0.8265213620882881
clean-calibration,58,369.0,370.0,370.0,7,13,0.4995185630103986
clean-calibration,58,369.0,370.0,370.0,7,16,0.30045104699415753
clean-calibration,58,369.0,370.0,370.0,7,19,0.4832496122748151
clean-calibration,58,369.0,370.0,370.0,7,20,1.1827268285722528
clean-calibration,58,369.0,370.0,370.0,7,23,1.5679206362314446
clean-calibration,58,369.0,370.0,370.0,7,30,0.715687386179916
clean-calibration,58,369.0,370.0,370.0,10,13,1.0523039235483007
clean-calibration,58,369.0,370.0,370.0,10,16,0.24016563321803502
clean-calibration,58,369.0,370.0,370.0,10,19,1.2146633393286097
clean-calibration,58,369.0,370.0,370.0,10,20,0.5424022554896537
clean-calibration,58,369.0,370.0,370.0,10,23,0.11280646041658626
clean-calibration,58,369.0,370.0,370.0,10,30,0.8095064744098976
clean-calibration,58,369.0,370.0,370.0,13,16,0.41989985430040233
clean-calibration,58,369.0,370.0,370.0,13,19,2.048751847878836
clean-calibration,58,369.0,370.0,370.0,13,20,0.4750769894372314
clean-calibration,58,369.0,370.0,370.0,13,23,1.2281764136179862
clean-calibration,58,369.0,370.0,370.0,13,30,0.850924128879553
clean-calibration,58,369.0,370.0,370.0,16,19,0.37806869834113094
clean-calibration,58,369.0,370.0,370.0,16,20,0.7838897690789819
clean-calibration,58,369.0,370.0,370.0,16,23,0.4511982385622034
clean-calibration,58,369.0,370.0,370.0,16,30,0.3531361626567049
clean-calibration,58,369.0,370.0,370.0,19,20,1.1389321208695913
clean-calibration,58,369.0,370.0,370.0,19,23,1.005374425475368
clean-calibration,58,369.0,370.0,370.0,19,30,0.7244129461452395
clean-calibration,58,369.0,370.0,370.0,20,23,0.5899251746036431
clean-calibration,58,369.0,370.0,370.0,20,30,0.6064625676894128
clean-calibration,58,369.0,370.0,370.0,23,30,0.22749913404256664
clean-calibration,59,369.5,370.5,370.5,3,6,0.9275441984056079
clean-calibration,59,369.5,370.5,370.5,3,7,0.7526274679021583
clean-calibration,59,369.5,370.5,370.5,3,10,0.4204307489799935
clean-calibration,59,369.5,370.5,370.5,3,13,0.480121406732116
clean-calibration,59,369.5,370.5,370.5,3,16,0.6454341631410543
clean-calibration,59,369.5,370.5,370.5,3,19,0.4799414718192675
clean-calibration,59,369.5,370.5,370.5,3,20,1.4515081739085622
clean-calibration,59,369.5,370.5,370.5,3,23,0.3752197556983987
clean-calibration,59,369.5,370.5,370.5,3,30,0.4746952246853877
clean-calibration,59,369.5,370.5,370.5,6,7,0.8595620838656337
clean-calibration,59,369.5,370.5,370.5,6,10,0.47787746644527207
clean-calibration,59,369.5,370.5,370.5,6,13,0.3038129502199437
clean-calibration,59,369.5,370.5,370.5,6,16,0.471948609258131
clean-calibration,59,369.5,370.5,370.5,6,19,1.101655910930558
clean-calibration,59,369.5,370.5,370.5,6,20,1.1892832157429165
clean-calibration,59,369.5,370.5,370.5,6,23,0.5020304222674319
clean-calibration,59,369.5,370.5,370.5,6,30,1.3906925858475963
clean-calibration,59,369.5,370.5,370.5,7,10,0.512408934081353
clean-calibration,59,369.5,370.5,370.5,7,13,0.317310363048157
clean-calibration,59,369.5,370.5,370.5,7,16,0.5738289808654253
clean-calibration,59,369.5,370.5,370.5,7,19,1.3626217877517948
clean-calibration,59,369.5,370.5,370.5,7,20,0.7160782796408383
clean-calibration,59,369.5,370.5,370.5,7,23,0.865737368147067
clean-calibration,59,369.5,370.5,370.5,7,30,0.944738175787716
clean-calibration,59,369.5,370.5,370.5,10,13,1.5163160592832476
clean-calibration,59,369.5,370.5,370.5,10,16,0.3191682080416423
clean-calibration,59,369.5,370.5,370.5,10,19,1.6199799245226139
clean-calibration,59,369.5,370.5,370.5,10,20,0.5287095586934221
clean-calibration,59,369.5,370.5,370.5,10,23,0.30616253396700577
clean-calibration,59,369.5,370.5,370.5,10,30,0.8707859439756497
clean-calibration,59,369.5,370.5,370.5,13,16,0.28161942263881556
clean-calibration,59,369.5,370.5,370.5,13,19,1.935287748520178
clean-calibration,59,369.5,370.5,370.5,13,20,0.5434863986777116
clean-calibration,59,369.5,370.5,370.5,13,23,0.8810635473476
clean-calibration,59,369.5,370.5,370.5,13,30,1.5838347224749922
clean-calibration,59,369.5,370.5,370.5,16,19,0.337632177385673
clean-calibration,59,369.5,370.5,370.5,16,20,1.301451366616734
clean-calibration,59,369.5,370.5,370.5,16,23,0.23628644646899008
clean-calibration,59,369.5,370.5,370.5,16,30,0.506926521670058
clean-calibration,59,369.5,370.5,370.5,19,20,1.3862146046967396
clean-calibration,59,369.5,370.5,370.5,19,23,1.274413542091836
clean-calibration,59,369.5,370.5,370.5,19,30,1.068174228220372
clean-calibration,59,369.5,370.5,370.5,20,23,0.3756049293261283
clean-calibration,59,369.5,370.5,370.5,20,30,0.8026471917245646
clean-calibration,59,369.5,370.5,370.5,23,30,1.4406788799211576
clean-calibration,60,370.0,371.0,371.0,3,6,1.402213678014975
clean-calibration,60,370.0,371.0,371.0,3,7,1.1360179669426465
clean-calibration,60,370.0,371.0,371.0,3,10,0.35403962465705446
clean-calibration,60,370.0,371.0,371.0,3,13,0.31493180667410436
clean-calibration,60,370.0,371.0,371.0,3,16,0.635547542851356
clean-calibration,60,370.0,371.0,371.0,3,19,0.6287228898607699
clean-calibration,60,370.0,371.0,371.0,3,20,1.2595255512488426
clean-calibration,60,370.0,371.0,371.0,3,23,1.0823806382876888
clean-calibration,60,370.0,371.0,371.0,3,30,0.5816117516100886
clean-calibration,60,370.0,371.0,371.0,6,7,0.6402092231871442
clean-calibration,60,370.0,371.0,371.0,6,10,0.27292170854504383
clean-calibration,60,370.0,371.0,371.0,6,13,0.7011886910692624
clean-calibration,60,370.0,371.0,371.0,6,16,0.8358707271600345
clean-calibration,60,370.0,371.0,371.0,6,19,0.225401009432369
clean-calibration,60,370.0,371.0,371.0,6,20,0.36209000998025725
clean-calibration,60,370.0,371.0,371.0,6,23,0.8303848664257757
clean-calibration,60,370.0,371.0,371.0,6,30,0.5074291160313595
clean-calibration,60,370.0,371.0,371.0,7,10,0.31099673707743297
clean-calibration,60,370.0,371.0,371.0,7,13,0.6733243037723395
clean-calibration,60,370.0,371.0,371.0,7,16,0.5486034153918382
clean-calibration,60,370.0,371.0,371.0,7,19,1.2869610203385997
clean-calibration,60,370.0,371.0,371.0,7,20,0.600925921273859
clean-calibration,60,370.0,371.0,371.0,7,23,0.5230066861429837
clean-calibration,60,370.0,371.0,371.0,7,30,0.48379692851767214
clean-calibration,60,370.0,371.0,371.0,10,13,1.1281038203175433
clean-calibration,60,370.0,371.0,371.0,10,16,0.0966811305015265
clean-calibration,60,370.0,371.0,371.0,10,19,0.9740690136907117
clean-calibration,60,370.0,371.0,371.0,10,20,0.8720165425032208
clean-calibration,60,370.0,371.0,371.0,10,23,0.2417334002308206
clean-calibration,60,370.0,371.0,371.0,10,30,0.6245995726923468
clean-calibration,60,370.0,371.0,371.0,13,16,0.7256608079763884
clean-calibration,60,370.0,371.0,371.0,13,19,2.080176811568614
clean-calibration,60,370.0,371.0,371.0,13,20,0.5258673387016577
clean-calibration,60,370.0,371.0,371.0,13,23,0.57558640329911
clean-calibration,60,370.0,371.0,371.0,13,30,0.7611510287347059
clean-calibration,60,370.0,371.0,371.0,16,19,0.723628683138676
clean-calibration,60,370.0,371.0,371.0,16,20,1.9096049318647061
clean-calibration,60,370.0,371.0,371.0,16,23,0.41683208791735743
clean-calibration,60,370.0,371.0,371.0,16,30,0.38413770116005774
clean-calibration,60,370.0,371.0,371.0,19,20,0.5671717873737168
clean-calibration,60,370.0,371.0,371.0,19,23,1.311275998211339
clean-calibration,60,370.0,371.0,371.0,19,30,0.4955602203119365
clean-calibration,60,370.0,371.0,371.0,20,23,0.25892521683017794
clean-calibration,60,370.0,371.0,371.0,20,30,0.7034284943126627
clean-calibration,60,370.0,371.0,371.0,23,30,0.5155652524945147
clean-calibration,61,370.5,371.5,371.5,3,6,0.822632820431312
clean-calibration,61,370.5,371.5,371.5,3,7,1.3149136390107716
clean-calibration,61,370.5,371.5,371.5,3,10,0.30066492850503856
clean-calibration,61,370.5,371.5,371.5,3,13,0.4811418970699625
clean-calibration,61,370.5,371.5,371.5,3,16,0.8604566050606925
clean-calibration,61,370.5,371.5,371.5,3,19,0.36096321160871614
clean-calibration,61,370.5,371.5,371.5,3,20,2.6191151569596673
clean-calibration,61,370.5,371.5,371.5,3,23,0.40084040539364774
clean-calibration,61,370.5,371.5,371.5,3,30,0.4445495540375889
clean-calibration,61,370.5,371.5,371.5,6,7,0.3145029280494759
clean-calibration,61,370.5,371.5,371.5,6,10,0.2851252912500755
clean-calibration,61,370.5,371.5,371.5,6,13,0.4200589178640774
clean-calibration,61,370.5,371.5,371.5,6,16,0.28721009751328685
clean-calibration,61,370.5,371.5,371.5,6,19,0.912786628842254
clean-calibration,61,370.5,371.5,371.5,6,20,0.9813592618212184
clean-calibration,61,370.5,371.5,371.5,6,23,1.0473013845436039
clean-calibration,61,370.5,371.5,371.5,6,30,0.6615923533520981
clean-calibration,61,370.5,371.5,371.5,7,10,0.2957459858900131
clean-calibration,61,370.5,371.5,371.5,7,13,1.139888637775997
clean-calibration,61,370.5,371.5,371.5,7,16,1.0740121164453509
clean-calibration,61,370.5,371.5,371.5,7,19,0.5415029424830509
clean-calibration,61,370.5,371.5,371.5,7,20,1.228663881925121
clean-calibration,61,370.5,371.5,371.5,7,23,0.5572576273528782
clean-calibration,61,370.5,371.5,371.5,7,30,0.35838951826749543
clean-calibration,61,370.5,371.5,371.5,10,13,1.6191076055704823
clean-calibration,61,370.5,371.5,371.5,10,16,0.6134904143031157
clean-calibration,61,370.5,371.5,371.5,10,19,0.3822080917151488
clean-calibration,61,370.5,371.5,371.5,10,20,0.26556584802052563
clean-calibration,61,370.5,371.5,371.5,10,23,0.41697590457006123
clean-calibration,61,370.5,371.5,371.5,10,30,0.6327423448126654
clean-calibration,61,370.5,371.5,371.5,13,16,0.7818034363317589
clean-calibration,61,370.5,371.5,371.5,13,19,2.609270923946437
clean-calibration,61,370.5,371.5,371.5,13,20,0.7663719341846474
clean-calibration,61,370.5,371.5,371.5,13,23,0.49997427102594133
clean-calibration,61,370.5,371.5,371.5,13,30,0.35883215682503977
clean-calibration,61,370.5,371.5,371.5,16,19,0.5967409241706008
clean-calibration,61,370.5,371.5,371.5,16,20,1.0883863278482502
clean-calibration,61,370.5,371.5,371.5,16,23,0.5529104855217191
clean-calibration,61,370.5,371.5,371.5,16,30,0.5641386709478462
clean-calibration,61,370.5,371.5,371.5,19,20,0.5751678735001772
clean-calibration,61,370.5,371.5,371.5,19,23,0.9981266207645177
clean-calibration,61,370.5,371.5,371.5,19,30,0.524711424790874
clean-calibration,61,370.5,371.5,371.5,20,23,0.2874647401630278
clean-calibration,61,370.5,371.5,371.5,20,30,1.1263890979218913
clean-calibration,61,370.5,371.5,371.5,23,30,0.4277111593960264
clean-calibration,62,371.0,372.0,372.0,3,6,1.2832171099841692
clean-calibration,62,371.0,372.0,372.0,3,7,1.3745728621020787
clean-calibration,62,371.0,372.0,372.0,3,10,0.3865024380733718
clean-calibration,62,371.0,372.0,372.0,3,13,0.2483036353784292
clean-calibration,62,371.0,372.0,372.0,3,16,0.5393673370648849
clean-calibration,62,371.0,372.0,372.0,3,19,1.5611453756554354
clean-calibration,62,371.0,372.0,372.0,3,20,0.6118540553810217
clean-calibration,62,371.0,372.0,372.0,3,23,0.5004464601888547
clean-calibration,62,371.0,372.0,372.0,3,30,0.5845775414292116
clean-calibration,62,371.0,372.0,372.0,6,7,0.4736223153825697
clean-calibration,62,371.0,372.0,372.0,6,10,0.9462399291360144
clean-calibration,62,371.0,372.0,372.0,6,13,0.3167386336876995
clean-calibration,62,371.0,372.0,372.0,6,16,0.671533480922316
clean-calibration,62,371.0,372.0,372.0,6,19,0.39311673788999346
clean-calibration,62,371.0,372.0,372.0,6,20,0.3106360516085313
clean-calibration,62,371.0,372.0,372.0,6,23,0.8075723114352487
clean-calibration,62,371.0,372.0,372.0,6,30,0.318061666464423
clean-calibration,62,371.0,372.0,372.0,7,10,0.43030062591274154
clean-calibration,62,371.0,372.0,372.0,7,13,1.0204418471230272
clean-calibration,62,371.0,372.0,372.0,7,16,0.42458997497127815
clean-calibration,62,371.0,372.0,372.0,7,19,0.35728675498666546
clean-calibration,62,371.0,372.0,372.0,7,20,0.8679693471408976
clean-calibration,62,371.0,372.0,372.0,7,23,0.7436211886296707
clean-calibration,62,371.0,372.0,372.0,7,30,1.7731321962503497
clean-calibration,62,371.0,372.0,372.0,10,13,0.7517009315628428
clean-calibration,62,371.0,372.0,372.0,10,16,0.7340564505836291
clean-calibration,62,371.0,372.0,372.0,10,19,0.5539712271812063
clean-calibration,62,371.0,372.0,372.0,10,20,0.3262684691192311
clean-calibration,62,371.0,372.0,372.0,10,23,0.6660508829054425
clean-calibration,62,371.0,372.0,372.0,10,30,0.5548408932035718
clean-calibration,62,371.0,372.0,372.0,13,16,0.627529788147993
clean-calibration,62,371.0,372.0,372.0,13,19,2.0780304811973904
clean-calibration,62,371.0,372.0,372.0,13,20,1.2497724602888474
clean-calibration,62,371.0,372.0,372.0,13,23,0.8355988029715042
clean-calibration,62,371.0,372.0,372.0,13,30,0.26392133194831746
clean-calibration,62,371.0,372.0,372.0,16,19,0.5938416339688174
clean-calibration,62,371.0,372.0,372.0,16,20,0.8083734922932757
clean-calibration,62,371.0,372.0,372.0,16,23,0.7568136318959845
clean-calibration,62,371.0,372.0,372.0,16,30,0.44642051642104386
clean-calibration,62,371.0,372.0,372.0,19,20,0.22153129371387087
clean-calibration,62,371.0,372.0,372.0,19,23,0.8394162224768384
clean-calibration,62,371.0,372.0,372.0,19,30,0.23008715295369703
clean-calibration,62,371.0,372.0,372.0,20,23,0.2606084804102332
clean-calibration,62,371.0,372.0,372.0,20,30,1.1737292095285636
clean-calibration,62,371.0,372.0,372.0,23,30,0.3430321586455754
clean-calibration,63,371.5,372.5,372.5,3,6,0.4886297204587026
clean-calibration,63,371.5,372.5,372.5,3,7,0.8555362288748511
clean-calibration,63,371.5,372.5,372.5,3,10,0.9177002718482197
clean-calibration,63,371.5,372.5,372.5,3,13,0.30236805529963995
clean-calibration,63,371.5,372.5,372.5,3,16,0.753308231352333
clean-calibration,63,371.5,372.5,372.5,3,19,1.3037981489061543
clean-calibration,63,371.5,372.5,372.5,3,20,0.9858360838408636
clean-calibration,63,371.5,372.5,372.5,3,23,0.6075629520710197
clean-calibration,63,371.5,372.5,372.5,3,30,1.1236910979281178
clean-calibration,63,371.5,372.5,372.5,6,7,1.400418092621068
clean-calibration,63,371.5,372.5,372.5,6,10,0.49374088887655443
clean-calibration,63,371.5,372.5,372.5,6,13,0.581247307205515
clean-calibration,63,371.5,372.5,372.5,6,16,0.5804808655081724
clean-calibration,63,371.5,372.5,372.5,6,19,0.22827708282283748
clean-calibration,63,371.5,372.5,372.5,6,20,0.21419883835458847
clean-calibration,63,371.5,372.5,372.5,6,23,0.3702602804621743
clean-calibration,63,371.5,372.5,372.5,6,30,0.7760014397789955
clean-calibration,63,371.5,372.5,372.5,7,10,0.29379055284541555
clean-calibration,63,371.5,372.5,372.5,7,13,0.5338270407796404
clean-calibration,63,371.5,372.5,372.5,7,16,0.2291538694409144
clean-calibration,63,371.5,372.5,372.5,7,19,0.6334324436247274
clean-calibration,63,371.5,372.5,372.5,7,20,1.1993008462576997
clean-calibration,63,371.5,372.5,372.5,7,23,0.4874807094155983
clean-calibration,63,371.5,372.5,372.5,7,30,1.7394608070688904
clean-calibration,63,371.5,372.5,372.5,10,13,0.27602074514176417
clean-calibration,63,371.5,372.5,372.5,10,16,1.0153634352147731
clean-calibration,63,371.5,372.5,372.5,10,19,0.9063008437904191
clean-calibration,63,371.5,372.5,372.5,10,20,3.1768942226482295
clean-calibration,63,371.5,372.5,372.5,10,23,0.5926412075867705
clean-calibration,63,371.5,372.5,372.5,10,30,0.27073966797828003
clean-calibration,63,371.5,372.5,372.5,13,16,1.086829032623467
clean-calibration,63,371.5,372.5,372.5,13,19,2.1375648184918536
clean-calibration,63,371.5,372.5,372.5,13,20,1.726530376385504
clean-calibration,63,371.5,372.5,372.5,13,23,0.5226706974920732
clean-calibration,63,371.5,372.5,372.5,13,30,0.7727694656309838
clean-calibration,63,371.5,372.5,372.5,16,19,0.983259665523439
clean-calibration,63,371.5,372.5,372.5,16,20,0.460918560146124
clean-calibration,63,371.5,372.5,372.5,16,23,0.925457233695373
clean-calibration,63,371.5,372.5,372.5,16,30,0.9406880857398076
clean-calibration,63,371.5,372.5,372.5,19,20,0.1276192404621834
clean-calibration,63,371.5,372.5,372.5,19,23,1.1356416897658372
clean-calibration,63,371.5,372.5,372.5,19,30,1.1493097076710748
clean-calibration,63,371.5,372.5,372.5,20,23,1.0677316433585105
clean-calibration,63,371.5,372.5,372.5,20,30,1.296136234131555
clean-calibration,63,371.5,372.5,372.5,23,30,0.5319344820606144
clean-calibration,64,372.0,373.0,373.0,3,6,1.2362723582767101
clean-calibration,64,372.0,373.0,373.0,3,7,0.7152201673645255
clean-calibration,64,372.0,373.0,373.0,3,10,0.491833565510838
clean-calibration,64,372.0,373.0,373.0,3,13,0.4512852544338187
clean-calibration,64,372.0,373.0,373.0,3,16,0.5086718029449477
clean-calibration,64,372.0,373.0,373.0,3,19,0.5159256452281189
clean-calibration,64,372.0,373.0,373.0,3,20,0.4798967883308044
clean-calibration,64,372.0,373.0,373.0,3,23,0.35152997031804484
clean-calibration,64,372.0,373.0,373.0,3,30,0.35520804646101456
clean-calibration,64,372.0,373.0,373.0,6,7,1.1755803868672998
clean-calibration,64,372.0,373.0,373.0,6,10,0.45940740165990634
clean-calibration,64,372.0,373.0,373.0,6,13,0.4864313498150782
clean-calibration,64,372.0,373.0,373.0,6,16,0.23289056685712411
clean-calibration,64,372.0,373.0,373.0,6,19,0.4217716895851896
clean-calibration,64,372.0,373.0,373.0,6,20,0.32711683487369625
clean-calibration,64,372.0,373.0,373.0,6,23,0.6992076756851205
clean-calibration,64,372.0,373.0,373.0,6,30,0.38922699588617754
clean-calibration,64,372.0,373.0,373.0,7,10,0.4777556249066871
clean-calibration,64,372.0,373.0,373.0,7,13,0.27258050585725924
clean-calibration,64,372.0,373.0,373.0,7,16,1.0762406047585351
clean-calibration,64,372.0,373.0,373.0,7,19,0.8081195417036406
clean-calibration,64,372.0,373.0,373.0,7,20,1.068185104109575
clean-calibration,64,372.0,373.0,373.0,7,23,0.36691819858997554
clean-calibration,64,372.0,373.0,373.0,7,30,0.5271577041745847
clean-calibration,64,372.0,373.0,373.0,10,13,0.30624396721796776
clean-calibration,64,372.0,373.0,373.0,10,16,1.1132898008813172
clean-calibration,64,372.0,373.0,373.0,10,19,0.28517155961987883
clean-calibration,64,372.0,373.0,373.0,10,20,1.7591354354747497
clean-calibration,64,372.0,373.0,373.0,10,23,1.328817201012892
clean-calibration,64,372.0,373.0,373.0,10,30,0.5062761105776956
clean-calibration,64,372.0,373.0,373.0,13,16,0.4702266898312524
clean-calibration,64,372.0,373.0,373.0,13,19,2.751411892157535
clean-calibration,64,372.0,373.0,373.0,13,20,1.5105528579199805
clean-calibration,64,372.0,373.0,373.0,13,23,0.8240797836977626
clean-calibration,64,372.0,373.0,373.0,13,30,0.3771625055010565
clean-calibration,64,372.0,373.0,373.0,16,19,0.7919099318224585
clean-calibration,64,372.0,373.0,373.0,16,20,0.6391989472443487
clean-calibration,64,372.0,373.0,373.0,16,23,0.7804818303157347
clean-calibration,64,372.0,373.0,373.0,16,30,0.6344794950868368
clean-calibration,64,372.0,373.0,373.0,19,20,0.7183335127519822
clean-calibration,64,372.0,373.0,373.0,19,23,1.7115030426134965
clean-calibration,64,372.0,373.0,373.0,19,30,0.6393307842362945
clean-calibration,64,372.0,373.0,373.0,20,23,0.14522519420109337
clean-calibration,64,372.0,373.0,373.0,20,30,1.4651244983322105
clean-calibration,64,372.0,373.0,373.0,23,30,0.18995590856724404
clean-calibration,65,372.5,373.5,373.5,3,6,0.2424673608436779
clean-calibration,65,372.5,373.5,373.5,3,7,1.433619366962106
clean-calibration,65,372.5,373.5,373.5,3,10,0.38809919725379305
clean-calibration,65,372.5,373.5,373.5,3,13,0.18543827696984433
clean-calibration,65,372.5,373.5,373.5,3,16,1.5019672363070709
clean-calibration,65,372.5,373.5,373.5,3,19,0.37387260160148295
clean-calibration,65,372.5,373.5,373.5,3,20,1.6921206112336076
clean-calibration,65,372.5,373.5,373.5,3,23,0.9993451369410025
clean-calibration,65,372.5,373.5,373.5,3,30,0.6574760284407904
clean-calibration,65,372.5,373.5,373.5,6,7,0.31780074812307574
clean-calibration,65,372.5,373.5,373.5,6,10,1.3926634604782389
clean-calibration,65,372.5,373.5,373.5,6,13,0.2933942067633975
clean-calibration,65,372.5,373.5,373.5,6,16,1.057287384176155
clean-calibration,65,372.5,373.5,373.5,6,19,1.2393166042987125
clean-calibration,65,372.5,373.5,373.5,6,20,0.35313793575256447
clean-calibration,65,372.5,373.5,373.5,6,23,0.5396262273903403
clean-calibration,65,372.5,373.5,373.5,6,30,0.6280131511496985
clean-calibration,65,372.5,373.5,373.5,7,10,0.647762583625479
clean-calibration,65,372.5,373.5,373.5,7,13,0.6056793806989131
clean-calibration,65,372.5,373.5,373.5,7,16,0.5200283486023572
clean-calibration,65,372.5,373.5,373.5,7,19,0.2882642465756933
clean-calibration,65,372.5,373.5,373.5,7,20,0.427359858169711
clean-calibration,65,372.5,373.5,373.5,7,23,0.44233648679135423
clean-calibration,65,372.5,373.5,373.5,7,30,0.44348956622284347
clean-calibration,65,372.5,373.5,373.5,10,13,0.8028077839479748
clean-calibration,65,372.5,373.5,373.5,10,16,0.11553510381011758
clean-calibration,65,372.5,373.5,373.5,10,19,0.6659904581140854
clean-calibration,65,372.5,373.5,373.5,10,20,0.14866256909012193
clean-calibration,65,372.5,373.5,373.5,10,23,0.9320551958820186
clean-calibration,65,372.5,373.5,373.5,10,30,0.1863709649017283
clean-calibration,65,372.5,373.5,373.5,13,16,0.7164018407608183
clean-calibration,65,372.5,373.5,373.5,13,19,2.3438508083997474
clean-calibration,65,372.5,373.5,373.5,13,20,0.4634559872379495
clean-calibration,65,372.5,373.5,373.5,13,23,0.4241537411584913
clean-calibration,65,372.5,373.5,373.5,13,30,0.4986889261303052
clean-calibration,65,372.5,373.5,373.5,16,19,0.6741368404928556
clean-calibration,65,372.5,373.5,373.5,16,20,0.7451157120401743
clean-calibration,65,372.5,373.5,373.5,16,23,0.40992980381961475
clean-calibration,65,372.5,373.5,373.5,16,30,0.6738563402892582
clean-calibration,65,372.5,373.5,373.5,19,20,0.38585066934762374
clean-calibration,65,372.5,373.5,373.5,19,23,0.7130643061763021
clean-calibration,65,372.5,373.5,373.5,19,30,0.600841809588893
clean-calibration,65,372.5,373.5,373.5,20,23,0.3468456591569535
clean-calibration,65,372.5,373.5,373.5,20,30,1.164587625307782
clean-calibration,65,372.5,373.5,373.5,23,30,0.20514592300011786
clean-calibration,66,373.0,374.0,374.0,3,6,0.7658677354684932
clean-calibration,66,373.0,374.0,374.0,3,7,0.4881902611218534
clean-calibration,66,373.0,374.0,374.0,3,10,1.2244210211883986
clean-calibration,66,373.0,374.0,374.0,3,13,1.2661745976499739
clean-calibration,66,373.0,374.0,374.0,3,16,1.5705427908641887
clean-calibration,66,373.0,374.0,374.0,3,19,0.4281998259713332
clean-calibration,66,373.0,374.0,374.0,3,20,0.4182987744446736
clean-calibration,66,373.0,374.0,374.0,3,23,0.4850129021955382
clean-calibration,66,373.0,374.0,374.0,3,30,1.1290596972420477
clean-calibration,66,373.0,374.0,374.0,6,7,0.5195039120423645
clean-calibration,66,373.0,374.0,374.0,6,10,0.8578839678511839
clean-calibration,66,373.0,374.0,374.0,6,13,0.8021900164267859
clean-calibration,66,373.0,374.0,374.0,6,16,1.488928819040915
clean-calibration,66,373.0,374.0,374.0,6,19,1.0701752059536056
clean-calibration,66,373.0,374.0,374.0,6,20,0.41904224891514785
clean-calibration,66,373.0,374.0,374.0,6,23,0.8425346692799824
clean-calibration,66,373.0,374.0,374.0,6,30,1.0669385740867687
clean-calibration,66,373.0,374.0,374.0,7,10,0.3289518419820793
clean-calibration,66,373.0,374.0,374.0,7,13,0.9907137351141667
clean-calibration,66,373.0,374.0,374.0,7,16,1.647863917197234
clean-calibration,66,373.0,374.0,374.0,7,19,0.2276382908588205
clean-calibration,66,373.0,374.0,374.0,7,20,0.35487995864919925
clean-calibration,66,373.0,374.0,374.0,7,23,0.7735449681368127
clean-calibration,66,373.0,374.0,374.0,7,30,0.5702528040464114
clean-calibration,66,373.0,374.0,374.0,10,13,1.5860294217280484
clean-calibration,66,373.0,374.0,374.0,10,16,0.3801571133070702
clean-calibration,66,373.0,374.0,374.0,10,19,0.3946870789001514
clean-calibration,66,373.0,374.0,374.0,10,20,1.27779542020274
clean-calibration,66,373.0,374.0,374.0,10,23,0.5856097271394904
clean-calibration,66,373.0,374.0,374.0,10,30,0.7947771595675707
clean-calibration,66,373.0,374.0,374.0,13,16,0.4707749983628672
clean-calibration,66,373.0,374.0,374.0,13,19,1.3448612360171075
clean-calibration,66,373.0,374.0,374.0,13,20,0.6468630237477591
clean-calibration,66,373.0,374.0,374.0,13,23,0.33037630615078617
clean-calibration,66,373.0,374.0,374.0,13,30,0.42561474366492413
clean-calibration,66,373.0,374.0,374.0,16,19,1.4703468873807668
clean-calibration,66,373.0,374.0,374.0,16,20,0.5390671084911666
clean-calibration,66,373.0,374.0,374.0,16,23,0.6083925428063214
clean-calibration,66,373.0,374.0,374.0,16,30,0.3879490223455465
clean-calibration,66,373.0,374.0,374.0,19,20,0.359014868277348
clean-calibration,66,373.0,374.0,374.0,19,23,1.681325117301063
clean-calibration,66,373.0,374.0,374.0,19,30,0.7219223601499473
clean-calibration,66,373.0,374.0,374.0,20,23,0.6312917079306524
clean-calibration,66,373.0,374.0,374.0,20,30,1.8376397273780085
clean-calibration,66,373.0,374.0,374.0,23,30,0.14516049834373806
clean-calibration,67,373.5,374.5,374.5,3,6,0.8395807108990454
clean-calibration,67,373.5,374.5,374.5,3,7,0.4903729196180276
clean-calibration,67,373.5,374.5,374.5,3,10,0.929957343067966
clean-calibration,67,373.5,374.5,374.5,3,13,0.8185747463667254
clean-calibration,67,373.5,374.5,374.5,3,16,0.18176743986509872
clean-calibration,67,373.5,374.5,374.5,3,19,0.8656592571926562
clean-calibration,67,373.5,374.5,374.5,3,20,0.3668357657797118
clean-calibration,67,373.5,374.5,374.5,3,23,1.2107244740849752
clean-calibration,67,373.5,374.5,374.5,3,30,0.42751697487084506
clean-calibration,67,373.5,374.5,374.5,6,7,0.3600240839807812
clean-calibration,67,373.5,374.5,374.5,6,10,0.4325685209284561
clean-calibration,67,373.5,374.5,374.5,6,13,0.5489380792946439
clean-calibration,67,373.5,374.5,374.5,6,16,0.48509641103381307
clean-calibration,67,373.5,374.5,374.5,6,19,1.7479772248463867
clean-calibration,67,373.5,374.5,374.5,6,20,0.27897377836703996
clean-calibration,67,373.5,374.5,374.5,6,23,0.9959367978547577
clean-calibration,67,373.5,374.5,374.5,6,30,0.6653258383050802
clean-calibration,67,373.5,374.5,374.5,7,10,0.3483706502596496
clean-calibration,67,373.5,374.5,374.5,7,13,0.24650899130974202
clean-calibration,67,373.5,374.5,374.5,7,16,0.8817801260253679
clean-calibration,67,373.5,374.5,374.5,7,19,0.15354169931036862
clean-calibration,67,373.5,374.5,374.5,7,20,0.5013342166539081
clean-calibration,67,373.5,374.5,374.5,7,23,0.4890274258250768
clean-calibration,67,373.5,374.5,374.5,7,30,0.8841517622027937
clean-calibration,67,373.5,374.5,374.5,10,13,0.42047396104237517
clean-calibration,67,373.5,374.5,374.5,10,16,0.7867496414039532
clean-calibration,67,373.5,374.5,374.5,10,19,0.5667054389789756
clean-calibration,67,373.5,374.5,374.5,10,20,0.5935960154980097
clean-calibration,67,373.5,374.5,374.5,10,23,1.8789248521262807
clean-calibration,67,373.5,374.5,374.5,10,30,1.0918889247372345
clean-calibration,67,373.5,374.5,374.5,13,16,0.4519607446503994
clean-calibration,67,373.5,374.5,374.5,13,19,1.8337100889266715
clean-calibration,67,373.5,374.5,374.5,13,20,1.4899020609005564
clean-calibration,67,373.5,374.5,374.5,13,23,0.27097799810549206
clean-calibration,67,373.5,374.5,374.5,13,30,0.22939777834965697
clean-calibration,67,373.5,374.5,374.5,16,19,2.5716834956800594
clean-calibration,67,373.5,374.5,374.5,16,20,0.3591736820305181
clean-calibration,67,373.5,374.5,374.5,16,23,0.33133529613269125
clean-calibration,67,373.5,374.5,374.5,16,30,0.8576058683637843
clean-calibration,67,373.5,374.5,374.5,19,20,0.764010604364031
clean-calibration,67,373.5,374.5,374.5,19,23,0.7830545449654503
clean-calibration,67,373.5,374.5,374.5,19,30,1.1615037335572345
clean-calibration,67,373.5,374.5,374.5,20,23,1.2236391620198988
clean-calibration,67,373.5,374.5,374.5,20,30,0.9487545987821905
clean-calibration,67,373.5,374.5,374.5,23,30,0.32284579823945503
clean-calibration,68,374.0,375.0,375.0,3,6,0.2943050888372013
clean-calibration,68,374.0,375.0,375.0,3,7,0.9161542899459418
clean-calibration,68,374.0,375.0,375.0,3,10,0.6221288674494779
clean-calibration,68,374.0,375.0,375.0,3,13,0.5696656902136157
clean-calibration,68,374.0,375.0,375.0,3,16,0.37414577747468464
clean-calibration,68,374.0,375.0,375.0,3,19,0.32449887912820724
clean-calibration,68,374.0,375.0,375.0,3,20,0.8254705555584584
clean-calibration,68,374.0,375.0,375.0,3,23,0.5725160541372611
clean-calibration,68,374.0,375.0,375.0,3,30,0.2574709584549278
clean-calibration,68,374.0,375.0,375.0,6,7,0.7750344633281692
clean-calibration,68,374.0,375.0,375.0,6,10,0.4638277466604725
clean-calibration,68,374.0,375.0,375.0,6,13,0.7894782483797416
clean-calibration,68,374.0,375.0,375.0,6,16,0.4272591746111277
clean-calibration,68,374.0,375.0,375.0,6,19,0.29859475886907605
clean-calibration,68,374.0,375.0,375.0,6,20,0.3542337289210547
clean-calibration,68,374.0,375.0,375.0,6,23,0.5359402901931032
clean-calibration,68,374.0,375.0,375.0,6,30,0.6728083954962483
clean-calibration,68,374.0,375.0,375.0,7,10,0.7240478817705405
clean-calibration,68,374.0,375.0,375.0,7,13,0.8009422133712342
clean-calibration,68,374.0,375.0,375.0,7,16,0.576965847249985
clean-calibration,68,374.0,375.0,375.0,7,19,0.668974820588412
clean-calibration,68,374.0,375.0,375.0,7,20,0.46269004271737746
clean-calibration,68,374.0,375.0,375.0,7,23,1.4061870384349153
clean-calibration,68,374.0,375.0,375.0,7,30,0.5455570082623138
clean-calibration,68,374.0,375.0,375.0,10,13,0.666443709150047
clean-calibration,68,374.0,375.0,375.0,10,16,0.3015900799948209
clean-calibration,68,374.0,375.0,375.0,10,19,0.6406529651652837
clean-calibration,68,374.0,375.0,375.0,10,20,0.36998509944738167
clean-calibration,68,374.0,375.0,375.0,10,23,1.1225040581565275
clean-calibration,68,374.0,375.0,375.0,10,30,0.9623979689424843
clean-calibration,68,374.0,375.0,375.0,13,16,0.6050787056484621
clean-calibration,68,374.0,375.0,375.0,13,19,1.9337519011601736
clean-calibration,68,374.0,375.0,375.0,13,20,0.4775243357229135
clean-calibration,68,374.0,375.0,375.0,13,23,0.8847058924577084
clean-calibration,68,374.0,375.0,375.0,13,30,0.22663319966839954
clean-calibration,68,374.0,375.0,375.0,16,19,0.5989480118322452
clean-calibration,68,374.0,375.0,375.0,16,20,0.5493583419182473
clean-calibration,68,374.0,375.0,375.0,16,23,0.7095759809420761
clean-calibration,68,374.0,375.0,375.0,16,30,0.5202777977320361
clean-calibration,68,374.0,375.0,375.0,19,20,2.0894448540814032
clean-calibration,68,374.0,375.0,375.0,19,23,0.3608930326588221
clean-calibration,68,374.0,375.0,375.0,19,30,0.6617855383435619
clean-calibration,68,374.0,375.0,375.0,20,23,0.4032764052329208
clean-calibration,68,374.0,375.0,375.0,20,30,0.79279809482474
clean-calibration,68,374.0,375.0,375.0,23,30,0.6460931434195673
clean-calibration,69,374.5,375.5,375.5,3,6,0.480432025280769
clean-calibration,69,374.5,375.5,375.5,3,7,0.6093125557388002
clean-calibration,69,374.5,375.5,375.5,3,10,0.6584029631419674
clean-calibration,69,374.5,375.5,375.5,3,13,0.1529484234354693
clean-calibration,69,374.5,375.5,375.5,3,16,0.23215617438861588
clean-calibration,69,374.5,375.5,375.5,3,19,0.48890350077220457
clean-calibration,69,374.5,375.5,375.5,3,20,0.2114776671674404
clean-calibration,69,374.5,375.5,375.5,3,23,0.27893728436147286
clean-calibration,69,374.5,375.5,375.5,3,30,0.4866347057993511
clean-calibration,69,374.5,375.5,375.5,6,7,0.4254388977310771
clean-calibration,69,374.5,375.5,375.5,6,10,0.8722745271112092
clean-calibration,69,374.5,375.5,375.5,6,13,0.11852741834249898
clean-calibration,69,374.5,375.5,375.5,6,16,0.4922609716100258
clean-calibration,69,374.5,375.5,375.5,6,19,0.48018079947417613
clean-calibration,69,374.5,375.5,375.5,6,20,0.4050293918814426
clean-calibration,69,374.5,375.5,375.5,6,23,0.7377870527456203
clean-calibration,69,374.5,375.5,375.5,6,30,1.6234630208336092
clean-calibration,69,374.5,375.5,375.5,7,10,1.6923116545654888
clean-calibration,69,374.5,375.5,375.5,7,13,0.8277967807348761
clean-calibration,69,374.5,375.5,375.5,7,16,0.4995701464469545
clean-calibration,69,374.5,375.5,375.5,7,19,0.2146125348580478
clean-calibration,69,374.5,375.5,375.5,7,20,0.848263536558718
clean-calibration,69,374.5,375.5,375.5,7,23,0.8830218868179989
clean-calibration,69,374.5,375.5,375.5,7,30,0.3179280145203961
clean-calibration,69,374.5,375.5,375.5,10,13,1.5576487680725146
clean-calibration,69,374.5,375.5,375.5,10,16,0.1041362047398428
clean-calibration,69,374.5,375.5,375.5,10,19,0.466871336965945
clean-calibration,69,374.5,375.5,375.5,10,20,0.3088554020730378
clean-calibration,69,374.5,375.5,375.5,10,23,0.32979401214135995
clean-calibration,69,374.5,375.5,375.5,10,30,0.573042616311087
clean-calibration,69,374.5,375.5,375.5,13,16,0.4270698537645868
clean-calibration,69,374.5,375.5,375.5,13,19,1.952419469415575
clean-calibration,69,374.5,375.5,375.5,13,20,0.7262725748965883
clean-calibration,69,374.5,375.5,375.5,13,23,1.1953304773241957
clean-calibration,69,374.5,375.5,375.5,13,30,0.2785143800286859
clean-calibration,69,374.5,375.5,375.5,16,19,0.7934314228172629
clean-calibration,69,374.5,375.5,375.5,16,20,0.2854028200924711
clean-calibration,69,374.5,375.5,375.5,16,23,1.281603996539898
clean-calibration,69,374.5,375.5,375.5,16,30,1.3633278172903789
clean-calibration,69,374.5,375.5,375.5,19,20,1.7762246490220885
clean-calibration,69,374.5,375.5,375.5,19,23,0.5384280293467337
clean-calibration,69,374.5,375.5,375.5,19,30,0.21805610040620982
clean-calibration,69,374.5,375.5,375.5,20,23,0.36963316869013896
clean-calibration,69,374.5,375.5,375.5,20,30,0.6635424838740421
clean-calibration,69,374.5,375.5,375.5,23,30,0.44246868244400933
clean-calibration,70,375.0,376.0,376.0,3,6,0.3763085158056213
clean-calibration,70,375.0,376.0,376.0,3,7,1.440671738755968
clean-calibration,70,375.0,376.0,376.0,3,10,0.6993341302282472
clean-calibration,70,375.0,376.0,376.0,3,13,0.15366123824812186
clean-calibration,70,375.0,376.0,376.0,3,16,0.6282332402390409
clean-calibration,70,375.0,376.0,376.0,3,19,0.21510151630100482
clean-calibration,70,375.0,376.0,376.0,3,20,0.5266081984733597
clean-calibration,70,375.0,376.0,376.0,3,23,1.0382176268578873
clean-calibration,70,375.0,376.0,376.0,3,30,0.6713917342373247
clean-calibration,70,375.0,376.0,376.0,6,7,0.5879115715050809
clean-calibration,70,375.0,376.0,376.0,6,10,0.9199596430332717
clean-calibration,70,375.0,376.0,376.0,6,13,0.217533676919256
clean-calibration,70,375.0,376.0,376.0,6,16,0.43883973786638597
clean-calibration,70,375.0,376.0,376.0,6,19,0.6496212065022623
clean-calibration,70,375.0,376.0,376.0,6,20,0.5740362797966185
clean-calibration,70,375.0,376.0,376.0,6,23,0.25014075082445714
clean-calibration,70,375.0,376.0,376.0,6,30,0.370285304869173
clean-calibration,70,375.0,376.0,376.0,7,10,0.6710697332092256
clean-calibration,70,375.0,376.0,376.0,7,13,0.6606859601060063
clean-calibration,70,375.0,376.0,376.0,7,16,1.1541780069353913
clean-calibration,70,375.0,376.0,376.0,7,19,0.7385871471702965
clean-calibration,70,375.0,376.0,376.0,7,20,0.2716767071459954
clean-calibration,70,375.0,376.0,376.0,7,23,0.9660355312793539
clean-calibration,70,375.0,376.0,376.0,7,30,1.2693654771913832
clean-calibration,70,375.0,376.0,376.0,10,13,1.150060024886066
clean-calibration,70,375.0,376.0,376.0,10,16,0.8683218066768135
clean-calibration,70,375.0,376.0,376.0,10,19,0.6239687074641446
clean-calibration,70,375.0,376.0,376.0,10,20,0.21648631846664937
clean-calibration,70,375.0,376.0,376.0,10,23,0.8953969444803546
clean-calibration,70,375.0,376.0,376.0,10,30,0.3408084850514942
clean-calibration,70,375.0,376.0,376.0,13,16,0.3497549609106663
clean-calibration,70,375.0,376.0,376.0,13,19,1.8044993785876773
clean-calibration,70,375.0,376.0,376.0,13,20,0.43153663080007315
clean-calibration,70,375.0,376.0,376.0,13,23,1.4927887217642617
clean-calibration,70,375.0,376.0,376.0,13,30,0.14343559296425193
clean-calibration,70,375.0,376.0,376.0,16,19,0.70824994543564
clean-calibration,70,375.0,376.0,376.0,16,20,0.9640782112459538
clean-calibration,70,375.0,376.0,376.0,16,23,1.5764506854978193
clean-calibration,70,375.0,376.0,376.0,16,30,2.0457988964709726
clean-calibration,70,375.0,376.0,376.0,19,20,0.225259131849279
clean-calibration,70,375.0,376.0,376.0,19,23,0.08803305973812003
clean-calibration,70,375.0,376.0,376.0,19,30,0.644504843248242
clean-calibration,70,375.0,376.0,376.0,20,23,0.255854155044522
clean-calibration,70,375.0,376.0,376.0,20,30,0.7427578758330748
clean-calibration,70,375.0,376.0,376.0,23,30,0.6791964511217475
clean-calibration,71,375.5,376.5,376.5,3,6,0.3586737412126361
clean-calibration,71,375.5,376.5,376.5,3,7,0.5037948839736333
clean-calibration,71,375.5,376.5,376.5,3,10,0.46124553437442284
clean-calibration,71,375.5,376.5,376.5,3,13,0.6587210170297498
clean-calibration,71,375.5,376.5,376.5,3,16,0.5423903078243855
clean-calibration,71,375.5,376.5,376.5,3,19,0.6035994140715004
clean-calibration,71,375.5,376.5,376.5,3,20,0.3139935845237918
clean-calibration,71,375.5,376.5,376.5,3,23,0.5618019778179388
clean-calibration,71,375.5,376.5,376.5,3,30,0.29412075968434637
clean-calibration,71,375.5,376.5,376.5,6,7,0.5353752142377377
clean-calibration,71,375.5,376.5,376.5,6,10,1.3752551569700757
clean-calibration,71,375.5,376.5,376.5,6,13,0.3369477310520465
clean-calibration,71,375.5,376.5,376.5,6,16,0.6952835240319105
clean-calibration,71,375.5,376.5,376.5,6,19,0.2675719918386972
clean-calibration,71,375.5,376.5,376.5,6,20,0.820695499663042
clean-calibration,71,375.5,376.5,376.5,6,23,0.435886684484057
clean-calibration,71,375.5,376.5,376.5,6,30,0.8582388651615463
clean-calibration,71,375.5,376.5,376.5,7,10,0.7007709299453168
clean-calibration,71,375.5,376.5,376.5,7,13,0.5594394861577786
clean-calibration,71,375.5,376.5,376.5,7,16,0.5602347187928072
clean-calibration,71,375.5,376.5,376.5,7,19,0.4358774010393767
clean-calibration,71,375.5,376.5,376.5,7,20,0.7259192238928469
clean-calibration,71,375.5,376.5,376.5,7,23,0.5909826371705702
clean-calibration,71,375.5,376.5,376.5,7,30,0.5693651787361216
clean-calibration,71,375.5,376.5,376.5,10,13,1.1517334668727046
clean-calibration,71,375.5,376.5,376.5,10,16,1.451323557269494
clean-calibration,71,375.5,376.5,376.5,10,19,1.0725668312531562
clean-calibration,71,375.5,376.5,376.5,10,20,1.5986907323069357
clean-calibration,71,375.5,376.5,376.5,10,23,0.9279811232849664
clean-calibration,71,375.5,376.5,376.5,10,30,0.3814591980463141
clean-calibration,71,375.5,376.5,376.5,13,16,0.2801641865172993
clean-calibration,71,375.5,376.5,376.5,13,19,1.4137872615176834
clean-calibration,71,375.5,376.5,376.5,13,20,0.3919067367203407
clean-calibration,71,375.5,376.5,376.5,13,23,1.3545106232154618
clean-calibration,71,375.5,376.5,376.5,13,30,0.33133445050829125
clean-calibration,71,375.5,376.5,376.5,16,19,0.33131840196314194
clean-calibration,71,375.5,376.5,376.5,16,20,1.199157603075364
clean-calibration,71,375.5,376.5,376.5,16,23,0.7370862376569634
clean-calibration,71,375.5,376.5,376.5,16,30,0.8505965647460286
clean-calibration,71,375.5,376.5,376.5,19,20,0.38494211148634705
clean-calibration,71,375.5,376.5,376.5,19,23,0.323225119358521
clean-calibration,71,375.5,376.5,376.5,19,30,0.454619653040978
clean-calibration,71,375.5,376.5,376.5,20,23,0.18139372195024991
clean-calibration,71,375.5,376.5,376.5,20,30,1.0391383376274521
clean-calibration,71,375.5,376.5,376.5,23,30,1.0379342829069351
clean-calibration,72,376.0,377.0,377.0,3,6,1.3058322284954955
clean-calibration,72,376.0,377.0,377.0,3,7,0.49032787907581765
clean-calibration,72,376.0,377.0,377.0,3,10,0.8007230065134054
clean-calibration,72,376.0,377.0,377.0,3,13,0.36578188692950564
clean-calibration,72,376.0,377.0,377.0,3,16,1.4526617897790284
clean-calibration,72,376.0,377.0,377.0,3,19,0.4140601546846604
clean-calibration,72,376.0,377.0,377.0,3,20,0.27732377056059776
clean-calibration,72,376.0,377.0,377.0,3,23,0.29484363083459175
clean-calibration,72,376.0,377.0,377.0,3,30,0.6184661626130393
clean-calibration,72,376.0,377.0,377.0,6,7,0.4755835031124044
clean-calibration,72,376.0,377.0,377.0,6,10,1.2660480673516594
clean-calibration,72,376.0,377.0,377.0,6,13,0.4918195577786822
clean-calibration,72,376.0,377.0,377.0,6,16,0.23836762390913102
clean-calibration,72,376.0,377.0,377.0,6,19,0.39717263559669835
clean-calibration,72,376.0,377.0,377.0,6,20,0.5240573606682906
clean-calibration,72,376.0,377.0,377.0,6,23,1.1081720915320028
clean-calibration,72,376.0,377.0,377.0,6,30,0.5200136878453767
clean-calibration,72,376.0,377.0,377.0,7,10,0.7711696054335194
clean-calibration,72,376.0,377.0,377.0,7,13,1.2535915817502261
clean-calibration,72,376.0,377.0,377.0,7,16,0.3563578892131565
clean-calibration,72,376.0,377.0,377.0,7,19,0.7280767473537817
clean-calibration,72,376.0,377.0,377.0,7,20,0.9569237579432877
clean-calibration,72,376.0,377.0,377.0,7,23,1.2213042897666593
clean-calibration,72,376.0,377.0,377.0,7,30,1.2495793461018874
clean-calibration,72,376.0,377.0,377.0,10,13,1.1367762254208713
clean-calibration,72,376.0,377.0,377.0,10,16,0.24795140486753625
clean-calibration,72,376.0,377.0,377.0,10,19,1.1189060394556185
clean-calibration,72,376.0,377.0,377.0,10,20,1.6673684903838137
clean-calibration,72,376.0,377.0,377.0,10,23,0.18519319558919847
clean-calibration,72,376.0,377.0,377.0,10,30,0.5584203620951442
clean-calibration,72,376.0,377.0,377.0,13,16,0.4448402357988955
clean-calibration,72,376.0,377.0,377.0,13,19,1.536983656216211
clean-calibration,72,376.0,377.0,377.0,13,20,0.7284061995276764
clean-calibration,72,376.0,377.0,377.0,13,23,0.68051898573719
clean-calibration,72,376.0,377.0,377.0,13,30,0.42613268448052055
clean-calibration,72,376.0,377.0,377.0,16,19,0.43723851785388607
clean-calibration,72,376.0,377.0,377.0,16,20,0.19679749031728488
clean-calibration,72,376.0,377.0,377.0,16,23,0.8152022101558483
clean-calibration,72,376.0,377.0,377.0,16,30,1.2765181564809527
clean-calibration,72,376.0,377.0,377.0,19,20,0.35344115089819095
clean-calibration,72,376.0,377.0,377.0,19,23,0.5385233202644384
clean-calibration,72,376.0,377.0,377.0,19,30,0.3357271657571504
clean-calibration,72,376.0,377.0,377.0,20,23,1.3452557787959183
clean-calibration,72,376.0,377.0,377.0,20,30,0.9462122925645812
clean-calibration,72,376.0,377.0,377.0,23,30,0.4168860089842745
clean-calibration,73,376.5,377.5,377.5,3,6,1.4265336241277575
clean-calibration,73,376.5,377.5,377.5,3,7,0.49750419306836885
clean-calibration,73,376.5,377.5,377.5,3,10,0.5360524304165992
clean-calibration,73,376.5,377.5,377.5,3,13,0.9601245526167229
clean-calibration,73,376.5,377.5,377.5,3,16,1.09568389468126
clean-calibration,73,376.5,377.5,377.5,3,19,0.38253978366539615
clean-calibration,73,376.5,377.5,377.5,3,20,0.2093387179896684
clean-calibration,73,376.5,377.5,377.5,3,23,0.49760947083707724
clean-calibration,73,376.5,377.5,377.5,3,30,0.3994219506432029
clean-calibration,73,376.5,377.5,377.5,6,7,0.693728646247337
clean-calibration,73,376.5,377.5,377.5,6,10,0.5761170299380656
clean-calibration,73,376.5,377.5,377.5,6,13,0.6601668282267001
clean-calibration,73,376.5,377.5,377.5,6,16,0.22445893895515207
clean-calibration,73,376.5,377.5,377.5,6,19,0.6699897513564503
clean-calibration,73,376.5,377.5,377.5,6,20,0.25461485188997673
clean-calibration,73,376.5,377.5,377.5,6,23,0.8614651832140104
clean-calibration,73,376.5,377.5,377.5,6,30,0.7988196928665601
clean-calibration,73,376.5,377.5,377.5,7,10,0.253386561359829
clean-calibration,73,376.5,377.5,377.5,7,13,0.5574061805596507
clean-calibration,73,376.5,377.5,377.5,7,16,1.2178583073607214
clean-calibration,73,376.5,377.5,377.5,7,19,0.6913717812592988
clean-calibration,73,376.5,377.5,377.5,7,20,0.8164321367965044
clean-calibration,73,376.5,377.5,377.5,7,23,0.5633159677621937
clean-calibration,73,376.5,377.5,377.5,7,30,0.3977340153294019
clean-calibration,73,376.5,377.5,377.5,10,13,0.582134990804934
clean-calibration,73,376.5,377.5,377.5,10,16,0.6264663854195724
clean-calibration,73,376.5,377.5,377.5,10,19,1.0096563475727252
clean-calibration,73,376.5,377.5,377.5,10,20,0.5848930221779866
clean-calibration,73,376.5,377.5,377.5,10,23,1.2407077702996188
clean-calibration,73,376.5,377.5,377.5,10,30,0.9167507268781193
clean-calibration,73,376.5,377.5,377.5,13,16,3.086814450546782
clean-calibration,73,376.5,377.5,377.5,13,19,2.3171932397234647
clean-calibration,73,376.5,377.5,377.5,13,20,0.24530848841923253
clean-calibration,73,376.5,377.5,377.5,13,23,0.409360586399562
clean-calibration,73,376.5,377.5,377.5,13,30,0.7095301563715727
clean-calibration,73,376.5,377.5,377.5,16,19,0.3759866305001516
clean-calibration,73,376.5,377.5,377.5,16,20,0.7980336834971978
clean-calibration,73,376.5,377.5,377.5,16,23,0.4236280883596537
clean-calibration,73,376.5,377.5,377.5,16,30,1.638288114711639
clean-calibration,73,376.5,377.5,377.5,19,20,0.7184467020700964
clean-calibration,73,376.5,377.5,377.5,19,23,1.2372823958687778
clean-calibration,73,376.5,377.5,377.5,19,30,0.403566233296094
clean-calibration,73,376.5,377.5,377.5,20,23,0.46329808293402364
clean-calibration,73,376.5,377.5,377.5,20,30,1.0966036461749205
clean-calibration,73,376.5,377.5,377.5,23,30,0.2857288644369599
clean-calibration,74,377.0,378.0,378.0,3,6,0.4511912822578772
clean-calibration,74,377.0,378.0,378.0,3,7,0.8190330823669456
clean-calibration,74,377.0,378.0,378.0,3,10,0.5717688741279677
clean-calibration,74,377.0,378.0,378.0,3,13,0.8161641674231058
clean-calibration,74,377.0,378.0,378.0,3,16,0.663886266070016
clean-calibration,74,377.0,378.0,378.0,3,19,1.2754654362118631
clean-calibration,74,377.0,378.0,378.0,3,20,0.976696480435767
clean-calibration,74,377.0,378.0,378.0,3,23,1.0486499497060529
clean-calibration,74,377.0,378.0,378.0,3,30,0.5858324348428017
clean-calibration,74,377.0,378.0,378.0,6,7,0.5331264870783972
clean-calibration,74,377.0,378.0,378.0,6,10,1.2859076922025736
clean-calibration,74,377.0,378.0,378.0,6,13,0.1683152870540122
clean-calibration,74,377.0,378.0,378.0,6,16,0.42835819718357576
clean-calibration,74,377.0,378.0,378.0,6,19,1.4278832026720452
clean-calibration,74,377.0,378.0,378.0,6,20,1.0001070106525067
clean-calibration,74,377.0,378.0,378.0,6,23,0.3771878795732996
clean-calibration,74,377.0,378.0,378.0,6,30,0.5475384111091285
clean-calibration,74,377.0,378.0,378.0,7,10,0.3587804245917917
clean-calibration,74,377.0,378.0,378.0,7,13,0.3610730845116702
clean-calibration,74,377.0,378.0,378.0,7,16,0.6641360828739409
clean-calibration,74,377.0,378.0,378.0,7,19,0.5696269540615054
clean-calibration,74,377.0,378.0,378.0,7,20,0.5436849456947205
clean-calibration,74,377.0,378.0,378.0,7,23,0.4061516287084336
clean-calibration,74,377.0,378.0,378.0,7,30,1.370456775044924
clean-calibration,74,377.0,378.0,378.0,10,13,0.9889383667524626
clean-calibration,74,377.0,378.0,378.0,10,16,1.0312996127128093
clean-calibration,74,377.0,378.0,378.0,10,19,0.8700744543949922
clean-calibration,74,377.0,378.0,378.0,10,20,0.5987410244645275
clean-calibration,74,377.0,378.0,378.0,10,23,0.74939031553891
clean-calibration,74,377.0,378.0,378.0,10,30,1.1048064536530289
clean-calibration,74,377.0,378.0,378.0,13,16,1.9450081213666848
clean-calibration,74,377.0,378.0,378.0,13,19,2.5357486600684216
clean-calibration,74,377.0,378.0,378.0,13,20,0.73187363764324
clean-calibration,74,377.0,378.0,378.0,13,23,0.2173464902264101
clean-calibration,74,377.0,378.0,378.0,13,30,1.3063915055150632
clean-calibration,74,377.0,378.0,378.0,16,19,1.2612862500804336
clean-calibration,74,377.0,378.0,378.0,16,20,1.9841497122558696
clean-calibration,74,377.0,378.0,378.0,16,23,0.7410219901893473
clean-calibration,74,377.0,378.0,378.0,16,30,0.9633507996422569
clean-calibration,74,377.0,378.0,378.0,19,20,0.5587524627948384
clean-calibration,74,377.0,378.0,378.0,19,23,1.485627391918869
clean-calibration,74,377.0,378.0,378.0,19,30,0.8504573635503354
clean-calibration,74,377.0,378.0,378.0,20,23,0.40800206263068545
clean-calibration,74,377.0,378.0,378.0,20,30,1.3925167338582274
clean-calibration,74,377.0,378.0,378.0,23,30,1.150024209204283
clean-calibration,75,377.5,378.5,378.5,3,6,0.601189592206713
clean-calibration,75,377.5,378.5,378.5,3,7,0.5647306974208453
clean-calibration,75,377.5,378.5,378.5,3,10,1.0547838084579413
clean-calibration,75,377.5,378.5,378.5,3,13,1.420921472395369
clean-calibration,75,377.5,378.5,378.5,3,16,0.34962649149408803
clean-calibration,75,377.5,378.5,378.5,3,19,0.9154251942614288
clean-calibration,75,377.5,378.5,378.5,3,20,0.3145292510049982
clean-calibration,75,377.5,378.5,378.5,3,23,0.4738172201841717
clean-calibration,75,377.5,378.5,378.5,3,30,0.9283308810226355
clean-calibration,75,377.5,378.5,378.5,6,7,0.8394122941921986
clean-calibration,75,377.5,378.5,378.5,6,10,0.9404087159166206
clean-calibration,75,377.5,378.5,378.5,6,13,0.23690841909463276
clean-calibration,75,377.5,378.5,378.5,6,16,0.42920956437141305
clean-calibration,75,377.5,378.5,378.5,6,19,1.467960780516235
clean-calibration,75,377.5,378.5,378.5,6,20,0.9613234422454637
clean-calibration,75,377.5,378.5,378.5,6,23,0.5865499588651272
clean-calibration,75,377.5,378.5,378.5,6,30,0.618067505586159
clean-calibration,75,377.5,378.5,378.5,7,10,0.8646656371363827
clean-calibration,75,377.5,378.5,378.5,7,13,0.8127818344683627
clean-calibration,75,377.5,378.5,378.5,7,16,0.44379224423363234
clean-calibration,75,377.5,378.5,378.5,7,19,0.6560568384442884
clean-calibration,75,377.5,378.5,378.5,7,20,0.3349132259551469
clean-calibration,75,377.5,378.5,378.5,7,23,1.00389334426959
clean-calibration,75,377.5,378.5,378.5,7,30,1.0521621010646425
clean-calibration,75,377.5,378.5,378.5,10,13,0.4373561506116581
clean-calibration,75,377.5,378.5,378.5,10,16,0.16562809709873394
clean-calibration,75,377.5,378.5,378.5,10,19,0.67324695226466
clean-calibration,75,377.5,378.5,378.5,10,20,0.5907675514872452
clean-calibration,75,377.5,378.5,378.5,10,23,0.5589282260019557
clean-calibration,75,377.5,378.5,378.5,10,30,1.379508532625697
clean-calibration,75,377.5,378.5,378.5,13,16,1.2065090728630394
clean-calibration,75,377.5,378.5,378.5,13,19,2.074955208881053
clean-calibration,75,377.5,378.5,378.5,13,20,0.3911510046229513
clean-calibration,75,377.5,378.5,378.5,13,23,0.6280187599239483
clean-calibration,75,377.5,378.5,378.5,13,30,0.42780244350295005
clean-calibration,75,377.5,378.5,378.5,16,19,1.3575662890957236
clean-calibration,75,377.5,378.5,378.5,16,20,0.39174791538163545
clean-calibration,75,377.5,378.5,378.5,16,23,0.3959592618406177
clean-calibration,75,377.5,378.5,378.5,16,30,0.9103987695660132
clean-calibration,75,377.5,378.5,378.5,19,20,0.6949534260447682
clean-calibration,75,377.5,378.5,378.5,19,23,0.5033713444034305
clean-calibration,75,377.5,378.5,378.5,19,30,0.34124187682177876
clean-calibration,75,377.5,378.5,378.5,20,23,0.31875562540891966
clean-calibration,75,377.5,378.5,378.5,20,30,0.9929575844565763
clean-calibration,75,377.5,378.5,378.5,23,30,0.6920639191671901
clean-calibration,76,378.0,379.0,379.0,3,6,0.23308180234757456
clean-calibration,76,378.0,379.0,379.0,3,7,0.3535774718742304
clean-calibration,76,378.0,379.0,379.0,3,10,1.099560448895758
clean-calibration,76,378.0,379.0,379.0,3,13,0.3353766486433448
clean-calibration,76,378.0,379.0,379.0,3,16,0.5378988913893956
clean-calibration,76,378.0,379.0,379.0,3,19,0.47180533100494026
clean-calibration,76,378.0,379.0,379.0,3,20,0.4422340167716368
clean-calibration,76,378.0,379.0,379.0,3,23,0.5591304252574705
clean-calibration,76,378.0,379.0,379.0,3,30,1.0422233598967685
clean-calibration,76,378.0,379.0,379.0,6,7,0.4079841880997697
clean-calibration,76,378.0,379.0,379.0,6,10,0.921154028706319
clean-calibration,76,378.0,379.0,379.0,6,13,0.37381991576751267
clean-calibration,76,378.0,379.0,379.0,6,16,1.0913711628266205
clean-calibration,76,378.0,379.0,379.0,6,19,0.7771590687037186
clean-calibration,76,378.0,379.0,379.0,6,20,0.23527161273963698
clean-calibration,76,378.0,379.0,379.0,6,23,0.5023188615921852
clean-calibration,76,378.0,379.0,379.0,6,30,0.7171914054209587
clean-calibration,76,378.0,379.0,379.0,7,10,1.1000123530392507
clean-calibration,76,378.0,379.0,379.0,7,13,0.3468173394940092
clean-calibration,76,378.0,379.0,379.0,7,16,0.6599173672649361
clean-calibration,76,378.0,379.0,379.0,7,19,0.5527208983236258
clean-calibration,76,378.0,379.0,379.0,7,20,0.46233748286108367
clean-calibration,76,378.0,379.0,379.0,7,23,0.3808879984963067
clean-calibration,76,378.0,379.0,379.0,7,30,0.40659234914097375
clean-calibration,76,378.0,379.0,379.0,10,13,1.0256892980852075
clean-calibration,76,378.0,379.0,379.0,10,16,0.9855727896481998
clean-calibration,76,378.0,379.0,379.0,10,19,0.7592523636818302
clean-calibration,76,378.0,379.0,379.0,10,20,0.8887655673210142
clean-calibration,76,378.0,379.0,379.0,10,23,1.0244938340758478
clean-calibration,76,378.0,379.0,379.0,10,30,1.4056707399313941
clean-calibration,76,378.0,379.0,379.0,13,16,0.2936158990807912
clean-calibration,76,378.0,379.0,379.0,13,19,2.414689194772461
clean-calibration,76,378.0,379.0,379.0,13,20,0.18408181330061596
clean-calibration,76,378.0,379.0,379.0,13,23,0.2974161860310112
clean-calibration,76,378.0,379.0,379.0,13,30,0.9824677523719345
clean-calibration,76,378.0,379.0,379.0,16,19,0.49911686114041975
clean-calibration,76,378.0,379.0,379.0,16,20,0.317926295597223
clean-calibration,76,378.0,379.0,379.0,16,23,0.4161648248250184
clean-calibration,76,378.0,379.0,379.0,16,30,1.3432006349708097
clean-calibration,76,378.0,379.0,379.0,19,20,0.33834559715666607
clean-calibration,76,378.0,379.0,379.0,19,23,0.6933653898121468
clean-calibration,76,378.0,379.0,379.0,19,30,0.6040827167358378
clean-calibration,76,378.0,379.0,379.0,20,23,0.48571908191025637
clean-calibration,76,378.0,379.0,379.0,20,30,2.089955492984352
clean-calibration,76,378.0,379.0,379.0,23,30,0.16394826911291602
clean-calibration,77,378.5,379.5,379.5,3,6,0.35887903501334617
clean-calibration,77,378.5,379.5,379.5,3,7,0.7823901091171561
clean-calibration,77,378.5,379.5,379.5,3,10,0.7889582954243737
clean-calibration,77,378.5,379.5,379.5,3,13,0.14334734744160602
clean-calibration,77,378.5,379.5,379.5,3,16,0.5960827351434657
clean-calibration,77,378.5,379.5,379.5,3,19,0.34557077448726153
clean-calibration,77,378.5,379.5,379.5,3,20,0.805114560051933
clean-calibration,77,378.5,379.5,379.5,3,23,0.4339072114018022
clean-calibration,77,378.5,379.5,379.5,3,30,0.5042872059276966
clean-calibration,77,378.5,379.5,379.5,6,7,0.5056384015842564
clean-calibration,77,378.5,379.5,379.5,6,10,1.3229743672911989
clean-calibration,77,378.5,379.5,379.5,6,13,0.21147086726740089
clean-calibration,77,378.5,379.5,379.5,6,16,0.30148275238588373
clean-calibration,77,378.5,379.5,379.5,6,19,1.1731493750545963
clean-calibration,77,378.5,379.5,379.5,6,20,0.1373476454798257
clean-calibration,77,378.5,379.5,379.5,6,23,1.3484910877413316
clean-calibration,77,378.5,379.5,379.5,6,30,0.19348829736494438
clean-calibration,77,378.5,379.5,379.5,7,10,0.3252240110522892
clean-calibration,77,378.5,379.5,379.5,7,13,0.5295291770877552
clean-calibration,77,378.5,379.5,379.5,7,16,0.8827944321988375
clean-calibration,77,378.5,379.5,379.5,7,19,0.6722268864351592
clean-calibration,77,378.5,379.5,379.5,7,20,0.5203234836417081
clean-calibration,77,378.5,379.5,379.5,7,23,0.21127315119952533
clean-calibration,77,378.5,379.5,379.5,7,30,0.7047897943548084
clean-calibration,77,378.5,379.5,379.5,10,13,1.136661720586932
clean-calibration,77,378.5,379.5,379.5,10,16,1.0270121999497204
clean-calibration,77,378.5,379.5,379.5,10,19,0.5410417468013546
clean-calibration,77,378.5,379.5,379.5,10,20,0.7506842723416226
clean-calibration,77,378.5,379.5,379.5,10,23,0.9611116085464072
clean-calibration,77,378.5,379.5,379.5,10,30,1.6696331745127089
clean-calibration,77,378.5,379.5,379.5,13,16,0.9588784697878039
clean-calibration,77,378.5,379.5,379.5,13,19,2.735067151253665
clean-calibration,77,378.5,379.5,379.5,13,20,0.208661536751399
clean-calibration,77,378.5,379.5,379.5,13,23,0.287998706855919
clean-calibration,77,378.5,379.5,379.5,13,30,1.63149527344715
clean-calibration,77,378.5,379.5,379.5,16,19,0.42688221189772146
clean-calibration,77,378.5,379.5,379.5,16,20,0.8367873821428345
clean-calibration,77,378.5,379.5,379.5,16,23,0.5984282422206654
clean-calibration,77,378.5,379.5,379.5,16,30,0.5459289453032707
clean-calibration,77,378.5,379.5,379.5,19,20,0.37067202517575193
clean-calibration,77,378.5,379.5,379.5,19,23,0.2653502839171309
clean-calibration,77,378.5,379.5,379.5,19,30,0.7366849106004475
clean-calibration,77,378.5,379.5,379.5,20,23,0.8072661847986854
clean-calibration,77,378.5,379.5,379.5,20,30,1.356818357271829
clean-calibration,77,378.5,379.5,379.5,23,30,0.32551946232065176
clean-calibration,78,379.0,380.0,380.0,3,6,0.1758583917656334
clean-calibration,78,379.0,380.0,380.0,3,7,0.6868847129983435
clean-calibration,78,379.0,380.0,380.0,3,10,0.6631392942356338
clean-calibration,78,379.0,380.0,380.0,3,13,1.0758821522002457
clean-calibration,78,379.0,380.0,380.0,3,16,0.2912177023053339
clean-calibration,78,379.0,380.0,380.0,3,19,1.1704436287211537
clean-calibration,78,379.0,380.0,380.0,3,20,0.6234287125734393
clean-calibration,78,379.0,380.0,380.0,3,23,0.2150233078142801
clean-calibration,78,379.0,380.0,380.0,3,30,1.3559570894378408
clean-calibration,78,379.0,380.0,380.0,6,7,0.5491024753151257
clean-calibration,78,379.0,380.0,380.0,6,10,0.8679765473608569
clean-calibration,78,379.0,380.0,380.0,6,13,0.2233906990382121
clean-calibration,78,379.0,380.0,380.0,6,16,0.38208758519997027
clean-calibration,78,379.0,380.0,380.0,6,19,1.9104759948200765
clean-calibration,78,379.0,380.0,380.0,6,20,0.65413978021323
clean-calibration,78,379.0,380.0,380.0,6,23,1.8997190061539329
clean-calibration,78,379.0,380.0,380.0,6,30,0.2249774711420658
clean-calibration,78,379.0,380.0,380.0,7,10,1.3980768047934091
clean-calibration,78,379.0,380.0,380.0,7,13,0.9722104757054659
clean-calibration,78,379.0,380.0,380.0,7,16,0.8010249681423653
clean-calibration,78,379.0,380.0,380.0,7,19,0.775464952477694
clean-calibration,78,379.0,380.0,380.0,7,20,0.5556673058819684
clean-calibration,78,379.0,380.0,380.0,7,23,0.25798109325976004
clean-calibration,78,379.0,380.0,380.0,7,30,1.5512127939000286
clean-calibration,78,379.0,380.0,380.0,10,13,0.3662349587435556
clean-calibration,78,379.0,380.0,380.0,10,16,0.7557155909943326
clean-calibration,78,379.0,380.0,380.0,10,19,0.5104162132607911
clean-calibration,78,379.0,380.0,380.0,10,20,0.49009520932094863
clean-calibration,78,379.0,380.0,380.0,10,23,0.9402179478641817
clean-calibration,78,379.0,380.0,380.0,10,30,0.45366885496807774
clean-calibration,78,379.0,380.0,380.0,13,16,1.144635862458995
clean-calibration,78,379.0,380.0,380.0,13,19,1.3269815797814695
clean-calibration,78,379.0,380.0,380.0,13,20,0.6991422874172366
clean-calibration,78,379.0,380.0,380.0,13,23,0.6288234539598707
clean-calibration,78,379.0,380.0,380.0,13,30,0.32155975336102066
clean-calibration,78,379.0,380.0,380.0,16,19,1.0757927612819638
clean-calibration,78,379.0,380.0,380.0,16,20,1.8394730898377953
clean-calibration,78,379.0,380.0,380.0,16,23,0.6688428433289285
clean-calibration,78,379.0,380.0,380.0,16,30,1.8716253538663978
clean-calibration,78,379.0,380.0,380.0,19,20,0.45369872204731865
clean-calibration,78,379.0,380.0,380.0,19,23,0.373650484595265
clean-calibration,78,379.0,380.0,380.0,19,30,1.0659170245863083
clean-calibration,78,379.0,380.0,380.0,20,23,0.8069212711178071
clean-calibration,78,379.0,380.0,380.0,20,30,0.985492932996018
clean-calibration,78,379.0,380.0,380.0,23,30,0.399407196465972
clean-calibration,79,379.5,380.5,380.5,3,6,0.2719122200744445
clean-calibration,79,379.5,380.5,380.5,3,7,0.6480819330705624
clean-calibration,79,379.5,380.5,380.5,3,10,0.593858286739186
clean-calibration,79,379.5,380.5,380.5,3,13,0.9522404871017021
clean-calibration,79,379.5,380.5,380.5,3,16,0.6799339535939782
clean-calibration,79,379.5,380.5,380.5,3,19,0.5273637631361248
clean-calibration,79,379.5,380.5,380.5,3,20,0.6069357368839345
clean-calibration,79,379.5,380.5,380.5,3,23,0.37598286390516616
clean-calibration,79,379.5,380.5,380.5,3,30,0.5099102840527786
clean-calibration,79,379.5,380.5,380.5,6,7,0.27356465138577
clean-calibration,79,379.5,380.5,380.5,6,10,1.0796706895303283
clean-calibration,79,379.5,380.5,380.5,6,13,0.1902292486980119
clean-calibration,79,379.5,380.5,380.5,6,16,0.3599244500975906
clean-calibration,79,379.5,380.5,380.5,6,19,0.3116537257981331
clean-calibration,79,379.5,380.5,380.5,6,20,0.5342409175884789
clean-calibration,79,379.5,380.5,380.5,6,23,0.6330002491409963
clean-calibration,79,379.5,380.5,380.5,6,30,0.8104616488086549
clean-calibration,79,379.5,380.5,380.5,7,10,0.8046117288873835
clean-calibration,79,379.5,380.5,380.5,7,13,1.1861040624284018
clean-calibration,79,379.5,380.5,380.5,7,16,0.4455430560045932
clean-calibration,79,379.5,380.5,380.5,7,19,0.6873589999624954
clean-calibration,79,379.5,380.5,380.5,7,20,0.4269036712521685
clean-calibration,79,379.5,380.5,380.5,7,23,0.7271073688454966
clean-calibration,79,379.5,380.5,380.5,7,30,0.2992147592437038
clean-calibration,79,379.5,380.5,380.5,10,13,0.5666562859736392
clean-calibration,79,379.5,380.5,380.5,10,16,0.5333017919807761
clean-calibration,79,379.5,380.5,380.5,10,19,0.7861896300931379
clean-calibration,79,379.5,380.5,380.5,10,20,0.3369891708500835
clean-calibration,79,379.5,380.5,380.5,10,23,0.8697213782505095
clean-calibration,79,379.5,380.5,380.5,10,30,0.6515317107707208
clean-calibration,79,379.5,380.5,380.5,13,16,0.30969300686665446
clean-calibration,79,379.5,380.5,380.5,13,19,1.8486127952329476
clean-calibration,79,379.5,380.5,380.5,13,20,1.104437600841069
clean-calibration,79,379.5,380.5,380.5,13,23,0.5199326423027439
clean-calibration,79,379.5,380.5,380.5,13,30,1.358434647521931
clean-calibration,79,379.5,380.5,380.5,16,19,0.5211847559640792
clean-calibration,79,379.5,380.5,380.5,16,20,1.0582442919529729
clean-calibration,79,379.5,380.5,380.5,16,23,0.29467137910466285
clean-calibration,79,379.5,380.5,380.5,16,30,2.063648186094069
clean-calibration,79,379.5,380.5,380.5,19,20,0.3242467512603722
clean-calibration,79,379.5,380.5,380.5,19,23,0.3625818818755005
clean-calibration,79,379.5,380.5,380.5,19,30,0.21680387708224105
clean-calibration,79,379.5,380.5,380.5,20,23,0.301928355213998
clean-calibration,79,379.5,380.5,380.5,20,30,1.1090169548976736
clean-calibration,79,379.5,380.5,380.5,23,30,0.47124762931154984
clean-calibration,80,380.0,381.0,381.0,3,6,0.29466081805254135
clean-calibration,80,380.0,381.0,381.0,3,7,1.1056926456522456
clean-calibration,80,380.0,381.0,381.0,3,10,0.45710028949974435
clean-calibration,80,380.0,381.0,381.0,3,13,0.734550284432739
clean-calibration,80,380.0,381.0,381.0,3,16,0.9422604251677835
clean-calibration,80,380.0,381.0,381.0,3,19,0.6471458828536749
clean-calibration,80,380.0,381.0,381.0,3,20,0.7510005277360406
clean-calibration,80,380.0,381.0,381.0,3,23,0.4716819213162598
clean-calibration,80,380.0,381.0,381.0,3,30,0.3950229351119347
clean-calibration,80,380.0,381.0,381.0,6,7,1.5339131644558652
clean-calibration,80,380.0,381.0,381.0,6,10,1.5966206962554303
clean-calibration,80,380.0,381.0,381.0,6,13,0.1700935702738961
clean-calibration,80,380.0,381.0,381.0,6,16,1.0455957531381501
clean-calibration,80,380.0,381.0,381.0,6,19,1.3491114521378043
clean-calibration,80,380.0,381.0,381.0,6,20,0.7614740357879999
clean-calibration,80,380.0,381.0,381.0,6,23,0.8804927656646988
clean-calibration,80,380.0,381.0,381.0,6,30,0.3285064290157904
clean-calibration,80,380.0,381.0,381.0,7,10,0.41456620702144226
clean-calibration,80,380.0,381.0,381.0,7,13,0.4881450148675932
clean-calibration,80,380.0,381.0,381.0,7,16,0.5625591250427682
clean-calibration,80,380.0,381.0,381.0,7,19,0.2638163485786793
clean-calibration,80,380.0,381.0,381.0,7,20,1.5294437104330534
clean-calibration,80,380.0,381.0,381.0,7,23,0.808285442364476
clean-calibration,80,380.0,381.0,381.0,7,30,0.5214363136253359
clean-calibration,80,380.0,381.0,381.0,10,13,0.41130735117245143
clean-calibration,80,380.0,381.0,381.0,10,16,0.3179745566344126
clean-calibration,80,380.0,381.0,381.0,10,19,0.9373395112947168
clean-calibration,80,380.0,381.0,381.0,10,20,0.5832561862110819
clean-calibration,80,380.0,381.0,381.0,10,23,0.46590334710525044
clean-calibration,80,380.0,381.0,381.0,10,30,0.9755446811574446
clean-calibration,80,380.0,381.0,381.0,13,16,0.2952739733865962
clean-calibration,80,380.0,381.0,381.0,13,19,2.2088137798735965
clean-calibration,80,380.0,381.0,381.0,13,20,1.6732762625940398
clean-calibration,80,380.0,381.0,381.0,13,23,0.44349157491612834
clean-calibration,80,380.0,381.0,381.0,13,30,0.7484347299657188
clean-calibration,80,380.0,381.0,381.0,16,19,0.6938229812317143
clean-calibration,80,380.0,381.0,381.0,16,20,0.4114591923463514
clean-calibration,80,380.0,381.0,381.0,16,23,0.31524701773644054
clean-calibration,80,380.0,381.0,381.0,16,30,0.4255681919028612
clean-calibration,80,380.0,381.0,381.0,19,20,0.7654302944281415
clean-calibration,80,380.0,381.0,381.0,19,23,2.57796066158367
clean-calibration,80,380.0,381.0,381.0,19,30,0.4527581388154888
clean-calibration,80,380.0,381.0,381.0,20,23,0.9182945018842494
clean-calibration,80,380.0,381.0,381.0,20,30,1.1897606086569443
clean-calibration,80,380.0,381.0,381.0,23,30,0.2831649073950777
clean-calibration,81,380.5,381.5,381.5,3,6,0.08469167984516808
clean-calibration,81,380.5,381.5,381.5,3,7,0.9132612081312045
clean-calibration,81,380.5,381.5,381.5,3,10,0.3593193311227339
clean-calibration,81,380.5,381.5,381.5,3,13,0.8199216481359505
clean-calibration,81,380.5,381.5,381.5,3,16,0.418576636397316
clean-calibration,81,380.5,381.5,381.5,3,19,0.2858292072166436
clean-calibration,81,380.5,381.5,381.5,3,20,0.580558949192887
clean-calibration,81,380.5,381.5,381.5,3,23,0.6609012300698709
clean-calibration,81,380.5,381.5,381.5,3,30,0.15796919273287052
clean-calibration,81,380.5,381.5,381.5,6,7,1.6499314666187412
clean-calibration,81,380.5,381.5,381.5,6,10,0.3643075500967841
clean-calibration,81,380.5,381.5,381.5,6,13,1.0440753825298523
clean-calibration,81,380.5,381.5,381.5,6,16,0.775684563771468
clean-calibration,81,380.5,381.5,381.5,6,19,0.46124625260356983
clean-calibration,81,380.5,381.5,381.5,6,20,0.9807068769275784
clean-calibration,81,380.5,381.5,381.5,6,23,1.7693569661868473
clean-calibration,81,380.5,381.5,381.5,6,30,0.23005824346410386
clean-calibration,81,380.5,381.5,381.5,7,10,0.30827578288484137
clean-calibration,81,380.5,381.5,381.5,7,13,0.38480050073364636
clean-calibration,81,380.5,381.5,381.5,7,16,1.7734845142112767
clean-calibration,81,380.5,381.5,381.5,7,19,2.2101743741800557
clean-calibration,81,380.5,381.5,381.5,7,20,0.891094888913614
clean-calibration,81,380.5,381.5,381.5,7,23,0.7710609005128232
clean-calibration,81,380.5,381.5,381.5,7,30,0.37800261653959455
clean-calibration,81,380.5,381.5,381.5,10,13,0.9084628119851607
clean-calibration,81,380.5,381.5,381.5,10,16,0.11923975949692615
clean-calibration,81,380.5,381.5,381.5,10,19,1.2387201454672006
clean-calibration,81,380.5,381.5,381.5,10,20,1.0861806116203838
clean-calibration,81,380.5,381.5,381.5,10,23,0.4689786762257304
clean-calibration,81,380.5,381.5,381.5,10,30,0.7836859024986346
clean-calibration,81,380.5,381.5,381.5,13,16,0.21277977812189927
clean-calibration,81,380.5,381.5,381.5,13,19,2.4288029031572718
clean-calibration,81,380.5,381.5,381.5,13,20,0.910574077889588
clean-calibration,81,380.5,381.5,381.5,13,23,0.7336466646666703
clean-calibration,81,380.5,381.5,381.5,13,30,0.49536725337646714
clean-calibration,81,380.5,381.5,381.5,16,19,1.4647651725391826
clean-calibration,81,380.5,381.5,381.5,16,20,0.3395142139786752
clean-calibration,81,380.5,381.5,381.5,16,23,0.6646446935134465
clean-calibration,81,380.5,381.5,381.5,16,30,0.6175997805434712
clean-calibration,81,380.5,381.5,381.5,19,20,0.23020452721598317
clean-calibration,81,380.5,381.5,381.5,19,23,1.9644903124948023
clean-calibration,81,380.5,381.5,381.5,19,30,0.2830478015643249
clean-calibration,81,380.5,381.5,381.5,20,23,0.7108855711871028
clean-calibration,81,380.5,381.5,381.5,20,30,0.7714270369841763
clean-calibration,81,380.5,381.5,381.5,23,30,0.11712241289361795
clean-calibration,82,381.0,382.0,382.0,3,6,0.17858239904490208
clean-calibration,82,381.0,382.0,382.0,3,7,0.33004611376307313
clean-calibration,82,381.0,382.0,382.0,3,10,1.0630170442903253
clean-calibration,82,381.0,382.0,382.0,3,13,0.5839773321056765
clean-calibration,82,381.0,382.0,382.0,3,16,0.44480425417359337
clean-calibration,82,381.0,382.0,382.0,3,19,0.693205403040686
clean-calibration,82,381.0,382.0,382.0,3,20,0.356553056678068
clean-calibration,82,381.0,382.0,382.0,3,23,0.832545231129477
clean-calibration,82,381.0,382.0,382.0,3,30,0.747685798977927
clean-calibration,82,381.0,382.0,382.0,6,7,0.41921138911160327
clean-calibration,82,381.0,382.0,382.0,6,10,0.5019701213469808
clean-calibration,82,381.0,382.0,382.0,6,13,0.8934268627180252
clean-calibration,82,381.0,382.0,382.0,6,16,0.414443411808758
clean-calibration,82,381.0,382.0,382.0,6,19,0.5950211053397418
clean-calibration,82,381.0,382.0,382.0,6,20,0.345640846399302
clean-calibration,82,381.0,382.0,382.0,6,23,0.24824472458295282
clean-calibration,82,381.0,382.0,382.0,6,30,0.23069592245310364
clean-calibration,82,381.0,382.0,382.0,7,10,0.8334016397789739
clean-calibration,82,381.0,382.0,382.0,7,13,0.9260803812965344
clean-calibration,82,381.0,382.0,382.0,7,16,1.153908183854012
clean-calibration,82,381.0,382.0,382.0,7,19,2.0712281909660164
clean-calibration,82,381.0,382.0,382.0,7,20,1.0516258762102706
clean-calibration,82,381.0,382.0,382.0,7,23,0.9438646078585787
clean-calibration,82,381.0,382.0,382.0,7,30,1.3190095032968194
clean-calibration,82,381.0,382.0,382.0,10,13,0.6921023026677201
clean-calibration,82,381.0,382.0,382.0,10,16,0.11477476532346295
clean-calibration,82,381.0,382.0,382.0,10,19,0.5542205460482297
clean-calibration,82,381.0,382.0,382.0,10,20,0.7742319627497773
clean-calibration,82,381.0,382.0,382.0,10,23,0.6120424496172302
clean-calibration,82,381.0,382.0,382.0,10,30,1.0041006988922312
clean-calibration,82,381.0,382.0,382.0,13,16,0.1457752790020282
clean-calibration,82,381.0,382.0,382.0,13,19,2.3814848257017953
clean-calibration,82,381.0,382.0,382.0,13,20,0.740734140175326
clean-calibration,82,381.0,382.0,382.0,13,23,1.5516842870267067
clean-calibration,82,381.0,382.0,382.0,13,30,0.8394362822111402
clean-calibration,82,381.0,382.0,382.0,16,19,0.2336465278294791
clean-calibration,82,381.0,382.0,382.0,16,20,0.6889540352441367
clean-calibration,82,381.0,382.0,382.0,16,23,0.6583306372675233
clean-calibration,82,381.0,382.0,382.0,16,30,0.7272290018898804
clean-calibration,82,381.0,382.0,382.0,19,20,0.226133729480165
clean-calibration,82,381.0,382.0,382.0,19,23,0.42408019515619433
clean-calibration,82,381.0,382.0,382.0,19,30,0.27927192153032665
clean-calibration,82,381.0,382.0,382.0,20,23,0.45816448085008565
clean-calibration,82,381.0,382.0,382.0,20,30,2.3599238736080173
clean-calibration,82,381.0,382.0,382.0,23,30,0.19181564212378305
clean-calibration,83,381.5,382.5,382.5,3,6,0.6538112936455537
clean-calibration,83,381.5,382.5,382.5,3,7,0.5012122687604149
clean-calibration,83,381.5,382.5,382.5,3,10,0.5023847789380688
clean-calibration,83,381.5,382.5,382.5,3,13,0.9056286046389571
clean-calibration,83,381.5,382.5,382.5,3,16,1.0458477929224481
clean-calibration,83,381.5,382.5,382.5,3,19,0.7217633167880155
clean-calibration,83,381.5,382.5,382.5,3,20,0.8113111141102426
clean-calibration,83,381.5,382.5,382.5,3,23,0.4259770313155925
clean-calibration,83,381.5,382.5,382.5,3,30,0.6389995279159423
clean-calibration,83,381.5,382.5,382.5,6,7,1.1273023818568686
clean-calibration,83,381.5,382.5,382.5,6,10,0.4544459237010452
clean-calibration,83,381.5,382.5,382.5,6,13,0.2815190967841276
clean-calibration,83,381.5,382.5,382.5,6,16,0.25783921572793655
clean-calibration,83,381.5,382.5,382.5,6,19,0.7058605321150253
clean-calibration,83,381.5,382.5,382.5,6,20,0.3073099028386441
clean-calibration,83,381.5,382.5,382.5,6,23,0.6331468110375083
clean-calibration,83,381.5,382.5,382.5,6,30,0.06828740686429827
clean-calibration,83,381.5,382.5,382.5,7,10,0.508200882921878
clean-calibration,83,381.5,382.5,382.5,7,13,0.8075171526464405
clean-calibration,83,381.5,382.5,382.5,7,16,1.3133822464458895
clean-calibration,83,381.5,382.5,382.5,7,19,0.37847792448366174
clean-calibration,83,381.5,382.5,382.5,7,20,0.4707509384682237
clean-calibration,83,381.5,382.5,382.5,7,23,0.8647056342452057
clean-calibration,83,381.5,382.5,382.5,7,30,0.9640457903941799
clean-calibration,83,381.5,382.5,382.5,10,13,0.549820042078295
clean-calibration,83,381.5,382.5,382.5,10,16,0.8599240216095888
clean-calibration,83,381.5,382.5,382.5,10,19,0.8398606155217827
clean-calibration,83,381.5,382.5,382.5,10,20,0.4348146326803106
clean-calibration,83,381.5,382.5,382.5,10,23,0.7377672819078077
clean-calibration,83,381.5,382.5,382.5,10,30,0.7466473644183461
clean-calibration,83,381.5,382.5,382.5,13,16,0.38262068175849406
clean-calibration,83,381.5,382.5,382.5,13,19,1.9567202604202414
clean-calibration,83,381.5,382.5,382.5,13,20,0.1261127992232475
clean-calibration,83,381.5,382.5,382.5,13,23,0.312109790752023
clean-calibration,83,381.5,382.5,382.5,13,30,0.48882937238552737
clean-calibration,83,381.5,382.5,382.5,16,19,0.5681461601966575
clean-calibration,83,381.5,382.5,382.5,16,20,0.6686792565554514
clean-calibration,83,381.5,382.5,382.5,16,23,0.6084509533886309
clean-calibration,83,381.5,382.5,382.5,16,30,0.5355214691432216
clean-calibration,83,381.5,382.5,382.5,19,20,1.9122553558624849
clean-calibration,83,381.5,382.5,382.5,19,23,1.3919313497541075
clean-calibration,83,381.5,382.5,382.5,19,30,0.674213948369263
clean-calibration,83,381.5,382.5,382.5,20,23,0.5227270187072717
clean-calibration,83,381.5,382.5,382.5,20,30,1.159443019266711
clean-calibration,83,381.5,382.5,382.5,23,30,0.6924710960768914
clean-calibration,84,382.0,383.0,383.0,3,6,0.5962098517658504
clean-calibration,84,382.0,383.0,383.0,3,7,1.6397356768955986
clean-calibration,84,382.0,383.0,383.0,3,10,0.3060067835355518
clean-calibration,84,382.0,383.0,383.0,3,13,0.3745861484888775
clean-calibration,84,382.0,383.0,383.0,3,16,0.868661039100941
clean-calibration,84,382.0,383.0,383.0,3,19,0.34714483178761285
clean-calibration,84,382.0,383.0,383.0,3,20,0.8902135908547718
clean-calibration,84,382.0,383.0,383.0,3,23,0.5901170464889042
clean-calibration,84,382.0,383.0,383.0,3,30,0.48222170211098847
clean-calibration,84,382.0,383.0,383.0,6,7,0.9512935138104156
clean-calibration,84,382.0,383.0,383.0,6,10,0.3102849722988255
clean-calibration,84,382.0,383.0,383.0,6,13,0.6421186553709533
clean-calibration,84,382.0,383.0,383.0,6,16,0.2084196077549744
clean-calibration,84,382.0,383.0,383.0,6,19,0.42936126753369297
clean-calibration,84,382.0,383.0,383.0,6,20,0.5748235651563202
clean-calibration,84,382.0,383.0,383.0,6,23,0.5326689020320068
clean-calibration,84,382.0,383.0,383.0,6,30,0.4250323289999513
clean-calibration,84,382.0,383.0,383.0,7,10,0.6680577948234792
clean-calibration,84,382.0,383.0,383.0,7,13,0.7636983503766418
clean-calibration,84,382.0,383.0,383.0,7,16,1.5713236245138806
clean-calibration,84,382.0,383.0,383.0,7,19,0.3696833325491461
clean-calibration,84,382.0,383.0,383.0,7,20,0.6550750132521281
clean-calibration,84,382.0,383.0,383.0,7,23,1.2967432004724815
clean-calibration,84,382.0,383.0,383.0,7,30,0.6331666468975692
clean-calibration,84,382.0,383.0,383.0,10,13,0.2660976781965195
clean-calibration,84,382.0,383.0,383.0,10,16,0.4379768671173946
clean-calibration,84,382.0,383.0,383.0,10,19,1.1346315705674244
clean-calibration,84,382.0,383.0,383.0,10,20,0.8471867686526318
clean-calibration,84,382.0,383.0,383.0,10,23,0.5854758372289968
clean-calibration,84,382.0,383.0,383.0,10,30,2.0753022083272077
clean-calibration,84,382.0,383.0,383.0,13,16,0.22699089206108652
clean-calibration,84,382.0,383.0,383.0,13,19,2.4673521737416273
clean-calibration,84,382.0,383.0,383.0,13,20,0.2570678891109864
clean-calibration,84,382.0,383.0,383.0,13,23,0.5824995319855353
clean-calibration,84,382.0,383.0,383.0,13,30,0.37618118447375
clean-calibration,84,382.0,383.0,383.0,16,19,1.3553786575363223
clean-calibration,84,382.0,383.0,383.0,16,20,0.6190038396525865
clean-calibration,84,382.0,383.0,383.0,16,23,0.4520390600407853
clean-calibration,84,382.0,383.0,383.0,16,30,0.6530722095550991
clean-calibration,84,382.0,383.0,383.0,19,20,1.4969364058413999
clean-calibration,84,382.0,383.0,383.0,19,23,0.9539132839861983
clean-calibration,84,382.0,383.0,383.0,19,30,0.6736188002976323
clean-calibration,84,382.0,383.0,383.0,20,23,0.5249412677771683
clean-calibration,84,382.0,383.0,383.0,20,30,1.063451895392899
clean-calibration,84,382.0,383.0,383.0,23,30,0.5796447840769695
clean-calibration,85,382.5,383.5,383.5,3,6,0.22509204815867562
clean-calibration,85,382.5,383.5,383.5,3,7,0.9999743057991285
clean-calibration,85,382.5,383.5,383.5,3,10,0.6545721422083
clean-calibration,85,382.5,383.5,383.5,3,13,0.25209004127179174
clean-calibration,85,382.5,383.5,383.5,3,16,0.5496849210145344
clean-calibration,85,382.5,383.5,383.5,3,19,0.385159783852681
clean-calibration,85,382.5,383.5,383.5,3,20,0.597724415988228
clean-calibration,85,382.5,383.5,383.5,3,23,0.3447197806757956
clean-calibration,85,382.5,383.5,383.5,3,30,0.9423646190411732
clean-calibration,85,382.5,383.5,383.5,6,7,0.8691495101910842
clean-calibration,85,382.5,383.5,383.5,6,10,0.6878266217937102
clean-calibration,85,382.5,383.5,383.5,6,13,0.7752433837547379
clean-calibration,85,382.5,383.5,383.5,6,16,0.45199619262945817
clean-calibration,85,382.5,383.5,383.5,6,19,0.12757213071125656
clean-calibration,85,382.5,383.5,383.5,6,20,1.0163250227358345
clean-calibration,85,382.5,383.5,383.5,6,23,0.3864854884593302
clean-calibration,85,382.5,383.5,383.5,6,30,0.3949434082641513
clean-calibration,85,382.5,383.5,383.5,7,10,0.6357364071693914
clean-calibration,85,382.5,383.5,383.5,7,13,0.23475520614523487
clean-calibration,85,382.5,383.5,383.5,7,16,0.2972952983048468
clean-calibration,85,382.5,383.5,383.5,7,19,0.17751102184206816
clean-calibration,85,382.5,383.5,383.5,7,20,0.4612410594722524
clean-calibration,85,382.5,383.5,383.5,7,23,0.9173714113117075
clean-calibration,85,382.5,383.5,383.5,7,30,0.8254845844112113
clean-calibration,85,382.5,383.5,383.5,10,13,0.7191887978130362
clean-calibration,85,382.5,383.5,383.5,10,16,1.3513845614921092
clean-calibration,85,382.5,383.5,383.5,10,19,0.6474588416486938
clean-calibration,85,382.5,383.5,383.5,10,20,0.4055632056444575
clean-calibration,85,382.5,383.5,383.5,10,23,1.5488193871725922
clean-calibration,85,382.5,383.5,383.5,10,30,0.5804103001467393
clean-calibration,85,382.5,383.5,383.5,13,16,0.688832890559148
clean-calibration,85,382.5,383.5,383.5,13,19,2.599727070892842
clean-calibration,85,382.5,383.5,383.5,13,20,0.8189095232439859
clean-calibration,85,382.5,383.5,383.5,13,23,0.17157510483605357
clean-calibration,85,382.5,383.5,383.5,13,30,0.3919734339781466
clean-calibration,85,382.5,383.5,383.5,16,19,0.3796207758583158
clean-calibration,85,382.5,383.5,383.5,16,20,0.9630889091116488
clean-calibration,85,382.5,383.5,383.5,16,23,0.9528086276848994
clean-calibration,85,382.5,383.5,383.5,16,30,0.8698559479572122
clean-calibration,85,382.5,383.5,383.5,19,20,0.4763727014917193
clean-calibration,85,382.5,383.5,383.5,19,23,0.384908866901708
clean-calibration,85,382.5,383.5,383.5,19,30,0.35461039516313225
clean-calibration,85,382.5,383.5,383.5,20,23,0.8087650152086396
clean-calibration,85,382.5,383.5,383.5,20,30,2.2641357053358346
clean-calibration,85,382.5,383.5,383.5,23,30,0.7851047745567652
clean-calibration,86,383.0,384.0,384.0,3,6,0.39454563361397205
clean-calibration,86,383.0,384.0,384.0,3,7,0.9669093446270569
clean-calibration,86,383.0,384.0,384.0,3,10,0.5294957522080697
clean-calibration,86,383.0,384.0,384.0,3,13,0.19357317170156824
clean-calibration,86,383.0,384.0,384.0,3,16,0.296706448810494
clean-calibration,86,383.0,384.0,384.0,3,19,0.7492828619508675
clean-calibration,86,383.0,384.0,384.0,3,20,0.8018264078921286
clean-calibration,86,383.0,384.0,384.0,3,23,0.21823431236222132
clean-calibration,86,383.0,384.0,384.0,3,30,0.9877508806292473
clean-calibration,86,383.0,384.0,384.0,6,7,1.6418158417638806
clean-calibration,86,383.0,384.0,384.0,6,10,0.6244059594840785
clean-calibration,86,383.0,384.0,384.0,6,13,0.8489637975287276
clean-calibration,86,383.0,384.0,384.0,6,16,0.6911046330162952
clean-calibration,86,383.0,384.0,384.0,6,19,0.2415336780511458
clean-calibration,86,383.0,384.0,384.0,6,20,0.2418532668397666
clean-calibration,86,383.0,384.0,384.0,6,23,0.3318818103031283
clean-calibration,86,383.0,384.0,384.0,6,30,0.21642650089365198
clean-calibration,86,383.0,384.0,384.0,7,10,1.0863424665250598
clean-calibration,86,383.0,384.0,384.0,7,13,0.24950739416960319
clean-calibration,86,383.0,384.0,384.0,7,16,0.37954000846483005
clean-calibration,86,383.0,384.0,384.0,7,19,0.19390273125849933
clean-calibration,86,383.0,384.0,384.0,7,20,0.9570348926148282
clean-calibration,86,383.0,384.0,384.0,7,23,0.3255653707508071
clean-calibration,86,383.0,384.0,384.0,7,30,0.5296329277918786
clean-calibration,86,383.0,384.0,384.0,10,13,1.052709302636201
clean-calibration,86,383.0,384.0,384.0,10,16,0.7481784529354021
clean-calibration,86,383.0,384.0,384.0,10,19,0.5832105639668003
clean-calibration,86,383.0,384.0,384.0,10,20,0.5625756023274585
clean-calibration,86,383.0,384.0,384.0,10,23,0.5936798655902256
clean-calibration,86,383.0,384.0,384.0,10,30,1.2155813965186488
clean-calibration,86,383.0,384.0,384.0,13,16,0.7121502785520377
clean-calibration,86,383.0,384.0,384.0,13,19,1.7051516276183516
clean-calibration,86,383.0,384.0,384.0,13,20,0.22561481302895806
clean-calibration,86,383.0,384.0,384.0,13,23,0.5472677677775718
clean-calibration,86,383.0,384.0,384.0,13,30,0.506134281758907
clean-calibration,86,383.0,384.0,384.0,16,19,0.685066769121097
clean-calibration,86,383.0,384.0,384.0,16,20,0.6028088248446577
clean-calibration,86,383.0,384.0,384.0,16,23,0.8419887562024175
clean-calibration,86,383.0,384.0,384.0,16,30,0.3783372486364103
clean-calibration,86,383.0,384.0,384.0,19,20,0.3470513909579873
clean-calibration,86,383.0,384.0,384.0,19,23,0.61154334899655
clean-calibration,86,383.0,384.0,384.0,19,30,0.5195065399265
clean-calibration,86,383.0,384.0,384.0,20,23,0.5936091033722865
clean-calibration,86,383.0,384.0,384.0,20,30,2.2046369736014055
clean-calibration,86,383.0,384.0,384.0,23,30,0.428419693979097
clean-calibration,87,383.5,384.5,384.5,3,6,0.4424288076434961
clean-calibration,87,383.5,384.5,384.5,3,7,1.408339693026937
clean-calibration,87,383.5,384.5,384.5,3,10,0.5378046835988652
clean-calibration,87,383.5,384.5,384.5,3,13,1.6337843812039865
clean-calibration,87,383.5,384.5,384.5,3,16,0.5870118791643477
clean-calibration,87,383.5,384.5,384.5,3,19,0.6400847973269542
clean-calibration,87,383.5,384.5,384.5,3,20,0.5345971113497201
clean-calibration,87,383.5,384.5,384.5,3,23,0.5194073437577731
clean-calibration,87,383.5,384.5,384.5,3,30,0.2622316073456555
clean-calibration,87,383.5,384.5,384.5,6,7,0.40809996721359776
clean-calibration,87,383.5,384.5,384.5,6,10,0.8511569801998864
clean-calibration,87,383.5,384.5,384.5,6,13,0.2397821322991025
clean-calibration,87,383.5,384.5,384.5,6,16,0.26407568204943344
clean-calibration,87,383.5,384.5,384.5,6,19,0.5058057458007882
clean-calibration,87,383.5,384.5,384.5,6,20,0.1671986127073333
clean-calibration,87,383.5,384.5,384.5,6,23,0.2395052418523814
clean-calibration,87,383.5,384.5,384.5,6,30,0.6404289059617178
clean-calibration,87,383.5,384.5,384.5,7,10,0.34431694074353814
clean-calibration,87,383.5,384.5,384.5,7,13,1.2898144715070494
clean-calibration,87,383.5,384.5,384.5,7,16,0.35269697478751955
clean-calibration,87,383.5,384.5,384.5,7,19,0.5523615603528248
clean-calibration,87,383.5,384.5,384.5,7,20,0.7947762065678515
clean-calibration,87,383.5,384.5,384.5,7,23,0.65173082594766
clean-calibration,87,383.5,384.5,384.5,7,30,0.48191123906308037
clean-calibration,87,383.5,384.5,384.5,10,13,1.1045787071107775
clean-calibration,87,383.5,384.5,384.5,10,16,0.351654013071094
clean-calibration,87,383.5,384.5,384.5,10,19,0.8253549850769268
clean-calibration,87,383.5,384.5,384.5,10,20,0.48049509189656536
clean-calibration,87,383.5,384.5,384.5,10,23,0.6064749753901346
clean-calibration,87,383.5,384.5,384.5,10,30,0.4597809644038744
clean-calibration,87,383.5,384.5,384.5,13,16,0.26565453300431285
clean-calibration,87,383.5,384.5,384.5,13,19,0.8226554960558902
clean-calibration,87,383.5,384.5,384.5,13,20,0.6454867523036248
clean-calibration,87,383.5,384.5,384.5,13,23,0.3291625236138524
clean-calibration,87,383.5,384.5,384.5,13,30,0.3373102460539494
clean-calibration,87,383.5,384.5,384.5,16,19,0.8213959080990639
clean-calibration,87,383.5,384.5,384.5,16,20,0.7019393157106918
clean-calibration,87,383.5,384.5,384.5,16,23,0.31182962615512516
clean-calibration,87,383.5,384.5,384.5,16,30,0.6859717214697965
clean-calibration,87,383.5,384.5,384.5,19,20,0.7898688113331257
clean-calibration,87,383.5,384.5,384.5,19,23,0.3421561713560695
clean-calibration,87,383.5,384.5,384.5,19,30,0.8117328157756999
clean-calibration,87,383.5,384.5,384.5,20,23,0.647302645943902
clean-calibration,87,383.5,384.5,384.5,20,30,1.4752285166034729
clean-calibration,87,383.5,384.5,384.5,23,30,0.09298746866402605
clean-calibration,88,384.0,385.0,385.0,3,6,1.1061657509152192
clean-calibration,88,384.0,385.0,385.0,3,7,1.0614004691585006
clean-calibration,88,384.0,385.0,385.0,3,10,0.7784056065288508
clean-calibration,88,384.0,385.0,385.0,3,13,1.0213060639081277
clean-calibration,88,384.0,385.0,385.0,3,16,0.8555144518670275
clean-calibration,88,384.0,385.0,385.0,3,19,0.8451809733045661
clean-calibration,88,384.0,385.0,385.0,3,20,1.0718908354899526
clean-calibration,88,384.0,385.0,385.0,3,23,0.9191704719115623
clean-calibration,88,384.0,385.0,385.0,3,30,0.2881005105768504
clean-calibration,88,384.0,385.0,385.0,6,7,0.668430364411562
clean-calibration,88,384.0,385.0,385.0,6,10,0.7307137946329717
clean-calibration,88,384.0,385.0,385.0,6,13,0.27029792261720736
clean-calibration,88,384.0,385.0,385.0,6,16,0.8019832103582443
clean-calibration,88,384.0,385.0,385.0,6,19,0.9861528878270779
clean-calibration,88,384.0,385.0,385.0,6,20,0.30229395333486353
clean-calibration,88,384.0,385.0,385.0,6,23,1.160925156063296
clean-calibration,88,384.0,385.0,385.0,6,30,0.6535985248298257
clean-calibration,88,384.0,385.0,385.0,7,10,0.2108094669116493
clean-calibration,88,384.0,385.0,385.0,7,13,2.8120550054107687
clean-calibration,88,384.0,385.0,385.0,7,16,1.8719291059534626
clean-calibration,88,384.0,385.0,385.0,7,19,0.5942604509844227
clean-calibration,88,384.0,385.0,385.0,7,20,1.3880054221378841
clean-calibration,88,384.0,385.0,385.0,7,23,1.4247897945455725
clean-calibration,88,384.0,385.0,385.0,7,30,1.013638835216588
clean-calibration,88,384.0,385.0,385.0,10,13,1.2318433516727725
clean-calibration,88,384.0,385.0,385.0,10,16,0.08123825369440604
clean-calibration,88,384.0,385.0,385.0,10,19,2.226110095834472
clean-calibration,88,384.0,385.0,385.0,10,20,0.17177728415022656
clean-calibration,88,384.0,385.0,385.0,10,23,0.293890623986457
clean-calibration,88,384.0,385.0,385.0,10,30,0.5007172796753162
clean-calibration,88,384.0,385.0,385.0,13,16,0.8617312193737916
clean-calibration,88,384.0,385.0,385.0,13,19,0.9862003371766879
clean-calibration,88,384.0,385.0,385.0,13,20,0.42211976238057486
clean-calibration,88,384.0,385.0,385.0,13,23,1.9930544571877213
clean-calibration,88,384.0,385.0,385.0,13,30,0.3753116595644477
clean-calibration,88,384.0,385.0,385.0,16,19,0.54716991707405
clean-calibration,88,384.0,385.0,385.0,16,20,0.5379914968498185
clean-calibration,88,384.0,385.0,385.0,16,23,0.46430362932120683
clean-calibration,88,384.0,385.0,385.0,16,30,0.5185934677156406
clean-calibration,88,384.0,385.0,385.0,19,20,0.3602073079016193
clean-calibration,88,384.0,385.0,385.0,19,23,0.5336523910191684
clean-calibration,88,384.0,385.0,385.0,19,30,0.6058764232973163
clean-calibration,88,384.0,385.0,385.0,20,23,0.6591993851850965
clean-calibration,88,384.0,385.0,385.0,20,30,0.9578940771301747
clean-calibration,88,384.0,385.0,385.0,23,30,0.3225714634629472
clean-calibration,89,384.5,385.5,385.5,3,6,0.5592601142164881
clean-calibration,89,384.5,385.5,385.5,3,7,0.6588671821870248
clean-calibration,89,384.5,385.5,385.5,3,10,0.5988116017490837
clean-calibration,89,384.5,385.5,385.5,3,13,0.3774609509329771
clean-calibration,89,384.5,385.5,385.5,3,16,0.9513836507733974
clean-calibration,89,384.5,385.5,385.5,3,19,0.3679813314061856
clean-calibration,89,384.5,385.5,385.5,3,20,0.6052183293715154
clean-calibration,89,384.5,385.5,385.5,3,23,0.7587568745184611
clean-calibration,89,384.5,385.5,385.5,3,30,0.4881265951611751
clean-calibration,89,384.5,385.5,385.5,6,7,0.5444176294951637
clean-calibration,89,384.5,385.5,385.5,6,10,0.519092809933779
clean-calibration,89,384.5,385.5,385.5,6,13,0.31672843459309685
clean-calibration,89,384.5,385.5,385.5,6,16,1.0087396207307082
clean-calibration,89,384.5,385.5,385.5,6,19,0.3163540437215223
clean-calibration,89,384.5,385.5,385.5,6,20,0.6833842314391146
clean-calibration,89,384.5,385.5,385.5,6,23,1.5931480577229455
clean-calibration,89,384.5,385.5,385.5,6,30,0.3710737607657812
clean-calibration,89,384.5,385.5,385.5,7,10,0.37796664405540514
clean-calibration,89,384.5,385.5,385.5,7,13,1.0510381287555266
clean-calibration,89,384.5,385.5,385.5,7,16,0.46298214157258677
clean-calibration,89,384.5,385.5,385.5,7,19,1.1607752724642473
clean-calibration,89,384.5,385.5,385.5,7,20,0.8306652305738013
clean-calibration,89,384.5,385.5,385.5,7,23,0.921692684888054
clean-calibration,89,384.5,385.5,385.5,7,30,1.3561501331015176
clean-calibration,89,384.5,385.5,385.5,10,13,0.1954792579143157
clean-calibration,89,384.5,385.5,385.5,10,16,0.39886987279235664
clean-calibration,89,384.5,385.5,385.5,10,19,1.7575251406388694
clean-calibration,89,384.5,385.5,385.5,10,20,0.34579797544992824
clean-calibration,89,384.5,385.5,385.5,10,23,0.4314439058359906
clean-calibration,89,384.5,385.5,385.5,10,30,0.2975568581204729
clean-calibration,89,384.5,385.5,385.5,13,16,1.3212807825036688
clean-calibration,89,384.5,385.5,385.5,13,19,2.867200088348196
clean-calibration,89,384.5,385.5,385.5,13,20,0.6003843531805136
clean-calibration,89,384.5,385.5,385.5,13,23,0.6679131920851119
clean-calibration,89,384.5,385.5,385.5,13,30,0.4208634988449525
clean-calibration,89,384.5,385.5,385.5,16,19,0.588236039072352
clean-calibration,89,384.5,385.5,385.5,16,20,0.8940421455080558
clean-calibration,89,384.5,385.5,385.5,16,23,0.3550307994992938
clean-calibration,89,384.5,385.5,385.5,16,30,0.3489417279867018
clean-calibration,89,384.5,385.5,385.5,19,20,0.19432714719487998
clean-calibration,89,384.5,385.5,385.5,19,23,0.28713914491909914
clean-calibration,89,384.5,385.5,385.5,19,30,0.20473236092804456
clean-calibration,89,384.5,385.5,385.5,20,23,0.5024953584252345
clean-calibration,89,384.5,385.5,385.5,20,30,0.5874607926239029
clean-calibration,89,384.5,385.5,385.5,23,30,0.4099314874755155
clean-calibration,90,385.0,386.0,386.0,3,6,0.6197901700258466
clean-calibration,90,385.0,386.0,386.0,3,7,0.5686772732745796
clean-calibration,90,385.0,386.0,386.0,3,10,0.6230781951221365
clean-calibration,90,385.0,386.0,386.0,3,13,0.22456646458303578
clean-calibration,90,385.0,386.0,386.0,3,16,0.23064105340897326
clean-calibration,90,385.0,386.0,386.0,3,19,0.19396216359585333
clean-calibration,90,385.0,386.0,386.0,3,20,0.5614558546943702
clean-calibration,90,385.0,386.0,386.0,3,23,1.236096799805521
clean-calibration,90,385.0,386.0,386.0,3,30,0.4332931235408394
clean-calibration,90,385.0,386.0,386.0,6,7,0.3033070105838619
clean-calibration,90,385.0,386.0,386.0,6,10,0.44645744393295084
clean-calibration,90,385.0,386.0,386.0,6,13,0.6091272465629509
clean-calibration,90,385.0,386.0,386.0,6,16,1.606950300866325
clean-calibration,90,385.0,386.0,386.0,6,19,0.2556286612758869
clean-calibration,90,385.0,386.0,386.0,6,20,1.5488280147690319
clean-calibration,90,385.0,386.0,386.0,6,23,1.5465083285517003
clean-calibration,90,385.0,386.0,386.0,6,30,0.24640980673619026
clean-calibration,90,385.0,386.0,386.0,7,10,0.5980235095051004
clean-calibration,90,385.0,386.0,386.0,7,13,0.49759885400495607
clean-calibration,90,385.0,386.0,386.0,7,16,0.3005930692281907
clean-calibration,90,385.0,386.0,386.0,7,19,1.086260050124754
clean-calibration,90,385.0,386.0,386.0,7,20,0.4438544986495548
clean-calibration,90,385.0,386.0,386.0,7,23,0.6023943228545655
clean-calibration,90,385.0,386.0,386.0,7,30,0.9120996674734247
clean-calibration,90,385.0,386.0,386.0,10,13,0.3543425071875964
clean-calibration,90,385.0,386.0,386.0,10,16,0.38835151726191086
clean-calibration,90,385.0,386.0,386.0,10,19,0.6759138530330613
clean-calibration,90,385.0,386.0,386.0,10,20,0.2845245331564082
clean-calibration,90,385.0,386.0,386.0,10,23,0.7686432973660704
clean-calibration,90,385.0,386.0,386.0,10,30,0.6119529343647113
clean-calibration,90,385.0,386.0,386.0,13,16,0.3361572374082909
clean-calibration,90,385.0,386.0,386.0,13,19,1.5659899156984705
clean-calibration,90,385.0,386.0,386.0,13,20,0.5832229733097948
clean-calibration,90,385.0,386.0,386.0,13,23,0.23549191740513406
clean-calibration,90,385.0,386.0,386.0,13,30,0.7938333536706953
clean-calibration,90,385.0,386.0,386.0,16,19,0.5358489709871334
clean-calibration,90,385.0,386.0,386.0,16,20,1.0777093519333643
clean-calibration,90,385.0,386.0,386.0,16,23,0.3116289347063756
clean-calibration,90,385.0,386.0,386.0,16,30,0.9940077028467282
clean-calibration,90,385.0,386.0,386.0,19,20,0.20147768744024788
clean-calibration,90,385.0,386.0,386.0,19,23,0.054918573142856406
clean-calibration,90,385.0,386.0,386.0,19,30,0.42166590091875555
clean-calibration,90,385.0,386.0,386.0,20,23,0.5076067809629728
clean-calibration,90,385.0,386.0,386.0,20,30,1.5341019098180682
clean-calibration,90,385.0,386.0,386.0,23,30,0.45238200707814336
clean-calibration,91,385.5,386.5,386.5,3,6,0.6046531591269297
clean-calibration,91,385.5,386.5,386.5,3,7,0.4214384728309725
clean-calibration,91,385.5,386.5,386.5,3,10,0.7460398499280748
clean-calibration,91,385.5,386.5,386.5,3,13,0.10808414356038602
clean-calibration,91,385.5,386.5,386.5,3,16,0.36052956864820124
clean-calibration,91,385.5,386.5,386.5,3,19,0.9461241128771043
clean-calibration,91,385.5,386.5,386.5,3,20,0.7629307872377026
clean-calibration,91,385.5,386.5,386.5,3,23,1.6156843136950538
clean-calibration,91,385.5,386.5,386.5,3,30,0.33393562931378185
clean-calibration,91,385.5,386.5,386.5,6,7,0.6608316181702858
clean-calibration,91,385.5,386.5,386.5,6,10,0.48394422392797976
clean-calibration,91,385.5,386.5,386.5,6,13,0.7869157462429441
clean-calibration,91,385.5,386.5,386.5,6,16,0.6952427116699964
clean-calibration,91,385.5,386.5,386.5,6,19,0.6132796905139705
clean-calibration,91,385.5,386.5,386.5,6,20,1.3722954200852988
clean-calibration,91,385.5,386.5,386.5,6,23,0.4927867009344567
clean-calibration,91,385.5,386.5,386.5,6,30,0.11607119894455972
clean-calibration,91,385.5,386.5,386.5,7,10,0.8551509105157151
clean-calibration,91,385.5,386.5,386.5,7,13,0.6442029008911564
clean-calibration,91,385.5,386.5,386.5,7,16,0.42421404236131943
clean-calibration,91,385.5,386.5,386.5,7,19,0.40052329465528935
clean-calibration,91,385.5,386.5,386.5,7,20,0.2859523291136268
clean-calibration,91,385.5,386.5,386.5,7,23,1.0210774822105653
clean-calibration,91,385.5,386.5,386.5,7,30,0.4959992067806055
clean-calibration,91,385.5,386.5,386.5,10,13,0.9299616133700915
clean-calibration,91,385.5,386.5,386.5,10,16,0.25164682483607853
clean-calibration,91,385.5,386.5,386.5,10,19,0.7686996899436563
clean-calibration,91,385.5,386.5,386.5,10,20,0.5997982685072255
clean-calibration,91,385.5,386.5,386.5,10,23,0.6922282385244787
clean-calibration,91,385.5,386.5,386.5,10,30,1.1537940258287012
clean-calibration,91,385.5,386.5,386.5,13,16,0.559478441936671
clean-calibration,91,385.5,386.5,386.5,13,19,1.7024018032709187
clean-calibration,91,385.5,386.5,386.5,13,20,0.4619507466581405
clean-calibration,91,385.5,386.5,386.5,13,23,0.0877840380897971
clean-calibration,91,385.5,386.5,386.5,13,30,0.16211438643331522
clean-calibration,91,385.5,386.5,386.5,16,19,0.3664289090193088
clean-calibration,91,385.5,386.5,386.5,16,20,1.2097205117979304
clean-calibration,91,385.5,386.5,386.5,16,23,0.7995168456437434
clean-calibration,91,385.5,386.5,386.5,16,30,0.6414080400038419
clean-calibration,91,385.5,386.5,386.5,19,20,0.2912699874698542
clean-calibration,91,385.5,386.5,386.5,19,23,0.6381347973558367
clean-calibration,91,385.5,386.5,386.5,19,30,0.9938710972930901
clean-calibration,91,385.5,386.5,386.5,20,23,0.7031223111168055
clean-calibration,91,385.5,386.5,386.5,20,30,1.3106513996708746
clean-calibration,91,385.5,386.5,386.5,23,30,0.38729399274776766
clean-calibration,92,386.0,387.0,387.0,3,6,0.17130453185227204
clean-calibration,92,386.0,387.0,387.0,3,7,0.5419984012482709
clean-calibration,92,386.0,387.0,387.0,3,10,1.4791072794579676
clean-calibration,92,386.0,387.0,387.0,3,13,0.4885463309057874
clean-calibration,92,386.0,387.0,387.0,3,16,0.3613673027607067
clean-calibration,92,386.0,387.0,387.0,3,19,0.35551530930536723
clean-calibration,92,386.0,387.0,387.0,3,20,0.2522388580517973
clean-calibration,92,386.0,387.0,387.0,3,23,1.5312311821852505
clean-calibration,92,386.0,387.0,387.0,3,30,0.1879991393110932
clean-calibration,92,386.0,387.0,387.0,6,7,0.9875356214569303
clean-calibration,92,386.0,387.0,387.0,6,10,0.44496352589815436
clean-calibration,92,386.0,387.0,387.0,6,13,0.39679984695258874
clean-calibration,92,386.0,387.0,387.0,6,16,0.5884408184259791
clean-calibration,92,386.0,387.0,387.0,6,19,0.6692115140833386
clean-calibration,92,386.0,387.0,387.0,6,20,0.25650093781401523
clean-calibration,92,386.0,387.0,387.0,6,23,0.23447013192911567
clean-calibration,92,386.0,387.0,387.0,6,30,0.6432894622305778
clean-calibration,92,386.0,387.0,387.0,7,10,0.3055731255939361
clean-calibration,92,386.0,387.0,387.0,7,13,0.31491197685071504
clean-calibration,92,386.0,387.0,387.0,7,16,0.7126295046674287
clean-calibration,92,386.0,387.0,387.0,7,19,1.1815817800381727
clean-calibration,92,386.0,387.0,387.0,7,20,1.0028783557614847
clean-calibration,92,386.0,387.0,387.0,7,23,0.8979647188227418
clean-calibration,92,386.0,387.0,387.0,7,30,0.5879545747039533
clean-calibration,92,386.0,387.0,387.0,10,13,0.6577865574010346
clean-calibration,92,386.0,387.0,387.0,10,16,0.34720238087066535
clean-calibration,92,386.0,387.0,387.0,10,19,1.86492437664584
clean-calibration,92,386.0,387.0,387.0,10,20,0.19472245130697594
clean-calibration,92,386.0,387.0,387.0,10,23,0.7786368996123035
clean-calibration,92,386.0,387.0,387.0,10,30,1.1917300241892101
clean-calibration,92,386.0,387.0,387.0,13,16,0.21147377345014579
clean-calibration,92,386.0,387.0,387.0,13,19,4.877745134230355
clean-calibration,92,386.0,387.0,387.0,13,20,0.5318236695032017
clean-calibration,92,386.0,387.0,387.0,13,23,0.10377437212014276
clean-calibration,92,386.0,387.0,387.0,13,30,0.3058435126327063
clean-calibration,92,386.0,387.0,387.0,16,19,1.6516548786051757
clean-calibration,92,386.0,387.0,387.0,16,20,0.26958808424706776
clean-calibration,92,386.0,387.0,387.0,16,23,0.313954506649979
clean-calibration,92,386.0,387.0,387.0,16,30,0.7781631844810935
clean-calibration,92,386.0,387.0,387.0,19,20,1.4504354370775394
clean-calibration,92,386.0,387.0,387.0,19,23,1.2873940194133078
clean-calibration,92,386.0,387.0,387.0,19,30,1.0751309848821031
clean-calibration,92,386.0,387.0,387.0,20,23,0.17631840357464337
clean-calibration,92,386.0,387.0,387.0,20,30,1.3718172925645937
clean-calibration,92,386.0,387.0,387.0,23,30,0.13020199845042638
clean-calibration,93,386.5,387.5,387.5,3,6,0.2160592800474402
clean-calibration,93,386.5,387.5,387.5,3,7,0.4255325174379071
clean-calibration,93,386.5,387.5,387.5,3,10,1.3854720056697443
clean-calibration,93,386.5,387.5,387.5,3,13,0.5167728825061516
clean-calibration,93,386.5,387.5,387.5,3,16,0.7238163007858317
clean-calibration,93,386.5,387.5,387.5,3,19,0.4670582657330017
clean-calibration,93,386.5,387.5,387.5,3,20,0.2697465786480585
clean-calibration,93,386.5,387.5,387.5,3,23,1.1301582798738588
clean-calibration,93,386.5,387.5,387.5,3,30,0.447557477359971
clean-calibration,93,386.5,387.5,387.5,6,7,0.9704874179645575
clean-calibration,93,386.5,387.5,387.5,6,10,0.6737270782246414
clean-calibration,93,386.5,387.5,387.5,6,13,0.11628793859119775
clean-calibration,93,386.5,387.5,387.5,6,16,0.3943220311128412
clean-calibration,93,386.5,387.5,387.5,6,19,0.677209124665847
clean-calibration,93,386.5,387.5,387.5,6,20,0.2950709581370837
clean-calibration,93,386.5,387.5,387.5,6,23,0.29335633134901207
clean-calibration,93,386.5,387.5,387.5,6,30,0.3740444356939127
clean-calibration,93,386.5,387.5,387.5,7,10,0.6617348430369143
clean-calibration,93,386.5,387.5,387.5,7,13,0.5408914725368625
clean-calibration,93,386.5,387.5,387.5,7,16,0.6998756295602175
clean-calibration,93,386.5,387.5,387.5,7,19,0.6003262153186881
clean-calibration,93,386.5,387.5,387.5,7,20,0.8290040319245862
clean-calibration,93,386.5,387.5,387.5,7,23,0.7160820296036523
clean-calibration,93,386.5,387.5,387.5,7,30,0.558924098902505
clean-calibration,93,386.5,387.5,387.5,10,13,0.383461310574727
clean-calibration,93,386.5,387.5,387.5,10,16,0.29176304299961575
clean-calibration,93,386.5,387.5,387.5,10,19,2.687697682656334
clean-calibration,93,386.5,387.5,387.5,10,20,0.18191105096220359
clean-calibration,93,386.5,387.5,387.5,10,23,0.9088962656260289
clean-calibration,93,386.5,387.5,387.5,10,30,0.6889087195955454
clean-calibration,93,386.5,387.5,387.5,13,16,0.6974634809910608
clean-calibration,93,386.5,387.5,387.5,13,19,2.811973314811068
clean-calibration,93,386.5,387.5,387.5,13,20,0.194924083645191
clean-calibration,93,386.5,387.5,387.5,13,23,0.5846703605192692
clean-calibration,93,386.5,387.5,387.5,13,30,0.5921176477509336
clean-calibration,93,386.5,387.5,387.5,16,19,0.38187319189049523
clean-calibration,93,386.5,387.5,387.5,16,20,0.24875880953700977
clean-calibration,93,386.5,387.5,387.5,16,23,0.7678449045258482
clean-calibration,93,386.5,387.5,387.5,16,30,0.7087787026361891
clean-calibration,93,386.5,387.5,387.5,19,20,1.686881635824878
clean-calibration,93,386.5,387.5,387.5,19,23,0.6211473217235983
clean-calibration,93,386.5,387.5,387.5,19,30,0.6004299233868706
clean-calibration,93,386.5,387.5,387.5,20,23,1.1158516456820213
clean-calibration,93,386.5,387.5,387.5,20,30,0.9907170858110904
clean-calibration,93,386.5,387.5,387.5,23,30,0.3236627913401876
clean-calibration,94,387.0,388.0,388.0,3,6,0.3469278844005242
clean-calibration,94,387.0,388.0,388.0,3,7,0.7811777201869262
clean-calibration,94,387.0,388.0,388.0,3,10,0.5724784135290123
clean-calibration,94,387.0,388.0,388.0,3,13,0.2652714254326959
clean-calibration,94,387.0,388.0,388.0,3,16,0.6514423220184301
clean-calibration,94,387.0,388.0,388.0,3,19,0.9660630304278577
clean-calibration,94,387.0,388.0,388.0,3,20,0.42620492112161257
clean-calibration,94,387.0,388.0,388.0,3,23,2.4860575221902916
clean-calibration,94,387.0,388.0,388.0,3,30,2.829170047605898
clean-calibration,94,387.0,388.0,388.0,6,7,0.6732791757394038
clean-calibration,94,387.0,388.0,388.0,6,10,1.103866155755212
clean-calibration,94,387.0,388.0,388.0,6,13,0.1965822374321788
clean-calibration,94,387.0,388.0,388.0,6,16,0.6466449657422045
clean-calibration,94,387.0,388.0,388.0,6,19,0.31403442975579804
clean-calibration,94,387.0,388.0,388.0,6,20,0.34707938515617875
clean-calibration,94,387.0,388.0,388.0,6,23,0.3795882143150503
clean-calibration,94,387.0,388.0,388.0,6,30,1.1495566852803378
clean-calibration,94,387.0,388.0,388.0,7,10,0.08325024923900254
clean-calibration,94,387.0,388.0,388.0,7,13,0.30302051875809
clean-calibration,94,387.0,388.0,388.0,7,16,0.7218119711032065
clean-calibration,94,387.0,388.0,388.0,7,19,0.5193324717871657
clean-calibration,94,387.0,388.0,388.0,7,20,0.5519593482337528
clean-calibration,94,387.0,388.0,388.0,7,23,0.34509465071193485
clean-calibration,94,387.0,388.0,388.0,7,30,0.5663417105773113
clean-calibration,94,387.0,388.0,388.0,10,13,0.6132121833084513
clean-calibration,94,387.0,388.0,388.0,10,16,0.9134058948208222
clean-calibration,94,387.0,388.0,388.0,10,19,2.180821491852085
clean-calibration,94,387.0,388.0,388.0,10,20,0.07116683267690511
clean-calibration,94,387.0,388.0,388.0,10,23,0.7154660202357151
clean-calibration,94,387.0,388.0,388.0,10,30,0.43216680547094255
clean-calibration,94,387.0,388.0,388.0,13,16,0.3771558610210906
clean-calibration,94,387.0,388.0,388.0,13,19,3.045051312759006
clean-calibration,94,387.0,388.0,388.0,13,20,0.6894826866221636
clean-calibration,94,387.0,388.0,388.0,13,23,1.4310697471093006
clean-calibration,94,387.0,388.0,388.0,13,30,0.6080887386417654
clean-calibration,94,387.0,388.0,388.0,16,19,0.2682418974297278
clean-calibration,94,387.0,388.0,388.0,16,20,1.2329564624509435
clean-calibration,94,387.0,388.0,388.0,16,23,0.17928099576257797
clean-calibration,94,387.0,388.0,388.0,16,30,0.495113247153142
clean-calibration,94,387.0,388.0,388.0,19,20,0.6179186384337477
clean-calibration,94,387.0,388.0,388.0,19,23,1.9266123293593165
clean-calibration,94,387.0,388.0,388.0,19,30,0.7559617109249588
clean-calibration,94,387.0,388.0,388.0,20,23,0.7606408420467234
clean-calibration,94,387.0,388.0,388.0,20,30,1.6700549270072726
clean-calibration,94,387.0,388.0,388.0,23,30,0.9092192851538676
clean-calibration,95,387.5,388.5,388.5,3,6,0.2340641575528469
clean-calibration,95,387.5,388.5,388.5,3,7,1.1728705176784922
clean-calibration,95,387.5,388.5,388.5,3,10,1.018855786973544
clean-calibration,95,387.5,388.5,388.5,3,13,0.20861355902581638
clean-calibration,95,387.5,388.5,388.5,3,16,0.1689433743470665
clean-calibration,95,387.5,388.5,388.5,3,19,0.1708176191250747
clean-calibration,95,387.5,388.5,388.5,3,20,1.143622239603768
clean-calibration,95,387.5,388.5,388.5,3,23,0.6553835630810021
clean-calibration,95,387.5,388.5,388.5,3,30,1.5774464408725153
clean-calibration,95,387.5,388.5,388.5,6,7,0.43111875629256124
clean-calibration,95,387.5,388.5,388.5,6,10,0.8006707431064154
clean-calibration,95,387.5,388.5,388.5,6,13,0.11040253600345973
clean-calibration,95,387.5,388.5,388.5,6,16,1.371650816238575
clean-calibration,95,387.5,388.5,388.5,6,19,1.0664272531740484
clean-calibration,95,387.5,388.5,388.5,6,20,1.0921962587873622
clean-calibration,95,387.5,388.5,388.5,6,23,0.30326341027593656
clean-calibration,95,387.5,388.5,388.5,6,30,1.5445182638721582
clean-calibration,95,387.5,388.5,388.5,7,10,0.39965981479672574
clean-calibration,95,387.5,388.5,388.5,7,13,0.6132030504561168
clean-calibration,95,387.5,388.5,388.5,7,16,0.4935495012734938
clean-calibration,95,387.5,388.5,388.5,7,19,0.3907427690209942
clean-calibration,95,387.5,388.5,388.5,7,20,0.44639644886065744
clean-calibration,95,387.5,388.5,388.5,7,23,0.48869028649960244
clean-calibration,95,387.5,388.5,388.5,7,30,0.9859541016024884
clean-calibration,95,387.5,388.5,388.5,10,13,0.3889544985467509
clean-calibration,95,387.5,388.5,388.5,10,16,0.20839588194785783
clean-calibration,95,387.5,388.5,388.5,10,19,0.8997096259448727
clean-calibration,95,387.5,388.5,388.5,10,20,0.3397941704833465
clean-calibration,95,387.5,388.5,388.5,10,23,0.5109569225210124
clean-calibration,95,387.5,388.5,388.5,10,30,0.5155238344308559
clean-calibration,95,387.5,388.5,388.5,13,16,0.6966771642630146
clean-calibration,95,387.5,388.5,388.5,13,19,2.4373270199329986
clean-calibration,95,387.5,388.5,388.5,13,20,0.4377618420648292
clean-calibration,95,387.5,388.5,388.5,13,23,0.9091639528365214
clean-calibration,95,387.5,388.5,388.5,13,30,0.4085570135427277
clean-calibration,95,387.5,388.5,388.5,16,19,0.5742253312804473
clean-calibration,95,387.5,388.5,388.5,16,20,1.7570930085686363
clean-calibration,95,387.5,388.5,388.5,16,23,0.1494355902495924
clean-calibration,95,387.5,388.5,388.5,16,30,1.0783203701137505
clean-calibration,95,387.5,388.5,388.5,19,20,0.17702032263527945
clean-calibration,95,387.5,388.5,388.5,19,23,0.6581276303423566
clean-calibration,95,387.5,388.5,388.5,19,30,0.6240193658624368
clean-calibration,95,387.5,388.5,388.5,20,23,0.2615077835643732
clean-calibration,95,387.5,388.5,388.5,20,30,2.551154640189472
clean-calibration,95,387.5,388.5,388.5,23,30,2.2012264333842118
clean-calibration,96,388.0,389.0,389.0,3,6,0.5113303402845847
clean-calibration,96,388.0,389.0,389.0,3,7,0.45921923120152996
clean-calibration,96,388.0,389.0,389.0,3,10,1.1579107525797279
clean-calibration,96,388.0,389.0,389.0,3,13,0.9475610526942194
clean-calibration,96,388.0,389.0,389.0,3,16,0.3008618634953397
clean-calibration,96,388.0,389.0,389.0,3,19,1.0636063249434922
clean-calibration,96,388.0,389.0,389.0,3,20,0.4826384220728944
clean-calibration,96,388.0,389.0,389.0,3,23,0.09818704625563295
clean-calibration,96,388.0,389.0,389.0,3,30,0.940267136524833
clean-calibration,96,388.0,389.0,389.0,6,7,0.7371346398202411
clean-calibration,96,388.0,389.0,389.0,6,10,0.4556781267253468
clean-calibration,96,388.0,389.0,389.0,6,13,0.11027903489757311
clean-calibration,96,388.0,389.0,389.0,6,16,0.6735338889719331
clean-calibration,96,388.0,389.0,389.0,6,19,1.3526116146931186
clean-calibration,96,388.0,389.0,389.0,6,20,0.6384495703052125
clean-calibration,96,388.0,389.0,389.0,6,23,0.5804150337967667
clean-calibration,96,388.0,389.0,389.0,6,30,0.5035452430952159
clean-calibration,96,388.0,389.0,389.0,7,10,0.2927396184865759
clean-calibration,96,388.0,389.0,389.0,7,13,0.5821150518858366
clean-calibration,96,388.0,389.0,389.0,7,16,0.748343052249979
clean-calibration,96,388.0,389.0,389.0,7,19,0.49520319482577413
clean-calibration,96,388.0,389.0,389.0,7,20,0.34496476387510333
clean-calibration,96,388.0,389.0,389.0,7,23,0.5262469887879774
clean-calibration,96,388.0,389.0,389.0,7,30,0.9601391177400022
clean-calibration,96,388.0,389.0,389.0,10,13,1.140602654232084
clean-calibration,96,388.0,389.0,389.0,10,16,1.0454940427267085
clean-calibration,96,388.0,389.0,389.0,10,19,1.0751864488948422
clean-calibration,96,388.0,389.0,389.0,10,20,0.5172055924228289
clean-calibration,96,388.0,389.0,389.0,10,23,1.7944973852340342
clean-calibration,96,388.0,389.0,389.0,10,30,1.2180127399197522
clean-calibration,96,388.0,389.0,389.0,13,16,0.3226712366276657
clean-calibration,96,388.0,389.0,389.0,13,19,3.311517414017163
clean-calibration,96,388.0,389.0,389.0,13,20,0.293780135210693
clean-calibration,96,388.0,389.0,389.0,13,23,0.8068681564944926
clean-calibration,96,388.0,389.0,389.0,13,30,0.5374360293762491
clean-calibration,96,388.0,389.0,389.0,16,19,1.3878021767534732
clean-calibration,96,388.0,389.0,389.0,16,20,0.864655370542879
clean-calibration,96,388.0,389.0,389.0,16,23,0.21429154336806877
clean-calibration,96,388.0,389.0,389.0,16,30,1.070354841849507
clean-calibration,96,388.0,389.0,389.0,19,20,0.7433045292883133
clean-calibration,96,388.0,389.0,389.0,19,23,0.9361095566803564
clean-calibration,96,388.0,389.0,389.0,19,30,0.7079647095185706
clean-calibration,96,388.0,389.0,389.0,20,23,0.6038223089898409
clean-calibration,96,388.0,389.0,389.0,20,30,0.977791608817647
clean-calibration,96,388.0,389.0,389.0,23,30,0.5041707339204481
clean-calibration,97,388.5,389.5,389.5,3,6,0.3403364335307485
clean-calibration,97,388.5,389.5,389.5,3,7,0.7366651544811673
clean-calibration,97,388.5,389.5,389.5,3,10,0.2681938188641436
clean-calibration,97,388.5,389.5,389.5,3,13,0.7737632587672298
clean-calibration,97,388.5,389.5,389.5,3,16,1.01126698640796
clean-calibration,97,388.5,389.5,389.5,3,19,2.007659364977955
clean-calibration,97,388.5,389.5,389.5,3,20,1.2882840064817966
clean-calibration,97,388.5,389.5,389.5,3,23,0.4181998339633598
clean-calibration,97,388.5,389.5,389.5,3,30,0.300840725727907
clean-calibration,97,388.5,389.5,389.5,6,7,0.6623226714680108
clean-calibration,97,388.5,389.5,389.5,6,10,0.708744571193243
clean-calibration,97,388.5,389.5,389.5,6,13,0.4182767064800892
clean-calibration,97,388.5,389.5,389.5,6,16,1.5218609333821482
clean-calibration,97,388.5,389.5,389.5,6,19,0.5495364464007411
clean-calibration,97,388.5,389.5,389.5,6,20,0.46557238884942054
clean-calibration,97,388.5,389.5,389.5,6,23,0.4334565595504706
clean-calibration,97,388.5,389.5,389.5,6,30,1.0898652613921345
clean-calibration,97,388.5,389.5,389.5,7,10,0.9515378534646632
clean-calibration,97,388.5,389.5,389.5,7,13,0.722115990076216
clean-calibration,97,388.5,389.5,389.5,7,16,1.1535379822933862
clean-calibration,97,388.5,389.5,389.5,7,19,0.932514484886638
clean-calibration,97,388.5,389.5,389.5,7,20,0.5018221008207373
clean-calibration,97,388.5,389.5,389.5,7,23,0.4510217135549574
clean-calibration,97,388.5,389.5,389.5,7,30,0.6341621837715471
clean-calibration,97,388.5,389.5,389.5,10,13,0.6891844455078106
clean-calibration,97,388.5,389.5,389.5,10,16,1.0597685216248138
clean-calibration,97,388.5,389.5,389.5,10,19,0.3303040187796674
clean-calibration,97,388.5,389.5,389.5,10,20,1.1015883869532745
clean-calibration,97,388.5,389.5,389.5,10,23,0.5024570683334109
clean-calibration,97,388.5,389.5,389.5,10,30,0.2169068840052295
clean-calibration,97,388.5,389.5,389.5,13,16,0.7238678547008017
clean-calibration,97,388.5,389.5,389.5,13,19,3.3596012780150266
clean-calibration,97,388.5,389.5,389.5,13,20,0.5112930873047065
clean-calibration,97,388.5,389.5,389.5,13,23,0.40725981157627655
clean-calibration,97,388.5,389.5,389.5,13,30,0.1692540413320945
clean-calibration,97,388.5,389.5,389.5,16,19,0.9258191521106435
clean-calibration,97,388.5,389.5,389.5,16,20,1.413576482755871
clean-calibration,97,388.5,389.5,389.5,16,23,0.4887165272385102
clean-calibration,97,388.5,389.5,389.5,16,30,0.9977956332597424
clean-calibration,97,388.5,389.5,389.5,19,20,0.5429723714004436
clean-calibration,97,388.5,389.5,389.5,19,23,0.41847843680482677
clean-calibration,97,388.5,389.5,389.5,19,30,0.7628906221235147
clean-calibration,97,388.5,389.5,389.5,20,23,0.6248339865350643
clean-calibration,97,388.5,389.5,389.5,20,30,0.9666126929705348
clean-calibration,97,388.5,389.5,389.5,23,30,0.917876682982963
clean-calibration,98,389.0,390.0,390.0,3,6,0.8466717859067036
clean-calibration,98,389.0,390.0,390.0,3,7,0.5324267986942164
clean-calibration,98,389.0,390.0,390.0,3,10,0.7178539775311458
clean-calibration,98,389.0,390.0,390.0,3,13,0.7764299081718231
clean-calibration,98,389.0,390.0,390.0,3,16,0.9280976241067271
clean-calibration,98,389.0,390.0,390.0,3,19,1.3883486922773973
clean-calibration,98,389.0,390.0,390.0,3,20,1.2056804199042503
clean-calibration,98,389.0,390.0,390.0,3,23,0.23459995836437852
clean-calibration,98,389.0,390.0,390.0,3,30,0.20290423529491924
clean-calibration,98,389.0,390.0,390.0,6,7,0.6384641108843253
clean-calibration,98,389.0,390.0,390.0,6,10,0.297428619655725
clean-calibration,98,389.0,390.0,390.0,6,13,1.0332928920500257
clean-calibration,98,389.0,390.0,390.0,6,16,0.9719184328697004
clean-calibration,98,389.0,390.0,390.0,6,19,0.7144898285977285
clean-calibration,98,389.0,390.0,390.0,6,20,0.31076375228809183
clean-calibration,98,389.0,390.0,390.0,6,23,0.6573689029073445
clean-calibration,98,389.0,390.0,390.0,6,30,0.7676976235686741
clean-calibration,98,389.0,390.0,390.0,7,10,1.4072275931051972
clean-calibration,98,389.0,390.0,390.0,7,13,0.5811951571317168
clean-calibration,98,389.0,390.0,390.0,7,16,1.489195406306265
clean-calibration,98,389.0,390.0,390.0,7,19,0.6427712997020054
clean-calibration,98,389.0,390.0,390.0,7,20,0.28586016614852444
clean-calibration,98,389.0,390.0,390.0,7,23,0.8673636715277286
clean-calibration,98,389.0,390.0,390.0,7,30,0.9055103285222692
clean-calibration,98,389.0,390.0,390.0,10,13,0.6257362450671857
clean-calibration,98,389.0,390.0,390.0,10,16,0.6290637264293091
clean-calibration,98,389.0,390.0,390.0,10,19,0.354499698997852
clean-calibration,98,389.0,390.0,390.0,10,20,0.34479064122037284
clean-calibration,98,389.0,390.0,390.0,10,23,0.5385362781789945
clean-calibration,98,389.0,390.0,390.0,10,30,0.25595240323302704
clean-calibration,98,389.0,390.0,390.0,13,16,0.19872879400598134
clean-calibration,98,389.0,390.0,390.0,13,19,1.76092027330755
clean-calibration,98,389.0,390.0,390.0,13,20,0.33054755486194165
clean-calibration,98,389.0,390.0,390.0,13,23,0.7395019860607617
clean-calibration,98,389.0,390.0,390.0,13,30,0.5470828280542934
clean-calibration,98,389.0,390.0,390.0,16,19,0.5210798451359324
clean-calibration,98,389.0,390.0,390.0,16,20,0.7238712542634744
clean-calibration,98,389.0,390.0,390.0,16,23,0.3675445217850767
clean-calibration,98,389.0,390.0,390.0,16,30,0.6950267744928706
clean-calibration,98,389.0,390.0,390.0,19,20,0.2965997386479594
clean-calibration,98,389.0,390.0,390.0,19,23,0.7756235617805076
clean-calibration,98,389.0,390.0,390.0,19,30,0.7797965945713428
clean-calibration,98,389.0,390.0,390.0,20,23,0.4161400757448409
clean-calibration,98,389.0,390.0,390.0,20,30,0.96040677397553
clean-calibration,98,389.0,390.0,390.0,23,30,0.21932720542578274
clean-calibration,99,389.5,390.5,390.5,3,6,0.7990003750967661
clean-calibration,99,389.5,390.5,390.5,3,7,0.9914249913371462
clean-calibration,99,389.5,390.5,390.5,3,10,0.34374590395663984
clean-calibration,99,389.5,390.5,390.5,3,13,0.5609935942307287
clean-calibration,99,389.5,390.5,390.5,3,16,0.37966303755848996
clean-calibration,99,389.5,390.5,390.5,3,19,1.232926868916094
clean-calibration,99,389.5,390.5,390.5,3,20,0.4996337801247138
clean-calibration,99,389.5,390.5,390.5,3,23,1.244166776428422
clean-calibration,99,389.5,390.5,390.5,3,30,0.2541103805156253
clean-calibration,99,389.5,390.5,390.5,6,7,0.507538783973492
clean-calibration,99,389.5,390.5,390.5,6,10,0.3884781739072254
clean-calibration,99,389.5,390.5,390.5,6,13,1.476919304833678
clean-calibration,99,389.5,390.5,390.5,6,16,1.0874464940308495
clean-calibration,99,389.5,390.5,390.5,6,19,0.9920623362895189
clean-calibration,99,389.5,390.5,390.5,6,20,1.2992903270656746
clean-calibration,99,389.5,390.5,390.5,6,23,0.35454354164626034
clean-calibration,99,389.5,390.5,390.5,6,30,0.6031038928377856
clean-calibration,99,389.5,390.5,390.5,7,10,2.3090775222901163
clean-calibration,99,389.5,390.5,390.5,7,13,0.7153688070613048
clean-calibration,99,389.5,390.5,390.5,7,16,1.06785241667131
clean-calibration,99,389.5,390.5,390.5,7,19,0.33955250837648526
clean-calibration,99,389.5,390.5,390.5,7,20,0.5675696302676132
clean-calibration,99,389.5,390.5,390.5,7,23,1.5477891091647793
clean-calibration,99,389.5,390.5,390.5,7,30,1.5340499537806185
clean-calibration,99,389.5,390.5,390.5,10,13,0.42630399578526923
clean-calibration,99,389.5,390.5,390.5,10,16,1.138437091528134
clean-calibration,99,389.5,390.5,390.5,10,19,0.8523574006789941
clean-calibration,99,389.5,390.5,390.5,10,20,0.761576311483085
clean-calibration,99,389.5,390.5,390.5,10,23,0.9510514194106723
clean-calibration,99,389.5,390.5,390.5,10,30,1.305777943690442
clean-calibration,99,389.5,390.5,390.5,13,16,0.9295161573325957
clean-calibration,99,389.5,390.5,390.5,13,19,1.8537686680390006
clean-calibration,99,389.5,390.5,390.5,13,20,1.1263807882874755
clean-calibration,99,389.5,390.5,390.5,13,23,0.43527842444339776
clean-calibration,99,389.5,390.5,390.5,13,30,0.12397116034033218
clean-calibration,99,389.5,390.5,390.5,16,19,0.6953673840973182
clean-calibration,99,389.5,390.5,390.5,16,20,0.2792734193094163
clean-calibration,99,389.5,390.5,390.5,16,23,0.5341969705357595
clean-calibration,99,389.5,390.5,390.5,16,30,0.4046878415275582
clean-calibration,99,389.5,390.5,390.5,19,20,0.7793206053092416
clean-calibration,99,389.5,390.5,390.5,19,23,1.7007891574422112
clean-calibration,99,389.5,390.5,390.5,19,30,0.5690153465258195
clean-calibration,99,389.5,390.5,390.5,20,23,0.28878662730619215
clean-calibration,99,389.5,390.5,390.5,20,30,0.6970800691991418
clean-calibration,99,389.5,390.5,390.5,23,30,1.5450873125730935
clean-calibration,100,390.0,391.0,391.0,3,6,0.3523557105612528
clean-calibration,100,390.0,391.0,391.0,3,7,1.06602585941125
clean-calibration,100,390.0,391.0,391.0,3,10,0.478762811685898
clean-calibration,100,390.0,391.0,391.0,3,13,0.3213491557119184
clean-calibration,100,390.0,391.0,391.0,3,16,0.49894988021687825
clean-calibration,100,390.0,391.0,391.0,3,19,1.207853023253767
clean-calibration,100,390.0,391.0,391.0,3,20,0.43925027844513514
clean-calibration,100,390.0,391.0,391.0,3,23,0.9069861033898308
clean-calibration,100,390.0,391.0,391.0,3,30,0.2925516881717045
clean-calibration,100,390.0,391.0,391.0,6,7,0.6466164217871271
clean-calibration,100,390.0,391.0,391.0,6,10,0.5387470511319569
clean-calibration,100,390.0,391.0,391.0,6,13,0.8199477622273568
clean-calibration,100,390.0,391.0,391.0,6,16,0.3998902495654067
clean-calibration,100,390.0,391.0,391.0,6,19,0.13421550385412467
clean-calibration,100,390.0,391.0,391.0,6,20,0.49220537066470904
clean-calibration,100,390.0,391.0,391.0,6,23,0.4914166513996223
clean-calibration,100,390.0,391.0,391.0,6,30,0.8187982030073325
clean-calibration,100,390.0,391.0,391.0,7,10,1.1995507725780783
clean-calibration,100,390.0,391.0,391.0,7,13,0.4504556494310865
clean-calibration,100,390.0,391.0,391.0,7,16,0.6920288079672874
clean-calibration,100,390.0,391.0,391.0,7,19,0.7012141240064617
clean-calibration,100,390.0,391.0,391.0,7,20,0.6321873590821389
clean-calibration,100,390.0,391.0,391.0,7,23,0.7273932063586033
clean-calibration,100,390.0,391.0,391.0,7,30,1.1602828360442419
clean-calibration,100,390.0,391.0,391.0,10,13,1.0751985334086753
clean-calibration,100,390.0,391.0,391.0,10,16,1.0819561062651606
clean-calibration,100,390.0,391.0,391.0,10,19,0.4783091551243513
clean-calibration,100,390.0,391.0,391.0,10,20,1.1671517525622899
clean-calibration,100,390.0,391.0,391.0,10,23,0.7202194556192729
clean-calibration,100,390.0,391.0,391.0,10,30,2.375890421001304
clean-calibration,100,390.0,391.0,391.0,13,16,0.2333037433273304
clean-calibration,100,390.0,391.0,391.0,13,19,2.3529356573033344
clean-calibration,100,390.0,391.0,391.0,13,20,0.5061154969800692
clean-calibration,100,390.0,391.0,391.0,13,23,0.2671534146084986
clean-calibration,100,390.0,391.0,391.0,13,30,0.9066234516242364
clean-calibration,100,390.0,391.0,391.0,16,19,0.5852461758802956
clean-calibration,100,390.0,391.0,391.0,16,20,0.403764391458109
clean-calibration,100,390.0,391.0,391.0,16,23,0.41914528564244236
clean-calibration,100,390.0,391.0,391.0,16,30,1.1427869907521642
clean-calibration,100,390.0,391.0,391.0,19,20,1.679946329039336
clean-calibration,100,390.0,391.0,391.0,19,23,0.8784847986276324
clean-calibration,100,390.0,391.0,391.0,19,30,0.22336901907137702
clean-calibration,100,390.0,391.0,391.0,20,23,0.6669576829186494
clean-calibration,100,390.0,391.0,391.0,20,30,0.7313978039153576
clean-calibration,100,390.0,391.0,391.0,23,30,1.2016620983090402
clean-calibration,101,390.5,391.5,391.5,3,6,0.25612729082043245
clean-calibration,101,390.5,391.5,391.5,3,7,0.4618512882908593
clean-calibration,101,390.5,391.5,391.5,3,10,1.077619326468822
clean-calibration,101,390.5,391.5,391.5,3,13,0.640936312100769
clean-calibration,101,390.5,391.5,391.5,3,16,0.530187954189113
clean-calibration,101,390.5,391.5,391.5,3,19,1.6367816112102358
clean-calibration,101,390.5,391.5,391.5,3,20,1.4911154497951844
clean-calibration,101,390.5,391.5,391.5,3,23,0.13335366911729712
clean-calibration,101,390.5,391.5,391.5,3,30,0.509556601138831
clean-calibration,101,390.5,391.5,391.5,6,7,1.5289699678711002
clean-calibration,101,390.5,391.5,391.5,6,10,0.6727333944485243
clean-calibration,101,390.5,391.5,391.5,6,13,0.386867823886117
clean-calibration,101,390.5,391.5,391.5,6,16,0.357710369573277
clean-calibration,101,390.5,391.5,391.5,6,19,0.2596492904537645
clean-calibration,101,390.5,391.5,391.5,6,20,0.3416976239366016
clean-calibration,101,390.5,391.5,391.5,6,23,0.2937999330789316
clean-calibration,101,390.5,391.5,391.5,6,30,0.6751894482829865
clean-calibration,101,390.5,391.5,391.5,7,10,0.13787940338122873
clean-calibration,101,390.5,391.5,391.5,7,13,0.4395895803275519
clean-calibration,101,390.5,391.5,391.5,7,16,0.7136228413487178
clean-calibration,101,390.5,391.5,391.5,7,19,1.0338731015920168
clean-calibration,101,390.5,391.5,391.5,7,20,0.2304535879221145
clean-calibration,101,390.5,391.5,391.5,7,23,1.0494983207293682
clean-calibration,101,390.5,391.5,391.5,7,30,0.47678191554947363
clean-calibration,101,390.5,391.5,391.5,10,13,1.4210919139223115
clean-calibration,101,390.5,391.5,391.5,10,16,0.2506751171628766
clean-calibration,101,390.5,391.5,391.5,10,19,0.5731460241409719
clean-calibration,101,390.5,391.5,391.5,10,20,0.9876768110824934
clean-calibration,101,390.5,391.5,391.5,10,23,1.0295860553599745
clean-calibration,101,390.5,391.5,391.5,10,30,2.525268796799711
clean-calibration,101,390.5,391.5,391.5,13,16,0.4342766507277565
clean-calibration,101,390.5,391.5,391.5,13,19,2.4588576258134993
clean-calibration,101,390.5,391.5,391.5,13,20,0.6824740112393876
clean-calibration,101,390.5,391.5,391.5,13,23,0.5364210894902817
clean-calibration,101,390.5,391.5,391.5,13,30,1.0636203893543996
clean-calibration,101,390.5,391.5,391.5,16,19,0.7242533526764477
clean-calibration,101,390.5,391.5,391.5,16,20,0.4700921858091104
clean-calibration,101,390.5,391.5,391.5,16,23,0.33734013844810246
clean-calibration,101,390.5,391.5,391.5,16,30,1.0400814424157918
clean-calibration,101,390.5,391.5,391.5,19,20,0.5386886508169777
clean-calibration,101,390.5,391.5,391.5,19,23,0.5510012904009606
clean-calibration,101,390.5,391.5,391.5,19,30,0.20526790186861485
clean-calibration,101,390.5,391.5,391.5,20,23,0.5348895340888933
clean-calibration,101,390.5,391.5,391.5,20,30,1.14739938185081
clean-calibration,101,390.5,391.5,391.5,23,30,0.67230479455617
clean-calibration,102,391.0,392.0,392.0,3,6,0.49876557943902233
clean-calibration,102,391.0,392.0,392.0,3,7,0.56196323182069
clean-calibration,102,391.0,392.0,392.0,3,10,1.329618889893779
clean-calibration,102,391.0,392.0,392.0,3,13,2.0316241317502057
clean-calibration,102,391.0,392.0,392.0,3,16,0.2900399006661532
clean-calibration,102,391.0,392.0,392.0,3,19,1.2017606656210402
clean-calibration,102,391.0,392.0,392.0,3,20,2.120797560353923
clean-calibration,102,391.0,392.0,392.0,3,23,0.12081491905920153
clean-calibration,102,391.0,392.0,392.0,3,30,0.20872510444032585
clean-calibration,102,391.0,392.0,392.0,6,7,1.6535358188623577
clean-calibration,102,391.0,392.0,392.0,6,10,1.5699511651832743
clean-calibration,102,391.0,392.0,392.0,6,13,0.13996944406752168
clean-calibration,102,391.0,392.0,392.0,6,16,0.2136764289819681
clean-calibration,102,391.0,392.0,392.0,6,19,0.5151870741642629
clean-calibration,102,391.0,392.0,392.0,6,20,0.31098758163619056
clean-calibration,102,391.0,392.0,392.0,6,23,0.2908722515345872
clean-calibration,102,391.0,392.0,392.0,6,30,0.3404285323673817
clean-calibration,102,391.0,392.0,392.0,7,10,0.5688128729309573
clean-calibration,102,391.0,392.0,392.0,7,13,0.5137028711348608
clean-calibration,102,391.0,392.0,392.0,7,16,1.0842058108232002
clean-calibration,102,391.0,392.0,392.0,7,19,0.8758621220685955
clean-calibration,102,391.0,392.0,392.0,7,20,0.32539088393365206
clean-calibration,102,391.0,392.0,392.0,7,23,0.25811566181184725
clean-calibration,102,391.0,392.0,392.0,7,30,0.39324777737997285
clean-calibration,102,391.0,392.0,392.0,10,13,0.29861156925717414
clean-calibration,102,391.0,392.0,392.0,10,16,0.6672156940383573
clean-calibration,102,391.0,392.0,392.0,10,19,0.9095137952301441
clean-calibration,102,391.0,392.0,392.0,10,20,1.3807697660028317
clean-calibration,102,391.0,392.0,392.0,10,23,0.44749303504204824
clean-calibration,102,391.0,392.0,392.0,10,30,1.0045765315259818
clean-calibration,102,391.0,392.0,392.0,13,16,0.3824319499143703
clean-calibration,102,391.0,392.0,392.0,13,19,2.425316527455655
clean-calibration,102,391.0,392.0,392.0,13,20,0.5651829525353446
clean-calibration,102,391.0,392.0,392.0,13,23,0.22941371799972657
clean-calibration,102,391.0,392.0,392.0,13,30,0.2521004592463419
clean-calibration,102,391.0,392.0,392.0,16,19,0.5845070384547755
clean-calibration,102,391.0,392.0,392.0,16,20,1.8855449327964557
clean-calibration,102,391.0,392.0,392.0,16,23,0.47178896715517665
clean-calibration,102,391.0,392.0,392.0,16,30,0.47452611523666877
clean-calibration,102,391.0,392.0,392.0,19,20,1.1682692676048703
clean-calibration,102,391.0,392.0,392.0,19,23,0.7975985829501726
clean-calibration,102,391.0,392.0,392.0,19,30,0.8230593063385496
clean-calibration,102,391.0,392.0,392.0,20,23,0.667235222908803
clean-calibration,102,391.0,392.0,392.0,20,30,1.2042247272674276
clean-calibration,102,391.0,392.0,392.0,23,30,0.267322219358735
clean-calibration,103,391.5,392.5,392.5,3,6,0.43250120677194337
clean-calibration,103,391.5,392.5,392.5,3,7,0.8742749517055597
clean-calibration,103,391.5,392.5,392.5,3,10,0.5316335071672219
clean-calibration,103,391.5,392.5,392.5,3,13,0.2868767003997278
clean-calibration,103,391.5,392.5,392.5,3,16,0.5532324067484207
clean-calibration,103,391.5,392.5,392.5,3,19,0.24630434626064668
clean-calibration,103,391.5,392.5,392.5,3,20,1.0520286504368637
clean-calibration,103,391.5,392.5,392.5,3,23,0.7592103895591817
clean-calibration,103,391.5,392.5,392.5,3,30,0.29412289406261083
clean-calibration,103,391.5,392.5,392.5,6,7,0.33156320563047725
clean-calibration,103,391.5,392.5,392.5,6,10,1.955219937673903
clean-calibration,103,391.5,392.5,392.5,6,13,0.10758909580588054
clean-calibration,103,391.5,392.5,392.5,6,16,0.4628909917435832
clean-calibration,103,391.5,392.5,392.5,6,19,0.9076059546652153
clean-calibration,103,391.5,392.5,392.5,6,20,0.38698394154907095
clean-calibration,103,391.5,392.5,392.5,6,23,0.706987475035947
clean-calibration,103,391.5,392.5,392.5,6,30,2.9031774680751417
clean-calibration,103,391.5,392.5,392.5,7,10,0.8313852924969531
clean-calibration,103,391.5,392.5,392.5,7,13,0.41001648100150356
clean-calibration,103,391.5,392.5,392.5,7,16,0.34744073966077216
clean-calibration,103,391.5,392.5,392.5,7,19,0.677206172016251
clean-calibration,103,391.5,392.5,392.5,7,20,0.35809160171050436
clean-calibration,103,391.5,392.5,392.5,7,23,0.7537402880224211
clean-calibration,103,391.5,392.5,392.5,7,30,1.174616025083386
clean-calibration,103,391.5,392.5,392.5,10,13,0.5342872622834701
clean-calibration,103,391.5,392.5,392.5,10,16,1.5518225123604859
clean-calibration,103,391.5,392.5,392.5,10,19,0.5340277103035123
clean-calibration,103,391.5,392.5,392.5,10,20,0.29385349786284637
clean-calibration,103,391.5,392.5,392.5,10,23,1.3596923640871015
clean-calibration,103,391.5,392.5,392.5,10,30,0.6753323955808018
clean-calibration,103,391.5,392.5,392.5,13,16,0.8487379342592606
clean-calibration,103,391.5,392.5,392.5,13,19,2.2601730313360004
clean-calibration,103,391.5,392.5,392.5,13,20,0.5373815992906825
clean-calibration,103,391.5,392.5,392.5,13,23,0.35301399083692786
clean-calibration,103,391.5,392.5,392.5,13,30,0.6381123168231921
clean-calibration,103,391.5,392.5,392.5,16,19,0.5116418106534798
clean-calibration,103,391.5,392.5,392.5,16,20,1.6367152676803154
clean-calibration,103,391.5,392.5,392.5,16,23,0.30076822856890295
clean-calibration,103,391.5,392.5,392.5,16,30,1.2550895880039845
clean-calibration,103,391.5,392.5,392.5,19,20,0.2776212656136429
clean-calibration,103,391.5,392.5,392.5,19,23,0.9505759297288645
clean-calibration,103,391.5,392.5,392.5,19,30,0.8734900712298208
clean-calibration,103,391.5,392.5,392.5,20,23,0.4133332123849696
clean-calibration,103,391.5,392.5,392.5,20,30,1.0158253731086107
clean-calibration,103,391.5,392.5,392.5,23,30,0.375797225983426
clean-calibration,104,392.0,393.0,393.0,3,6,0.18564757705122797
clean-calibration,104,392.0,393.0,393.0,3,7,0.6396261588285747
clean-calibration,104,392.0,393.0,393.0,3,10,1.0355547130255744
clean-calibration,104,392.0,393.0,393.0,3,13,0.5744427063297385
clean-calibration,104,392.0,393.0,393.0,3,16,0.7937195485571722
clean-calibration,104,392.0,393.0,393.0,3,19,1.5155348745946298
clean-calibration,104,392.0,393.0,393.0,3,20,0.8898231703511318
clean-calibration,104,392.0,393.0,393.0,3,23,0.511999097822479
clean-calibration,104,392.0,393.0,393.0,3,30,1.1243022194523007
clean-calibration,104,392.0,393.0,393.0,6,7,0.6530026666344918
clean-calibration,104,392.0,393.0,393.0,6,10,0.7584562874702193
clean-calibration,104,392.0,393.0,393.0,6,13,0.3532449806388517
clean-calibration,104,392.0,393.0,393.0,6,16,0.36721045386275886
clean-calibration,104,392.0,393.0,393.0,6,19,0.8116363980209643
clean-calibration,104,392.0,393.0,393.0,6,20,0.7523274688139938
clean-calibration,104,392.0,393.0,393.0,6,23,0.6977047490351643
clean-calibration,104,392.0,393.0,393.0,6,30,2.2726762127453255
clean-calibration,104,392.0,393.0,393.0,7,10,0.7032714914391708
clean-calibration,104,392.0,393.0,393.0,7,13,0.44326524788041477
clean-calibration,104,392.0,393.0,393.0,7,16,0.5636331965819817
clean-calibration,104,392.0,393.0,393.0,7,19,0.5537471190957923
clean-calibration,104,392.0,393.0,393.0,7,20,0.5739254564099963
clean-calibration,104,392.0,393.0,393.0,7,23,1.82751428357355
clean-calibration,104,392.0,393.0,393.0,7,30,0.25119232600347363
clean-calibration,104,392.0,393.0,393.0,10,13,0.6640617134351698
clean-calibration,104,392.0,393.0,393.0,10,16,0.5541288199984432
clean-calibration,104,392.0,393.0,393.0,10,19,0.987548554217564
clean-calibration,104,392.0,393.0,393.0,10,20,0.29248709550760604
clean-calibration,104,392.0,393.0,393.0,10,23,0.5137531783031284
clean-calibration,104,392.0,393.0,393.0,10,30,1.2497562629158654
clean-calibration,104,392.0,393.0,393.0,13,16,0.7441343061254716
clean-calibration,104,392.0,393.0,393.0,13,19,2.5095263450862015
clean-calibration,104,392.0,393.0,393.0,13,20,0.23727071446172704
clean-calibration,104,392.0,393.0,393.0,13,23,0.43623701886415506
clean-calibration,104,392.0,393.0,393.0,13,30,0.16807904716016706
clean-calibration,104,392.0,393.0,393.0,16,19,0.37649973370829903
clean-calibration,104,392.0,393.0,393.0,16,20,0.6498340360620593
clean-calibration,104,392.0,393.0,393.0,16,23,0.34462993538772524
clean-calibration,104,392.0,393.0,393.0,16,30,0.2022919210840401
clean-calibration,104,392.0,393.0,393.0,19,20,0.2193758821749631
clean-calibration,104,392.0,393.0,393.0,19,23,0.5219858239523716
clean-calibration,104,392.0,393.0,393.0,19,30,0.09822456672066612
clean-calibration,104,392.0,393.0,393.0,20,23,0.5381678905315112
clean-calibration,104,392.0,393.0,393.0,20,30,0.9126925013493024
clean-calibration,104,392.0,393.0,393.0,23,30,1.0938071263661902
clean-calibration,105,392.5,393.5,393.5,3,6,1.0747878334834389
clean-calibration,105,392.5,393.5,393.5,3,7,0.9724083615262265
clean-calibration,105,392.5,393.5,393.5,3,10,1.259842383076357
clean-calibration,105,392.5,393.5,393.5,3,13,0.5912359749674457
clean-calibration,105,392.5,393.5,393.5,3,16,0.3177384875797893
clean-calibration,105,392.5,393.5,393.5,3,19,1.4691768116207862
clean-calibration,105,392.5,393.5,393.5,3,20,0.3002201408627764
clean-calibration,105,392.5,393.5,393.5,3,23,0.7128447416176799
clean-calibration,105,392.5,393.5,393.5,3,30,0.6013356932408661
clean-calibration,105,392.5,393.5,393.5,6,7,1.285717521692305
clean-calibration,105,392.5,393.5,393.5,6,10,0.35776696994731594
clean-calibration,105,392.5,393.5,393.5,6,13,0.46761012704303917
clean-calibration,105,392.5,393.5,393.5,6,16,0.26205296034648634
clean-calibration,105,392.5,393.5,393.5,6,19,0.29221508641139515
clean-calibration,105,392.5,393.5,393.5,6,20,0.725111544923713
clean-calibration,105,392.5,393.5,393.5,6,23,0.7592327443622857
clean-calibration,105,392.5,393.5,393.5,6,30,2.113521205504535
clean-calibration,105,392.5,393.5,393.5,7,10,0.41894723030640846
clean-calibration,105,392.5,393.5,393.5,7,13,0.9519744593526399
clean-calibration,105,392.5,393.5,393.5,7,16,0.919518487512175
clean-calibration,105,392.5,393.5,393.5,7,19,0.43090837174433094
clean-calibration,105,392.5,393.5,393.5,7,20,0.536914654995645
clean-calibration,105,392.5,393.5,393.5,7,23,0.3120340669559108
clean-calibration,105,392.5,393.5,393.5,7,30,1.5946600119093972
clean-calibration,105,392.5,393.5,393.5,10,13,0.5528505892835108
clean-calibration,105,392.5,393.5,393.5,10,16,0.20820879704447387
clean-calibration,105,392.5,393.5,393.5,10,19,1.2269661451187568
clean-calibration,105,392.5,393.5,393.5,10,20,0.8085346482634659
clean-calibration,105,392.5,393.5,393.5,10,23,0.8087639355287906
clean-calibration,105,392.5,393.5,393.5,10,30,1.0125496986313753
clean-calibration,105,392.5,393.5,393.5,13,16,0.7122346628818378
clean-calibration,105,392.5,393.5,393.5,13,19,2.007556216027403
clean-calibration,105,392.5,393.5,393.5,13,20,0.09325934078920098
clean-calibration,105,392.5,393.5,393.5,13,23,0.35678979141024686
clean-calibration,105,392.5,393.5,393.5,13,30,0.24310139536111003
clean-calibration,105,392.5,393.5,393.5,16,19,0.30639136397186134
clean-calibration,105,392.5,393.5,393.5,16,20,0.4277727832287437
clean-calibration,105,392.5,393.5,393.5,16,23,0.5086196677063098
clean-calibration,105,392.5,393.5,393.5,16,30,0.5763963416643203
clean-calibration,105,392.5,393.5,393.5,19,20,0.3189437834885284
clean-calibration,105,392.5,393.5,393.5,19,23,0.9317006540037532
clean-calibration,105,392.5,393.5,393.5,19,30,0.39579018825156803
clean-calibration,105,392.5,393.5,393.5,20,23,0.20208855583355775
clean-calibration,105,392.5,393.5,393.5,20,30,1.1840396183505153
clean-calibration,105,392.5,393.5,393.5,23,30,1.051787972075315
clean-calibration,106,393.0,394.0,394.0,3,6,0.9418546134342576
clean-calibration,106,393.0,394.0,394.0,3,7,0.5228420026793817
clean-calibration,106,393.0,394.0,394.0,3,10,0.605065114076611
clean-calibration,106,393.0,394.0,394.0,3,13,0.20266957805678248
clean-calibration,106,393.0,394.0,394.0,3,16,0.7378277594403404
clean-calibration,106,393.0,394.0,394.0,3,19,0.4658103849384189
clean-calibration,106,393.0,394.0,394.0,3,20,0.7104386119790176
clean-calibration,106,393.0,394.0,394.0,3,23,0.20974183060435614
clean-calibration,106,393.0,394.0,394.0,3,30,0.16177267601901268
clean-calibration,106,393.0,394.0,394.0,6,7,1.5074818146871276
clean-calibration,106,393.0,394.0,394.0,6,10,0.259388029451856
clean-calibration,106,393.0,394.0,394.0,6,13,0.6805262991606325
clean-calibration,106,393.0,394.0,394.0,6,16,0.6798367152570444
clean-calibration,106,393.0,394.0,394.0,6,19,0.2739635717907187
clean-calibration,106,393.0,394.0,394.0,6,20,0.3604641830636165
clean-calibration,106,393.0,394.0,394.0,6,23,0.5165020938401699
clean-calibration,106,393.0,394.0,394.0,6,30,2.05202839880823
clean-calibration,106,393.0,394.0,394.0,7,10,2.6407048008888383
clean-calibration,106,393.0,394.0,394.0,7,13,1.3380484790018163
clean-calibration,106,393.0,394.0,394.0,7,16,0.13769710411740446
clean-calibration,106,393.0,394.0,394.0,7,19,0.8199461778494511
clean-calibration,106,393.0,394.0,394.0,7,20,0.20279649583906584
clean-calibration,106,393.0,394.0,394.0,7,23,0.576869252005757
clean-calibration,106,393.0,394.0,394.0,7,30,0.3811411104317778
clean-calibration,106,393.0,394.0,394.0,10,13,0.2634128204284466
clean-calibration,106,393.0,394.0,394.0,10,16,0.1041978413462425
clean-calibration,106,393.0,394.0,394.0,10,19,1.252853699071582
clean-calibration,106,393.0,394.0,394.0,10,20,0.6568261513655169
clean-calibration,106,393.0,394.0,394.0,10,23,1.2955269413076418
clean-calibration,106,393.0,394.0,394.0,10,30,0.21626441506892635
clean-calibration,106,393.0,394.0,394.0,13,16,0.3841762090110171
clean-calibration,106,393.0,394.0,394.0,13,19,1.6827724859767013
clean-calibration,106,393.0,394.0,394.0,13,20,0.24578686864212168
clean-calibration,106,393.0,394.0,394.0,13,23,0.8595164594245815
clean-calibration,106,393.0,394.0,394.0,13,30,0.5823639426676387
clean-calibration,106,393.0,394.0,394.0,16,19,1.3444871992916894
clean-calibration,106,393.0,394.0,394.0,16,20,0.7967718373360082
clean-calibration,106,393.0,394.0,394.0,16,23,0.15153380491698326
clean-calibration,106,393.0,394.0,394.0,16,30,0.6306267022889347
clean-calibration,106,393.0,394.0,394.0,19,20,0.5359003739255683
clean-calibration,106,393.0,394.0,394.0,19,23,0.3086209042336695
clean-calibration,106,393.0,394.0,394.0,19,30,0.28200455120733064
clean-calibration,106,393.0,394.0,394.0,20,23,0.32600993208824736
clean-calibration,106,393.0,394.0,394.0,20,30,0.7364202402592818
clean-calibration,106,393.0,394.0,394.0,23,30,0.7507868196822195
clean-calibration,107,393.5,394.5,394.5,3,6,0.9627863971149336
clean-calibration,107,393.5,394.5,394.5,3,7,0.3448760140954408
clean-calibration,107,393.5,394.5,394.5,3,10,0.4649996052775724
clean-calibration,107,393.5,394.5,394.5,3,13,0.4937204305235957
clean-calibration,107,393.5,394.5,394.5,3,16,1.3756753989835366
clean-calibration,107,393.5,394.5,394.5,3,19,0.4598830234948263
clean-calibration,107,393.5,394.5,394.5,3,20,1.137272987576866
clean-calibration,107,393.5,394.5,394.5,3,23,0.08759258366546138
clean-calibration,107,393.5,394.5,394.5,3,30,0.19791469970064596
clean-calibration,107,393.5,394.5,394.5,6,7,1.2919882936681861
clean-calibration,107,393.5,394.5,394.5,6,10,0.3033386124837131
clean-calibration,107,393.5,394.5,394.5,6,13,0.45488719992019033
clean-calibration,107,393.5,394.5,394.5,6,16,0.7016837876249893
clean-calibration,107,393.5,394.5,394.5,6,19,1.039821987789398
clean-calibration,107,393.5,394.5,394.5,6,20,0.3543719870504168
clean-calibration,107,393.5,394.5,394.5,6,23,0.5876499053571603
clean-calibration,107,393.5,394.5,394.5,6,30,0.3903574083431395
clean-calibration,107,393.5,394.5,394.5,7,10,2.33936815456031
clean-calibration,107,393.5,394.5,394.5,7,13,0.4264095861122552
clean-calibration,107,393.5,394.5,394.5,7,16,0.17694319612102227
clean-calibration,107,393.5,394.5,394.5,7,19,0.27942475698814817
clean-calibration,107,393.5,394.5,394.5,7,20,0.6352686500145692
clean-calibration,107,393.5,394.5,394.5,7,23,0.8174104248175584
clean-calibration,107,393.5,394.5,394.5,7,30,0.8434694900750056
clean-calibration,107,393.5,394.5,394.5,10,13,0.206525819621134
clean-calibration,107,393.5,394.5,394.5,10,16,1.0713967825353472
clean-calibration,107,393.5,394.5,394.5,10,19,1.0393590187988393
clean-calibration,107,393.5,394.5,394.5,10,20,0.3690219957845663
clean-calibration,107,393.5,394.5,394.5,10,23,0.5861025480483857
clean-calibration,107,393.5,394.5,394.5,10,30,0.7918428605474189
clean-calibration,107,393.5,394.5,394.5,13,16,0.594060222252136
clean-calibration,107,393.5,394.5,394.5,13,19,3.046050459797047
clean-calibration,107,393.5,394.5,394.5,13,20,0.08535571239304257
clean-calibration,107,393.5,394.5,394.5,13,23,0.911706621098956
clean-calibration,107,393.5,394.5,394.5,13,30,1.1359430267933646
clean-calibration,107,393.5,394.5,394.5,16,19,0.5467591766712011
clean-calibration,107,393.5,394.5,394.5,16,20,0.6076456207845276
clean-calibration,107,393.5,394.5,394.5,16,23,0.4358479490956088
clean-calibration,107,393.5,394.5,394.5,16,30,0.4910851373184624
clean-calibration,107,393.5,394.5,394.5,19,20,0.20131304219691487
clean-calibration,107,393.5,394.5,394.5,19,23,0.529504797546878
clean-calibration,107,393.5,394.5,394.5,19,30,0.45564329853446034
clean-calibration,107,393.5,394.5,394.5,20,23,0.7474230622882162
clean-calibration,107,393.5,394.5,394.5,20,30,2.3996496752494414
clean-calibration,107,393.5,394.5,394.5,23,30,0.9438890339377366
clean-calibration,108,394.0,395.0,395.0,3,6,0.42946450248740886
clean-calibration,108,394.0,395.0,395.0,3,7,1.1197646855001244
clean-calibration,108,394.0,395.0,395.0,3,10,0.3385846270235239
clean-calibration,108,394.0,395.0,395.0,3,13,0.39235749385474594
clean-calibration,108,394.0,395.0,395.0,3,16,2.357305502977675
clean-calibration,108,394.0,395.0,395.0,3,19,0.33114053250985914
clean-calibration,108,394.0,395.0,395.0,3,20,0.5002350946604899
clean-calibration,108,394.0,395.0,395.0,3,23,0.5654809430824915
clean-calibration,108,394.0,395.0,395.0,3,30,0.7543129164285616
clean-calibration,108,394.0,395.0,395.0,6,7,1.0345730764352614
clean-calibration,108,394.0,395.0,395.0,6,10,0.827865985165713
clean-calibration,108,394.0,395.0,395.0,6,13,0.5326585585547233
clean-calibration,108,394.0,395.0,395.0,6,16,0.34386568223948866
clean-calibration,108,394.0,395.0,395.0,6,19,0.5374283410902463
clean-calibration,108,394.0,395.0,395.0,6,20,0.4679858515978802
clean-calibration,108,394.0,395.0,395.0,6,23,0.4297202954561251
clean-calibration,108,394.0,395.0,395.0,6,30,0.8845718368043624
clean-calibration,108,394.0,395.0,395.0,7,10,0.5222750837671167
clean-calibration,108,394.0,395.0,395.0,7,13,0.565955070494995
clean-calibration,108,394.0,395.0,395.0,7,16,0.7121574365453079
clean-calibration,108,394.0,395.0,395.0,7,19,0.7995172063525104
clean-calibration,108,394.0,395.0,395.0,7,20,0.5377825726861574
clean-calibration,108,394.0,395.0,395.0,7,23,0.5360244823727184
clean-calibration,108,394.0,395.0,395.0,7,30,0.7043301674675861
clean-calibration,108,394.0,395.0,395.0,10,13,1.5296236893300434
clean-calibration,108,394.0,395.0,395.0,10,16,0.42610499141122027
clean-calibration,108,394.0,395.0,395.0,10,19,0.7530486179404987
clean-calibration,108,394.0,395.0,395.0,10,20,0.712740305956898
clean-calibration,108,394.0,395.0,395.0,10,23,0.554432900466124
clean-calibration,108,394.0,395.0,395.0,10,30,0.47741402539267275
clean-calibration,108,394.0,395.0,395.0,13,16,0.32055479008805854
clean-calibration,108,394.0,395.0,395.0,13,19,2.1382759181213085
clean-calibration,108,394.0,395.0,395.0,13,20,0.2470715873777734
clean-calibration,108,394.0,395.0,395.0,13,23,3.0827316360715886
clean-calibration,108,394.0,395.0,395.0,13,30,0.4811419388010704
clean-calibration,108,394.0,395.0,395.0,16,19,0.6185226724372727
clean-calibration,108,394.0,395.0,395.0,16,20,0.6525182118089277
clean-calibration,108,394.0,395.0,395.0,16,23,0.3745907858999867
clean-calibration,108,394.0,395.0,395.0,16,30,0.4152118054398626
clean-calibration,108,394.0,395.0,395.0,19,20,0.8417739417119584
clean-calibration,108,394.0,395.0,395.0,19,23,0.41997911304483904
clean-calibration,108,394.0,395.0,395.0,19,30,1.0573353125723877
clean-calibration,108,394.0,395.0,395.0,20,23,0.4070211799590342
clean-calibration,108,394.0,395.0,395.0,20,30,3.7159366681775077
clean-calibration,108,394.0,395.0,395.0,23,30,0.8947618620260867
clean-calibration,109,394.5,395.5,395.5,3,6,0.36254805891443087
clean-calibration,109,394.5,395.5,395.5,3,7,0.9348979738008824
clean-calibration,109,394.5,395.5,395.5,3,10,0.30620796159309
clean-calibration,109,394.5,395.5,395.5,3,13,0.32660059151223153
clean-calibration,109,394.5,395.5,395.5,3,16,0.5801405700070641
clean-calibration,109,394.5,395.5,395.5,3,19,0.42605515569477437
clean-calibration,109,394.5,395.5,395.5,3,20,0.393176762188688
clean-calibration,109,394.5,395.5,395.5,3,23,1.5282765957107745
clean-calibration,109,394.5,395.5,395.5,3,30,0.32322826622096684
clean-calibration,109,394.5,395.5,395.5,6,7,1.2625652730012065
clean-calibration,109,394.5,395.5,395.5,6,10,0.4009337585166099
clean-calibration,109,394.5,395.5,395.5,6,13,0.4571604818463727
clean-calibration,109,394.5,395.5,395.5,6,16,0.47919268395695863
clean-calibration,109,394.5,395.5,395.5,6,19,0.4338188333602961
clean-calibration,109,394.5,395.5,395.5,6,20,0.6467721084836635
clean-calibration,109,394.5,395.5,395.5,6,23,0.6285186344851532
clean-calibration,109,394.5,395.5,395.5,6,30,0.4726638644458906
clean-calibration,109,394.5,395.5,395.5,7,10,1.0747799092030461
clean-calibration,109,394.5,395.5,395.5,7,13,0.23691806550467795
clean-calibration,109,394.5,395.5,395.5,7,16,0.9982397921242289
clean-calibration,109,394.5,395.5,395.5,7,19,0.26274739292803534
clean-calibration,109,394.5,395.5,395.5,7,20,0.7640007027925905
clean-calibration,109,394.5,395.5,395.5,7,23,0.47949817675355144
clean-calibration,109,394.5,395.5,395.5,7,30,0.5220142136143205
clean-calibration,109,394.5,395.5,395.5,10,13,1.0019134629341415
clean-calibration,109,394.5,395.5,395.5,10,16,0.726162073538176
clean-calibration,109,394.5,395.5,395.5,10,19,0.756084173790952
clean-calibration,109,394.5,395.5,395.5,10,20,0.6895462570277734
clean-calibration,109,394.5,395.5,395.5,10,23,0.5479779135177586
clean-calibration,109,394.5,395.5,395.5,10,30,0.06896827810321585
clean-calibration,109,394.5,395.5,395.5,13,16,0.29022114013947
clean-calibration,109,394.5,395.5,395.5,13,19,2.4403195735220597
clean-calibration,109,394.5,395.5,395.5,13,20,0.12971129732389738
clean-calibration,109,394.5,395.5,395.5,13,23,1.5809274450770112
clean-calibration,109,394.5,395.5,395.5,13,30,0.2970872438295618
clean-calibration,109,394.5,395.5,395.5,16,19,0.6689027138488655
clean-calibration,109,394.5,395.5,395.5,16,20,1.2541041041764092
clean-calibration,109,394.5,395.5,395.5,16,23,0.5089111373530636
clean-calibration,109,394.5,395.5,395.5,16,30,0.6207578189524077
clean-calibration,109,394.5,395.5,395.5,19,20,0.6675587114866464
clean-calibration,109,394.5,395.5,395.5,19,23,0.24881694931599557
clean-calibration,109,394.5,395.5,395.5,19,30,1.08362510369136
clean-calibration,109,394.5,395.5,395.5,20,23,0.6260490857966416
clean-calibration,109,394.5,395.5,395.5,20,30,0.6908900756610235
clean-calibration,109,394.5,395.5,395.5,23,30,2.34784803188938
clean-calibration,110,395.0,396.0,396.0,3,6,0.7062706946143885
clean-calibration,110,395.0,396.0,396.0,3,7,0.9611179082198097
clean-calibration,110,395.0,396.0,396.0,3,10,0.4806112098494518
clean-calibration,110,395.0,396.0,396.0,3,13,1.5629724495715123
clean-calibration,110,395.0,396.0,396.0,3,16,1.0412991769810132
clean-calibration,110,395.0,396.0,396.0,3,19,1.80050185995848
clean-calibration,110,395.0,396.0,396.0,3,20,0.41315079448833547
clean-calibration,110,395.0,396.0,396.0,3,23,1.4953920285326743
clean-calibration,110,395.0,396.0,396.0,3,30,0.13013486945299318
clean-calibration,110,395.0,396.0,396.0,6,7,1.9913705778580066
clean-calibration,110,395.0,396.0,396.0,6,10,0.8334872368801189
clean-calibration,110,395.0,396.0,396.0,6,13,0.656364387110923
clean-calibration,110,395.0,396.0,396.0,6,16,0.6088480745687056
clean-calibration,110,395.0,396.0,396.0,6,19,0.3523698596017502
clean-calibration,110,395.0,396.0,396.0,6,20,0.8950543403860353
clean-calibration,110,395.0,396.0,396.0,6,23,0.34734916071391647
clean-calibration,110,395.0,396.0,396.0,6,30,0.8181033745281701
clean-calibration,110,395.0,396.0,396.0,7,10,0.5570947203965367
clean-calibration,110,395.0,396.0,396.0,7,13,0.5171778356502844
clean-calibration,110,395.0,396.0,396.0,7,16,0.46847184089367194
clean-calibration,110,395.0,396.0,396.0,7,19,0.4658463605616265
clean-calibration,110,395.0,396.0,396.0,7,20,0.24857677645128257
clean-calibration,110,395.0,396.0,396.0,7,23,0.35778917705150887
clean-calibration,110,395.0,396.0,396.0,7,30,0.8735659197898606
clean-calibration,110,395.0,396.0,396.0,10,13,0.5948440534675341
clean-calibration,110,395.0,396.0,396.0,10,16,0.5069894937049145
clean-calibration,110,395.0,396.0,396.0,10,19,1.2026074348259264
clean-calibration,110,395.0,396.0,396.0,10,20,0.7512703976293588
clean-calibration,110,395.0,396.0,396.0,10,23,0.560114380206397
clean-calibration,110,395.0,396.0,396.0,10,30,0.05835651078614516
clean-calibration,110,395.0,396.0,396.0,13,16,0.4855256901224892
clean-calibration,110,395.0,396.0,396.0,13,19,2.155696646127797
clean-calibration,110,395.0,396.0,396.0,13,20,0.9357908489276836
clean-calibration,110,395.0,396.0,396.0,13,23,0.3901490750070252
clean-calibration,110,395.0,396.0,396.0,13,30,0.3324234317301594
clean-calibration,110,395.0,396.0,396.0,16,19,0.3996448643979425
clean-calibration,110,395.0,396.0,396.0,16,20,1.660924222225621
clean-calibration,110,395.0,396.0,396.0,16,23,0.6124569730663959
clean-calibration,110,395.0,396.0,396.0,16,30,1.6763792437075025
clean-calibration,110,395.0,396.0,396.0,19,20,0.5157043389506029
clean-calibration,110,395.0,396.0,396.0,19,23,0.1589354846183652
clean-calibration,110,395.0,396.0,396.0,19,30,0.6644199881509011
clean-calibration,110,395.0,396.0,396.0,20,23,0.3724215788288011
clean-calibration,110,395.0,396.0,396.0,20,30,1.197138136392622
clean-calibration,110,395.0,396.0,396.0,23,30,0.6356013712954127
clean-calibration,111,395.5,396.5,396.5,3,6,0.2957430143668098
clean-calibration,111,395.5,396.5,396.5,3,7,1.0247744090789719
clean-calibration,111,395.5,396.5,396.5,3,10,1.4537871641120386
clean-calibration,111,395.5,396.5,396.5,3,13,0.8731541684693683
clean-calibration,111,395.5,396.5,396.5,3,16,0.632154619660216
clean-calibration,111,395.5,396.5,396.5,3,19,1.0018461285295892
clean-calibration,111,395.5,396.5,396.5,3,20,0.37215720650094797
clean-calibration,111,395.5,396.5,396.5,3,23,1.1794088005666268
clean-calibration,111,395.5,396.5,396.5,3,30,0.5136793937952243
clean-calibration,111,395.5,396.5,396.5,6,7,0.3756708405521442
clean-calibration,111,395.5,396.5,396.5,6,10,0.22158055392561563
clean-calibration,111,395.5,396.5,396.5,6,13,0.20872100429150203
clean-calibration,111,395.5,396.5,396.5,6,16,1.0687518474655378
clean-calibration,111,395.5,396.5,396.5,6,19,0.4920885229525701
clean-calibration,111,395.5,396.5,396.5,6,20,0.39312418630970275
clean-calibration,111,395.5,396.5,396.5,6,23,0.6784068038286016
clean-calibration,111,395.5,396.5,396.5,6,30,0.26071909864238724
clean-calibration,111,395.5,396.5,396.5,7,10,0.5151141183011738
clean-calibration,111,395.5,396.5,396.5,7,13,0.6101206963148289
clean-calibration,111,395.5,396.5,396.5,7,16,0.4932173452030234
clean-calibration,111,395.5,396.5,396.5,7,19,0.43504098224713206
clean-calibration,111,395.5,396.5,396.5,7,20,1.0900945455887334
clean-calibration,111,395.5,396.5,396.5,7,23,1.0230582736259393
clean-calibration,111,395.5,396.5,396.5,7,30,0.6795792886993818
clean-calibration,111,395.5,396.5,396.5,10,13,0.2693784580510298
clean-calibration,111,395.5,396.5,396.5,10,16,0.9389919383598174
clean-calibration,111,395.5,396.5,396.5,10,19,0.6620483206557877
clean-calibration,111,395.5,396.5,396.5,10,20,0.435087975637156
clean-calibration,111,395.5,396.5,396.5,10,23,0.32516296681458334
clean-calibration,111,395.5,396.5,396.5,10,30,0.2396497188768209
clean-calibration,111,395.5,396.5,396.5,13,16,0.3330947871808224
clean-calibration,111,395.5,396.5,396.5,13,19,2.0807214939918324
clean-calibration,111,395.5,396.5,396.5,13,20,0.4459284195118916
clean-calibration,111,395.5,396.5,396.5,13,23,1.5259533577120108
clean-calibration,111,395.5,396.5,396.5,13,30,0.2760296683649711
clean-calibration,111,395.5,396.5,396.5,16,19,0.6342323638742551
clean-calibration,111,395.5,396.5,396.5,16,20,0.5903676827158114
clean-calibration,111,395.5,396.5,396.5,16,23,0.32538953702402207
clean-calibration,111,395.5,396.5,396.5,16,30,0.9294815005647858
clean-calibration,111,395.5,396.5,396.5,19,20,0.6236317862572115
clean-calibration,111,395.5,396.5,396.5,19,23,0.42284688712306345
clean-calibration,111,395.5,396.5,396.5,19,30,0.3859724499134015
clean-calibration,111,395.5,396.5,396.5,20,23,0.12801088134558808
clean-calibration,111,395.5,396.5,396.5,20,30,1.3186226706687791
clean-calibration,111,395.5,396.5,396.5,23,30,0.5253965248560213
clean-calibration,112,396.0,397.0,397.0,3,6,0.5171068317398314
clean-calibration,112,396.0,397.0,397.0,3,7,0.3883164761340507
clean-calibration,112,396.0,397.0,397.0,3,10,0.45464027396148926
clean-calibration,112,396.0,397.0,397.0,3,13,0.18325997477077313
clean-calibration,112,396.0,397.0,397.0,3,16,0.9185368432006132
clean-calibration,112,396.0,397.0,397.0,3,19,0.3080345659066362
clean-calibration,112,396.0,397.0,397.0,3,20,0.7793473782832678
clean-calibration,112,396.0,397.0,397.0,3,23,0.5970528749916925
clean-calibration,112,396.0,397.0,397.0,3,30,0.5379507491534807
clean-calibration,112,396.0,397.0,397.0,6,7,0.40288427627797596
clean-calibration,112,396.0,397.0,397.0,6,10,0.28609844613841273
clean-calibration,112,396.0,397.0,397.0,6,13,0.1361791593238492
clean-calibration,112,396.0,397.0,397.0,6,16,0.9442084012227902
clean-calibration,112,396.0,397.0,397.0,6,19,0.25127296891754397
clean-calibration,112,396.0,397.0,397.0,6,20,0.2675493963512798
clean-calibration,112,396.0,397.0,397.0,6,23,0.7381583126545893
clean-calibration,112,396.0,397.0,397.0,6,30,0.18522165609812105
clean-calibration,112,396.0,397.0,397.0,7,10,0.49334209579207916
clean-calibration,112,396.0,397.0,397.0,7,13,0.31820968587774706
clean-calibration,112,396.0,397.0,397.0,7,16,0.36254243484487275
clean-calibration,112,396.0,397.0,397.0,7,19,0.2342665800293991
clean-calibration,112,396.0,397.0,397.0,7,20,0.5691221197983265
clean-calibration,112,396.0,397.0,397.0,7,23,0.6809704901768238
clean-calibration,112,396.0,397.0,397.0,7,30,0.6009393729526094
clean-calibration,112,396.0,397.0,397.0,10,13,0.6155746294603535
clean-calibration,112,396.0,397.0,397.0,10,16,0.307976996707117
clean-calibration,112,396.0,397.0,397.0,10,19,0.987576613027153
clean-calibration,112,396.0,397.0,397.0,10,20,0.5411172599418619
clean-calibration,112,396.0,397.0,397.0,10,23,0.4741040646404149
clean-calibration,112,396.0,397.0,397.0,10,30,0.3926809686611995
clean-calibration,112,396.0,397.0,397.0,13,16,1.2479689085637422
clean-calibration,112,396.0,397.0,397.0,13,19,1.824431926494857
clean-calibration,112,396.0,397.0,397.0,13,20,0.2715414290977262
clean-calibration,112,396.0,397.0,397.0,13,23,0.6448374075358909
clean-calibration,112,396.0,397.0,397.0,13,30,0.32296024706742577
clean-calibration,112,396.0,397.0,397.0,16,19,0.5992323106779827
clean-calibration,112,396.0,397.0,397.0,16,20,1.3043599728206108
clean-calibration,112,396.0,397.0,397.0,16,23,0.39280201032069995
clean-calibration,112,396.0,397.0,397.0,16,30,0.5643714942056062
clean-calibration,112,396.0,397.0,397.0,19,20,1.0571942661721976
clean-calibration,112,396.0,397.0,397.0,19,23,1.4126834522937477
clean-calibration,112,396.0,397.0,397.0,19,30,0.8094227764854225
clean-calibration,112,396.0,397.0,397.0,20,23,1.2805210747796685
clean-calibration,112,396.0,397.0,397.0,20,30,1.116490891320622
clean-calibration,112,396.0,397.0,397.0,23,30,0.14615044157313448
clean-calibration,113,396.5,397.5,397.5,3,6,0.3637744722667051
clean-calibration,113,396.5,397.5,397.5,3,7,0.4880003381138551
clean-calibration,113,396.5,397.5,397.5,3,10,0.8888761843138487
clean-calibration,113,396.5,397.5,397.5,3,13,1.0696977113736867
clean-calibration,113,396.5,397.5,397.5,3,16,0.617085862652333
clean-calibration,113,396.5,397.5,397.5,3,19,0.4636813357895989
clean-calibration,113,396.5,397.5,397.5,3,20,0.6624743630073125
clean-calibration,113,396.5,397.5,397.5,3,23,1.2765403773985724
clean-calibration,113,396.5,397.5,397.5,3,30,0.46644465529279466
clean-calibration,113,396.5,397.5,397.5,6,7,0.2689574682073116
clean-calibration,113,396.5,397.5,397.5,6,10,0.47970517989534206
clean-calibration,113,396.5,397.5,397.5,6,13,0.6751255172969268
clean-calibration,113,396.5,397.5,397.5,6,16,0.5023120232998599
clean-calibration,113,396.5,397.5,397.5,6,19,0.797560247020219
clean-calibration,113,396.5,397.5,397.5,6,20,0.5613546411912813
clean-calibration,113,396.5,397.5,397.5,6,23,0.6362905364098042
clean-calibration,113,396.5,397.5,397.5,6,30,1.062095525460946
clean-calibration,113,396.5,397.5,397.5,7,10,0.5181558939808131
clean-calibration,113,396.5,397.5,397.5,7,13,0.3944391720801564
clean-calibration,113,396.5,397.5,397.5,7,16,0.9236634593611628
clean-calibration,113,396.5,397.5,397.5,7,19,0.6079841004405935
clean-calibration,113,396.5,397.5,397.5,7,20,0.3251165164214457
clean-calibration,113,396.5,397.5,397.5,7,23,0.7878675456894
clean-calibration,113,396.5,397.5,397.5,7,30,1.185909620657374
clean-calibration,113,396.5,397.5,397.5,10,13,0.4672017427634552
clean-calibration,113,396.5,397.5,397.5,10,16,0.25466409014748737
clean-calibration,113,396.5,397.5,397.5,10,19,2.6190624683328076
clean-calibration,113,396.5,397.5,397.5,10,20,0.83704040367046
clean-calibration,113,396.5,397.5,397.5,10,23,0.4956185644887928
clean-calibration,113,396.5,397.5,397.5,10,30,0.7735741780085892
clean-calibration,113,396.5,397.5,397.5,13,16,1.1716037942316884
clean-calibration,113,396.5,397.5,397.5,13,19,1.9472084666692915
clean-calibration,113,396.5,397.5,397.5,13,20,0.2976562778982392
clean-calibration,113,396.5,397.5,397.5,13,23,0.6605151910289269
clean-calibration,113,396.5,397.5,397.5,13,30,0.4520761667498533
clean-calibration,113,396.5,397.5,397.5,16,19,0.677116582253251
clean-calibration,113,396.5,397.5,397.5,16,20,0.3402011560840138
clean-calibration,113,396.5,397.5,397.5,16,23,0.24051487794486803
clean-calibration,113,396.5,397.5,397.5,16,30,1.5389323742965355
clean-calibration,113,396.5,397.5,397.5,19,20,0.6636609245129443
clean-calibration,113,396.5,397.5,397.5,19,23,0.9233008612557938
clean-calibration,113,396.5,397.5,397.5,19,30,0.8176922031160252
clean-calibration,113,396.5,397.5,397.5,20,23,0.6008324568809114
clean-calibration,113,396.5,397.5,397.5,20,30,1.052852839513322
clean-calibration,113,396.5,397.5,397.5,23,30,0.5099738620117494
clean-calibration,114,397.0,398.0,398.0,3,6,0.578300659215671
clean-calibration,114,397.0,398.0,398.0,3,7,0.7696924957377447
clean-calibration,114,397.0,398.0,398.0,3,10,0.4739792286413314
clean-calibration,114,397.0,398.0,398.0,3,13,0.7543539475868524
clean-calibration,114,397.0,398.0,398.0,3,16,0.348854874151172
clean-calibration,114,397.0,398.0,398.0,3,19,0.39253641299365194
clean-calibration,114,397.0,398.0,398.0,3,20,0.4011294134488031
clean-calibration,114,397.0,398.0,398.0,3,23,0.409729631608964
clean-calibration,114,397.0,398.0,398.0,3,30,0.31099694593557203
clean-calibration,114,397.0,398.0,398.0,6,7,0.49479910294248963
clean-calibration,114,397.0,398.0,398.0,6,10,0.4919343455156442
clean-calibration,114,397.0,398.0,398.0,6,13,0.8905288939117014
clean-calibration,114,397.0,398.0,398.0,6,16,0.8674833504552943
clean-calibration,114,397.0,398.0,398.0,6,19,0.3639679529978504
clean-calibration,114,397.0,398.0,398.0,6,20,0.5501825568377509
clean-calibration,114,397.0,398.0,398.0,6,23,1.348256225953989
clean-calibration,114,397.0,398.0,398.0,6,30,0.5078219713535006
clean-calibration,114,397.0,398.0,398.0,7,10,0.2609678966761903
clean-calibration,114,397.0,398.0,398.0,7,13,0.4827437410629985
clean-calibration,114,397.0,398.0,398.0,7,16,0.5884566290896479
clean-calibration,114,397.0,398.0,398.0,7,19,1.5139662420312086
clean-calibration,114,397.0,398.0,398.0,7,20,0.28095639128160654
clean-calibration,114,397.0,398.0,398.0,7,23,1.2312790407124559
clean-calibration,114,397.0,398.0,398.0,7,30,0.8409845945240182
clean-calibration,114,397.0,398.0,398.0,10,13,1.114857833661119
clean-calibration,114,397.0,398.0,398.0,10,16,0.24765974613231
clean-calibration,114,397.0,398.0,398.0,10,19,1.3369429247625284
clean-calibration,114,397.0,398.0,398.0,10,20,0.15710739040668525
clean-calibration,114,397.0,398.0,398.0,10,23,0.6022026188954566
clean-calibration,114,397.0,398.0,398.0,10,30,0.14741640084061156
clean-calibration,114,397.0,398.0,398.0,13,16,1.3969055236475876
clean-calibration,114,397.0,398.0,398.0,13,19,2.3255089856575695
clean-calibration,114,397.0,398.0,398.0,13,20,0.5431178230404243
clean-calibration,114,397.0,398.0,398.0,13,23,0.4372131082175087
clean-calibration,114,397.0,398.0,398.0,13,30,0.6534076544343481
clean-calibration,114,397.0,398.0,398.0,16,19,0.9044387367925039
clean-calibration,114,397.0,398.0,398.0,16,20,0.39680798249918325
clean-calibration,114,397.0,398.0,398.0,16,23,1.0089153250749512
clean-calibration,114,397.0,398.0,398.0,16,30,1.1670282291574061
clean-calibration,114,397.0,398.0,398.0,19,20,0.4068814651182325
clean-calibration,114,397.0,398.0,398.0,19,23,0.9231625224232314
clean-calibration,114,397.0,398.0,398.0,19,30,0.7640615550659813
clean-calibration,114,397.0,398.0,398.0,20,23,0.17460172859907147
clean-calibration,114,397.0,398.0,398.0,20,30,0.6499295131584533
clean-calibration,114,397.0,398.0,398.0,23,30,0.9758355722036557
clean-calibration,115,397.5,398.5,398.5,3,6,2.2056742125300217
clean-calibration,115,397.5,398.5,398.5,3,7,1.1616102521065423
clean-calibration,115,397.5,398.5,398.5,3,10,0.4740912831133549
clean-calibration,115,397.5,398.5,398.5,3,13,0.5091974780947599
clean-calibration,115,397.5,398.5,398.5,3,16,0.40706196376427456
clean-calibration,115,397.5,398.5,398.5,3,19,0.6799938114576023
clean-calibration,115,397.5,398.5,398.5,3,20,0.2583770893124225
clean-calibration,115,397.5,398.5,398.5,3,23,0.2987149988732388
clean-calibration,115,397.5,398.5,398.5,3,30,0.6927751891239294
clean-calibration,115,397.5,398.5,398.5,6,7,1.0826996562273887
clean-calibration,115,397.5,398.5,398.5,6,10,0.19467126066048002
clean-calibration,115,397.5,398.5,398.5,6,13,0.8564207114397153
clean-calibration,115,397.5,398.5,398.5,6,16,0.3401848370508393
clean-calibration,115,397.5,398.5,398.5,6,19,1.016882564188046
clean-calibration,115,397.5,398.5,398.5,6,20,0.7227383362154971
clean-calibration,115,397.5,398.5,398.5,6,23,1.1009964397660752
clean-calibration,115,397.5,398.5,398.5,6,30,0.5676643891527717
clean-calibration,115,397.5,398.5,398.5,7,10,0.27300822261506086
clean-calibration,115,397.5,398.5,398.5,7,13,0.22863591422053758
clean-calibration,115,397.5,398.5,398.5,7,16,0.8500744965787561
clean-calibration,115,397.5,398.5,398.5,7,19,2.030507461959056
clean-calibration,115,397.5,398.5,398.5,7,20,0.5313209239696819
clean-calibration,115,397.5,398.5,398.5,7,23,1.2711610604281718
clean-calibration,115,397.5,398.5,398.5,7,30,0.9502385656286538
clean-calibration,115,397.5,398.5,398.5,10,13,0.33387095132253847
clean-calibration,115,397.5,398.5,398.5,10,16,0.3874022887368911
clean-calibration,115,397.5,398.5,398.5,10,19,0.8583053708582218
clean-calibration,115,397.5,398.5,398.5,10,20,0.3537653815559827
clean-calibration,115,397.5,398.5,398.5,10,23,0.6002761430898209
clean-calibration,115,397.5,398.5,398.5,10,30,0.1684243581024413
clean-calibration,115,397.5,398.5,398.5,13,16,0.35623095015156236
clean-calibration,115,397.5,398.5,398.5,13,19,1.9962570067942536
clean-calibration,115,397.5,398.5,398.5,13,20,0.4616905619333117
clean-calibration,115,397.5,398.5,398.5,13,23,0.691466591298276
clean-calibration,115,397.5,398.5,398.5,13,30,0.06591867484230984
clean-calibration,115,397.5,398.5,398.5,16,19,0.565684457236374
clean-calibration,115,397.5,398.5,398.5,16,20,0.24789364875547978
clean-calibration,115,397.5,398.5,398.5,16,23,0.9336165387650889
clean-calibration,115,397.5,398.5,398.5,16,30,0.77406328801423
clean-calibration,115,397.5,398.5,398.5,19,20,0.3436873161864223
clean-calibration,115,397.5,398.5,398.5,19,23,0.5459610812006128
clean-calibration,115,397.5,398.5,398.5,19,30,0.5066142896097364
clean-calibration,115,397.5,398.5,398.5,20,23,1.64781946574805
clean-calibration,115,397.5,398.5,398.5,20,30,0.8072767300944259
clean-calibration,115,397.5,398.5,398.5,23,30,1.2204519475933748
clean-calibration,116,398.0,399.0,399.0,3,6,0.6881416034446202
clean-calibration,116,398.0,399.0,399.0,3,7,0.7156067807857028
clean-calibration,116,398.0,399.0,399.0,3,10,0.4312916601612075
clean-calibration,116,398.0,399.0,399.0,3,13,0.47390361897051303
clean-calibration,116,398.0,399.0,399.0,3,16,0.5817149221987041
clean-calibration,116,398.0,399.0,399.0,3,19,0.9487970572991831
clean-calibration,116,398.0,399.0,399.0,3,20,1.4724798521395313
clean-calibration,116,398.0,399.0,399.0,3,23,0.32595245961595315
clean-calibration,116,398.0,399.0,399.0,3,30,0.48835421689616265
clean-calibration,116,398.0,399.0,399.0,6,7,0.860394593751496
clean-calibration,116,398.0,399.0,399.0,6,10,0.43287145948036454
clean-calibration,116,398.0,399.0,399.0,6,13,0.5343003046205601
clean-calibration,116,398.0,399.0,399.0,6,16,0.5910269329002226
clean-calibration,116,398.0,399.0,399.0,6,19,0.935079064187619
clean-calibration,116,398.0,399.0,399.0,6,20,0.6121848988497393
clean-calibration,116,398.0,399.0,399.0,6,23,0.5757224092153773
clean-calibration,116,398.0,399.0,399.0,6,30,1.6948176533995416
clean-calibration,116,398.0,399.0,399.0,7,10,0.24643797024357772
clean-calibration,116,398.0,399.0,399.0,7,13,0.24075158160943425
clean-calibration,116,398.0,399.0,399.0,7,16,0.40015992190134614
clean-calibration,116,398.0,399.0,399.0,7,19,0.44711962201892763
clean-calibration,116,398.0,399.0,399.0,7,20,0.37662596528111975
clean-calibration,116,398.0,399.0,399.0,7,23,1.0710926971758785
clean-calibration,116,398.0,399.0,399.0,7,30,1.8792396686685926
clean-calibration,116,398.0,399.0,399.0,10,13,1.2760771793172718
clean-calibration,116,398.0,399.0,399.0,10,16,0.6244753388351288
clean-calibration,116,398.0,399.0,399.0,10,19,0.7583866308446028
clean-calibration,116,398.0,399.0,399.0,10,20,0.4841734582290118
clean-calibration,116,398.0,399.0,399.0,10,23,0.23033237322118127
clean-calibration,116,398.0,399.0,399.0,10,30,0.9776958686207167
clean-calibration,116,398.0,399.0,399.0,13,16,0.21919183304825385
clean-calibration,116,398.0,399.0,399.0,13,19,3.197968117211175
clean-calibration,116,398.0,399.0,399.0,13,20,0.7111687216905829
clean-calibration,116,398.0,399.0,399.0,13,23,0.7385339442012968
clean-calibration,116,398.0,399.0,399.0,13,30,0.7925473628868014
clean-calibration,116,398.0,399.0,399.0,16,19,0.8777491318895327
clean-calibration,116,398.0,399.0,399.0,16,20,0.7672463597939765
clean-calibration,116,398.0,399.0,399.0,16,23,0.3642769427912248
clean-calibration,116,398.0,399.0,399.0,16,30,0.5665153014370519
clean-calibration,116,398.0,399.0,399.0,19,20,0.19418675674360378
clean-calibration,116,398.0,399.0,399.0,19,23,0.954233507979971
clean-calibration,116,398.0,399.0,399.0,19,30,0.3670697679003805
clean-calibration,116,398.0,399.0,399.0,20,23,1.6073263224851815
clean-calibration,116,398.0,399.0,399.0,20,30,1.2239294879665317
clean-calibration,116,398.0,399.0,399.0,23,30,0.180556414698321
clean-calibration,117,398.5,399.5,399.5,3,6,0.8087603463810442
clean-calibration,117,398.5,399.5,399.5,3,7,1.217492963470503
clean-calibration,117,398.5,399.5,399.5,3,10,0.338025157958141
clean-calibration,117,398.5,399.5,399.5,3,13,0.17307832598692843
clean-calibration,117,398.5,399.5,399.5,3,16,1.0600743330824818
clean-calibration,117,398.5,399.5,399.5,3,19,1.2560541653239832
clean-calibration,117,398.5,399.5,399.5,3,20,1.219976423538283
clean-calibration,117,398.5,399.5,399.5,3,23,1.1622089997134186
clean-calibration,117,398.5,399.5,399.5,3,30,0.6670975449810131
clean-calibration,117,398.5,399.5,399.5,6,7,0.9992414587222571
clean-calibration,117,398.5,399.5,399.5,6,10,0.33950183959070424
clean-calibration,117,398.5,399.5,399.5,6,13,0.44364314923899856
clean-calibration,117,398.5,399.5,399.5,6,16,0.4954613769673538
clean-calibration,117,398.5,399.5,399.5,6,19,1.0888607302079365
clean-calibration,117,398.5,399.5,399.5,6,20,0.24474201021583167
clean-calibration,117,398.5,399.5,399.5,6,23,0.288892789978002
clean-calibration,117,398.5,399.5,399.5,6,30,0.8248489892575381
clean-calibration,117,398.5,399.5,399.5,7,10,0.5160790293301176
clean-calibration,117,398.5,399.5,399.5,7,13,0.3483653203114576
clean-calibration,117,398.5,399.5,399.5,7,16,1.1359694621102367
clean-calibration,117,398.5,399.5,399.5,7,19,0.812400900839183
clean-calibration,117,398.5,399.5,399.5,7,20,0.6239707670137972
clean-calibration,117,398.5,399.5,399.5,7,23,0.9225222097300907
clean-calibration,117,398.5,399.5,399.5,7,30,0.7552114308152345
clean-calibration,117,398.5,399.5,399.5,10,13,0.368969166784578
clean-calibration,117,398.5,399.5,399.5,10,16,0.1655108756719751
clean-calibration,117,398.5,399.5,399.5,10,19,0.3582578007284475
clean-calibration,117,398.5,399.5,399.5,10,20,0.1252876062268575
clean-calibration,117,398.5,399.5,399.5,10,23,0.7354445170471144
clean-calibration,117,398.5,399.5,399.5,10,30,0.5971031354080809
clean-calibration,117,398.5,399.5,399.5,13,16,0.7928394288317439
clean-calibration,117,398.5,399.5,399.5,13,19,4.678388173013631
clean-calibration,117,398.5,399.5,399.5,13,20,0.21373660421517485
clean-calibration,117,398.5,399.5,399.5,13,23,0.23919536820055587
clean-calibration,117,398.5,399.5,399.5,13,30,0.3565320963246214
clean-calibration,117,398.5,399.5,399.5,16,19,3.079210305248683
clean-calibration,117,398.5,399.5,399.5,16,20,1.1084333609141708
clean-calibration,117,398.5,399.5,399.5,16,23,0.34753615130193816
clean-calibration,117,398.5,399.5,399.5,16,30,0.5822472280733715
clean-calibration,117,398.5,399.5,399.5,19,20,0.35439250758839724
clean-calibration,117,398.5,399.5,399.5,19,23,0.7871273155005191
clean-calibration,117,398.5,399.5,399.5,19,30,1.2404646148790441
clean-calibration,117,398.5,399.5,399.5,20,23,0.32553191249386915
clean-calibration,117,398.5,399.5,399.5,20,30,1.1248428294328183
clean-calibration,117,398.5,399.5,399.5,23,30,0.27107277968126653
clean-calibration,118,399.0,400.0,400.0,3,6,0.5352397943378431
clean-calibration,118,399.0,400.0,400.0,3,7,1.3209141344086004
clean-calibration,118,399.0,400.0,400.0,3,10,0.550666393421626
clean-calibration,118,399.0,400.0,400.0,3,13,0.6381753876545071
clean-calibration,118,399.0,400.0,400.0,3,16,0.6678580324862516
clean-calibration,118,399.0,400.0,400.0,3,19,1.4223845575523422
clean-calibration,118,399.0,400.0,400.0,3,20,0.7329289576614063
clean-calibration,118,399.0,400.0,400.0,3,23,1.2840783430437661
clean-calibration,118,399.0,400.0,400.0,3,30,0.20442831256205127
clean-calibration,118,399.0,400.0,400.0,6,7,0.809502014926859
clean-calibration,118,399.0,400.0,400.0,6,10,0.5296946092051906
clean-calibration,118,399.0,400.0,400.0,6,13,0.2450006798614409
clean-calibration,118,399.0,400.0,400.0,6,16,0.30124202590521204
clean-calibration,118,399.0,400.0,400.0,6,19,0.5127269969223095
clean-calibration,118,399.0,400.0,400.0,6,20,0.2880106265807942
clean-calibration,118,399.0,400.0,400.0,6,23,0.3712388253242239
clean-calibration,118,399.0,400.0,400.0,6,30,0.5566398898470044
clean-calibration,118,399.0,400.0,400.0,7,10,0.4821857644971342
clean-calibration,118,399.0,400.0,400.0,7,13,0.45813148865925946
clean-calibration,118,399.0,400.0,400.0,7,16,1.8735196590084964
clean-calibration,118,399.0,400.0,400.0,7,19,1.329464357910815
clean-calibration,118,399.0,400.0,400.0,7,20,0.6047186822382435
clean-calibration,118,399.0,400.0,400.0,7,23,0.6648962483412088
clean-calibration,118,399.0,400.0,400.0,7,30,0.4927234449796175
clean-calibration,118,399.0,400.0,400.0,10,13,1.0815555118957505
clean-calibration,118,399.0,400.0,400.0,10,16,1.028702297062392
clean-calibration,118,399.0,400.0,400.0,10,19,0.6775089557076838
clean-calibration,118,399.0,400.0,400.0,10,20,0.6791251029124996
clean-calibration,118,399.0,400.0,400.0,10,23,0.7469045251017821
clean-calibration,118,399.0,400.0,400.0,10,30,0.7354939005450145
clean-calibration,118,399.0,400.0,400.0,13,16,1.0882011973463026
clean-calibration,118,399.0,400.0,400.0,13,19,2.413231476182683
clean-calibration,118,399.0,400.0,400.0,13,20,0.49480774857668486
clean-calibration,118,399.0,400.0,400.0,13,23,0.2831262508699248
clean-calibration,118,399.0,400.0,400.0,13,30,0.8515997049930295
clean-calibration,118,399.0,400.0,400.0,16,19,2.4750172933865726
clean-calibration,118,399.0,400.0,400.0,16,20,1.291381829609878
clean-calibration,118,399.0,400.0,400.0,16,23,0.4517076218784443
clean-calibration,118,399.0,400.0,400.0,16,30,0.7974795999269132
clean-calibration,118,399.0,400.0,400.0,19,20,0.2472822797006513
clean-calibration,118,399.0,400.0,400.0,19,23,1.0888187753773042
clean-calibration,118,399.0,400.0,400.0,19,30,0.41895371031027917
clean-calibration,118,399.0,400.0,400.0,20,23,1.1086873798810821
clean-calibration,118,399.0,400.0,400.0,20,30,1.0928488363503777
clean-calibration,118,399.0,400.0,400.0,23,30,0.2015483753505541
