run_id,t,available_s,m1_available_s,B0,M1,P0,P1,P2,P3,B0z,M1z,P3z,concordance,B0_M1,B0_P3,M1_P3,Full
DS1,9.0,9.5,9.01,0.1275453045964241,2.0435166755273624,0.01626805477311303,6.534145181626287e-06,0.0004682422208780196,9.524842849133232e-05,0.9204524722453139,4.532247908352386,-0.7055929631797871,4.171718792071607,21.494587222006306,1.3431984173930338,20.70005081104793,84.25290494861883
DS1,9.5,10.0,9.51,0.1255732998251915,1.8489112209772447,0.015768719276009178,6.388106145611069e-06,0.00046413659456159687,0.00013604678425182138,0.2402828444584427,3.723760695430986,0.12905518719515713,0.8947558119807061,13.94830058698942,0.07448189911547565,14.013108165952612,14.100322622950808
DS1,10.0,10.5,10.01,0.12625181674957275,2.5630649150519553,0.015939519875392785,6.088087812702427e-06,0.0005769083055161381,3.4424973762930723e-05,0.4743119962312481,6.690708004563518,-1.9499123246389267,3.173483069844913,45.07560672644389,4.024434797858987,47.01146957292706,69.46096605487355
DS1,10.5,11.0,10.51,0.12562572956085205,2.4653033691720356,0.015781822789264766,6.949748314046132e-06,0.0005013928741237797,3.847093734894735e-05,0.2583665298071918,6.284558238915564,-1.8671404589446834,1.623719503559811,39.6084599521613,3.5515640823394703,41.578892106541716,42.60997422030006
DS1,11.0,11.5,11.01,0.1254926323890686,2.411927747222079,0.015748401050811052,9.094385973509296e-06,0.00039977685095880463,0.0001023357826070207,0.21245961562926743,6.062809532395351,-0.5606006738228633,1.2881021828861747,36.840140676244,0.35906478100126094,36.77982309922201,36.86475381818139
DS1,11.5,12.0,11.51,0.12605834007263184,2.410555302288019,0.01589077058846043,7.810075143292059e-06,0.0003019841365946241,0.00011732808630220026,0.4075794196877897,6.05710771801306,-0.253889819530066,2.468752448694195,36.92112848779646,0.23027900312071944,36.71356798113505,45.17594155540937
DS1,12.0,12.5,12.01,0.12641336023807526,2.415040841729442,0.01598033824312179,1.4288806080000321e-05,0.00025082792249567345,7.952109339468162e-05,0.5300304083005358,6.075742865161574,-1.0273410067972464,3.2203284715506566,37.2806156578942,1.3347727820730486,37.29388051440192,61.83448490841056
DS1,12.5,13.0,12.51,0.12680193781852722,2.4301013794489847,0.016078730781708985,3.298146274807511e-05,0.00026920789044615825,9.967197705015906e-05,0.6640557778726064,6.138311780273021,-0.6150965067933245,4.076181404073784,38.22611118788602,0.8181214555559406,37.71821554957113,86.77484672397756
DS1,13.0,13.5,13.01,0.1246885433793068,1.6657312589678919,0.015547232160802338,5.512325565533187e-05,0.0007137012078145257,6.567065064678154e-05,-0.0648809519269424,2.9627406238694816,-1.3106917989045184,0.0,8.77863697802091,1.7223748092223465,10.014142023600499,12.522149492172863
DS1,13.5,14.0,13.51,0.12788358330726624,2.556479789278633,0.016354209826758885,6.2440752529624e-05,0.00032928500654607766,0.00017625444846313106,1.037129119380351,6.663350138384906,0.9516190366277055,6.910754461146077,45.653132252713206,1.9841050765795347,46.382027050231024,232.0784288406814
DS1,14.0,14.5,14.01,0.12501540780067444,2.425828672149726,0.01562884997205316,7.44101543728079e-05,0.0006155760439744601,8.930514604327788e-05,0.04785876100967427,6.1205608430036,-0.8271799636840703,0.2929224586304797,37.47646639216516,0.6864028888367534,37.63112248071641,44.08432123795879
DS1,14.5,15.0,14.51,0.12625107169151306,1.9759902226001584,0.01593933381821226,8.938067032572664e-05,0.00030026772073075373,0.0002446678609224023,0.4740550161921867,4.251709658015095,2.3512128953897333,2.0155442907748222,18.354227040977563,5.756200945766963,25.079979029849248,29.438927508865305
DS1,15.0,15.5,15.01,0.12440596520900726,1.6843446983543886,0.015476843920792306,0.00014014872214284632,0.0007821933826768619,0.00025000850367611,-0.16234577134175082,3.040070047997183,2.4604711611483845,0.0,9.257623750271424,6.079119729644991,16.388435344031812,21.947283592293573
DS1,15.5,16.0,15.51,0.12266255915164948,2.879408339958721,0.015046102678119726,7.631838314129691e-05,0.00025590530819926045,5.63669461928561e-05,-0.7636687835438104,8.004954897180879,-1.5010259329488194,0.0,64.52162282861902,2.8396259615570263,64.99931434184671,79.33976199491406
DS1,16.0,16.5,16.01,0.125909224152565,2.1022643339342806,0.01585313441881632,7.845747553442686e-05,0.00022734122052362642,0.00012817814896658273,0.3561474346700457,4.776314708642589,-0.031920464013800755,1.7010722306598651,22.985439672866047,0.12782695006099482,22.899259328005883,25.279238899174302
DS1,16.5,17.0,16.51,0.12273465842008591,2.0531173164717127,0.015063796404258688,0.00010287449888309001,0.00024263928137603752,0.0002461616238327095,-0.7388008251638409,4.572133714520054,2.381772128156512,0.0,21.370224728539245,6.213534252591213,28.187746648295075,36.69782426938447
DS1,17.0,17.5,17.01,0.1265571415424347,2.590868537540654,0.016016708974474072,6.840456016843782e-05,0.00037107666095557106,0.00016313266417236838,0.5796224162386003,6.806217990175036,0.6831750568703021,3.945036516911885,46.76489952052574,0.8038496321077127,47.643490074244106,84.85555664111244
DS1,17.5,18.0,17.51,0.12507449090480804,2.9717104016045695,0.015643628709287247,0.00013693321568047947,0.0005371536168446822,0.0001485947904413526,0.06823727810724146,8.38842326778471,0.3857608794164176,0.5724031714050805,70.39509957670819,0.15354506312458188,71.28362195651167,81.51498270145741
DS1,18.0,18.5,18.01,0.12559059262275696,3.0807285262743935,0.015772997866840735,0.0001081439868538725,0.0007276541954780687,0.00010975984000450697,0.24624735116505725,8.841338423611058,-0.4087201467872546,2.1771561675680657,78.29545285863573,0.22739617439819854,78.20637649515996,79.03144072194812
DS1,18.5,19.0,18.51,0.12747105956077576,2.173424450220263,0.01624887211982213,0.0002459050931462053,0.0007351537421633136,0.0004768583338324942,0.8948444113528478,5.071948991968395,7.1013393437887595,4.538605210129628,26.64132060707305,51.24845335191666,81.42584366813098,131.3928459675861
DS1,19.0,19.5,19.01,0.12631813436746597,2.4986563353807423,0.015957429775659823,0.0001806752508426774,0.000624856775767595,0.00029662288811320675,0.4971857895081012,6.423122940275435,3.4141029687558926,3.1934854501684384,41.58872673074817,11.908280498858787,56.152923543400476,70.7442029610515
DS1,19.5,20.0,19.51,0.12638019025325775,2.241121917299612,0.015972785209860486,6.235804731520175e-05,0.00044894040824601387,0.00015118396690547332,0.5185896569615233,5.353197719591934,0.43872995884352406,2.7761129690503896,28.998486913552,0.46208532642496336,29.30383370337667,44.26750385807959
DS1,20.0,20.5,20.01,0.12439227104187012,1.8342325003023918,0.015473529090778964,7.678401193087766e-05,0.0005175391555904351,0.00020115834440406926,-0.16706906445969893,3.662778036979307,1.4611001246955788,0.0,13.430812450481705,2.1620166523981763,16.35377718419329,22.396051193381158
DS1,20.5,21.0,20.51,0.13017406314611435,2.6396272239799328,0.016945321741453988,8.406267522145268e-05,0.0005143369056033318,0.00016944700036945466,1.8271448648640076,7.008785665352139,0.8123530330290267,12.806066737380629,52.78517834440882,4.002723494103112,50.79157864015286,861.2440711590218
DS1,21.0,21.5,21.01,0.12232746183872223,2.2134542633562466,0.01496456870835081,0.00010930960611239932,0.0009628935001375529,0.00012712013815092382,-0.8792481259120553,5.238252614499905,-0.05356512968490095,0.0,28.10311966795083,0.7760858300948982,27.531198527457192,34.967972419750716
DS1,21.5,22.0,21.51,0.12475188821554184,3.439878353799368,0.015566815012965158,0.00010493035058069022,0.0003276404697325384,0.0001494291586696174,-0.04303250900594414,10.33342426338431,0.4028302903147669,0.0,106.7867661404923,0.16407371375613017,108.00670537700367,139.36040785156538
DS1,22.0,22.5,22.01,0.12474101781845093,2.390199089119081,0.015562311070464376,9.224876611942409e-05,0.0002642914177119818,0.00019861755298323933,-0.04678184777584963,5.972537950487093,1.4091209010147565,0.0,35.67192894714904,1.9876217864506638,38.98092538313009,52.25623640220314
DS1,22.5,23.0,22.51,0.12267740815877914,2.156903312245849,0.015049766317109537,0.00019017142811802952,0.0005633948065185276,0.00028710766311983166,-0.7585471713653171,5.003312021714388,3.2194415714254343,0.0,25.518860040860915,10.93308200205627,37.76197917935594,48.573071654230446
DS1,23.0,23.5,23.01,0.12481171637773514,1.9601962295804083,0.01557810872358741,3.768894852062174e-05,0.0005814576460790592,0.00011688266651000155,-0.02239701186931557,4.186093607185701,-0.26300216728941084,0.0,17.52423183801172,0.06968913504298194,17.523844647850666,23.403459399724554
DS1,23.5,24.0,23.51,0.12221971526741982,2.008302137612035,0.014937910099249841,9.467283335547145e-05,0.0009703418034205645,0.0002378621810803238,-0.9164112942609163,4.385949318319054,2.211983066482365,0.0,19.980332059258807,5.726765026574046,25.566304638716268,33.21901720311977
DS1,24.0,24.5,24.01,0.12415732443332672,2.202021832147571,0.015416212082792757,0.00012132399217599583,0.0008579932295040114,0.0002749091636406626,-0.24810514997731353,5.190756646485107,2.9698860479771496,0.0,26.977866353818854,8.879644188868667,38.035430291991474,50.224124713562034
DS1,24.5,25.0,24.51,0.12391936406493187,1.9417987075451408,0.01535635014077287,0.00013326432403459393,0.0006693385752509654,0.0002460003546367944,-0.3301807197529314,4.109661210419953,2.3784729011760617,0.0,16.967467447278096,5.763869149825295,23.98596534505124,31.856923918112475
DS1,25.0,25.5,25.01,0.1226918026804924,2.1038533490589106,0.015062143503230591,0.00012384578624028209,0.00036050298025743817,0.00020093102586876788,-0.7535823170106514,4.782916262604024,1.4564496677960637,0.0,23.358887027023876,2.6859291062897066,26.06486479242877,34.0760422186503
DS1,25.5,26.0,25.51,0.12430853396654129,2.2628474766956055,0.015455401036971307,9.97657380613959e-05,0.0006081867796409437,0.00010823831538639547,-0.1959510510498071,5.443456427940222,-0.43984732543415905,0.0,29.6478277045285,0.23211494193257853,29.636122703779055,38.25515313046641
DS1,26.0,26.5,26.01,0.12186268717050552,2.438682229662574,0.014850515424388137,0.00010838945545160278,0.0007328732608874726,0.0001255988825691175,-1.0395548440789328,6.173960871865641,-0.08468680441748565,0.0,39.04621008487501,1.088105817034312,38.23049685850929,48.08364491793509
DS1,26.5,27.0,26.51,0.12490148469805717,2.1214114456432642,0.015600720221424978,8.748261548943324e-05,0.0007938794925339693,0.0001904896727809494,0.008565228136994429,4.855861271285849,1.242841646597345,0.04159155959015909,23.584068714580532,1.5447631406201296,26.064819340810093,34.90661239370456
DS1,27.0,27.5,27.01,0.12147321924567223,2.128299109792134,0.014756949898377059,0.00017451998236642777,0.0007982414734110748,0.00017706881390763064,-1.1738873047976817,4.884476031360954,0.9682792328368651,0.0,25.098609216001883,2.312258149533667,25.556632970865035,33.06571797858849
DS1,27.5,28.0,27.51,0.1267886981368065,2.6217928448861154,0.01607537462801926,5.3664287449442944e-05,0.00023381444281506212,0.00018005998812383497,0.6594892425784856,6.93469284261458,1.0294723368349916,4.573355330290335,48.64499643368931,1.4967273103378098,50.35282356389735,107.54840343542111
DS1,28.0,28.5,28.01,0.12369449809193611,2.6858989609289914,0.015300421020002139,0.00011265590547129806,0.0004751868349259287,0.0001692408064869422,-0.4077398653420456,7.201021323543016,0.8081347418883743,0.0,51.956483964250765,0.818372026174516,53.546198219912526,69.37159600519496
DS1,28.5,29.0,28.51,0.12383554503321648,2.7049412451709167,0.015353996694311159,6.679567563426181e-05,0.000790409739161392,0.00014529789480411992,-0.3590909741473363,7.280132381092774,0.31831336114509545,0.0,53.07290153152511,0.22993606184170157,53.664561772663646,69.14775810812397
DS1,29.0,29.5,29.01,0.12579742446541786,2.2353467906028457,0.015836195007764984,0.00020727547903571158,0.0008404535016382521,0.000374854344248573,0.3175862949086908,5.329204989798566,5.014553255229381,1.6924824675190338,28.547336302111038,25.251314973236997,57.44416901153433,57.62863675256293
DS1,29.5,30.0,29.51,0.12274783477187157,2.7299837252432217,0.015086642065107805,0.00010854481154939248,0.0009084933536846379,0.0002262144090590243,-0.7342561331730405,7.384171216823781,1.9736942631139296,0.0,54.93982871903582,4.430374016168414,60.682888895006556,78.30515851400882
DS1,30.0,30.5,30.01,0.12255747243762016,2.426480603246314,0.015020394916803317,0.0001700737625823848,0.0006442309265836645,0.00019314373721269763,-0.7999145331532224,6.123269286898533,1.2971381967313556,0.0,38.01934197051383,2.3194024134870057,40.44350710333323,52.2210538065792
DS1,30.5,31.0,30.51,0.12782176584005356,2.5070478574836925,0.01634045233954752,8.946006356168669e-05,0.001010793086211115,0.00022218057127509834,1.0158074855394286,6.457985469349281,1.891170465708178,6.5600699812698595,42.905641084737766,4.6140164408588875,47.1601370567015,206.8071572037206
DS1,31.0,31.5,31.01,0.12360406666994095,2.5756455743700406,0.015278472605786951,0.00013946456745305325,0.0008211296244991909,0.0001845499771893204,-0.4389308175831202,6.7429742794852885,1.1213280255963618,0.0,45.59433970865056,1.448601050577108,47.97450309492034,62.45524530860343
DS1,31.5,32.0,31.51,0.1188540980219841,2.7874992633157825,0.01414081735186221,0.00018077898569052777,0.00108787997339266,0.00025690270528971816,-2.0772556606111166,7.623119180453361,2.6015119584513644,0.0,62.04607502190581,11.067081205279722,67.88921223339707,86.16831427284049
DS1,32.0,32.5,32.01,0.12598735094070435,2.473973140943003,0.0158760931686523,0.00010825448973576646,0.0008224065941217643,0.00021918038244443343,0.3830943615660217,6.320576754593751,1.8297929417464132,2.4213773165301307,40.16222996320609,3.496960210373947,45.078191696925074,50.121235689885566
DS1,32.5,33.0,32.51,0.1288764923810959,1.8809343133066285,0.0166095262244846,0.00012410622057062103,0.0008477816810762355,0.00015777820846334795,1.3795961382358854,3.856800443604337,0.5736342072332555,5.320826997942993,16.91190431557353,2.2346599978510673,15.576660902639412,133.45482988045347
DS1,33.0,33.5,33.01,0.12606944143772125,2.1891839181841837,0.015893510253421353,0.00010732608262276559,0.0007937015836175069,0.0001285282683600322,0.41140842226980423,5.1374216086570135,-0.02475776103948109,2.1135785185523814,26.61849280633667,0.16984042307826694,26.49883536199171,32.25878145463368
DS1,33.5,34.0,33.51,0.12526468187570572,1.7889902656659689,0.015699833960106782,0.00010225879559926435,0.00040021111184585694,0.00016513638252340474,0.13383657267843915,3.4748194400730856,0.7241669003990665,0.46505792453579475,12.1055829156703,0.5426144209375054,13.00090212359148,14.326400245036755
DS1,34.0,34.5,34.01,0.12088384479284286,2.4788149539031528,0.014612906092954169,0.00022459909338253865,0.0006559530489040663,0.00016317480776248356,-1.3771700797969886,6.340692037974105,0.6840372256730424,0.0,41.89211463726425,2.361755467422304,41.45335709428042,52.59875947747695
DS1,34.5,35.0,34.51,0.12324955314397812,2.2110805663577353,0.015190451675231031,0.00018861106995839667,0.0005744063540043877,0.0003690066918816756,-0.5612070597693046,5.228391104322388,4.894922644115556,0.0,27.582897151545062,24.26724215557726,55.02944256168719,69.40823355122585
DS1,35.0,35.5,35.01,0.12138726562261581,2.446307410280622,0.014734869279330098,0.0001887449745738456,0.0008473281291468925,0.00022997753926531098,-1.2035338070039974,6.205639639761226,2.0506799554966366,0.0,39.780419420899605,5.6465788702120525,44.65138106682417,57.261751266205025
DS1,35.5,36.0,35.51,0.1276068091392517,3.0389931386004134,0.016283499288234853,4.073146316972235e-05,0.0006221518689489326,0.0002075107270724521,0.9416661744698306,8.667949001722883,1.5910564512633834,8.162314376951974,76.2328262354355,3.4225830657033645,79.90862644419325,329.12768929632256
DS1,36.0,36.5,36.01,0.12933625280857086,1.7419599639031125,0.016727865784410472,4.973374837345909e-05,0.000526006405682284,8.600628204850082e-05,1.53817338073988,3.279432328838175,-0.8946677503915356,5.044335512156674,13.246991726175699,3.162391460468135,11.208052453683333,125.23466674934046
DS1,36.5,37.0,36.51,0.12033957988023758,2.2460119759820087,0.014481614380556273,0.0001760848570067321,0.000951576404653399,0.00023249850489354457,-1.5648939983313244,5.373513439540754,2.102253585353595,0.0,31.121012470073033,6.858760652686625,34.99133264244834,45.086871503793965
DS1,37.0,37.5,37.01,0.12435785681009293,2.5253998300464637,0.015464875874584215,0.00017115204967203124,0.0013799201042684302,0.000213356769633202,-0.17893897246394394,6.534228631100247,1.7106541291450132,0.0,42.7058308185299,2.957468165773585,47.36070441779432,62.76927314857049
DS1,37.5,38.0,37.51,0.12707675993442535,2.4262165821041233,0.01614850275950551,4.271931898728121e-05,0.001090003220794443,5.50009642569723e-05,0.7588454350807858,6.122172412620802,-1.5289710369849763,4.645782588094817,38.17714239843754,2.910213177997228,38.72521386570927,113.3572838301783
DS1,38.0,38.5,38.01,0.12619851529598236,2.648343008515958,0.01592606647106444,0.00013571831913929548,0.0009495550871841277,0.00025422369445276134,0.45592764423679716,7.044995340791322,2.5467050575794934,3.2120081293861995,49.92657682623074,6.69698534764813,58.82828107741589,72.90984063886022
DS1,38.5,39.0,38.51,0.1251295655965805,2.1068968714380345,0.015657408462851425,6.340743288082439e-05,0.0010958553679398758,0.00021865883355540438,0.08723324259465845,4.795560558373894,1.81912315352961,0.4183322975660056,23.01881694861243,3.317289676391768,27.620047785655196,32.12813172771148
DS1,39.0,39.5,39.01,0.12891961634159088,1.9793217892178414,0.01662026796447296,9.156099305778898e-05,0.0004591793293158849,0.00021600428039052934,1.394470142896758,4.265550631874842,1.7648166049485368,5.948182999163868,20.289153460896138,5.066329847234893,22.436442251312567,167.07235744026505
DS1,39.5,40.0,39.51,0.1220562532544136,2.6818171802683572,0.014897729733410378,8.69243352293308e-05,0.0007811038036732107,0.00013494046490212518,-0.9727914299307872,7.184063589867454,0.10642223099543227,0.0,52.39280357555495,0.9573482538363911,51.96607961257041,65.40301823030354
DS1,40.0,40.5,40.01,0.1188192367553711,3.007230489184946,0.014118010625011834,0.000154800097959696,0.0006317403222051507,0.00026367786371045193,-2.0892797566387986,8.535991262099005,2.74011738357095,0.0,76.80034882562366,11.856622503873549,83.93858154411225,106.05050284765592
DS1,40.5,41.0,40.51,0.12734302878379822,2.3265323550677466,0.01621624856890986,0.0001033028112043199,0.0005541570241264645,0.00018002723032160275,0.8506849614405407,5.708034879450535,1.028802181419808,4.85573943132664,33.43008187920083,1.7846611489296902,34.598184617877365,112.5644410463564
DS1,41.0,41.5,41.01,0.1274137645959854,2.2090936112044623,0.016234267072951367,0.00013035027804594507,0.0006992531934957409,0.00024726350508533104,0.8750826463490279,5.220136310859465,2.404314290267958,4.568050697209553,28.13245243469131,6.552661559108783,34.89784413954574,99.48874849433454
DS1,41.5,42.0,41.51,0.12613524496555328,2.6607875686833857,0.01591009982594116,8.66766397658295e-05,0.00050513028556233,0.0001736811846777443,0.43410489931970503,7.096696192594555,0.8989754969833977,3.0807105861887933,50.63516292850604,0.997746987823005,52.27998477027383,66.20488749342036
DS1,42.0,42.5,42.01,0.12484414130449295,2.021129510884494,0.015592521080674732,0.0001546063230279077,0.0004809014944138287,0.0002711392572158932,-0.011213240569364446,4.439240564908866,2.892761728482695,0.0,19.708748708762904,8.368119198549604,29.95893761614082,40.23553878496573
DS1,42.5,43.0,42.51,0.12224607169628143,2.616745039317314,0.014946688860929511,9.609336231865466e-05,0.0006151846448241027,0.00017875359917328838,-0.9073206253791201,6.913721764156765,1.002746379356579,0.0,48.47553320029342,1.8260751877623025,49.97831237288615,63.883415377058206
DS1,43.0,43.5,43.01,0.12473009154200554,2.3422886376955407,0.01555767560317377,0.000135322631034472,0.000309099387315435,0.00023253915944683752,-0.05055046004868472,5.773494262679007,2.1030852916093443,0.0,33.33366032381147,4.425221752540945,39.5896154124796,53.17724681272966
DS1,43.5,44.0,43.51,0.12156083062291145,2.8167087846918,0.014777053937762002,0.0001401935538721471,0.00047808366504592715,0.00019859048933675087,-1.1436690220044543,7.744469964698634,1.4085672359941217,0.0,61.075770511359096,3.287338131063346,63.73816214986204,81.04161794098171
DS1,44.0,44.5,44.01,0.12354235723614693,2.767824048692702,0.015263637330700389,0.00013576360080577236,0.0006702759227249713,0.00019164683860289005,-0.46021518931837874,7.541378617368845,1.2665148141786529,0.0,57.007306577602264,1.8141577187733415,60.05220128632279,77.86597463336594
DS1,44.5,45.0,44.51,0.12640659883618355,2.3195701608416357,0.01598162252517045,0.00012834917587425783,0.0005897820514646378,0.00025927854344263767,0.5276983144460539,5.679110484609196,2.6501165868232976,2.996857030281185,32.60957627129172,7.305687276838123,41.51302686443208,56.137294997302135
DS1,45.0,45.5,45.01,0.11752768233418465,2.866259420510391,0.01381946792113986,5.3808291019800445e-05,0.0006702545930649982,0.00013008350048240684,-2.5347533694515,7.95032778890026,0.007059001919402588,0.0,69.14650414897906,6.424985886688229,63.508768879046464,79.76153839272686
DS1,45.5,46.0,45.51,0.12542248517274857,2.2170493406063407,0.015737450283719708,0.00010059139458084283,0.0004967679276436398,0.00018218464123107069,0.18826494495163879,5.253188341727516,1.072938249935834,0.9889912139759215,27.660007374333382,1.187233226693401,29.650323268017356,30.28346255256927
DS1,46.0,46.5,46.01,0.126584991812706,2.3968709700349096,0.01602497223956497,9.302935685969279e-05,0.0005683354916406585,0.00013037491784050338,0.5892283300987146,6.000256240393466,0.013020785290044896,3.5355209646914334,36.44293827855672,0.34738273651672513,36.181002614255334,67.23055164987882
DS1,46.5,47.0,46.51,0.12538432329893112,2.142018673201327,0.01573263803258682,0.00011246861905343753,0.0009095565217271445,0.0003453352710694667,0.17510242735091505,4.941473876610662,4.4106553929144425,0.8652640704856629,24.473867538474497,19.486841247023502,47.05209610352597,49.67995131717574
DS1,47.0,47.5,47.01,0.12944742292165756,1.8059969462460197,0.016756688413386338,0.00015382272897570257,0.0008739938155258693,0.0002631382882275359,1.576517372368228,3.545473594217921,2.729078809334101,5.589500714557373,15.195860497729688,9.945877093820783,21.432539541135817,146.89856588852325
DS1,47.5,48.0,47.51,0.12387613952159882,2.8988851382914342,0.015346339105051973,0.00010826302400364856,0.0005089616277812292,0.0001013730566322493,-0.3450894167190772,8.085871140957552,-0.5802960129899148,0.0,65.44156413981486,0.45641656212647264,65.38226043396617,82.63361497240078
DS1,48.0,48.5,48.01,0.1222480982542038,2.539959461945482,0.014945966166805116,0.00011673656318068111,0.0009611317777896064,0.00018786559949623418,-0.9066216396728731,6.594716535935244,1.1891586519591903,0.0,44.171596578656874,2.2329141165612914,46.18374451596947,59.23933637981293
DS1,48.5,49.0,48.51,0.11743490397930145,2.6009647005750445,0.013793951351198874,0.00015916776247017558,0.0005891529545645833,0.00013659625633199874,-2.566753808815618,6.848162439942615,0.14029622490008462,0.0,53.06038330837511,6.6068695276086435,47.265957814588816,60.600966993784326
DS1,49.0,49.5,49.01,0.12414027005434036,3.00819350879636,0.015416631606419411,0.00010008112258977681,0.00047208080909660975,0.00022314129413344226,-0.25398742307142846,8.539992121393626,1.910824825345785,0.0,72.95359412353451,3.7143502640776194,79.16665146373576,103.44863797718949
DS1,49.5,50.0,49.51,0.12482289969921112,2.169355900681087,0.01558085643288508,6.448020710655029e-05,0.0005758865939679284,0.0001722067134166922,-0.0185397414830043,5.055046226908878,0.868810930596387,0.0,25.555407153714878,0.7551306792695724,27.03019508559055,36.58141825027209
DS1,50.0,50.5,50.01,0.12364748492836952,2.551672335322016,0.015290320468618064,0.0001280984233239851,0.0007523908214423871,0.00019867521791525734,-0.42395530580681845,6.643377599282039,1.41030060367564,0.0,44.25150691941454,2.166942617930124,47.61696463413817,62.21641991250434
DS1,50.5,51.0,50.51,0.12115522474050522,2.491599179435886,0.014679499055090596,0.00016919705247290693,0.0012254973874720435,0.00016374252896682513,-1.2835676703692727,6.393804027533762,0.6956516018972729,0.0,42.33243214571289,2.1288713266208714,42.16405178527783,53.51525757819542
DS1,51.0,51.5,51.01,0.12352966144680977,2.366073058660284,0.015259597540264144,5.2997458238075056e-05,0.0008722922354346548,6.338712803633482e-05,-0.4645941291839846,5.872306499269129,-1.3574078463437271,0.0,34.6378494701294,2.0602517791558546,35.40655673079248,43.60098659332605
DS1,51.5,52.0,51.51,0.12437587231397629,2.506244081520187,0.015484157602827904,0.00018909637565362055,0.0006859055504856714,0.00014443417798270375,-0.17272519511943984,6.4546461868504945,0.3006435400455676,0.0,41.67114161991465,0.1200689800847613,42.211626107284836,55.159221209508736
DS1,52.0,52.5,52.01,0.1257578358054161,2.0384080608834148,0.015815500163085826,7.166789277556156e-05,0.0006064612160522718,7.981660376548609e-05,0.30393166053316456,4.511024198950597,-1.021295489035292,1.3710430754923435,20.478615432723362,1.1345139230786616,20.862499274226252,21.96429989397063
DS1,52.5,53.0,52.51,0.12441486120223999,2.2129855844856596,0.015479094692718576,0.00011197958589618912,0.000674150011262956,0.00010312589419283385,-0.159277429675358,5.23630549089686,-0.5444366603130979,0.0,27.427873826920163,0.32203476988835883,27.454608009615768,35.44610219925095
DS1,53.0,53.5,53.01,0.12379822134971619,2.7976465954573717,0.015332365694811324,0.00011358572877427945,0.001062183640313727,0.00013478289825280532,-0.371964389204116,7.665276211974944,0.10319875029469859,0.0,58.833478680027994,0.14889558912521123,59.147872518846455,75.76045666342611
DS1,53.5,54.0,53.51,0.12746242433786392,2.56080808133284,0.016246828509099608,0.00012882673327767235,0.0004630719976324106,0.00022515872762547933,0.8918660127001263,6.681332002190859,1.9520972516788069,5.958852932319713,45.589411773226814,4.611208148986518,50.456896737309684,171.47735574666711
DS1,54.0,54.5,54.01,0.12786419689655304,2.485596548319282,0.016352235566576688,0.0001252054042736235,0.0005764362937197615,0.00024732297570573925,1.030442498763974,6.368866131970261,2.4055309334978165,6.562750331320681,41.79236446011476,6.855651824840518,48.65637580953225,206.79284166797856
DS1,54.5,55.0,54.51,0.1260552853345871,2.842839545265081,0.015889949539763353,0.00012075093087208133,0.0004087583667147011,0.0002414805803789241,0.40652580152763806,7.853030055351014,2.2860078703157467,3.192459337672203,61.92343181219736,5.393823491074152,69.65799178260309,81.0523064648507
DS1,55.0,55.5,55.01,0.12818292528390884,2.0766672957285324,0.016430927507246482,8.218812607546801e-05,0.000584849678638719,9.909254436350575e-05,1.1403759896740404,4.669971964417615,-0.6269504751988436,5.325523900672761,23.243882057965894,1.691437808435816,21.904902254919744,138.41124947800134
DS1,55.5,56.0,55.51,0.12822235748171806,2.903747410735176,0.016462391737587803,0.0001876270890482872,0.0007799914970269982,0.0001415625265095845,1.1539766582413638,8.106071423141795,0.24189561881483848,9.354217212342984,67.2808241875213,1.3909946274158902,66.33990612075608,440.78873657087513
DS1,56.0,56.5,56.01,0.12639528512954712,2.751533961139267,0.0159759217329716,0.00014373272252923277,0.0008508845593746984,0.00014246237555651825,0.5237960725529068,7.473701544725794,0.26030462889968303,3.914695516559964,56.23560160355484,0.3425201500988603,56.44919069049661,90.08173428520855
DS1,56.5,57.0,56.51,0.12588037177920341,2.711971654622962,0.01585354277281286,0.00018765701313288365,0.001428738712900056,0.00014902420796105358,0.34619588265739387,7.309340175687847,0.394545854493872,2.530463473765405,53.61681543676544,0.2759179150454516,54.224625666321735,59.71891908255046
DS1,57.0,57.5,57.01,0.12487124651670456,2.026609504311808,0.015593242226705328,0.00011747591462752293,0.0007734102515461383,0.00018688030028464828,-0.0018643067483115534,4.46200716527533,1.1690015120650261,0.0,19.912330359636524,1.3665645580511483,22.087146831805168,30.302288421463455
DS1,57.5,58.0,57.51,0.12952761352062225,2.005227395689476,0.016777802831285667,8.894417716235765e-05,0.0003772956406434281,0.00013753215845870254,1.604176133972404,4.373175321140151,0.15944280481548903,7.0153434798501335,21.87427045566192,2.599556354678545,19.33418119733288,243.9456385211125
DS1,58.0,58.5,58.01,0.13031598925590515,2.321150086365495,0.01698373661070132,0.0001244567019348428,0.0008261813753008013,0.00024272312334627425,1.8760969925048094,5.68567427587785,2.3114276738869624,10.666876409336394,36.11501979674805,8.875133911540363,39.63914693199088,580.245560984009
DS1,58.5,59.0,58.51,0.12610900402069092,2.170766033197212,0.015903977579490323,0.00030335967067826575,0.0010443840360070625,0.0002840913941752571,0.4250540623439633,5.0609046141285345,3.157735082310973,2.151158065370642,25.85037116244389,10.155907282955669,37.931627467764656,41.51195251442769
DS1,59.0,59.5,59.01,0.1254468820989132,1.9698202297158862,0.015737579496581746,9.014551468938688e-05,0.0009214875309822252,0.00010285081945215962,0.19667975633070356,4.226076458975109,-0.5500641082638548,0.8311836881861471,17.92161274826665,0.34093790732039236,17.92912293118153,18.095586498861106
DS1,59.5,60.0,59.51,0.12922753393650055,2.005749752128632,0.016699753968199598,0.00017044756622071523,0.0006490832834802263,0.0002903991889064082,1.5006748534400438,4.375345447885165,3.2867792338990314,6.565970888754633,21.56077664052812,13.06938991525188,32.049452621052765,206.8432808027609
DS1,60.0,60.5,60.01,0.12426229566335678,2.86295630514251,0.015441118028670233,0.00010180863566858552,0.00047535513744150247,0.00017235661651563813,-0.21189923227395616,7.936605015589977,0.8718776312498447,0.0,63.00271845115292,0.8045335110039333,64.99072108455924,84.64134141461557
DS1,60.5,61.0,60.51,0.12550939619541168,2.5831317401505833,0.015752608302522318,8.935660902364341e-05,0.0006017216566548121,9.708002792351982e-05,0.2182416665081484,6.774075511058527,-0.6681223090368181,1.4783855285854501,45.97914835953172,0.49359163420620006,45.93144251670691,46.03434487864901
DS1,61.0,61.5,61.01,0.12961019575595856,2.840799594559693,0.01679880276247392,0.0003488494203772733,0.00036401629537891777,0.0003331103504100746,1.632659801501967,7.844555092179458,4.160559347947759,12.80748975966896,64.52808450338576,19.995732709706456,83.67038238122764,836.9797981178514
DS1,61.5,62.0,61.51,0.12042811512947083,2.6512718340279267,0.014502931111120098,0.00013929447648866928,0.0008231036405115865,0.00021033017284237987,-1.534357060289661,7.057163129103211,1.6487363541194602,0.0,51.898804955884465,5.065198541503836,54.35461714720786,69.10450113602732
DS1,62.0,62.5,62.01,0.12802834808826447,2.659507380184333,0.016391259020950757,0.0002148728481220944,0.000769283408930161,0.0003147971007684456,1.0870603409699764,7.091377657027266,3.7859089568762867,7.708755413794932,51.66717904440164,15.526871189870523,68.58703573901215,290.10085776076545
DS1,62.5,63.0,62.51,0.1238117590546608,2.017321838793725,0.015329353322628315,0.00011141250178643086,0.001178348370037872,0.00023955295194298752,-0.3672950618943708,4.423421613669801,2.2465726656690257,0.0,19.6645072451479,5.179593221505742,26.085093927048227,34.610968800582334
DS1,63.0,63.5,63.01,0.13038212060928345,1.7675844683133295,0.016999495525541104,0.00012170597236204806,0.0006946298638290179,0.00019340853202176242,1.8989065407718972,3.3858891812475873,1.3025553390032716,6.429487112599848,15.230870274892139,5.309738586999336,13.824266631580882,199.6673540511243
DS1,63.5,64.0,63.51,0.12822175025939941,2.5886177975085256,0.0164408170686056,0.0001599586516040357,0.0005771926170610728,0.00025373214165030157,1.1537672195095288,6.796867303989014,2.5366489259110208,7.8420026906986315,47.72911178515504,7.774339044984484,55.23080063518556,298.7595041480504
DS1,64.0,64.5,64.01,0.1261676847934723,2.699908455232679,0.015918283987594133,0.00021758432496697276,0.0010092627014484541,0.00016809402163030527,0.4452938102204374,7.259223684983556,0.7846739469218046,3.232487373928772,52.98233134863578,0.8150229815408405,54.337347983845376,70.84288522358705
DS1,64.5,65.0,64.51,0.1290099024772644,2.6602130524020646,0.016643555983109022,0.00023456943994072636,0.0011732080907997104,0.00019556158461945698,1.4256109840302156,7.094309368092965,1.3466022456696933,10.113725359261789,52.618852976615614,3.8513246196142172,53.68918358071219,515.4551632087253
DS1,65.0,65.5,65.01,0.12400118261575699,2.2072266321947875,0.015376292632487952,0.00014741839565876946,0.0005845737864915956,0.00017093451574554534,-0.3019604567634063,5.2123799575773635,0.8427844544470131,0.0,27.225427252182747,0.800723499385619,28.60849215881358,37.874515340707
DS1,65.5,66.0,65.51,0.12776342034339905,2.2100754856258735,0.016323490951613055,0.00016842251647909205,0.0003154266501582532,0.000211666679226045,0.995683378680532,5.224215502350992,1.6760784506401913,5.201664542336049,28.416332301436316,3.8055111589448614,31.43715244186297,127.0763704478534
DS1,66.0,66.5,66.01,0.12489242106676102,2.2423565363721627,0.015598117178629738,0.00018374258425705696,0.0003307456792714892,0.0002357869924507298,0.0054390659618127795,5.358326937245641,2.1695290920737405,0.029144293656637288,28.716776504727836,4.706930613182538,35.16118665645957,47.024918613145424
DS1,66.5,67.0,66.51,0.12951301038265228,2.522618933411649,0.016773619841975475,0.00011492159950566418,0.00042011998962116973,0.00011628890833188587,1.5991393252068011,6.52267541243584,-0.2751492049799393,10.430666757585643,45.36651219700371,2.6316729922919393,42.5737091088007,565.1440718642164
DS1,67.0,67.5,67.01,0.1323562115430832,2.352462915648673,0.01751816670151908,0.00010344800111156038,0.0005217122836371886,0.0002526343475569547,2.5797957126681403,5.815763240415688,2.5141903784420108,15.003481073517362,40.85443863971194,12.995488278873493,42.32740058656805,1206.484848048187
DS1,67.5,68.0,67.51,0.11912953853607178,2.257134567989141,0.014191844980090925,0.00016671075970070808,0.0006033095508506211,9.369886985623908e-05,-1.982252709970516,5.419722182420529,-0.737293658577189,0.0,33.042946466559954,4.477209837784835,29.510131128325966,37.40307560428958
DS1,68.0,68.5,68.01,0.12562815845012665,2.4737575053742558,0.015782431981363407,8.930985882098856e-05,0.0004333281133056835,0.00018456590675601525,0.2592042847345319,6.3196808978954575,1.1216539108711552,1.6380883668894763,40.05200944685831,1.3261471261479263,42.3557014678547,42.60368396525131
DS1,68.5,69.0,68.51,0.12846283614635468,2.4066612353982806,0.016502698429217193,0.00011583978061942645,0.0003932613666713559,0.0001419533212078455,1.236920820549009,6.040929840091332,0.24989045257712883,7.472151894684764,38.21277349792494,1.5933253594585974,36.93108300667963,275.8985630135455
DS1,69.0,69.5,69.01,0.12957483530044556,2.2248033215935306,0.01678963736037373,9.225047954470849e-05,0.0006854739742486427,0.00012047991291679753,1.6204635288481142,5.285402209996888,-0.18941010692547647,8.564801516593178,30.777146624687028,2.660886639033795,27.964449875093504,374.33270827191217
DS1,69.5,70.0,69.51,0.12608401477336884,2.4977856832411396,0.015897180668359805,0.00013885251687284522,0.0007706828066316924,0.00027439006209575856,0.41643495183384477,6.419505821097564,2.959266327249813,2.6733065974058503,41.45565686984256,8.93429695190558,52.793528091097556,59.57360834370491
DS1,70.0,70.5,70.01,0.12506407499313354,2.1039968374881823,0.015641022289281895,0.00012060024006233823,0.0008328365195806107,0.00015248268461208144,0.06464469716116342,4.783512384436973,0.465298978880587,0.3092287094586028,22.897268407379197,0.2207704808509982,23.50965284694003,27.96184759728591
DS1,70.5,71.0,70.51,0.12532074749469757,2.4938595686759997,0.015705291389892788,0.00017637089687975343,0.0010105022159120516,9.791836511691399e-05,0.15317432061780775,6.403194801297436,-0.6509717014984966,0.9808050134722132,41.05477438689365,0.44693598628569076,41.0476749343939,42.04886461647801
DS1,71.0,71.5,71.01,0.1257818043231964,2.0670118271423283,0.01582106314955804,0.00010868754217422511,0.0008903462932814715,0.0001443721844320764,0.31219870838976904,4.629858377135303,0.2993752829944731,1.4454358053691938,21.571957855599287,0.18736722648737936,21.81439860475895,22.666502059876862
DS1,71.5,72.0,71.51,0.12560005486011505,1.6234240279757355,0.015775372694582204,0.00011918152131579928,0.0004753515307891725,0.00017470221351401742,0.24951099766113674,2.7869754822893342,0.9198635895006001,0.6953810330431395,7.847818727298277,0.9090776660629158,9.003457517953926,9.169806111010477
DS1,72.0,72.5,72.01,0.1268172711133957,1.6269386740200562,0.016082619857166316,0.00014339331020845318,0.00029019615376538774,0.00019104120056872388,0.6693444270764894,2.801577058547035,1.254124739735921,1.875219991163802,8.344341171147628,2.023309154597455,9.945211516092257,16.748542090698002
DS1,72.5,73.0,72.51,0.12118978053331375,2.0676928494780227,0.014686963933128381,9.197545373847525e-05,0.00016884213007212662,0.00019984832213311538,-1.271648936157606,4.632687680411491,1.434299837158978,0.0,22.937172011958832,3.6689828408426326,24.53558691321365,31.91676931741352
DS1,73.0,73.5,73.01,0.12426640093326569,2.6893198295516982,0.015445488741665563,7.750835439145979e-05,0.0002819262282723738,0.00016387854751264124,-0.21048327225872795,7.21523330205583,0.698434253932286,0.0,52.07437243284053,0.5316849875665128,53.47946981585727,69.80669029687417
DS1,73.5,74.0,73.51,0.1239120289683342,2.354857776110817,0.015354239373893463,6.316946022461993e-05,0.00031141763416222493,0.00016810001753884353,-0.33271068823749067,5.82571267407802,0.7847966105409133,0.0,34.00701687069694,0.7258403468282777,35.339573694057826,46.38253224178932
DS1,74.0,74.5,74.01,0.1234215795993805,2.8360186241523415,0.015233317592813163,0.00012155129694388681,0.0003026448126058857,0.00015997341861494327,-0.5018729385504233,7.824692578825784,0.6185435683719646,0.0,61.39022572739604,0.6335664387869744,62.55529123459101,80.29947731394958
DS1,74.5,75.0,74.51,0.12869111448526382,2.624121963940474,0.01656148695766493,9.380933473870585e-05,0.00024006797440204156,0.0001535324530670491,1.3156569347170244,6.944369153986085,0.4867750232683675,9.136407434676789,50.18802018524882,1.969779518851124,49.14775349921641,419.6080055085694
DS1,75.0,75.5,75.01,0.12788638472557068,2.0348857456569407,0.016354950112242465,0.00012441256370911288,0.00024033121910868883,0.00018637115210745224,1.0380953643272217,4.496390761120883,1.1585854162091485,4.667682405323337,21.413466776051372,2.4234833452069005,22.371334551091284,100.69345448160034
DS1,75.5,76.0,75.51,0.12440769746899605,1.9497184833211734,0.015478277299637749,9.168489841766573e-05,0.000527895293940768,0.00012470262701675644,-0.16174829275093314,4.1425638721615226,-0.10302229919656392,0.0,17.173091331332728,0.03682489730498004,17.192858005155596,22.83689701643371
DS1,76.0,76.5,76.01,0.11773885786533356,2.1465204145967456,0.013862494198477293,0.00014771466717830226,0.0011001030418393816,0.00024492853512994106,-2.4619162320801387,4.960176334681474,2.3565457388614157,0.0,30.36801845377581,11.597403766970125,31.892899365194992,42.67980142008734
DS1,76.5,77.0,76.51,0.1284775212407112,2.768410384407099,0.016510128138063566,0.00022282494269446906,0.0008093377441203893,0.00031828015662307974,1.2419858971189088,7.543814545635424,3.85716491983199,9.369311276159685,58.69150262055288,16.434289880416642,76.09373716805105,432.9680958711817
DS1,77.0,77.5,77.01,0.12601980566978455,2.297612494937692,0.01588120415092516,8.630233413687167e-05,0.0006266948322704515,0.00016916688599188186,0.3942884120675353,5.587887491142861,0.8066224847562704,2.2032392856947625,31.43902700467694,0.8070346665889824,32.63859639549461,37.68970476914464
DS1,77.5,78.0,77.51,0.12337379902601242,2.9882660189261543,0.015228004612059347,5.315557817621158e-05,0.0005576209129585486,6.925494053151908e-05,-0.5183530684554294,8.457203482283138,-1.2373648016042735,0.0,71.69582201505092,1.8016404374076587,71.96530739268644,89.08530781640214
DS1,78.0,78.5,78.01,0.12376447767019272,2.58018929958868,0.01531764840533039,5.183673722346391e-05,0.0002114049165244991,0.00012932443070767102,-0.3836030151732058,6.761851159102002,-0.008469961728253532,0.0,45.81280943123064,0.1472328262961194,45.927077368466904,58.90867548236335
DS1,78.5,79.0,78.51,0.12129252776503563,1.6761644256839003,0.014714607373566422,0.00015662936137130623,0.0005816261784494961,0.00018601479253310983,-1.2362101038708468,3.0060851534443076,1.1512950523195002,0.0,10.47476319655777,2.849541120358846,10.882752825419374,14.821966094130035
DS1,79.0,79.5,79.01,0.126968614757061,2.6744946110478476,0.01612160242848404,0.00010310188885535874,0.0007976619253799578,0.00013996990601271116,0.7215447824110269,7.153642019237792,0.2093139687167754,5.161673074217312,51.8303103905025,0.564881933662648,51.660593557606376,134.89579042173
DS1,79.5,80.0,79.51,0.11951353028416634,2.625337694416813,0.014287466613006346,0.0001302972914866111,0.0012880564214286382,0.00018374815515886483,-1.8498090525388684,6.949419899078259,1.1049244411338295,0.0,51.407201546034216,4.63668635273142,50.79371462366374,64.46668291198428
DS1,80.0,80.5,80.01,0.12335958331823349,2.3516318351424252,0.015220786269101715,7.42788638645124e-05,0.0010967869192575488,0.00011893919814939715,-0.5232562476007204,5.812310521355151,-0.2209298754773127,0.0,33.98695339026152,0.3229457518757488,33.813410156280575,43.096726507870386
DS1,80.5,81.0,80.51,0.12081815302371979,2.5945465949125834,0.014601101455393579,0.00018947827213299152,0.0009104839421513127,0.00015406934563646672,-1.3998280098410303,6.821498457829298,0.4977587107641375,0.0,48.26433977846664,2.2052499557529113,47.46141013598548,59.85434235859084
DS1,81.0,81.5,81.01,0.12469633668661118,2.822515312137636,0.015549179892778833,6.903353660332831e-05,0.0007268102912475032,0.00011419238822765263,-0.0621929407183604,7.768593148718773,-0.31803957628546137,0.0,60.352164697437395,0.1050751823338147,60.39533031875353,77.79048434252701
DS1,81.5,82.0,81.51,0.12584837526082993,2.4669567271601416,0.015839159959056725,0.00022175087321763188,0.0008911849865467466,0.000205319958333173,0.33515987487990306,6.291427104923741,1.54623795203579,2.108633921302272,39.75239498834332,2.5047043000221283,43.4962063479727,45.856016702068686
DS1,82.0,82.5,82.01,0.12517978250980377,1.9199273223573754,0.015669985289340913,8.410893534366775e-05,0.0010085970337303082,9.990947794218322e-05,0.10455369722739524,4.018796669679996,-0.61023774039097,0.4201800502201866,16.174470520082828,0.3831358741236148,16.26488553619563,17.814547654780007
DS1,82.5,83.0,82.51,0.12127475067973137,2.6818207124158318,0.014707604006311412,6.585999811118887e-05,0.0011378624414331577,0.00020949855917587001,-1.2423416476028513,7.1840782641533005,1.6317232957341228,0.0,52.94245954561858,4.200016493547269,56.12624944279325,71.51210334493835
DS1,83.0,83.5,83.01,0.12687861919403076,2.080868479783171,0.016099445517843244,0.00016661900900492906,0.00042601213971126635,0.00024992257682906257,0.6905041634928033,4.687425758789191,2.458713279424505,3.236687002507349,22.53195169752016,6.527044107873485,29.721168959294623,53.87930613446758
DS1,83.5,84.0,83.51,0.1243010051548481,2.4451850477774086,0.015450806314049912,0.00011641526524723279,0.0003909923735826823,0.0001721758256226243,-0.1985478343445223,6.2009767913626135,0.8681790315968468,0.0,38.46703137999115,0.792653847808264,40.12300298905447,52.92996088024049
DS1,84.0,84.5,84.01,0.11830807104706764,2.371621417089924,0.014008415166111732,9.49176360911346e-05,0.0005542867755547675,0.0001553546472128502,-2.2655873369378328,5.895357121634463,0.5240532651256001,0.0,39.564937700439245,5.404058447554513,35.614352326994485,46.2812007800281
DS1,84.5,85.0,84.51,0.12023525685071945,2.3340599991973487,0.014469346151639171,8.187652638050596e-05,0.0006844880727835366,0.00015389527799218312,-1.6008763434006985,5.739308432580254,0.4941976545736788,0.0,35.28137231401119,2.8047295456326644,33.7252421031079,43.0218537922218
DS1,85.0,85.5,85.01,0.12345298007130623,2.3413382535539706,0.015241552678655443,8.856932124017e-05,0.0009038236120009495,0.00013419667494619686,-0.49104251480418154,5.769545897369314,0.0912058601537365,0.0,33.464038211755415,0.24931086617951764,33.52236525259699,43.12823014723935
DS1,85.5,86.0,85.51,0.12260152772068977,2.719094815580423,0.01503363400262931,6.437217675985488e-05,0.0008848865348252283,8.864499431909486e-05,-0.7847193034435231,7.3389333058650115,-0.8406852730350368,0.0,54.34203862728638,1.32446750354997,53.97736709431938,66.88014129235411
DS1,86.0,86.5,86.01,0.12121012061834335,2.0134921182347587,0.01469191321772476,0.00011502980716325239,0.0005566407585955154,0.00014749022357260226,-1.2646333810912305,4.407511062199677,0.36316377527378546,0.0,20.891246079441974,1.7298465910498357,19.86740109377639,25.751765565232716
DS1,86.5,87.0,86.51,0.1265002191066742,2.253480917966709,0.01600235861425582,0.0001031986088535932,0.00027929649287312947,0.00013572139420385039,0.5599891412543111,5.404543114955771,0.12239839437527537,3.026485457815982,29.601762448005253,0.32877028123177904,29.45003302930299,50.052346962192104
DS1,87.0,87.5,87.01,0.12606024742126465,1.727147679236856,0.015891352641199674,0.0002036263922053451,0.00037931027180841583,0.00018726602934907466,0.40823728858778685,3.2178947795721244,1.1768927136629377,1.313664639773318,10.555484995747461,1.5531420038577568,12.311593476558485,13.4725731064085
DS1,87.5,88.0,87.51,0.11931607872247696,1.9347602069915295,0.014236397583334122,8.950223158969825e-05,0.0005374508305896913,9.92426485467847e-05,-1.9179126175907193,4.080419801391155,-0.6238796607848311,0.0,20.13839051205874,4.071121298288033,16.770477456157217,22.344277333131448
DS1,88.0,88.5,88.01,0.12571804970502853,2.9472336763198346,0.015805041561723934,0.00014807225932578495,0.0005532992324831942,0.00017395356841020705,0.290208926447287,8.28673485698119,0.9045478925923507,2.4048844265978233,68.8239201566927,0.9031974508912114,70.83432511980374,72.98492889843004
DS1,88.5,89.0,88.51,0.12665048241615295,1.8530267183407088,0.016040383321639793,0.00010406393487815866,0.0006614590856383623,0.0002467482797945841,0.6118168755322096,3.740858504949555,2.3937738695100026,2.2887203623063295,14.426942586069092,6.108767717510506,21.038618537238857,29.95336319337773
DS1,89.0,89.5,89.01,0.12553992122411728,2.405487567033686,0.01576650959494177,0.00019216199220121224,0.00046257201995162636,0.00017205460959755856,0.22877013870849303,6.036053841794272,0.8656992078580946,1.380868874639208,36.525862584798645,0.8023515730194631,38.06955213588901,38.172929534500014
DS1,89.5,90.0,89.51,0.12307370081543922,2.175333795769831,0.01514729367588272,9.212273576709083e-05,0.0005348550450194672,0.00013549371415877824,-0.6218607734887661,5.0798813567905565,0.11774054174973439,0.0,26.11801339198219,0.400360466838955,26.02056228074316,33.49105963588107
DS1,90.0,90.5,90.01,0.1209222748875618,2.5431636019905017,0.014629118409605802,0.00010389553471858764,0.00040912737839553367,0.00020743835301086032,-1.3639150493822028,6.608028116850571,1.5895758308923733,0.0,45.311045442124744,4.380686908924427,47.84163358929062,61.04443108825203
DS1,90.5,91.0,90.51,0.1274150386452675,1.8669263534327445,0.016235005521509374,6.57378328308985e-05,0.00030297403740018843,0.00016693794155099654,0.8755220822158228,3.7986044569433637,0.7610229913405303,3.325762083657359,15.280224321115547,1.3476456158244876,15.472989817433179,49.91132136158664
DS1,91.0,91.5,91.01,0.12376706674695015,2.096397613834519,0.015319124048404001,7.687729202670046e-05,0.0008099226214969573,0.00010456135132682083,-0.3827100095374675,4.7519414545968,-0.5150702405274984,0.0,22.68603685468301,0.4123414493518073,22.618019578928003,28.926366140913046
DS1,91.5,92.0,91.51,0.12548718973994255,1.9618589432921087,0.01574839153588413,0.00017321383622746403,0.000467183747431207,0.0002219702848094346,0.21058237644392405,4.19300134149236,1.886868448964035,0.8829721869240228,17.650047946445167,3.6057867619660935,22.320099242900007,22.855610836114284
DS1,92.0,92.5,92.01,0.12273514270782471,2.8820376851443084,0.015071631633589414,6.118792897911067e-05,0.00044918405225374055,0.00010666988172799004,-0.738633788138451,8.015878496243497,-0.4719341639248828,0.0,64.66377987491188,0.7693224229361666,64.25964413549038,80.32168347473228
DS1,92.5,93.0,92.51,0.12858575582504272,2.512738430049185,0.016534295615064525,0.00016237485140739306,0.0003741866731794631,0.0002380882150398001,1.279317387393355,6.48162691950307,2.216607243674857,8.292058016717107,43.85917301701149,6.558304622709413,49.10466364411311,336.27241707200017
DS1,93.0,93.5,93.01,0.12833155691623688,2.328627691709347,0.016469634784222364,0.00019568124933979297,0.00031452662728921393,0.00018662454483021657,1.1916409376663943,5.716739943167356,1.1637692958884012,6.812301346270878,34.2742294877005,2.7784271653525066,35.101990413871846,223.86132012357632
DS1,93.5,94.0,93.51,0.12571269273757935,2.6460023913294317,0.015804196160533794,0.00016794436456920713,0.00048372860792114734,0.00022769885141256827,0.2883612399664357,7.035271260497555,2.004062816984024,2.028699544177304,49.63573254776761,4.101118142939252,55.685092940531206,56.517074084038825
DS1,94.0,94.5,94.01,0.12313062697649002,2.0675213640042034,0.015161154000768364,0.00015521517340443404,0.000611252619104618,0.00014471249402522483,-0.6022262136042815,4.631975245022128,0.3063372981831163,0.0,21.75242259196321,0.455980607932658,21.842822688841174,28.395308586215318
DS1,94.5,95.0,94.51,0.1269063800573349,2.1553941817290183,0.016106586051751946,6.0892590520093855e-05,0.0003319118834483535,0.0001392944423047874,0.7000792397482302,4.997042347884805,0.19549540853328015,3.498325607896905,25.55064558178856,0.5287306266849219,25.25812389816094,60.00844258791287
DS1,95.0,95.5,95.01,0.1300913393497467,2.4697678940879526,0.016923770145478696,0.00014086994666523303,0.00029231186193858156,0.000209031668731697,1.798612371127023,6.3031060813418325,1.6221717038036918,11.336844574427392,43.25013670763134,5.874989476989295,43.95351451552914,661.5930967712974
DS1,95.5,96.0,95.51,0.12648513168096542,2.5402526733041464,0.01599870821181426,0.00018875462276366574,0.0004152168668202163,0.00022802948341394915,0.5547852954633182,6.595934680795117,2.0108268490942245,3.6593275707416666,43.91099989475127,4.3544818997739325,49.581748786666964,76.65007674209757
DS1,96.0,96.5,96.01,0.12768732383847237,2.654838317310333,0.01631757910779472,0.00010696894646883084,0.0006386595677047776,0.00020397469986389562,0.9694367223909983,7.071980062860742,1.518716806336924,6.855837172954204,51.12944806903744,3.2506193349567627,54.02896283211078,228.05656932371392
DS1,96.5,97.0,96.51,0.1276925951242447,2.4671943561933944,0.016306517263019536,6.829161236164769e-05,0.0005686179580160466,0.00016764084355984642,0.9712548561673575,6.292414333340581,0.7754028811827957,6.111537978274125,40.6946234440107,1.5467905672445958,41.04859330436755,180.2969530141077
DS1,97.0,97.5,97.01,0.12192682921886444,1.9506904537170378,0.014880180603415461,6.52861119759183e-05,0.0005276801391051557,0.00013286405513924474,-1.0174314325161389,4.146601917437341,0.06394327478006873,0.0,18.128245651942617,1.0390674920722536,17.31442251626107,22.341918794129196
DS1,97.5,98.0,97.51,0.12661869823932648,1.9747088931649344,0.016032499481961712,0.00025037527088179676,0.0004587201369535431,0.00022316316018795734,0.6008541070658513,4.2463863824352135,1.9112721586173549,2.551458698074701,18.458511193408096,4.017352702224763,22.89375417810466,35.21357604726656
DS1,98.0,98.5,98.01,0.12447216361761093,2.623353183711052,0.015493726760385356,0.00013776392740572475,0.00037680913123054957,0.00013617856715228343,-0.1395130948711475,6.9411752610581035,0.13175118687630635,0.0,48.182827651522786,0.03676862265283675,48.545842039355044,63.1287156127085
DS1,98.5,99.0,98.51,0.12886371463537216,2.756944923304576,0.016606964838099043,0.00011198082256598888,0.0003630388082859244,0.00018759287728691644,1.3751889305659828,7.496181355121486,1.1835793318289987,10.308665621078177,58.346814898001014,3.2967699004128956,59.07252824454196,536.4316910025155
DS1,99.0,99.5,99.01,0.12906259298324585,2.0733421226538113,0.016657153364782573,0.0001004707019696119,0.0006820704890310183,0.0003283390327388483,1.4437846123926363,4.656157552494387,4.062948270371024,6.722488627167154,23.933638995550016,18.60925102596798,40.94806812799706,219.1029754399009
DS1,99.5,100.0,99.51,0.1256493330001831,2.22881955802716,0.015787754309199445,8.212479402946264e-05,0.0007153258792743265,0.00016527660978666274,0.2665076574446562,5.302087640568014,0.7270356538997597,1.4130469566540458,28.222272574472697,0.6001748915993075,29.30006384531641,29.54189931074235
DS1,100.0,100.5,100.01,0.13026568293571472,2.384302147910352,0.01696914753716161,0.00018404890954325345,0.0004221798780460602,0.00031312021473453594,1.8587457002673853,5.948039143022378,3.75160341194676,11.055892182114947,39.11253629608638,17.549886776949066,52.73060442921333,621.083880244434
DS1,100.5,101.0,100.51,0.12344665080308914,1.5624354362984485,0.015239074353781726,0.0001120431536852455,0.00040134402138009337,0.0001894295024923756,-0.49322556023600794,2.533598737946989,1.221152802673455,0.0,6.632601873312212,1.7327285563552701,8.369566741161753,11.467274864651458
DS1,101.0,101.5,101.01,0.12861353158950806,2.7178051433647794,0.01654144088500094,8.43073382485675e-05,0.0003994011744955788,0.00016122072052754828,1.2888976032495632,7.333575370253093,0.6440607299072612,9.452227717969238,55.684007382472615,2.078502477375818,55.09269361531701,449.1896370173313
DS1,101.5,102.0,101.51,0.12462494522333145,2.363899328145875,0.015531377203409628,0.00018493636671444892,0.0007392723313177514,0.0002379089232026106,-0.08681676806122154,5.8632757486701825,2.2129393115364624,0.0,34.378214541848095,4.904086379574663,41.22931139024242,55.19316465440902
DS1,102.0,102.5,102.01,0.1330825537443161,2.0824858948075553,0.017710965558371643,0.0001766555047110418,0.0005708074537234416,0.00018622334150921732,2.8303204131482955,4.6941452999666184,1.155561523698704,13.28593526477965,30.377781522874976,9.355617299770046,24.219559905741544,949.1503273163213
DS1,102.5,103.0,102.51,0.1267061084508896,2.37183772264804,0.01605443671278866,0.00012779806489330534,0.0007332824035452055,0.0002449686070326877,0.631003005248532,5.896255761799635,2.3573655253181505,3.7205551054095425,35.26105109968973,5.9596982860434,42.408337645892075,73.8602272918009
DS1,103.0,103.5,103.01,0.12737524509429932,3.3642452229302657,0.016224453264216423,6.550461689815997e-05,0.0004941104261194204,0.00015453303085585982,0.8617967783295547,10.019206867359925,0.5072447305683341,8.634520199708133,101.35540462422958,1.001270975275076,101.80292232038518,377.293096894056
DS1,103.5,104.0,103.51,0.12498632073402405,2.221231734614509,0.01562158171588695,0.00012989541954403882,0.0005032442751849412,9.91916076208141e-05,0.03782626028471811,5.270564072961876,-0.6249238502787627,0.19936572847113992,27.789410391585495,0.3918923770303351,27.850304701485083,33.60375459293338
DS1,104.0,104.5,104.01,0.1272546648979187,2.140900875576362,0.016193751493335264,0.00012409453255667548,0.0003235453253096168,0.00010654253845789718,0.8202071288078614,4.936829992971803,-0.4745393381497871,4.049223153947937,25.148649286114594,0.8967913919433372,24.391700606116054,79.79219304264996
DS1,104.5,105.0,104.51,0.12877337634563446,2.0526627325856706,0.01658258256455151,0.0002070225042563212,0.00033001447816720966,0.00019169371254961019,1.344030100829791,4.570245148447151,1.2674737560821063,6.142547047684288,22.848421010666357,3.4178939834325,23.389094798218064,179.56456802667873
DS1,105.0,105.5,105.01,0.12852659821510315,2.2321836348463484,0.016519086357094044,0.0002769368894672955,0.00039358273321477857,0.0002212430820828831,1.2589131722918816,5.316063677868133,1.8719914177859394,6.692462588810619,30.014900719247358,5.096114589574482,33.27134310115837,214.36818790290386
DS1,105.5,106.0,105.51,0.12886765599250793,2.0528984009562246,0.016606872841961814,9.973188822571844e-05,0.0005026773416974913,0.00010355667618512228,1.3765483549726176,4.5712242313023745,-0.5356237710096867,6.292511195810253,22.94955120802493,2.179627406797466,20.946920169462494,196.28978905320008
DS1,106.0,106.5,106.01,0.1259843111038208,2.6005128428018818,0.015872048195416728,0.00025450059063845666,0.0008747100879869462,0.00032508618788007574,0.38204588300665127,6.846285199489588,3.996401937946018,2.6155950743543674,47.08919703622696,16.121685382312776,66.87097499712819,71.07857960506803
DS1,106.5,107.0,106.51,0.12178488820791245,2.2681613420871587,0.01483156047298727,0.00010605871439158093,0.0005262992038753896,9.035832832794696e-05,-1.0663886997577219,5.465532850362133,-0.8056340795541514,0.0,30.87027187123277,1.7887464832911164,30.06141811418202,37.19210862454537
DS1,107.0,107.5,107.01,0.12344837933778763,2.490298038209798,0.015248080921121362,8.064783679690441e-05,0.0005030277133820876,0.0001477979782622239,-0.4926293665453855,6.388398443985609,0.3694597859260257,0.0,40.982976260174496,0.37865295939118293,41.460500119430044,53.423918897659284
DS1,107.5,108.0,107.51,0.1238013505935669,2.4068464673805754,0.015327081807130001,0.00010276404976339972,0.0005673097236107128,0.000179146415555627,-0.3708850730400582,6.041699385269064,1.0107825725032016,0.0,36.59001616276929,1.1581436894846477,38.53193695641714,50.51640468980909
DS1,108.0,108.5,108.01,0.1269695982336998,3.069009771597446,0.016121468923694246,7.296490574887753e-05,0.00044534668034622267,0.00011135035096595296,0.721883996062588,8.792652926436388,-0.3761816533265058,6.347275430527308,78.000146810817,0.661836680940392,77.36000302426396,209.76816921673006
DS1,108.5,109.0,108.51,0.1269412450492382,2.977954462167288,0.016125457147651505,7.918704868793105e-05,0.0005822687170684875,0.0001866450790215426,0.7121046206761072,8.414364180557865,1.1641893820534008,5.9919076130267825,71.46715160455886,1.8648574472138293,73.82951132776518,183.2393902193298
DS1,109.0,109.5,109.01,0.12690149247646332,2.818015782954732,0.016104417376970312,9.163486934335593e-05,0.0006464122163737832,0.00022845855720580725,0.6983934506919875,7.749899881271804,2.0196047922263234,5.41247932059884,60.691318174674876,4.570690059493561,66.57489246509255,149.67937529481594
DS1,109.5,110.0,109.51,0.12747453153133392,2.5367498259678185,0.016252715834533332,0.00017586010540100087,0.0005547839562041957,0.0003720213163148116,0.8960419383348738,6.5813821222001705,4.9565954900008995,5.897194393698726,44.26955113983519,25.383767887397084,72.65237429303156,178.19403676278267
DS1,110.0,110.5,110.01,0.12756644189357758,2.2320318430131945,0.016275513126127183,0.00018908197217625818,0.0007376590054907194,0.00032052436873023773,0.9277429959534852,5.315433059592738,3.903076757438507,4.931355791496768,29.240517918157238,16.105335357384146,46.522903779540755,120.55394589545531
DS1,110.5,111.0,110.51,0.12823834270238876,2.2473229558856596,0.016446070807769754,7.532525578860591e-05,0.0005272130531163847,0.00015825922813973096,1.1594901649794256,5.378959897816802,0.5834748533990955,6.2368510993373185,30.43596696570595,1.6868417157618516,29.83811577496129,187.25622208239702
DS1,111.0,111.5,111.01,0.12852823734283447,2.134055106181545,0.01652055937793584,7.773481298715976e-05,0.0006090162589084112,0.00017966274208193814,1.2594785283778167,4.908389284405266,1.021345522213848,6.182010912628189,25.83486109936771,2.6331989937011793,25.9367041380993,182.48434938486446
DS1,111.5,112.0,111.51,0.12752199172973633,2.4353270141110106,0.016262044022036903,0.00016583063627356685,0.0007252227776803407,0.0002457712580364272,0.9124115668230834,6.160021648649597,2.3737860688224193,5.620475004108492,38.92279872567023,6.47370066013974,45.779907774062714,151.6260974867798
DS1,112.0,112.5,112.01,0.12695500254631042,2.1098348655525645,0.01611983115276224,0.00016530982085694767,0.000592354179447028,0.00022907609925006337,0.7168497570973756,4.807766437591036,2.0322383975618674,3.4464462029680494,23.71703699061815,4.64813521770551,28.705359371670372,58.67442955332293
DS1,112.5,113.0,112.51,0.12866982072591782,2.03353531654889,0.016555931163185395,0.00014605767170492622,0.0003924883118393669,0.00017983319770213798,1.30831244520065,4.490780411357871,1.0248326840238982,5.875343900842798,22.02694310975793,2.7658890672703036,21.94437015127808,163.7356723521331
DS1,113.0,113.5,113.01,0.128202922642231,2.404151147528645,0.01643630674874213,0.00013699855294787175,0.00029481375283890227,0.00017737249273524437,1.1472733339224477,6.03050169484432,0.9744918599648753,6.918633784669014,37.859457790856105,2.2691437010023114,38.292314413377,231.90397633671307
DS1,113.5,114.0,113.51,0.12362907826900482,2.122938631364506,0.015284481030913078,0.0001305599151128736,0.0003310386482057205,0.00010903064981983873,-0.4303039976718298,4.862205955355647,-0.42363783715884357,0.0,23.77825285495775,0.3651642397535233,23.64976747090797,30.251896706579398
DS1,114.0,114.5,114.01,0.12764789164066315,2.1979716118555395,0.016299024395980605,0.00015594710644471348,0.00035675607029403623,0.00020289872548010852,0.955836053823675,5.173930030174724,1.4967046440196268,4.945428862802016,27.809286261795428,3.157936301514257,30.201843613100312,114.7035954951136
DS1,114.5,115.0,114.51,0.12705707550048828,2.684875971838537,0.016143925709783763,7.581765190067821e-05,0.0004725206328076056,0.00017412547309901593,0.7520560224487842,7.196771321401491,0.9080646992842042,5.412375214446686,52.50047584657992,1.3921691557642486,53.75476376713297,145.85415703351407
DS1,115.0,115.5,115.01,0.1245802640914917,2.4509497349346594,0.015520298338794092,0.0001678567771157517,0.000520205483109798,0.00019364261917510978,-0.10222786100373231,6.224926150150648,1.307344267525659,0.0,38.750356696611206,1.7192125394373337,41.75800051776928,55.615400011594154
DS1,115.5,116.0,115.51,0.12555620074272156,2.7255338954133586,0.0157643627725435,0.00012972378629344354,0.00098607812291488,0.00013184919414325146,0.2343851525619841,7.365684425045835,0.04318136324210947,1.7264070676877983,54.35904887228856,0.056830739004087326,54.550401996125515,54.7517002302875
DS1,116.0,116.5,116.01,0.126962311565876,2.508704101100213,0.01611952667131986,0.00012370501582979046,0.0005942761410710092,0.0001273526266901607,0.7193707312805677,6.464866323683683,-0.048808905429281166,4.650635614899446,42.433057717733725,0.5197750233276256,41.947763349891254,109.08326730587721
DS1,116.5,117.0,116.51,0.128812737762928,3.0155397779474225,0.016592903691444703,0.00010797186638036242,0.0005093520382828231,0.00012299272144819024,1.3576063562934035,8.57051215324496,-0.13800335403362501,11.635381775935222,75.59502754260953,1.8615962116894396,73.65218234612787,700.5425007867198
DS1,117.0,117.5,117.01,0.12033374980092049,2.4251088252461632,0.014481240605749218,0.00010405761801650712,0.0005792394147592164,0.00017132445681024484,-1.5669048671369799,6.117570243289233,0.8507618246703952,0.0,39.64962321592917,3.1750962720719387,39.036269116270866,49.74757927725281
DS1,117.5,118.0,117.51,0.13040252029895782,2.1545840828271636,0.017008543120705037,0.00011323483355811689,0.0004981793116051465,0.00020008866859335672,1.9059426542413977,4.9936767967759454,1.4392168178742615,9.517661608470826,28.808379281166527,5.711993677497597,28.114983376867613,460.127161447522
DS1,118.0,118.5,118.01,0.128430537879467,2.6141532090843933,0.01649543547866022,0.00010558590431055747,0.0003554670413121867,0.00033297510455360265,1.2257807358556982,6.902954020743695,4.157792503504005,8.461508059125258,49.36935832407802,18.804716217723627,69.15893243304225,351.35857654207854
DS1,118.5,119.0,118.51,0.12564343586564064,2.212087808941402,0.01578687617070809,0.00012785414151756232,0.00044055414474167406,0.00019921441652529442,0.2644736604354854,5.2325756876943545,1.4213314678897326,1.3838784456302533,27.488077133787186,2.0912328381647343,30.552136427602985,30.694444257725376
DS1,119.0,119.5,119.01,0.12789856642484665,3.0110497100488587,0.016358772970006243,9.961592845671163e-05,0.0005481230694720032,0.00018658566343645772,1.0422969879658752,8.551858192647968,1.162973864729966,8.913576035708271,74.4516583404391,2.44244005737009,76.19068981406006,394.5121459375216
DS1,119.5,120.0,119.51,0.12270896881818771,2.9005729671509943,0.01505771195222241,0.00022726567963166408,0.00100327983444614,0.0002436343880232179,-0.7476614969106772,8.092883215997837,2.3300702236401465,0.0,65.91463580202914,5.983144901448456,73.82833572681108,95.10411197866372
DS1,120.0,120.5,120.01,0.12151017785072327,2.7228221844869958,0.014764939574618156,0.00012834700258673636,0.0013309662980131674,0.0002294018787882511,-1.161139809960042,7.354418637999054,2.038903158528576,0.0,55.23363644202665,5.4984625221411365,60.56268745881836,77.34111036383162
DS1,120.5,121.0,120.51,0.1240139976143837,2.8061417721420816,0.015380336708087583,0.0001161894086562235,0.0011807970323265775,0.00020002295419595804,-0.29754040009155064,7.7005693733972365,1.4378724401605172,0.0,59.33983927245398,2.1547613486353994,63.16314499546733,82.49681554989597
DS1,121.0,121.5,121.01,0.12124326080083847,3.521671897952311,0.01470101389905882,5.3040686804261595e-05,0.001985074300579436,0.00010997120978890155,-1.2532029089537804,10.673235060055204,-0.4043959676309725,0.0,115.17628768969792,1.7355388779026197,114.02148528169235,140.83152513134394
DS1,121.5,122.0,121.51,0.12258036434650421,2.287433108369203,0.015031077679855502,7.588207650413274e-05,0.001779860530416271,0.00026583566880156314,-0.7920188214530615,5.545597289693816,2.784261516210476,0.0,31.277439353399377,8.37297727698313,40.79307486408278,52.72432128778307
DS1,122.0,122.5,122.01,0.12772899121046066,2.3280854250740397,0.016320736270842753,0.00017243962722871464,0.0013882539436160725,0.0002665260011304461,0.9838083310755058,5.714487099629885,2.798384256960832,5.621960016439385,33.766932400942146,8.806900378803707,42.85806082261227,151.00220071750917
DS1,122.5,123.0,122.51,0.1232018880546093,2.1193931623044957,0.015183348623099963,0.00012765697799540867,0.0014188363078463913,0.00012042262415691739,-0.5776473577682562,4.847476325061094,-0.19058211389928556,0.0,23.766298419156794,0.3703206359819322,23.517405435919674,30.119905228879077
DS1,123.0,123.5,123.01,0.12427053973078728,2.1059224779994783,0.015457752458230445,7.020559042025847e-05,0.001592174813708669,9.15888588114211e-05,-0.20905574814174202,4.791512446581507,-0.7804600260202018,0.0,22.98109739787926,0.6533005313824213,23.166390808136917,29.60948408297316
DS1,123.5,124.0,123.51,0.12231447920203209,2.4371649376221933,0.014960849599553683,0.0001942812825642871,0.0020855710482720695,0.00027653731919317784,-0.8837260030926998,6.167657291034616,3.003194670226716,0.0,38.69250678324641,9.792412125478972,49.80711445960553,64.07079548594177
DS1,124.0,124.5,124.01,0.12501190975308418,2.1564570096668665,0.015632561721389493,0.00017099929643963312,0.000813190507893221,0.00017791560892707094,0.0466522397262811,5.0014578602828115,0.9856028696243807,0.23332921107880666,25.026308550269935,0.9737259463729034,26.779781390895877,33.095508015083645
DS1,124.5,125.0,124.51,0.12634407728910446,2.406475614972815,0.015965174600708565,0.00012985995666231303,0.0005508394369641022,0.00016370262753299762,0.5061338344682184,6.040158681128737,0.6948353028744165,3.0571286740761843,36.82062821983898,0.7399972311901647,37.711021116308544,55.409725806162676
DS1,125.0,125.5,125.01,0.12611304968595505,1.988032354117824,0.01590453767236709,0.00012097591896823168,0.0006328650098319526,0.0001381500068510628,0.4264494639560666,4.301738622366878,0.17208267738591826,1.8344741295874636,18.73487321106732,0.21168657643261835,18.72167785605446,22.92785092862603
DS1,125.5,126.0,125.51,0.10330488905310631,2.223705259801092,0.010676576757090613,0.0012350192507321848,0.0028103530096288075,0.0010777468434074742,-7.440376394914046,5.280840318757835,19.394248549311655,0.0,82.2905679208166,431.07515259295906,419.885861069296,487.0992297929233
DS1,126.0,126.5,126.01,0.09716366231441498,26.530780389466837,0.009440779749159332,0.0015623768284940172,0.002891772803130255,0.0012716305466764525,-9.558563919581937,106.26444055383487,23.360699434521486,0.0,11360.188144508207,636.4370053363616,12231.801773804567,15169.009778049562
DS1,126.5,127.0,126.51,0.09690572693943977,24.727054305088025,0.009391813869215209,0.0009218235549941118,0.0023622886675917906,0.0013067791091049123,-9.647529124204791,98.77087117673658,24.079764751552304,0.0,9826.766427116409,672.2321924558926,10708.288876608864,13275.17012801932
DS1,127.0,127.5,127.01,0.10305771604180336,20.73102101420523,0.010623380625639573,0.00048756358744492354,0.003368559506497968,0.0012521990428698202,-7.5256295228726575,82.16937444296988,22.963171926147826,0.0,6794.2320592758,583.438413945095,7570.574761806663,9415.856729958145
DS1,127.5,128.0,127.51,0.09886030480265617,18.682054125527664,0.009773364099354847,0.0003191018668165512,0.0186124641815381,0.003336777211219652,-8.973370259531565,73.65695359112507,65.60923645726216,0.0,5490.411716420259,4383.381542398713,10435.033375623741,12649.114952898999
DS1,128.0,128.5,128.01,0.09471205994486809,17.05697297168454,0.008971024357904471,0.0007405169108748428,0.03967639181998929,0.0019036356840060847,-10.404152883412811,66.90556352408379,36.29018909328113,0.0,4568.138099455505,1424.123485019849,6151.799632538474,7563.387050417154
DS1,128.5,129.0,128.51,0.0975637398660183,18.46367279610229,0.009518717310286738,0.00034528143093919065,0.09942174805200504,0.0024088276424639662,-9.420572063106954,72.74968964629191,46.62534907341735,0.0,5365.187838320266,2261.3911241188407,7964.316031992195,9784.124920198738
DS1,129.0,129.5,129.01,0.10457036644220352,18.196308027596434,0.010935408743647044,0.00039980460545348734,0.16888011830682642,0.0033134506834559124,-7.003897083468492,71.63892429275963,65.13202498906053,0.0,5169.608601840339,4289.91083173952,10055.030422785436,12222.725777571612
DS1,129.5,130.0,129.51,0.1009654588997364,17.03613366859029,0.010205939798377115,0.0003865263378809653,0.12667097031254826,0.002137784452491342,-8.247275728964034,66.81898676231293,41.08037813119466,0.0,4519.898786836994,1754.6283256993925,6555.790042957287,8074.003288582295
DS1,130.0,130.5,130.01,0.10286395996809006,16.60730991994588,0.010580994657425001,0.0002824562555029906,0.0816245679466409,0.0024308600815412455,-7.592458466930764,65.037441028266,47.07608622155283,0.0,4275.993134914806,2272.763288047207,6894.063083427151,8453.237132754139
DS1,130.5,131.0,130.51,0.0986468568444252,16.84560909753418,0.009731404342275991,0.0005210769472403184,0.05645441987658946,0.0028273567235604464,-9.046991186022064,66.02745355579364,55.18756970471062,0.0,4427.422336027771,3126.062984274707,7937.286869616237,9636.963273494575
DS1,131.0,131.5,131.01,0.10079434141516685,17.33815732303421,0.010159504134129409,0.00023457788333823342,0.037049758756761086,0.0027596236942358347,-8.306296334535261,68.0737422530169,53.80189504720816,0.0,4689.804907489631,2962.3383518638166,8063.785642012688,9838.726152973171
DS1,131.5,132.0,131.51,0.09988828375935555,16.70610774224092,0.009977733211403914,0.0003155175602738315,0.03276352986199563,0.0020464943850262447,-8.618807190237412,65.44789599816743,39.21277625025959,0.0,4344.467915322804,1610.9410907891765,6198.562567033178,7629.916778196312
DS1,132.0,132.5,132.01,0.0977281965315342,17.757639164666394,0.009557490972324265,0.00041877880450950385,0.028731930221086253,0.003588166656690159,-9.363848859084936,69.81647708949086,70.75213331608464,0.0,4946.6605533354,5091.620130359075,10600.64142052409,12728.097048485226
DS1,132.5,133.0,132.51,0.09851996973156929,17.880773419166488,0.009707094538273687,0.000308833447380619,0.03190425476374974,0.002477249229967806,-9.09075617157441,70.32803762342387,48.025110176317064,0.0,5013.678620386949,2387.7818504619427,7747.350647402482,9498.93034850327
DS1,133.0,133.5,133.01,0.0928390733897686,17.175872092994066,0.008619774335763195,0.0002823341776673317,0.03188774095313092,0.00292236629042578,-11.050169864008426,67.39952922216028,57.131264683930155,0.0,4647.152249892289,3384.2493240761537,8368.766543760727,10118.794946827391
DS1,133.5,134.0,133.51,0.09950675442814827,17.15657545817785,0.009902556234993575,0.00021380864305878752,0.02731839001536017,0.002559292180470125,-8.75040152863996,67.3193614666501,49.70353558370517,0.0,4594.645047695079,2545.7449579501204,7491.781730039701,9158.037688633032
DS1,134.0,134.5,134.01,0.10370976477861404,16.889337405992038,0.01075665940669188,0.00015648196304913218,0.029644923393469122,0.00229748861214687,-7.300729586987507,66.20912255532188,44.34758777675498,0.0,4425.707070219441,2019.0670029020077,6780.810965872179,8347.770174020909
DS1,134.5,135.0,134.51,0.0993012934923172,16.84360009863047,0.009860848620999205,0.0003104251565797753,0.028263758214880842,0.0024736430168167626,-8.821267629111722,66.01910718169957,47.9513346753129,0.0,4422.6553630577655,2375.9137672045135,7121.074722432337,8706.70923322017
DS1,135.0,135.5,135.01,0.0996859148144722,16.34938863264671,0.00994328470544027,0.0002876952582246408,0.02530887081039257,0.0020387274342412165,-8.688606823547067,63.96590856169836,39.053880849061706,0.0,4154.0621871587655,1599.7089406282435,5984.064741636507,7358.273129594228
DS1,135.5,136.0,135.51,0.10081083327531815,16.90503565040801,0.010186667992025673,0.0003075740310444549,0.027833441416452814,0.0023964850536441415,-8.300608081370637,66.27434081914173,46.37284578652553,0.0,4448.305304770985,2218.2203810834826,6992.801420361713,8573.317615696431
DS1,136.0,136.5,136.01,0.09884213656187057,16.888848902371862,0.009770081607854753,0.00038408265310410915,0.03470776273476059,0.002171407064067222,-8.979636717784077,66.20709306991363,41.76822571817416,0.0,4450.035998362046,1824.125996429736,6534.052552294994,8026.219508700185
DS1,136.5,137.0,136.51,0.09845862910151482,17.967291690273765,0.009694149702952497,0.0003194228589864201,0.036422130185933224,0.0025550758865724365,-9.111913338190334,70.68747727035466,49.617279119748574,0.0,5064.640648157634,2543.5850979388006,7972.184368688604,9765.004082270103
DS1,137.0,137.5,137.01,0.10050837323069572,17.7648169816643,0.010102447681721652,0.00038989777917558413,0.038663386196509004,0.0028332257792574086,-8.404930413127799,69.84629728786562,55.307638182731516,0.0,4935.428686704194,3128.225422376321,8501.830774434373,10374.08996306358
DS1,137.5,138.0,137.51,0.09966239705681801,17.611587503987796,0.009932722513037204,0.0002501394748302859,0.037649245048591025,0.002938984552499828,-8.696718398480039,69.2097063267825,57.47123921094242,0.0,4851.518347330882,3377.1223197398967,8673.680344437547,10550.28360644797
DS1,138.0,138.5,138.01,0.10521524399518967,16.542531473926815,0.011070285159849844,0.00027603433664193946,0.034710818444317185,0.0025455155838837017,-6.781470580459308,64.76831935641766,49.42169552802195,0.0,4230.740598223361,2487.5178672484117,7105.380855188847,8710.584275829628
DS1,138.5,139.0,138.51,0.10147050395607948,17.741470396482505,0.010298115817778866,0.0002768012276489843,0.03158996753396928,0.0027793422165524086,-8.07307923968589,69.7493040374529,54.205294347814146,0.0,4917.00838603916,3002.115671791441,8355.714207772144,10212.534642035675
DS1,139.0,139.5,139.01,0.10127207264304161,16.798840745542655,0.010256223575048493,0.00021807262969945863,0.02805523026636649,0.0023675231408901115,-8.141520733489106,65.83315471333844,45.78034624920638,0.0,4387.744771033577,2161.039469385832,6871.271979281177,8428.626327611393
DS1,139.5,140.0,139.51,0.09886537864804268,16.488406758758096,0.009774392255836081,0.0002378142207152392,0.02328111609437849,0.0027194817138088555,-8.971620225465557,64.54345854653911,52.98067494921067,0.0,4232.71890348045,2886.058501071727,7472.16051449135,9078.869406034362
DS1,140.0,140.5,140.01,0.10120076313614845,17.465043828434954,0.01024605141870221,0.00024579863406322985,0.023291079209020894,0.002508375094501106,-8.16611629302767,68.60089149118157,48.66187959452728,0.0,4759.683440033604,2433.5074880326706,7562.777544379379,9275.34591772404
DS1,140.5,141.0,140.51,0.09916210174560547,16.677822503404283,0.009840620301254235,0.00036413675642531977,0.026348359572609892,0.0025112856169853277,-8.869276640009168,65.33038514027952,48.72142273450923,0.0,4333.10021342857,2451.183072630185,7107.344155278694,8677.941964243984
DS1,141.0,141.5,141.01,0.10179761424660683,16.52725390607617,0.010363803605178547,0.0002678897686071559,0.027895271590585836,0.002123295955353501,-7.960254723336383,64.70484879090684,40.7839740945025,0.0,4238.032011715564,1725.752804875889,6237.582797465811,7678.062682460453
DS1,141.5,142.0,141.51,0.0932527557015419,16.691885360517727,0.00871476496735251,0.00029890139419457874,0.03031810901554905,0.002074113308800295,-10.907485552020182,65.3888091971984,39.77780107083539,0.0,4377.75572694531,1699.981944307104,6240.363877631748,7643.132167034616
DS1,142.0,142.5,142.01,0.09955354407429695,16.685050717047623,0.009914763866418614,0.000603536471615702,0.03099511511827945,0.0023058867550722183,-8.734263182186906,65.36041471122046,44.5193960354107,0.0,4334.859285718933,2057.1316294320204,6680.3610908320425,8188.255865474165
DS1,142.5,143.0,142.51,0.09757738187909126,16.833454522582656,0.00952420634137812,0.00030467915368625586,0.03714982781182119,0.002436671531130528,-9.41586675859174,65.97695744585921,47.19497620033451,0.0,4426.978482319735,2314.7301708664386,7036.095708270074,8596.970809840226
DS1,143.0,143.5,143.01,0.09569577500224113,16.768233013714124,0.009158530076750616,0.0002890476915032188,0.0387208505732096,0.0025203143805691145,-10.064856998239295,65.70599507201645,48.906132159311056,0.0,4402.948391210921,2491.6774439416545,7179.064143488898,8745.625891686224
DS1,143.5,144.0,143.51,0.09911045432090759,17.382542458298452,0.009822882122126626,0.00036324317146798414,0.038716919419139,0.0022060906835958266,-8.887090496316903,68.25814003563755,42.47777928591605,0.0,4723.92036132384,1882.2425417130462,6889.494979741175,8472.191693659284
DS1,144.0,144.5,144.01,0.09874176979064941,16.187602826024257,0.009749938294642706,0.000256287478747224,0.036949352778557515,0.0014563446751723408,-9.014254498846034,63.29377038248436,27.13956019553576,0.0,4073.9147530155606,817.0990717876995,4999.25330869247,6175.134749840238
DS1,144.5,145.0,144.51,0.09516152739524841,17.30221927399112,0.009055716850993021,0.00034744097069747105,0.03520184992178039,0.0024761815309181793,-10.24912582014845,67.92443784027138,48.00326730985059,0.0,4702.329751552795,2407.925114986167,7395.43086479199,9029.550540336439
DS1,145.0,145.5,145.01,0.09551214426755905,16.631926485882968,0.009122569560437357,0.0004999282327500451,0.038235679893991875,0.0026871829082144904,-10.128193583566556,65.13971040623478,52.31990963536035,0.0,4330.159169572572,2838.4101922864625,7478.377345014604,9076.601653586635
DS1,145.5,146.0,145.51,0.10004238039255142,17.299284321319075,0.010008477060141432,0.0002900896780308352,0.03733329774701502,0.001922535010101502,-8.565657293658543,67.91224459670909,36.676829370195165,0.0,4671.815624012613,1417.6449115484943,6325.065871543808,7809.277771560057
DS1,146.0,146.5,146.01,0.09723620861768723,16.64569555236721,0.009454880740885506,0.00024867592838780106,0.03684066313518162,0.002128637065911635,-9.53354177317853,65.19691391171776,40.89324193055123,0.0,4326.863754298179,1762.00971453579,6314.47918903704,7746.677719035842
DS1,146.5,147.0,146.51,0.09585181623697281,17.744167854781935,0.009187571196114734,0.00028032636447683046,0.03316144023291059,0.002626001068995555,-10.011036383758475,69.76051061204517,51.06825848450501,0.0,4950.288819835317,2706.6990858796125,7995.702324279072,9757.35943186068
DS1,147.0,147.5,147.01,0.10161355882883072,17.155749538386136,0.01032531484537813,0.00042203853249429693,0.03395813216105651,0.0024288072940872036,-8.02373778728591,67.31593018774764,47.034090527861466,0.0,4583.1985385567405,2275.4876460066384,7207.319959328755,8844.96266171474
DS1,147.5,148.0,147.51,0.10097119212150574,17.950016275882007,0.01019518148950422,0.0004877485461842188,0.03061739093010224,0.003129112700762355,-8.245298267563458,70.6157066631744,61.36085937635149,0.0,5040.9780316037395,3831.669137275633,9384.089124918355,11401.544498638348
DS1,148.0,148.5,148.01,0.10074792802333832,16.500279837706447,0.010150144657651813,0.0003454132891008017,0.03470734222616822,0.0026033953406677554,-8.32230490606859,64.59278518298895,50.60579304968597,0.0,4228.881769078609,2628.981460629714,7210.820463614215,8794.095295669022
DS1,148.5,149.0,148.51,0.10106246173381805,16.52858377530464,0.010213621313223342,0.0002906667069035622,0.03433704337599007,0.0023501279830748737,-8.213818212778438,64.71037372477143,45.424478076939764,0.0,4242.443354866428,2129.7638275706727,6681.2479775878855,8188.912581533205
DS1,149.0,149.5,149.01,0.10327638685703278,16.67913760178272,0.010666012897948305,0.0004035733965024044,0.030609576621969406,0.003040304719583597,-7.4502071663083385,65.33584870873477,59.54403573609176,0.0,4312.936525920114,3599.7086081015855,8381.81617519218,10162.87821265642
DS1,149.5,150.0,149.51,0.09885922819375992,16.990820141987086,0.009773147862783875,0.00022140579477063254,0.028532127704197954,0.0019930278274629884,-8.973741595688008,66.63073198335128,38.1189634593945,0.0,4506.129873545726,1532.5866854698784,6266.917094804931,7718.582667633717
DS1,150.0,150.5,150.01,0.09848097711801529,16.863519381951765,0.009698502171311752,0.00023508664996492923,0.03201172806061482,0.0020904333548414254,-9.104205221918688,66.10186172675101,40.11167472795602,0.0,4438.1841701211515,1690.769037475792,6368.242951432612,7828.745517211867
DS1,150.5,151.0,150.51,0.1008225530385971,16.745013069697762,0.010165187247853029,0.00034483069465620015,0.03504845610264277,0.002437849414557574,-8.296565785356202,65.60952795157846,47.21907320633918,0.0,4360.689361177949,2297.3335310299863,6987.655988749015,8556.254233058446
DS1,151.0,151.5,151.01,0.09959832951426506,18.039362974789004,0.009930286320348043,0.000283570373033744,0.04375227562327926,0.0024918430628788147,-8.718816112038928,70.9868969967138,48.323669160349716,0.0,5100.677529809775,2409.968207156537,7877.004179390608,9668.504285216983
DS1,151.5,152.0,151.51,0.09779782965779305,16.624982239483987,0.009564786455457625,0.0003301277745118553,0.04199668870310664,0.002310301751921188,-9.33983150463426,65.11086057553538,44.609717541883576,0.0,4312.323241212744,2076.0457656490057,6655.023865743632,8144.175621368466
DS1,152.0,152.5,152.01,0.10251639783382416,17.42395348292884,0.010511155598682445,0.000290087374828465,0.0373590966993218,0.0023187257338664682,-7.712337085352505,68.43018189317459,44.782054412288275,0.0,4729.880775168808,2063.907286858653,7137.655827787319,8789.140163546414
DS1,152.5,153.0,152.51,0.0996379517018795,16.967826909407922,0.00993290589428793,0.0003653975326559205,0.035043182755997423,0.0021257333750856087,-8.705149913561643,66.53520673424171,40.833838551860396,0.0,4489.119761631019,1742.1465668510414,6493.650150842546,7988.540271232026
DS1,153.0,153.5,153.01,0.1015368364751339,16.652394413568782,0.010310559150306197,0.00033186930594322024,0.03315286302501597,0.002445266080093477,-8.050200306808255,65.2247442910621,47.370802511506085,0.0,4306.78573877764,2307.688767794787,6950.368376444496,8511.70260990215
DS1,153.5,154.0,153.51,0.09997368976473808,16.504164458193998,0.010020689492837754,0.0003584405100818544,0.03100812178261948,0.0021944206408897084,-8.589349568359806,64.60892381588852,42.23903487139503,0.0,4235.055461237112,1856.8563378024091,6358.789129420815,7806.167891860794
DS1,154.0,154.5,154.01,0.0961066335439682,17.402688430461062,0.009238332306689677,0.0003722624512883589,0.030702615872263722,0.0024019161430835975,-9.923146640599093,68.34183635814297,46.483954400357284,0.0,4753.082700931746,2257.8832172948296,7296.906697127214,8928.258117137579
DS1,154.5,155.0,154.51,0.09912439808249474,16.933711246101364,0.009828059866812764,0.00032825373779091775,0.038022345258133444,0.0018975980152729287,-8.882281114885869,66.39347341228807,36.16667114882549,0.0,4473.132748501005,1385.9868645960692,6070.572629127784,7485.477856590148
DS1,155.0,155.5,155.01,0.09946174919605255,16.655893155037,0.009892694152802878,0.00035764570827103814,0.038582201255015894,0.0023025703484966555,-8.765924407899464,65.23927979185218,44.4515493645685,0.0,4319.566024825426,2051.6469306892686,6657.062145926651,8158.770645731513
DS1,155.5,156.0,155.51,0.10025499016046524,17.302927008902966,0.010052439980567287,0.00033208000703061064,0.03692649146877784,0.002452999096149133,-8.492325469711988,67.92737812078761,47.52900367984639,0.0,4672.740179818708,2329.950788080272,7345.934191526957,9005.763370918221
DS1,156.0,156.5,156.01,0.10039673000574112,16.534430323835313,0.010081546947078203,0.00023415545576049656,0.037913352463057506,0.0019848674377543917,-8.44343758708095,64.73466317615242,37.95201912917188,0.0,4249.042060525094,1510.713835472204,5992.578525544163,7382.156426913645
DS1,156.5,157.0,156.51,0.09646768122911453,16.35165795748505,0.009306431351643872,0.0002763871171261327,0.0344338587653048,0.0021956713696007894,-9.79861668347034,63.975336458352146,42.26462213798619,0.0,4174.040176815666,1881.104515766369,6275.6827188152965,7680.336639178216
DS1,157.0,157.5,157.01,0.10017989575862885,16.49518702794282,0.010045587710177668,0.00027065649016615504,0.031085830057322295,0.002129788792946237,-8.518226487848983,64.57162713486922,40.916803832035946,0.0,4229.14090018716,1745.7298345309614,6231.61242209216,7658.735206038521
DS1,157.5,158.0,157.51,0.09532275423407555,16.483574673028937,0.009086905145987915,0.00039251042710612347,0.03892270851468923,0.0022928181273940687,-10.193516624595764,64.52338367488252,44.252039527625406,0.0,4251.609854758456,2060.836493460024,6539.85120703811,7988.355196485428
DS1,158.0,158.5,158.01,0.10084418207406998,17.324032035266587,0.010177161272969453,0.00035985160364778725,0.037820979017149356,0.0019512859422551694,-8.28910565482225,68.01505882831351,37.26501269024096,0.0,4681.573045593571,1456.4905393324707,6388.777471032524,7891.312599193679
DS1,158.5,159.0,158.51,0.0941433347761631,16.33936459237179,0.008874940921438836,0.0003133983039277867,0.039971465892344946,0.0023811055063456673,-10.600313456629532,63.924263745509535,46.058212746369854,0.0,4182.612298619406,2232.303086228616,6638.5583601066755,8086.871240698004
DS1,159.0,159.5,159.01,0.09633470326662064,16.808138454742256,0.00928055263708395,0.0005479620087818659,0.04210650608590712,0.0026022670355394977,-9.844482480842016,65.87178199135958,50.58271031091367,0.0,4420.694106282947,2654.07435595837,7384.743531916203,8988.090412212552
DS1,159.5,160.0,159.51,0.09758133441209793,16.965939246109937,0.009525746455012573,0.00034209019033912936,0.04430749062851911,0.0022555047702079315,-9.41450347948452,66.52736444820584,43.48868708414655,0.0,4499.769674593719,1978.7061012988231,6741.580575908721,8264.866397177375
DS1,160.0,160.5,160.01,0.0976286455988884,17.084017782674973,0.009532986552599512,0.00034084919819739383,0.044336723660759164,0.001806848959569277,-9.398185247004122,67.0179210318021,34.31013722535108,0.0,4564.897221257915,1264.5714491640963,6008.910561756565,7409.861244827489
DS1,160.5,161.0,160.51,0.09455233439803123,17.001396961669837,0.00895251740378337,0.00028134516592993,0.04401337407402091,0.002061554417710199,-10.45924426418679,66.67467331832901,39.52087269654878,0.0,4538.409284170984,1670.0903306636017,6395.14472595994,7846.241903007021
DS1,161.0,161.5,161.01,0.09944162517786026,16.353995557287472,0.00988955499869901,0.0003109482491498286,0.04578139338561025,0.0018529670380346033,-8.772865438754511,63.985048002941454,35.25361566148965,0.0,4157.845974883443,1318.8792717515726,5669.721294806118,6987.225751667364
DS1,161.5,162.0,161.51,0.09844162315130234,16.815107239264538,0.009690753272829668,0.00030458096231001205,0.045130073880645945,0.0021949245852782087,-9.11777890758191,65.9007337655475,42.24934450873,0.0,4411.901189225969,1867.018844533149,6536.584725669702,8022.366417229588
DS1,162.0,162.5,162.01,0.10397748649120331,16.479526828928492,0.01081131786659384,0.00026461927958647757,0.0399942661172659,0.0019540815348228647,-7.2083889495515825,64.50656693044608,37.32220460698209,0.0,4202.235785328579,1444.1244255191498,5908.603020810706,7304.154264576688
DS1,162.5,163.0,162.51,0.10242971777915955,15.82063373271136,0.010491847243239741,0.000336756865498737,0.03989173424512533,0.001991318192578171,-7.742234143096906,61.76919944912222,38.08398794217498,0.0,3864.1761872270235,1509.4735760688259,5611.519363422925,6910.560183395874
DS1,163.0,163.5,163.01,0.10521392524242401,16.72654776788364,0.011069969830274652,0.0007115882255573637,0.03550288322326346,0.002023478788596596,-6.781925435128446,65.5328139641213,38.74192578014368,0.0,4330.247879997013,1546.1665237933366,6169.102332500162,7633.396618557155
DS1,163.5,164.0,163.51,0.10139798372983932,16.59387249834073,0.010281551173800411,0.0002744193143437411,0.03385679585878461,0.0016981349577308439,-8.09809239178793,64.98161533947679,32.08607846457667,0.0,4275.869019645947,1094.3382683610453,5561.239380642755,6878.80584612738
DS1,164.0,164.5,164.01,0.1023557260632515,16.86064201685085,0.010476694812013755,0.0002861946964155401,0.03605783606446488,0.001459246894033658,-7.7677548307760915,66.08990773041327,27.198933460938964,0.0,4416.231702893471,799.5040671561173,5376.847247669349,6667.850493304438
DS1,164.5,165.0,164.51,0.10169385373592377,16.55024820785183,0.010341638798855572,0.000574415472047275,0.0351683306142406,0.002821652813508269,-7.996043048476266,64.80037848198695,55.07087975762296,0.0,4250.900709085378,3095.4578029801073,7752.799803581363,9424.023449258646
DS1,165.0,165.5,165.01,0.1020766943693161,17.44079865761751,0.010419650601225468,0.0003336282174670867,0.0371498009169793,0.0024760761668461816,-7.8639964252049674,68.50016507204643,48.00111178357583,0.0,4741.5583163819465,2364.8507021318437,7477.884879796832,9182.177002768349
DS1,165.5,166.0,165.51,0.0988152027130127,17.22523607165686,0.00976444413172691,0.00034568360351833866,0.03592009118111388,0.0025786532017816476,-8.988926546196145,67.60461158030927,50.09962116916109,0.0,4636.910861342716,2589.461849979205,7575.754498083008,9254.974694271406
DS1,166.0,166.5,166.01,0.09752726554870605,16.221714974526837,0.009511568291281315,0.00035975072127840684,0.03737899235055426,0.002267654465783637,-9.433152520919204,63.435489102205594,43.73724418285448,0.0,4098.919618343347,2000.7290381369548,6343.458583892177,7756.450462433159
DS1,166.5,167.0,166.51,0.10146066546440125,15.812672215923238,0.010294266086869107,0.00028975054104379,0.03347464391560526,0.0017840932644433705,-8.076472661101695,61.73612337459216,33.84460378672835,0.0,3864.876180371691,1209.890107680408,5265.153091958981,6496.507292070642
DS1,167.0,167.5,167.01,0.09894844889640808,16.36946960566682,0.009790794230045129,0.00042976300189096265,0.033398492848203,0.0028545513663241337,-8.942968236010408,64.0493348456497,55.74391463233637,0.0,4168.809653614564,3185.910149610021,7730.745838793516,9363.602628846844
DS1,167.5,168.0,167.51,0.10455348342657089,16.84301225929169,0.010931430428483916,0.00031787184217766436,0.03229787460174019,0.0014426517146263543,-7.009720251153623,66.01666500663435,26.859431156513732,0.0,4396.598454102829,770.0164583564715,5345.3555339309605,6643.197332881723
DS1,168.0,168.5,168.01,0.09866330027580261,17.481085092714768,0.009734447582116465,0.0005182118938651604,0.03664255663324902,0.0029371540417222814,-9.04131963655998,68.66753482900221,57.43379082837304,0.0,4782.40028940334,3378.8749590240386,8589.650906081943,10435.16201049963
DS1,168.5,169.0,168.51,0.10012544691562653,16.626147401572357,0.010025105927413038,0.0004294003480483315,0.041347437903658996,0.002563994232117383,-8.537006589103589,65.11570123455805,49.799729624793265,0.0,4299.88709318107,2551.6561524501253,7194.099000685857,8780.230745576479
DS1,169.0,169.5,169.01,0.1026083417236805,17.015639362474104,0.010531875710901813,0.00040247883213688994,0.03429581360650032,0.0025611506384682703,-7.680624463632136,66.73384328845225,49.74155570735446,0.0,4500.448433830142,2532.1028963005433,7413.097483056222,9079.994771060412
DS1,169.5,170.0,169.51,0.10392407327890396,16.340276680399366,0.010800224662435909,0.00020298641873003353,0.0338815346885816,0.001895218981018177,-7.226811848551893,63.92805300983955,36.118001134963556,0.0,4128.2630273738105,1355.9766556064865,5731.647908701101,7087.861391532417
DS1,170.0,170.5,170.01,0.10140398889780045,17.109928860798032,0.010290264152169826,0.00028285573882694704,0.03412193573494324,0.0018480880400155693,-8.096021132673094,67.12556845301097,35.15380167152946,0.0,4558.68554750572,1300.5060952733982,6090.532250457987,7531.083166044228
DS1,170.5,171.0,170.51,0.09529171511530876,16.391200872579752,0.00908052488874035,0.00031539401300476435,0.03561578396664955,0.0022969433430985514,-10.20422241302306,64.13961726584344,44.33643272420071,0.0,4202.523728499628,2068.5272456331354,6496.17649349534,7931.885484083437
DS1,171.0,171.5,171.01,0.09850285947322845,16.892620034194515,0.00970303578625516,0.00032780093587622417,0.03431010347994565,0.0026280974961232044,-9.096657718171455,66.22276021482436,51.11114695370609,0.0,4454.032243101383,2693.7450776284513,7492.5126656885495,9131.804821599113
DS1,171.5,172.0,171.51,0.09744223207235336,17.98522040068264,0.009497044986407726,0.00034683891323582277,0.04173211065471512,0.0024998977430567473,-9.462481652777278,70.76196199198415,48.48845089694323,0.0,5081.06242248564,2439.3323289067953,7861.106798966535,9630.489750081315
DS1,172.0,172.5,172.01,0.09721425548195839,18.19667614378684,0.009450743413132814,0.00022760641851705222,0.040127073513992015,0.002617378103419987,-9.541113690029475,71.64045362930108,50.89185082948464,0.0,5207.33149930753,2679.5995613469145,8256.076786969765,10101.074619777572
DS1,172.5,173.0,172.51,0.0946614146232605,17.0561838606674,0.00896171067677207,0.000429775981685343,0.04375220247697892,0.003414336968712266,-10.42162110156801,66.90228516701816,67.19594520882983,0.0,4568.035240047821,4621.867891111992,9646.872973526999,11560.161010884036
DS1,173.0,173.5,173.01,0.10238813608884811,16.94594164703567,0.010483366417899376,0.00018960190470422984,0.03513963664104005,0.0026881973215914664,-7.756576199076922,66.44428454082068,52.34066238955905,0.0,4462.982767457108,2798.5285423188075,7662.526715715625,9359.361833909581
DS1,173.5,174.0,173.51,0.09579881653189659,16.635172558280193,0.00917741334467929,0.0003911936187818109,0.033007409826176955,0.0023979489331405254,-10.029316658837105,65.15319619485997,46.40279366778823,0.0,4330.078558591356,2252.450754674566,6840.726015563527,8347.877111860984
DS1,174.0,174.5,174.01,0.09753284975886345,16.512016995925237,0.009512954504124396,0.0003753183870198541,0.029988856478304064,0.002423276147589361,-9.431226455526438,64.64154713756963,46.9209349580395,0.0,4253.097701932072,2289.2333972966476,6823.919455752432,8329.91456658256
DS1,174.5,175.0,174.51,0.09733757376670837,16.672958055835718,0.00947662365892062,0.00021656400931681184,0.024589618737846295,0.0017596118015271423,-9.49857963886423,65.31017582155204,33.343764785728915,0.0,4341.01164617072,1201.1063410062195,5699.575977823584,7024.314660598595
DS1,175.0,175.5,175.01,0.10064881667494774,18.01388435474236,0.01013019436548706,0.00024472962465107566,0.029968945187186197,0.0025875163489662476,-8.35648967576473,70.88104622003225,50.28094243238933,0.0,5080.1264669615975,2596.781312866666,8074.057059336261,9903.110029685975
DS1,175.5,176.0,175.51,0.09908413514494896,16.312348594526604,0.009819904380618243,0.00031278650907568044,0.03885848470785684,0.001848344005721541,-8.896168316196746,63.81202594183317,35.15903818900832,0.0,4137.753338970677,1314.3882061270258,5639.159417435743,6947.293256012953
DS1,176.0,176.5,176.01,0.09633374959230423,17.01389383716208,0.009307083278744818,0.00038048504513030326,0.03587024495630521,0.0022515579689713805,-9.844811415292014,66.72659151384057,43.40794387058854,0.0,4533.856173507906,1979.9248437005638,6761.650142320331,8283.862739913713
DS1,176.5,177.0,176.51,0.10140825435519218,16.785850287429472,0.010283651484656806,0.00031980019728267215,0.037530152516934145,0.0016400690593772317,-8.094549921949469,65.7791859317399,30.89817287972374,0.0,4379.964990906163,1019.489844894887,5583.671511732324,6911.926044334786
DS1,177.0,177.5,177.01,0.09610464423894882,17.156099926565307,0.009236324076416638,0.0003166914229981436,0.039194619190402236,0.0024893345500267656,-9.923832777303387,67.31738587337101,48.2723502879803,0.0,4614.348508329128,2427.307005790014,7337.471561802839,8958.022761730497
DS1,177.5,178.0,177.51,0.09660012647509575,18.025244148858167,0.009332773198624307,0.0003634839493898963,0.04016252726846124,0.0022475402936056625,-9.752934626826596,70.92824041767324,43.325750722107514,0.0,5109.661430395461,1971.0093336963614,7359.660801183445,9043.79686067012
DS1,178.0,178.5,178.01,0.09779983013868332,16.94759615083613,0.009573295649061188,0.0002829876456494066,0.04066365080131963,0.002472170154317695,-9.33914151322938,66.4511581670995,47.92120302079672,0.0,4488.361942542981,2382.3580114286447,7178.227869799572,8770.207238270568
DS1,178.5,179.0,178.51,0.10088121518492699,16.65579372499078,0.010178554495012076,0.0004358190004014028,0.036728544121789525,0.002326972255748993,-8.276332461980704,65.23886671031173,44.95076082478888,0.0,4311.954534463367,2087.9854579777625,6706.290909499196,8225.190004760452
DS1,179.0,179.5,179.01,0.09687517210841179,16.309524447081106,0.009384809719193163,0.0002469502191084214,0.03537125962536452,0.0020747585015122878,-9.658067875606697,63.80029303793093,39.7910003504059,0.0,4149.198789204555,1675.4820936682124,6026.733423547705,7390.517396555324
DS1,179.5,180.0,179.51,0.09779129549860954,15.42344408308457,0.009563411836465165,0.00042445134143195753,0.037361770491769364,0.0018663843811668472,-9.342085219576829,60.11907739282965,35.52810615061663,0.0,3688.295628635,1348.5534726443345,5190.87212570647,6373.043673996917
DS1,180.0,180.5,180.01,0.09952403604984283,15.592627833713237,0.00990834190160328,0.00022514516326639108,0.036852976130377385,0.0019011011687704148,-8.744440876633933,60.821950286775866,36.23833826708686,0.0,3763.237937220155,1388.7589989936357,5336.789721027009,6560.478912086066
DS1,180.5,181.0,180.51,0.10329989716410637,16.909300313882802,0.01067185582095102,0.00042232543551451224,0.03124217651380105,0.0015799298680058906,-7.442098161175757,66.29205833838985,29.66785210067544,0.0,4438.536377511633,934.9228129889175,5567.885943859505,6908.279975888554
DS1,181.0,181.5,181.01,0.0981329195201397,16.554406073879573,0.00963167639888951,0.00023415407634981122,0.03889667107789486,0.0013526667230769104,-9.224254732066406,64.81765231187133,25.018528371137656,0.0,4272.3276105415025,710.3405037738405,5071.1166651221465,6265.1668839789745
DS1,181.5,182.0,181.51,0.10156257823109627,16.895270742449085,0.01032388941194995,0.00016971281962017818,0.037265437823781264,0.0013689222660588222,-8.041321646458686,66.23377256663105,25.351082431964112,0.0,4439.122617115834,706.7457937764797,5282.237278322323,6546.775917437576
DS1,182.0,182.5,182.01,0.09980233013629913,16.79974857505517,0.009967945580321214,0.0004527793004326146,0.044417857838965985,0.0017961941772289105,-8.648453692443727,65.83692628569275,34.09216289262939,0.0,4395.930670596912,1236.212018531261,5828.808962350475,7196.631575622773
DS1,182.5,183.0,182.51,0.09957342967391014,16.857563793500095,0.009914908612569285,0.0003126388025691659,0.045304565537333606,0.0013986255124273958,-8.727404384944359,66.07711926966147,25.958748088570566,0.0,4428.812552121078,749.3634901844208,5297.679177625949,6554.344217355255
DS1,183.0,183.5,183.01,0.09949295595288277,16.851926250290465,0.00989888229993103,0.0003603128587615027,0.05031985907905044,0.0019156487387840004,-8.755160798963377,66.05369812965378,36.53595080999351,0.0,4426.162598956031,1410.5964282759596,6053.986641984713,7464.365800882637
DS1,183.5,184.0,183.51,0.10282603278756142,16.405440929247987,0.010574244801203194,0.0002407344826476921,0.053477167119296565,0.0015225603194068647,-7.605540035819184,64.19877749726737,28.494192360387697,0.0,4167.926073233573,869.1315563348732,5206.114144719804,6453.430729918243
DS1,184.0,184.5,184.01,0.09853505343198776,16.429947463689167,0.009709406435646488,0.00027553596911674273,0.055291327663125445,0.0020567081276723445,-9.085553610683613,64.3005897500355,39.4217278427703,0.0,4203.3527018194,1635.5763404204745,6061.208452593918,7446.227433549899
DS1,184.5,185.0,184.51,0.10053351521492004,16.276827849987964,0.010107531615876297,0.0003611541815194701,0.04998031601077707,0.0017260189218388134,-8.396258621709674,63.664455218189644,32.6565254503441,0.0,4111.10961858828,1136.1466694968412,5427.297217508416,6702.285541767104
DS1,185.0,185.5,185.01,0.10081125795841217,16.861399686289662,0.010171600525196488,0.0004422180611416182,0.04721750066124594,0.0016197301681030426,-8.300461602748372,66.09305546362721,30.482082141108258,0.0,4424.340289595526,997.3174634719405,5597.164777801838,6926.7370317321365
DS1,185.5,186.0,185.51,0.09614773839712143,16.957633600480566,0.009246880255730616,0.00032466124251062536,0.04891561277180197,0.002062066546451625,-9.908969051844078,66.49285869243488,39.53134976845075,0.0,4503.932797120502,1659.7736939022964,6370.766491951033,7823.555853860397
DS1,186.0,186.5,186.01,0.10542252287268639,16.711742523049168,0.01111453096649484,0.0002845901345403119,0.041599823807013894,0.0018431041239999404,-6.7099774486922374,65.47130566179486,35.05184128105467,0.0,4321.344351869107,1272.9705219013874,5854.119411723417,7260.90814508069
DS1,186.5,187.0,186.51,0.09868819639086723,16.724290134440732,0.009739626607573252,0.00030423954655392325,0.04521654760515854,0.002222666466207975,-9.032732648554743,65.52343463930086,42.81688477289857,0.0,4360.985732164863,1913.749339062717,6538.172468658526,8020.236835602508
DS1,187.0,187.5,187.01,0.10222187638282776,17.309495705500016,0.010458873153410566,0.0003749581018846805,0.0401829823717998,0.0020901101244897627,-7.8139212947934675,67.95466773205031,40.105062117959086,0.0,4666.515695924936,1668.5608133920755,6627.331505818716,8182.189819009531
DS1,187.5,188.0,187.51,0.10374991223216057,16.82463356531139,0.01076406721932166,0.0001998474048269323,0.038049556898776864,0.0015050544265092856,-7.2868822175826855,65.9403108309119,28.136058782323836,0.0,4390.047212242367,844.1388948148059,5416.984006472632,6725.396108019457
DS1,188.0,188.5,188.01,0.09913533180952072,16.030639505813618,0.00983265533102124,0.0004219390980650337,0.04241256949219088,0.002182117901060953,-8.878509932812644,62.64166719461967,41.98734681065805,0.0,3989.704674991183,1840.679368065543,6072.494683933394,7439.913477227379
DS1,188.5,189.0,188.51,0.10000404715538025,17.59998268337306,0.010000843375348407,0.0003005138955108562,0.03782988654921096,0.002224400286723188,-8.57887891666825,69.16149416799718,42.85235507701083,0.0,4843.021338779141,1908.8508663307616,7055.098825102142,8685.009601628255
DS1,189.0,189.5,189.01,0.1033746488392353,16.85832210643648,0.010686398543337736,0.0002821292374617255,0.040761609215823225,0.002065107381803286,-7.416315353856729,66.08026967628227,39.59355883434445,0.0,4410.194861989032,1621.79668070026,6319.093548192618,7803.304562175976
DS1,189.5,190.0,189.51,0.09562918543815613,17.619646465825845,0.009145090667008502,0.0004352188390122809,0.04360048774765301,0.002804963906793622,-10.087824589230406,69.24318723619764,54.72945999053887,0.0,4879.908220669597,3095.470602985356,8343.616208068397,10144.829931253124
DS1,190.0,190.5,190.01,0.10137910023331642,17.443943793745692,0.010296024591567605,0.00025607636784454957,0.0338871067876303,0.002162659828059179,-8.10460555087794,68.51323152153734,41.58927575269352,0.0,4746.782748570085,1794.3709515324947,6842.67209548659,8436.727473303989
DS1,190.5,191.0,190.51,0.09966583177447319,18.42715095798625,0.009933301692314187,0.00027300973243549686,0.02971672128764033,0.0024181437397157897,-8.695533720499967,72.59795988528668,46.81593673792018,0.0,5331.326801479004,2266.1590000617884,7960.974949874877,9793.574711556696
DS1,191.0,191.5,191.01,0.09727570042014122,16.678011562996986,0.009481608380260909,0.00030359858682490744,0.03577319953797781,0.002520316766508709,-9.519920546208082,65.33117058724211,48.906180970593574,0.0,4344.1214968112945,2481.0876454309146,7127.222098920676,8688.835353497832
DS1,191.5,192.0,191.51,0.1008748896420002,17.733918003049613,0.010176400866979227,0.00024638972612037294,0.03307454436359057,0.0031633475297981905,-8.278514222512335,69.71792766348867,62.061231638922784,0.0,4915.644632918242,3918.6366781266265,9343.503515794891,11333.699570656845
DS1,192.0,192.5,192.01,0.10212396457791328,18.402278343138626,0.010429350182770926,0.00021000779637882352,0.03428078865290618,0.0030812949540137097,-7.847692326626719,72.49462675362956,60.38260931860024,0.0,5303.8407536923605,3706.268411427645,9540.64160402239,11633.630155518827
DS1,192.5,193.0,192.51,0.09976569190621376,17.186387888683836,0.009956535419781747,0.00027564484168997674,0.028167656581224894,0.002894767579721365,-8.66109068586457,67.44321703331916,56.566653380048116,0.0,4609.9051710986705,3273.3755069854637,8305.332399616478,10093.697786824474
DS1,193.0,193.5,193.01,0.10189441218972206,18.402021227364166,0.010382549282495133,0.0002999872433340803,0.01977846354408501,0.0032794278103742847,-7.926867876661529,72.49355856766132,64.43598889744129,0.0,5304.793725051762,4213.347704611567,10088.891048824791,12255.758949308052
DS1,193.5,194.0,193.51,0.09785929322242737,16.507817462860125,0.009576467639733483,0.0004848533009971944,0.021559628289446096,0.0029084756925682204,-9.318631936311892,64.62410020222431,56.847092403128535,0.0,4248.914038699731,3316.8872746057405,7943.94186598219,9610.061629706988
DS1,194.0,194.5,194.01,0.10059444606304169,17.31242916961251,0.010120585415290151,0.00034567149943023857,0.022432020213669124,0.002396784499774327,-8.375242794115234,67.96685479140072,46.378971821608005,0.0,4676.318344364977,2220.0229152719426,7232.407163425092,8877.36555368645
DS1,194.5,195.0,194.51,0.10118666663765907,18.10565708841123,0.010241952192437905,0.00021766980426251214,0.01622602867346369,0.002683300151895473,-8.170978355366712,71.26231550067833,52.24047664548572,0.0,5131.510437576968,2794.590392332953,8352.01806478463,10235.688742173359
DS1,195.0,195.5,195.01,0.09548718109726906,16.371598664012627,0.009120062296282445,0.00045732259766084586,0.022987515971697497,0.00334379613943725,-10.136803699775308,64.05818000598772,65.75282889733069,0.0,4190.837434351206,4424.250241798178,9041.204426532066,10817.581823195565
DS1,195.5,196.0,195.51,0.10005667433142662,17.322736670106558,0.010012516040583778,0.0004136015318810276,0.025967243773365803,0.0022693200002427746,-8.56072713160915,68.00967724139774,43.77131749855048,0.0,4684.964111754781,1988.1230968158475,6978.137330592987,8578.501230252483
DS1,196.0,196.5,196.01,0.0999770499765873,16.3848968984424,0.009999284975394335,0.00038028231916745485,0.02548303326493182,0.0021787328733011936,-8.58819058838364,64.1134274424779,41.91809629538638,0.0,4171.351147755687,1829.8353026143484,6261.908831109967,7686.286773341204
DS1,196.5,197.0,196.51,0.09831735491752625,16.817997057094463,0.00966871976178258,0.0002948982371700578,0.03248895659576037,0.0021625528208221714,-9.160640608296957,65.91273949667445,41.58708661073472,0.0,4414.195170708082,1812.2932745779876,6476.503635883788,7951.748717514455
DS1,197.0,197.5,197.01,0.09750755503773689,17.338395220234997,0.00950865738053075,0.000265029871438858,0.03006313537617865,0.0020212583905205696,-9.439950927852573,68.07473059553418,38.696501127294155,0.0,4708.158102725889,1585.4673672371587,6519.790196729396,8025.741085883468
DS1,197.5,198.0,197.51,0.10161922872066498,17.068999340572184,0.010329017589461031,0.00018255619119704258,0.034110831718657225,0.0019991839141569254,-8.021782169188652,66.95552700268213,38.244903985106035,0.0,4534.842455348032,1526.1280577033597,6323.010901265044,7806.461535009579
DS1,198.0,198.5,198.01,0.09860402718186378,17.631862119208773,0.009722920741999787,0.0003078345179009204,0.043004007225566986,0.0020136695130037983,-9.061763683567506,69.29393709611502,38.54124872888919,0.0,4869.0284217807,1566.5257635212565,6680.975054429742,8237.195305473113
DS1,198.5,199.0,198.51,0.10208553448319435,16.924987307386537,0.010422423925334299,0.00021939305257238,0.0343321049377741,0.002317254573971121,-7.860947357041504,66.35722986036117,44.75195758944654,0.0,4452.896206221047,2063.50818305371,6841.293908669788,8408.180357793437
DS1,199.0,199.5,199.01,0.10195234417915344,17.12231723360118,0.010394279607042497,0.00025507283670520714,0.0420045244034216,0.0019728223003371895,-7.906886393724312,67.17703587474077,37.705601069451546,0.0,4562.874565837775,1483.3628126045514,6307.919272001014,7793.554356756883
DS1,199.5,200.0,199.51,0.10265856236219406,16.835704025168337,0.010538781420467182,0.00030386790539591827,0.03560703365022033,0.0022333545096161907,-7.663302724099204,65.98630299108126,43.035539556786546,0.0,4401.1235908798435,1909.823836797771,6622.862728608905,8152.421398217029
DS1,200.0,200.5,200.01,0.09742221236228943,17.37701974164617,0.009491086603767704,0.00045229608001527303,0.035616227457620914,0.002779308374561357,-9.469386706426858,68.23519594188498,54.204602012186655,0.0,4730.504288214995,3026.3140999334714,8134.531083738226,9897.962035292163
DS1,200.5,201.0,200.51,0.09826694428920746,16.91974453637195,0.009656392745934205,0.0003826283650561063,0.038068460576726464,0.00281802880073371,-9.17802787773985,66.33544879910897,54.99674011393295,0.0,4470.301223542154,3107.4086432900003,7957.7117210270235,9663.856806878193
DS1,201.0,201.5,201.01,0.10268943011760712,17.11877175896816,0.01054511887583429,0.0003314730498202458,0.03666409667032628,0.0031448174485631856,-7.652656041080891,67.16230622129316,61.682145331624284,0.0,4557.362954376034,3861.8785132971043,8919.80206529927,10809.346797617643
DS1,201.5,202.0,201.51,0.09787562489509583,17.701240894177477,0.009579637391631875,0.0003311650908891472,0.03574491796004942,0.002911422717633656,-9.312998933855667,69.5821708074466,56.90738230879077,0.0,4913.185055616112,3323.6398782573297,8658.38809159687,10526.985423702614
DS1,202.0,202.5,202.01,0.10044463723897934,16.797050448702617,0.01008912456401529,0.0002745924239598923,0.037962222929101105,0.0025728402731436417,-8.426913770569305,65.82571693567773,49.980700932167814,0.0,4391.033011390425,2567.8575456843555,7312.097696640252,8930.925544830452
DS1,202.5,203.0,202.51,0.09984073042869568,17.369215163853536,0.009968171502355874,0.0002464135835687875,0.030850780554145203,0.0024314948771672956,-8.635208941230504,68.20277186948587,47.0890727987144,0.0,4712.3850089486905,2290.7637848258473,7339.468942242235,8999.944621791348
DS1,203.0,203.5,203.01,0.10138086974620819,16.298503345545285,0.010278080887807621,0.000269366929831333,0.02583022044963071,0.0017201084569217749,-8.10399522328517,63.7545059366155,32.535609827179705,0.0,4118.20305413468,1123.4722407926042,5430.254142952633,6711.516541774361
DS1,203.5,204.0,203.51,0.09990344196557999,16.440889559381343,0.00998069636508229,0.0004108322384886874,0.02942895541268589,0.0020196513821275786,-8.613578931342708,64.34604862203956,38.663625131243705,0.0,4201.585355627528,1568.0994183552752,6001.195266697108,7384.477661859558
DS1,204.0,204.5,204.01,0.09899572283029556,18.19167318201783,0.009800153403702438,0.00025918193273493414,0.029640326686345357,0.002536134252764526,-8.926662852531964,71.61966885414496,49.22977331643474,0.0,5194.093828125736,2501.976530637388,8069.5023889630575,9898.097703047255
DS1,204.5,205.0,204.51,0.09682352095842361,18.409178492587465,0.009374794332237238,0.00022381177817861733,0.02998125451538582,0.0030502377700429694,-9.675883016814627,72.52329338380973,59.74724495957535,0.0,5336.766003753173,3661.673782780134,9462.081287868488,11499.03332621066
DS1,205.0,205.5,205.01,0.09493619203567505,16.992877888883992,0.009012880617482781,0.00024542841616703243,0.037940775958404525,0.0029926149323549044,-10.326846863162173,66.63928088069552,58.56840345973539,0.0,4531.1644319498055,3535.1410585350236,8440.586230321202,10196.676598173792
DS1,205.5,206.0,205.51,0.10392412543296814,16.54163817570163,0.010800223176831183,0.00022747475418118893,0.03289744811075138,0.0025238823108257864,-7.226793859949159,64.76460815421085,48.9791244731896,0.0,4235.788628332803,2450.151649405307,7057.207046748656,8644.632971804725
DS1,206.0,206.5,206.01,0.1013050377368927,17.282022055513842,0.01026271048452227,0.0003267711343232302,0.03246350851256762,0.002171792434778127,-8.130150651660836,67.84052861525397,41.77610958861624,0.0,4655.549702363951,1810.3536324835695,6764.078837158521,8334.639826672901
DS1,206.5,207.0,206.51,0.1001385897397995,17.26881723732682,0.010029676067405112,0.0004080530312009249,0.02503406025362563,0.0021929767804234734,-8.532473461214547,67.78566927599323,42.2094965371882,0.0,4654.151715004987,1853.3957987340525,6796.87006628075,8364.083833169712
DS1,207.0,207.5,207.01,0.10571122169494629,16.839946389061826,0.011174862591824455,0.0002924538789136551,0.020712563963399502,0.0024596703987011526,-6.61040153825654,66.00392786685042,47.6654844333435,0.0,4390.12894128484,2314.779635146849,7088.926467921443,8718.101301971403
DS1,207.5,208.0,207.51,0.09890875592827797,18.088121537606938,0.009790675312956212,0.00021688767957299578,0.025794836241938145,0.0032044043521333096,-8.956658847591404,71.18946415830675,62.90116746926491,0.0,5133.225872876178,4035.140235757513,9677.901326643052,11730.94955140241
DS1,208.0,208.5,208.01,0.1008211150765419,17.05737464432719,0.010169073997331147,0.00036113433620609615,0.03247765833575471,0.002274503374306396,-8.29706175683159,66.90723227070815,43.87735837922472,0.0,4532.425067374807,1993.0038014289303,6832.424978908755,8397.353097853755
DS1,208.5,209.0,208.51,0.10370204597711563,17.588643142646145,0.010754155160757506,0.00028429302588451255,0.02917098557652506,0.0025483789810725613,-7.303391900192183,69.11438411294088,49.48027458403834,0.0,4818.428468274109,2500.5860120822426,7725.650205298899,9493.292955987403
DS1,209.0,209.5,209.01,0.10123150795698166,16.17678062539784,0.010247859319869256,0.0003173609830018141,0.02453662543819171,0.0019074082065793935,-8.155512011715803,63.24880961382371,36.36736693364668,0.0,4054.8266554121974,1388.233659134223,5661.825802250467,6980.218988258808
DS1,209.5,210.0,209.51,0.10346018895506859,16.975187832890086,0.010705790949922585,0.00034255764916678896,0.02935798865913864,0.002313991623612466,-7.386811475572093,66.56578764742515,44.68520451984725,0.0,4474.129524483558,2050.3719116481557,6863.814570078804,8448.065811265295
DS1,210.0,210.5,210.01,0.10334664583206177,17.177982578185652,0.01068142164709407,0.0003657183095252689,0.033237485291379876,0.002244573140545706,-7.425973948624851,67.40829722043866,43.265049040208595,0.0,4587.382825947403,1926.0744312241588,6843.798141823107,8436.897317839335
DS1,210.5,211.0,210.51,0.10313791781663895,17.270683498437787,0.010637485512600305,0.0003084702902060978,0.03241240223869586,0.0029872689035184566,-7.497966906567895,67.79342264676937,58.45903500610488,0.0,4640.3441277303,3472.4043083111856,8591.820878583521,10455.209855952067
DS1,211.0,211.5,211.01,0.1018926240503788,17.03280647047084,0.010383281598086411,0.00026717356941488243,0.03221467771524272,0.0020789896908157603,-7.927484628755276,66.80516393735333,39.87756154289028,0.0,4513.407547816434,1652.1442898913936,6445.053825334324,7950.287779570391
DS1,211.5,212.0,211.51,0.10284947603940964,17.62297119234656,0.010578906904341108,0.0002981066920347789,0.02861589101874655,0.0024238498696799154,-7.597454158890117,69.2569997929149,46.932672099715546,0.0,4842.020133450284,2259.359457779455,7475.582272415126,9198.646913211123
DS1,212.0,212.5,212.01,0.0960690788924694,16.158062563402723,0.009229381550513536,0.00032713671979233,0.035089472593269194,0.002493614573237206,-9.936099719467983,63.171045535685685,48.359910519013326,0.0,4074.4557452023064,2436.007513637398,6775.833037005548,8241.419951129026
DS1,212.5,213.0,212.51,0.10090630128979683,18.025350931397025,0.010182407716410522,0.00020469651759564335,0.030534347905668592,0.0023583566182429462,-8.267679944065508,70.928684045101,45.592818565057996,0.0,5085.551851937842,2145.9622591411644,7584.206221374678,9336.89821169662
DS1,213.0,213.5,213.01,0.10264874994754791,16.615864954703063,0.01053699981299082,0.00023724473259779274,0.028239540244239157,0.0017016316233635304,-7.666687151213642,65.07298286969727,32.15761285483335,0.0,4281.625319165565,1092.1717510020253,5578.830314845876,6908.518977044292
DS1,213.5,214.0,213.51,0.09818482026457787,16.887826426058652,0.00965035029663931,0.0003496325417501109,0.031642313345380715,0.0024921255591983287,-9.20635350254539,66.20284519810214,48.32944843812145,0.0,4453.228102388179,2419.1969732309367,7186.677424797688,8778.114144406693
DS1,214.0,214.5,214.01,0.10078590363264084,17.178558143863636,0.010159662912853702,0.00032503620748584167,0.032975794139582126,0.0018865455265622182,-8.30920663347763,67.41068840465249,35.940560584135326,0.0,4600.137080045986,1359.896682131532,6193.874579543502,7652.9427019134255
DS1,214.5,215.0,214.51,0.09617216885089874,18.433318609433066,0.009249088118895799,0.00034131532214111605,0.03391175373789834,0.002655503292613222,-9.900542676363255,72.62358335683857,51.67181164039666,0.0,5355.297585024109,2766.5072301214514,8493.500444204059,10385.646312173525
DS1,215.0,215.5,215.01,0.10281868651509285,17.509257879619057,0.010574412486811211,0.00023160197206789553,0.035158779263318354,0.002407814052600649,-7.608073859004328,68.78457850600053,46.60461316656799,0.0,4777.028419835104,2228.8409681555904,7373.128144596152,9071.397635025658
DS1,215.5,216.0,215.51,0.10123652219772339,17.00101478259928,0.010250777437827492,0.00035350530781085493,0.03556763530145121,0.002679047453361175,-8.15378253605292,66.67308555763492,52.15347541958848,0.0,4499.068873839076,2785.231952846244,7673.405809557641,9367.305390641648
DS1,216.0,216.5,216.01,0.09599480777978897,18.750233949173403,0.009215649581889609,0.0003547890454798508,0.03562765227933759,0.002898034059968351,-9.961716774661816,73.94020626625819,56.633478663703876,0.0,5549.078553003703,3304.9444891501535,9286.625746139809,11322.35943852728
DS1,216.5,217.0,216.51,0.09914984181523323,16.432370158396225,0.009831025984079231,0.00028960866938345406,0.031730841587797584,0.0018900761722650265,-8.873505246551924,64.31065482090412,36.01279013482551,0.0,4201.172515427434,1374.7288890571244,5774.278941080321,7112.663884087006
DS1,217.0,217.5,217.01,0.09851521253585815,17.12600344632173,0.009714867161869103,0.00028730103587735795,0.030465585870155708,0.002411948429729409,-9.092396989123818,67.19235022374276,46.689193786525564,0.0,4583.1219781175405,2261.316303656633,7154.186831149249,8759.559678672918
DS1,217.5,218.0,217.51,0.10448607429862022,17.321253825951892,0.010917362714243397,0.0001327599355586781,0.028469498727752063,0.001871463051971937,-7.032970520187701,68.0035167741047,35.63200502386329,0.0,4662.861390932111,1318.3726753703197,6252.382128690295,7755.19202190977
DS1,218.0,218.5,218.01,0.104304488748312,16.81284150947672,0.010879589233058578,0.0003502292575721156,0.03489732685709698,0.0018806320046450714,-7.09560169530774,65.89132080450989,35.819582421208274,0.0,4381.15577658781,1332.6498827620383,5973.1321918694775,7398.7610920498055
DS1,218.5,219.0,218.51,0.09878864139318466,16.759173681116394,0.009759268175572364,0.000290505861841263,0.03557811644036994,0.0021329851337161462,-8.998087884588683,65.66835812818157,40.98219421019811,0.0,4379.400436446282,1759.4315543820678,6387.208530671004,7846.9654954780735
DS1,219.0,219.5,219.01,0.09917038679122925,17.617714445388213,0.009835599587965167,0.0002855956099305536,0.03067882365272724,0.002970448969731784,-8.866419021974806,69.23516066868677,58.114934701992354,0.0,4857.728752528617,3454.460063217177,8758.254282668311,10643.334019880474
DS1,219.5,220.0,219.51,0.09496172145009041,16.496060483504728,0.009018085536409062,0.0005584631945703128,0.04204492164436644,0.002136747912946835,-10.318041442123736,64.57525590084852,41.05917272236171,0.0,4260.650837782265,1791.0829767900325,6245.084017426383,7645.707803672794
DS1,220.0,220.5,220.01,0.09740130975842476,18.72528075815942,0.009487025630949632,0.00036225158457941814,0.0419711419962275,0.0035083473059624387,-9.476596281422726,73.83653838139325,69.11919806153354,0.0,5525.233593610246,4865.364948903385,10973.731784074407,13250.480938709314
DS1,220.5,221.0,220.51,0.09683288633823395,16.54491122115213,0.00937743566242746,0.00018810125371354207,0.0402171513913977,0.0018660484929381564,-9.672652777723625,64.77820600222675,35.52123458720228,0.0,4274.982341262766,1354.316781220638,5797.539510401196,7132.8787405888215
DS1,221.0,221.5,221.01,0.10128920152783394,18.998187883749637,0.01025951793793942,0.000265694522064036,0.03326595048659039,0.0032615863201320293,-8.135612762391085,74.97032942473733,64.07098970683536,0.0,5672.567195121609,4169.764988509247,10426.75551759789,12694.650210372096
DS1,221.5,222.0,221.51,0.09963524714112282,16.42480243453443,0.009929288010390478,0.00020221794580931323,0.03379711373080567,0.0017026493499841797,-8.706082751103436,64.27921475676345,32.178433390996595,0.0,4194.457521999007,1110.4308434936597,5473.720745313085,6758.00630502178
DS1,222.0,222.5,222.01,0.10050203278660774,18.229951182402775,0.010104153149710509,0.0002211166475056759,0.03342052740033038,0.003124714208735572,-8.407117313260212,71.7786945809365,61.27087552366523,0.0,5208.778543548513,3823.30210567966,9548.238009889876,11611.064079159818
DS1,222.5,223.0,222.51,0.09766873344779015,15.894117983939067,0.009539844738102666,0.00034782431187739223,0.03362453537177104,0.0021265322504422698,-9.384358436002424,62.074489337353,40.85018185360352,0.0,3927.5474374588475,1755.6866031051077,5893.900912369043,7216.703031984032
DS1,223.0,223.5,223.01,0.09859875962138176,17.32096570309157,0.009722137670741975,0.00018948879945242632,0.02816072744609231,0.0024756829122833,-9.063580532443671,68.00231976938117,47.99306662618119,0.0,4691.9856701757635,2384.2163882641457,7405.498287924641,9064.245898487028
DS1,223.5,224.0,223.51,0.10116168111562729,15.971173057684782,0.010233686626202498,0.00032660774357763325,0.03323616804885988,0.0015097515047056299,-8.179596180976635,62.39461418667002,28.232151077115333,0.0,3948.0144755984375,863.2869018703075,4952.472034214185,6125.966022697803
DS1,224.0,224.5,224.01,0.09914528205990791,17.451129282411777,0.009830201956317255,0.000322959819922279,0.027865920232784027,0.002788350491642168,-8.875077964390979,68.54308359181229,54.38958462132115,0.0,4762.651381890397,3035.589255229435,8201.030787120333,9992.59255033786
DS1,224.5,225.0,224.51,0.09574641659855843,17.17130430079573,0.009168444355110082,0.0004242809372781172,0.04007796585486355,0.001863548527870829,-10.047390064984294,67.38055235641839,35.470090584446474,0.0,4625.105484580817,1358.038432681997,6151.564080725859,7573.015040655307
DS1,225.0,225.5,225.01,0.09770145639777184,18.473652548019448,0.00954581206632178,0.000250751162061945,0.03573670155481233,0.002741944387654043,-9.373071872686848,72.79115046675967,53.440213791595056,0.0,5370.405763367072,2942.2528901343517,8723.484831277427,10665.2760031159
DS1,225.5,226.0,225.51,0.0997961051762104,17.854303676565628,0.009963273629495796,0.0002171506237560004,0.04047016302373739,0.0021973675109502747,-8.650600760670084,70.21806923393763,42.29932160598518,0.0,4991.197014435562,1862.9997719508704,7156.616959455332,8817.501471637552
DS1,226.0,226.5,226.01,0.0987810306251049,16.532175693396603,0.009760191765401969,0.0004245603836927111,0.041426643484357276,0.0030239913650875905,-9.000712935687694,64.72529632729521,59.210298973844864,0.0,4256.664728665591,3585.322021611823,8254.307149493297,9969.918038664371
DS1,226.5,227.0,226.51,0.09300022944808006,16.20051610629276,0.008649267713527722,0.000320721002323515,0.040346855285838173,0.0018321521402606628,-10.99458508155945,63.34741852918246,34.827786835709176,0.0,4117.235694840383,1332.7390698128731,5551.418729283886,6811.487169400285
DS1,227.0,227.5,227.01,0.0982738770544529,18.33465638502509,0.009659104005248647,0.00048486670254438576,0.034241158964464946,0.0026803171459850493,-9.175636678476383,72.21369172755905,52.17945064776392,0.0,5283.4808841518625,2805.493713155995,8488.93478782269,10388.307455100023
DS1,227.5,228.0,227.51,0.0989115908741951,16.960483222223925,0.009783506875809818,0.0002997691212815284,0.02951316937945831,0.0019212349135773643,-8.955681038542775,66.50469742915732,36.650232142464944,0.0,4489.081283528753,1422.4872411547128,6125.738661034682,7550.73745673634
DS1,228.0,228.5,228.01,0.10106505826115608,18.65637472749443,0.010214700254544025,0.00033837621679252695,0.029952369687303804,0.0035015792029571722,-8.21292263734231,73.55026868348267,68.98073697530604,0.0,5463.0356071991055,4824.148279716466,10908.040467087381,13202.914482165585
DS1,228.5,229.0,228.51,0.09893754869699478,18.55038124200702,0.009794875823151491,0.0002451433264802606,0.03122225022753968,0.0030165362183782393,-8.946727853981876,73.10991937329686,59.0577824251814,0.0,5409.804530725381,3566.328580942486,9463.520980828185,11530.856947338927
DS1,229.0,229.5,229.01,0.09687621891498566,17.36850913502891,0.009387975259851602,0.000407547450165119,0.036125752866537256,0.0036990897594495285,-9.657706818651816,68.19983867689893,73.02138561378675,0.0,4728.973807029081,5423.344014000693,10709.770731858354,12800.39376366724
DS1,229.5,230.0,229.51,0.10395212844014168,16.861061930218774,0.010811217975630633,0.0003433577851758468,0.029721982720960084,0.0026699396528220673,-7.217135265181037,66.09165225802319,51.96714906568889,0.0,4409.1068345445265,2751.5810731887796,7570.540373420061,9259.705036648245
DS1,230.0,230.5,230.01,0.09986381232738495,17.2314806362738,0.009973160645739141,0.0003164457481995811,0.021295355065354155,0.0028051828380014233,-8.627247699620382,67.63055458717271,54.733938860440475,0.0,4634.644650518878,3068.859588709871,8110.345691491535,9875.878692020364
DS1,230.5,231.0,230.51,0.10068052634596825,16.461198105083653,0.010136645951535664,0.0002618158544434485,0.02951888327120355,0.0019462631951228612,-8.345552605302277,64.43042035535662,37.16225789717055,0.0,4208.313690899705,1449.7780995492697,5884.97504298316,7253.576719749845
DS1,231.0,231.5,231.01,0.0986163355410099,17.812803255580743,0.00972569631553672,0.00033794127269664074,0.03147742041799912,0.0023170957571899244,-9.057518373322212,70.04565597977319,44.74870853368919,0.0,4973.55101461591,2083.305120501294,7368.9594969146365,9055.12451557631
DS1,231.5,232.0,231.51,0.09718820080161095,17.378634009233213,0.009445876943760348,0.0003295817063545768,0.03129966988297957,0.002259172894749687,-9.55010028199545,68.24190240705255,43.56372916138355,0.0,4732.81772881464,1987.7909204276693,6991.164891746222,8578.298247579141
DS1,232.0,232.5,232.01,0.09719114750623703,17.453858597094023,0.00944833087246957,0.00021606806319482153,0.034803317325937014,0.001846224657671495,-9.549083925940963,68.55442251355905,35.11568080616779,0.0,4775.484555599982,1323.3185919190566,6289.110413930072,7755.673166545827
DS1,232.5,233.0,232.51,0.09677010774612427,16.696782438081993,0.009366458634216021,0.0003305175836719369,0.03474057428455292,0.002207056485864415,-9.694305915814937,65.40915407705054,42.49753755955427,0.0,4357.370347830086,1898.8199333626774,6492.247789720025,7954.033628080602
DS1,233.0,233.5,233.01,0.099709901958704,17.551090127749344,0.009943658971856846,0.0002513816561095976,0.03944188225435889,0.0022424907428911407,-8.680333351189486,68.95837033408304,43.22244758438201,0.0,4816.583428142835,1942.4355001782762,7061.213222253213,8687.14754550372
DS1,233.5,234.0,233.51,0.09637168049812317,17.247353335119723,0.009289415828961763,0.00024325722845602225,0.04651447746985092,0.002372552321356399,-9.8317285615034,67.69649762089264,45.88323265469613,0.0,4663.782743050085,2200.6198531434907,7143.313681480175,8741.673913809316
DS1,234.0,234.5,234.01,0.09086212143301964,17.118603994526914,0.00825668475085174,0.0003477175121395685,0.0447052267234839,0.00280970290348629,-11.732045839254665,67.16160924491169,54.826409849189766,0.0,4629.605527669075,3141.7024298503416,8054.363252361363,9746.482105356185
DS1,234.5,235.0,234.51,0.09795210510492325,16.629922004165195,0.009608833244165085,0.00019134229650090076,0.038928913784624285,0.0024156199629983104,-9.286619932846016,65.13138279876303,46.76430559911719,0.0,4314.085921542868,2271.876865980971,6874.785493838029,8399.19317564998
DS1,235.0,235.5,235.01,0.10019495710730553,18.71706947279807,0.010039056364233979,0.00021480576451743893,0.03476998508882873,0.002974115257532206,-8.513031636359358,73.80242464479915,58.189939203382764,0.0,5504.620455906984,3457.0999504414667,9460.344221764108,11553.282904130527
DS1,235.5,236.0,235.51,0.09964017197489738,16.95971018918059,0.009931363753965923,0.00033867474428866354,0.031632985615432596,0.0022578794359284283,-8.70438411304524,66.50148586793902,43.53726772702851,0.0,4484.628124859004,1970.1563310825957,6742.656902790978,8278.688061048344
DS1,236.0,236.5,236.01,0.09981286525726318,16.582712907214933,0.009963664499692056,0.00016088117389756083,0.02831458883086937,0.003102270273919197,-8.6448199946914,64.93525288397679,60.81172004221407,0.0,4278.134159866463,3771.26941978529,8490.653261621263,10249.220090526273
DS1,236.5,237.0,236.51,0.09916776418685913,16.957714041014277,0.009836243333127232,0.0002656719483650562,0.029486848136994488,0.002535796586377279,-8.867323591712301,66.49319288215766,49.22286537565365,0.0,4486.123301565924,2500.249258977401,7322.972683361436,8946.590791971808
DS1,237.0,237.5,237.01,0.09341089427471161,16.07720474286437,0.008725739846904427,0.0003635982450144143,0.02615501002056035,0.0021908407759412157,-10.852941538729405,62.835122197251636,42.1657983989403,0.0,4049.8462294823466,1894.4071330437196,6114.608977854582,7463.317611612584
DS1,237.5,238.0,237.51,0.09671291708946228,17.30307485269729,0.009354731808468922,0.000673770692023975,0.02548968681618919,0.0023878154969032084,-9.714031703613289,67.92799233695897,46.1954849747107,0.0,4693.024014443916,2227.078148173426,7208.088149056364,8822.459427230648
DS1,238.0,238.5,238.01,0.09424670413136482,16.802071245746525,0.008882589537222232,0.0003095715201482574,0.028258956271686883,0.001885602338805191,-10.564660046010157,65.84657580737822,35.92126495561832,0.0,4430.911086299927,1400.8428973854948,5975.234351751774,7341.672581551926
DS1,238.5,239.0,238.51,0.10010340437293053,16.418476647272076,0.010021246373368185,0.0002393461424254421,0.037291843969011085,0.001888791928355364,-8.54460934355922,64.25293431089877,35.98651721809026,0.0,4188.554567486224,1367.1437766929796,5764.4089252898575,7105.834756310518
DS1,239.0,239.5,239.01,0.09963317215442657,16.424716951255988,0.009928424649725345,0.00033826713196357885,0.04426232185414276,0.0016893323821753476,-8.706798440512221,64.27885961698743,31.905996368889724,0.0,4194.423265290625,1092.9911643565006,5453.741808762564,6734.090821055252
DS1,239.5,240.0,239.51,0.09614754468202591,16.349762707746155,0.00924614636245084,0.0003491204503472948,0.041612639753371025,0.001556202816939793,-9.909035866654234,63.96746265449227,29.182446772028616,0.0,4175.03685066699,948.9608635077439,5221.322493178183,6435.892012554702
DS1,240.0,240.5,240.01,0.09797708317637444,17.3228589383856,0.0096002537539223,0.00018612636435864417,0.03828287725035944,0.0016417929657805306,-9.278004677036483,68.01018520424174,30.933440362055133,0.0,4696.62787083937,1042.122316185626,5895.472982913736,7283.421778338428
DS1,240.5,241.0,240.51,0.10285976901650429,18.693627402739267,0.010580140640103548,0.000264720242090364,0.03789461469382008,0.0021747867504941904,-7.593903979650484,73.70503470302818,41.83736696106337,0.0,5477.136317858088,1807.1077260584161,7637.246175914204,9455.760742416469
DS1,241.0,241.5,241.01,0.09764685109257698,16.42427870764643,0.009535081941402228,0.00029233840909329267,0.04820353048916666,0.00257180502212761,-9.391905939749657,64.2770389364968,49.95952188390476,0.0,4205.505478882906,2582.7955441131985,7096.792315149496,8637.363793719442
DS1,241.5,242.0,241.51,0.10249951109290123,17.063904930566714,0.010506311405461075,0.00027875334953856163,0.04455610357982985,0.0029824309634773425,-7.718161537937831,66.9343623063671,58.36006097561585,0.0,4527.7337361710715,3464.1573460341415,8456.165769044648,10276.371591974765
DS1,242.0,242.5,242.01,0.09730878099799156,18.382264387626638,0.0094702454180609,0.00035803474006131564,0.03674315821649515,0.0030725300128997468,-9.508510632473758,72.41147889352035,60.20329714406405,0.0,5317.671734184212,3713.1832188839385,9504.355347149965,11548.567916670394
DS1,242.5,243.0,242.51,0.09887455403804779,16.883434430112157,0.009779138031672395,0.00016142373068337847,0.03359092154739145,0.0022110191533434775,-8.968455516284516,66.18459867685148,42.578605362908085,0.0,4446.879984647905,1892.2585342537764,6606.927121088203,8111.068831236111
DS1,243.0,243.5,243.01,0.1005287878215313,16.508454787304107,0.010106353793654915,0.00021528289449173263,0.026275443659589337,0.0021883569794989236,-8.397889160057517,64.62674796286716,42.11498517208779,0.0,4234.407686527403,1843.1665212336793,6349.598669084706,7799.264974198413
DS1,243.5,244.0,243.51,0.10286077484488487,17.18361448639926,0.010584055671995706,0.0003321580286188196,0.02654193868660282,0.0026394441482330976,-7.593557056597751,67.43169494988861,51.34327547996503,0.0,4592.7728135294565,2692.6600330288243,7689.310977588503,9412.981799989655
DS1,244.0,244.5,244.01,0.09897087141871452,16.437367889633634,0.009799178715145414,0.00033559489046082334,0.031256436043215464,0.0021880196671448743,-8.935234421734856,64.33141786584757,42.108084474077835,0.0,4204.840976403975,1851.8332368515757,6308.993603908266,7738.089337481938
DS1,244.5,245.0,244.51,0.09776404872536659,16.290071523141354,0.009558051417742734,0.00024092286523298874,0.026219622295450627,0.001675371109315147,-9.351482979605303,63.71947598017897,31.620378226873044,0.0,4133.563322589398,1086.4364363787022,5358.658090133411,6606.274450530323
DS1,245.0,245.5,245.01,0.09625858813524246,17.157985542885363,0.009266058425802488,0.000245103942440119,0.026768650728786154,0.0026040982160214273,-9.870735561632525,67.32521965524914,50.620172394219615,0.0,4614.438436843442,2658.378258068162,7593.4288925597275,9253.344511781885
DS1,245.5,246.0,245.51,0.10434064269065857,16.750154833953776,0.010886988483519112,0.0003783213287268846,0.03575919628897526,0.0016711642351387196,-7.083131738912287,65.63088938084802,31.534314470509226,0.0,4346.786948862263,1043.933001878075,5609.069523631387,6960.753113421086
DS1,246.0,246.5,246.01,0.09359633550047874,16.520828819688862,0.008762168005922888,0.00033932110002841227,0.04308102607993807,0.001895445616748431,-10.788980491907223,64.67815580741333,36.12263762311459,0.0,4283.117641013445,1420.1107619262432,5832.640773499995,7158.573724649882
DS1,246.5,247.0,246.51,0.10081004723906517,17.259273524847845,0.0101627254672617,0.00025711151585481066,0.03650793559143511,0.0022611443877785624,-8.300879195311847,67.74601997879913,43.60406174291423,0.0,4645.273157286627,1969.1648766091628,6924.372942648637,8517.140841791663
DS1,247.0,247.5,247.01,0.0968790054321289,19.103684935082388,0.009386773785437914,0.00023278706246826323,0.03562727924249465,0.0025186811173086325,-9.656745713305726,75.40861630215615,48.87271904414927,0.0,5762.639513880772,2480.4210067548947,8615.776000609705,10581.78686671923
DS1,247.5,248.0,247.51,0.09948109090328217,18.058172272308138,0.009896861261627404,0.00026165880380432085,0.03672226721057756,0.002240995139326454,-8.75925320608543,71.06504011229815,43.191850695716,0.0,5112.398834613291,1941.1586299328787,7367.047030045765,9074.117873281042
DS1,248.0,248.5,248.01,0.09791634976863861,18.063231362629555,0.009588803962702662,0.00029510198667752254,0.03643658613636798,0.0030734467414502845,-9.298952404920572,71.08605807319414,60.222051473125596,0.0,5124.184239293071,3711.53682522239,9304.831955875814,11296.521387522187
DS1,248.5,249.0,248.51,0.09963647648692131,17.237289886099827,0.009927452211394992,0.0003518230807033883,0.03252363883144457,0.003436734476527319,-8.705658734038984,67.65468908130529,67.65415089193597,0.0,4639.133584818968,4651.16076313323,9821.797829093677,11813.063807829387
DS1,249.0,249.5,249.01,0.09854263439774513,17.25672657876521,0.009710748294268533,0.0002619115340980692,0.031908148843118905,0.003367260241417874,-9.082938838786164,67.73543870632363,66.23285484331018,0.0,4656.132974078658,4467.541704211657,9629.20375822186,11589.459603055477
DS1,249.5,250.0,249.51,0.10089152306318283,15.949366226546669,0.01019202940329104,0.0002875955630675081,0.024569703862853932,0.001909891166031075,-8.27277714314029,62.30401783534852,36.41816303743988,0.0,3938.1239570938224,1393.843662328142,5542.108286705834,6826.330526241889
DS1,250.0,250.5,250.01,0.09478291869163513,16.681630597550257,0.00898469129756939,0.00023371966679509265,0.018237065886742544,0.0022925877161112714,-10.379712796797879,65.34620584494445,44.24732579964722,0.0,4361.810219557483,2064.226050973108,6651.718078560796,8127.453287057058
DS1,250.5,251.0,250.51,0.10107344016432762,16.860174549827192,0.010216626603609471,0.0006688530057888749,0.023539779438908476,0.0015952459345932395,-8.210031611902869,66.08796564142115,29.98118645961866,0.0,4422.322499719149,965.5586420891821,5561.520624073211,6885.146453009189
DS1,251.0,251.5,251.01,0.09714400395751,16.28291213414181,0.009441593628080922,0.0004681704881683855,0.032166760336948805,0.002407375750549115,-9.565344337912572,63.689732340814686,46.595646432742576,0.0,4133.490424638083,2261.3519461834694,6661.715657443785,8125.220270237191
DS1,251.5,252.0,251.51,0.10113874822854996,19.23615243372047,0.010229124984473852,0.00021801922898963792,0.03936046242572487,0.002139936185270044,-8.187506026578944,75.95895174380222,41.12439803715332,0.0,5822.353672217094,1757.270800182313,7922.200162517711,9808.171464722383
DS1,252.0,252.5,252.01,0.10061806440353394,17.46024200011413,0.010133629236426047,0.00035892028352059197,0.04531968537939249,0.002321699004199362,-8.367096526876988,68.58094232374941,44.842881240665456,0.0,4759.93396311256,2079.799876611159,7165.376131738322,8809.474022204913
DS1,252.5,253.0,252.51,0.0975530780851841,16.620626788746566,0.009516685319063948,0.0002777231130710392,0.04503365415928297,0.0029057505978894284,-9.424249447465922,65.09276588114022,56.79134272422964,0.0,4311.419866067206,3312.5155192926272,8001.795953741896,9683.462302758018
DS1,253.0,253.5,253.01,0.10384426638484001,19.336761091174857,0.010787112620624286,0.000269186721419091,0.03826194966941775,0.003196513551781103,-7.254338265435952,76.37692981769075,62.73973836762142,0.0,5873.296921680782,3987.5781749265157,10469.450247134673,12803.44400148399
DS1,253.5,254.0,253.51,0.09973003342747688,18.28421940673449,0.009946329191159996,0.00041067860679970194,0.03211259135769283,0.002647044223084486,-8.673389750534048,72.00415159878612,51.498756952175874,0.0,5245.229738352486,2726.049694962282,8379.48792573278,10269.481583553721
DS1,254.0,254.5,254.01,0.09976976737380028,17.56199828375494,0.009954113327833901,0.000282214561640801,0.023903937022903776,0.0032481577923233265,-8.659685005050905,69.00368820385943,63.79627040286168,0.0,4822.503852685074,4143.348070586911,9473.640939160865,11454.8033654707
DS1,254.5,255.0,254.51,0.09974532946944237,16.808658228131005,0.009953977627832147,0.00028647576180121294,0.01825282783954627,0.0031189440455546822,-8.668113950332117,65.87394138683692,61.15283017755951,0.0,4401.107386130204,3813.2633555027023,8666.672821058266,10468.960627436205
DS1,255.0,255.5,255.01,0.10305727273225784,17.171385917769637,0.010620912204294716,0.00033732158473257656,0.02200108341196129,0.0031113742629613446,-7.5257824259958985,67.38089143365502,60.99796842093969,0.0,4585.020037749452,3776.055615750786,8860.568852275072,10750.533108012267
DS1,255.5,256.0,255.51,0.09328299015760422,15.78886234390625,0.008749259558721079,0.0003568930971150319,0.022544583122445554,0.0015901404912085698,-10.897057302035073,61.63720540175562,29.87673987596527,0.0,3901.9292034069435,1010.4158396431585,4965.025065422164,6103.023334843847
DS1,256.0,256.5,256.01,0.10257953405380249,16.732975925811072,0.010528132482762704,0.00025222900948372286,0.01797025372316713,0.0014613932660462355,-7.690560596842444,65.55951970831013,27.24284369695022,0.0,4345.428653205045,800.7064789182307,5307.5226136159545,6582.162107297168
DS1,256.5,257.0,256.51,0.10079927742481232,16.314229039511584,0.010164020762533435,0.0003438933553779271,0.030786952101570834,0.001690083602829281,-8.30459384177648,63.81983823943024,31.921364756111256,0.0,4129.502455518177,1087.1671572185714,5393.7882394443095,6665.089727609282
DS1,257.0,257.5,257.01,0.09997975453734398,15.781174331481264,0.00999647437676248,0.0003204086461979134,0.04341519965278133,0.0019013821593200425,-8.587257750841847,61.60526559948877,36.244086739988475,0.0,3856.4968024355667,1386.4679142346292,5437.477382862722,6690.134558183694
DS1,257.5,258.0,257.51,0.10168153792619705,16.391890853913104,0.01033934935940274,0.0003457030401136415,0.05249676269436722,0.0016581349263989627,-8.00029092852195,64.14248378922254,31.267762345121024,0.0,4166.2479189648,1040.948552212095,5389.455309715295,6667.6452768901945
DS1,258.0,258.5,258.01,0.09776174277067184,17.335443760593993,0.009557402455014637,0.0005964242991508184,0.04948824432345216,0.0018979481495071063,-9.352278332826199,68.06246877386673,36.17383415540975,0.0,4704.990693154061,1395.025363432819,6304.850899320151,7772.829512563989
DS1,258.5,259.0,258.51,0.10535764321684837,16.64505299523329,0.011100402031568122,0.00022369855714667795,0.047149814514885854,0.0010349708932304896,-6.732355270493702,65.19424441189543,18.51914299590778,0.0,4285.44721275041,387.91961325348655,4779.445199530232,5936.2500832119795
DS1,259.0,259.5,259.01,0.09576023370027542,16.412962014498806,0.009170982419468468,0.0004384624635922699,0.05395189430407735,0.001960262987306492,-10.0426243701599,64.23002380157388,37.44866406315181,0.0,4211.09171523372,1502.1605179680446,5882.035678753747,7221.120441184718
DS1,259.5,260.0,259.51,0.10204271599650383,17.136098521959124,0.01041368397998927,0.00015892418148877823,0.04679705254008043,0.001723443976332436,-7.875715999886362,67.23429015592593,32.60384750624186,0.0,4570.119834987472,1124.289513329563,5908.735843096478,7318.6343313415155
DS1,260.0,260.5,260.01,0.0978422462940216,16.580133770726523,0.00957380108784436,0.00029932958701347416,0.05528312789841229,0.0021283802494688146,-9.324511639605616,64.9245378766504,40.887988008794075,0.0,4287.872451636152,1757.6632637087107,6276.873388014725,7702.489181455258
DS1,260.5,261.0,260.51,0.09908968210220337,17.191131652698097,0.009821656568012531,0.0002900668702737326,0.05351481167124718,0.0017428873473256123,-8.894255099805934,67.46292497293223,33.0016177921764,0.0,4616.266242646389,1167.3589581500592,5970.574933976655,7376.2126520357715
DS1,261.0,261.5,261.01,0.09839997813105583,16.911816851681305,0.009684142420815906,0.00043113428414409785,0.05323848195865577,0.00187198438121743,-9.132142806865247,66.30251327982829,35.642670318637464,0.0,4465.174214131611,1352.8473252064427,6015.449919506214,7414.973284948258
DS1,261.5,262.0,261.51,0.09463100135326385,17.27680503268885,0.008984905223030637,0.0002724632760410494,0.048535164926509555,0.0021365401924890014,-10.432111026762495,67.81885452470355,41.0549232007157,0.0,4691.5010498779575,1793.0874343483536,6694.308018930958,8211.389023818998
DS1,262.0,262.5,262.01,0.1018967293202877,16.777476225187065,0.010384097723302805,0.00028527036187479024,0.04537903391705338,0.001906132967199182,-7.926068668740048,65.74439593955368,36.34127823055709,0.0,4372.968995010168,1382.6719593098,5995.487865145838,7406.896564595808
DS1,262.5,263.0,262.51,0.09702767804265022,17.259303379499386,0.009418292225400964,0.00038870180952521626,0.04543516582817565,0.002418019001913986,-9.605466631411224,67.74614400977283,46.81338486607102,0.0,4666.475256261993,2282.4483247429653,7245.6078368768285,8864.86784208078
DS1,263.0,263.5,263.01,0.10159608721733093,17.22895667997115,0.010324118680709975,0.00018370564280863086,0.039311513193554165,0.0014821131022471786,-8.0297639692019,67.62006882560256,27.6667277638159,0.0,4624.2705788196245,829.2772546258399,5618.183029794284,6965.059722933456
DS1,263.5,264.0,263.51,0.0994056798517704,16.8686895060543,0.009883615870255645,0.00048543474694466685,0.03796575323794541,0.001883424184472149,-8.785263440739028,66.12334097683565,35.876704520487614,0.0,4435.8331791243445,1363.4002822524906,6009.669646053736,7412.106394731569
DS1,264.0,264.5,264.01,0.09806562215089798,16.555203490332737,0.009617093572280824,0.00037609320496986295,0.04006906192320437,0.001655064729114898,-9.247466454094624,64.82096517382192,31.20495259613324,0.0,4273.148133697437,1058.4233714732052,5475.759736033743,6756.443184862711
DS1,264.5,265.0,264.51,0.09826970472931862,17.063555853755084,0.009657631148352448,0.0002974970371187027,0.04105547033744139,0.0019244480404822669,-9.177075766695127,66.93291206881244,36.715965929479324,0.0,4549.785188459012,1431.298910438357,6190.73291868532,7628.5531717486365
DS1,265.0,265.5,265.01,0.09930344298481941,17.054571618850602,0.009863705476390865,0.0003381374918323211,0.05055900374356059,0.0018764019685807065,-8.82052624169903,66.89558711790113,35.733044821559204,0.0,4538.9676724269475,1353.7336620022945,6105.005750757435,7532.654830073595
DS1,265.5,266.0,265.51,0.10265102609992027,17.201857931900356,0.010537329525801751,0.0002999534393031977,0.05041620300688404,0.001435600655983987,-7.66590207719431,67.50748723660206,26.715181395847235,0.0,4603.971253929169,771.8699229592123,5541.7146933604145,6877.279217472381
DS1,266.0,266.5,266.01,0.0996171236038208,16.50561244666522,0.009924530752074803,0.0002537737170578002,0.0518280488457402,0.0018587311116770335,-8.712333790553604,64.61493947545031,35.37153642850591,0.0,4237.763941955814,1326.1522864593817,5763.541179548241,7105.8719291534935
DS1,266.5,267.0,266.51,0.0980663076043129,16.069039653749243,0.009617001135322786,0.000322373950629834,0.056620499867500146,0.0021693746032001937,-9.247230032458688,62.801200382689935,41.72664586350223,0.0,4015.798632305499,1825.5001321090738,6069.353138024162,7432.62694186666
DS1,267.0,267.5,267.01,0.09850262850522995,16.809043957162835,0.009702767276498115,0.0003743179986180746,0.054276272397205214,0.0015122814817365973,-9.096737381983564,65.8755438958242,28.283909061230787,0.0,4408.237768489474,881.9798652560532,5417.868738430871,6695.162611939918
DS1,267.5,268.0,267.51,0.09869800508022308,16.951535107295854,0.00974129647854601,0.0003872312026604801,0.04890706564074024,0.0018835504979492713,-9.0293495063405,66.46752253847492,35.879288627324335,0.0,4485.3499402431435,1367.9083475289474,6057.412821974176,7468.155823776707
DS1,268.0,268.5,268.01,0.1046878919005394,16.477484002158537,0.010959555744561002,0.00040257571488090335,0.04527555745864683,0.0015211357691637959,-6.963361052106951,64.49808001868125,28.465049072543607,0.0,4198.058845920137,858.1697976709875,5244.052497231766,6513.217079779588
DS1,268.5,269.0,268.51,0.09923432022333145,16.396470069138775,0.009847449947838606,0.00030032524994682273,0.04979358371300209,0.0015319050766232894,-8.84436756482295,64.16150811186411,28.685366347206678,0.0,4181.570776809411,900.333329019601,5213.820085723314,6442.369585882006
DS1,269.0,269.5,269.01,0.09740950167179108,16.94389064576223,0.009488611588655734,0.000455379046155867,0.047922387182129315,0.002132926804278406,-9.473770785893246,66.43576366812933,40.98100091315427,0.0,4488.632123182543,1768.0635567736988,6493.24231537275,7973.140937037145
DS1,269.5,270.0,269.51,0.09755667299032211,16.601271524073002,0.009517303920813526,0.0002989329814693594,0.04824941901234995,0.00191683415770172,-9.423009518777452,65.01235454823355,36.56020197621458,0.0,4300.953645680808,1424.437392536644,5913.668836465866,7276.1954527521675
DS1,270.0,270.5,270.01,0.09856974333524704,16.542570871055766,0.009715995109036868,0.0001627548589245811,0.05058401852009683,0.0017302738989592626,-9.073588620064916,64.76848303155748,32.74357329129925,0.0,4263.449431611521,1153.6055237579426,5581.161770700166,6884.762802221835
DS1,270.5,271.0,270.51,0.10136234760284424,16.20225322033591,0.01027432534149892,0.0003470288877070501,0.05381905622511703,0.0018035000223547244,-8.110383747056234,63.354635359227224,34.241625046373635,0.0,4067.541633996587,1237.457992301054,5506.626471723665,6798.568882912552
DS1,271.0,271.5,271.01,0.1003970354795456,16.358222908924414,0.0100795643341915,0.00041911940841157466,0.04900584209561513,0.0019493915210016671,-8.443332225264935,64.00261051037934,37.2262568343788,0.0,4154.936034083225,1456.1683074347877,5832.946239241477,7185.549135869891
DS1,271.5,272.0,271.51,0.09667232632637024,16.097961805587172,0.009345537997879442,0.00038819087270534013,0.050496547922311244,0.0016481974851942263,-9.728031976141352,62.921357291884455,31.064463296265103,0.0,4039.2589569123675,1058.7543120645507,5213.882094367511,6422.069321432542
DS1,272.0,272.5,272.01,0.10254902392625809,17.49964778388646,0.010516301484306625,0.0003823951739658088,0.047091546164253435,0.0019797827720061507,-7.7010839294420075,68.74465341997087,37.847997612055885,0.0,4772.810715594162,1490.9287206132508,6542.198740849413,8093.695201988531
DS1,272.5,273.0,272.51,0.09972008317708969,17.33980561993373,0.009944094716290172,0.000614801737641234,0.04808717215276833,0.002207514090810162,-8.676821718955713,68.0805900927624,42.50689918980752,0.0,4696.407820186165,1881.0495147710953,6866.902713257623,8447.340541120737
DS1,273.0,273.5,273.01,0.10041821002960205,16.560056537919927,0.010083817027478008,0.00025674321938573633,0.0474608193171793,0.0014456377614824485,-8.436028852554811,64.84112713139405,26.920519365558313,0.0,4262.70391551214,795.2187369628575,5190.342912354204,6423.240349444582
DS1,273.5,274.0,273.51,0.09166283905506134,17.386505409884624,0.008402075398156702,0.00034860161795153264,0.05254791041364787,0.002745971169624287,-11.455868106375208,68.27460409462425,53.52259324196208,0.0,4774.106201498219,2994.1188296270047,8060.056523391826,9778.594549276033
DS1,274.0,274.5,274.01,0.10191070660948753,16.386218371833476,0.010386173422041031,0.00021133010785187665,0.05213466875055045,0.0014972970938994124,-7.921247723207257,64.11891749588555,27.97736014866605,0.0,4162.095713508553,844.8327832449717,5161.661032034102,6393.446693597862
DS1,274.5,275.0,274.51,0.10134290158748627,16.97747427708336,0.010278497851137856,0.0003721733992840359,0.055493443369203616,0.0022030389323575224,-8.117090926075736,66.57528666633803,42.41534690404732,0.0,4485.518128239312,1863.9463093029408,6645.8825764519115,8178.55539877385
DS1,275.0,275.5,275.01,0.10043709352612495,16.207043285434032,0.010087618047687898,0.0005075001104674895,0.048870331322087374,0.002009860542677715,-8.4295156934648,63.37453565642006,38.463325244517364,0.0,4074.840647380193,1549.5395924551979,5854.153784571589,7203.017466968805
DS1,275.5,276.0,275.51,0.09728725254535675,17.485252869255746,0.009472251369111796,0.0003771660124005667,0.04831722029615285,0.0013955221666407782,-9.515936070702436,68.68484983205535,25.895260191264597,0.0,4792.780385972763,760.3987903608221,5656.074644607404,6989.880735325778
DS1,276.0,276.5,276.01,0.1015799269080162,16.9679160095234,0.010319645197999588,0.00021548246061112923,0.04499719183717527,0.0016074356773002267,-8.03533786624914,66.53557690014584,30.230562838011494,0.0,4479.0528443829235,977.7455449985306,5640.343611057951,6986.5674070334035
DS1,276.5,277.0,276.51,0.09565769135951996,16.687679365410485,0.009152493868437972,0.0002925785227581013,0.042600960164554544,0.00247223450549484,-10.077992532935918,65.37133541533717,47.9225195099046,0.0,4359.4019244635965,2396.7270426900113,7028.294118594229,8566.514730307816
DS1,277.0,277.5,277.01,0.09677999839186668,16.883613942689685,0.009367212503172025,0.000256921380220103,0.050168186564144915,0.001878472180580066,-9.690894505796397,66.18534446079585,35.77539698462904,0.0,4459.282185640558,1372.7818732946903,6010.006841605567,7398.496710288476
DS1,277.5,278.0,277.51,0.09712149575352669,16.361963216384098,0.009432809772138463,0.0005642594255932515,0.05213109090340472,0.0020875890762519344,-9.573107704892616,64.01814959565596,40.05348679808438,0.0,4175.497179717162,1694.8088838056958,6079.2427606989095,7455.900711608929
DS1,278.0,278.5,278.01,0.1007528156042099,16.83146451826635,0.010151694789912982,0.0003054677935126638,0.04498241399999683,0.001747851248661321,-8.320619117012347,65.96868998466645,33.103168724591804,0.0,4408.2416304842445,1164.2497550861258,5771.196178127875,7134.733543942483
DS1,278.5,279.0,278.51,0.0998382531106472,18.456174038145914,0.009973480469907276,0.00042688513789317887,0.04226984070058248,0.0017763120605121775,-8.636063399860383,72.71853610059846,33.68541679627737,0.0,5347.901061540289,1208.4410368386802,6787.022410340344,8405.433741177121
DS1,279.0,279.5,279.01,0.09696251153945923,16.33408259435511,0.009402122104699373,0.000366157873381017,0.04114254744393907,0.0017462333119047267,-9.627943390527728,63.90231971590854,33.07006915731407,0.0,4161.671934739404,1185.3985037646535,5489.758331473596,6760.259499426423
DS1,279.5,280.0,279.51,0.0986553207039833,17.30514625140413,0.009732961433045596,0.0002694248424516348,0.05062414395949309,0.0022841557311568126,-9.044071892778327,67.93659795066704,44.074825204585395,0.0,4682.744205103667,2023.2244669284617,6997.321107712804,8590.261679623769
DS1,280.0,280.5,280.01,0.09579967707395554,16.94893301366643,0.009177578599315141,0.0004145230094663433,0.04679600431354016,0.0023832124473412886,-10.029019846891991,66.45671215584163,46.101316307093434,0.0,4501.332499093969,2224.5657258203937,6990.584742905749,8541.863573418013
DS1,280.5,281.0,280.51,0.10274425521492958,17.835135376192497,0.010557142488913682,0.00034843563634077003,0.04073482268479736,0.0020250870068068885,-7.63374616490656,70.13843464311417,38.77482652649974,0.0,4965.231821638715,1560.8992728589226,6824.097162148362,8446.040630341753
DS1,281.0,281.5,281.01,0.10125541687011719,15.616459027506133,0.01025289953456681,0.00026028267341631905,0.04214664027096561,0.0018283117364895542,-8.147265522262323,60.920956840804635,34.749220289472206,0.0,3766.0797248999993,1273.0613226024045,5230.80060665716,6446.229365156397
DS1,281.5,282.0,281.51,0.10499146208167076,18.57975945599377,0.011023220288245698,0.0002564904766675367,0.035277455739025736,0.0028195051758653613,-6.858655820091588,73.23197098999827,55.02694362948947,0.0,5398.403187428327,3073.908932754505,8980.14621527474,11034.353882861918
DS1,282.0,282.5,282.01,0.09997685998678207,16.18710806708098,0.009995749881736928,0.00025162133290396096,0.039202689578660535,0.0019749479092205694,-8.5882561182936,63.29171490937318,37.749086535712706,0.0,4066.819826675946,1497.8071186872505,5782.319536357019,7115.039240543809
DS1,282.5,283.0,282.51,0.09599374979734421,16.887801250719015,0.009216701897008997,0.00030628010617712224,0.03726509460428839,0.0032828694754707104,-9.962081686317283,66.20274060730213,64.50639809294431,0.0,4466.469309291011,4258.448941894714,9166.728889594739,11013.062575727552
DS1,283.0,283.5,283.01,0.10028707608580589,16.762397068215652,0.010063625979846929,0.0001728717538272292,0.031802967960586924,0.0022255212128192,-8.48125862432981,65.68174967087018,42.87528685637556,0.0,4372.958294207727,1909.1629994538334,6565.51801494755,8064.546906481558
DS1,283.5,284.0,283.51,0.09858890250325203,16.245626217345972,0.009719777206943035,0.00029907266112426124,0.029821121828068172,0.002710399637149529,-9.066980378360453,63.53482821944165,52.794874851535866,0.0,4105.309776506231,2868.1156741976592,7313.723180747073,8876.886878039186
DS1,284.0,284.5,284.01,0.09723784029483795,16.39235102753324,0.009455506231458029,0.00030794026246997954,0.03200865148277714,0.0019249464030841562,-9.532978986892987,64.14439557781277,36.726161375254755,0.0,4190.946483769942,1438.6681851931035,5810.385031286203,7143.178314527694
DS1,284.5,285.0,284.51,0.09740285202860832,16.35363289008759,0.009489483264002155,0.0002638118976548595,0.026625342566370905,0.0022735273042314495,-9.476064332741867,63.983541304198965,43.85739004796468,0.0,4169.378936309234,2012.055809153701,6428.511239541982,7862.471514251584
DS1,285.0,285.5,285.01,0.09674429148435593,16.70164144115069,0.009367546670910838,0.0003055251913202906,0.03318166711450339,0.002026093315885518,-9.703210274168415,65.42934077663546,38.79541348387896,0.0,4360.165509553393,1598.1393313913713,6159.585389825086,7565.924062022498
DS1,285.5,286.0,285.51,0.10031411796808243,16.910165951553285,0.01006292251886778,0.00022377244172138967,0.03337312423043872,0.001960506547426236,-8.471931533812077,66.29565462498535,37.45364678854993,0.0,4453.720930054508,1473.624825358584,6163.888851549881,7602.093887137901
DS1,286.0,286.5,286.01,0.10125540941953659,16.754608116843215,0.01025265754474505,0.00022422595931049269,0.038876805942161446,0.0019584073156452045,-8.147268092062713,65.6493905183416,37.410700942066995,0.0,4363.700527971274,1465.0506184218102,6071.301168092358,7491.277547992911
DS1,286.5,287.0,286.51,0.09940517693758011,16.033432656295435,0.009881389350606895,0.0003230772672273071,0.04462176850845972,0.0019019423700540837,-8.785436902265394,62.65327132181916,36.25554746786027,0.0,3989.655752669127,1390.7204352888427,5574.425485233646,6860.02898087534
DS1,287.0,287.5,287.01,0.09759584814310074,18.086431948956303,0.009524949362515479,0.00021220958713062454,0.038961556713495014,0.0019855315274083887,-9.409497508323604,71.18244477222483,37.965605000245844,0.0,5139.751489853602,1528.8847299891588,6907.595976106195,8520.628993300474
DS1,287.5,288.0,287.51,0.09928549826145172,16.078283247098213,0.009857609302546817,0.0002446828895834752,0.041353418762824584,0.0020360248761380935,-8.826715605939823,62.83960283672887,38.99859222088035,0.0,4013.6654043005365,1597.7982010954804,5829.763219210158,7160.975950539957
DS1,288.0,288.5,288.01,0.09931393712759018,16.717410220785787,0.009863258330561564,0.0004110869357665441,0.03842552088318954,0.002587122492072805,-8.81690667784885,65.49485207860704,50.272884952584164,0.0,4353.742134725705,2603.810571885468,7298.23015588433,8901.075984193492
DS1,288.5,289.0,288.51,0.10293955355882645,16.74220781489812,0.010596551962752047,0.00029095821029048995,0.034454189611237925,0.0023662965912876173,-7.566385272167596,65.59787353706196,45.75525363608553,0.0,4348.7585041287675,2149.785931614005,6836.201932656699,8396.326044135103
DS1,289.0,289.5,289.01,0.10007951408624649,17.29300233621998,0.01001590843445478,0.0003489114796217692,0.03240924182741689,0.0022573900451403166,-8.552849408511722,67.8861461266733,43.52725582560518,0.0,4668.078613944996,1966.6891095467524,6936.865863974775,8528.674528186533
DS1,289.5,290.0,289.51,0.10076884925365448,15.446857362519713,0.010154360313381103,0.00029537027294844145,0.02896994542841738,0.0018314769414595781,-8.315088906571747,60.216347724124475,34.81397369495985,0.0,3683.3678981468984,1280.3099373986993,5146.764154910481,6336.916761146525
DS1,290.0,290.5,290.01,0.09632939845323563,17.6588358515063,0.009279352982945946,0.00035657695863917195,0.02821625253052086,0.003163737780708455,-9.846312178720133,69.40599930782297,62.06921534793172,0.0,4898.043052474784,3947.759154030632,9298.333003391577,11238.869508822145
DS1,290.5,291.0,290.51,0.09407714754343033,16.59323749639516,0.008850509022436151,0.0004550262897516081,0.03635293898795241,0.0024459698939176618,-10.62314227839955,64.9789772276399,47.3852010551634,0.0,4318.761349263972,2356.7418919991183,6918.128622011463,8425.02054649712
DS1,291.0,291.5,291.01,0.1011805310845375,17.155757867152058,0.010237499822917329,0.00038788586495440734,0.03409213436878428,0.0024487769684844547,-8.173094585988382,67.31596478955653,47.44262786934416,0.0,4585.374827415824,2316.473810353651,7249.8569304549665,8890.963402834463
DS1,291.5,292.0,291.51,0.10063094645738602,16.435365640225065,0.010126587762687538,0.00041747796329155316,0.02939460485225345,0.0024288030030755916,-8.362653342001616,64.32309953249124,47.03400274283095,0.0,4194.774387862264,2280.9864045272734,6792.285643191504,8307.704159185274
DS1,292.0,292.5,292.01,0.10317463427782059,18.996037831612572,0.01064500474578425,0.0003051178885501113,0.02854884564932038,0.003044186576668705,-7.485302930242951,74.96139704581738,59.62345032954072,0.0,5662.27122130755,3609.688593105817,9827.11308383473,12027.678296404287
DS1,292.5,293.0,292.51,0.09990168362855911,16.534071034220176,0.009980346634504953,0.00036656289295359433,0.03966786237809222,0.0027123488544850056,-8.614185404234892,64.73317050956585,52.834751719449,0.0,4251.489621257153,2864.390781921339,7481.369689621289,9100.157454749431
DS1,293.0,293.5,293.01,0.10103846341371536,16.909853085701325,0.010208770654433548,0.00024746474925116136,0.03262278199424409,0.0034773564383374545,-8.222095539836605,66.29435482564902,68.48519039481384,0.0,4449.785710921872,4756.188182504339,9747.354375765943,11706.665629577998
DS1,293.5,294.0,293.51,0.09802386909723282,16.150795629120342,0.00960867948516824,0.00044225795392352534,0.030688200116793588,0.0026678094429342363,-9.261867615483624,63.14085510007828,51.923569472598764,0.0,4058.752706015812,2780.4393143189723,7161.565955675026,8692.47824849549
DS1,294.0,294.5,294.01,0.10283865034580231,16.95032828179136,0.01057578809326761,0.0003232872285798954,0.024742323358824012,0.0018032133321212393,-7.601188078857679,66.46250878903577,34.235759969983945,0.0,4463.269577712581,1229.1071865820657,5926.030426270425,7337.9925032363735
DS1,294.5,295.0,294.51,0.10062199085950851,17.199325895632725,0.010124785301982797,0.0002167350907529484,0.025930788828987018,0.001875508082118457,-8.365742242071134,67.49696790686505,35.714757793357826,0.0,4612.609747060863,1344.6589893190735,6187.655399789645,7645.360789314892
DS1,295.0,295.5,295.01,0.10485769808292389,17.13597285623982,0.010995136056960083,0.0002857640141447874,0.02373603183719272,0.002201321425610533,-6.904792731404473,67.23376807843641,42.3802103451613,0.0,4557.305955665418,1842.906867590391,6734.900611405856,8318.905123993469
DS1,295.5,296.0,295.51,0.10418995469808578,15.968164202271392,0.010855547008130233,0.00032335186244910843,0.03201647293901145,0.0012835924941983206,-7.13510595181245,62.38211391460478,23.605415604766716,0.0,3932.06469139262,607.6343033791372,4670.489049061179,5797.437860038909
DS1,296.0,296.5,296.01,0.09636183828115463,17.421704161629094,0.009285604153721039,0.00029554771563258933,0.033926558674158266,0.001991858122269813,-9.8351232678194,68.42083710110388,38.0950337627739,0.0,4762.278377282471,1546.869248411847,6517.0584880230235,8019.957015000611
DS1,296.5,297.0,296.51,0.09933330863714218,17.517333819224113,0.009867106382792597,0.0005134721453203376,0.03708285580699876,0.0023545978298260698,-8.810225196833255,68.81812994944855,45.51592169651225,0.0,4799.340549608038,2148.151490589832,7266.991944390145,8922.277472657475
DS1,297.0,297.5,297.01,0.09909400343894958,15.893991065988926,0.009819622670268776,0.00035311175794574336,0.0433111666932009,0.0026367668468799807,-8.892764615579377,62.07396205747785,51.288503551520314,0.0,3919.2480157725545,2708.2642975909703,6948.555711956254,8436.221208595343
DS1,297.5,298.0,297.51,0.09510888159275055,16.801824265841894,0.00904569870606764,0.0003145809707281065,0.04684247000446383,0.002760377414598931,-10.267284029708527,65.84554973082139,53.81731457319719,0.0,4425.06302292267,3000.111538346259,7749.437130558343,9396.7066634626
DS1,298.0,298.5,298.01,0.09674017876386642,16.89774310672829,0.00935866169323892,0.0003387578256641048,0.04095844943749618,0.0021617457124844582,-9.704628803984033,66.24404398944414,41.57057487959587,0.0,4467.286883597097,1821.117033426653,6520.843732221947,7998.943120629102
DS1,298.5,299.0,298.51,0.10345923155546188,17.11871580010351,0.010703813176860817,0.0002810830827726894,0.031364983369642045,0.0020214385466640573,-7.387141694922286,67.16207374052009,38.700186741313104,0.0,4553.777455995278,1551.4418816274883,6391.289976366854,7902.841219646672
DS1,299.0,299.5,299.01,0.1032644659280777,16.61088298786759,0.010663550695132152,0.00022800362082673532,0.03003867874691135,0.002354452884782489,-7.454318846933321,65.05228531786868,45.51295642719501,0.0,4276.064384021375,2126.0088017830985,6736.811609064589,8274.623193968826
DS1,299.5,300.0,299.51,0.09513337910175323,17.41792962643473,0.009050360352430984,0.00030389756536123626,0.02865694037459203,0.0031648662603499128,-10.25883452602419,68.40515581690545,62.092301656875335,0.0,4767.937105815594,3958.843885739037,9154.37728809872,11044.609354526929
DS1,300.0,300.5,300.01,0.09879924356937408,16.486999687019203,0.009761290347845156,0.000418725671168011,0.036882913185835885,0.0019447682348872803,-8.99443105863284,64.53761287530041,37.131674169658666,0.0,4232.339109686429,1458.6877853137216,5896.85533508343,7257.7791467618945
DS1,300.5,301.0,300.51,0.10165144503116608,17.108554164143587,0.010333016651892754,0.0003342107027175112,0.028287771731633802,0.002749222582267978,-8.01067035229964,67.11985728386964,53.58911027429284,0.0,4556.686160816598,2934.7148830421647,7902.311754830154,9641.52942350995
DS1,301.0,301.5,301.01,0.09708966314792633,15.814642182346576,0.009426402372865775,0.0003823487330914446,0.027933841167768265,0.002661797532608156,-9.584087177061512,61.744307588476794,51.800578490723396,0.0,3890.2200285926674,2773.7092358825166,6962.592259186479,8434.09103277457
DS1,301.5,302.0,301.51,0.1028878316283226,16.828643735784105,0.010585906426648646,0.00021902348805585712,0.029506879759933498,0.0021054916524496183,-7.584224826479237,65.9569710604842,40.41973567826141,0.0,4396.181037734348,1690.3829383915493,6375.924913758217,7864.879677007222
DS1,302.0,302.5,302.01,0.0981600433588028,16.530277467184828,0.009635393703330268,0.00025202217868781397,0.03430854849505808,0.002351161646947273,-9.214899373744377,64.71741015769632,45.4456246555978,0.0,4259.205951494879,2148.9995148745675,6684.323969130478,8173.967551757583
DS1,302.5,303.0,302.51,0.1019899994134903,16.51073405610991,0.010401959417428152,0.00025669353275772634,0.03223566437177188,0.0019251427023174123,-7.893898622550149,64.63621717167513,36.73017724277939,0.0,4228.220790158694,1410.5749498237408,5876.814596311814,7254.610918016819
DS1,303.0,303.5,303.01,0.10087799280881882,16.820784332886348,0.010176369049109013,0.0003201516945683168,0.03448282994193283,0.0017716181009543373,-8.277443900649645,65.92431921750926,33.58938830223987,0.0,4401.751077040651,1195.9528373336634,5802.071355394311,7172.036385585885
DS1,303.5,304.0,303.51,0.10196617990732193,17.056488156900105,0.010397101857342427,0.00027695970364639507,0.033912998080311334,0.002272055271477015,-7.902114274398942,66.90354936392185,43.82727536827041,0.0,4526.185485909148,1982.2652595795466,6827.037322171543,8399.23908077705
DS1,304.0,304.5,304.01,0.09747592359781265,17.926091334632716,0.009501555296424158,0.00022097879801771296,0.03904396839913885,0.002242948398477531,-9.450861015410924,70.51631063589107,43.23181025063582,0.0,5046.209632408363,1957.1179414439928,7289.614238107962,8961.646749858844
DS1,304.5,305.0,304.51,0.0976959764957428,17.16633530534609,0.009544504360816811,0.0005135947134987387,0.04037996279158397,0.002645348124582692,-9.374961960874145,67.35990869413573,51.46405836075011,0.0,4610.383053832595,2735.034600347125,7692.672617907225,9377.09603412668
DS1,305.0,305.5,305.01,0.09478742629289627,15.907110300856647,0.008984655980782859,0.0004029681145092226,0.039990854901635814,0.003088849623622408,-10.378158067561559,62.128465841343434,60.53716189548865,0.0,3952.3609768280276,3770.6255304879605,8073.246267722054,9683.346736640477
DS1,305.5,306.0,305.51,0.10194560140371323,17.859897027014522,0.010392906715697196,0.0003229054617783516,0.028935195990068545,0.002427405181762959,-7.909212063077817,70.24130677538153,47.00540627242433,0.0,4983.461062097209,2270.981861178578,7627.399348992987,9384.330761528625
DS1,306.0,306.5,306.01,0.09449407458305359,18.59812547670547,0.008929131286036254,0.00035415539510439965,0.025634844781322188,0.002747279731987234,-10.479338818341194,73.30827251470109,53.549363662865694,0.0,5465.815277015817,2975.716754219898,8815.985498202828,10758.325188633535
DS1,306.5,307.0,306.51,0.10060281306505203,16.57703304029536,0.010120926604753796,0.0003279533688240582,0.029633109965521248,0.002826309912537159,-8.372356908276574,64.91165591036581,55.16615416312585,0.0,4270.873440645594,3112.0573461645895,7779.533783286901,9448.552068736653
DS1,307.0,307.5,307.01,0.1003660261631012,16.694085563825357,0.010073339610833109,0.0002877103588102878,0.025775089082693426,0.002759247512636212,-8.454027734490671,65.39794992886061,53.794199166565974,0.0,4335.39425777397,2963.9632892529803,7684.424811622523,9348.317728071763
DS1,307.5,308.0,307.51,0.10126786679029465,16.884726606409497,0.010255181265437032,0.0003269080455956745,0.02622934291363557,0.002011915982989965,-8.142971385809608,66.18996701565604,38.50537521008208,0.0,4434.8090504781385,1548.058587571528,6239.04701179191,7695.709358360941
DS1,308.0,308.5,308.01,0.09973830729722977,15.928370551080818,0.009947729412174292,0.0004390862755629808,0.02652721505376153,0.0019210858980969411,-8.670535987200271,62.21679142548231,36.64718360061089,0.0,3933.4089369033954,1417.2683796858873,5549.519585613704,6827.534405498961
DS1,308.5,309.0,308.51,0.09544167667627335,17.35695989188938,0.009109114658140448,0.0003799878100422909,0.026185246358735606,0.002499372573732349,-10.152498755660982,68.1518574144065,48.47770704226889,0.0,4731.414090901048,2451.7277457515033,7478.41427320335,9130.72775798304
DS1,309.0,309.5,309.01,0.09349548071622849,17.20675569357519,0.008741404063999012,0.00042095504397166825,0.034493944187945984,0.002589102871637427,-10.823766594894767,67.52783495858752,50.31339933385864,0.0,4659.85567075549,2647.0057111909773,7588.343219797956,9235.059879727558
DS1,309.5,310.0,309.51,0.1022988110780716,18.559678915655038,0.010465047070750997,0.0002966631550906974,0.04141162669216114,0.0022871726821742703,-7.78738553595999,73.14854650361916,44.136545647469795,0.0,5398.133363765238,2007.6775316128933,7773.519530646419,9603.979083252598
DS1,310.0,310.5,310.01,0.10129851847887039,16.61781876889787,0.010261389934864695,0.0002659373574916633,0.037447585474299334,0.0020090267822727857,-8.132399227002622,65.08109997924375,38.44626826840011,0.0,4289.292231716926,1543.340730670886,6081.883550263978,7497.164945110785
DS1,310.5,311.0,310.51,0.09911998361349106,16.481336847160975,0.009824772070742997,0.00019953988761516026,0.03133680488279789,0.00296003600378584,-8.883803721617308,64.51408664051536,57.90190742173326,0.0,4227.505572975721,3430.05642000687,8059.708892269845,9747.517327073852
DS1,311.0,311.5,311.01,0.09279407560825348,16.96280308965723,0.008610740590460372,0.000466862666059855,0.03235002864527595,0.002582384476496196,-11.065690173467537,66.51433530472373,50.1759551654947,0.0,4529.153476204593,2638.4584556971145,7429.77301437675,9031.636350441378
DS1,311.5,312.0,311.51,0.09824197739362717,16.07455282241517,0.009651485642854772,0.00042114295924740715,0.03407792285497883,0.0023238842222609076,-9.186639278848796,62.82410480938952,44.88758618475541,0.0,4017.6479656284487,2098.088711292631,6374.546846589952,7786.783963585069
DS1,312.0,312.5,312.01,0.095796138048172,16.976266379224963,0.009176900311511341,0.0004598345513653234,0.035811635586278756,0.002431489183863491,-10.030240502077532,66.5702684618109,47.088956325748725,0.0,4516.435258732445,2316.5997260809613,7107.920191133707,8679.088251805884
DS1,312.5,313.0,312.51,0.10018955916166306,17.55067948102836,0.010037947378515119,0.00025831466222321094,0.026630539376066246,0.0024328748020635755,-8.514893456742357,68.95666430470318,47.11730314625825,0.0,4813.78447856344,2291.37570182683,7451.138015019938,9144.536187539863
DS1,313.0,313.5,313.01,0.0994504764676094,16.822859553641816,0.00989039776689814,0.0003571605229575627,0.033234815415492926,0.0022811042939409904,-8.769812515890463,65.93294070989582,44.01239924695311,0.0,4410.48087073401,2012.876828760929,6709.700934063439,8230.5021803614
DS1,313.5,314.0,313.51,0.09370604902505875,16.29926117308647,0.008780823341679265,0.0004514907844098915,0.03293130647429312,0.002703305176584285,-10.751138896255242,63.75765432666482,52.649737179237235,0.0,4164.363378625551,2885.9332102874455,7327.186731638947,8868.521435372157
DS1,314.0,314.5,314.01,0.09641604870557785,17.006552681365292,0.009296053985005968,0.0003142671011493027,0.03211587171519205,0.0022402030170268856,-9.816425400177295,66.6960927253894,43.17564554725151,0.0,4529.282206823421,1959.263741197314,6735.058815567907,8252.973469392526
DS1,314.5,315.0,314.51,0.09844577312469482,16.85085681112184,0.009691569542255647,0.0004331212938976126,0.03642012109628183,0.002165959335932405,-9.116347528764338,66.04925515093652,41.65677671179351,0.0,4431.4444062881375,1817.2885420531277,6501.834236703144,7983.982608796165
DS1,315.0,315.5,315.01,0.0979563519358635,16.328510501282093,0.009595446147499508,0.0003585543545727495,0.033348964096085044,0.0021020896496963277,-9.285155146623365,63.87917048810731,40.3501378904909,0.0,4152.774535679539,1713.2561257996215,6087.175405116529,7467.758874700721
DS1,315.5,316.0,315.51,0.0956178680062294,16.55748039776615,0.009142776779189572,0.000259515410546961,0.03777667922295663,0.0023509500863008272,-10.091728116023747,64.83042457232222,45.44129657180724,0.0,4289.353194671506,2165.4184262547346,6699.300575135094,8178.70767639186
DS1,316.0,316.5,316.01,0.09701690077781677,17.34476697203178,0.009412279661460509,0.0003795691208116287,0.038235361099818274,0.002315291909757115,-9.609183847676247,68.10120200078599,44.711805626812456,0.0,4714.697393480264,2090.230426489682,7083.550031648756,8682.61280877927
DS1,316.5,317.0,316.51,0.1017012968659401,16.7129987402501,0.01034315363843261,0.00030635179610954207,0.04014208606970201,0.0018147732697551741,-7.993475817886043,65.47652460874552,34.472251867384315,0.0,4338.830127755138,1251.4289296154816,5809.165981201808,7181.4684073141425
DS1,317.0,317.5,317.01,0.10405006259679794,16.56869264361898,0.010826415110608976,0.00045905925951750904,0.03927696924322294,0.002083436692310864,-7.183356523946614,64.87700578157506,39.968537796796014,0.0,4249.7856618458345,1648.2488170293384,6187.5747923500385,7637.722732752201
DS1,317.5,318.0,317.51,0.09889385104179382,16.55742168954989,0.00977999282176493,0.00037410053217689927,0.04056242241766083,0.002485375748627753,-8.961799733272827,64.83018066938409,48.19136157645513,0.0,4269.594964525914,2401.463758872876,6982.3059251990635,8523.691749567792
DS1,318.0,318.5,318.01,0.09231545031070709,16.42045300415801,0.00852214138837384,0.0005203146824052456,0.04200264452169225,0.002271335651322092,-11.230774150560567,64.26114507392255,43.81255346048557,0.0,4238.481142370863,2044.236046859317,6461.597800755024,7880.197204186669
DS1,318.5,319.0,318.51,0.09868759661912918,17.0567079153994,0.00973924127683803,0.00037155655029299275,0.03769802740395378,0.0022929977415103676,-9.032939517486188,66.90446234931078,44.25571405291339,0.0,4543.596001354153,2038.997927751147,6868.993368540793,8425.502753223152
DS1,319.0,319.5,319.01,0.0964982733130455,16.646761761078007,0.009311915986691824,0.00029719622539933316,0.037930541382717516,0.0021562050088455406,-9.788065083066481,65.20134346951704,41.457223790862116,0.0,4331.949873350202,1813.3252269805566,6366.7657303847745,7803.661888243179
DS1,319.5,320.0,319.51,0.09935501962900162,16.55148852641073,0.009871419199955747,0.00023890065688074588,0.039081510273079434,0.001965463347901516,-8.802736798495006,64.80553137812308,37.55505245236535,0.0,4263.832488283253,1486.9068820228472,5968.542605905963,7348.479840038156
DS1,320.0,320.5,320.01,0.09786020219326019,16.553026247867038,0.009576618607925901,0.0005267271547921857,0.040543263231821364,0.0025015343704539728,-9.318318420664237,64.81191983284207,48.52193283523423,0.0,4273.17986991046,2439.892448046744,7014.8522856960335,8554.28243775216
DS1,320.5,321.0,320.51,0.10022594034671783,15.896317473464178,0.010045238418514815,0.0003829084380306449,0.03873430383990716,0.0023327863681813494,-8.50234512143499,62.08362710360995,45.06970527971317,0.0,3914.2511404502784,2102.452461312349,6295.090096671825,7695.0469225418865
DS1,321.0,321.5,321.01,0.09940887242555618,16.97103626546545,0.009882122950968785,0.00042289079738573794,0.03417479203134378,0.002346246714962431,-8.78416228127165,66.54853998505023,45.345075532627014,0.0,4492.144074914103,2132.177497801406,6927.083855886585,8492.059828181105
DS1,321.5,322.0,321.51,0.09435275942087173,16.263572493875216,0.008902444205860702,0.00035709818295895054,0.03674597800933739,0.0017975739607322936,-10.528080222349965,63.60938591941459,34.12039034757335,0.0,4141.117816876307,1273.9940871610956,5530.932545164946,6795.010682784908
DS1,322.0,322.5,322.01,0.09782151877880096,18.533337573343907,0.009569048442144555,0.00037201817134309455,0.03145043997517782,0.0022589020225614958,-9.331660824292303,73.03911155237914,43.55818768877644,0.0,5405.81405236014,1983.2115754708304,7700.064434033548,9481.136103324074
DS1,322.5,323.0,322.51,0.09722159057855606,16.002296961329336,0.00945203697321675,0.0004157379295068418,0.03126161958697313,0.0018360504088526662,-9.538583721544915,62.52391826075669,34.907537173911074,0.0,3986.131246125157,1308.5501310227762,5449.634005215037,6700.6177569284055
DS1,323.0,323.5,323.01,0.10136803984642029,17.59851278636081,0.010275479080694557,0.0004986697446346332,0.031937256668306456,0.003287216680878034,-8.108420419557806,69.15538748953094,64.59533272976701,0.0,4835.127966822311,4236.7813709608745,9606.633996391793,11622.682623491197
DS1,323.5,324.0,323.51,0.10161235183477402,16.895847520173312,0.0103250698182096,0.0002752801576763039,0.03403982185556545,0.002167813290883623,-8.02415409494919,66.23616878628384,41.69470471261778,0.0,4439.191800987054,1801.8612370524922,6531.257364392109,8041.625559620903
DS1,324.0,324.5,324.01,0.09704940766096115,16.700416004649476,0.009418587568285532,0.00041714872067608673,0.03555799614256998,0.002529323407226147,-9.597971808572,65.4242497079202,49.09043780829637,0.0,4357.6386281293835,2500.6200807710566,7159.857456933236,8726.564323380682
DS1,324.5,325.0,324.51,0.0976867526769638,16.286134478001024,0.00954270144172832,0.00033018343185854654,0.03161193230362237,0.001784314843340141,-9.378143373757725,63.703119549368694,33.849136822751596,0.0,4131.940147589903,1232.788264691792,5522.475822581815,6800.763828428083
DS1,325.0,325.5,325.01,0.1025058776140213,16.934361425029824,0.010507455638753684,0.00031787476912273295,0.02247065215763892,0.002442651444891695,-7.7159656435040525,66.39617457681086,47.317312600101715,0.0,4456.038068967576,2297.4017801481123,7107.273476639637,8720.260061538638
DS1,325.5,326.0,325.51,0.09973451495170593,15.834138406671782,0.009946973753416601,0.0003413642143633267,0.034294699102086136,0.001994253201311116,-8.671844015599094,61.82530453742468,38.14403201906543,0.0,3884.9450748118306,1529.2043289481205,5623.8828675608665,6909.894662492283
DS1,326.0,326.5,326.01,0.10161396116018295,16.100998081894595,0.010325395987175214,0.00020115143757519374,0.028316085134487152,0.002315648582167093,-8.023599018064816,62.933971483892186,44.71910239065818,0.0,4013.2268488086274,2063.1317320460025,6372.485696006619,7806.948449619725
DS1,326.5,327.0,326.51,0.0971551313996315,17.68245589166553,0.00943911943620732,0.00032463672875046725,0.03287667157158388,0.0026938174396441625,-9.56150634102919,69.50412862532629,52.455638129393016,0.0,4906.6121218586395,2841.5562061432133,8115.5058803012635,9899.022962806275
DS1,327.0,327.5,327.01,0.09740754216909409,16.832648800870473,0.009488230205555621,0.00029655633298278827,0.035458888890839174,0.0019679678262653085,-9.474446643395977,65.97361007975903,37.60628878763006,0.0,4427.54899854677,1502.9597073716793,6132.333085066681,7543.969279943714
DS1,327.5,328.0,327.51,0.10056715458631516,16.472496116202123,0.010113752435637637,0.00047047807474149216,0.035865908241504374,0.0032942159346246278,-8.384655972946051,64.47735787589961,64.7385226717317,0.0,4214.94772147746,4259.801028176993,8957.193990498898,10769.935236356043
DS1,328.0,328.5,328.01,0.09602124243974686,16.15773168851122,0.009220079524679094,0.0002934393261796402,0.03849273553484009,0.0023825674349387065,-9.952599122875919,63.16967091790082,46.088120716272456,0.0,4074.5848945995954,2221.832899395213,6540.4894830891535,7971.266927263041
DS1,328.5,329.0,328.51,0.09357385337352753,16.46264433857076,0.008756065145202207,0.00035112518288867007,0.03411358267735471,0.002105126789914905,-10.7967348645859,64.43642872384726,40.412271361769655,0.0,4252.121788828377,1748.4493620122323,6167.670989804288,7547.501198408043
DS1,329.0,329.5,329.01,0.09794094413518906,16.860481049646594,0.009592429525739021,0.0003974199877978994,0.030602020772695953,0.0023489118657790482,-9.290469493831155,66.08923899311276,45.39959888676949,0.0,4439.641478986697,2146.2079507779945,6868.498991852671,8407.485454328953
DS1,329.5,330.0,329.51,0.09650011360645294,16.053264683713426,0.00931227141542242,0.0002614836307090354,0.0302755841225862,0.0016813757952011457,-9.78743034237,62.73566336273507,31.74322141196986,0.0,4017.033701715102,1102.520002762167,5238.296601510823,6448.969462843115
DS1,330.0,330.5,330.01,0.09801998734474182,17.562092520138346,0.009607918774740258,0.00024658380473337275,0.035834564250584705,0.001985193017743421,-9.263206481487135,69.00407970835838,37.95867980778446,0.0,4832.349722082747,1525.6437078260146,6588.913529782067,8121.275906046014
DS1,330.5,331.0,330.51,0.10381833463907242,16.382686589143518,0.010778246949760964,0.0005592187457834322,0.03786428266004402,0.0015951785698186001,-7.263282455695483,64.10424472553466,29.97980831867388,0.0,4151.26420837334,950.9096375744052,5293.839856477139,6565.48099538766
DS1,331.0,331.5,331.01,0.09383087605237961,16.861010655525213,0.008804233961497864,0.0002628970706441684,0.03845660752731911,0.0023093358816399824,-10.708084460510898,66.09143923761125,44.589957876850924,0.0,4465.976849669083,2101.53606756709,6788.299825565115,8291.973185018147
DS1,331.5,332.0,331.51,0.10380805283784866,17.245441648561734,0.010776111239073948,0.00025199928997400904,0.036291139779683436,0.002028575620089027,-7.266828780234531,67.68855553036481,38.846196182679115,0.0,4623.126188482638,1561.0118540898561,6478.12310374544,8014.637720015123
DS1,332.0,332.5,332.01,0.09827651083469391,17.17866378868234,0.009658273505540334,0.00030602596834693104,0.0415401599524883,0.002440463625752858,-9.174728254038302,67.41112730542858,47.27255444346654,0.0,4613.892944957813,2317.607082683215,7245.604971635399,8867.318905038559
DS1,332.5,333.0,332.51,0.10002370923757553,17.062789147675687,0.010004741931677726,0.0004161314310693195,0.04474668330936208,0.002722249308194017,-8.57209721343742,66.9297267929285,53.03729408229839,0.0,4539.618077319887,2885.112486115551,7811.160145276648,9520.969868447468
DS1,333.0,333.5,333.01,0.09959312528371811,15.689342696351833,0.009918790400147672,0.0002915299037753304,0.034264682452850415,0.0021627044108851207,-8.72061111761177,61.22375161307228,41.59018782310707,0.0,3811.816612844173,1804.7363482614658,5851.250318070612,7165.467472811392
DS1,333.5,334.0,333.51,0.09695712476968765,16.734527723805147,0.00940068424023287,0.0004597895833571772,0.034877431301595534,0.0028992488986883495,-9.629801356210141,65.56596664392222,56.65833169691441,0.0,4376.7321107784965,3301.311652293468,8051.2296318085355,9745.519221264027
DS1,334.0,334.5,334.01,0.0997358039021492,16.177855196762607,0.009947231216076189,0.0001943048135269506,0.032276968752595024,0.0015623358624908565,-8.671399440131518,63.25327391421958,29.307915924643776,0.0,4063.2683148535475,933.406146943318,5135.6515711358525,6345.043522003181
DS1,334.5,335.0,334.51,0.10410961508750916,16.486389908901224,0.010838811985859169,0.00023892280629075432,0.03215213623132694,0.001871883237250534,-7.162816109424439,64.53507955570645,35.64060112679584,0.0,4205.328055879724,1320.8149020286585,5774.3604955608225,7146.519845368148
DS1,335.0,335.5,335.01,0.09632463753223419,17.446504252628635,0.009278436223642217,0.0004604410599478057,0.031365759322209176,0.0021107359522139304,-9.847954281169734,68.52386893286199,40.52702297003345,0.0,4776.59612397681,1738.258760073358,6746.623419294301,8291.157067268563
DS1,335.5,336.0,335.51,0.09870258718729019,17.089634164816523,0.00974220125509875,0.00028237457403989115,0.033320665184107603,0.002287997969442002,-9.027769079100272,67.04125425827729,44.15342928110405,0.0,4561.806164386215,2029.8649858089775,6878.20649026132,8438.398221540981
DS1,336.0,336.5,336.01,0.10229737311601639,16.991352715822472,0.010464752363336376,0.0003354572613781569,0.03875240554422791,0.0021674795060454095,-7.787881507435379,66.63294455820866,41.68787618012804,0.0,4488.492138758727,1797.5848513271992,6585.846364181109,8115.99861447394
DS1,336.5,337.0,336.51,0.09661707282066345,16.34224548824772,0.009334857768242067,0.0004632386754298068,0.040006312326684466,0.002558641420247816,-9.747089615838144,63.93623241043124,49.69022240463794,0.0,4168.120925857972,2562.7135344585686,7021.256850103335,8538.733191228004
DS1,337.0,337.5,337.01,0.1032806858420372,15.919718494101637,0.010666900226528893,0.00021274457200507314,0.03950867719074349,0.0015266797081884345,-7.448724391482955,62.1808465058021,28.578466350432716,0.0,3911.1195618457864,871.5917856341032,4947.600551844805,6130.762012791757
DS1,337.5,338.0,337.51,0.09814878553152084,16.637159917628335,0.009633185154647271,0.0004615605191713248,0.04173889241981378,0.0023372864536535965,-9.218782342134594,65.1614526675481,45.161767519622785,0.0,4316.850933664582,2123.3586167672483,6716.6543101728075,8218.353657763997
DS1,338.0,338.5,338.01,0.10064812749624252,16.006428142086317,0.010130046671035033,0.000413829180324029,0.040433397992243936,0.0022497386306140434,-8.35672738230086,62.54108122684111,43.37072405212889,0.0,3968.9431509221463,1949.7992180807105,6189.713567431737,7583.221213552593
DS1,338.5,339.0,338.51,0.09718193113803864,16.431884600650537,0.00944432805035452,0.00033666696848835224,0.03781779868017151,0.001968722452976347,-9.552262769024152,64.30863757411404,37.621726855582835,0.0,4212.345997386276,1505.592686997636,5907.161599720291,7258.529328859693
DS1,339.0,339.5,339.01,0.09962968528270721,15.791446777370961,0.00992607501074024,0.0002635701421232488,0.037089987351685845,0.0018262312975655408,-8.70800110709503,61.647942415338804,34.706658905133835,0.0,3863.653739245929,1279.5006667692999,5320.441702816828,6550.970217229403
DS1,339.5,340.0,339.51,0.09844443947076797,15.862160488949646,0.009691307961786954,0.00026961699161316406,0.037507796615166164,0.001626063371013447,-9.116807523034257,61.941722112941555,30.611646090355386,0.0,3906.5681266938777,1019.3753735042458,5054.950221057889,6232.604812901304
DS1,340.0,340.5,340.01,0.09544225037097931,17.292969833906252,0.009109222328652954,0.0002829971913939115,0.038071172798539415,0.0017291052732053129,-10.152300881030905,67.88601109600263,32.719665677724315,0.0,4695.3062757486105,1172.677150447743,6008.7815556046235,7405.694645511417
DS1,340.5,341.0,340.51,0.09774657338857651,15.863557441491578,0.009554393045576938,0.0003648482588326791,0.041741284278290706,0.0018976624710888386,-9.357510446421488,61.94752574403618,36.167989778621404,0.0,3911.3658752998826,1394.7000681822196,5475.475221837501,6727.246991518233
DS1,341.0,341.5,341.01,0.1047196164727211,18.469434889478194,0.01096619878480788,0.0003584206106351212,0.03954859138433061,0.0028365757792274465,-6.952418842043717,72.77362822923065,55.376172103440545,0.0,5332.676868214574,3113.7377164371524,8951.67629341841,10989.329703103114
DS1,341.5,342.0,341.51,0.09640372544527054,17.940476825006627,0.009293677663796037,0.0006204785743588647,0.038582128102691765,0.003547568008849342,-9.82067585002337,70.5760750707873,69.92157076775572,0.0,5061.113900770894,4983.474954994144,10589.731981883888,12724.80669222161
DS1,342.0,342.5,342.01,0.09742052853107452,16.500115402390026,0.009490759953024112,0.00028594630298347336,0.03510196562837142,0.0028287412607274553,-9.469967481315138,64.5921020374369,55.21589440956768,0.0,4247.388934311377,3136.953362862555,7741.505530991384,9376.86043744139
DS1,342.5,343.0,342.51,0.09862473607063293,17.405421900290484,0.009726837929386691,0.0003060992357212272,0.03103997456574554,0.003652169986376739,-9.054620923381796,68.35319254242415,72.06150619999082,0.0,4739.6107209628135,5272.950619320994,10583.469616695264,12677.553393916936
DS1,343.0,343.5,343.01,0.09597273916006088,15.752135004801223,0.009210767164981112,0.0003622295568554254,0.024678708552694967,0.0022901062018004896,-9.969328523418813,61.48462188810394,44.19655926038318,0.0,3865.2257760440284,2051.439670696037,6131.406040263768,7473.9553639841215
DS1,343.5,344.0,343.51,0.096943199634552,18.09489837203397,0.009397984136381154,0.0005496762267158173,0.021313066028112886,0.0027288463715533385,-9.634604313140198,71.21761847695629,53.17225605878315,0.0,5148.64525259417,2918.623016877704,8453.040759947648,10318.05751571729
DS1,344.0,344.5,344.01,0.09445584565401077,15.967064175906932,0.008921906652973396,0.0003436464057593074,0.021946698472429766,0.0026952134845213784,-10.492524464145433,62.377543861562856,52.48419825768468,0.0,3985.525090421793,2863.0803676756605,7123.480529952221,8614.780080388951
DS1,344.5,345.0,344.51,0.09948451817035675,17.467692237573566,0.009897170097945699,0.0002656317432190912,0.028806490043553703,0.0027684387930956567,-8.758071097905749,68.61189429132456,53.9822333432394,0.0,4770.209873729799,2989.4095923104883,8162.85628431837,9952.830011614744
DS1,345.0,345.5,345.01,0.10360422730445862,15.826018059563227,0.01073383647265105,0.00022569584400007907,0.03755492774823168,0.0013472618074979376,-7.337130809520551,61.79156860326535,24.90795521918502,0.0,3861.44370815141,673.7069036232405,4669.390205712272,5791.387444378014
DS1,345.5,346.0,345.51,0.1020302101969719,16.87753885162815,0.010410164663915743,0.00025090886772268585,0.030755488028680278,0.0017070793880370684,-7.880029409842007,66.16010553081857,32.26906260871902,0.0,4427.077340920611,1102.6462586278399,5735.153705592498,7101.15857646303
DS1,346.0,346.5,346.01,0.09943106770515442,15.904515333223282,0.009886536356853683,0.000345900385815311,0.03771399013027822,0.0016490026749539483,-8.776506845908012,62.11768506361873,31.080935777352288,0.0,3922.792803256769,1042.2564205592391,5110.684073586555,6305.356643747359
DS1,346.5,347.0,346.51,0.09531940519809723,16.886877290413562,0.009085789598409456,0.0003390624258822126,0.03862774867997225,0.002209053936817288,-10.194671749871345,66.1989020196637,42.53840118535987,0.0,4470.271364062479,1912.183221981257,6605.111201832436,8088.737912384265
DS1,347.0,347.5,347.01,0.10127795487642288,15.931865731855119,0.010257224997272848,0.0003755171958743171,0.0480483173398273,0.0015093042894384285,-8.139491876080717,62.231312133390546,28.22300199773134,0.0,3927.0995975925457,862.1194486624097,4930.799636776009,6099.409693771009
DS1,347.5,348.0,347.51,0.10108493268489838,16.696227565503467,0.0102181636656336,0.000346099402371038,0.0419655018991362,0.0018938785233249223,-8.206067694800348,65.40684886219633,36.09057820299789,0.0,4332.824725839783,1369.0065114049273,5928.855211024032,7318.983425213704
DS1,348.0,348.5,348.01,0.09691030532121658,16.140685996970955,0.009391606882997807,0.0005232124435655303,0.03901414197084217,0.0018420104796033597,-9.645949981864758,63.0988546929519,35.02946762761302,0.0,4060.12522547832,1319.1229811503476,5534.5528134835195,6805.289028412672
DS1,348.5,349.0,348.51,0.10061471164226532,16.200258799237094,0.010123319858097644,0.0002563854022255967,0.036977762550779884,0.0018375135513488752,-8.368252937052764,63.34634954853759,34.93746997770751,0.0,4070.34062201076,1289.8025234627346,5559.914022872108,6857.252555496672
DS1,349.0,349.5,349.01,0.09934959560632706,15.999333598917207,0.009870342274698234,0.00025986352998858,0.04311735010599891,0.0019762844319253315,-8.804607613179373,62.51160698909682,37.77642896612859,0.0,3972.2600640412425,1503.6105750496147,5682.010357415774,6984.3467362159
DS1,349.5,350.0,349.51,0.09284129738807678,16.240485270466273,0.008619504846854574,0.00045429901280318784,0.043933008749682645,0.0024193611123495347,-11.049402778591828,63.51347018595716,46.84084160965171,0.0,4139.382111268532,2314.6456515834802,6663.212128233194,8102.542237104598
DS1,350.0,350.5,350.01,0.09493616223335266,17.07376347501006,0.0090128746206517,0.0002461755592843196,0.04188928565123519,0.00197379226214302,-10.326857142363735,66.97531957109994,37.72544443843247,0.0,4575.985579875973,1528.7174941277715,6281.379529371644,7718.109754538849
DS1,350.5,351.0,350.51,0.09709466993808746,16.099368292858294,0.00942737508827602,0.0003059320360232644,0.04108625379469974,0.0015381338760841893,-9.58236027119902,62.92720053495525,28.81279442248542,0.0,4037.4055896434206,921.1935878145787,5059.846192929478,6239.143086280412
DS1,351.0,351.5,351.01,0.0953427329659462,15.673824341318461,0.009090236633720316,0.0003241641144099508,0.040401728775037414,0.0024315566597983814,-10.186625704848334,61.159280698631264,47.090336740797355,0.0,3829.451453788753,2319.8697893507174,6378.915406037837,7749.454179009696
DS1,351.5,352.0,351.51,0.09421046823263168,16.445198350447274,0.008875612681634552,0.00044166661153128184,0.03850514868598071,0.0019012621650369443,-10.577158270209907,64.36394946910475,36.24163191050879,0.0,4238.4587661669,1424.2145714540516,5800.053590545423,7119.410768500032
DS1,352.0,352.5,352.01,0.09855817258358002,15.956684794491482,0.009713713969457811,0.0003972757647157657,0.03639306771958121,0.0014893349236664174,-9.07757952007154,62.334422782701914,27.814470970068914,0.0,3954.637050426641,855.3109524655666,4917.623731465118,6070.5411075420225
DS1,352.5,353.0,352.51,0.09839291870594025,16.7591613521953,0.009681165698485551,0.00034241623349848596,0.03821464518662357,0.0020096600427370413,-9.134577692735352,65.6683069077516,38.45922343939522,0.0,4381.6480763262425,1561.528701774184,6163.2170239949955,7582.211968890312
DS1,353.0,353.5,353.01,0.10269173234701157,16.224802253108766,0.010545590874423836,0.0005623100487003087,0.03327201677588874,0.001853708961883994,-7.651861972760192,63.4483151828619,35.268793855734735,0.0,4072.892298250232,1301.6526523335292,5599.629040024902,6918.040915640568
DS1,353.5,354.0,353.51,0.09929648041725159,15.960435538776503,0.009859791659544549,0.0003005853637691061,0.03830286333562327,0.002028735587947045,-8.822927720164058,62.350005227707825,38.849468787035974,0.0,3952.409046660316,1586.1266293210838,5752.646117013189,7064.630163693216
DS1,354.0,354.5,354.01,0.09448473155498505,16.11946036400231,0.008927363460968488,0.00028198452514358914,0.03766503361883018,0.0017214850139233308,-10.482561348031023,63.01067292599689,32.563771274714,0.0,4064.566782894458,1169.2878872151025,5334.303538364654,6557.2262485871015
DS1,354.5,355.0,354.51,0.10127866268157959,15.875873766119502,0.010257367048422358,0.0003548856665165098,0.03368988449118036,0.001804874130295298,-8.139247745043608,61.998693842047025,34.26973639129518,0.0,3898.2401079895903,1239.8494150395632,5331.698115137969,6576.9446153019635
DS1,355.0,355.5,355.01,0.09886007010936737,16.725634360631034,0.009773312943005171,0.00041515537006890115,0.0417194429655049,0.0023749469288160564,-8.973451208243869,65.52901921907866,45.932221263423656,0.0,4360.7446365697615,2189.091519246415,6844.585829595871,8376.556027403118
DS1,355.5,356.0,355.51,0.09273606538772583,16.960363316126315,0.00859997839004873,0.00035286911049087227,0.04174802912214818,0.0025383742853101517,-11.085698639308857,66.50419927998215,49.275599649043876,0.0,4528.218238689892,2549.385968367559,7330.214575179782,8917.113421970565
DS1,356.0,356.5,356.01,0.09641732275485992,18.163360563076253,0.009296299523152621,0.0003752854189309712,0.03582755792688916,0.0027298785001722056,-9.8159859643105,71.50204424577261,53.193371229397954,0.0,5192.3858380984475,2924.3681372908245,8498.350176080474,10371.842403464861
DS1,356.5,357.0,356.51,0.0974944606423378,16.626349986044705,0.009505169655782138,0.0004451612768559039,0.033508540779598264,0.0030043600420553715,-9.444467352039077,65.11654287055333,58.80868358634136,0.0,4314.859889036202,3546.043105648511,8257.317089760525,9972.984112026408
DS1,357.0,357.5,357.01,0.09847608953714371,16.83452142312749,0.009697539931454379,0.00035186994760282096,0.030975340731770787,0.0026555040208779005,-9.105891010974931,65.98138987787893,51.67182653915314,0.0,4422.324437497958,2751.5252805412424,7521.717545475749,9160.533860787706
DS1,357.5,358.0,357.51,0.09924858063459396,17.872441995842717,0.00985028001391481,0.00039843881237263117,0.026858187214376734,0.002802120202625531,-8.839448966875315,70.29342477437359,54.67128381211529,0.0,5004.747110099966,3065.678912687713,8491.739972860387,10361.574841500877
DS1,358.0,358.5,358.01,0.10120571404695511,16.574302114427592,0.010242597188010509,0.0003834979258319058,0.023247253545725037,0.0021993263504088596,-8.164408660668109,64.90031029495832,42.3393953222052,0.0,4266.296128205417,1858.2753896926204,6407.799552231996,7875.480504194723
DS1,358.5,359.0,358.51,0.09916611760854721,16.33834137378031,0.00983391857860146,0.0002547531346539015,0.02395522752902758,0.0024700710023774605,-8.867891517598627,63.92001278990735,47.87825880768778,0.0,4151.067300837566,2369.731019390755,6825.635362035486,8329.568507504668
DS1,359.0,359.5,359.01,0.09922132641077042,16.430961415487296,0.00984487202073936,0.00029802753849795843,0.0232010685370078,0.00249492843380532,-8.848849296704179,64.30480220679937,48.38678932999936,0.0,4200.022999964573,2418.3369826205176,6931.366529110008,8458.074305654742
DS1,359.5,360.0,359.51,0.09922490268945694,17.332434231709396,0.009845580593024452,0.00030776631562969193,0.03279012359266301,0.0026518521787514565,-8.847615792516685,68.04996570386933,51.59711756572804,0.0,4694.951846184814,2739.2141380658427,7806.410066340897,9531.24520644458
DS1,360.0,360.5,360.01,0.09605125337839127,16.35969613186876,0.0092258436994178,0.00025683436703442185,0.03362099442422305,0.0017993732880397062,-9.942247966902526,64.00873100641086,34.157200782235655,0.0,4180.9159386018255,1264.5725814149662,5586.840299069914,6872.219305510705
DS1,360.5,361.0,360.51,0.10117536783218384,16.75505890001776,0.010236454668844807,0.00031149145513942946,0.0316511320382384,0.0024069150335777147,-8.174875457659077,65.65126329438101,46.586221137020296,0.0,4364.35208783925,2235.996032469721,6928.114450351377,8490.683529371008
DS1,361.0,361.5,361.01,0.10153589397668839,15.80017545294144,0.010309537540716777,0.00019657148749390019,0.039515016795149155,0.0018583870191887027,-8.050525386557668,61.68420564650459,35.36449702327524,0.0,3858.0987790205663,1314.6291208422222,5376.957709092412,6628.528789012549
DS1,361.5,362.0,361.51,0.09960208833217621,16.15206308465086,0.009920576809758726,0.00029158196241799904,0.04398829180337872,0.001579349413993579,-8.717519647741863,63.146120736602896,29.655977238105052,0.0,4050.475377875024,954.7184013957539,5145.235555785968,6355.2107603617915
DS1,362.0,362.5,362.01,0.0979384183883667,16.09966032102156,0.009591935182005074,0.00036872704489092454,0.03844705055863849,0.0015981982844554257,-9.291340656163573,62.928413764236815,30.041585299370915,0.0,4032.5160000853903,988.0119744222958,5143.219696381767,6343.1947906557825
DS1,362.5,363.0,362.51,0.09429290890693665,16.474324042633185,0.008891151963767404,0.0003910527585725637,0.03702448776114374,0.0026639749033222655,-10.548723428887765,64.48495198547425,51.84512289466656,0.0,4253.465023564935,2797.599510491801,7334.565495355982,8893.636738021882
DS1,363.0,363.5,363.01,0.09926321357488632,17.028091601328963,0.009853186264344456,0.00024397792752212018,0.039327400540998377,0.0018150022448051853,-8.83440187890815,66.78557604131713,34.47693621307452,0.0,4524.505116938043,1265.8180772750165,5989.6372056129485,7394.059865869286
DS1,363.5,364.0,363.51,0.10015347599983215,16.44682509717353,0.010030718453036356,0.00027767009534452887,0.041124729974490924,0.002446765746433972,-8.5273390000341,64.37070777878256,47.40148251598033,0.0,4203.413035090536,2318.4393499111347,6836.841371908395,8356.633064736012
DS1,364.0,364.5,364.01,0.09104137122631073,16.824783606353705,0.008288530616998932,0.0003146392028526193,0.04191277005728115,0.0031737013814186,-11.670220296557083,65.94093417553708,62.27304956499226,0.0,4466.112331045637,4012.0107716379102,8825.097459588203,10592.772167954246
DS1,364.5,365.0,364.51,0.10147132724523544,17.109934294049335,0.010296430934443792,0.00032545506241429714,0.03568596277801114,0.0024970678454277868,-8.072795276742728,67.12559102542146,48.43055717113651,0.0,4558.35141345488,2409.5510821536895,7327.122401540644,8979.127910273195
DS1,365.0,365.5,365.01,0.10259809345006943,17.775857678370848,0.010526369482109586,0.0003471726475857281,0.03284489068571726,0.002113640763633735,-7.684159224069425,69.89216579720224,40.58644927370513,0.0,4931.4732355852975,1705.3980860690117,6949.8793827995305,8590.685025976825
DS1,365.5,366.0,365.51,0.09842364490032196,16.818487485436393,0.009687213802030057,0.00029337790713222464,0.030773220652358435,0.002690001700279559,-9.12397983592446,65.91477697832788,52.37757616479631,0.0,4413.852484910031,2825.2664651511727,7592.54724381453,9239.923636878115
DS1,366.0,366.5,366.01,0.10561231523752213,17.010546412229942,0.011153960520918894,0.00033948715139795843,0.025913990853225346,0.0023095693417105787,-6.644515638441938,66.71268465670697,44.594733976585275,0.0,4484.487684858194,2031.9779970351947,6875.44113658099,8481.34682544313
DS1,366.5,367.0,366.51,0.09914304316043854,17.5641551052052,0.009829343283029127,0.00046279425167752706,0.02785200499458333,0.0027032315971944965,-8.875850189408359,69.0126487058511,52.64823190039822,0.0,4827.162232761955,2849.2570329618147,8065.7423919768235,9846.787348178856
DS1,367.0,367.5,367.01,0.10268381237983704,16.720326926996997,0.010543966318779654,0.000305050971582997,0.025509148437453513,0.0020822349864090257,-7.654593670575414,65.50696951735542,39.94395343329489,0.0,4338.056076946252,1653.2219124335222,6271.338038752611,7734.636871352153
DS1,367.5,368.0,367.51,0.09672520309686661,17.44603835465168,0.009355765830781829,0.00037352100880268295,0.02679363680894032,0.0024206378397914653,-9.709794102769166,68.52193336246512,46.86696075533975,0.0,4773.862145175888,2289.4666615144847,7362.31708436268,9010.728431854757
DS1,368.0,368.5,368.01,0.09495192766189575,16.649082745182206,0.009015868412494873,0.0005140917485175474,0.03408827018188059,0.0029745188988351094,-10.321419444737197,65.2109859842861,58.198196851530675,0.0,4343.074994549781,3491.8132318595285,8193.241888751589,9886.338741773834
DS1,368.5,369.0,368.51,0.09350830316543579,16.59395174277332,0.008743802955967241,0.0005444434497868914,0.03775559898979936,0.0032554496644528067,-10.81934396842252,64.98194456000452,63.945446698626405,0.0,4323.039676560984,4204.064799201263,8917.713897642396,10688.701372106147
DS1,369.0,369.5,369.01,0.0962490662932396,16.763305360991502,0.009263882456167098,0.0004001696145325118,0.03394725562303859,0.003076214188345276,-9.874019766531731,65.6855231678493,60.27866758887608,0.0,4396.766568588323,3729.282020208211,8525.711015873905,10280.537880114276
DS1,369.5,370.0,369.51,0.10092949867248535,17.383405139876004,0.010186764006387171,0.00021035398209529315,0.031612534811813656,0.0014611922179722445,-8.259678870549331,68.2617240411624,27.238730678178626,0.0,4714.704956190909,809.5147607530596,5680.603011807054,7039.799667989079
DS1,370.0,370.5,370.01,0.09767280519008636,17.891007885678654,0.00953997619412582,0.0002980649668821062,0.03184399981827671,0.0018569575945997353,-9.382954040088954,70.370556654174,35.335254016613746,0.0,5024.54430178513,1335.6536103337103,6568.948180388141,8109.458464994864
DS1,370.5,371.0,370.51,0.09393713623285294,18.342034062722952,0.008824185035640555,0.00047598059269511134,0.03053737763986747,0.003930774182873697,-10.671433967339965,72.24434224603277,77.76115935900567,0.0,5314.930242759922,6158.264668209452,12085.520831599715,14426.491704174348
DS1,371.0,371.5,371.01,0.10198254883289337,17.410552978379588,0.01040044131809618,0.00028146087031373767,0.03108349445479926,0.002976484968086828,-7.896468422940763,68.37450957607633,58.23841847404138,0.0,4724.838128572842,3452.7305742580033,8648.02768371901,10522.037936759285
DS1,371.5,372.0,371.51,0.09869706630706787,17.386939630862457,0.009741110097339443,0.0003347055533735135,0.025898540299458785,0.003143272447822828,-9.029673301189717,68.27640806311513,61.650537881122176,0.0,4728.725992378238,3880.704707110649,9076.568576816102,10979.68639020711
DS1,372.0,372.5,372.01,0.09673234820365906,17.56000712747335,0.009357148279180352,0.0003005496009420696,0.02048825622874013,0.002382761422299743,-9.707329664194567,68.9954159568337,46.09208928777656,0.0,4838.827109627091,2217.4096669391997,7351.095096099902,9005.430613759421
DS1,372.5,373.0,372.51,0.09440440684556961,16.79795820055201,0.008912192925622422,0.00021692127432450603,0.022656212194697718,0.001755763920115171,-10.51026636604223,65.82948818538108,33.26504526276044,0.0,4427.6069128962445,1216.0094459261977,5764.383779741875,7092.269868725146
DS1,373.0,373.5,373.01,0.0901579037308693,17.92663348655132,0.008128447613900549,0.00027401692556712747,0.03096495037468851,0.0021027467490277456,-11.974939517474892,70.51856300283868,40.363580754335715,0.0,5096.227793773325,1771.2085888001109,7021.441127630138,8607.47623045034
DS1,373.5,374.0,373.51,0.10021138936281204,17.573175225752443,0.010042323167785996,0.0006845875202853019,0.034391250720441316,0.0027017866607580623,-8.507363941597859,69.05012274345358,52.61867155411468,0.0,4826.549347195133,2839.7972605358814,8067.804690937935,9858.00819813024
DS1,374.0,374.5,374.01,0.10086315125226974,16.094506552460373,0.010173375309829029,0.00028869846074772984,0.036675976171102,0.0021078301517281303,-8.282562943027747,62.90700246315223,40.46757643216144,0.0,4013.6596370030484,1705.2493871553993,5968.532939222172,7333.072846095097
DS1,374.5,375.0,374.51,0.09809047728776932,16.50933500639593,0.009621741962562899,0.00028918778469344357,0.03162658530977112,0.0024053893848928333,-9.238893599991536,64.6304048278916,46.55500958868159,0.0,4248.374681140261,2251.4734847237833,6784.807283014324,8288.020830468859
DS1,375.0,375.5,375.01,0.09773287922143936,17.351877652444504,0.009551715277215322,0.00026768606652629733,0.03129910919433238,0.002045427313105045,-9.362233739539436,68.13074328061366,39.190946213515595,0.0,4714.4445092356,1622.5125181081655,6571.041072474657,8088.14358151613
DS1,375.5,376.0,375.51,0.09710013121366501,16.727471337250343,0.009428434609341865,0.0004739899466702098,0.03834378507371036,0.0021159536033024473,-9.5804766075127,65.53665092760698,40.633765086208385,0.0,4372.027117266019,1741.7540704279731,6337.42277155546,7777.286074823291
DS1,376.0,376.5,376.01,0.10398542135953903,16.718228412629887,0.010812967591931906,0.0002178920859804198,0.03142529552525927,0.0023355970523097538,-7.205652112135579,65.49825125179672,45.12720593789736,0.0,4330.967858589785,2087.4399966724586,6759.497590524914,8313.741601887492
DS1,376.5,377.0,376.51,0.09861654788255692,17.400530737853202,0.009725224101416864,0.0003439896169895473,0.03359419208745304,0.0026042757266758042,-9.05744513401108,68.33287223693218,50.623803887121376,0.0,4736.883734861952,2643.4720411617614,7738.128602743338,9453.678752378808
DS1,377.0,377.5,377.01,0.09893745929002762,17.31081905352685,0.009788619842783279,0.0002552880536635448,0.03623519037038899,0.002532416464334839,-8.946758691586563,67.96016557362115,49.15371522099235,0.0,4684.354213621926,2494.8519332059177,7523.51249385906,9202.046821214297
DS1,377.5,378.0,377.51,0.1029956191778183,16.956081072177472,0.010608097537939898,0.0005063661646319637,0.03547856946488253,0.0021735430715121374,-7.547047524228228,66.48640872275827,41.81192391703177,0.0,4465.711526024345,1804.2762683053945,6576.947184336262,8108.6185922821405
DS1,378.0,378.5,378.01,0.09606508910655975,17.643743132221033,0.009228501184086864,0.0005347648860648555,0.03284610460541684,0.003338116790575843,-9.937475847577156,69.34329669458656,65.63664142030746,0.0,4891.0050131902335,4405.024716960843,9780.539659499565,11780.212704206027
DS1,378.5,379.0,378.51,0.0949677899479866,16.369089650458836,0.009018881345697751,0.0003910417104768359,0.03208404523623934,0.0027985449823618113,-10.31594833970558,64.04775632397954,54.59814236009662,0.0,4192.886223447877,3085.7359872251177,7593.49539725655,9183.220639403015
DS1,379.0,379.5,379.01,0.1011766716837883,16.816529821276696,0.010236719378107514,0.00029726935647436225,0.026252067778163673,0.0021883017181413846,-8.17442574259072,65.90664387412498,42.1138546414819,0.0,4397.896439572472,1839.3955232142405,6524.698552304122,8026.2321353046655
DS1,379.5,380.0,379.51,0.09663426876068115,17.383448897044588,0.009338181082178999,0.00030770740880758945,0.029412469161751678,0.0027711636122363225,-9.741158516536608,68.26190583006115,54.03797738521046,0.0,4738.908800445976,3013.4607575267128,8118.718660259687,9875.04505941024
DS1,380.0,380.5,380.01,0.10337994992733002,16.57736282722241,0.010687414244755425,0.00039183726630447687,0.027068130801688378,0.0022793424285574137,-7.414486940878807,64.91302600820877,43.976355204094006,0.0,4257.459738314985,1987.9454744927507,6565.993922923802,8075.059589004158
DS1,380.5,381.0,380.51,0.10168949514627457,16.88787624657115,0.010340753878006283,0.00044349946607656,0.030158860450484715,0.0025111621146912556,-7.997546381704774,66.2030521771274,48.71889613853758,0.0,4434.428803824306,2436.35774948409,7228.1979766161085,8850.30603546911
DS1,381.0,381.5,381.01,0.0989072248339653,17.96019906234297,0.009782639474224197,0.0004578934624964116,0.027478886828461186,0.002368542038073582,-8.957186941571674,70.65801098945666,45.80119073261151,0.0,5057.955011714016,2176.785601616222,7565.162363424875,9295.413110781774
DS1,381.5,382.0,381.51,0.09711576998233795,17.326827796890424,0.009431473557868565,0.00029279753573527577,0.029186469088869366,0.002166615797291266,-9.575082596492802,68.02667380348713,41.67020652406787,0.0,4703.97101800798,1826.925802749251,6780.6871442014835,8329.103871028505
DS1,382.0,382.5,382.01,0.1029762476682663,16.763626954321726,0.010604106687255112,0.0004803022236118282,0.030318744581327477,0.0021879872998235603,-7.553729005243824,65.68685922544259,42.10742230707714,0.0,4360.255243607697,1829.1679066978338,6493.776100688456,7999.672566887347
DS1,382.5,383.0,382.51,0.09852949529886246,17.82574342787264,0.009708062481029758,0.00021941406497439088,0.02954959050855679,0.0025555859840741568,-9.087470681775011,70.09941584922385,49.62771463677826,0.0,4981.566146471123,2544.1791989228914,7886.164496520703,9655.65879497511
DS1,383.0,383.5,383.01,0.09952972829341888,17.075450364953337,0.009906166087425956,0.0002580200835472637,0.03502915286828076,0.0023177316501360855,-8.742477549135504,66.98232774541806,44.76171755970155,0.0,4549.321122542867,2078.9027095865927,6929.818296746135,8502.897709285733
DS1,383.5,384.0,383.51,0.09708306938409805,17.559071630249537,0.009425122400885123,0.00026266217680971296,0.03364518418627421,0.002471312443623501,-9.586361450407207,68.991529439136,47.90365607236898,0.0,4836.163118877549,2385.321203751452,7538.669898951388,9224.850276116797
DS1,384.0,384.5,384.01,0.1019320860505104,16.946409903038496,0.01039014966192495,0.0004921426628719737,0.02957614705494575,0.0023082556548790207,-7.9138736809863905,66.4462299076221,44.56785871988207,0.0,4465.448610115334,2047.8967107722724,6835.52166167641,8401.755762041927
DS1,384.5,385.0,384.51,0.1001851037144661,18.194989628085715,0.010037055261511243,0.00026640639120741847,0.03456866663810932,0.0027234270145484792,-8.516430197375945,71.63344700976977,53.06138746577216,0.0,5189.6324339222665,2886.7255296811313,8502.820286663155,10408.386352463282
DS1,385.0,385.5,385.01,0.09814459830522537,16.12070806552026,0.009632362210527705,0.00034803687761757196,0.03403205155578271,0.0022865135483402617,-9.220226569954118,63.01585649459284,44.12306116200096,0.0,4042.3043894398133,2030.6721366518336,6325.018319800615,7732.117839850156
DS1,385.5,386.0,385.51,0.10000970959663391,17.10906845643099,0.01000194221811965,0.0003275916909096525,0.02893349161339651,0.0031967983178724404,-8.576925868371383,67.12199390814375,62.74556408012856,0.0,4565.429932309062,4009.0047707640297,9056.704712302148,10940.75222107267
DS1,386.0,386.5,386.01,0.09652051329612732,15.932200504846506,0.00931620964812928,0.0003721215932978,0.030395228868548927,0.0019931570834442174,-9.7803942289005,62.232702945808384,38.12160776364762,0.0,3954.1644513702245,1547.8264283093272,5674.871932535869,6958.248344787337
DS1,386.5,387.0,386.51,0.10417858511209488,17.896277617227437,0.010853178003570699,0.00027306397965553945,0.02466755930335623,0.0024040438685497393,-7.1390274672085265,70.39244972280648,46.52748316742934,0.0,4994.435369103657,2214.806099072372,7600.220708554909,9373.944405865224
DS1,387.0,387.5,387.01,0.10009726881980896,17.438970755652004,0.010019462163827974,0.00034725433486085825,0.029462741381180997,0.002315286056517984,-8.54672557418089,68.4925710641138,44.711685881907954,0.0,4750.572385502471,2071.0686580190195,7139.634547138357,8774.364716755075
DS1,387.5,388.0,387.51,0.10159406810998917,17.344211333721688,0.010321354810713501,0.00017505719019475318,0.0281639410269212,0.002587424839704619,-8.030460385107755,68.0988936047045,50.279070346258976,0.0,4689.181291473871,2591.29838559273,7666.2887198362405,9388.848297540982
DS1,388.0,388.5,388.01,0.09497826546430588,17.500571199939873,0.009020872068624107,0.0004184818396006623,0.031367761179508395,0.002765848452093376,-10.312335200356378,68.74848974651741,53.92924043982226,0.0,4815.95700628677,3013.087866483586,8176.47054411444,9939.842222015057
DS1,388.5,389.0,388.51,0.09602703899145126,19.040889989232983,0.009221190732165811,0.00033203883060396825,0.029436535182621983,0.0036738911530402726,-9.950599818172021,75.1477350700617,72.50587537227157,0.0,5728.636554044994,5354.018680414989,11698.982989062644,14091.280626914659
DS1,389.0,389.5,389.01,0.09974199533462524,16.84503278048698,0.009948465443246826,0.00026912384958389414,0.02953888986490696,0.002567210448588682,-8.669263936006917,66.02505925002083,49.865526617807745,0.0,4421.028488040406,2560.4685790839576,7327.2721640717555,8947.048567753845
DS1,389.5,390.0,389.51,0.08954169601202011,17.822171002985417,0.008017714556837616,0.0003468479594782566,0.027362112805641284,0.0036653709101268717,-12.187477428580994,70.08457423110416,72.33156920586222,0.0,5040.095476603217,5377.824917096035,10883.070216076903,12992.086093170648
DS1,390.0,390.5,390.01,0.09833085536956787,17.550697077167907,0.009668957272789195,0.0002840998004459342,0.023291206841545956,0.0023954419010762135,-9.155984129989164,68.95673740776112,46.35150508920696,0.0,4824.0351670099535,2231.0581687120293,7372.026635813736,9039.584705762649
DS1,390.5,391.0,390.51,0.09651321917772293,17.18303573485829,0.009314801245410977,0.00044895040870204176,0.022836228618037722,0.0025329460070937604,-9.782910063482909,67.4292905300258,49.1645485468958,0.0,4626.858891169599,2511.4574599709213,7448.910277367516,9090.75154859303
DS1,391.0,391.5,391.01,0.09966035187244415,17.871685189063058,0.009932185676698266,0.00033755604640596135,0.02465979067026127,0.0018640890703786124,-8.697423808687264,70.29028062507201,35.48114894196875,0.0,5002.060741583377,1333.6578190096818,6568.996879310715,8121.486450385221
DS1,391.5,392.0,391.51,0.10279583930969238,16.937909025918387,0.010566985494558404,0.0002957287205833478,0.026368587558838624,0.002798248718299161,-7.615954151902145,66.41091306377456,54.59208142339208,0.0,4456.623062116212,3037.0891402953903,7920.12072220046,9656.758951353255
DS1,392.0,392.5,392.01,0.10037130117416382,17.513353753189826,0.010074398470296033,0.0004921247399466632,0.040564950288486945,0.002626441444542356,-8.452208315814115,68.80159478858812,51.077267637662196,0.0,4791.494242477919,2679.070745591163,7856.53786594707,9611.556453605763
DS1,392.5,393.0,392.51,0.10007584095001221,17.27744980525782,0.010015173816580692,0.0006493174175392846,0.03451111591334645,0.0024539229150711507,-8.554116320104296,67.82153322853773,47.54790306292619,0.0,4659.341996346619,2332.7919449886163,7332.792445062799,8987.462161244715
DS1,393.0,393.5,393.01,0.10200507938861847,16.94635458182019,0.010405034935394674,0.0002240071783947635,0.02967417840459689,0.002115289593502373,-7.888697346559547,66.446000075947,40.62018084877694,0.0,4465.0614331374645,1711.297522750183,6461.812017857319,7965.9719451836945
DS1,393.5,394.0,393.51,0.10254529863595963,16.790598525715755,0.01051553963110368,0.00034660639902603884,0.03328597610861224,0.0024903783081142903,-7.702368829637314,65.79891245968969,48.29370337295033,0.0,4376.996941190019,2390.52594800815,7126.6531191962395,8732.514102958088
DS1,394.0,394.5,394.01,0.09508700668811798,16.90968565610183,0.009041539732379929,0.0003916619574017156,0.03559366903335533,0.0027798774615430187,-10.27482896365537,66.2936592403656,54.216244329328916,0.0,4484.314122005709,3043.351251087513,7859.127639832657,9530.27492119056
DS1,394.5,395.0,394.51,0.09474803507328033,16.380282848768168,0.008977189397687447,0.00041069989314409334,0.0365429256596147,0.0020735498047309894,-10.391744602226733,64.09425840032529,39.76627296828302,0.0,4200.284222801425,1688.1403651240353,6063.909082846272,7427.414904349469
DS1,395.0,395.5,395.01,0.0966280996799469,17.051348804679048,0.009336989913502217,0.0003156720636304335,0.036154660926517444,0.0020008740224213917,-9.743286311260036,66.88219795543728,38.279480028933676,0.0,4552.790353468151,1559.16322091494,6315.742169699624,7766.266287628031
DS1,395.5,396.0,395.51,0.09035366028547287,17.122339977084852,0.008163783931797595,0.00047498550111144014,0.037913851206902965,0.0025602455869458388,-11.907420582011905,67.17713036240951,49.72304026561396,0.0,4635.542426906685,2612.442120474658,7473.725158397021,9082.00709059374
DS1,396.0,396.5,396.01,0.09433124214410782,16.67342019783429,0.008898383645496702,0.0003115380589984499,0.03760616681110443,0.0023394712534702874,-10.535501805878058,65.31209578775885,45.206463907306784,0.0,4360.36954751972,2153.233447799658,6741.786101139812,8228.696591411564
DS1,396.5,397.0,396.51,0.09455940127372742,17.45643460640882,0.00894147993159717,0.00032129710021505626,0.041062434773937305,0.002551261813864793,-10.456806808516292,68.5651245290611,49.53925125143156,0.0,4793.578080188702,2561.9733164894983,7652.3851501907775,9332.99248433355
DS1,397.0,397.5,397.01,0.10054727643728256,16.729517144545927,0.010109755129969342,0.00022748493766356145,0.037683559893754694,0.0021597973169305957,-8.39151220038821,65.54515022194796,41.530714823598096,0.0,4353.689111752459,1794.2027672576742,6420.65736970855,7895.395867722093
DS1,397.5,398.0,397.51,0.09798549115657806,18.24154702543622,0.009601157709935157,0.00017449286380017638,0.03685283979639108,0.002453899277155689,-9.275104657295676,71.8268694424133,47.54741948112366,0.0,5229.501237342468,2345.5004413473566,7920.684246589015,9721.39241110225
DS1,398.0,398.5,398.01,0.0967450737953186,17.63550883327742,0.009359609203350772,0.0002484481859117206,0.03862262613940267,0.00318711726412586,-9.7029404451274,69.3090873482007,62.54751017691,0.0,4882.063096483985,4004.5724486131603,9348.413285218343,11296.393015941496
DS1,398.5,399.0,398.51,0.10312805324792862,17.368656458701974,0.010635393558591567,0.0003330889643010373,0.030842580754147204,0.0027830922834472796,-7.501369322285068,68.2004507322296,54.28201279244857,0.0,4695.675952503978,3001.6234938976595,8138.669393462957,9946.232275220595
DS1,399.0,399.5,399.01,0.10296321660280228,17.706628350984825,0.010601425534598578,0.0002700139226804326,0.02349554911432915,0.0025306584088137674,-7.558223586127007,69.6045529649713,49.11774911986972,0.0,4889.696801883354,2468.6000088545184,7757.917492824299,9533.212034972032
DS1,399.5,400.0,399.51,0.09946097433567047,17.672097049836694,0.009892485828936278,0.00033115847890244647,0.021481844958881884,0.0028920878632774155,-8.766191667140088,69.46109287805676,56.511832043948154,0.0,4887.424158663832,3268.9920332194547,8591.71056317622,10460.481305462075
DS1,400.0,400.5,400.01,0.09754298627376556,17.980267921494633,0.009514632756971904,0.0003036771229768869,0.02474902174134129,0.002637807174641815,-9.42773024209501,70.74138694641302,51.30978645927514,0.0,5077.559380167494,2720.167950810196,8168.172909537037,9985.561101797719
DS1,400.5,401.0,400.51,0.09687977284193039,17.424162519201385,0.009385690967417383,0.0003170733801432775,0.020294652074864535,0.002964796244976425,-9.656481023865494,68.43105033313574,57.99929189792111,0.0,4760.492604479412,3455.5355694097366,8626.089135298116,10458.520061509578
DS1,401.0,401.5,401.01,0.10069625824689865,16.9201210554934,0.010139736609661535,0.000216408147326383,0.02261582942205145,0.002557597363032316,-8.340126471777497,66.33701304557789,49.6688632001416,0.0,4457.197885308963,2535.3480998170608,7349.431757392105,8984.982097702308
DS1,401.5,402.0,401.51,0.0962006151676178,16.9670188421626,0.009254558798899618,0.00026784252718336273,0.02836146765046997,0.0027899995504956534,-9.890731178471892,66.53184962363792,54.42332088093909,0.0,4508.779569792307,3058.1573322803256,7917.158381178273,9607.923240764552
DS1,402.0,402.5,402.01,0.09652829170227051,17.89666410162936,0.009317710165856537,0.0003009612869967484,0.025447523456129426,0.0032516121448206876,-9.777711357292699,70.39405536997432,63.86693915577887,0.0,5034.72711780361,4172.7728952744865,9690.210805100607,11706.94509781458
DS1,402.5,403.0,402.51,0.09745293855667114,17.731564118769647,0.009497075704627001,0.00024196989055583722,0.026617744134364314,0.002941318040288453,-9.458788849615967,69.70814846513348,57.518977440348834,0.0,4933.192905207674,3396.3182098320513,8753.12560493466,10634.54178395684
DS1,403.0,403.5,403.01,0.10275443643331528,18.573479628705577,0.010558475065926368,0.00031349249774712754,0.022475589769144155,0.0035658755382120453,-7.6302345326727865,73.20588148457513,70.29610413400754,0.0,5404.3751860312195,4998.205377459542,11051.221293379127,13372.671932138219
DS1,403.5,404.0,403.51,0.09830990433692932,16.997038966120744,0.009664837153284367,0.0002673992185650887,0.028296753049731574,0.0032681702899988174,-9.16321040868757,66.65656805152878,64.20568381812994,0.0,4512.693891072022,4204.623324134049,9189.679243066064,11066.453825134635
DS1,404.0,404.5,404.01,0.09561048448085785,19.5040361052975,0.00914136441661305,0.0004140274695136622,0.0248302263955907,0.0034889080402404193,-10.094274788210846,77.07187287708263,68.72151176077227,0.0,6023.70800006035,4822.522928052923,11435.51840872805,13840.600556324862
DS1,404.5,405.0,404.51,0.09436152875423431,16.26408564259995,0.00890409853666638,0.0002743949797459764,0.021526151933843326,0.0021704542425318185,-10.525055567290213,63.61151779276436,41.74873300290811,0.0,4141.329578328981,1852.452900866852,6178.924615264092,7552.808405840287
DS1,405.0,405.5,405.01,0.09445709735155106,17.574522561997313,0.008922143589902731,0.00022145797096412713,0.023167153494577764,0.003325155908652941,-10.49209273767981,69.05572024393474,65.37148916300363,0.0,4861.657321402897,4381.5198613967395,9700.578069398613,11671.53653564776
DS1,405.5,406.0,405.51,0.09886161983013153,16.658186711175592,0.009773620504909215,0.0003361833060503725,0.02290527743409833,0.0020775638820453293,-8.972916689762622,65.24880835729994,39.84839250823567,0.0,4324.146950973259,1667.3659060618013,6227.505134962807,7655.041813446861
DS1,406.0,406.5,406.01,0.10489404946565628,19.27051015012402,0.011002761955221195,0.00031880793242251685,0.020696790253504366,0.002936140855817022,-6.892254675298668,76.10169067391939,57.413063185651964,0.0,5826.9279014736785,3342.613338507103,9726.584878839225,11954.980419101703
DS1,406.5,407.0,406.51,0.09927815943956375,16.470314369307097,0.009856152917858907,0.00018523613039271448,0.03082977599282102,0.0017389262938464374,-8.829246859324577,64.4682938212947,32.920583007849835,0.0,4220.728422194003,1160.8731426677302,5554.079452555233,6853.6438820917865
DS1,407.0,407.5,407.01,0.10349804162979126,18.356192406597742,0.010711845730979755,0.0004955580876898685,0.02775497865647978,0.003420567612125154,-7.373755604687579,72.30316300213838,67.32341100746991,0.0,5269.779654348124,4585.372489143273,10470.240208768348,12699.379414827517
DS1,407.5,408.0,407.51,0.09799487143754959,17.334197949992042,0.009602994461980627,0.000351821562034056,0.03787058494592011,0.002334538802417868,-9.271869278603893,68.05729306107015,45.10555638123183,0.0,4702.924382654853,2119.2607058327544,7116.4649882006,8726.353890183662
DS1,408.0,408.5,408.01,0.09964587539434433,16.483098366631143,0.009929300641486252,0.0002698460353556794,0.032392353204895565,0.002401381983854519,-8.702416930846226,64.52140486276271,46.473026631229196,0.0,4225.5465238797115,2234.2967391522307,6761.586922986484,8269.162714543065
DS1,408.5,409.0,408.51,0.10062752664089203,16.906334269917533,0.010125898747473074,0.00036708702290759416,0.027809045348228034,0.002131228457026614,-8.363832880380908,66.27973592623329,40.946256317055244,0.0,4449.969920617767,1745.552170391108,6468.391467476545,7961.957665595234
DS1,409.0,409.5,409.01,0.09658437222242355,17.44786739724264,0.009328540390453178,0.0002941881922872293,0.027353063901616213,0.0026982847348470933,-9.758368469752549,68.52953210911946,52.547029549679515,0.0,4775.765645380687,2854.9231337400097,7983.869006500598,9725.587897808473
DS1,409.5,410.0,409.51,0.10009537637233734,16.517544714980417,0.010019084819425532,0.0004097134236206245,0.03178487176392922,0.0019187605763970887,-8.547378303480107,64.66451201377554,36.59961243212551,0.0,4241.578403467432,1411.677796648184,5869.8603210342535,7234.904908676735
DS1,410.0,410.5,410.01,0.0995798110961914,16.87197793242294,0.009916138795950028,0.00029988093614121753,0.03347259067745376,0.002381634918658647,-8.725203350909798,66.13700272478523,46.069043403624974,0.0,4436.683478869,2197.3155378295123,6942.703819060498,8504.627214311276
DS1,410.5,411.0,410.51,0.10370246320962906,17.272989098957247,0.010754200700871705,0.0004406584611945684,0.02959044554260652,0.002270644436053419,-7.303247991370309,67.80300125052638,43.79841265665279,0.0,4639.084312940388,1970.7074864706162,6951.337029175567,8571.333057134036
DS1,411.0,411.5,411.01,0.0976565033197403,17.28255571187889,0.009536792307307628,0.0003183446578991703,0.039205802227715,0.0024799243701887465,-9.388576763343618,67.84274568747445,48.079837892564,0.0,4675.794962009112,2398.5016887138586,7391.853444876286,9039.462491539065
DS1,411.5,412.0,411.51,0.09799032658338547,16.69574203233781,0.009602104685185174,0.0001994242850711666,0.035828610780535716,0.002414132332530383,-9.273436856842167,65.40483171752385,46.73387182316342,0.0,4349.500270846922,2268.7893054762553,6909.2619360668905,8443.722355157415
DS1,412.0,412.5,412.01,0.09991032630205154,17.20721921799779,0.00998207349592464,0.00033170241478891824,0.03369461070480494,0.0028587087261692564,-8.611204435781781,67.52976066806681,55.828965430107374,0.0,4620.790782013973,3189.6276044174024,8227.63543956775,10008.050253681738
DS1,412.5,413.0,412.51,0.10392700135707855,16.16426835254203,0.010800821939212883,0.00031239094260354243,0.02953600264637101,0.00216253677943961,-7.225801916998382,63.19682745005605,41.58675843794357,0.0,4035.40918501718,1780.7960238340656,6108.771268040846,7521.005177751992
DS1,413.0,413.5,413.01,0.09504242241382599,16.87135691361499,0.009033062553264415,0.0003891078963232594,0.031402746201590545,0.0030585991555529862,-10.290206649192802,66.13442270581109,59.918301239183215,0.0,4463.555082865798,3694.2965902757833,8542.084204337352,10301.184630120095
DS1,413.5,414.0,413.51,0.09907488524913788,16.581202847510173,0.009815832899871424,0.00041423930251451545,0.03055269295965196,0.002717806082809498,-8.899358723381694,64.92897934984144,52.94639507963615,0.0,4281.379620097105,2881.1480245554667,7521.143856306747,9143.675434680503
DS1,414.0,414.5,414.01,0.09930210560560226,17.171784494691785,0.009860908624909194,0.00021973347546823185,0.026776361520646195,0.00215089646215346,-8.820987520869144,67.38254731912681,41.34862214270415,0.0,4604.267204398418,1786.4559268550145,6659.615477653245,8192.242296199172
DS1,414.5,415.0,414.51,0.09958357363939285,17.042568006785768,0.009916888568307611,0.0002668155851109058,0.03035342102409329,0.002164299582481332,-8.723905601712538,66.84571818238891,41.622821663307015,0.0,4530.771763420099,1807.5081520899248,6609.551490971647,8128.067411847177
DS1,415.0,415.5,415.01,0.09966432303190231,16.6970282132786,0.009932978047236831,0.00024173282408703357,0.03751011731057712,0.0024201924457796704,-8.696054105079066,65.41017514865497,46.85784893499299,0.0,4340.752272678122,2270.09299623488,6922.762816849119,8470.082066965402
DS1,415.5,416.0,415.51,0.09583595395088196,16.668127700475374,0.009184529820920773,0.00022695521220293698,0.03701889770009769,0.0024575512422645492,-10.016507488790092,65.29010813870248,47.622130970509126,0.0,4347.670475286292,2366.808359377354,6985.587922170136,8517.047594639222
DS1,416.0,416.5,416.01,0.09502887725830078,17.834318746010197,0.009030487038379201,0.0003338403890098811,0.03679889135371195,0.002961452728569768,-10.294878546302938,70.13504195783922,57.930890617218836,0.0,5007.873448888392,3460.2365206570094,8868.175391592393,10757.458410004278
DS1,416.5,417.0,416.51,0.09786362200975418,16.911064417425493,0.009577288280858909,0.0004564138031726455,0.03592828933444405,0.002229666639466986,-9.317138882284945,66.29938729615125,42.960093526144355,0.0,4467.87156575739,1931.2127084957904,6659.110311579283,8167.293365441403
DS1,417.0,417.5,417.01,0.09238306432962418,16.766074417567083,0.008534631727117178,0.0002797269949883581,0.03354060191430898,0.0023608713379639204,-11.207453212015746,65.69702719705747,45.64426441685027,0.0,4424.230994100997,2207.5151218297074,6838.713063120455,8337.229989553682
DS1,417.5,418.0,417.51,0.10092278569936752,20.03578124727467,0.010185408721005965,0.0002008068278791658,0.030500317148723026,0.0023809511466340587,-8.261994260701275,79.28100493258161,46.05505487283831,0.0,6338.556827258413,2188.2209349625523,8944.197045163339,11062.578049126823
DS1,418.0,418.5,418.01,0.10087880492210388,17.146568935192867,0.010176532761698966,0.0004902080014555654,0.03132760590910529,0.002525786961862391,-8.277163792407068,67.27778942593896,49.01808960879811,0.0,4581.783206818807,2470.1037178968036,7411.598003402101,9074.867808849509
DS1,418.5,419.0,418.51,0.09961268305778503,17.483820702930455,0.00992268619570543,0.00031611205092236004,0.03751290873166998,0.0032693858761531375,-8.71386539158641,68.6788999055055,64.23055214226734,0.0,4778.6984212294565,4199.868040577233,9485.816976983118,11459.457406149904
DS1,419.0,419.5,419.01,0.10087575018405914,16.333165129463705,0.010175915867765105,0.0003075523241737847,0.030993633611364743,0.0027169727289461185,-8.27821741056722,63.898508113429465,52.92934642049996,0.0,4139.139547575428,2868.7698109540784,7378.361623106888,8973.145172958806
DS1,419.5,420.0,419.51,0.10489576309919357,16.417056663153076,0.011003121910863377,0.00022973276481097222,0.02421390898797617,0.001846153514784361,-6.891663621208826,64.24703499525309,35.11422537302467,0.0,4164.896236220704,1279.7991387195875,5693.6565473571245,7053.148882497138
DS1,420.0,420.5,420.01,0.10160673409700394,15.80719271638233,0.010323927861985598,0.00032948760720378513,0.023547244411530173,0.0015859409053393335,-8.026091724443713,61.713358826073865,29.79082522296611,0.0,3861.335271062748,951.214454893341,4968.898756499415,6143.769686967512
DS1,420.5,421.0,420.51,0.0956733301281929,16.668569146599577,0.009153386687029079,0.00042399363173173133,0.02593832540290509,0.002165870972082566,-10.072598521916019,65.29194212402132,41.654968974142,0.0,4348.946257108985,1835.3710258177339,6397.430563995845,7836.2873082702945
DS1,421.0,421.5,421.01,0.09770850837230682,16.084720904571608,0.00954695217852159,0.00042136527613054143,0.043421899198734876,0.0015462249508174316,-9.370639556617133,62.86634804672537,28.97832071477748,0.0,4026.078698420316,926.7601050420888,5062.947813556218,6245.213621234812
DS1,421.5,422.0,421.51,0.10216370224952698,16.95649116749266,0.010437422631126323,0.0005987060756520947,0.04207760176220979,0.002048119242867882,-7.83398629624338,66.48811246132601,39.24601740831279,0.0,4469.881600956133,1600.7258398957927,6344.933936438503,7830.298561723286
DS1,422.0,422.5,422.01,0.09531503170728683,16.774450974072224,0.009084955137026895,0.00036689716682150874,0.050201822561861044,0.002292661802271615,-10.196180222700635,65.73182755164349,44.24884144594096,0.0,4408.786226050259,2060.6075206305936,6704.977717726545,8197.675065917665
DS1,422.5,423.0,422.51,0.09460871666669846,17.57496919740742,0.008950808694565795,0.00040839450690795053,0.05235445273875789,0.003215078182398745,-10.43979729973082,69.05757578811127,63.119531482284515,0.0,4860.907369649348,4091.1469807426092,9388.91507091738,11321.053495906535
DS1,423.0,423.5,423.01,0.09880762547254562,17.25026618337249,0.009762947984272883,0.0003818516499485362,0.049525371407800195,0.002646500620430119,-8.991540033193399,67.70859903177542,51.4876359905207,0.0,4651.003469619304,2730.4768937007334,7745.095564834284,9451.428919614158
DS1,423.5,424.0,423.51,0.10031156241893768,16.155180712758497,0.010062410166029897,0.0002809736996958435,0.041075550929268685,0.0024207205558953674,-8.472812975346057,63.15907290418472,46.86865295204329,0.0,4048.282524715304,2267.3031284497083,6618.702535183763,8085.957854001462
DS1,424.0,424.5,424.01,0.09953894466161728,17.590232657172596,0.009908001752421569,0.000363201954029563,0.030706517343760717,0.0028172404267858353,-8.739298706052315,69.12098774166422,54.98061164882371,0.0,4839.932991870767,3097.8449525494957,8355.768857589417,10184.330515560248
DS1,424.5,425.0,424.51,0.09237510710954666,16.08973970112278,0.008533160034346565,0.0004874004132957779,0.028277864052620956,0.0026121363431166125,-11.210197758832923,62.88719860739058,50.78461548971741,0.0,4063.7100323154627,2703.087178440209,7000.346787757774,8474.540851419026
DS1,425.0,425.5,425.01,0.09914806485176086,18.23570716123936,0.009830338577312069,0.0003444787067643061,0.02533134855004754,0.0030770210194972936,-8.874118143945084,71.8026077610577,60.29517364938131,0.0,5219.452596208391,3712.7016624994553,9423.157395802911,11457.440967756267
DS1,425.5,426.0,425.51,0.09362262487411499,15.964281604955431,0.008765195965728544,0.0002672983709863148,0.023805289859116174,0.0015922061665913456,-10.779912951228944,62.365983686959645,29.91899922944585,0.0,3989.7583700857517,1010.4123340731545,5061.687372072437,6224.558496747283
DS1,426.0,426.5,426.01,0.0996154248714447,16.510967000317642,0.00992323320896323,0.0002892687075445979,0.02838498955071668,0.002519063353465629,-8.712919705042664,64.63718493701197,48.880538788241815,0.0,4240.6441520387225,2463.982257844698,7029.226854249353,8578.899098851387
DS1,426.5,427.0,426.51,0.09267499297857285,16.141425726572347,0.008588654935321769,0.00017707653410148038,0.034503899553834684,0.0014569587020074309,-11.106763293110719,63.10192789521711,27.15212188711954,0.0,4088.560557090731,859.7181387260607,4974.975094323946,6121.495803213195
DS1,427.0,427.5,427.01,0.10067921876907349,17.03978877509979,0.01013630562479051,0.00037056729029004995,0.030453323566264796,0.0016515915810782827,-8.34600360527083,66.83417188074462,31.133899326198605,0.0,4523.401361673965,1038.2180580846557,5745.519626155324,7110.187343129329
DS1,427.5,428.0,427.51,0.10005809366703033,16.550856206274688,0.01001162156536258,0.00037586718100619636,0.04377367909400105,0.0017969151678109041,-8.560237584634738,64.80290440784805,34.10691283645633,0.0,4259.668755145381,1235.7082891216978,5689.424556130725,7022.34274574887
DS1,428.0,428.5,428.01,0.10268902033567429,16.88378400394869,0.01054503515008144,0.0003095327337556935,0.03695434586651285,0.0022003838629652242,-7.652797380102375,66.18605097929317,42.36102979454398,0.0,4427.347243811659,1852.078404733034,6586.595548973443,8113.285200627231
DS1,428.5,429.0,428.51,0.10172507911920547,16.16322001974397,0.010347993050309867,0.000274953001583004,0.04664480686986425,0.0020114861807709068,-7.985273015039203,63.19247215763078,38.49658236486866,0.0,4045.2304959377284,1544.8560733025163,5832.905627515276,7183.712607767492
DS1,429.0,429.5,429.01,0.1007583886384964,15.687548519910006,0.010152252716747197,0.0002630420929896389,0.04392394505902163,0.0018389679998015325,-8.318696906320168,61.21629771762883,34.96722491974372,0.0,3804.66253319791,1291.0599351262795,5285.533239601626,6511.216334294079
DS1,429.5,430.0,429.51,0.0995771661400795,16.0795747872806,0.009915612370302461,0.00030317391618654867,0.036825986342536934,0.0017836846115389263,-8.726115630048465,62.8449685327976,33.83624361180262,0.0,4012.728486963294,1220.175926373566,5408.420189629283,6666.932272695827
DS1,430.0,430.5,430.01,0.10119681805372238,17.547979472928645,0.010240795498695832,0.00029725049289829573,0.031486537258264995,0.0016709826999684457,-8.1674770023345,68.94544713698068,31.530600644516174,0.0,4807.033563424399,1060.13587597513,6071.204480474612,7521.768525023734
DS1,430.5,431.0,430.51,0.09845023602247238,16.458499435144912,0.009692448255818597,0.00030471246308157233,0.04191370199962957,0.0025833619845536788,-9.11480821833036,64.41920874701597,50.19595291483892,0.0,4219.083138156873,2601.3814480316455,7142.013665126675,8696.69927900516
DS1,431.0,431.5,431.01,0.09932664781808853,17.68422126039381,0.009865783457748812,0.00027735374968134764,0.04904517236611848,0.0024897150896756684,-8.812522598382463,69.51146283929374,48.28013532510203,0.0,4895.149554036164,2407.3933514515675,7654.37090862727,9383.110748481991
DS1,431.5,432.0,431.51,0.09665041416883469,15.923229478827585,0.00934130228838607,0.0003877895170868582,0.04155125224855989,0.0021441425745374614,-9.735589759090148,62.19543287113423,41.21045187330343,0.0,3948.7294422013556,1791.913993405141,5942.436227194639,7269.588600774623
DS1,432.0,432.5,432.01,0.0926586464047432,15.943968024624821,0.008585625096657168,0.00043832822473586206,0.03988458423075701,0.0028561585393931054,-11.112401435167724,62.28159103730902,55.776793997309426,0.0,3986.029447597475,3232.7311637380913,7496.894907236491,9026.746049601034
DS1,432.5,433.0,432.51,0.09898943454027176,16.248763853699284,0.009798907576764136,0.00040453863857493953,0.03323092569792449,0.0017804291295960225,-8.928831764061643,63.54786351116209,33.76964333020855,0.0,4104.693607985012,1219.2339824323155,5495.819890635232,6774.30543353021
DS1,433.0,433.5,433.01,0.09931973367929459,16.102244599014462,0.009864409154120088,0.0004188067998354562,0.03303663560571366,0.0022431614985246088,-8.814907373144953,62.93915013191328,43.236169827310476,0.0,4025.9765531543385,1945.9589609453776,6229.38894931383,7627.171492921331
DS1,433.5,434.0,433.51,0.1014866903424263,16.428070555941556,0.010299547248651762,0.00020140232192954907,0.036939711000663594,0.0014177746246268094,-8.067496348337281,64.2927921478702,26.350498461364786,0.0,4186.499600387192,758.8134267261702,5081.678386669157,6294.012981983583
DS1,434.0,434.5,434.01,0.10000786930322647,16.335567359882592,0.010001575360871663,0.0003441096021228843,0.03405695377367229,0.0016055356151361466,-8.577560609067865,63.90848816553361,30.191691581038373,0.0,4144.988077008499,984.357817018647,5282.520505445398,6527.812858326116
DS1,434.5,435.0,434.51,0.0960741639137268,16.07973743336115,0.00923024557543823,0.00037770156881534024,0.04114156084678219,0.0017173994942605308,-9.934345830701389,62.84564424497977,32.48019017527227,0.0,4033.491084957476,1152.7131561644612,5306.524342746916,6529.228855682223
DS1,435.0,435.5,435.01,0.09377095103263855,16.094756630009577,0.008792991440462257,0.00041762837603093086,0.04386339203440386,0.0019950521895717526,-10.728753365052604,62.908041408855155,38.16037763058533,0.0,4056.5091880778746,1570.1270508661564,5766.596600016741,7061.721211296274
DS1,435.5,436.0,435.51,0.10018789023160934,15.853808878977427,0.010037614464154545,0.0003111901568438988,0.04417031621341319,0.0016681778774394705,-8.515469092029855,61.907025398579385,31.473219902270518,0.0,3892.591214863706,1062.2955597804578,5111.511035865708,6308.482484708475
DS1,436.0,436.5,436.01,0.10028494894504547,16.310783545596596,0.010057070830223423,0.0002833963730531481,0.04462904806532659,0.0018690028154871392,-8.481992302341329,63.80552395528591,35.58167378395803,0.0,4130.37759105341,1337.1202709448817,5672.0135418546715,6992.826289533124
DS1,436.5,437.0,436.51,0.10048236697912216,16.4406159446,0.010096705543901012,0.0004142299991547029,0.040612218639207616,0.0015321382989755487,-8.413900301391237,64.34491189104456,28.69013758372616,0.0,4198.355464041161,893.2139274772572,5238.5334443074025,6479.970011148925
DS1,437.0,437.5,437.01,0.09554824978113174,15.753941283693361,0.009129467511283136,0.00043546370424119414,0.04356279796426731,0.0021224229309691717,-10.115740330873642,61.49212606310581,40.76611386033301,0.0,3868.8661167591786,1763.0024636279372,5810.75833184861,7102.134732380265
DS1,437.5,438.0,437.51,0.10182900726795197,16.49613132671803,0.010369147031805347,0.00022176946674811154,0.03899379578837103,0.0016996737173139347,-7.949426869390532,64.57555021856027,32.11755823418892,0.0,4221.184015321566,1093.986883714038,5508.915383657286,6815.361156775707
DS1,438.0,438.5,438.01,0.09940532594919205,15.841924502360962,0.009881418603515534,0.0002772812810164477,0.03913903820504415,0.0019353841984670714,-8.785385506257581,61.85765182603402,36.93969661332872,0.0,3890.748866788151,1440.778537222507,5527.051390175013,6795.136339925785
DS1,438.5,439.0,438.51,0.09994620829820633,16.467513318206443,0.009989243858049926,0.0002672952155181088,0.038930101615260934,0.002087183879318389,-8.598828277100585,64.45665687102084,40.045197325020645,0.0,4215.580180203709,1676.5546139492208,6137.499914904248,7545.789145479771
DS1,439.0,439.5,439.01,0.09978891909122467,16.457390890579692,0.009957828375895083,0.000397367737715524,0.042461625346704765,0.002097102116653195,-8.653079333146831,64.41460330515925,40.2481035032763,0.0,4211.0187088011635,1693.7711079312535,6149.977819150666,7558.849502858883
DS1,439.5,440.0,439.51,0.09850656986236572,16.173494653665088,0.009703545264681819,0.00030107109192615097,0.040778204143391866,0.0026196561582645856,-9.09537795757693,63.23515806364444,50.93845501798819,0.0,4067.8533826284365,2676.1033981716687,7063.8993193645665,8585.877951418248
DS1,440.0,440.5,440.01,0.10074830055236816,16.91436931381107,0.0101502191214201,0.0002866085409069126,0.040962236612967357,0.002039049861722043,-8.322176416049059,66.31311746868903,39.06047703401783,0.0,4453.7627724398035,1594.0325917068672,6304.371924757901,7770.7129765082955
DS1,440.5,441.0,440.51,0.09156717360019684,16.383418951820268,0.008384547377187425,0.0009238172854699841,0.041325254808302604,0.0024460324504598997,-11.488864343390688,64.10728732195489,47.386480829833225,0.0,4224.227012110916,2375.8861040968995,6799.575441826296,8263.122129645211
DS1,441.0,441.5,441.01,0.09938070178031921,16.215544420072373,0.009876523304161507,0.00024218204927096797,0.0331725612122386,0.0012329760726936115,-8.79387869654856,63.40985357012556,22.569910575213104,0.0,4085.0187407871836,586.1541931793988,4746.679830709571,5867.509192525661
DS1,441.5,442.0,441.51,0.10118793696165085,16.841564896940593,0.010238999082941704,0.0002908791263166235,0.03559834058593886,0.0016762846553852737,-8.170540204400112,66.01065194828493,31.639067449110087,0.0,4411.5408333373,1067.034876251042,5668.522131685733,7014.518851512835
DS1,442.0,442.5,442.01,0.1010124534368515,16.47420481070285,0.010203515930875935,0.0003186645193308747,0.03855732616908877,0.001560848665242432,-8.231066713000239,64.48445663712305,29.277491011445623,0.0,4213.553619250921,924.2194214340734,5296.518985740627,6554.024329067734
DS1,442.5,443.0,442.51,0.09774883836507797,16.750359386136505,0.009554835402163854,0.00032796232924184435,0.04344793467869341,0.0024232923785907716,-9.356729227102742,65.63173919168447,46.921267010031634,0.0,4380.603326175986,2287.8751138034513,6959.892860580168,8504.395834488563
DS1,443.0,443.5,443.01,0.09902431815862656,16.090201686769213,0.009805815422432258,0.0003503432819503015,0.043799376788533975,0.0018298457056852592,-8.916799958632788,62.88911792403336,34.780602057880806,0.0,4021.3400479310685,1288.295718519913,5487.411219614585,6757.957351492503
DS1,443.5,444.0,443.51,0.0993654802441597,17.0525891476664,0.009873497849380975,0.00032441354418596247,0.03817946766176926,0.002218378997169435,-8.799128798746585,66.88735095306126,42.72917221595595,0.0,4537.525644868234,1902.1117558129308,6719.243533516421,8255.32675608983
DS1,444.0,444.5,444.01,0.09786694496870041,18.105367411004803,0.009577939474768963,0.0004685309287317967,0.03911516428794968,0.0022534830367039495,-9.315992751310732,71.26111203760216,43.447326688655224,0.0,5149.353653989827,1973.2788774641508,7420.962409220967,9128.737802999613
DS1,444.5,445.0,444.51,0.09950903803110123,16.93693915194078,0.009902048175453062,0.00027512106632287435,0.035201303188172356,0.0028405176445801083,-8.749613884820238,66.40688372805603,55.4568143392439,0.0,4472.7886183965975,3150.60222736285,8022.99969210029,9748.538111003889
DS1,445.0,445.5,445.01,0.10110673308372498,18.054274459215453,0.010222570294862423,0.0004208204827322638,0.03442692577645708,0.0040105383436380045,-8.198548458857411,71.04884667079837,79.39296554352386,0.0,5101.572914863292,6368.569924202056,12174.192201452872,14556.220683892727
DS1,445.5,446.0,445.51,0.10023675858974457,17.558869265990616,0.010047407469845067,0.00043455411397775006,0.028498248727736358,0.003386139656787768,-8.49861377126782,68.99068871801609,66.61908778885214,0.0,4818.22229707827,4508.6837908005955,9868.168443893725,11904.025913768213
DS1,446.0,446.5,446.01,0.100408636033535,16.97708973494013,0.010081893499335907,0.00023679410118310592,0.02235574703167358,0.003053635130047766,-8.43933104605675,66.57368908827245,59.81674776652198,0.0,4490.112834491628,3647.797649093328,8591.10412288279,10404.447610090716
DS1,446.5,447.0,446.51,0.09806923568248749,16.709950891071422,0.009617575205174787,0.0007179557753895064,0.016819301229915238,0.0031010715020072916,-9.246220100905177,65.46386233731242,60.78719570194734,0.0,4356.753008770945,3778.940724814774,8561.078102373904,10327.971523221839
DS1,447.0,447.5,447.01,0.08794818818569183,17.26154874218318,0.00773488370584769,0.0005243928020869886,0.01770366047321402,0.0028866159382400394,-12.737098626724295,67.75547235579693,56.39988802007013,0.0,4732.4861050753625,3341.0881116483874,8329.687591158727,10057.346869379482
DS1,447.5,448.0,447.51,0.10245247930288315,16.83955222969124,0.010496510783158818,0.00027613560814351325,0.01706430337355756,0.0018561273641653107,-7.734383402903581,66.00229033407052,35.318269256234046,0.0,4404.210035182936,1306.405053700298,5948.032645607217,7357.030427147487
DS1,448.0,448.5,448.01,0.10366955399513245,18.086895289723312,0.010747377817618068,0.0004008012974359223,0.02006736710144276,0.002686241943314881,-7.31459879969565,71.18436971870806,52.30065948180912,0.0,5108.660498521303,2787.7499265826154,8347.213171102188,10250.312309544115
DS1,448.5,449.0,448.51,0.09907493740320206,17.322495356226685,0.009815842687134178,0.00034713778076424207,0.026323714506486177,0.0026784912827845044,-8.899340734778958,68.00867470430735,52.14209734479948,0.0,4690.173386843748,2796.6460150509183,7862.334740147662,9593.56677445687
DS1,449.0,449.5,449.01,0.09931262582540512,18.042766501370657,0.009862996914021002,0.000298642490397373,0.030125293777246695,0.0029926884503672937,-8.817358962717599,71.00103692781936,58.5699074829225,0.0,5104.23835210778,3506.677641983534,9078.804433687117,11048.358815955104
DS1,449.5,450.0,449.51,0.10064661502838135,16.84572509857966,0.010129741418952657,0.00028965158017855183,0.03440295635512014,0.0022058511190790166,-8.357249051780157,66.02793548145277,42.47287830211109,0.0,4416.6022547266375,1872.7553287050753,6575.219877249731,8083.3376398563505
DS1,450.0,450.5,450.01,0.09844698011875153,16.770523604002257,0.009691807244728068,0.0002391368061486633,0.02422211282151905,0.002513757307092019,-9.115931221101059,65.71551131585596,48.7719882913165,0.0,4387.53013104927,2460.512556184469,7166.016551372953,8747.511297562676
DS1,450.5,451.0,450.51,0.09812363982200623,17.47687250893496,0.009628249126935471,0.0004580535453734569,0.026032757748393014,0.0033798163571812883,-9.227455418452916,68.65003367453966,66.48972644027725,0.0,4783.086609141465,4504.245688462045,9799.451787290836,11800.453430350672
DS1,451.0,451.5,451.01,0.096990205347538,16.863169978891865,0.009407099955680565,0.000216516964358255,0.02925990039573714,0.0023902617553984546,-9.618391442475817,66.10041013379984,46.245530254485764,0.0,4446.783108889503,2229.8669413555085,6955.573296045386,8502.563989678434
DS1,451.5,452.0,451.51,0.09951896220445633,17.511443383120103,0.009904023888106886,0.00029044851511699903,0.02714146907232733,0.002428476985973649,-8.74619091069994,68.79365816740301,47.02733312181179,0.0,4794.961952765035,2286.8683828793446,7418.176033854634,9098.719990323581
DS1,452.0,452.5,452.01,0.09583239257335663,17.569103662485265,0.009183847148812497,0.0004010483365852095,0.028723894934291512,0.002748131431445674,-10.017735853376806,69.03320745787886,53.566787634111876,0.0,4849.630662033432,2968.193367957214,8175.418309467523,9949.68759726288
DS1,452.5,453.0,452.51,0.09665819257497787,16.785637267280137,0.009342806513175836,0.00037746713379329815,0.02989203947048189,0.0024849016020588384,-9.732906887482347,65.77830094078612,48.181661539544955,0.0,4406.4043593573915,2414.836228590443,7111.9266773736545,8675.344089911598
DS1,453.0,453.5,453.01,0.09855113178491592,17.81412871657404,0.009712324811420025,0.00020218502313715502,0.02960458548654194,0.002765240832358709,-9.08000798144067,70.05116259965075,53.91680982397468,0.0,4974.690495174543,2988.044121375054,8366.248436831971,10207.476878673762
DS1,453.5,454.0,453.51,0.10214055329561234,17.421661431986628,0.010432691497975889,0.0002624524925839368,0.032698333818275985,0.0024131996580696205,-7.841970666057017,68.42065958105633,46.714791274473,0.0,4730.377278024494,2242.7020765738494,7332.007615265541,9012.164180854046
DS1,454.0,454.5,454.01,0.10047351568937302,17.199472157115853,0.010094927559501896,0.0005950771974270725,0.03391853896972917,0.002846327185144388,-8.416953224255286,67.49757554933389,55.57566526340786,0.0,4613.46604433501,3158.1389217240476,8192.339374365321,9971.454632424191
DS1,454.5,455.0,454.51,0.10084037482738495,17.66854010181032,0.010168781437789912,0.000339817031146575,0.023555217125605456,0.0027373231538371,-8.290418822821854,69.44631555846416,53.345673112544034,0.0,4878.072523575502,2913.205215856732,8210.066198084709,10034.12215941508
DS1,455.0,455.5,455.01,0.09942802786827087,16.87531689938064,0.009885932887787953,0.00046355682326090786,0.02491875673101896,0.002799927997750499,-8.777555324467382,66.15087444331392,54.62643593258481,0.0,4439.346909720246,3059.697791344642,7887.630797993407,9588.439509997876
DS1,455.5,456.0,455.51,0.0980176329612732,17.148821206169043,0.009607456937955148,0.0003332016662847181,0.025891152049176205,0.002631061792128751,-9.264018538410568,67.287146472423,51.17179018630885,0.0,4598.716992854826,2702.994074180428,7649.496474560265,9328.378358240112
DS1,456.0,456.5,456.01,0.0987144485116005,18.04428770956213,0.009744542677020875,0.00036405914353054305,0.024078196676898603,0.002570962248795461,-9.023677956878416,71.007356778277,49.94228052234125,0.0,5108.454957346575,2574.346184483315,8055.546216500254,9868.983277643194
DS1,456.5,457.0,456.51,0.10130932182073593,16.537681995390404,0.010263578693987085,0.0002851522981194253,0.024758217473725315,0.002246861646015192,-8.128673016436233,64.74817222644596,43.31186702641478,0.0,4246.0739857759045,1940.968065668771,6479.382752243651,7957.175952917209
DS1,457.0,457.5,457.01,0.0970153957605362,16.71546368991445,0.00941198744611782,0.0003891546172852394,0.027320168972831238,0.0023570721198132314,-9.609702947355151,65.48676522758495,45.56654044138029,0.0,4366.015475286054,2167.380533368144,6801.874179048651,8315.305630800658
DS1,457.5,458.0,457.51,0.10080456733703613,15.584038308856694,0.010161560903931784,0.0002906161978575412,0.03154162829902621,0.0016157051518769412,-8.302769283499144,60.78626515643026,30.39973881413531,0.0,3752.036757578359,992.344349130755,4892.906995840198,6041.445603141933
DS1,458.0,458.5,458.01,0.09937392920255661,16.731311341103414,0.009875177848800753,0.0003603733635407939,0.038015715062941866,0.002069350334220162,-8.796214645103628,65.55260420096181,39.68036067527315,0.0,4360.967930727773,1650.8875721470617,6254.150067891549,7693.2924588031265
DS1,458.5,459.0,458.51,0.09607906639575958,16.489771074050196,0.009231187209171784,0.00034113969677751135,0.03933800367713565,0.0021142586471004834,-9.932654902044364,64.54912658637184,40.59908986382342,0.0,4250.090721875666,1745.7685853518565,6199.74830239268,7598.076699486299
DS1,459.0,459.5,459.01,0.09894587099552155,16.8115330410354,0.009790285814786791,0.00037390775019041173,0.039396338647421404,0.0028437006221405116,-8.943857386945561,65.88588478008927,55.52193133437654,0.0,4407.088016262601,3161.2325007096215,7957.655715437744,9659.349200155017
DS1,459.5,460.0,459.51,0.09545597434043884,16.88464090360792,0.009111843422846988,0.00034481057460768297,0.04748422052349322,0.0022271186609636165,-10.147567308711395,66.18961096387245,42.90796726994135,0.0,4468.161983474163,1942.7980518495783,6638.8866874617315,8128.574774611584
DS1,460.0,460.5,460.01,0.10350403934717178,16.060594999908446,0.010713085779946773,0.00030019483887246725,0.03955384650845431,0.0017113606018711658,-7.371686915373135,62.76611711812463,32.356647197396235,0.0,3983.1282836900355,1100.5994418800672,5287.029410561348,6544.668436777081
DS1,460.5,461.0,460.51,0.0932980477809906,16.397350328884507,0.0087045252377654,0.00025710044468405777,0.04438362629239231,0.001887812828010724,-10.891863735445641,64.16516514578497,35.966486893915366,0.0,4219.216816966364,1411.0786763610752,5751.030676966405,7055.934563645381
DS1,461.0,461.5,461.01,0.09913558512926102,16.142781667300287,0.009827864804126958,0.0002566889439506764,0.04081012849080511,0.0017598586186390935,-8.878422559599363,63.107561142972436,33.34881414230545,0.0,4048.1959969226773,1190.1067638665404,5405.760533861858,6663.960686169993
DS1,461.5,462.0,461.51,0.10365951061248779,17.22177478436388,0.010745293706188066,0.0005126042892496165,0.040839065475604966,0.0022317657993570733,-7.318062890622198,67.59023168266924,43.00303790189049,0.0,4610.502644940834,1901.8993892829412,6844.4213914394595,8442.801080684934
