run_id,t,available_s,m1_available_s,B0,M1,P0,P1,P2,P3,B0z,M1z,P3z,concordance,B0_M1,B0_P3,M1_P3,Full
DS3,9.0,9.5,9.01,0.12604039907455444,1.2743632968936944,0.015886182751035705,0.003486607892243086,0.0006990953068800892,0.0037346706565282283,0.40139134034719176,1.3368047341711384,-1.0985441605271282,0.5365818440314246,1.9616847877437493,1.4962876065833899,2.7776363874916425,3.172187019068364
DS3,9.5,10.0,9.51,0.1271182745695114,0.5998576894823816,0.016159055266795817,0.0035173715027426197,0.00044776722508755,0.004012329671726322,0.7731643628572857,-1.4654248328083788,-0.7703627281680419,0.0,2.717740734245134,1.3549221022822384,2.9392943425024582,3.7029392550302784
DS3,10.0,10.5,10.01,0.12745657563209534,0.9461670321041727,0.016245177294120734,0.003553255036659419,0.00012281347810805517,0.004716420499286106,0.8898487193934945,-0.02668471181743384,0.061843408321382964,0.0,0.792077860611797,0.7939459524442687,0.004301191704220746,1.4156625782954186
DS3,10.5,11.0,10.51,0.12543503940105438,1.2759696787134014,0.01573394795464209,0.003937215094249583,7.022771275592038e-05,0.004881876520851629,0.19259505860982298,1.3434784379648212,0.25740555893647943,0.2587473085008682,1.8486851865079181,0.09272589668369949,1.9385363477166073,2.2419440193762417
DS3,11.0,11.5,11.01,0.126200869679451,1.1925069975378335,0.015926660774087036,0.003415552936280958,8.49333425409063e-05,0.0037049845038575873,0.4567397011602311,0.9967332213799274,-1.1336319609276693,0.4552476336695425,1.213492908068903,1.6428067019664396,2.112082577475028,2.538898115224897
DS3,11.5,12.0,11.51,0.12587465345859528,1.1913795779155647,0.01584442610885232,0.0034386578976942084,0.00015270878726853434,0.0035332257190372474,0.3442235608575978,0.9920493632100307,-1.3366437161281255,0.34148676435066916,1.1112370784679129,2.046132729595093,2.5759822640209973,2.84014373224204
DS3,12.0,12.5,12.01,0.12643758952617645,0.9027430850999881,0.015986466017066745,0.0033633973910375914,0.00011954138316093037,0.0034723486175942033,0.5383873991708118,-0.20708924348187568,-1.408597923468355,0.0,0.33004910358283146,2.493630432009488,2.086701826023165,2.6959877502366103
DS3,12.5,13.0,12.51,0.12459956482052803,0.976393424604585,0.015525208325097455,0.004147870732017987,0.0001629132583992177,0.00448879938956049,-0.09557079309184735,0.0988906575154595,-0.20719529647854087,0.0,0.018683038488111717,0.04797956211210844,0.04976236098553449,0.2036430038099099
DS3,13.0,13.5,13.01,0.12696266174316406,1.5051682104522994,0.016119517473567175,0.004303067908897564,0.0009020189451189033,0.005139900807180731,0.7194915118989266,2.2956823859972055,0.5623795566671219,1.6517239907408645,5.8294204818771815,0.7470796919692169,5.828920895409937,11.670362002173528
DS3,13.5,14.0,13.51,0.1250140219926834,1.1467259935496243,0.01562850728510175,0.003971791377605736,0.000760975178156465,0.0045927321243174595,0.04738077813702011,0.8065363103799917,-0.08435111748725309,0.038214317981565174,0.6537869017087411,0.010478593717656273,0.6509092300069508,1.164889503475616
DS3,14.0,14.5,14.01,0.12342522293329239,1.3433339752091846,0.01523378530887598,0.0044677657249083185,0.0010798386852534018,0.005135193704753818,-0.5006163061594131,1.6233430103643602,0.5568159569560767,0.0,2.8662648131513517,0.6373104244901429,3.108902981570325,4.596147445346034
DS3,14.5,15.0,14.51,0.12673868238925934,1.4994986318554078,0.01606269368451812,0.004117064738680156,0.001485217599442996,0.005268152670616812,0.6422381725562955,2.272128155162122,0.7139679364470694,1.4592474341850283,5.61185409965229,0.8234503043850511,5.968422040746368,9.708227601597475
DS3,15.0,15.5,15.01,0.12551097571849823,1.2765132112244815,0.01575300439935232,0.0041960839939390315,0.0011085053508880832,0.005381609876141859,0.2187864641909585,1.3457365405757227,0.8480696445947565,0.29442893944513476,1.8664144971700785,0.7329565270749956,2.729232828310309,3.033894537029669
DS3,15.5,16.0,15.51,0.12609750032424927,0.6982439695791989,0.015900578550571254,0.004601283420198855,0.00019863328311460536,0.00539719378826822,0.42108629054085567,-1.0566796125417257,0.8664891819533346,0.0,1.2831136948423723,0.8524016469126005,1.7325782780766072,1.8766178900261508
DS3,16.0,16.5,16.01,0.12362004071474075,0.9792596852724103,0.01528191434019356,0.004537027781733322,0.00016921894748107348,0.00489554410545804,-0.4334211655456443,0.11079852055143352,0.27356007669928617,0.0,0.19897684192108736,0.29565054433698024,0.09252357307762477,0.4172556075966341
DS3,16.5,17.0,16.51,0.12559537589550018,1.0565470457503134,0.015774720681338412,0.004815106666354894,0.00021186391322051908,0.005452224896271734,0.2478971630158313,0.43188840372703197,0.9315336676726839,0.10706391002336721,0.2506574348787699,0.8863495977198579,1.1254699070728145,1.503702039429589
DS3,17.0,17.5,17.01,0.123881995677948,0.9070632762399355,0.015348196098292632,0.003123849463356984,0.00020938238155848526,0.003530676362798352,-0.34306955361205477,-0.18914103487642628,-1.3396569493972752,0.0,0.155093891169297,1.8280124214766575,1.882728882755328,1.917919635483327
DS3,17.5,18.0,17.51,0.12558860704302788,0.8358545495696126,0.01577338801834216,0.00427403581115462,0.00020241712733492132,0.0038865103879799218,0.2455624993609587,-0.48497726975721456,-0.9190758997134674,0.0,0.2926130998928439,0.9737410361897308,1.1582101528905244,1.3040232591860261
DS3,18.0,18.5,18.01,0.1245386190712452,0.9619122923793355,0.015512257805229308,0.0035015656174358454,9.623397282826437e-05,0.003305802497608373,-0.11659176028706798,0.03872887911205372,-1.6054485251742032,0.0,0.014984548856413305,2.5835372414014963,2.5854501653770345,2.6076296232871714
DS3,18.5,19.0,18.51,0.12594184279441833,1.0592277025715227,0.01586185205222184,0.003583262746524142,0.0008761541777721937,0.004447980088123558,0.3673980207801528,0.44302517667714486,-0.2554420166648537,0.16276657306696055,0.3353151944446267,0.22620795438776892,0.24505708132503734,0.5128388758722359
DS3,19.0,19.5,19.01,0.12649722024798393,0.7941875910340712,0.016004148742079966,0.0043152647531634735,0.0008304007947426621,0.005052039436408624,0.5589547965970891,-0.6580824031934193,0.45853106290058177,0.0,0.7365487677335067,0.46758089404056236,0.5990765861963295,1.0147027673738882
DS3,19.5,20.0,19.51,0.12449677661061287,1.2591670611502246,0.015499487978486461,0.003760499561326837,0.00034260924455171467,0.0038446692868375244,-0.1310237592807549,1.2736720624197901,-0.9685303447441707,0.0,1.6355430543798075,0.9382505177271161,2.378962505667417,3.0613114433602258
DS3,20.0,20.5,20.01,0.126752108335495,1.3147497677966113,0.016066143159333635,0.004496416645782771,0.0003947038105614574,0.004785367810273533,0.6468689528601814,1.5045900892913953,0.14333626840740527,0.9732726155437317,2.7066297791398215,0.42275230115627205,2.333461009977595,3.865999483286888
DS3,20.5,21.0,20.51,0.12527503818273544,1.4819297310970827,0.015693859192666873,0.003347520733338662,0.001439757022938904,0.0044363268204780275,0.1374085952213923,2.1991382606032683,-0.26921569537953705,0.3021804990871112,4.863276520702405,0.1017813437990464,4.845129556048039,5.402996020983975
DS3,21.0,21.5,21.01,0.1247699186205864,0.8779363549360487,0.01556754049352686,0.006485922306701131,0.0009242494774625334,0.007104204447981462,-0.03681359206065882,-0.31014865760930194,2.884104936144652,0.0,0.09784369762493061,8.468659136142522,8.324591475588417,8.962196598739853
DS3,21.5,22.0,21.51,0.12552809715270996,1.20760617680848,0.01575760516676657,0.009249279211795115,0.00022674339552128942,0.009569430419607512,0.22469186548858897,1.0594626725874818,5.797899721017212,0.23805264431920745,1.1789938484266664,33.8453044237433,35.94388903519703,37.92791264705877
DS3,22.0,22.5,22.01,0.12429874390363693,0.9870910399355798,0.015451208868926258,0.0052450971728607455,0.00029418343829005475,0.005895137757658349,-0.1993277687630736,0.14333383730122354,1.4550382877420796,0.0,0.05958103003530038,2.2599227484184152,2.1847314565406313,2.7177478730772213
DS3,22.5,23.0,22.51,0.12511707097291946,1.2741598299792207,0.015655279769489994,0.007050564916506883,0.0003863645976956102,0.00860033600068354,0.08292368733959915,1.3359594320752395,4.652470337905834,0.1107826822437956,1.79466691515283,21.87843301799313,24.575609624119505,27.201037481719254
DS3,23.0,23.5,23.01,0.12324913591146469,1.8700397607201509,0.015190350360531981,0.003828270848004787,0.00043328762578299777,0.00403360249211498,-0.561350968591179,3.8115390891524323,-0.7452191373486106,0.0,14.792457219923614,0.7807887310802647,14.724256307635011,18.62575906199987
DS3,23.5,24.0,23.51,0.12402468547224998,1.5046606708610764,0.015382603224199758,0.00567529783128547,0.00023402358725527374,0.0060379098276953595,-0.2938540214312152,2.293573815759522,1.6237889490962205,0.0,5.331029342395485,2.8803618378073113,8.54427790040443,11.550990246465044
DS3,24.0,24.5,24.01,0.1217699944972992,0.7194860034455226,0.014828050466360192,0.0038403099902367096,0.00015212849271701513,0.004686851794181216,-1.0715257307385588,-0.9684297081540602,0.026894426069165936,0.0,2.111920033728836,1.172971532212039,0.9403921635565998,2.3861125578326785
DS3,24.5,25.0,24.51,0.12202154472470284,1.3257260656285617,0.014889395132523001,0.004377558135792827,0.00014236972371073687,0.0056390306677552016,-0.9847628450504613,1.5501910538833887,1.1523303366180448,0.0,3.335731811840026,2.609882986668479,4.040976130908444,6.178372108514066
DS3,25.0,25.5,25.01,0.12755000591278076,1.1110592966887263,0.016269004786307068,0.003931534063740318,0.0004416806345952217,0.0042830344773316115,0.9220740162917912,0.6583592286746399,-0.45040088292901986,0.607055938146791,1.2988165360524127,1.1705047297459832,0.5928437288592204,1.8212312274133433
DS3,25.5,26.0,25.51,0.1225181519985199,1.7042545432358205,0.015010698194389013,0.003969892033090439,0.00018346677677078007,0.004044812036282859,-0.8134766547146864,3.1227853811059,-0.7319699213687787,0.0,10.35249463647467,1.0692647470148202,9.986928895716442,12.689127628480687
DS3,26.0,26.5,26.01,0.12440071254968643,1.150730714452176,0.015475537022764583,0.0045400433927669254,0.00027039970802531497,0.004729388837534864,-0.16415748061713353,0.8231738997451867,0.07717144591007052,0.0,0.7013389431027692,0.036496508660165586,0.6981090040595295,1.299339191170937
DS3,26.5,27.0,26.51,0.12251055985689163,1.081581907000197,0.015008836643643756,0.00369009638279966,0.00029255879747873295,0.004257511058922207,-0.8160952813127219,0.5358955871052337,-0.48056850419758446,0.0,0.9425596946296759,0.8140813448215192,0.4801699523295023,1.1229953996263546
DS3,27.0,27.5,27.01,0.12193245440721512,1.0276609388929212,0.014867522023150078,0.0047100507539093745,7.292622702290082e-05,0.005317122627573029,-1.0154912332212256,0.3118812431915172,0.7718483931827826,0.0,1.120856649456613,1.8432472318388984,0.7360110591751208,2.0441704982368085
DS3,27.5,28.0,27.51,0.12303148210048676,0.888196493215048,0.015136745756358039,0.003667894826643316,0.00022762502984453243,0.004194650468846241,-0.636422547402179,-0.2675229736553097,-0.5548671127817494,0.0,0.4808715170433438,0.6368861802069263,0.40565051611388014,0.7420010097881187
DS3,28.0,28.5,28.01,0.12754102051258087,1.2323067702983894,0.016266712230053,0.004910626185170208,7.535096679504775e-05,0.004325202173229948,0.918974837020711,1.1620811425287667,-0.40056041645136803,1.067923328560215,2.2216055033129303,1.1101016802212185,1.4459328517146235,4.479766142704998
DS3,28.5,29.0,28.51,0.1245397999882698,1.3946678829498311,0.015510162088044331,0.004630069053480697,0.00012300237109854104,0.005020273259362094,-0.1161844469251557,1.8366094272463762,0.42098476001441437,0.0,3.3818873531388367,0.20554424434337296,3.6968927714437236,5.484213984988017
DS3,29.0,29.5,29.01,0.12590929865837097,0.973019549912183,0.015853151960161287,0.004864034457908448,0.0003683598592345692,0.005427986824937156,0.35617313267395184,0.08487391500887333,0.9028852733011613,0.030229808191013154,0.13482842255781027,0.8771646290376545,0.8399291033486922,1.3499644428566315
DS3,29.5,30.0,29.51,0.12651753425598145,1.6378333981623348,0.016006688549546923,0.004087992544244036,0.0008980308522993839,0.004742105324274199,0.5659613573620975,2.8468391257265027,0.09220180546714389,1.6112009357876984,8.465801706281333,0.320888583169614,8.206794291618554,12.894891006151155
DS3,30.0,30.5,30.01,0.12632325291633606,1.2020734727542555,0.01595756437548188,0.004627645205805147,0.0006264767282666094,0.005248871396751517,0.4989512423764529,1.0364770862324655,0.6911782709636491,0.5171515298704146,1.336186090992174,0.6528853096767449,1.6766975374551625,1.862771705280644
DS3,30.5,31.0,30.51,0.12898457050323486,1.1420539652827264,0.016637020667201026,0.004620273740195988,0.00036974910939207244,0.005384533368614456,1.4168736627021288,0.7871263965061669,0.8515250913644701,1.1152586604272208,2.654989585825855,2.477276014901415,1.46063410432435,5.006275756865417
DS3,31.0,31.5,31.01,0.12636958062648773,0.7813841853025777,0.01596927359693565,0.0045629565004404425,0.00024942150115749175,0.004827506041347179,0.5149302612052893,-0.7112740767756787,0.1931419086851435,0.0,0.7621527136237596,0.2825512787735518,0.5246672192832345,0.8662062994317373
DS3,31.5,32.0,31.51,0.12811359763145447,1.858197761728874,0.016413093661960768,0.006964718447379856,0.0003182563056418266,0.008079722820853896,1.1164639970393793,3.7623415742009194,4.037127166211534,4.200518912159789,15.507589961948629,16.699589419348104,33.081572905692354,89.08618540792483
DS3,32.0,32.5,32.01,0.12526445090770721,1.0624863356774517,0.015691182234327132,0.004066301894228236,0.00027546827632691904,0.004589018169288548,0.13375690886633013,0.45656314869255643,-0.08874085819218169,0.061068475471395,0.22788056280981786,0.029057747460017137,0.21121266907035913,0.5035619823811306
DS3,32.5,33.0,32.51,0.12757373601198196,1.4455545635514147,0.01627546230556022,0.004180919749487307,0.00043738845827699543,0.004420597118492144,0.9302588305358961,2.0480178416174155,-0.2878075503013945,1.905186682259667,5.107490784603683,1.027903155042193,4.2100440706399125,15.040536563119492
DS3,33.0,33.5,33.01,0.12784932553768158,0.6035164737423578,0.01634811277836433,0.003917262409419501,0.00011699571811465211,0.004226157455091275,1.0253131771843087,-1.4502244351840303,-0.5176271626658264,0.0,3.1182435472020966,1.4688708378479018,2.5064915153732916,3.7018237072423865
DS3,33.5,34.0,33.51,0.12454082816839218,1.254205424743209,0.015510517463680262,0.0037151414704257634,0.00014107394249373117,0.004400519198990255,-0.115829814471251,1.2530589732362891,-0.31153881786430554,0.0,1.5802360557283153,0.10326135751063277,1.6152962995180058,2.4782644594109815
DS3,34.0,34.5,34.01,0.12695012241601944,0.9681526470087478,0.0161215795236769,0.00403982437789796,0.0003460448831341179,0.004206191025500966,0.7151665378415236,0.06465439560714961,-0.541226653780385,0.0462386602626014,0.5168614908681746,0.911206575809394,0.29339447354381093,1.2078167786682852
DS3,34.5,35.0,34.51,0.12171925604343414,0.6987347069708597,0.014815619687426384,0.0035025838020046104,0.00013172627367928185,0.003419370291791533,-1.0890260713986386,-1.0546408469430049,-1.4712161058223565,0.0,2.32690598461096,3.0072364985211815,3.546255573648761,5.0400004712311715
DS3,35.0,35.5,35.01,0.12272556871175766,0.9916914112345283,0.0150616217410325,0.004479350882644567,0.00029455067694742415,0.00421430758782842,-0.7419359816403898,0.16244605272441784,-0.531633213968768,0.0,0.5739743536743346,0.7487297284391021,0.29715573434217607,0.7707867417138846
DS3,35.5,36.0,35.51,0.12237513810396194,0.8076558206781145,0.014979455815973954,0.003562056489722673,0.00020758172614569696,0.0040049729973953545,-0.8628039732125178,-0.6021287225883689,-0.7790580119052325,0.0,1.119964208547143,1.2065667054070914,1.0508362260039767,1.7944864346906269
DS3,36.0,36.5,36.01,0.1277191862463951,1.3111321245800536,0.016313668053156545,0.005015687531190929,0.000449281328073508,0.005343864359082028,0.9804264737614581,1.4895606118892315,0.8034560099717577,1.460404658168519,3.216509518006996,1.4374322153101238,3.0743627198195993,8.185525203049348
DS3,36.5,37.0,36.51,0.1251123994588852,1.4869265075806446,0.015653271060141014,0.0032340763289134267,0.00017305216302084304,0.0036685172197068365,0.08131242249468432,2.2198973390274848,-1.1767347773022818,0.1805052303258283,4.939754935454644,1.4353820887581648,5.934352121222627,6.7660884952012905
DS3,37.0,37.5,37.01,0.12242411077022552,1.4744240481429467,0.014987687033761472,0.004208345527523127,0.0003607237805415218,0.004160852303418908,-0.8459126752450135,2.1679559450474715,-0.594815141600976,0.0,5.371217305769555,0.9618415446105488,4.879448395475209,6.512673083051601
DS3,37.5,38.0,37.51,0.12425336986780167,1.4953377892054789,0.015441526908260568,0.0037227228338303155,0.0004399243239043629,0.004444591507500364,-0.21497785314191145,2.254841958918434,-0.2594471783261473,0.0,5.119357913874961,0.10153421469992727,5.0907443103122,7.033339246457052
DS3,38.0,38.5,38.01,0.12184162437915802,1.7940263261279015,0.014846856917677323,0.004867645244977719,0.0006407182049827481,0.006051186967122885,-1.046819669783198,3.4957417235537007,1.6394819768621225,0.0,13.2278580350773,4.260570997990513,15.921500940658465,21.206822279788568
DS3,38.5,39.0,38.51,0.12544246017932892,1.0489373951893817,0.015735820603402693,0.004039925476479584,0.00021904254922308235,0.004760512793389035,0.1951545797988743,0.40027415536212263,0.11395867000079744,0.07811533459404436,0.20026040722167054,0.046375391520137414,0.18161947234737794,0.47257679678489484
DS3,39.0,39.5,39.01,0.12555910646915436,1.060857799968805,0.01576511202416997,0.004294333467299958,0.00018561620426659807,0.004297558527452544,0.23538737471432347,0.4497974066979625,-0.43323405847369933,0.10587663071594425,0.2603739744932893,0.27170296432042434,0.36127324083729107,0.5986887366410212
DS3,39.5,40.0,39.51,0.1266847550868988,0.7363731838230192,0.01604910745650686,0.004335318397567817,0.0002947030413742043,0.005163395176235357,0.6236379573290329,-0.8982720168957865,0.5901489258094104,0.0,1.1821894530630397,0.6578791959141703,1.0775956160698685,1.4940477364313223
DS3,40.0,40.5,40.01,0.11830171942710876,1.3126706494059246,0.014002880732560681,0.0041547251771636325,0.00035237712931265625,0.004512299415645947,-2.267778091770831,1.4959524042023218,-0.17941924096059159,0.0,7.298185756155292,5.151887499197491,2.241536598902752,7.36395326932324
DS3,40.5,41.0,40.51,0.12165598198771477,1.208890314689106,0.0148001911595775,0.004435796331756095,0.00019956850936039193,0.004467137713723972,-1.110850101215926,1.064797615837218,-0.23279849829878366,0.0,2.3389842451503156,1.2438543842722483,1.1558474793385773,2.5160666549379185
DS3,41.0,41.5,41.01,0.12419851496815681,0.9921743455708454,0.015426061880946307,0.0036266372491358086,0.0005502348409291829,0.0040177355269988245,-0.23389800851780532,0.16445240057574428,-0.7639732315936557,0.0,0.08081710604744906,0.6040044390663234,0.5944637354077827,0.6881914418507884
DS3,41.5,42.0,41.51,0.12398616597056389,1.4565020957031218,0.015372597709255784,0.0053782305144970295,0.0005642589709098986,0.006232516088773368,-0.3071398894506884,2.093499299360532,1.8538054730007734,0.0,4.461904071365241,3.7228269125737405,8.491045825374318,11.320460546504588
DS3,42.0,42.5,42.01,0.12449770420789719,0.7294674632339107,0.015499686268047184,0.0037005405658479917,0.0003765718029593281,0.004082558353213858,-0.1307038191321235,-0.9269617923453458,-0.6873553413312545,0.0,0.879461342844367,0.47476325461823354,1.44229958854723,1.4878019226040557
DS3,42.5,43.0,42.51,0.12512576952576637,1.3669802860968463,0.015657831603824203,0.004483417329799961,0.0010376455946684176,0.005316019197455009,0.08592392929564073,1.72158146945398,0.7705441845786372,0.14792504445804905,2.975323386621517,0.5937903864589047,3.7928239084568833,4.8557634135940795
DS3,43.0,43.5,43.01,0.12483479455113411,0.9431204181705198,0.01558678477742623,0.0037938667954532422,0.0005061119813952582,0.004244403250130116,-0.014437055159389419,-0.03934185143235762,-0.49606139018008455,0.0,0.0017704775534631647,0.248176846860472,0.25233100517466467,0.34886253076770535
DS3,43.5,44.0,43.51,0.12437054887413979,1.3679908561754912,0.015481290515269721,0.005680444101586189,0.00018668384511694522,0.005789978553116567,-0.17456131749853337,1.725779876884204,1.3307444723669783,0.0,3.0018187774005796,1.8849866808344982,5.14746532520374,7.193130257054388
DS3,44.0,44.5,44.01,0.11852289736270905,1.4991462957851438,0.014049390090643222,0.005295224311428591,0.0002683337215214029,0.005519560942342789,-2.1914909973750705,2.2706643770366943,1.0111220794994351,0.0,9.837397995805764,6.4545715700358715,6.585562530290392,12.54237018658835
DS3,44.5,45.0,44.51,0.1228833720088005,0.9703785450232617,0.015112129424755445,0.0040653379829379355,0.00022013106889957434,0.00484677772611279,-0.6875076093671901,0.07390187577753791,0.21592024025071044,0.0,0.47694837929112677,0.5633762335010928,0.054971980794042655,0.6063589615135323
DS3,45.0,45.5,45.01,0.1255006194114685,1.434656298172478,0.015754295364236597,0.004426723404897441,0.00014929932146665753,0.004742724335232603,0.21521444164800538,2.002741062391142,0.09293345072933813,0.4310187995080427,4.068530074189021,0.05086383697267739,4.07506655495602,4.26998422042118
DS3,45.5,46.0,45.51,0.11917608603835106,0.6825747933232601,0.014203110011855615,0.004263891779216692,0.0004347466496187535,0.0040214813110013205,-1.9661978820301567,-1.1217771128621783,-0.7595458703629394,0.0,5.179466225554991,4.142474492300915,1.9835211839688451,6.769446321778209
DS3,46.0,46.5,46.01,0.12875637412071228,1.3325800578648235,0.016578331049498858,0.005425763549925861,0.00027576331808811666,0.0056316538769930705,1.3381658163384103,1.5786659241961998,1.143611276094106,2.1125167751776384,4.335598845993609,2.7692025009374595,4.113544069529002,17.880744621619318
DS3,46.5,47.0,46.51,0.125986248254776,1.0966534284904301,0.015878010491630217,0.003476423909853776,0.0002389643726217073,0.003932128138484143,0.3827140311082109,0.5985101342272179,-0.8651576118783192,0.22905822612921495,0.5104074528394494,0.9894057666878094,1.0308024937237468,1.2930865021979405
DS3,47.0,47.5,47.01,0.12264713272452354,0.6445071722990804,0.015042754547529864,0.004277066619445099,0.00032081719981364354,0.004692658223361184,-0.7689895552525762,-1.2799288198404684,0.033757384377269266,0.0,2.254163609808974,0.6076240000836057,1.6428896502961414,2.545858228555783
DS3,47.5,48.0,47.51,0.1260247603058815,1.0197551545107617,0.015882301248727596,0.003793519463752743,0.00010056438043660866,0.003773566637819116,0.3959973293272934,0.2790367086132556,-1.0525707249304175,0.11049779139512739,0.23743483357723144,1.3856474203467324,1.14626867425771,1.4955553668616737
DS3,48.0,48.5,48.01,0.12019798532128334,0.9318056390882034,0.01444976319778214,0.003258979579995586,0.0003265955287598376,0.003409166192696854,-1.6137317698547438,-0.08634903438224519,-1.4832769274543738,0.0,2.6154179431193136,4.288506879023388,2.2421679959160827,4.640620723014602
DS3,48.5,49.0,48.51,0.12051456421613693,1.3737782484672652,0.014524175993321453,0.004649523287109568,0.00041618120529248517,0.0050398540756679865,-1.5045396663573696,1.7498235640196749,0.44412847223079377,0.0,5.26143428014711,2.6611719885128426,3.4044404506831416,6.33491206249614
DS3,49.0,49.5,49.01,0.12114444375038147,1.0601120185039636,0.014676176358976296,0.003785576632711443,0.00020566084060520782,0.0038372313002798236,-1.2872861715344908,0.44669906200175724,-0.977321736158681,0.0,1.8427530056064747,2.342481898158992,1.092110857546658,2.4826826135263538
DS3,49.5,50.0,49.51,0.12635844945907593,1.230968845102166,0.01596670058758222,0.005503948373521082,0.0005114415783425786,0.005647037952793506,0.5110909794217123,1.1565227401936804,1.1617946152091918,0.5910883400090706,1.6135722598004292,1.489250938963484,2.919741948336454,3.082540274652229
DS3,50.0,50.5,50.01,0.1232980340719223,1.1222451248992904,0.015202922381815951,0.0037070303293902165,0.0006427914985992933,0.0037633376917396736,-0.5444853686275808,0.704830685988533,-1.0646609146672075,0.0,0.7839109955006665,1.3090114121093808,1.5204493450041512,1.8208544218745635
DS3,50.5,51.0,50.51,0.12153298035264015,0.9327332708648487,0.014770271387263278,0.004408791719518882,0.0003714580140901266,0.004745577097826434,-1.1532749358645686,-0.08249519363841251,0.09630529771783229,0.0,1.3393968191865537,1.386385139281317,0.014909740692134977,1.4040942788156126
DS3,51.0,51.5,51.01,0.11867093667387962,0.9060408283078072,0.014083429327146863,0.004195279323562723,0.00040208376641318386,0.004915613344034973,-2.14043034851377,-0.19338878877887827,0.2972810837691819,0.0,4.629746530748047,4.8949931201412635,0.11736568264714778,5.231342879768576
DS3,51.5,52.0,51.51,0.12683866918087006,1.1526918611614736,0.016088078072671416,0.007454193522455487,0.00016010759670792235,0.008843657219436717,0.6767248937983322,0.8313214721798625,4.940065919979066,0.5625759349731907,1.1630942458121358,24.410736517388248,25.913426708873736,26.11087808794794
DS3,52.0,52.5,52.01,0.12394988536834717,0.8948220474591467,0.015363596158837794,0.0033795365178767517,0.00037440953344765435,0.003624868244205922,-0.3196535324527821,-0.23999714763335,-1.2283260547930448,0.0,0.16169236177860025,1.5385512940208599,1.623608382262305,1.6550547035741163
DS3,52.5,53.0,52.51,0.12716718018054962,0.8092251053078676,0.016172916241470277,0.006123216714180115,0.00011766145718641494,0.006355136825526048,0.7900325326212745,-0.5956091388515073,1.9987380947480295,0.0,0.9674510493053458,4.300345751837073,4.18669719221807,5.086974972409981
DS3,53.0,53.5,53.01,0.1205587089061737,1.1931392533203622,0.014534434675021284,0.002383094186695962,0.00020449912950518963,0.002226174350989799,-1.4893135990429829,0.99935992429867,-2.881524186969972,0.0,3.1805750952756524,9.624833617414808,8.899816346501117,10.253027253681323
DS3,53.5,54.0,53.51,0.12779054790735245,1.0928351745343843,0.016331958851121806,0.007050763822216685,0.00039901089361978287,0.007577656956581302,1.0050400219027569,0.582647220691284,3.443706151741576,0.5855837754451485,1.3642231148545472,12.211199389969492,12.59788461736106,12.978364691077513
DS3,54.0,54.5,54.01,0.13117361813783646,1.4685257892015064,0.01720660839646336,0.0032356469478779662,0.0002228179838363048,0.0030912600198648127,2.1719041456679697,2.143451663069981,-1.8590288297701707,4.655371553060596,9.427723939213447,9.284177917339257,7.463242461683773,111.28886300496528
DS3,54.5,55.0,54.51,0.12336904183030128,0.7506184516009081,0.015219964688090885,0.0036708294999878064,0.0002542535838696214,0.004212280579272726,-0.5199938860048363,-0.83909013594754,-0.534029053955225,0.0,0.9853694319789956,0.49572212871090027,1.0673672334354374,1.3740919194137322
DS3,55.0,55.5,55.01,0.1294252835214138,1.0845453062156314,0.01677478021389156,0.004770450106250565,0.0003638039261392715,0.004951573208277786,1.5688812105075192,0.5482070116642145,0.3397841508719197,0.8600716800684625,2.783539830582979,2.4842994106154515,0.44848355863917305,3.4815185019743087
DS3,55.5,56.0,55.51,0.1277216374874115,0.6805508342450676,0.01631332495611012,0.002858662413904844,0.0002512037325705143,0.002745461077384697,0.98127193808997,-1.130185638912888,-2.2677488281841125,0.0,2.2132166303043124,6.741613673633682,6.871614593965686,8.467883111438892
DS3,56.0,56.5,56.01,0.12139152362942696,0.8035918246596432,0.014736533009171006,0.006147822983279531,0.00034165981797352297,0.006238455457203369,-1.2020651660807617,-0.6190125700729796,1.8608255599850756,0.0,1.8467571311367543,5.528758445289772,3.685811479516803,5.7684415585106015
DS3,56.5,57.0,56.51,0.12823524326086044,0.9024014380619333,0.016444457458496667,0.0034329074817140677,0.00019983282183614926,0.0032674024477629348,1.1584211280169303,-0.20850861408604685,-1.650835790384898,0.0,1.3796716905885325,4.5963213459062615,2.8415461149233945,5.006276838220705
DS3,57.0,57.5,57.01,0.11645495146512985,1.4486071620477075,0.0135650301085537,0.00404507902905938,0.00034662065860261056,0.004556595889362006,-2.904751944791875,2.060699844062523,-0.12706264745246715,0.0,12.538441074778124,8.488432652626246,4.247860372209197,12.712280958199132
DS3,57.5,58.0,57.51,0.1264059916138649,0.9177156127065044,0.01597930178358512,0.004414984654225877,0.0005172241466320539,0.00510566730654947,0.5274888757142188,-0.144885965865813,0.5219169797044486,0.0,0.29739797879145613,0.49129528734667,0.2831441040632289,0.9214969688083917
DS3,58.0,58.5,58.01,0.12679222226142883,1.2218251747535844,0.01607779002720397,0.005090782063723812,0.00042876405439220026,0.005264561216631295,0.660704758163246,1.1185354156703946,0.709722986891306,0.7390216713075339,1.7061257998901178,0.8391895291250786,1.89321845907624,2.536056541158902
DS3,58.5,59.0,58.51,0.12813687324523926,0.6645037324426423,0.016425346774901053,0.005073018032057496,0.0008877159642168789,0.005047743707205692,1.1244920534596565,-1.1968532286867788,0.45345368926717317,0.0,2.66417380890291,1.3668522375885066,1.5615655906085315,2.8583199768373415
DS3,59.0,59.5,59.01,0.12353622540831566,0.7026514001164756,0.015268662877577948,0.002761819210960772,0.0006323673787076203,0.003194799093896546,-0.4623301350398539,-1.03836896837471,-1.736649941418121,0.0,1.303989421632876,3.0806711722219955,4.4092142716707095,4.799275500228991
DS3,59.5,60.0,59.51,0.12589031457901,0.9261541904226599,0.015858365101139842,0.004517141904979887,0.0006004274774689783,0.0047535016289178755,0.349625281278668,-0.10982794452449347,0.10567176457830073,0.0,0.1333738698846721,0.12632147723101117,0.02151726450690774,0.4103860485543418
DS3,60.0,60.5,60.01,0.12528838589787483,0.896551855480969,0.01569851861544041,0.003861369775748546,0.0005478556381421593,0.004648519838952028,0.14201239262117685,-0.2328106704110888,-0.018412354131233332,0.0,0.07356463044773676,0.021451347567009393,0.05557450254341508,0.2023651691241074
DS3,60.5,61.0,60.51,0.12470551952719688,1.4401795211079922,0.015557454546296076,0.0031009181732680096,0.00123200780646626,0.0033137153012656635,-0.059025661736928935,2.025687259494407,-1.5960959196541804,0.0,4.10456929291305,2.5656871426388914,6.175295305287694,7.463078919947359
DS3,61.0,61.5,61.01,0.12808992713689804,0.7625349081858857,0.0164076115714828,0.004340179425415933,0.0008491235682993862,0.004971308249116478,1.1082997411983992,-0.7895832873622339,0.3631101500853296,0.0,1.830479863043156,1.281649300984553,0.7141689877650257,2.1681838526996735
DS3,61.5,62.0,61.51,0.12583114579319954,1.0912429992936992,0.015841684985666998,0.003722918205201,0.0005062000492293839,0.003945350101752546,0.3292172114766087,0.5760325380463408,-0.8495298000425391,0.18963982589540984,0.44493902380092454,0.9109524370998027,0.9818238492980828,1.216966681638279
DS3,62.0,62.5,62.01,0.12531085312366486,1.3018225398825911,0.015703143512864504,0.004404924796805772,0.000779289538202701,0.004770421071654629,0.14976162569907267,1.4508839971822745,0.12566984369020617,0.2172867461187862,2.133172271639347,0.03417294915134676,2.1635985918951146,2.5996465440028973
DS3,62.5,63.0,62.51,0.12537383660674095,1.2246926489298822,0.01571931428996582,0.004390167588948486,0.0002212195612340485,0.004844641106866526,0.17148543330112617,1.130448320220159,0.21339484497714273,0.19385542001748418,1.3122978461655035,0.06708210921218775,1.3705438891455484,1.720199310523974
DS3,63.0,63.5,63.01,0.12463401257991791,0.554734436020427,0.015533718078231958,0.004823333662362882,0.0004402032724610909,0.005097872633785177,-0.08368932098584458,-1.6528891231271596,0.5127039999971947,0.0,2.742872257169964,0.2843865210609165,2.8782229394643286,3.0260058739125384
DS3,63.5,64.0,63.51,0.1261059008538723,1.2853145375642177,0.01590738667862289,0.004471876599292166,0.00036990181256444103,0.0047317991363111395,0.4239837404812727,1.382301598933799,0.0800203190296673,0.5860734023891961,2.1052844162690523,0.18060399738985283,1.9471114485686318,2.17660497457874
DS3,64.0,64.5,64.01,0.12906987220048904,0.904482473004939,0.016659150839069485,0.0050689219703589205,0.0004312252335136722,0.00502766734651337,1.446295307374266,-0.19986296669167009,0.42972426415247506,0.0,2.124913622158382,2.1577606442843096,0.2122791465353969,3.1829957197118457
DS3,64.5,65.0,64.51,0.12593185156583786,0.7055975038639088,0.015859015486155956,0.0047949683975666395,0.00019893344513604086,0.005089627556186627,0.36395191845633973,-1.026129397735511,0.5029586604688768,0.0,1.1763765881259847,0.3462542737598851,1.2315429772081272,1.3437447587059106
DS3,65.0,65.5,65.01,0.12365096434950829,1.2141836878322925,0.015289561600218042,0.004404603214617124,0.000178843354701649,0.00433632157609941,-0.42275520902440183,1.0867889033341764,-0.3874177437451556,0.0,1.3487130873799,0.29352663169590965,1.2722293079500993,1.9052012266071856
DS3,65.5,66.0,65.51,0.12642403319478035,1.1232149829420117,0.015987996075532893,0.004723274166146248,0.0005530749537275618,0.005165447156472635,0.53371164736009,0.7088599555056792,0.5925742812871065,0.37832681460053613,0.7967760690758046,0.5678673776733453,0.9263757776771686,1.156049492514895
DS3,66.0,66.5,66.01,0.12448398768901825,1.275960379812946,0.01549805035817305,0.004102496001668749,0.00030545576958576626,0.004538257450655406,-0.13543482165124343,1.3434398057377348,-0.1487379209085357,0.0,1.8189649065200733,0.036125716918528325,1.8065880912086623,2.794734813248888
DS3,66.5,67.0,66.51,0.12642861157655716,0.6821455135704659,0.015984236447470344,0.005517584809067936,0.00019426807496332373,0.005802535849108828,0.5352907897001222,-1.1235605530627755,1.3455866750678598,0.0,1.5343342499580435,1.9515943107987759,2.850347399147454,3.08029659030424
DS3,67.0,67.5,67.01,0.12684477865695953,1.605369798402477,0.016090336792381206,0.004693693001436978,0.0006075791817782121,0.005259188665609081,0.6788321301186355,2.711969292031868,0.7033728545585433,1.8409718913263209,7.86215836698776,0.8526276736252989,8.205215207723956,15.348838372594749
DS3,67.5,68.0,67.51,0.12908688187599182,0.8754586379305456,0.016663894617014417,0.0038701155139063206,0.0007242086726152407,0.0038891143563188446,1.4521621616660372,-0.3204423182922367,-0.915998117208636,0.0,2.2003234191946475,3.3176279942077533,0.9947733345014019,4.004140009859738
DS3,68.0,68.5,68.01,0.126222163438797,1.2629780445594325,0.015933240251018117,0.004530650959814369,0.00017881266839156267,0.004894401745495984,0.4640841906766053,1.289504770511776,0.2722098546351847,0.5984387777965792,1.89323374573886,0.26278524966229555,1.8042415551473483,2.062690045281069
DS3,68.5,69.0,68.51,0.12197663635015488,0.8265993931091521,0.014886382114201248,0.003980169097092872,0.00024056061986433815,0.004426935145225957,-1.0002523169048858,-0.5234277626746273,-0.28031626574739243,0.0,1.2875808807939748,1.0263155615962614,0.37831208694822527,1.4297305318809936
DS3,69.0,69.5,69.01,0.12178194522857666,1.7080845910019176,0.014840578075834622,0.004536070165845459,0.0002853958499659551,0.005756961217611056,-1.0674037709120143,3.1386972919561185,1.2917193521087778,0.0,10.909855519317535,3.1875358882915705,12.243052835641294,16.612642008933765
DS3,69.5,70.0,69.51,0.1232374981045723,1.4537113149757932,0.015203905260322436,0.0039016270028856396,0.0008946768669692433,0.00430380211749647,-0.5653649968013177,2.0819050172920837,-0.4258543941677644,0.0,4.625658489965332,0.44937697143470157,4.402422341425042,5.9223351906552635
DS3,70.0,70.5,70.01,0.12551937252283096,0.8802069593535302,0.015755170239303753,0.006047007445205348,0.0004060699964705866,0.006087220440565979,0.22168262923118023,-0.30071544495151453,1.6820720469846093,0.0,0.13795088395484645,2.829712946435955,2.8573695533336765,3.2464944718204762
DS3,70.5,71.0,70.51,0.12370165064930916,0.8026669838092515,0.01530484100142182,0.003735198750667387,0.0006844045228332923,0.004298537476433943,-0.4052728569670564,-0.6228548159301556,-0.4320769814067335,0.0,0.5585004986680319,0.3131993434564031,0.621424760454559,0.7675833897903441
DS3,71.0,71.5,71.01,0.12400896474719048,1.0434158925194845,0.015380848942135946,0.006041669891815926,0.0003702776997100963,0.007738373717478425,-0.29927630025541024,0.3773351050922158,3.633666692938845,0.0,0.22919960322940897,13.756604286633738,13.650724586102378,15.283127998267506
DS3,71.5,72.0,71.51,0.12753671407699585,0.5183732775819134,0.016270213369465363,0.004969034302717314,0.00042269309226062365,0.005502468666049021,0.9174894923949363,-1.8039513413599813,0.9909197182962013,0.0,4.055850433241032,1.62780329546451,3.9767572758028265,4.6208596341389825
DS3,72.0,72.5,72.01,0.12659046053886414,1.2084395042071059,0.01602517179940715,0.0035927138754707584,0.00023014431379744983,0.003862069278289232,0.5911145635854251,1.0629247263491484,-0.9479642769952693,0.6283102857400342,1.4949382051179434,1.403928605252864,1.8799322173898771,2.7300772085089653
DS3,72.5,73.0,72.51,0.1236657202243805,0.9610056083819426,0.015294573256041173,0.005090676566930884,0.00015066630587378586,0.004803879648919757,-0.4176657193507913,0.03496206579355116,0.16521649339553976,0.0,0.17533372364616617,0.22164816484731703,0.029626257772046055,0.29971977445591047
DS3,73.0,73.5,73.01,0.11954466998577118,1.1590540306800452,0.014290929208521498,0.005169493788119994,0.000299817169366323,0.0054315330719640125,-1.8390685718062982,0.8577530679133661,0.9070767901079994,0.0,4.07965373713905,4.676253220232661,1.6931349352902734,5.571658648029519
DS3,73.5,74.0,73.51,0.12094289809465408,0.8148511761931984,0.014627184861164247,0.006071627970083854,0.0002140134842821642,0.005583895153611921,-1.356801841900984,-0.5722356605474455,1.0871624471746313,0.0,2.1878330985286403,3.42926908796238,1.4193211619700654,3.7481750164523993
DS3,74.0,74.5,74.01,0.12019683420658112,0.7581189077371624,0.014447278512619732,0.005643794762191561,0.00017279140762648069,0.005829608213309378,-1.6141288040150936,-0.8079295351757989,1.377585085976091,0.0,3.290803506532749,5.1150433911554245,2.3884227007676886,5.822486643661635
DS3,74.5,75.0,74.51,0.12792494893074036,1.3612075320031596,0.016364794802797573,0.006453641569769933,0.00015246429363406918,0.0067046889778524365,1.0513966511490385,1.6975985966261096,2.4118942314318397,1.784849479487999,4.031878864597605,6.403431596447549,9.410604400830437,16.3891694325955
DS3,75.0,75.5,75.01,0.11892334371805191,0.7468285442706748,0.014142762397868344,0.004627180946765995,0.00023003231450889085,0.004729562810070463,-2.0533719357807523,-0.8548352835937568,0.07737707422681461,0.0,4.991099865277307,4.3238122331953335,0.7308308912137789,5.821949063789756
DS3,75.5,76.0,75.51,0.12207327038049698,0.9418279888319692,0.014901881809665637,0.005328895313025532,0.00024347835525971101,0.005161410358433365,-0.9669220058386253,-0.04471124149512988,0.5878029535427984,0.0,0.9381452641943766,1.4387687068161097,0.34551667461270247,1.4433986270560224
DS3,76.0,76.5,76.01,0.12073764950037003,1.071734694285309,0.01457758011993033,0.004755044277459593,0.00032542304822400766,0.004784571356464377,-1.427594703061612,0.494985399971431,0.1423948930599843,0.0,2.2659649911363315,2.1386285804952485,0.27827231587756307,2.3968338861364753
DS3,76.5,77.0,76.51,0.12389283627271652,1.1577872784107532,0.01534943494992231,0.004711905001487641,0.000387453627490227,0.004864999973626874,-0.33933049404371174,0.8524903530833563,0.23745818053947548,0.0,0.8348820759754183,0.19382839167169547,0.8205561938628437,1.4755552980606363
DS3,77.0,77.5,77.01,0.12428296357393265,0.9428899465438206,0.015446255829618375,0.004452802213905493,0.00024137798894122853,0.0042796916429497685,-0.20477060599039354,-0.04029934444589241,-0.4543519744316306,0.0,0.04376507215435421,0.22923324562167013,0.21232052188789186,0.28901250706844817
DS3,77.5,78.0,77.51,0.12134251743555069,0.760751835355101,0.01472400786966293,0.0049498972331062105,0.00018162389245402554,0.00515580649143584,-1.2189680281500237,-0.7969910529191118,0.58117941532746,0.0,2.1453480276143315,2.024361369936876,0.9049519421068817,2.7643534905343916
DS3,78.0,78.5,78.01,0.12028704583644867,1.1286580900547891,0.014468973439208967,0.004630669565677141,0.00015838876863452186,0.004895914751117296,-1.583013660885542,0.7314733118959993,0.2739981644857234,0.0,3.0129037966068486,2.725580237341427,0.6461330560788179,3.308194718411089
DS3,78.5,79.0,78.51,0.12381702661514282,1.1101892975650232,0.015330655787079274,0.005520379531167265,9.691454000811948e-05,0.005491367230441708,-0.3654782130182068,0.6547448224474719,0.9777982821481592,0.0,0.5564517798249418,1.1934229377795467,1.4961924519400247,2.2634126234859897
DS3,79.0,79.5,79.01,0.12298426777124405,1.0006376184508061,0.01512513064355482,0.005035448705365811,0.00027530891138254066,0.004903182793702884,-0.6527073724774984,0.19961301782941207,0.28258868917833296,0.0,0.4627313517328957,0.5585997097495522,0.12950345096674176,0.682482893754674
DS3,79.5,80.0,79.51,0.12835447490215302,1.2339752467222895,0.016474871358857907,0.004908509762858209,0.0001508592886174722,0.005360898064528681,1.1995456436679224,1.1690128179892645,0.823589142864551,1.4022842332109842,2.8404937708568143,1.906335472749237,2.212198816869005,7.395010928419389
DS3,80.0,80.5,80.01,0.12511955201625824,1.2588452642840027,0.015654902385478446,0.004578918533202877,0.00018740961061070678,0.005256688993728972,0.08377943086967354,1.2723351592373997,0.7004183461394436,0.10659551551638481,1.6287303239038349,0.4905865657586606,2.2656674023337096,3.085641292112957
DS3,80.5,81.0,80.51,0.12461663037538528,1.585575893289174,0.015529303138798016,0.004734667031563958,0.000680777278962973,0.005567492124702837,-0.08968466529714651,2.6297356300058956,1.0677747477744508,0.0,6.918790688195164,1.1886707345895346,8.556948765653257,11.945809788189866
DS3,81.0,81.5,81.01,0.12026211619377136,1.2615019976411164,0.01446297601583366,0.004403550339187555,0.0003526025784359517,0.004681992073592104,-1.5916122129925359,1.2833725422970559,0.021150438024470527,0.0,4.130557673134929,2.5794541834775244,1.662348928139244,4.361016173444777
DS3,81.5,82.0,81.51,0.12422578781843185,1.0340335971638923,0.015432045907404855,0.006813843464004469,0.00027965122610058645,0.007140597903121677,-0.22449125418796362,0.3383564143849899,2.9271204896929155,0.0,0.1630340297571863,8.907185125099364,8.896587280139126,10.120889776210493
DS3,82.0,82.5,82.01,0.12325996905565262,1.0990311052783883,0.01519301903030791,0.00466980789762883,0.0004651481494510799,0.005458132454989704,-0.5576144788232266,0.6083881784165145,0.938516156897554,0.0,0.672810961750371,1.3377103499359941,1.3504152978065123,2.1869514643563583
DS3,82.5,83.0,82.51,0.121143639087677,0.9846658816071829,0.014675782203116938,0.005421073370404388,0.0001445735234035492,0.005864920016100572,-1.287563709976677,0.13325853133227528,1.41932217133933,0.0,1.6716031468960273,4.174754981067604,2.075499623287905,4.25602416295546
DS3,83.0,83.5,83.01,0.12752856314182281,0.5678511140110928,0.01626353449329719,0.005720432985727189,0.0002638716624112372,0.005876936484730745,0.9146781307676048,-1.5983959617922099,1.4335251385440315,0.0,3.355981467813808,2.612961541012822,4.272123350646992,4.884228813838599
DS3,83.5,84.0,83.51,0.12014568597078323,0.4975705404713382,0.014434986948011326,0.004944175019694899,0.0001499791070294421,0.005008098602600757,-1.6317704836966571,-1.8903761899673677,0.4065948210039159,0.0,6.3131824951032005,3.0325512721061125,3.6395314072242444,7.843580468758185
DS3,84.0,84.5,84.01,0.12265020608901978,1.1254502625131446,0.0150430740299455,0.004095182065270714,0.0006588852149310919,0.004443170322713901,-0.767929512591448,0.718146411297698,-0.26112695976070843,0.0,1.092023536400847,0.6184797235349841,0.5575981719171792,1.2594758671261042
DS3,84.5,85.0,84.51,0.12040133774280548,1.6529824142819052,0.014496481729621516,0.0037715378309950373,0.0008276796878210198,0.004143163057298388,-1.543592922893527,2.9097756238289167,-0.6157230963635567,0.0,10.740403485638668,2.5696631982761238,8.61525558522475,11.945782619684076
DS3,85.0,85.5,85.01,0.1223374605178833,1.2399305127911988,0.01496645384457117,0.006162238482909051,0.0011754977830654772,0.0067513197960693775,-0.8757994537878516,1.1937539357415312,2.4670099232583547,0.0,2.166634318644421,7.484411739989888,8.03096782933806,10.439464032679755
DS3,85.5,86.0,85.51,0.12162525951862335,1.222531613553338,0.014792704597545657,0.0038288003422524437,0.0015746180183947606,0.0042965218467633385,-1.1214466731266217,1.1214703114965812,-0.43445937202326956,0.0,2.484718242099828,1.3483574904108968,1.3776063770424365,2.700487271307752
DS3,86.0,86.5,86.01,0.12466459721326828,1.1450462173689775,0.015541261461707498,0.004766438988345698,0.0014090814806160424,0.005710170674402141,-0.07314029038237506,0.7995576901467486,1.2364148719707724,0.0,0.643298359559455,1.578963486458115,2.340241987948367,3.3225120483958106
DS3,86.5,87.0,86.51,0.12102662771940231,1.3498132471865838,0.0146474422594483,0.003557512289118781,0.0006467344121361977,0.004531895388405581,-1.3279224251112665,1.650261107572258,-0.156257614444924,0.0,4.433401718842929,1.7633955422741692,2.723984932194187,4.8434934127479465
DS3,87.0,87.5,87.01,0.1266549676656723,0.9804557053752344,0.016041481689104527,0.007622508795647653,0.0005645999702952317,0.00809281347427046,0.6133638953673591,0.11576737901311267,4.0525997752521565,0.07100753054795225,0.3914268993119881,16.439115937677155,16.616970615390947,18.038416930875808
DS3,87.5,88.0,87.51,0.12254022806882858,1.048608494205963,0.015016106971910878,0.00333771624120068,0.00018035918570714934,0.0039040485005766173,-0.8058623361572979,0.39890773816674663,-0.8983465785035938,0.0,0.8007400466263646,1.3005083027909325,0.9148962882930416,1.4215216733686196
DS3,88.0,88.5,88.01,0.12253156304359436,1.0364869624267725,0.015013983521398759,0.006368211118319686,0.00015130019445108096,0.006725788373585225,-0.8088510140115817,0.34854890589685233,2.4368328415056295,0.0,0.7688945697631322,7.173300840088621,6.234379363436921,7.85008994263916
DS3,88.5,89.0,88.51,0.12388062477111816,1.3724199184717951,0.015346409786202584,0.003388300681328233,0.0002505191892940888,0.0036202345325497664,-0.34354239688392774,1.7441803900664892,-1.2338029096589713,0.0,3.145896057913089,1.5606574045150792,4.248735072531488,5.138535905304232
DS3,89.0,89.5,89.01,0.12575727701187134,0.6428831224998747,0.015814894405082214,0.005061578232926025,0.00019386506931447854,0.005520580530891866,0.3037389255038685,-1.2866759251507527,1.0123271908487437,0.0,1.7384240096171906,1.0582161861295087,2.48873051528612,2.5258841877322613
DS3,89.5,90.0,89.51,0.12358353286981583,0.905145879738234,0.015272891340411753,0.004564895330127685,0.00010783305083671983,0.004919482304065305,-0.44601318745965174,-0.19710684733173278,0.30185403395265964,0.0,0.23998206443577577,0.32734899727798517,0.1212625887994526,0.3872633884253343
DS3,90.0,90.5,90.01,0.1270611584186554,1.0450816580675277,0.016144538117004004,0.0042764261631878225,0.00016195517268274975,0.004593114358217587,0.7534642730628406,0.38425551823495796,-0.08389933288104962,0.2895228047172877,0.7226062343674604,0.5987590633541371,0.1505123666919284,0.7701446960882516
DS3,90.5,91.0,90.51,0.12520036101341248,0.9067579303759592,0.01567512898433026,0.005363972993328884,0.00040206135451656026,0.005746157420427459,0.11165148590627048,-0.1904095924670345,1.2789497122247637,0.0,0.04820521092936886,1.637575834027824,1.6436116784557084,1.9669456067745648
DS3,91.0,91.5,91.01,0.12635350227355957,0.8300952997263402,0.015965207142833608,0.005042902052819422,0.0003986192172120873,0.005562447529683529,0.5093846319623447,-0.5089040392564022,1.061812245826056,0.0,0.5121446879397089,1.2748431711460688,1.3086889659229022,1.75432424895905
DS3,91.5,92.0,91.51,0.12437495589256287,0.9927534997345074,0.01546913029290151,0.005470394116788916,0.00020924401380378432,0.005767232901286893,-0.17304128056748536,0.16685849313216014,1.3038600559107802,0.0,0.05708207594249039,1.81093509436011,1.7737724300867923,2.2736100302557896
DS3,92.0,92.5,92.01,0.12526699900627136,0.9567653096094427,0.015691820547558737,0.007979515022212245,0.00016221384750832247,0.008260325744802715,0.13463578059992004,0.017345769557365404,4.250592326806,0.0023353612244622207,0.018488035759365713,18.213192789339786,18.194881307387302,19.64106669032869
DS3,92.5,93.0,92.51,0.1253199577331543,0.9835543921413612,0.015705092394100895,0.004128717194486133,0.0004639011878665861,0.004811380215227677,0.15290192177640272,0.12864085490336366,0.17408185147757949,0.019669433933683683,0.040418392017366515,0.04795226329326459,0.05073996754570815,0.3348294924600058
DS3,93.0,93.5,93.01,0.12661851942539215,1.3258505394816305,0.016032249779728797,0.005422130847548716,0.00019425532399630727,0.0059360482295045675,0.6007924318564766,1.550708179771673,1.5033927675683487,0.9316537384247537,2.789033151181028,2.438500033107653,5.068184463393429,5.7924921073340165
DS3,93.5,94.0,93.51,0.13185888528823853,1.2443075736833826,0.01738676652870473,0.0036224866262982913,0.00021849472396862147,0.0037786464446585653,2.4082615365946713,1.2119384093971635,-1.046566604072002,2.918664656072915,7.341568716111519,7.61511297465918,2.377218116650454,40.83961560449273
DS3,94.0,94.5,94.01,0.1256784349679947,1.6895953713647374,0.015795069383815905,0.004705816488517553,0.0008233530575981978,0.005314265903396942,0.2765452977703936,3.0618839380441614,0.7684718637684785,0.846749605384808,9.4739188844526,0.6247982740930993,10.406256726837906,10.444776713505352
DS3,94.5,95.0,94.51,0.12246211618185043,1.2125227994216203,0.01499696883900883,0.0030070025918873524,0.00022901410735568355,0.003186081551988973,-0.8328041234524927,1.0798887522298715,-1.746953714151149,0.0,1.8378358642806754,3.4441627991712163,3.9426322627611774,4.4267328456499735
DS3,95.0,95.5,95.01,0.1295223832130432,0.8641117882667227,0.016776049228023362,0.003917024135095499,0.0005228687117707646,0.004545210717851978,1.6023721340981931,-0.3675827382838031,-0.14051944766170582,0.0,2.688604813214931,2.6808681055315824,0.16412672881451026,3.6215193292207735
DS3,95.5,96.0,95.51,0.13012251257896423,0.4425404628090282,0.01693186863096674,0.004904390963755576,0.00044637916927042147,0.00513237545177022,1.8093644159613511,-2.1189983229846683,0.5534848988946349,0.0,7.670621926592401,3.38762205050332,4.639167283542552,7.755494260104208
DS3,96.0,96.5,96.01,0.12408225983381271,0.8257338875259175,0.015396408211981417,0.004475795605930056,0.0005630126339547355,0.004865815639374724,-0.2739958889127473,-0.5270235005144269,0.2384222636010855,0.0,0.3564406875865497,0.1498899482441984,0.31659938894245176,0.4158581267348732
DS3,96.5,97.0,96.51,0.12874725461006165,1.3024284797606354,0.016575854351074386,0.004467818639111013,0.0002521722405703158,0.004313446440480737,1.3350203806602992,1.4534013708310782,-0.41445520466602087,1.9403204513391066,3.9430762736669793,2.1186558358727066,2.2021987436237773,15.522910917273503
DS3,97.0,97.5,97.01,0.12375963479280472,0.9540552355800205,0.015316446733753332,0.004547933878804767,0.00023526305922719383,0.004223935017398922,-0.3852733854271047,0.006086782989268011,-0.5202539917809722,0.0,0.14843737435909354,0.37616118795495357,0.2719203263245545,0.4054146084604008
DS3,97.5,98.0,97.51,0.12681590020656586,0.8903517630835619,0.016082272439818485,0.005608836994316397,0.00012787942582130927,0.006160830789127953,0.6688715838046165,-0.2585689177008323,1.7690764239549928,0.0,0.5100619084141726,3.3398689719889023,3.143581973201386,4.074617968211967
DS3,98.0,98.5,98.01,0.12580366432666779,0.8503401029466751,0.015826561159806986,0.00320633476025098,0.0003493513692264431,0.0031749369904006722,0.3197385027358298,-0.4247971237046828,-1.7601261234188734,0.0,0.27938012059210077,3.385659371658954,3.4192091507902447,3.7090550751519853
DS3,98.5,99.0,98.51,0.12930752336978912,1.501490640414341,0.016720437091382538,0.005623636047584275,0.0004240956734542212,0.0056400104937193996,1.5282642304336733,2.2804039429690506,1.1534884502422817,3.48505977697951,7.6228865745109005,3.288196567196625,6.993900787191007,52.745046119639106
DS3,99.0,99.5,99.01,0.1284010261297226,1.1833768664942923,0.016486821257949202,0.00401119700047218,0.00014402067656542176,0.003920403835863713,1.2156017565084771,0.9588021458195618,-0.879015250985189,1.1655215726023564,2.4260838834544947,2.545674186032304,1.5677183358291797,6.3785840511300425
DS3,99.5,100.0,99.51,0.12430229038000107,1.4118429045117142,0.015451058667212672,0.004931169514097026,0.00018649736810058814,0.005913224668994358,-0.19810454377714143,1.907962953007165,1.4764162662851799,0.0,3.6708096388678904,2.323628083000635,6.308605663362888,8.67762338371245
DS3,100.0,100.5,100.01,0.12468574941158295,1.1334564045388777,0.01554653582893274,0.003407545210213504,0.0005611219476861957,0.0037342385528643177,-0.06584462707342256,0.7514078811141612,-1.099054889124392,0.0,0.5678161250510086,1.2124671366474418,1.651516261001003,1.989869474301893
DS3,100.5,101.0,100.51,0.12718407809734344,1.0439936917183525,0.01617578849451669,0.0046213292937595084,0.0004639722556144885,0.005172808794584521,0.7958608399071866,0.379735568455388,0.6012754320073312,0.302216668453538,0.7851614605080176,0.8923313087938058,0.5455412319772832,1.1422601728636834
DS3,101.0,101.5,101.01,0.1269569844007492,1.2544289950073162,0.016118076864876565,0.0030039605483593358,0.0002769809915050915,0.0027322774868241964,0.7175333240012789,1.2539877945796474,-2.2833312850717236,0.8997780305017673,2.109836429590491,6.215001297735563,6.370585840905278,9.1900219037108
DS3,101.5,102.0,101.51,0.1268957257270813,1.1372573791401712,0.016102525478368237,0.005489676632686867,9.77765240558867e-05,0.0059428301204549104,0.6964044251896525,0.7671990076727099,1.5114086812047158,0.5342807839443853,1.0869067623123136,2.552276145580749,3.077068038396539,3.350426496952709
DS3,102.0,102.5,102.01,0.12579430639743805,0.9648698806212005,0.015824209852809586,0.0031545554063971007,0.00031921717158887126,0.0038892022355203107,0.31651083344521896,0.05101616201562061,-0.9158942476397292,0.016147167958740404,0.1031954025846887,1.024026122210419,0.8393447467566952,1.1729833437926898
DS3,102.5,103.0,102.51,0.1258007287979126,0.6957688259767089,0.015825825363164608,0.004278102354057668,0.0004557539320747563,0.004326270732123381,0.318726001381928,-1.0669625820370232,-0.3992974241874333,0.0,1.2318009091203168,0.29609464158718934,1.3743884549211527,1.5102787033987586
DS3,103.0,103.5,103.01,0.12145233154296875,1.1955657922539842,0.014750670199329678,0.002833183979623133,0.00018915464094571517,0.002643348540928642,-1.1810917401927674,1.0094409659838817,-2.388441608326904,0.0,2.3849261035453457,6.513108934619734,6.380193233043727,7.185178155506214
DS3,103.5,104.0,103.51,0.12364152818918228,0.818726901624581,0.015287226557772569,0.0050193173266673335,0.00016355401496323145,0.005028781410370535,-0.42600986121911416,-0.556133982106258,0.4310410413949612,0.0,0.496684097609046,0.41774346556669917,0.45982914106329176,0.6937489775749652
DS3,104.0,104.5,104.01,0.12526893615722656,0.6766395531567545,0.015692304549028552,0.004378356627696408,0.00029378476011287743,0.00510038803578466,0.13530392870147961,-1.1464350331210447,0.5156771007645524,0.0,1.3289991388059537,0.27133192954969315,1.495588166826537,1.5006886637467922
DS3,104.5,105.0,104.51,0.12133634835481644,0.8991471467183803,0.014722510199609375,0.004167830490090043,0.00020544071358221682,0.004538323547007526,-1.2210958228734519,-0.2220285482752802,-0.14865979776350863,0.0,1.5472888302941574,1.4910763389123176,0.07714041753368066,1.6070026680555671
DS3,105.0,105.5,105.01,0.12816160917282104,0.9687558420074162,0.016425398407316532,0.004509189141157621,0.0001606505960480812,0.0042290956749443265,1.1330237907564944,0.06716036567077856,-0.5141543087436425,0.07609429210089785,1.2903248523900976,1.7138587084227712,0.26504705330755535,2.139072642784408
DS3,105.5,106.0,105.51,0.12726378440856934,0.9958516301571589,0.01619607100666877,0.004386635288797131,0.0003201717065947497,0.004075564209984294,0.8233525644859727,0.179729657696725,-0.6956221283526138,0.14798087457878456,0.7139678618948389,1.319435181732332,0.49945247193136044,1.4654140068363553
DS3,106.0,106.5,106.01,0.1240282878279686,0.8830273233964611,0.015383016522477533,0.004148764097431855,0.0003955452018963701,0.004275256227508607,-0.29261152294235343,-0.28899825917291316,-0.45959445140126687,0.0,0.17125173332336613,0.26827136781125016,0.3179089076149899,0.38054080381639405
DS3,106.5,107.0,106.51,0.12439514696598053,1.6748605364944487,0.015474152443453527,0.004956051027700722,0.0005582493001163515,0.004901858470132518,-0.16607712150892204,3.0006681534985704,0.2810233936811947,0.0,9.020678398758353,0.11957713800148456,9.276027278082713,12.748962342697542
DS3,107.0,107.5,107.01,0.1249084621667862,0.6742448319932353,0.01560212366729679,0.0037023295225477194,0.00039737355644943223,0.0037176930077586906,0.010971846202804225,-1.1563838880680624,-1.118611036754076,0.0,1.3372344466124018,1.2729535889657269,2.812287409194066,2.939811106723382
DS3,107.5,108.0,107.51,0.12133472412824631,1.3131716012316716,0.01472211625432054,0.007992448469608629,0.0004909812793683877,0.0092875148292978,-1.2216560393586058,1.498033605607197,5.46468719353565,0.0,3.692003362706486,33.45648464688591,33.62336638182685,39.396101382723735
DS3,108.0,108.5,108.01,0.12800146639347076,1.2319935569362204,0.01638437663787605,0.004409528727024424,0.00035765060787477904,0.004676230119322472,1.077788501160642,1.1607798994633285,0.014340047214554653,1.2510752280199815,2.540258680962789,1.1752508565916315,1.3588774536906083,5.71208453669446
DS3,108.5,109.0,108.51,0.12599247694015503,1.134351281397184,0.015874103492727838,0.004261703924075069,0.0004696087317879582,0.005050594972511127,0.384862384234764,0.7551256417429809,0.4568237665229241,0.29061945487800983,0.7256067943951846,0.3189837764972465,0.8391430724563458,1.0229894182201784
DS3,109.0,109.5,109.01,0.12537389993667603,1.451733118059912,0.015718613200786616,0.005335476554667082,0.0003863860438814084,0.006033543615891378,0.1715072766044464,2.0736866098747386,1.6186282679535917,0.3556523429907235,4.3390154995738754,2.6205434978436144,7.502084021528438,8.20537175283311
DS3,109.5,110.0,109.51,0.1276906579732895,0.5443234366715224,0.016304902929539997,0.004816677517572151,0.000342741982927798,0.00529441032147148,0.9705867080657979,-1.6961415585061212,0.7450033899932896,0.0,3.7789339339556305,1.3419471436048225,3.2513427435931797,4.043070269225737
DS3,110.0,110.5,110.01,0.12767155468463898,0.6565450637528384,0.01630002578989773,0.003541269832007051,0.0002931497758027686,0.0034858186490784255,0.9639977398642643,-1.2299174708091765,-1.3926769052969834,0.0,2.4131330367630537,3.24050173347777,3.748717423738866,5.041303870265408
DS3,110.5,111.0,110.51,0.12813299894332886,0.7157199993615256,0.01641806727270713,0.003763265675983443,0.0002385922490062833,0.0038679663815062697,1.1231557572565374,-0.9840755499047968,-0.9409941457385691,0.0,2.2029768320300454,2.437879823814276,2.0140724395849814,3.627500533919842
DS3,111.0,111.5,111.01,0.12599396705627441,1.0721492631285139,0.015874480606351524,0.004233846972216446,0.000282856724474138,0.004746812928080538,0.38537634431288675,0.4967077237849213,0.09776599778786287,0.19141940678420807,0.4000120942220442,0.1511763007433364,0.2656921533177364,0.5247824659862808
DS3,111.5,112.0,111.51,0.12738193571567535,1.0590302347944638,0.016226156255907398,0.004411719692770394,0.000557040886377759,0.004602965525325911,0.8641044590803258,0.44220479796224615,-0.07225566220926596,0.3821111377458915,0.9517839207686507,0.7783415987336936,0.1969267629730786,0.9721620525369854
DS3,112.0,112.5,112.01,0.1269102245569229,1.0190738452100203,0.0161062066021225,0.004573568937860394,0.00018200126688699386,0.004811593288458706,0.7014052567497868,0.27620621314247223,0.1743336951935362,0.19373248984508207,0.5731211098683404,0.5001164953259023,0.11507789064554645,0.7261691447929057
DS3,112.5,113.0,112.51,0.12892483174800873,0.8445144239685248,0.016621614617646132,0.005274443863183374,0.0003288092732939001,0.005981680969467561,1.3962690031701877,-0.4489998726528449,1.5573287723216633,0.0,2.1360407783170383,3.906482507683177,2.5315881130650784,5.07919763236591
DS3,113.0,113.5,113.01,0.12678444385528564,0.9036765729945836,0.01607429449124393,0.0034654412514532607,0.00014814124151829486,0.004040297426190428,0.6580218865554452,-0.20321107353056536,-0.7373060031294213,0.0,0.47106338980888185,1.110032686841269,0.6126523333751457,1.405256756350064
DS3,113.5,114.0,113.51,0.12582740187644958,1.121649036849577,0.01583253332752537,0.0045621466690899,0.000242103200821522,0.004667279742384103,0.3279258867803253,0.7023542417024127,0.003761073138412756,0.23032013754418662,0.6066056215102336,0.10883993079128522,0.49688511921101564,0.698372809124912
DS3,114.0,114.5,114.01,0.12527689337730408,0.9044694610608148,0.015694302280547134,0.004074858361754644,0.00027013761556891024,0.004406283927795767,0.13804847551865512,-0.19991702473677453,-0.3047251476681307,0.0,0.05835285444730583,0.12388652434370356,0.14343250576699074,0.2792692558072406
DS3,114.5,115.0,114.51,0.12930135428905487,1.542722309866939,0.0167188384983782,0.005181522729024842,0.00022300286107800233,0.004951581277487627,1.5261364357102452,2.451700670478002,0.3397936883430567,3.741629722671717,8.433428166596816,2.3536084018933146,6.298850740466501,62.17761128437696
DS3,115.0,115.5,115.01,0.1238204836845398,1.728928172010404,0.015331511339167115,0.005086035230484631,0.0006637571728592499,0.005565112547040304,-0.36428582563696205,3.225291826296432,1.0649621857362888,0.0,10.507849188184329,1.3807313237465382,12.160588836395945,16.40730805552477
DS3,115.5,116.0,115.51,0.1231275275349617,1.2262298189988674,0.015160389491700954,0.004061658609829401,0.000722203045977578,0.005136019363845961,-0.6032952505667769,1.136834484203759,0.5577918517358886,0.0,1.639702952523418,0.7676039749948953,1.71535565614637,2.8033682617969093
DS3,116.0,116.5,116.01,0.12259749323129654,1.8377244133051878,0.015030145836032065,0.004533294577778263,0.0003597555463583366,0.005014696479868641,-0.7861108503550405,3.677285168950099,0.4143932381046852,0.0,14.071285856249503,0.8812594487891613,14.025650300786433,18.484278325070363
DS3,116.5,117.0,116.51,0.12506042420864105,1.9065744546163927,0.015640110236740255,0.004441241162317247,0.0003949730626489406,0.004411105986722102,0.06338549496976266,3.963322259420674,-0.2990256741457763,0.25121714313805754,15.720520108020263,0.09946508972600863,15.708196746180047,18.557817536587674
DS3,117.0,117.5,117.01,0.12484244257211685,2.3497141221922417,0.015585633765741057,0.004457806519461608,0.0006639814178723834,0.0057586210890316035,-0.011799155058424386,5.8043433942164935,1.2936812512386824,0.0,33.69397039605403,1.7022811579533292,36.79271586980294,48.732442779148066
DS3,117.5,118.0,117.51,0.11627988517284393,1.1420298878199708,0.013521011272293512,0.004057843510976784,0.0003841815900968309,0.005486636315016441,-2.965134544570127,0.7870263668291856,0.9722065364613643,0.0,9.35533760055154,10.588224372499885,1.6971747759056441,11.427237048808589
DS3,118.0,118.5,118.01,0.12703394889831543,1.2877205500685571,0.016137620942104372,0.005530374215462445,0.0003485878085362499,0.006005169650396904,0.7440793620363191,1.392297363689645,1.5850914183359397,1.03597973413904,2.518061933147554,2.8223958583543944,4.833008120765271,6.16458348340489
DS3,118.5,119.0,118.51,0.12372298538684845,1.4669960568602836,0.015307378152135934,0.0031436352113076815,0.00018017547126378557,0.003629250277936366,-0.39791423354853384,2.1370963990824934,-1.2231466727899898,0.0,4.705272228262879,1.5595906795141132,5.683100800421633,6.941727866325996
DS3,119.0,119.5,119.01,0.12612812221050262,1.4287254662559283,0.015908304328714803,0.0061607710931743,0.0002148467317486079,0.00728697990418183,0.43164817014627826,1.9781014561807124,3.100137939694446,0.853843873924093,4.120875762276471,9.614168180403444,14.592582355060097,14.618326159707461
DS3,119.5,120.0,119.51,0.11664379388093948,1.631252029603417,0.013605773919577204,0.002779869584422328,0.0005669697484136686,0.0030462103950089883,-2.8396177840913785,2.819496868872969,-1.9122756166676753,0.0,15.818065215109453,10.562400816718213,10.816479001483431,17.759679675517738
DS3,120.0,120.5,120.01,0.11048432439565659,46.54895394266764,0.012206786388036997,0.006679458377211992,0.025889079942241055,0.016832148096957034,-4.964097465015688,189.4298244903686,14.3821305930879,0.0,35890.57467568998,252.4212757565337,36757.209949857526,45503.463640113114
DS3,120.5,121.0,120.51,0.10998177528381348,39.6544366236333,0.012095990801496172,0.004320245623454082,0.07955820779724981,0.018548554707728034,-5.137433071162977,160.78659296024279,16.41085197147194,0.0,25862.290320293992,320.7604139595368,26711.03058325719,33081.83031471778
DS3,121.0,121.5,121.01,0.11164774745702744,30.77925795625133,0.012465220998668671,0.005943262720392363,0.10711354283693257,0.032847425475909534,-4.562817994420566,123.91471554262814,33.31152377739674,0.0,15364.074032759736,1184.4863874535595,17230.914985764342,21445.476280981635
DS3,121.5,122.0,121.51,0.10596168786287308,25.039968237171998,0.011227879394288228,0.0052685479919919835,0.04415240513935508,0.022327962626808563,-6.524012558525277,100.07087026165274,20.877955276106995,0.0,10042.175924390562,518.9341448240049,10851.47980589717,13420.785037258414
DS3,122.0,122.5,122.01,0.11192508786916733,19.71106040948833,0.01252722437613427,0.0078103711103774155,0.015019246811137286,0.023765561034037524,-4.46715974468036,77.93195412757568,22.57713692920385,0.0,6085.688820132875,562.2557732715385,6907.02302504386,8574.010736318092
DS3,122.5,123.0,122.51,0.11450158059597015,19.81118790474056,0.013110613110640261,0.008285556626967346,0.024907243803746624,0.013205875324659062,-3.5784945018018215,78.3479332159338,10.09602667642432,0.0,6145.227362818938,125.29288682184892,6406.869671837931,7936.4508718996285
DS3,123.0,123.5,123.01,0.11318245530128479,15.111619474889963,0.01281026837416298,0.009156245575661644,0.09697803150042836,0.021933743654844146,-4.033477660959989,58.82360389758576,20.41200481240566,0.0,3471.1646948160055,459.5170279454185,4093.9810173397364,5077.595720913156
DS3,123.5,124.0,123.51,0.1066494733095169,15.241684226046182,0.011374110476836563,0.005923503697194705,0.09540544667857426,0.01280773571107476,-6.286786575066548,59.363957138992596,9.625442177045578,0.0,3554.944601126351,148.96736731546684,3731.35101940948,4586.546798098058
DS3,124.0,124.5,124.01,0.11540795862674713,15.843991279877688,0.013318996829381844,0.008298994701954382,0.06760474127865365,0.015450128585054491,-3.265873144682875,61.86623824103502,12.748640887591403,0.0,3833.6997630751716,185.96726277166212,4141.781027246417,5144.356602996326
DS3,124.5,125.0,124.51,0.11238604784011841,15.528622831199629,0.012630624117510258,0.008222564913709198,0.05345118419612483,0.016615355075989935,-4.308168764313477,60.55604188140829,14.125890239805381,0.0,3679.723372953149,236.2524806847246,4028.296755193601,4990.001829456555
DS3,125.0,125.5,125.01,0.11381331086158752,15.067875901005971,0.01295347000168729,0.006999840586724593,0.03544782837645857,0.013214335823472092,-3.8158875222859403,58.64187147793469,10.106026634887586,0.0,3448.438569666449,127.87627418479305,3658.542365284527,4528.699984408544
DS3,125.5,126.0,125.51,0.11133135110139847,14.916309896070231,0.012394670771249375,0.004859507846761143,0.02051524371212073,0.010483229767943551,-4.671947137808371,58.01219140453999,6.877972625589624,0.0,3381.074912027688,78.03620968557564,3498.418924142753,4306.0064442248395
DS3,126.0,126.5,126.01,0.11019440740346909,15.255911068906965,0.01214280785978714,0.007649699893290968,0.01522818752661697,0.010675891732488538,-5.064093537815251,59.42306247373142,7.105691071685746,0.0,3549.8677111948277,86.08626586064689,3672.089317027255,4515.870638433868
DS3,126.5,127.0,126.51,0.10884059220552444,14.983939931615119,0.011846274797667335,0.007118062687470502,0.013665228546816026,0.012587877513360667,-5.531041687592117,58.293159988251396,9.365578912061292,0.0,3421.2578528279237,132.75967489531143,3595.5153884946044,4426.09612985646
DS3,127.0,127.5,127.01,0.10503589361906052,14.929148356802097,0.011032538136470057,0.0057554013398451115,0.01596189615149337,0.010053972549103602,-6.843330815462163,58.0655287139145,6.3706084082640455,0.0,3409.1608765630394,99.39970246252796,3493.2233092594656,4274.338853753479
DS3,127.5,128.0,127.51,0.10811188071966171,15.601230846379412,0.011688179069262204,0.00860665719490487,0.012117435640537053,0.0113926956336843,-5.782383584596487,60.85769145214701,7.9529235335857305,0.0,3728.9876311150156,109.3922660918953,3868.482548389979,4752.863609806312
DS3,128.0,128.5,128.01,0.1042388379573822,15.524433296275197,0.010865735448735592,0.004202801210782445,0.012856097514301161,0.00774568228256053,-7.118245491449633,60.53863648327944,3.6423051135405435,0.0,3705.537688053593,71.23963087093402,3736.9820744304293,4553.348892886715
DS3,128.5,129.0,128.51,0.10910250246524811,15.410242597341718,0.011903357258996137,0.007335188034159441,0.013353338008543757,0.01199896052826265,-5.440705494460871,60.06423189818853,8.66950347733365,0.0,3629.810127050131,117.87814959815101,3789.7965571299806,4663.37382488219
DS3,129.0,129.5,129.01,0.10730382055044174,15.149001320040092,0.011514111319984957,0.00595421790693241,0.013086806504632623,0.010998797062200043,-6.061093855760894,58.97890655274081,7.487351769954448,0.0,3506.9702377891217,105.29861747268899,3627.871166730361,4452.070671823005
DS3,129.5,130.0,129.51,0.10556697845458984,15.344364465497545,0.01114438691913359,0.007529786456589517,0.012994431701121535,0.01090981026202597,-6.660152873818823,59.79054158806699,7.382173065343168,0.0,3610.000063082749,112.37314013749702,3723.275556216586,4562.851481105638
DS3,130.0,130.5,130.01,0.10988149046897888,15.370167647529959,0.012073942895091486,0.007935213051632705,0.012904599561649778,0.01232705797541239,-5.172022584420638,59.897740755603785,9.057301042927337,0.0,3607.4016368434072,121.88132727650282,3780.1054004915372,4656.35473438768
DS3,130.5,131.0,130.51,0.10845962166786194,15.334210821677091,0.01176348948798436,0.005809297585745571,0.013817673274440608,0.009410068599308334,-5.662443290965371,59.74835833471281,5.609540663372991,0.0,3594.1368936163785,72.25916187689302,3678.0043146442745,4508.0256269104975
DS3,131.0,131.5,131.01,0.10228302329778671,15.54250853000146,0.010461816444837839,0.004966167434108578,0.012972763285080522,0.009193671035399423,-7.792830942987701,60.613729935166646,5.353767723920706,0.0,3723.6760302739676,100.9444002471158,3778.298246879598,4609.653752302096
DS3,131.5,132.0,131.51,0.10533586889505386,14.84653290729462,0.011095645432371428,0.013226899323511591,0.010898267413776749,0.01841033286789687,-6.739865512135271,57.72230331629674,16.247479493374165,0.0,3368.2130305478354,340.83815744998225,3769.0483934177237,4647.008392589612
DS3,132.0,132.5,132.01,0.10527549684047699,15.801763942584753,0.011082930987896589,0.005049221129126578,0.01147110933590467,0.009033165023630217,-6.760688604700414,61.69080501735698,5.164056279445972,0.0,3841.7663025987345,82.00638538011215,3907.9101900464407,4775.358092433163
DS3,132.5,133.0,132.51,0.10750623047351837,15.612494203024653,0.011557588312682141,0.015336669490195567,0.012584332269601779,0.016541944911225414,-5.9912800885490896,60.904485000885416,14.039122471775414,0.0,3736.8257406589837,257.0663121209961,4068.3712776037,5018.78238243257
DS3,133.0,133.5,133.01,0.1074775829911232,15.075989494393953,0.011551432090188976,0.006222571089758367,0.013166466501927532,0.010836283095882214,-6.001160971050999,58.67557935380175,7.295267006538823,0.0,3470.685981480164,101.2907554419501,3586.928328728291,4401.482208587981
DS3,133.5,134.0,133.51,0.10975953936576843,15.321817417528392,0.012047155694294216,0.008672279770729673,0.013930229876600935,0.011874889983669704,-5.214085077214205,59.69687001028761,8.522857242890174,0.0,3583.775573681431,112.20006874233883,3741.0700161216178,4605.474432918534
DS3,134.0,134.5,134.01,0.10665471851825714,15.32431973483541,0.011375228775525178,0.007289055159433264,0.015305900477069376,0.011260049498755238,-6.284977435591556,59.70726587277806,7.796141307275309,0.0,3595.7557127055297,113.77976421902036,3723.446121244931,4568.647513818681
DS3,134.5,135.0,134.51,0.10866109281778336,15.401831877892322,0.011807233473318036,0.008812507282037047,0.017040580239341338,0.013222989967631875,-5.592953318602784,60.02928961385213,10.116255474113906,0.0,3627.0726511824255,149.47131438927647,3826.7921387765423,4713.1040735619445
DS3,135.0,135.5,135.01,0.10708192363381386,15.455015987924726,0.011469555104939744,0.008880061204535435,0.01742822485878775,0.013099324591823008,-6.137628935894348,60.25024268524063,9.970088132357601,0.0,3659.203740202171,154.10689436603872,3849.530139730284,4734.673852972053
DS3,135.5,136.0,135.51,0.10812799260020256,15.618585119883619,0.011699238888545023,0.00878036670278594,0.01626721021554728,0.011395183261361483,-5.7768263912517845,60.92978967904475,7.955863806256838,0.0,3737.703449556091,109.36787522950402,3877.4868645573783,4764.009142223774
DS3,136.0,136.5,136.01,0.11174113303422928,15.209802885535995,0.012494491860209678,0.010602375633664998,0.016675986097208412,0.01363497338712998,-4.530608116324614,59.23150629791589,10.603202777527128,0.0,3522.81867799633,146.701929680571,3744.5229928962754,4626.508000059234
DS3,136.5,137.0,136.51,0.11161337047815323,15.279329684384281,0.012459333661892162,0.009085013734479654,0.01687176310419144,0.012054390791019689,-4.574675053422858,59.52035497358198,8.735019747405657,0.0,3557.4295944558944,108.46583963646852,3725.3593272012977,4595.308091956478
DS3,137.0,137.5,137.01,0.10702721029520035,14.871654545963775,0.011456284629684375,0.007366699729878348,0.014391044836704139,0.010371716647489364,-6.156500265062821,57.82667101595139,6.74616874531087,0.0,3373.5642287464266,94.83196688241179,3473.5585359266565,4258.158655679878
DS3,137.5,138.0,137.51,0.10489058494567871,15.490241085794748,0.01100413623795424,0.007833038386352858,0.014778346611373828,0.011689429656194995,-6.893449632480303,60.39658514654345,8.303650832923575,0.0,3685.5654215917903,132.2299274571647,3820.7593581630967,4684.8744502593945
DS3,138.0,138.5,138.01,0.10850276052951813,15.27380152050202,0.0117742458777396,0.009007482789545678,0.013477393897025975,0.01347006744876253,-5.647564146703717,59.4973882493446,10.4082908024222,0.0,3564.0937772329353,156.7167623451473,3770.7642576569174,4644.5764885067765
DS3,138.5,139.0,138.51,0.1092936135828495,14.683345423204276,0.011946416241093358,0.008784728979527607,0.014420726829418869,0.012392736637581636,-5.374788829541432,57.0443418763111,9.134930495768096,0.0,3275.886073369127,126.03729826092666,3442.2846755506507,4238.238332062091
DS3,139.0,139.5,139.01,0.10653337091207504,15.651857932539828,0.011349510444382272,0.008334525422172497,0.015425239231381905,0.013636896788131401,-6.326831774553482,61.06802138294361,10.605476157684429,0.0,3760.380427377518,171.21538442319948,3970.054844938359,4883.505133715379
DS3,139.5,140.0,139.51,0.10719174146652222,15.015756348238579,0.011503132145722085,0.008506351129083227,0.013291266652498974,0.012736192165749095,-6.099751363036897,58.4253411034237,9.540880675722551,0.0,3442.4666432874233,144.40372247860472,3616.216679906635,4446.480096770608
DS3,140.0,140.5,140.01,0.1058497205376625,15.215600100225242,0.011204239528581775,0.011218465239697328,0.01289512451314687,0.01592693310943702,-6.5626315187954205,59.255590792143714,13.312204046725682,0.0,3545.247140473188,244.9656480291514,3838.35651429413,4728.107952310844
DS3,140.5,141.0,140.51,0.11012272909283638,14.616356476701359,0.012130654436471506,0.008937752037371153,0.013348602155133438,0.013678662510255398,-5.088816302473151,56.766036693242675,10.654841507843818,0.0,3241.65152275448,154.78073772313255,3454.096340820951,4261.200823674914
DS3,141.0,141.5,141.01,0.10633931681513786,14.839558644945114,0.01131784248661284,0.009733190981100148,0.01267732303366131,0.014535798712706627,-6.393763510627213,57.69332878450795,11.667940925655204,0.0,3360.8191714596896,197.93424108580206,3594.6183277437503,4424.842800020494
DS3,141.5,142.0,141.51,0.11074431613087654,15.771546811442823,0.012264867170627358,0.010811303758879398,0.010354801124814964,0.016925627296745713,-4.874422995485025,61.56526812428327,14.492619127596829,0.0,3807.224062884574,254.5793518315379,4168.794898169633,5157.044833848363
DS3,142.0,142.5,142.01,0.10639233514666557,15.359908275258704,0.011324726070878595,0.008394571857197025,0.012636978830537412,0.012022525502760237,-6.375476811047606,59.85511825402444,8.697356299179201,0.0,3614.425483943165,131.6085817671796,3765.0232953449213,4623.049493060097
DS3,142.5,143.0,142.51,0.10701069235801697,14.920687435423515,0.011452677732640422,0.012976569933821791,0.012498078410429997,0.01830681035432874,-6.162197512528811,58.030377865959444,16.12512017880279,0.0,3397.199816805059,326.7687970688151,3800.6142281084244,4690.263388242422
DS3,143.0,143.5,143.01,0.11300994455814362,14.743076251981005,0.012776046697147849,0.008526545099252662,0.009720085738221487,0.012124389953138207,-4.09297881920426,57.292493252102815,8.817755851873944,0.0,3293.9029070423176,104.75395637920164,3462.559584423394,4277.796327415598
DS3,143.5,144.0,143.51,0.11152476072311401,15.700004885719956,0.012440117869539295,0.009319654085686564,0.011312198274984309,0.013813562801078684,-4.605237689468428,61.26804761590427,10.814288052867605,0.0,3768.6000236926743,152.41406956176684,4001.572367181297,4943.861477002816
DS3,144.0,144.5,144.01,0.107223030179739,15.078957466193122,0.01149720434677369,0.008332123200029188,0.010577272241090913,0.013458984851292762,-6.088959486296514,58.68790977513289,10.395191632170903,0.0,3473.066157716804,162.80426551977502,3672.7382493065834,4519.350033798874
DS3,144.5,145.0,144.51,0.10908684879541397,15.886725999979957,0.011900073931876223,0.008527270556510242,0.012013031450966404,0.012101958098463159,-5.44610464508155,62.04377938360131,8.791242330631077,0.0,3871.3504899878726,120.26896844235904,4039.156037595477,4970.822990337234
DS3,145.0,145.5,145.01,0.10627596452832222,14.960608384879935,0.011295613266166646,0.006697137435567433,0.01306713896201472,0.011096874665222752,-6.415614523348602,58.19622921497641,7.603275426239747,0.0,3419.2782642252378,112.39582818038875,3537.4784441727825,4338.39501027629
DS3,145.5,146.0,145.51,0.10842658579349518,15.391346205779271,0.011762974681712082,0.012310655618553466,0.012193164313847829,0.016511551142550412,-5.673837785897351,59.98572695091502,14.003198298625708,0.0,3622.6415342874625,251.14346947967223,3953.16821591914,4879.801189364528
DS3,146.0,146.5,146.01,0.10597299039363861,15.498640311891236,0.011230290197403885,0.007937668651962798,0.016336266156440685,0.012477990333810172,-6.5201141713327155,60.431479681812995,9.235696826449727,0.0,3685.3239959970233,144.46751145424946,3850.5255821830647,4729.066605665308
DS3,146.5,147.0,146.51,0.10762659832835197,14.896613639682386,0.011583750417627787,0.009290181056593582,0.0173790006062473,0.015703340753051683,-5.949763678338528,57.93036342356788,13.047927161169738,0.0,3383.345474993813,227.72816517874466,3669.7774420275996,4525.104843710688
DS3,147.0,147.5,147.01,0.11507600173354149,15.513460798524255,0.01325936423228491,0.008140832924621446,0.015548818424797472,0.011504919102238246,-3.3803693161864765,60.49305130610158,8.08556701583702,0.0,3666.3529640550223,84.64226490539686,3826.912981101995,4736.427669339462
DS3,147.5,148.0,147.51,0.11046226695179939,15.017570008073562,0.012202066961894471,0.012390341957661824,0.014801543165041654,0.017822035424462868,-4.9717053590721,58.432875942509085,15.552136331180723,0.0,3432.4799759505813,289.4930086327769,3825.19838741231,4731.90308050546
DS3,148.0,148.5,148.01,0.10558795183897018,15.505409189264588,0.011149112337142676,0.006324060196538327,0.015394462176042793,0.009623489387211803,-6.652918885719245,60.45960094292996,5.861795177131153,0.0,3690.2713825351925,89.34820418088131,3770.041738141189,4611.8846944304105
DS3,148.5,149.0,148.51,0.10291006788611412,15.355752802997106,0.01059085897194202,0.009934867872133758,0.015170993452933849,0.015337015055786185,-7.5765552572134505,59.8378543690274,12.614945390515683,0.0,3627.3499212835254,243.18251322674848,3884.506113323076,4775.438799078217
DS3,149.0,149.5,149.01,0.10744651407003403,15.70334184186078,0.01154777185105043,0.00896980449792138,0.014384336987293196,0.013245788935255676,-6.011877038679859,61.28191098050612,10.143202907626012,0.0,3783.109475827924,156.03769052133467,3982.562709827042,4900.332044706706
DS3,149.5,150.0,149.51,0.10765690356492996,16.264968525466447,0.011599035590800789,0.008568381837715747,0.014382003564190612,0.01246422870921711,-5.939311015249707,63.615185724424954,9.219431157325614,0.0,4073.473611230063,135.48033148434746,4252.215900559339,5228.892731751876
DS3,150.0,150.5,150.01,0.09972941875457764,15.173075913924661,0.009945957247367687,0.005957316670470882,0.01517912629661876,0.010260193132996857,-8.673601759066273,59.078924311014575,6.614352579710203,0.0,3553.4606705883366,134.80961656194,3619.221065622725,4418.620450549462
DS3,150.5,151.0,150.51,0.10606647282838821,15.631763397637775,0.011250097990683945,0.01072995063705676,0.014367188242121841,0.015653971201012546,-6.4878708858316845,60.98453875623374,12.989574399630298,0.0,3752.02452363594,234.60688801729293,4039.5667233581457,4975.63751470319
DS3,151.0,151.5,151.01,0.10422732681035995,15.583218400908674,0.010863336033135261,0.006391874708142046,0.015328272690871373,0.01054908336610819,-7.122215833053131,60.78285885369697,6.955808845516616,0.0,3735.179357583552,112.72382917942096,3834.554807651075,4692.8476088542275
DS3,151.5,152.0,151.51,0.1063430905342102,15.549771047887774,0.011308852751388562,0.009131974752061645,0.015054219010082236,0.013102998688666838,-6.392461906729367,60.64390202288265,9.974430762341987,0.0,3709.5551344516443,158.06491517536736,3898.1830054160228,4791.977001888407
DS3,152.0,152.5,152.01,0.10124566406011581,15.106485382030309,0.010250683932736612,0.006812689346571984,0.016710371790975412,0.010623385000752904,-8.150629390973636,58.80227433908713,7.043630293946544,0.0,3512.8611422389354,131.84034972583763,3596.053110039336,4395.126717283658
DS3,152.5,153.0,152.51,0.10025344789028168,15.533033409491642,0.010050754213781075,0.008207229691185876,0.018688410710109373,0.012332982383393302,-8.492857418392845,60.57436560290379,9.064303447281716,0.0,3729.2692544762253,175.45025936432006,3863.317316752278,4730.030031206262
DS3,153.0,153.5,153.01,0.10178656131029129,15.225436836414518,0.010360503759126042,0.007545773038914635,0.02106552688887454,0.012378458626064693,-7.9640670222158585,59.29645745461367,9.11805447873142,0.0,3568.398959018295,166.54065585595794,3708.7946992682264,4544.214301612356
DS3,153.5,154.0,153.51,0.09988007694482803,15.91167763263582,0.00999202652820842,0.008457880915472246,0.0205192450647586,0.013487397957941087,-8.621637825367673,62.14744079427663,10.428774745007944,0.0,3924.026937592619,207.8491614364001,4100.23846600595,5025.274535285994
DS3,154.0,154.5,154.01,0.09615996107459068,14.93556871635995,0.009260253448839961,0.011355886947156835,0.01753286454835086,0.016353757070925443,-9.904753294303276,58.09220205982294,13.816692254848565,0.0,3459.1519588247993,326.8394474472858,3716.952521670786,4567.248139870825
DS3,154.5,155.0,154.51,0.10244527831673622,16.157099655110752,0.010495147057254666,0.008351648314921165,0.017720400277926367,0.012465686037652766,-7.736867114981109,63.16704513886703,9.221153659053464,0.0,4038.5027934154923,164.52697505715093,4194.424673972775,5140.251891817146
DS3,155.0,155.5,155.01,0.10130609944462776,15.547199468587802,0.010266138677020739,0.010431330757148229,0.014839893034022729,0.014496636107747655,-8.129784455105174,60.633218411851054,11.621652351948425,0.0,3730.8979370977318,227.30102682351276,3948.665567736611,4847.398552394155
DS3,155.5,156.0,155.51,0.10289914533495903,15.479212794067996,0.010588575890312098,0.010151059400270366,0.013870898841955172,0.014282157073776983,-7.58032258458609,60.35076817362222,11.368147035258923,0.0,3688.961398686715,210.58988159576114,3905.4331123199017,4796.72994620004
DS3,156.0,156.5,156.01,0.09908852353692055,16.22053989786153,0.009820435519331896,0.008833835820399996,0.01627365792778864,0.013265279386568896,-8.894654703766674,63.43060725313154,10.166239812171446,0.0,4089.2723263784605,207.34079719132018,4256.438205758789,5213.522110663878
DS3,156.5,157.0,156.51,0.09800605475902557,15.2331165094237,0.009605538004697718,0.011325587684614787,0.018650344353285022,0.016996729905733542,-9.268012008217582,59.328362610826765,14.576659460468592,0.0,3592.7441284366746,335.91801390416475,3894.7056032793234,4787.055234393797
DS3,157.0,157.5,157.01,0.10115307569503784,15.425570978497568,0.010236928989076292,0.0101463943475175,0.017621174954137113,0.015086736343497106,-8.182564300427794,60.12791356727607,12.319126339837938,0.0,3670.751613044715,246.66982167771044,3909.8384884914058,4802.132298115002
DS3,157.5,158.0,157.51,0.1028679646551609,15.56857384866885,0.010581825780833123,0.012885520086166008,0.02068408175384994,0.01711861076654727,-7.591077199220809,60.72201814780706,14.720717579562871,0.0,3733.99421295818,305.7854802539227,4071.9856254245224,5011.564588118332
DS3,158.0,158.5,158.01,0.1032731868326664,15.679832286451985,0.010672015706663589,0.011096342761522063,0.019459540602690097,0.014091407721885829,-7.451310895576107,61.18424067124672,11.142689217941,0.0,3788.372157226091,202.69999381564548,4001.5755243186227,4914.649655116868
DS3,158.5,159.0,158.51,0.09260714426636696,16.005702229649334,0.008634343776662352,0.009244139234901461,0.02204596518674913,0.011407103500015878,-11.130165180367841,62.53806542790392,7.969953033623976,0.0,4018.3448872411086,211.9259688222176,4079.7408176278054,4981.819736754253
DS3,159.0,159.5,159.01,0.09583967551589012,15.673759025364921,0.009192398511960163,0.015322002525049751,0.02271856513055018,0.019530955762846157,-10.01522387349498,61.1590093438876,17.57200924630317,0.0,3826.2135701560983,458.28868311139104,4247.221410684506,5224.538311308501
DS3,159.5,160.0,159.51,0.10128804296255112,15.369303756885854,0.010259292330131627,0.010577944554158758,0.02179788271568872,0.013793070083151657,-8.136012366351826,59.89415172701907,10.790066510781443,0.0,3642.0468768290216,206.8494007929196,3830.906732142075,4699.939442413795
DS3,160.0,160.5,160.01,0.10015146806836128,15.541874437855084,0.010030335933888936,0.019922589928383132,0.024885140189839734,0.023498709131263736,-8.52803156123937,60.61109560308515,22.261729055205702,0.0,3734.2596157939356,623.2771558882426,4412.079347625075,5432.977484216954
DS3,160.5,161.0,160.51,0.0973694659769535,15.01888172402359,0.00948664878403966,0.011620921927536948,0.022362190541793812,0.014697569956289746,-9.487579608292208,58.43832545868546,11.859147821623418,0.0,3491.9172707553553,261.6567272519849,3689.398228669013,4527.0940892027065
DS3,161.0,161.5,161.01,0.09265311807394028,15.835012737820158,0.008588351646822662,0.0121890726181171,0.020574939798498552,0.015955168543515603,-11.11430822705756,61.82893694102279,13.345577157959184,0.0,3930.005251384946,342.4673671691455,4158.651092649132,5104.631073743639
DS3,161.5,162.0,161.51,0.0944797545671463,15.117582914161753,0.008927930902765741,0.016502286932687963,0.021684811128300167,0.02382043181462131,-10.484277974691954,58.84837897086119,22.641991914567104,0.0,3558.385592162583,690.0041394633338,4214.645288649974,5189.077889879118
DS3,162.0,162.5,162.01,0.09440803527832031,16.650583585457735,0.008913554570972575,0.017454146108188084,0.018800795888105327,0.02226434026306054,-10.509014873252003,65.21722121635709,20.80275628265814,0.0,4347.49348486546,604.8408230193285,4933.3102882476605,6069.629075233596
DS3,162.5,163.0,162.51,0.08994558081030846,15.69864554632018,0.00809517039680231,0.01753692172472044,0.023213465913615745,0.025089903892437766,-12.048172404106408,61.262400248386854,24.14245522399877,0.0,3880.6377414730505,810.1168591026384,4600.57705621583,5667.133907546547
DS3,163.0,163.5,163.01,0.07774898409843445,15.536758269140478,0.006044904222616054,0.015566353523527707,0.0276440388586785,0.01736122925666373,-16.254934358640952,60.58984051034136,15.007482565552657,0.0,3911.671566135302,556.508603823069,4066.9002552757906,5041.886868187976
DS3,163.5,164.0,163.51,0.08612684160470963,16.419726769132573,0.007417832204744457,0.017211092542917292,0.025935787546670152,0.020005872937144585,-13.365304320812566,64.25812793479355,18.13334163596821,0.0,4287.222126350993,574.3878650809677,4673.058564259288,5754.992668617178
DS3,164.0,164.5,164.01,0.08969670534133911,15.559645642692379,0.008045497789451714,0.013826736093560492,0.02584599930310472,0.016795825944916024,-12.134012731454275,60.684925968746654,14.339199316843624,0.0,3812.3248192528104,400.7332637015487,4052.498864266597,4982.535467761438
DS3,164.5,165.0,164.51,0.08179906010627747,16.657105320269245,0.006691093956096437,0.01663686571608078,0.029954142687714756,0.02163572728276376,-14.858011424706433,65.24431572515881,20.059761829097436,0.0,4454.365162774969,705.4612010337853,4898.636354077108,6045.940387615178
DS3,165.0,165.5,165.01,0.08041489496827126,16.385749126782986,0.006471714542730409,0.016532855503039793,0.03304734356307448,0.019810066471317465,-15.335427656374463,64.11696802009145,17.901906519861974,0.0,4322.5832298157875,631.195030102322,4643.640785485535,5735.896215633593
DS3,165.5,166.0,165.51,0.07646514847874641,15.369610352534307,0.005860904158489314,0.017353636852523315,0.03150266119257851,0.025161864892409836,-16.69774565824898,59.89542547683192,24.227510139388343,0.0,3842.210571429444,977.7986552614104,4433.5697819306115,5515.487626213766
DS3,166.0,166.5,166.01,0.07181774824857712,15.889500485044806,0.005158415991484391,0.023320900109516873,0.03120837703979804,0.025252943095482407,-18.30069334419959,62.05530596543611,24.335160795426734,0.0,4158.417735255255,1050.0404100892854,4713.364787912614,5882.191118207226
DS3,166.5,167.0,166.51,0.07027579098939896,15.317471041150036,0.004941605571436291,0.023475686446697716,0.03290386400540529,0.031133924130738698,-18.832534093440234,59.67881301526366,31.286236302375663,0.0,3889.1151700481555,1497.706298053474,4868.515744548074,6082.340480828316
DS3,167.0,167.5,167.01,0.07208936288952827,15.763680766052788,0.005214206526009037,0.02036702567296498,0.030671178135956448,0.023370661473698137,-18.20700998605957,61.53258868511337,22.110382038289565,0.0,4090.763619030803,931.217514716702,4520.388107144428,5643.886126249854
DS3,167.5,168.0,167.51,0.07049906998872757,16.12752314379409,0.004977376569535095,0.023740304812674105,0.0327855556906794,0.03132862051410214,-18.75552231533432,63.04416969707828,31.516359347081277,0.0,4297.84672825325,1509.9025588357597,5317.895981580548,6623.048718903196
DS3,168.0,168.5,168.01,0.06916168332099915,15.741475178683249,0.004785418799764685,0.023046738894776014,0.03256748199062361,0.02881049534290313,-19.216804055249884,61.44033570338073,28.540039903774282,0.0,4115.72540135263,1335.8245687818912,4899.683418567929,6129.858212868898
DS3,168.5,169.0,168.51,0.0782381035387516,15.292312390642673,0.00614882883157206,0.024295129386200022,0.03633020042206181,0.03138697160326237,-16.086230817697746,59.57429155014551,31.58532791273961,0.0,3784.81824222174,1399.5841515529212,4877.227063443438,6038.50197036307
DS3,169.0,169.5,169.01,0.0700111947953701,15.822244120287884,0.004927526050328387,0.025162160736021323,0.03699632457624078,0.02917548372852271,-18.923796699612296,61.77588979480897,28.971441027564936,0.0,4146.187455486458,1349.61282626284,4972.066201417684,6210.535779624971
DS3,169.5,170.0,169.51,0.08040530234575272,16.013371167613048,0.006469925116828534,0.033955238876756076,0.04338905848939324,0.04055952292859609,-15.338736274377379,62.56992598543395,42.42690289343168,0.0,4127.244733352365,2225.0239646585756,6176.84034254772,7566.203473714126
DS3,170.0,170.5,170.01,0.07773968577384949,15.726244422242987,0.006057648599786228,0.02500093460373208,0.036818796686054915,0.030529003499445245,-16.25814146952844,61.37705961559821,30.571245222039906,0.0,4007.4848282069074,1338.5503371183347,5032.3817553095905,6231.824223836606
DS3,170.5,171.0,170.51,0.08436429128050804,15.933983554788961,0.007152657811945358,0.025414251298422168,0.03287687837639196,0.033181190664346355,-13.973230435118309,62.24011061627584,33.70602037796506,0.0,4048.262199586974,1466.5431759471428,5378.019779233328,6615.41385680947
DS3,171.0,171.5,171.01,0.08072774857282639,16.46342952964025,0.006516968956427307,0.04416171946936588,0.04236559332699268,0.053135603553983946,-15.227520453072396,64.43969079551348,57.29130825105564,0.0,4360.828639614088,3780.1189767660726,8073.726415089479,9751.94626392159
DS3,171.5,172.0,171.51,0.09154702723026276,15.857320826951957,0.008380858745815326,0.03849146842985497,0.05626283503452023,0.0440550750269612,-11.495813083646908,61.92161576572206,46.558500398770484,0.0,3949.4955116739457,2465.1395968354263,6502.1982848200405,7892.467830327099
DS3,172.0,172.5,172.01,0.08711060881614685,15.489330928006359,0.00758825838488401,0.05172852435164908,0.04330407009563187,0.061592897766176935,-13.025990447036314,60.392803901380745,67.28747900913287,0.0,3798.155021702747,4981.75136150679,8878.15528487556,10550.63583164112
DS3,172.5,173.0,172.51,0.08616207540035248,15.665634197941957,0.007423903428888521,0.0668020641546517,0.04321062165398767,0.07323395431741854,-13.353151734765353,61.12525479628848,81.04672471716064,0.0,3895.0779538406714,7112.1484529039435,11164.368551729514,13098.154568418193
DS3,173.0,173.5,173.01,0.0745009183883667,15.889264291488647,0.005550386306683524,0.05015777422275839,0.040136880585392005,0.0572977433338225,-17.375233699328245,62.05432470070039,62.210784730692474,0.0,4126.69037432602,4498.898806447014,8388.721612400914,10108.332116391191
DS3,173.5,174.0,173.51,0.0888998806476593,15.776863432203248,0.007903189564356773,0.03929419257131599,0.04160212641607227,0.04317919162969712,-12.408847743629638,61.58735599386891,45.52324257474992,0.0,3928.7428520053004,2397.8215151447125,6352.004928441065,7722.9918567242
DS3,174.0,174.5,174.01,0.07661224901676178,15.286270811127403,0.005869437228341212,0.04387813051032222,0.04368314811839832,0.05174918496330568,-16.647008804236897,59.54919184368952,55.65261901701999,0.0,3799.373470800223,3651.464755645448,7216.701969137161,8737.33848124163
DS3,174.5,175.0,174.51,0.09179919958114624,16.152253462977768,0.008427093095509264,0.03602756996081666,0.037955943877586634,0.04077651147271661,-11.408835619626194,63.14691166223897,42.6833743469668,0.0,4100.560418848245,2100.3399518931096,6278.324710148031,7651.503093763072
DS3,175.0,175.5,175.01,0.08450411260128021,15.618518780028992,0.00714094532108531,0.040572138606914186,0.03817022632205251,0.048120700691370706,-13.925004276087854,60.92951407051005,51.36390119956872,0.0,3885.990230396496,3049.468875963167,6892.610272785843,8345.312756591098
DS3,175.5,176.0,175.51,0.07587313652038574,15.45547095780356,0.0057567321513936065,0.04729902383601112,0.03417060660518691,0.05524635206340241,-16.901938142586562,60.2521328549183,59.78612538737858,0.0,3891.4863479702058,4164.986087624162,7827.836254708513,9440.558043342562
DS3,176.0,176.5,176.01,0.08809971064329147,15.593284038361805,0.007761559107508888,0.03343298810442499,0.03271865203271186,0.038444894500469395,-12.684836596180384,60.82467648511729,39.927499854222795,0.0,3842.1136377123507,1905.284589014616,5716.7395964860825,6986.418917315431
DS3,176.5,177.0,176.51,0.07848124206066132,15.47423168878803,0.006159304824449979,0.029375075374813056,0.030960757518546378,0.037176730895547544,-16.00236923665065,60.330074201120894,38.428583105447366,0.0,3872.5872597007647,1909.2727832621292,5520.58190595714,6796.385666589133
DS3,177.0,177.5,177.01,0.0768493115901947,15.20644129134578,0.005905817493208805,0.03595854609287842,0.03595342699264885,0.043280962502181525,-16.565242895408346,59.21754057468319,45.64353152225821,0.0,3757.5177601845744,2578.042762046338,6058.785562582028,7416.956237181876
DS3,177.5,178.0,177.51,0.06385675817728043,15.448618304680439,0.004077685783735142,0.031183703465833632,0.037370418724042405,0.03773979008304906,-21.046540480372748,60.22366354794314,39.094095696584944,0.0,4039.2202396242988,2202.2394937127106,5565.359982876011,6962.408526914492
DS3,178.0,178.5,178.01,0.06108072027564049,15.48730864200615,0.0037308541010566566,0.03705486606823162,0.03494534548353117,0.04582003517890027,-22.0040314022129,60.38440232612265,48.644610047711026,0.0,4098.327750014323,3155.13434702278,6521.575721828134,8097.5970395447575
DS3,178.5,179.0,178.51,0.06240051984786987,14.95033217704983,0.0038938249779426493,0.03586078538162921,0.03622601998411996,0.044934935893027154,-21.548815676119382,58.15353677016714,47.59845942583906,0.0,3815.8790256041593,3021.8821725636903,6126.98406536183,7612.125776965708
DS3,179.0,179.5,179.01,0.07412554323673248,14.947387007284599,0.005494596190350778,0.03672347740705945,0.042408735246502106,0.04345462314675727,-17.504705382608147,58.14130107975149,45.8487911967572,0.0,3662.297681515136,2640.9767485493753,5944.614417746998,7294.6209008289625
DS3,179.5,180.0,179.51,0.06973088905215263,15.976330193823378,0.004911841476743185,0.04224958842902553,0.03700938855888408,0.05119956915214742,-19.02047772990797,62.41603947833509,55.00299593878342,0.0,4228.922634833567,3693.782350347088,7515.312263626058,9166.895228181977
DS3,180.0,180.5,180.01,0.0684152189642191,15.353573406131371,0.004742453054402141,0.0400935072334322,0.0381395199591869,0.04972287466349473,-19.47426914413499,59.828800077605294,53.25760434003754,0.0,3930.6129768667306,3517.5399313264893,6967.3226247963385,8525.543915526177
DS3,180.5,181.0,180.51,0.06764868088066578,15.497385689292129,0.004623411035596171,0.04971513563243915,0.03836311969053481,0.056903697439756276,-19.738657917722506,60.426267359626216,61.74503883788359,0.0,4012.160760381087,4563.122840928135,8109.206417853697,9828.893011499109
DS3,181.0,181.5,181.01,0.06607995554804802,15.222766238159114,0.004398814130597926,0.04363194142350939,0.04412940761314228,0.04994014868594829,-20.27973131731653,59.28536246991585,53.51441321711418,0.0,3896.9810025213565,3589.6553439115446,6927.575650924803,8496.650139275725
DS3,181.5,182.0,181.51,0.07328229025006294,14.926517451341748,0.005373601920654083,0.04923300167692667,0.043705662409283794,0.05995761472556295,-17.79555410591762,58.05459863269959,65.35464232382539,0.0,3662.111463936231,4941.016493885714,8298.235301345645,9952.857969820056
DS3,182.0,182.5,182.01,0.07223604619503021,16.17554563315336,0.005218046651903545,0.051601212726104906,0.038358656246706556,0.06163963170337624,-18.15641704086936,63.24367884582942,67.34271658331681,0.0,4301.770396494532,5236.534511598586,9271.65581909014,11134.515528037904
DS3,182.5,183.0,182.51,0.07230667024850845,15.064378540172033,0.005228254867784443,0.06434794150282457,0.04531943759005654,0.07319866691163382,-18.132057902966736,58.627341712981554,81.00501646804652,0.0,3740.304446206777,7352.762111987727,10823.69724784419,12769.277510646347
DS3,183.0,183.5,183.01,0.08079185336828232,15.149570394395498,0.006527323511046272,0.06343576423383636,0.045294305231777625,0.07112689009748954,-15.205409890511556,58.981270768793294,78.5562622581062,0.0,3688.45092372251,6789.980283966268,10453.82123302355,12300.504868625332
DS3,183.5,184.0,183.51,0.0865999385714531,15.273810793896198,0.007499549915014114,0.06236607054441772,0.04555852938295594,0.07272233779154222,-13.202127135609373,59.49742677560601,80.44201521705354,0.0,3695.441356050902,7004.019980701391,10841.582713700023,12703.953350253956
DS3,184.0,184.5,184.01,0.07093589007854462,15.891058867581933,0.005031900391663729,0.0675258739188256,0.042246204985414794,0.07880394403905876,-18.604857488233026,62.06178025649347,87.63022139840156,0.0,4169.980231341544,8543.790421847334,12475.667664252062,14672.54021054616
DS3,184.5,185.0,184.51,0.093201644718647,15.250135108173414,0.008686546017427096,0.061697605786187645,0.04478455413489816,0.07298755364398186,-10.925114382699793,59.39906627893715,80.75548934745727,0.0,3632.1645236907234,6955.477195634315,10882.382632793637,12718.788964777872
DS3,185.0,185.5,185.01,0.0709681585431099,15.080405731162633,0.005036479873435695,0.07207883000091134,0.04408308016997728,0.08339108223940882,-18.593727682741278,58.69392658340518,93.05202837249148,0.0,3764.3774954260316,9561.981368821122,13055.959953960071,15234.341669581894
DS3,185.5,186.0,185.51,0.07989295572042465,14.852119024419414,0.0063828848085295915,0.06749492525800788,0.04844905117303185,0.07893086668043697,-15.515451168038325,57.745510806938356,87.78023869287546,0.0,3553.7307717804583,8397.714246017684,11922.51491994258,13893.049150770474
DS3,186.0,186.5,186.01,0.08828191459178925,15.42577204528325,0.007793697661489161,0.07805126127023226,0.05145566198771681,0.08963136026755593,-12.621992127627925,60.12874889805106,100.42777801323396,0.0,3756.646146936563,10707.581533813569,14756.150530122377,16991.130660307335
DS3,186.5,187.0,186.51,0.08089978247880936,14.796349029925553,0.006544774644883628,0.07304771537067095,0.057244752429119666,0.0834044289946995,-15.168183762053125,57.51381469380925,93.06780368331839,0.0,3516.9454836108116,9369.499349706468,12903.452266300803,14952.45388812277
DS3,187.0,187.5,187.01,0.09249840676784515,15.087907518541723,0.008555955613736503,0.08598976079066656,0.05703758824231284,0.0970066342476202,-11.167670132168654,58.72509271481742,109.14504576372049,0.0,3557.729800426756,12514.488706780572,16486.248741491298,18808.583518630723
DS3,187.5,188.0,187.51,0.10009144246578217,15.737232320149046,0.01001829686794014,0.07358714218763546,0.05234606485097802,0.084138460041897,-8.54873515808635,61.42270877262966,93.93539791681896,0.0,3833.4705418858925,9225.595793595854,13601.434232420328,15728.882479808093
DS3,188.0,188.5,188.01,0.09567254036664963,15.375197594737285,0.009153234869678784,0.07937263404094298,0.0532471830529322,0.09193711402510127,-10.072870920757424,59.9186376416042,103.15308325959418,0.0,3677.3887444312973,11155.87172663057,15311.908797176064,17557.347461591267
DS3,188.5,189.0,188.51,0.10019520670175552,14.702184050483977,0.01003907824472192,0.07586721896290827,0.05712709275304004,0.08717334831644326,-8.512945548046272,57.12260684221271,97.52250990120673,0.0,3323.982008569836,9928.591226184844,13747.697267978825,15766.987900009577
DS3,189.0,189.5,189.01,0.10067257285118103,15.325927709827338,0.010134967369033632,0.096782379175033,0.05159454095459707,0.11421242263412412,-8.348295867219257,59.713946195396346,129.48157354950712,0.0,3623.7131056118255,17349.53553417464,21699.773747251747,24435.16834540244
DS3,189.5,190.0,189.51,0.1069963201880455,15.057363197392291,0.011448212523403199,0.08225177682607553,0.045268160253717354,0.09781250803558032,-6.167154657482305,58.59819651278769,110.09755513513315,0.0,3463.401469680468,12506.066609044734,16688.1524874818,18985.247061609236
DS3,190.0,190.5,190.01,0.10623244941234589,14.46947315214756,0.011285333076113346,0.0898930339445684,0.05082010151473733,0.1039333662097895,-6.430623442529982,56.15581078787091,117.33215546477007,0.0,3186.41156412811,14197.684756427841,18083.95798401287,20412.33254531558
DS3,190.5,191.0,190.51,0.10230295360088348,15.038681247231054,0.010465895640623933,0.08403343414709294,0.053167779665081925,0.09792780423142372,-7.785956726942809,58.52058246105048,110.23383045351403,0.0,3474.5773648673157,12603.417891592899,16709.13031200752,19011.323692490623
DS3,191.0,191.5,191.01,0.10241424292325974,15.413881969300595,0.01048867822751968,0.08826953528823529,0.06031139748574578,0.10428718771506003,-7.747571618508211,60.079351647522486,117.75035779944407,0.0,3658.636697603007,14355.082217073179,18719.647846397595,21232.452622185207
DS3,191.5,192.0,191.51,0.10559432953596115,14.702439794164281,0.011150162043987975,0.08197979390668902,0.05534212814887055,0.09910307302915293,-6.650719136584879,57.123669327823855,111.62294939557516,0.0,3298.482968752101,12871.11778431554,16844.74719265826,19108.71927146577
DS3,192.0,192.5,192.01,0.09707136452198029,14.804558685154158,0.009422849978670279,0.09693792381998126,0.04734592726717474,0.1146557728794102,-9.59039860682086,57.54792165802649,130.00559513919305,0.0,3390.651250272462,17550.80353507626,21540.899732847025,24203.331911995534
DS3,192.5,193.0,192.51,0.09980728477239609,15.49698001777584,0.009961493748082577,0.0886791667853118,0.0553225509965761,0.09905141562245261,-8.646744775183969,60.424581999704905,111.5618924847784,0.0,3713.5829555430587,12942.774285818077,17279.97122110509,19693.61234700113
DS3,193.0,193.5,193.01,0.09926456958055496,16.08610118273248,0.009853453769884939,0.09654287216705117,0.058926144310385085,0.1108792296881616,-8.833934175237056,62.87208240420225,125.54187782396134,0.0,4017.858335112222,16345.293337341216,21104.09644236514,23906.848840254093
DS3,193.5,194.0,193.51,0.10533672571182251,15.319492423991532,0.011095826635526626,0.09712987478885873,0.06006004437437504,0.11472664879257316,-6.73956998509035,59.68721083835421,130.0893675270083,0.0,3598.6169078156818,17434.93762392695,21860.59106254304,24596.46649726908
DS3,194.0,194.5,194.01,0.10696496069431305,15.787360340566567,0.011441502665831315,0.10211632290495101,0.06734801800789612,0.11960211534158728,-6.177970947326399,61.630965337741465,135.8519666428077,0.0,3827.7401710900335,18973.601445530996,23737.61732593724,26682.167832361658
DS3,194.5,195.0,194.51,0.10990381240844727,15.42666596228756,0.012078848026559699,0.09880745403002802,0.0689610030018401,0.11439854697622981,-5.164323462450359,60.13246267097212,129.7015647972091,0.0,3635.481529465612,17262.933024570448,21818.435500394888,24562.835951279158
DS3,195.0,195.5,195.01,0.09755941480398178,15.52248412042073,0.009517839863673001,0.10052482395738896,0.06780599093066361,0.11317953755505109,-9.422063832233706,60.53053864369054,128.2607462535856,0.0,3739.2326787214884,17080.849346145926,21487.026183325823,24244.59160945761
DS3,195.5,196.0,195.51,0.10054788738489151,15.120775768166505,0.010109877973836568,0.10584293973679418,0.07003718583933326,0.12095964703618095,-8.391301476756178,58.8616436639888,137.4565127645562,0.0,3523.468481093393,19528.382016158906,23797.991118992708,26660.03619166824
DS3,196.0,196.5,196.01,0.10594726353883743,15.799849029692068,0.011224822254252587,0.11337765931698524,0.0759590873313572,0.12916524182767883,-6.528987692081505,61.68284952304069,147.155185253583,0.0,3838.0585866045767,22254.18154152531,27076.193466157485,30267.83991985744
DS3,196.5,197.0,196.51,0.10666603595018387,15.863099061843416,0.011398071903399377,0.10601606739203004,0.06951512281786482,0.12266867908334625,-6.281073908798214,61.94562140849194,139.47651771482276,0.0,3867.709604044806,19996.642886518435,24823.881079094248,27860.927391116235
DS3,197.0,197.5,197.01,0.11116812005639076,15.293834443795962,0.012392950382679995,0.10683978363264343,0.07339908832423828,0.12229519218723013,-4.728247609666132,59.580614910992026,139.03507170433653,0.0,3565.804246491509,19800.910224310563,24353.8376005619,27262.967859863664
DS3,197.5,198.0,197.51,0.11501682922244072,15.852089232429956,0.013228939887176475,0.10069941513498704,0.07444376593202742,0.11694563134790686,-3.400778670888731,61.89988113714237,132.7121128135955,0.0,3838.5551956479153,17995.740702968273,22897.13052862576,25790.440095958114
DS3,198.0,198.5,198.01,0.10914742201566696,15.528453537727417,0.011913773717971112,0.10092433191669098,0.07866295142844232,0.11435939924458965,-5.42521216790586,60.55533855267667,129.65529380314788,0.0,3688.8450852916767,17261.79323633333,21866.058989630506,24629.660910271406
DS3,198.5,199.0,198.51,0.11129229888319969,15.850345862366245,0.012393192344045111,0.10628850922573659,0.0815902243097985,0.12185125297103044,-4.685416746555773,61.89263831649709,138.5103539754746,0.0,3846.088523836785,19650.64834668285,24536.218560015965,27547.284603510187
DS3,199.0,199.5,199.01,0.11223115772008896,15.802188689779253,0.012595833116930934,0.09499371840366992,0.08786794678879176,0.1088769111313384,-4.361592344633946,61.69256962707088,123.17522039146776,0.0,3818.9447136867793,15547.863124222675,20316.730594452627,23004.53791702664
DS3,199.5,200.0,199.51,0.10966803878545761,15.658309802810901,0.01202707820921963,0.10945970378380095,0.08149342217547731,0.1252189037176449,-5.245644795811333,61.09482563992422,142.49077739129845,0.0,3752.7656007943756,20815.508271658102,25584.36775989017,28641.111364427772
DS3,200.0,200.5,200.01,0.10684558749198914,15.661515681813066,0.011415979281239904,0.09937572300979824,0.07897487540101153,0.11143593457742612,-6.219144289184812,61.10814444532676,126.19987989830345,0.0,3764.0879607731745,16393.966214256245,21021.671441372157,23742.634818329134
DS3,200.5,201.0,200.51,0.10804549604654312,15.243499161194126,0.011673828982306055,0.1167272089384336,0.07748218614941177,0.13143400160008906,-5.805280506076856,59.371497276358156,149.83676514486461,0.0,3550.720262648506,23031.030414293728,27567.108194304554,30699.012380962326
DS3,201.0,201.5,201.01,0.10242312401533127,15.296709243248133,0.010490495206324921,0.0990462238465618,0.07619531068842897,0.10879486525245766,-7.744508416442599,59.5925582483572,123.07824556775806,0.0,3600.422359094209,15667.173035873184,19994.000849737673,22590.21441271211
DS3,201.5,202.0,201.51,0.11332860589027405,15.943660894762708,0.012843371950511637,0.09610677158692407,0.07493882079835247,0.10919618508256385,-3.9830684564977097,62.28031506810867,123.55258895107802,0.0,3889.1790779596413,15628.080636800338,20499.126697134503,23223.418513007782
DS3,202.0,202.5,202.01,0.10337129235267639,15.77669550606811,0.010685623771287171,0.1070827325459414,0.06575042433668246,0.1223454930464724,-7.417473048932701,61.5866583457311,139.09452523233827,0.0,3837.259092072806,19942.620242410227,24660.372312747604,27677.684808104972
DS3,202.5,203.0,202.51,0.11700969189405441,15.793391680280266,0.013691269047754813,0.08517534918303557,0.06826040695497795,0.09885427237130794,-2.7134148869083363,61.656022503002234,111.32887734390704,0.0,3805.282263437445,12659.213311792126,17398.707527827843,19864.968110403246
DS3,203.0,203.5,203.01,0.10824503749608994,15.99882852964232,0.011716988851764162,0.10485354014626591,0.0700016163373486,0.12094008220772985,-5.736456112015437,62.50950868177379,137.43338794932066,0.0,3932.1048596546607,19394.36072790116,24317.274339887033,27336.836507229997
DS3,203.5,204.0,203.51,0.11046656966209412,15.80147412561502,0.012202861845780196,0.08145732371004005,0.05727073153945382,0.09425635973061147,-4.9702212993465205,61.6896009744659,105.89433542849629,0.0,3823.3336455179656,11533.798838138935,16161.719279575937,18516.118578889018
DS3,204.0,204.5,204.01,0.12223419547080994,15.821922063360866,0.014941198614462477,0.09444781772440931,0.05600760417074096,0.10997783104243641,-0.9114168872017585,61.774551811205534,124.47646203521202,0.0,3816.117795321404,15752.519957127224,20665.72506528937,23405.959450264174
DS3,204.5,205.0,204.51,0.10518402606248856,15.123545937364488,0.011174045037995722,0.07662039224256695,0.06960198712163466,0.08957956817594825,-6.7922380440959795,58.87315231558018,100.3665619104665,0.0,3502.858784472429,10436.599397785923,14572.627035306681,16705.322798144854
DS3,205.0,205.5,205.01,0.11273257061839104,16.265696172062736,0.012719894809771957,0.11271827605452259,0.057930889511434526,0.12839682066860547,-4.188648633046225,63.61820872791674,146.24694333512844,0.0,4058.869941930046,21872.926757544217,27088.437940546566,30353.5562381941
DS3,205.5,206.0,205.51,0.11159348115324974,15.791481482547045,0.01247634999801011,0.07535095825151615,0.05530297147511329,0.08853591014920206,-4.581535135565602,61.648086597788115,99.13300143750199,0.0,3815.0951354188655,10105.555426961895,14693.974967334916,16924.68091909081
DS3,206.0,206.5,206.01,0.11041098460555077,15.895028951816496,0.012199521336907024,0.09432296237143045,0.04358582427627817,0.10723707499053968,-4.989393295160695,62.07827394802583,121.23700213070798,0.0,3871.5601971624633,15089.669727526487,19876.361840204438,22542.57617268966
DS3,206.5,207.0,206.51,0.10879773274064064,15.688363555406946,0.011890161139420109,0.06665391586327615,0.039363896850853446,0.07840145022486827,-5.545824464339122,61.21968377779285,87.1544904146175,0.0,3770.8106099924694,7858.121625544166,12271.019460690313,14270.197815906684
DS3,207.0,207.5,207.01,0.09580156207084656,15.35691649437758,0.0091788368163349,0.08900352581011815,0.028761994734099884,0.1045226504022557,-10.028369687393164,59.84268891800279,118.02866492336678,0.0,3667.4814812279187,14529.34991063444,18755.326671187257,21282.58180513375
DS3,207.5,208.0,207.51,0.1141519695520401,15.830104392319528,0.013034830794835707,0.0550743979110136,0.03708815100307837,0.0659252822070813,-3.699079815330982,61.8085452485955,72.40817761253255,0.0,3828.9258407021125,5400.149653347014,9838.142708855165,11631.299526825665
DS3,208.0,208.5,208.01,0.09858373552560806,16.03321306297026,0.00971934226124185,0.0722515958597364,0.027747840296724606,0.08656124226392295,-9.068762534931343,62.65235902264513,96.79902595119538,0.0,3994.16336679328,9807.519166466362,14351.907204498637,16584.465062101863
DS3,208.5,209.0,208.51,0.10670818015933037,16.001420259642032,0.011407120334568354,0.04845642794437978,0.026617466382309406,0.05823704984248415,-6.266537832888707,62.520276008768576,63.32100604015316,0.0,3938.9963753486445,4206.073409072717,8603.160806166099,10263.12565109932
DS3,209.0,209.5,209.01,0.1096658818423748,15.618389128936187,0.012027878281161562,0.04803356728225777,0.025248412836712617,0.060838511240480606,-5.246388753024415,60.928975435809825,66.39582544485444,0.0,3732.5529897519523,4587.034355703107,8820.735842892023,10474.020350958885
DS3,209.5,210.0,209.51,0.11371110379695892,15.638284236321839,0.013012354836717095,0.03576837485771095,0.024592765700446908,0.04613960999663025,-3.8511400440443797,61.01162954207927,49.02233421904288,0.0,3732.025883418409,2500.1207130790503,6643.912075119331,8059.700772944001
DS3,210.0,210.5,210.01,0.12230551987886429,14.903646174367363,0.015038003711103679,0.02041525475859383,0.03139190510053889,0.028418628914943046,-0.8868161880624128,57.959580047430634,28.076870049449084,0.0,3359.3426973658175,806.8884841740744,4434.821642035848,5530.282295390509
DS3,210.5,211.0,210.51,0.1295546516776085,15.451822829655896,0.01683005085570086,0.035809165654873604,0.02940235890186436,0.04552051077978479,1.6135019395899415,60.23697672804969,48.290584639034556,97.19247878574234,3634.044108375606,2350.054692091779,6464.577191360058,51515.39334049028
DS3,211.0,211.5,211.01,0.10552512481808662,16.00914536729492,0.011153224479140848,0.017200445207861074,0.03714365735768583,0.02364787314095677,-6.674588727513095,62.55236992294092,22.438034723950366,0.0,3947.6583469334023,592.8520759256928,4669.3209570254085,5761.680745510596
DS3,211.5,212.0,211.51,0.11317339912056923,15.247553650846594,0.012808232925204957,0.03550155945852338,0.03361358923509035,0.04326156423373796,-4.03660125333478,59.38834162970129,45.620603574038874,0.0,3537.89806912497,2173.7498173685394,6078.097895756592,7389.071676090244
DS3,212.0,212.5,212.01,0.11820473521947861,15.598294486678892,0.01401215654567034,0.01864038188484162,0.03487896706219039,0.025235804051512517,-2.30122918345545,60.84549236309323,24.31490315677131,0.0,3704.581172072369,619.063724279782,4557.822801626903,5676.35562449498
DS3,212.5,213.0,212.51,0.14328529685735703,15.774050918401327,0.022376019012826077,0.02848114404492571,0.04451994772237551,0.027628537529604157,6.349376800250495,61.575671421870275,27.14301482292204,390.96713958587054,3842.0974238025883,746.3100437782953,4824.98678415355,945314.6364988162
DS3,213.0,213.5,213.01,0.11606305092573166,14.937568225105633,0.01378428021171136,0.03206904240665186,0.04972406852020295,0.03906340039665007,-3.0399234453381596,58.100509007111455,40.65854815382978,0.0,3381.070616608371,1717.2830253838122,5439.366869406002,6654.659487602696
DS3,213.5,214.0,213.51,0.11427363753318787,15.312203482868156,0.01339197970156272,0.04136620199556733,0.03791546390953107,0.04429451440892403,-3.657114974952259,59.65692897545571,46.84150781086431,0.0,3567.488211208911,2282.1961281936265,6237.516932542912,7578.338738570736
DS3,214.0,214.5,214.01,0.14356479793787003,15.38257183871695,0.022039327057530166,0.03828707476756603,0.04098536521598205,0.046556136373474805,6.445780292103979,59.94927389471594,49.51465110949451,386.41984819650355,3645.5411255137774,2451.919319606383,6559.79422812074,919152.4964641867
DS3,214.5,215.0,214.51,0.13063952699303627,15.574994646561136,0.01869913640157724,0.05045548998306352,0.03253213870783748,0.0524183481793101,1.987689289567017,60.748693314773305,56.44354216624194,120.74952705696636,3697.8923024964306,3209.5572716848355,7469.539493651959,81047.93705452788
DS3,215.0,215.5,215.01,0.12466030567884445,14.934651625642752,0.0170510411134729,0.047854755432502005,0.030922569378671907,0.05418265910958828,-0.07462049540736859,58.08839201184839,58.528884462123784,0.0,3374.6725127426816,3477.440159577289,7388.016446297188,8884.857232328324
DS3,215.5,216.0,215.51,0.12624114751815796,15.802220444127451,0.0166319969956445,0.021576292331171344,0.0410291093908114,0.027054739296686708,0.47063204207188913,61.69270155032316,26.464809125802454,29.034562111560188,3807.5047481576107,707.9297064636543,4796.720805224393,6388.6945262669
DS3,216.0,216.5,216.01,0.12632913142442703,15.595248204428525,0.01635160420369787,0.049830703866206374,0.027902629898875656,0.05928871973770613,0.5009788148846471,60.83283660145457,64.5640362091417,30.475962386668094,3702.1983513281425,4222.5742290844055,8548.656667974523,10039.18825126425
DS3,216.5,217.0,216.51,0.13376916199922562,15.151053088986792,0.017901658482231082,0.03496580848682716,0.025207424073779024,0.043466092056604386,3.0671403681453073,58.98743061472617,45.86234697220551,180.922729651597,3493.9140689711203,2109.5624300078107,6051.947792211044,189514.42745496973
DS3,217.0,217.5,217.01,0.12176379188895226,15.190150886173454,0.014829333261729971,0.05380132264191268,0.022771098280912644,0.06265384619265521,-1.0736650895637447,59.14986218249434,68.54147601698203,0.0,3498.825056815743,4786.723352752235,8898.522621491044,10561.347363429864
DS3,217.5,218.0,217.51,0.12389535456895828,15.291484018625276,0.015427195522523165,0.031480771666877724,0.023201787327373796,0.03944235071246645,-0.3384619015116843,59.57085008348592,41.10645169965493,0.0,3548.842739300117,1718.292851438349,5664.197856541083,6980.731824867473
DS3,218.0,218.5,218.01,0.11265472695231438,15.244526629104598,0.012708543893501043,0.0355715924785047,0.021753976809726065,0.04361042048595186,-4.215497907527358,59.37576588573102,46.032937185671464,0.0,3537.620203619562,2216.0267363202424,6118.458604206975,7432.598646749044
DS3,218.5,219.0,218.51,0.12860505282878876,15.412494556726141,0.016647589713858588,0.033454600122659654,0.021647597295425557,0.04274262903747402,1.2859731704050446,60.073587650166466,45.00724370927834,77.2530219680899,3612.942368234063,2043.1389630652054,6103.643841230027,32226.327508548417
DS3,219.0,219.5,219.01,0.11658001691102982,15.530064145447732,0.014149566957415921,0.04886365644229895,0.020692868016922834,0.05917304266546315,-2.8616152754350326,60.5620298129495,64.42731071066393,0.0,3672.2345747965446,4265.8670411673065,8493.69528226421,10125.402991476913
DS3,219.5,220.0,219.51,0.11413426324725151,15.291930750088243,0.013036899618945707,0.041718138311202704,0.014484188015070308,0.0504504119654525,-3.7051869459592757,59.57270602671349,54.117523236172865,0.0,3557.7357879296655,3035.175950416837,7035.495208057046,8472.419140054375
DS3,220.0,220.5,220.01,0.11018031463027,15.65132914556232,0.012151470264960551,0.04511796266242572,0.014601038689918945,0.05430837978604102,-5.068954315254097,61.065824540564954,58.67748108394058,0.0,3747.669223455709,3593.039958326282,7791.956806349657,9335.63550269921
DS3,220.5,221.0,220.51,0.10887434333562851,15.68388494986747,0.011853622209514074,0.02534538622391113,0.012893254017564219,0.03331962973533215,-5.519400491822636,61.20107743749908,33.86964961427193,0.0,3768.282437788956,1240.892819791063,5256.063233728186,6459.031525312974
DS3,221.0,221.5,221.01,0.10477150231599808,15.311191915526006,0.01097725044286197,0.030210530097587885,0.016063005164626734,0.038566713350127665,-6.934522752123483,59.65272642490014,40.07148467870496,0.0,3596.8861796599576,1746.4362827602954,5580.116296261567,6803.735671420554
DS3,221.5,222.0,221.51,0.10700736939907074,15.304832747950089,0.01148035967299125,0.02012314560524394,0.01888805000885917,0.027408390401821754,-6.163343643503025,59.62630730071969,26.882810054588397,0.0,3584.770125044048,812.5624613370147,4562.101727820755,5622.73952080195
DS3,222.0,222.5,222.01,0.10474483296275139,15.227995028193666,0.010971647213238869,0.01200552872081187,0.016963094341608573,0.015934508906624695,-6.943721352621685,59.30708544726898,13.321158324585308,0.0,3555.9358642922957,251.69014318387022,3844.9357291570686,4733.228468780916
DS3,222.5,223.0,222.51,0.08873661234974861,16.068469008646755,0.0078890925710553,0.020246903928696977,0.0239787141729407,0.027195212669019454,-12.465161064489351,62.79882964097797,26.63084282187237,0.0,4080.399532650493,958.7784210854973,4950.535663963221,6096.092542907067
DS3,223.0,223.5,223.01,0.09777554124593735,15.315457103984503,0.009573806943448955,0.0204444709733076,0.023877862634165713,0.025587082719472923,-9.347519062502782,59.67044612518997,24.73009996327943,0.0,3634.743033134814,765.9842755493485,4435.192784013896,5457.354991051382
DS3,223.5,224.0,223.51,0.10376521572470665,15.87652617791829,0.010771761435033628,0.008997543116289107,0.03056209073957082,0.013455457161129782,-7.281603847580365,62.001404283016406,10.391022048807006,0.0,3886.6588926846134,181.93114007696954,4080.582475525934,5009.761227999714
DS3,224.0,224.5,224.01,0.10686054453253746,15.080813265026492,0.011432528863067129,0.03213275382682305,0.032076839331452,0.04091207484652505,-6.213985414900655,58.695619680438476,42.84360462855929,0.0,3475.327677926705,1967.2209027570666,5717.364328065966,6950.393974437529
DS3,224.5,225.0,224.51,0.09799278527498245,15.758391389838078,0.009860940837266815,0.015916576563310636,0.03188683962746418,0.02065285731410997,-9.272588822713265,61.51061400283218,18.89805031792823,0.0,3856.0645777249115,492.64494781087865,4353.356131424226,5357.640398276074
DS3,225.0,225.5,225.01,0.08099393174052238,14.784157806904703,0.006568146941175159,0.0441899815088517,0.03620735332822188,0.05303372661754238,-15.135710479417133,57.463166329687006,57.17089394035194,0.0,3510.201922438892,3761.5664984881682,7138.8217648767895,8590.509821191725
DS3,225.5,226.0,225.51,0.10044413805007935,15.832110231333639,0.01019479520054113,0.02417912314771717,0.0380328246107066,0.03119475199041645,-8.427085947195476,61.81687849494688,31.358132307992985,0.0,3880.0921324262054,1134.755823555518,5145.901023372787,6318.138457457387
DS3,226.0,226.5,226.01,0.09233945235610008,15.662954540142168,0.00853361011036529,0.032637093980492006,0.04241240186300995,0.038819636321029895,-11.222495538602205,61.114122173766965,40.37042913331952,0.0,3844.5601714824743,1892.8020283270746,5794.241539185248,7069.041335205117
DS3,226.5,227.0,226.51,0.08991759642958641,15.235408298761167,0.00808911480552431,0.034471923100479564,0.046825310030111485,0.04299665256986027,-12.057824574373553,59.337883836109654,45.30748898189072,0.0,3649.295422673207,2364.6627739207306,6040.070699668387,7334.901940571042
DS3,227.0,227.5,227.01,0.09395765513181686,15.163046348542478,0.008828108238168634,0.03573006570608478,0.04637299511097008,0.04171731180735845,-10.664356737064214,59.03725654080022,43.79536129673823,0.0,3584.153043262778,2176.367239573918,5852.176301425575,7107.3225542820755
DS3,227.5,228.0,227.51,0.09672284126281738,15.627715313548375,0.00935530713977073,0.058559132641494066,0.040353610090215174,0.07035632678856393,-9.710608729492991,60.967721014764585,77.64548840743132,0.0,3797.343929352575,6398.668658006298,10566.548127084388,12399.749474082033
DS3,228.0,228.5,228.01,0.09402376413345337,15.911417281110483,0.008840468067936294,0.03577484265072078,0.04187401564871756,0.042234284533774646,-10.641554898198297,62.14635916540047,44.40640160358656,0.0,3959.7142864671873,2231.916707397426,6313.4922324792915,7675.764707046873
DS3,228.5,229.0,228.51,0.09133211523294449,15.991661136153546,0.008341555249058687,0.060336929354030865,0.0474853324639218,0.07221455236051764,-11.569938975914162,62.47973178780621,79.84183391206032,0.0,4020.374149199759,6831.469525656722,11143.294008162728,13084.826236270355
DS3,229.0,229.5,229.01,0.09214626252651215,15.459295634771701,0.008490933940364757,0.056323763965423795,0.04713061896124436,0.06590299163913106,-11.289129177830624,60.268022452820105,72.38183108633463,0.0,3743.4785045337812,5646.402278206055,9626.915040717691,11359.061705436903
DS3,229.5,230.0,229.51,0.09117207676172256,15.696291414802648,0.008312347188224342,0.05784917049421783,0.04086279431942788,0.07103140871596685,-11.625138288304546,61.25262002288465,78.44340722788365,0.0,3870.064841535252,6605.23495307694,10738.306877116564,12610.582095075386
DS3,230.0,230.5,230.01,0.08891663700342178,15.490202934045692,0.007906168574949548,0.056112573955181516,0.046382773695198734,0.06545958107823696,-12.403068262551146,60.39642664532706,71.85773820610326,0.0,3783.6761884630596,5614.645741375992,9562.84801164387,11302.464761029396
DS3,230.5,231.0,230.51,0.08125351369380951,15.179493446477906,0.006602133610834294,0.0495872111025185,0.05202357562094411,0.0580270370925888,-15.046177348907955,59.10558591214903,63.07277968587774,0.0,3698.50077182844,4499.516541110575,8116.6270907052685,9709.454198329197
DS3,231.0,231.5,231.01,0.09571272134780884,15.843869736319263,0.00916092382282072,0.052705038791383635,0.048015226957451036,0.061093623933583946,-10.059011987250845,61.865733289038545,66.69735806023128,0.0,3913.809200325037,4781.601184744841,8989.841052716542,10678.675766815726
DS3,231.5,232.0,231.51,0.08780739456415176,15.763520473682853,0.007710138271143702,0.03704940334733461,0.04280051286324,0.045020444637473754,-12.785660144705725,61.531922751408054,47.69952721292925,0.0,3930.857370616533,2624.3679197120437,6570.361876592087,7974.823986929417
DS3,232.0,232.5,232.01,0.09854666888713837,15.497990884346866,0.00971144542075248,0.04476982419738166,0.03756377553098554,0.05366614343766154,-9.081547291874646,60.428781638910976,57.91838437471298,0.0,3721.1514745470135,3616.8816622994473,7611.654549839281,9110.303722976581
DS3,232.5,233.0,232.51,0.08993305265903473,15.245359876143791,0.008087954283411926,0.03611136214412994,0.03515083492782148,0.044869357551856025,-12.052493523463225,59.3792276056399,47.52094854825448,0.0,3654.0713427559026,2579.5291826848656,6273.152355829944,7600.756133023056
DS3,233.0,233.5,233.01,0.09144730120897293,15.006337701731526,0.008362608392840877,0.04072022935387551,0.029443802100549938,0.051695164347766255,-11.530209861875274,58.38621139207218,55.588768891455004,0.0,3525.838578073106,3427.9433824937732,7060.55470937519,8469.765953592818
DS3,233.5,234.0,233.51,0.0958605632185936,15.801344489441611,0.009189248059476383,0.03623774715896617,0.027600854013744666,0.042679455811715,-10.008019438099895,61.68906240174822,44.93257557829204,0.0,3891.0752745994228,2260.7380234775214,6305.756331712573,7658.75433120995
DS3,234.0,234.5,234.01,0.10173840075731277,15.19947110653092,0.010350702683254949,0.028651496868428692,0.03087404693739732,0.03712138386682982,-7.980678211940786,59.18858298298804,38.36316521455539,0.0,3555.877349495503,1633.2308862205011,5370.5776756026535,6553.38100550881
DS3,234.5,235.0,234.51,0.0962161123752594,15.255066557247424,0.009257540225644907,0.02957717664031763,0.024076932538419596,0.03521868809969151,-9.885385993659416,59.41955395502376,36.114257784852356,0.0,3614.4760482820625,1510.2562839942866,5209.594780172138,6369.828407660467
DS3,235.0,235.5,235.01,0.09589698538184166,16.060434995339065,0.00919623435989974,0.030820653052898994,0.015086033545392848,0.040391280683678296,-9.995456968890378,62.76545238008504,42.22804754245006,0.0,4024.559771769202,2014.4969793850353,6183.890890525165,7533.545402127204
DS3,235.5,236.0,235.51,0.10231932997703552,15.41387294090365,0.01047069703138802,0.026185373571123133,0.016672251788460418,0.030025965070371606,-7.7803083056842395,60.07931413910064,29.976674676339197,0.0,3659.0921232356714,1030.5235387594794,4825.446896790294,5928.508025104654
DS3,236.0,236.5,236.01,0.09257184341549873,15.274222555661074,0.008595471741557899,0.021693360251802185,0.02374777864129149,0.02950048619882452,-11.14234089461857,59.49913743742914,29.355580458974334,0.0,3648.513424404323,1080.701454277658,4709.833952904182,5788.4841797056
DS3,236.5,237.0,236.51,0.09529140219092369,15.605544075550066,0.009080758543881216,0.023360263154032876,0.02088557825936751,0.028420373704600113,-10.204330344639466,60.87561073729211,28.078932318410217,0.0,3795.2342953795983,976.0263259148655,4796.813915962097,5896.563753971014
DS3,237.0,237.5,237.01,0.09488895907998085,15.242530373886591,0.009004258234038116,0.017118662129120044,0.022129183203993995,0.02433972634623252,-10.343138112738469,59.36747245520402,23.255776498794706,0.0,3616.8923591724397,716.3826052373827,4312.474565595889,5308.551956818349
DS3,237.5,238.0,237.51,0.0916348248720169,15.757492015320409,0.008398692592282861,0.024303512024181354,0.018172798368056825,0.02901485779654947,-11.465530555843916,61.50687755670407,28.78158784238605,0.0,3897.7652318529367,1054.9643649573825,4924.535762346816,6055.51247560305
DS3,238.0,238.5,238.01,0.09574239328503609,15.008977487506673,0.009166668749754098,0.01365746850264233,0.015108656280524359,0.018873418237477284,-10.048777757195225,58.39717836650252,16.79482718091462,0.0,3497.2763013717054,430.0967415203785,3872.9937439666355,4765.342463732485
DS3,238.5,239.0,238.51,0.09636766836047173,15.85005925392161,0.009286918949191363,0.01641188148356266,0.01566925245368385,0.022063735216598362,-9.833112399013745,61.89144760340459,20.565649443395422,0.0,3912.83597751463,576.9147531475683,4484.571366312274,5519.436338592089
DS3,239.0,239.5,239.01,0.09797403961420059,14.85308700384936,0.00960324430364956,0.014549648226613683,0.014486775463458687,0.02164498254555334,-9.279054440496049,57.7495322717698,20.070701165596113,0.0,3408.419737160919,541.8380468115821,3947.398543217991,4860.05038235579
DS3,239.5,240.0,239.51,0.1111399494111538,15.6574545314298,0.012356814989720633,0.014105073153727266,0.013748358787526616,0.019724352396749696,-4.737964024943043,61.09127242001681,17.800596041090323,0.0,3748.027114411074,365.01346531221253,4249.071855378182,5262.342563606217
DS3,240.0,240.5,240.01,0.10094713419675827,15.820513261493096,0.010191418910951346,0.011099739258914807,0.01518699804080857,0.01596480696031429,-8.25359615302475,61.768698952156626,13.356969366594695,0.0,3871.5167322469915,277.2118264146065,4151.448417216854,5101.3578181182875
DS3,240.5,241.0,240.51,0.1048826165497303,15.479776915020816,0.011003337676881022,0.01474109049385242,0.011768027670195559,0.018964091164934346,-6.896198033998064,60.353111810792875,16.90199881799552,0.0,3680.356435798507,366.7492760011043,4116.676989833469,5075.507392434447
DS3,241.0,241.5,241.01,0.09929034113883972,15.583734583224345,0.009862882652533815,0.00907934058116542,0.014731492773059962,0.01300261904687186,-8.825045235685923,60.78500333008239,9.855786191768743,0.0,3760.0478285321874,198.9358344697447,3912.128265752105,4791.978931568317
DS3,241.5,242.0,241.51,0.10777678713202477,16.01135063889461,0.011616888023733432,0.015238750116696807,0.012043455573372176,0.02085801714275361,-5.897961642064536,62.56153171079259,19.140540720693576,0.0,3940.2353051811606,434.7664931153404,4499.473144398339,5559.713389250958
DS3,242.0,242.5,242.01,0.10463113337755203,15.089107139973564,0.010947675266109217,0.009311686717067828,0.012524463898970323,0.013595841695996291,-6.982937791482646,58.730076534979254,10.556950742678826,0.0,3488.4052516635975,180.65822226008135,3682.7242143248895,4524.656757988092
DS3,242.5,243.0,242.51,0.09855341166257858,15.513250953522,0.0097127751332818,0.012265843722283487,0.016360466122358266,0.018128042386809904,-9.07922162252114,60.492179506277616,15.913823860552874,0.0,3728.765803061766,376.07947613563084,4091.7538491586156,5032.051420106874
DS3,243.0,243.5,243.01,0.09908644109964371,15.446940172223673,0.009818122338271075,0.009439081284223992,0.017885619725338052,0.013156087599064333,-8.89537296297585,60.21669175655106,10.03717965109751,0.0,3692.536385046968,204.42799683577437,3847.4071990371967,4713.576125594827
DS3,243.5,244.0,243.51,0.10140316933393478,15.42967402246087,0.010282601628493322,0.011724699131661728,0.01601374070468857,0.016107782536944,-8.096303810716062,60.144959639217134,13.525960564295328,0.0,3671.522119621614,279.03262504812614,3954.95533055788,4861.771826524304
DS3,244.0,244.5,244.01,0.10292857885360718,15.216836038641251,0.010594292746082503,0.010396682114717485,0.013692456196876958,0.014324739062704992,-7.570170588142971,59.260725491002034,11.418477178903359,0.0,3558.62464449221,211.6627563452247,3773.8664813305377,4635.677163313301
DS3,244.5,245.0,244.51,0.09912703931331635,15.657700068483113,0.00982616988545241,0.010430206052190699,0.015382799884360261,0.015176585314961188,-8.881370120647397,61.092292502256335,12.425324095131552,0.0,3798.350882897239,263.77951956479444,4033.0739637423903,4950.345501319904
DS3,245.0,245.5,245.01,0.10125651955604553,15.87026069339268,0.010252882693682765,0.01017854241032814,0.016272474341757884,0.014478279167757692,-8.146885191804513,61.9753743645158,11.599955210743275,0.0,3895.4660725939993,227.07757566412508,4116.051697376605,5052.201152984004
DS3,245.5,246.0,245.51,0.09771502017974854,15.116905283086835,0.009548226158513905,0.00999165389889777,0.012157292790389537,0.014794657392928031,-9.368393551075737,58.845563756557894,11.97390114233693,0.0,3537.516951805175,262.06853098604915,3742.073517045763,4591.938944769346
DS3,246.0,246.5,246.01,0.09846223145723343,15.540627938750847,0.009694810417379863,0.008939162388321821,0.012488229922023836,0.01371497856625136,-9.110670839701472,60.605917029909875,10.697765578815849,0.0,3743.0409982443475,224.26762117353178,3915.559748012731,4799.000342325757
DS3,246.5,247.0,246.51,0.09539441764354706,15.871324923511237,0.009100093768019235,0.010771456949615562,0.011963924994213353,0.015713359907878602,-10.168798999538645,61.9797957022653,13.059769386352954,0.0,3929.962535375774,310.58088125349457,4167.337090949767,5113.793051268966
DS3,247.0,247.5,247.01,0.09753606468439102,15.460864096258014,0.009513283841499347,0.010876374700022296,0.013084724342215942,0.017467780472725587,-9.43011758665789,60.27453861681239,15.133421680772217,0.0,3708.5012241733275,357.64708957734297,4032.8266712245654,4957.2367932349625
DS3,247.5,248.0,247.51,0.09991589188575745,15.51967678941231,0.009983186764508723,0.011601964584697278,0.013360719846748323,0.01708716080418554,-8.609284794889993,60.51887560357693,14.68354502931037,0.0,3724.378158596026,325.0124781084674,4045.259750016028,4973.509620036222
DS3,248.0,248.5,248.01,0.09294581413269043,15.50550353467311,0.00863892425820012,0.01059357751842186,0.015540780508521325,0.01700865151637969,-11.013353618712298,60.459992900373095,14.590750309473039,0.0,3760.8644065241324,378.5331806719692,4034.319446168771,4957.6715036283
DS3,248.5,249.0,248.51,0.09584049135446548,15.723329660832366,0.009185400482401858,0.012935652131912313,0.014654813363354304,0.01762157782324903,-10.014942480352207,61.3649502565124,15.315203766082167,0.0,3851.3940445448247,377.4208345402616,4176.31145182626,5132.449443564676
DS3,249.0,249.5,249.01,0.09628550708293915,15.390788553606185,0.009270898844405906,0.00871372231004534,0.01618810981199692,0.012055165921542996,-9.861450872821239,59.98341018825161,8.735935919514178,0.0,3681.2376560040448,197.25795729458983,3781.722102498149,4624.889761478833
DS3,249.5,250.0,249.51,0.102193184196949,14.694781927374024,0.010443445835575303,0.011709901881813346,0.01614417367036933,0.01743110290618638,-7.823817596097721,57.091854765418645,15.090070319341741,0.0,3310.1856034800544,322.14861636268597,3647.4716049591784,4489.512822094501
DS3,250.0,250.5,250.01,0.09698063135147095,15.531773644996273,0.009405241970627051,0.008804548606043834,0.016839298821211254,0.013742902928609543,-9.621693635977755,60.56913191873932,10.730771016186159,0.0,3747.402278376269,236.11804669095497,3912.0429146878437,4793.605458684143
DS3,250.5,251.0,250.51,0.09432131797075272,15.212799202498976,0.008896511104306547,0.01657752426318347,0.015853102293588228,0.020744153936475326,-10.538924779998355,59.24395447906287,19.005959136505698,0.0,3606.0741086443068,528.4017803084638,4076.178085146358,5017.931040059582
DS3,251.0,251.5,251.01,0.09869813919067383,15.310588326032638,0.009741322807315496,0.010415821439898791,0.015780169365884496,0.014270271899523056,-9.029303249933468,59.65021881591061,11.354099252557871,0.0,3626.953013656692,238.69710357193924,3819.0987849542294,4684.270240600251
DS3,251.5,252.0,251.51,0.0960293635725975,15.290920172902352,0.009221637280525385,0.014896852172789854,0.01679857321916359,0.020252247912685848,-9.94979804045015,59.56850758975625,18.42454663182574,0.0,3633.349384474915,489.90395310073154,4088.5226005498407,5031.6686035626
DS3,252.0,252.5,252.01,0.0958009883761406,15.327859892201886,0.009177829289345062,0.009864558731049862,0.013518999277370911,0.01441323492683905,-10.028567562023243,59.721973435673156,11.523075617490523,0.0,3653.079502490315,265.14327611417235,3833.3567917079117,4700.748774292664
DS3,252.5,253.0,252.51,0.09433498978614807,15.489379160775,0.00889909014847924,0.013758619749571783,0.01193877048012867,0.018915254561240737,-10.53420919628158,60.39300428413353,16.844275979281687,0.0,3743.1729347367386,444.05106513938097,4119.113684501667,5066.5928316511545
DS3,253.0,253.5,253.01,0.09699095785617828,15.79560461698498,0.009407245960179327,0.01169711612600923,0.013609859698231521,0.0152137526910877,-9.618131892636365,61.665216135487526,12.46925439116579,0.0,3881.0786759064363,281.06909474847305,4106.528487543827,5038.129929230303
DS3,253.5,254.0,253.51,0.09331651777029037,15.67584981270603,0.008707972833181069,0.012116959793918207,0.01244988836449159,0.019205284551500963,-10.88549320027731,61.16769550756236,17.187079390735068,0.0,3844.1539509332933,465.8914838915463,4231.077395956863,5204.548729090731
DS3,254.0,254.5,254.01,0.09922978281974792,15.715509980555362,0.009846549930412686,0.013121946725866186,0.013087785620979366,0.016728010322245482,-8.845932573260832,61.33246344093107,14.259044065380012,0.0,3827.130906313901,316.6675574763671,4130.406737993543,5075.750472479141
DS3,254.5,255.0,254.51,0.09919016808271408,14.927031677635869,0.0098386910198628,0.011641346266422456,0.01606566473829455,0.016598274394680815,-8.859596201937727,58.05673498280502,14.105701583392777,0.0,3436.921607461992,312.21379500577086,3723.538052014288,4577.16628225258
DS3,255.0,255.5,255.01,0.10124953091144562,15.381064040594943,0.010251468102661457,0.010876402708219567,0.015490406507594083,0.014762886176120352,-8.149295664570909,59.94300975631278,11.936348882662248,0.0,3648.0897026549587,235.83116641870657,3874.1102334386724,4757.174934335098
DS3,255.5,256.0,255.51,0.10087942332029343,15.969722497082348,0.01017665774943429,0.009429525280273464,0.012705800266055504,0.015395849784659169,-8.276950498974648,62.38858784120428,12.684485598242123,0.0,3948.716227173235,258.54353121593886,4205.883033293563,5165.629502255508
DS3,256.0,256.5,256.01,0.09986943751573563,15.278817393571067,0.009973905016630782,0.011346092907278385,0.011912970779444901,0.016993832587649912,-8.62530750032547,59.51822666442055,14.573234950740328,0.0,3604.709955081386,321.8419979186557,3917.724540209085,4816.858703456849
DS3,256.5,257.0,256.51,0.09575238078832626,15.330855478983564,0.00916851873414299,0.00983742531390462,0.012978493156876414,0.012958802324606729,-10.045332939771606,59.73441858328623,9.803996644564622,0.0,3654.8752151347044,224.09219784342326,3781.525450745573,4629.891396632189
DS3,257.0,257.5,257.01,0.0931372195482254,15.68730336847979,0.008674541335915128,0.010797065461296211,0.012468919254849435,0.016435122650785106,-10.94733544667743,61.21527923745819,13.912862993349604,0.0,3851.2225828914598,355.39777400788955,4102.47645552289,5038.183767984069
DS3,257.5,258.0,257.51,0.09872639924287796,15.348129259852374,0.009746902000277736,0.012326893570429936,0.011425419923026647,0.019693285366925592,-9.01955599705187,59.80618240400504,17.76387610120455,0.0,3645.3903949522055,442.07040805394564,4087.3854276810166,5030.262488006565
DS3,258.0,258.5,258.01,0.10266232490539551,15.301093432057055,0.010539552134023071,0.009898763021791625,0.012006932962533108,0.014701122611755752,-7.6620049749019445,59.610772334900865,11.863346912939363,0.0,3601.4403412452116,224.68593330691093,3831.0554670093425,4706.8261185279525
DS3,258.5,259.0,258.51,0.10149496793746948,15.733404322348138,0.010301228983779017,0.011470373257282444,0.011317470496376067,0.014746749174585433,-8.06464130010331,61.40680537834773,11.91727561657747,0.0,3824.2093106357656,233.6910855023414,4055.0285054806495,4979.162366208493
DS3,259.0,259.5,259.01,0.09868045896291733,15.435208811526897,0.009737833053915068,0.010312617269083913,0.010209926395884535,0.013950253092018984,-9.035401386260395,60.16795388774138,10.975850303739824,0.0,3688.982403706132,229.4165423664254,3870.3236563912496,4745.223759994379
DS3,259.5,260.0,259.51,0.1043858677148819,15.323854826295088,0.01089640914469451,0.010188724175534365,0.010920380229317905,0.01405250764270485,-7.067533050541261,59.70533441298986,11.096710938808275,0.0,3604.824268915107,194.87961377948668,3817.54160790752,4691.507112789022
DS3,260.0,260.5,260.01,0.10009881108999252,16.05567336843838,0.010019772598629196,0.010798872982559434,0.012649001740245016,0.015535699247905987,-8.546193625500033,62.7456702292157,12.849781859666397,0.0,3997.4471611626473,268.60708994741657,4257.48647669343,5228.005708056331
DS3,260.5,261.0,260.51,0.10021839290857315,15.203997174702907,0.010043725981773832,0.009864592991646827,0.013636433560322105,0.016257454772705168,-8.504948329230682,59.2073865065086,13.70286693515976,0.0,3565.979317776623,292.529531748921,3846.834081611819,4728.021854493981
DS3,261.0,261.5,261.01,0.09876909106969833,16.06861074421765,0.009755334248548624,0.011394907642622618,0.014011725883650258,0.016287518760807338,-9.004831040813654,62.799418480571134,13.73840132135917,0.0,4011.525485095607,304.1594959090768,4297.107055446535,5277.584380612537
DS3,261.5,262.0,261.51,0.10218750685453415,15.377896361865297,0.010442286418288186,0.011983745404136069,0.01391437454093277,0.016628163769719217,-7.825775783995369,59.929849653717085,14.14102958419773,0.0,3641.8234644899703,292.2136009234863,3951.526976450268,4860.716409321109
DS3,262.0,262.5,262.01,0.09995729476213455,15.24967728566226,0.009991460913198184,0.008921155081934494,0.013176800467787955,0.014883880231128003,-8.595004414119352,59.39716425801534,12.0793588340986,0.0,3589.8597860223695,248.49593491261078,3812.326965197855,4680.163583615009
DS3,262.5,263.0,262.51,0.09947944432497025,15.667656883499644,0.009896159461350054,0.00965739989812582,0.014197767061080708,0.01235236941455173,-8.759821131971757,61.13365803150577,9.087218113496402,0.0,3801.4371120889996,181.1889381397341,3933.277174831828,4814.319036723914
DS3,263.0,263.5,263.01,0.09908736497163773,15.5066372489202,0.009818305888935126,0.011041602867532788,0.016452565481665918,0.01518471774425397,-8.895054307727415,60.464702909524675,12.434936289037664,0.0,3722.4116853627947,264.3315319292105,3955.383654077345,4855.340367771502
DS3,263.5,264.0,263.51,0.10319551825523376,15.932906392335115,0.010649315021435513,0.011085639333883653,0.01370886828366116,0.015294844055806353,-7.47809977974806,62.23563555121568,12.56510101875083,0.0,3918.3206794468165,240.0087597885481,4182.164898779707,5141.337993192261
DS3,264.0,264.5,264.01,0.10743609815835953,15.550293692919869,0.011542514962837203,0.011715855639281642,0.014542173944951648,0.016760678149813333,-6.015469619625937,60.646073348585325,14.29765608176143,0.0,3705.7033730354838,265.26014054454663,4046.064562436332,4991.596924428539
DS3,264.5,265.0,264.51,0.10683923959732056,15.31371355714239,0.01141462453860124,0.008033067773250715,0.011871747055178745,0.011564607924365776,-6.221333759117615,59.66320257011987,8.156116726343138,0.0,3589.7994171389955,119.22694297578008,3727.318020837776,4575.751368343086
DS3,265.0,265.5,265.01,0.10166595131158829,15.35966745982729,0.010335965129178485,0.009990112494263714,0.014470575164522381,0.014901321490148611,-8.005666950939114,59.85411778773525,12.099973678401225,0.0,3635.3481849539767,237.368498322432,3868.750554312221,4751.927712692581
DS3,265.5,266.0,265.51,0.09905894845724106,15.392876580065726,0.009812676008541152,0.00963040283848585,0.014252000347085177,0.012816880306787496,-8.904855526417215,59.9920848818602,9.636250709652414,0.0,3665.736611478985,195.74278882151833,3808.0821697807646,4663.70360804773
DS3,266.0,266.5,266.01,0.10327278077602386,16.096090887805172,0.010665268336217714,0.010268760417619273,0.01710910118713637,0.014487265916035589,-7.451450949697396,62.91358457499596,11.61057717423323,0.0,4002.696798574436,214.3609736767011,4236.070086729006,5204.18016102396
DS3,266.5,267.0,266.51,0.10187742114067078,15.928182712851031,0.010379009145194592,0.012163572359434344,0.01190848953802414,0.01719080800743987,-7.932728306452324,62.21601105266476,14.806051721915871,0.0,3922.1916489641508,315.1238214264241,4263.735827538864,5245.288252485361
DS3,267.0,267.5,267.01,0.10369805991649628,15.136898532630774,0.010753287242275335,0.007913785717241753,0.012646781403985381,0.0116439568142708,-7.304766743401162,58.92862559384497,8.249903821015918,0.0,3515.867048930842,137.99466544069833,3641.121651672532,4461.430547950972
DS3,267.5,268.0,267.51,0.09492557495832443,15.793800257747463,0.009010865590343463,0.009459579264091264,0.014867517679513267,0.012965060313740125,-10.330508828718798,61.657719935679445,9.81139332799671,0.0,3893.286234631425,230.84043706312167,4019.728532743263,4919.339732148149
DS3,268.0,268.5,268.01,0.10584559291601181,15.441114987674034,0.011203288282510628,0.0092357685909708,0.015957002118964034,0.013423659268392311,-6.564055188211821,60.19249106170323,10.353438259290435,0.0,3657.0400928463864,169.16924393329617,3853.9757413995467,4737.580510100883
DS3,268.5,269.0,268.51,0.09851258248090744,15.42268248860183,0.009704729858153231,0.00903391908605913,0.01607559875092552,0.014645686254888225,-9.093304128661705,60.11591335304386,11.797823439881682,0.0,3683.6974630465807,251.46683949505436,3890.68885175477,4773.269499386507
DS3,269.0,269.5,269.01,0.09520844370126724,15.696485030398131,0.009064647265677116,0.009875166267006968,0.016952307223563477,0.01570982441282791,-10.232943787088756,61.25342439773392,13.055590577935709,0.0,3841.829951285952,311.99309382531953,4075.582307805004,5001.879273954245
DS3,269.5,270.0,269.51,0.0979672446846962,15.45614355346554,0.009597581453559675,0.007801384515239925,0.013669620727032102,0.011786865126785923,-9.28139809845229,60.25492714962826,8.418815515324752,0.0,3703.579369264875,178.5048501961514,3806.4206213766897,4654.420127343923
DS3,270.0,270.5,270.01,0.09948687255382538,15.439120877762576,0.009897637315577789,0.011228472569557175,0.013492344131150046,0.01650519527580122,-8.757259040982314,60.184206543839636,13.995685927913938,0.0,3686.398122158147,306.6566965581179,3977.3328231474775,4887.82128959131
DS3,270.5,271.0,270.51,0.10226774960756302,15.40532532776117,0.010458693008371335,0.01089319472508028,0.012833964696704106,0.014561146444847529,-7.798099033788459,60.04380313072387,11.697900893045857,0.0,3655.08345402845,222.94480737712615,3878.508470772123,4763.596615582244
DS3,271.0,271.5,271.01,0.09817872941493988,15.481277485670061,0.009639062804826182,0.011012099028094458,0.013852443780927738,0.01770126523109401,-9.208454314364717,60.35934592270307,15.409390974910556,0.0,3714.9113938579067,361.808720601649,4054.4798322160686,4984.882640148755
DS3,271.5,272.0,271.51,0.09855113923549652,15.395948077812754,0.009712325880495913,0.01076032860040514,0.014537981121149525,0.016705395503313746,-9.080005411640279,60.004845401130986,14.232314287979255,0.0,3670.156718641773,320.91167194196885,3964.233093457212,4871.532436667863
DS3,272.0,272.5,272.01,0.09914899617433548,15.637429182672276,0.009830523459247805,0.009058861018844615,0.015762029011880896,0.014571631186367333,-8.873796918896257,61.008077226736255,11.710293422376948,0.0,3787.961947309206,244.55097468899305,3998.2005834698966,4904.980850000212
DS3,272.5,273.0,272.51,0.1012653037905693,15.981831356346438,0.010254663113159602,0.013367308659270098,0.016074126064733102,0.019246189135865552,-8.143855397143978,62.43889402558495,17.235426911802396,0.0,3953.0055033688955,403.1792416155139,4394.867314884208,5410.544829822689
DS3,273.0,273.5,273.01,0.10451733320951462,15.300731229868383,0.010923873851441989,0.011216459440618906,0.01629243026901521,0.017482349490588325,-7.022188922648881,59.60926756804471,15.150641655232068,0.0,3592.8047323915102,309.06856914093635,3951.638911269434,4868.279385990464
DS3,273.5,274.0,273.51,0.09972694516181946,15.256917600141863,0.009945464489991056,0.011533570668581569,0.014646146137720174,0.017766566334254042,-8.674454932795957,59.42724410180913,15.486574168672151,0.0,3594.684063700678,352.68440198557005,3942.947837620284,4849.835363885919
DS3,274.0,274.5,274.01,0.09876326471567154,15.33688514565166,0.00975418254566386,0.00936475711401413,0.01595744599649338,0.013430013773194272,-9.006840624719114,59.75946879788891,10.360949020237102,0.0,3639.6040738203537,214.14448952956627,3801.212738688298,4658.308063118318
DS3,274.5,275.0,274.51,0.09929100424051285,15.177797877400481,0.00985870351203112,0.011746428657815881,0.01588060850291098,0.013325793449640057,-8.82481652345116,59.098541680419295,10.237764923223189,0.0,3558.20128997191,207.54666689162718,3717.337928596528,4555.984907439175
DS3,275.0,275.5,275.01,0.09896166622638702,15.875291607351535,0.009793410462776424,0.01084953730315227,0.016181853532880108,0.016065138950908678,-8.93840941011746,61.99627526687974,13.475557615426496,0.0,3910.369230898765,294.8912864668466,4184.661414486103,5139.319786533638
DS3,275.5,276.0,275.51,0.10381024330854416,15.395099492272832,0.010776567127969768,0.009598739595176717,0.013423666951056944,0.01316197963656076,-7.266073258919691,60.00131995751133,10.044143794882688,0.0,3642.7621004880966,173.85081503443269,3821.211822013428,4690.37263073578
DS3,276.0,276.5,276.01,0.09813949465751648,15.575995140008882,0.009631360249633205,0.008773607152148984,0.014063685217485569,0.014349429357914112,-9.221986883221689,60.7528498588999,11.447660083126069,0.0,3762.716618754017,245.1788187996359,3957.7693486946387,4853.3984962821005
DS3,276.5,277.0,276.51,0.0953424796462059,15.78026336202394,0.009090188897004402,0.009055043709990648,0.016227182820820203,0.014845472234493926,-10.186713078061613,61.60148098225227,12.033962176113548,0.0,3883.635151621006,282.32362103270725,4083.4640308859666,5007.408625150312
DS3,277.0,277.5,277.01,0.09669767320156097,15.538475154184516,0.009350440342057453,0.011319101951263245,0.01386389116231519,0.01828240416934532,-9.719289515212484,60.596973299128656,16.096273081075513,0.0,3752.5117228440085,397.1489589949405,4112.440324804549,5056.667692472231
DS3,277.5,278.0,277.51,0.09495009481906891,15.512246636947902,0.009015520345909146,0.012644659107972788,0.012903979261111717,0.018387152732760377,-10.322051615633288,60.488007078995146,16.220081535681548,0.0,3750.524896282563,416.16052564366,4104.107472941039,5046.621295528468
DS3,278.0,278.5,278.01,0.09617215394973755,15.654230954307266,0.009249083446870069,0.011028243550415717,0.010434051631926042,0.018722393588028838,-9.900547815964035,61.07788008787761,16.616322313200676,0.0,3814.2035520239865,419.99976632528615,4194.778201662136,5158.4406107906325
DS3,278.5,279.0,278.51,0.0964350551366806,15.880989081102348,0.009299719808540472,0.01094409037230981,0.010936409941590062,0.015746250595971525,-9.80986983938084,62.01994538796723,13.098644814625688,0.0,3928.3084998809295,303.2799133849422,4173.841136688084,5122.34233749597
DS3,279.0,279.5,279.01,0.09672898054122925,15.192670934969916,0.009356495858751559,0.011988022657178235,0.01216652848197312,0.018195871981389004,-9.708491213971126,59.16033171035309,15.993995626232529,0.0,3580.5873920915283,393.3192678789511,3931.316921460919,4834.906173081443
DS3,279.5,280.0,279.51,0.0947706401348114,15.991125549478523,0.008981473555707394,0.009896649465346512,0.012386929340483932,0.015733791844605462,-10.383947827841611,62.477506696124344,13.083919087583103,0.0,3995.8821732215642,316.4593941809105,4231.594556457089,5192.06681940906
DS3,280.0,280.5,280.01,0.1025906652212143,16.144588096830557,0.010524845622217782,0.015567771338424867,0.012391532047217105,0.021921039808496925,-7.686721315058867,63.115065943799536,20.396989393267454,0.0,4031.2521391754,520.6014063441319,4633.880802655589,5710.963622556823
DS3,280.5,281.0,280.51,0.09709034860134125,14.836593542830236,0.009426535807716697,0.010911015937969388,0.017431476654946956,0.01518124532931813,-9.583850755425576,57.68101028526328,12.430832038698174,0.0,3405.8415177079805,279.2350966796733,3618.7177915176876,4442.917825277757
DS3,281.0,281.5,281.01,0.10221227258443832,15.431254692890311,0.010447350232455774,0.015910113365609036,0.01844366168868197,0.019128088901329547,-7.817233767496969,60.151526525191635,17.0958373360621,0.0,3668.2830306077135,391.37771119633237,4100.184514960088,5049.5232577925835
DS3,281.5,282.0,281.51,0.10485968738794327,15.041193890989577,0.010995553255767732,0.009979379239055654,0.016399683133904736,0.014818299125063737,-6.9041065947001785,58.53102122472281,12.001844688525084,0.0,3464.113366389305,214.86694561657947,3705.250956585138,4557.924787210578
DS3,282.0,282.5,282.01,0.0975009948015213,14.892199167346902,0.009506443133687191,0.010112855298247455,0.01828116339114038,0.01515293034010929,-9.442213637096508,57.91202352429176,12.397364896602467,0.0,3430.001507628502,275.14798075634104,3644.904972423932,4474.843094088269
DS3,282.5,283.0,282.51,0.0981154814362526,15.588958495721947,0.00962664775301805,0.01094898431790774,0.018144760242597254,0.016317024245049064,-9.230269349880638,60.80670604373703,13.773275579174964,0.0,3769.392542831434,310.1432388058297,4046.1434781997673,4969.935219621302
DS3,283.0,283.5,283.01,0.1047154888510704,15.776836011448806,0.010965333804949276,0.008519677412839655,0.012136430585323123,0.012683674338410802,-6.953842511460117,61.587242074506335,9.478806783441504,0.0,3831.3707657184777,156.41183185107553,4001.1377185443303,4911.049856023197
DS3,283.5,284.0,283.51,0.09698419272899628,15.817542598834866,0.00940593355043499,0.008777248624326375,0.01039480930649169,0.013656609727020862,-9.620465271391042,61.75635735166739,10.628776033311139,0.0,3892.3489135777727,233.63940941587379,4057.036649718768,4969.838442072753
DS3,284.0,284.5,284.01,0.10536273568868637,15.692689404232274,0.011101305588516594,0.013279214960186752,0.012387322345255532,0.017278268458493947,-6.7305988119267175,61.237655491218845,14.909426345214959,0.0,3785.767797192234,296.1594138489404,4143.968652729871,5107.016065082704
DS3,284.5,285.0,284.51,0.09635425359010696,15.098047689655257,0.009284141617896246,0.0076671586902514865,0.014940672341401482,0.010618529830796232,-9.837739324617045,58.767219995890194,7.037891684560529,0.0,3536.6551910650414,165.45597467718707,3591.73058173332,4384.803781659407
DS3,285.0,285.5,285.01,0.10353192687034607,15.557853705641143,0.010718859863423802,0.015042324418697026,0.015445563598651577,0.019291462086803834,-7.362068152511068,60.6774813768382,17.288937660860725,0.0,3725.5125932358924,389.54498633214814,4174.140598551513,5143.562499265701
DS3,285.5,286.0,285.51,0.09051456302404404,15.817946295059512,0.008192885081674225,0.0061435708039442975,0.01639917703578468,0.009322969375475073,-11.851923172776212,61.758034505251224,5.506592995656995,0.0,3937.0806192389264,189.32191464240717,3923.3861160028105,4777.741504897534
DS3,286.0,286.5,286.01,0.09842872619628906,15.72156603858484,0.00968821493368013,0.014643592722637683,0.016617059588231828,0.01940477650171325,-9.122227232058062,61.35762329828893,17.422870596426936,0.0,3834.760120938348,431.4685262045885,4265.550720625192,5248.068905454007
DS3,286.5,287.0,286.51,0.09364784508943558,14.73920550058908,0.008769917663087767,0.008225925697828264,0.01568077603366274,0.012116410851499818,-10.771214176906716,57.27641223827921,8.808324884891809,0.0,3381.9145943149824,219.7354533898001,3460.4288869288607,4235.790615660459
DS3,287.0,287.5,287.01,0.10224182903766632,15.48363986064761,0.010453391449751671,0.015596440321215004,0.012382252017328755,0.021366966863396543,-7.807039369347404,60.36916039561128,19.742098167694493,0.0,3694.330326697707,495.16528785969905,4250.878958085664,5237.517217900179
DS3,287.5,288.0,287.51,0.10136406868696213,15.92111697781621,0.01027467361393085,0.010269995061048198,0.013490939226053563,0.012407704578488813,-8.109790123166002,62.18665649814444,9.15262198071008,0.0,3921.1145752974326,169.95312166757193,4067.3469324766616,4981.847709415522
DS3,288.0,288.5,288.01,0.10053802281618118,15.57300716993708,0.010107893039109762,0.011680907769230026,0.014852383918342494,0.017708327721723146,-8.394703892473352,60.74043635486309,15.417738545721607,0.0,3747.873525288376,344.47581392631156,4102.205275920276,5046.0671302326145
DS3,288.5,289.0,288.51,0.09727676957845688,15.918150294127438,0.00946277089032045,0.008222931440083748,0.014872971069510058,0.012905784965749302,-9.51955177985203,62.174331428260345,9.741332326759876,0.0,3942.2803576929196,210.99992182434164,4082.84516859578,4997.242638823116
DS3,289.0,289.5,289.01,0.10479909181594849,15.346953296863582,0.010982849621227567,0.013493258568057293,0.012748621090038159,0.01886706635389797,-6.92500678127704,59.80129687270529,16.78731951814433,0.0,3614.4929373430236,363.1573304371546,4043.4697443366244,4984.841473961305
DS3,289.5,290.0,289.51,0.0996423214673996,15.29071578967425,0.009928591336673046,0.0061129017881211105,0.016001943634335793,0.008379093769263081,-8.703642725632548,59.56765848084079,4.39097120252179,0.0,3611.8296190775363,105.81192352472829,3632.2493144174177,4420.591618028764
DS3,290.0,290.5,290.01,0.09226365387439728,15.068185508834551,0.0085125814743109,0.01306243887658885,0.02243134564575786,0.017355471097541722,-11.248639402876114,58.643157741832106,15.000676660449724,0.0,3549.8325914406682,398.1309568559776,3828.360538661922,4708.958007871718
DS3,290.5,291.0,290.51,0.1022186428308487,15.16129728565137,0.010448650675276068,0.012355324810378768,0.01751728225381031,0.015542085347688651,-7.815036588162994,59.0299900693371,12.857329964568978,0.0,3534.7812758838204,254.37508209168539,3794.73767519477,4664.700741226535
DS3,291.0,291.5,291.01,0.10029900819063187,15.2573650829574,0.010059892193666146,0.011538928655760984,0.01656641273646783,0.01431845476910361,-8.477143089004242,59.4291031665265,11.411049404681819,0.0,3591.8089866880687,228.78448174390155,3794.0453325246785,4655.762339394088
DS3,291.5,292.0,291.51,0.09728999435901642,15.032487370115005,0.009465343857153622,0.010870743827723168,0.01790014289116902,0.014834768167376213,-9.51499038415869,58.49485003511048,12.021310413028338,0.0,3498.996083348099,266.5732068604813,3701.5744911329302,4542.524195134515
DS3,292.0,292.5,292.01,0.10533464699983597,15.326730918365673,0.011095387710852438,0.012280458860793703,0.015470882629769062,0.01640355792653667,-6.740286959399332,59.7172831205306,13.875554799309944,0.0,3602.211833582825,264.41794107136167,3915.4248351766123,4822.9827746009905
DS3,292.5,293.0,292.51,0.09801442921161652,15.853194132343974,0.009606828074209674,0.008094522361262386,0.01556112748826839,0.01222218198284659,-9.265123552578531,61.90447143731719,8.933341972353778,0.0,3904.4628659679142,188.39416669185164,4025.526903803119,4924.040633479583
DS3,293.0,293.5,293.01,0.10135168582201004,15.807280516397773,0.010272164191755214,0.011129434177493866,0.014880566559978976,0.015770874424822875,-8.114061131415204,61.71372359072007,13.127749158372048,0.0,3862.6664576089256,267.8204009465518,4136.122807381903,5082.577744977301
DS3,293.5,294.0,293.51,0.10309434682130814,14.914721167463007,0.010628444490218195,0.008384620537856682,0.015346110702968688,0.013796830257832376,-7.512995099252205,58.00559104091342,10.794510881196569,0.0,3410.870748312433,195.41269556168533,3603.698579636862,4425.15825044561
DS3,294.0,294.5,294.01,0.10331479460000992,15.72480829248312,0.01067394716188335,0.010718760854163912,0.014371317699091649,0.015395965210609368,-7.436959845294725,61.37109322298279,12.684622026924767,0.0,3811.049107394635,242.53983110905025,4077.0919464026183,5013.020966643405
DS3,294.5,295.0,294.51,0.10283122211694717,15.704604576351537,0.010574260079977589,0.008907306033258844,0.014929787240373606,0.01104062643539304,-7.603750169847121,61.28715700349891,7.536792353035703,0.0,3803.0245078818184,130.36896857579526,3911.248092236475,4786.050957900396
DS3,295.0,295.5,295.01,0.09929145872592926,15.99527302410092,0.009858793580453174,0.010139086237544686,0.013223680085122107,0.01588530381740045,-8.824659765627333,62.49473735497651,13.262999951267414,0.0,3970.4772614364083,286.23741775100206,4240.339317053615,5207.188372521237
DS3,295.5,296.0,295.51,0.0991017296910286,15.434971665120507,0.009821152995027345,0.009635292954136059,0.014565467868029295,0.013283189213907493,-8.890099732574312,60.16696866439499,10.187408484779073,0.0,3686.474550871958,207.7306175223676,3845.809188685502,4712.327478652914
DS3,296.0,296.5,296.01,0.10280267894268036,15.276351111803036,0.010568390915574908,0.013481601574164231,0.013445357425897534,0.019533696325932697,-7.613595075143562,59.507980511364245,17.575248478130632,0.0,3588.544871944149,405.0980864996478,4042.2230247408033,4979.855241709469
DS3,296.5,297.0,296.51,0.10307466983795166,15.39812462136226,0.010624386950673347,0.010377756596659779,0.01583293988395642,0.01383007222468783,-7.5197819420838155,60.01388783846765,10.833801506387587,0.0,3647.644956211699,196.46901194198182,3846.934939646258,4723.353527334805
DS3,297.0,297.5,297.01,0.10280782729387283,15.169821277910536,0.010569449538171306,0.012383669693760646,0.012882347345077266,0.018359805800164254,-7.611819343073648,59.06540294489348,16.187758596325082,0.0,3536.1175891118796,354.93387614220177,3927.888227088305,4837.216141531905
DS3,297.5,298.0,297.51,0.10197176784276962,15.423236212970291,0.010398241265624521,0.010657762715300842,0.010800943136832067,0.01522097670810938,-7.900186924105982,60.11821379766613,12.477792879469044,0.0,3665.4634043133547,245.5082898815764,3914.1334695830124,4809.4214846891555
DS3,298.0,298.5,298.01,0.10475752502679825,15.379499051102915,0.010974138938824436,0.012040992656934075,0.009131009037008178,0.01652577673313382,-6.939343697656274,59.93650801670026,14.02001235629456,0.0,3630.839820784248,272.1936974495761,3947.7533578908183,4861.579681909554
DS3,298.5,299.0,298.51,0.10187855362892151,15.03405636388236,0.0103792395002738,0.01098117533734962,0.01108250902328921,0.013754895143515232,-7.93233769679295,58.501368410461225,10.744945316495116,0.0,3474.4223602492875,201.9155431589012,3661.1469427862526,4493.056203276497
DS3,299.0,299.5,299.01,0.096904456615448,15.734328692610864,0.009390474355531827,0.01133992256140132,0.011491103397216956,0.0165917714459132,-9.64796727517139,61.41064566915122,14.098015367839535,0.0,3850.332527902547,329.50915691032503,4134.062979789013,5077.561132080267
DS3,299.5,300.0,299.51,0.10152594745159149,16.192002700516753,0.01030751865193322,0.00997724286145547,0.01067094229044334,0.016633725528260916,-8.053956070079138,63.31204963510791,14.147603351965897,0.0,4061.330946432103,296.8835525532472,4378.93141573532,5384.109887644694
DS3,300.0,300.5,300.01,0.09647338092327118,15.408756213104615,0.00930711223952506,0.00877057205864089,0.013619957171009403,0.011802592397177184,-9.796650786171522,60.0580567236439,8.437404496202685,0.0,3689.003444487344,189.90665951623618,3782.8121442809197,4624.7150748141585
DS3,300.5,301.0,300.51,0.10228525847196579,15.139991419374354,0.010462273005943799,0.011578514811975076,0.012343240961032795,0.01625992663951414,-7.7920600028705165,58.941474973575765,13.705788579138764,0.0,3524.0292174307774,278.4312248904402,3814.740911242681,4691.81655574496
DS3,301.0,301.5,301.01,0.09946740418672562,15.161280753690665,0.009893762762381976,0.008503794473607568,0.014063444936088413,0.012783191859139932,-8.763973929402988,59.029921387403874,9.596432362695287,0.0,3549.1271991105104,192.02113339648224,3690.200264599207,4520.199323163058
DS3,301.5,302.0,301.51,0.0980953797698021,15.537405117432002,0.009622703395038457,0.012118198982797111,0.018891174312669578,0.016088476644367522,-9.237202671334513,60.59252783775264,13.503141800517033,0.0,3743.553960038128,302.20737232250997,4009.465983180927,4924.189738289769
DS3,302.0,302.5,302.01,0.09799853712320328,15.120980900276171,0.009603713642013881,0.007560708516241936,0.01865355728421945,0.011136335424036343,-9.270604936811711,58.86249588412831,7.649916405428489,0.0,3537.82532349397,163.99341910437602,3617.935734356095,4420.983686790434
DS3,302.5,303.0,302.51,0.10106468945741653,16.145003419942967,0.010214072061784584,0.017484778809461077,0.013697232023236599,0.024912529677551833,-8.213049842461645,63.11679140121999,23.93280626351642,0.0,4039.0205352635817,697.9096571632393,4827.6057223246435,5945.803416842743
DS3,303.0,303.5,303.01,0.10399877279996872,15.46402199658159,0.010815744081846724,0.008419576885704362,0.011550801410080545,0.01384676554881745,-7.2010470298356,60.28765809507775,10.8535323226904,0.0,3676.315118809658,191.3299033394308,3881.176447177044,4767.671251006974
DS3,303.5,304.0,303.51,0.10058818012475967,15.291945001724983,0.010117982224676957,0.011809558043001482,0.014424053361080911,0.016644394995355444,-8.37740399624374,59.57276523505425,14.160214219259696,0.0,3607.342771351242,303.7871109186366,3908.5027498882823,4805.364499597008
DS3,304.0,304.5,304.01,0.09928532689809799,15.189915430369375,0.009857577595573177,0.00757552239169829,0.013665339967911392,0.011313154000232068,-8.826774711348808,59.148883982745275,7.858908624039533,0.0,3564.1758057918464,158.75135253204107,3657.5419767520657,4471.581533680079
DS3,304.5,305.0,304.51,0.10664290934801102,15.283271167478416,0.011372709679603885,0.012689119686233334,0.014518710793636468,0.019851092135268558,-6.289050569210679,59.53672984184515,17.95039715197542,0.0,3575.488892716569,394.8061732422825,4062.739417871339,5014.777526392584
DS3,305.0,305.5,305.01,0.10139087587594986,15.918107419571854,0.010280108292268627,0.008607210309441313,0.012831649932974195,0.012935692828885044,-8.100543981360575,62.17415330617209,9.77668217972858,0.0,3919.4261965750998,183.00772494096083,4083.8691199895507,5005.1415738631395
DS3,305.5,306.0,305.51,0.09829477220773697,15.650240783971261,0.009661861986886086,0.007644947885694608,0.011773840548054507,0.012546651000721613,-9.168429673280908,61.061302948755305,9.316850885134444,0.0,3799.321682826225,194.338455515798,3930.7738289867393,4810.866138237573
DS3,306.0,306.5,306.01,0.0966203510761261,15.46212336071814,0.009335491110317347,0.008118872142116837,0.01156088754154177,0.01269201782891181,-9.745958903666274,60.2797702235834,9.488668442936124,0.0,3714.718997809821,210.43268555004175,3839.0815415236652,4698.663248128068
DS3,306.5,307.0,306.51,0.09356673806905746,15.311480085947863,0.008754735150048591,0.008698192252922753,0.014503829408814914,0.013482681251371871,-10.799189023958936,59.65392362721778,10.423199793599293,0.0,3659.8911426313994,256.2006007132628,3790.2507259749054,4643.769488287676
DS3,307.0,307.5,307.01,0.09606215357780457,14.722923057326195,0.00922793780473362,0.00788496303266505,0.013422980089326757,0.012187434099707304,-9.938488348931058,57.208766923796155,8.892271416614895,0.0,3358.1131973702804,202.14858201388557,3454.804518132559,4228.449668300424
DS3,307.5,308.0,307.51,0.10042894631624222,16.643436203820745,0.010085973257270255,0.010534637453414923,0.013151056279091244,0.015896257852398864,-8.432325770191937,65.1875274615097,13.275947166013264,0.0,4307.624167176779,278.4662665603037,4592.557206919159,5640.806393238205
DS3,308.0,308.5,308.01,0.09908056259155273,15.571444545256243,0.009816958141851018,0.009028404950017456,0.015018894654689474,0.0131793141147604,-8.897400535484046,60.73394443984472,10.064632428686625,0.0,3755.0275540945654,205.08950971921172,3912.0226413291,4792.547378685196
DS3,308.5,309.0,308.51,0.0965152233839035,15.852796234917411,0.009315187401840083,0.01200699492988273,0.014974119025080742,0.017584413255323762,-9.782218787177834,61.90281837480579,15.271276789225249,0.0,3913.3202849629133,370.402603867621,4242.568173376255,5213.563037772284
DS3,309.0,309.5,309.01,0.09806056320667267,15.491329086596132,0.009615874202149636,0.008854419818955092,0.013173534599843252,0.012190380515706733,-9.249211348559852,60.4011052394545,8.895753958041935,0.0,3720.63726493022,187.2950193055662,3837.2940493975184,4694.587005790205
DS3,309.5,310.0,309.51,0.10469613969326019,15.209931249860274,0.010961281309050719,0.010546636491685241,0.014104810001430261,0.016277897582950403,-6.960516283074541,59.232039586743866,13.727029488437346,0.0,3547.260521726375,263.8153151496998,3850.7230528283712,4741.287553755203
DS3,310.0,310.5,310.01,0.100189208984375,15.402689708762042,0.010037877105969213,0.008048980467909196,0.014234397738149591,0.01223986085122395,-8.515014237360717,60.03285346713991,8.954237661054652,0.0,3664.4065380430357,173.63953404003013,3793.749434833738,4644.471132142266
DS3,310.5,311.0,310.51,0.09855665266513824,15.034300046089516,0.00971341402747012,0.010376653390089694,0.014708925420783815,0.015926944035997946,-9.078103759351224,58.502380786753335,13.312216961467216,0.0,3492.3812584707375,293.10301714412725,3747.4882120080165,4603.684376886475
DS3,311.0,311.5,311.01,0.09751328080892563,15.875751655272962,0.009508840079861771,0.009318154197327674,0.011421156650435076,0.01521854517210051,-9.437976036252385,61.99818653325542,12.474918904821923,0.0,3919.0239762985834,277.1908869603843,4148.831076165408,5090.230285119392
DS3,311.5,312.0,311.51,0.09720877557992935,15.44386136763206,0.009449546992673419,0.010007584874305229,0.01102341170603969,0.015356145587328871,-9.54300377821677,60.203900881037534,12.637556884829996,0.0,3701.980627230668,284.0604631963993,3930.2598671066826,4823.775916886276
DS3,312.0,312.5,312.01,0.10023326426744461,15.320931092871444,0.010046706016298165,0.009825438000763045,0.013033998434491675,0.015054312528512541,-8.499819007651016,59.69318777972887,12.280802736202778,0.0,3623.5686042907446,251.96244804011963,3855.243531900094,4733.748252349192
DS3,312.5,313.0,312.51,0.09665762633085251,16.203595134346177,0.009342696255234983,0.010257322470238113,0.014309754215529566,0.015002916464290595,-9.733102192312034,63.360210333066725,12.22005472136903,0.0,4094.671955432584,276.8399747312595,4314.4621862105805,5290.611648257044
DS3,313.0,313.5,313.01,0.1033218577504158,15.069294598244433,0.010675407991970963,0.013138407473233088,0.01158262498267372,0.019766683531495303,-7.4345236745244225,58.64776544724277,17.85062968550229,0.0,3484.615310925478,411.99391067865565,3949.9186415426398,4867.364438435137
DS3,313.5,314.0,313.51,0.10489119589328766,15.380842313088774,0.011002161917454758,0.010020148230074544,0.014236482435448863,0.013200459559254328,-6.893238908848272,59.94208859069641,10.089625466484932,0.0,3630.9382384073488,168.58152406044857,3815.325161540925,4686.227427453192
DS3,314.0,314.5,314.01,0.09752730280160904,15.498113369692124,0.009511575500858052,0.010467033739801172,0.01349817116232633,0.016678013950210308,-9.433139671917251,60.42929050355529,14.199950428619992,0.0,3727.199746793962,327.7697536208227,4015.405296847798,4933.252177084151
DS3,314.5,315.0,314.51,0.09504471719264984,15.061687790265976,0.009033498799036564,0.009347604209011616,0.017477226326669495,0.014624829882583491,-10.289415150672493,58.61616300836999,11.77317207341372,0.0,3527.397246613256,277.8021906509092,3707.8333463028907,4549.045502425478
DS3,315.0,315.5,315.01,0.09906240552663803,14.882222293350688,0.009813360472450702,0.012004644370174629,0.014181426772043966,0.018879871051673387,-8.90366313903597,57.870574660129584,16.802454139485057,0.0,3416.0979485944695,403.6338464626125,3810.287719257547,4689.137229110488
DS3,315.5,316.0,315.51,0.10146482288837433,14.997487178705711,0.010295109264977972,0.008593931000994391,0.012466719285286636,0.013288970959972833,-8.075038712483734,58.349441946371996,10.194242268670102,0.0,3458.776003714947,191.8172026129434,3626.265908764303,4447.484165941214
DS3,316.0,316.5,316.01,0.09910984337329865,15.559835105646489,0.00982276116309835,0.012374724993436321,0.012823165435063002,0.01734289109990554,-8.887301219948933,60.685713091471825,14.985807625347908,0.0,3749.016476414355,340.70917669050374,4077.9669403004523,5013.423690290132
DS3,316.5,317.0,316.51,0.10499592125415802,15.163808270487001,0.011024143059182498,0.007046818152704591,0.015557875350191899,0.010525738207606019,-6.857117794557806,59.04042194102405,6.928215837054686,0.0,3523.348410445936,108.07576460460953,3621.85016069431,4434.5867580882405
DS3,317.0,317.5,317.01,0.10052581131458282,15.435915980310336,0.0101054386060579,0.010990395174060223,0.010849969943712493,0.016638399845775673,-8.398915795313567,60.17089181628048,14.153128201271437,0.0,3679.181033316078,304.0098390750304,3981.6682546456873,4894.94760610985
DS3,317.5,318.0,317.51,0.09459533542394638,15.510252704899473,0.008948278586739633,0.007770277342970502,0.014089791598237792,0.012784202567046658,-10.444412661232363,60.47972330006245,9.597626977493908,0.0,3751.8837518956943,228.75797279632752,3866.834531126977,4732.429510265777
DS3,318.0,318.5,318.01,0.10140425711870193,15.281220460076534,0.01028282256494448,0.01727747148419702,0.012990149399745621,0.02128911905307553,-8.095928619859032,59.52821019004147,19.650085286791125,0.0,3597.820111280548,497.36498293077875,4142.222692904189,5102.230500075393
DS3,318.5,319.0,318.51,0.09739812463521957,14.909863064940271,0.009486393695014151,0.009746668029872431,0.014306863436951485,0.013580183804151233,-9.477694871089712,57.9854080826414,10.538443764363107,0.0,3439.1114886534992,228.34999333966425,3593.431074700543,4404.823712752328
DS3,319.0,319.5,319.01,0.09954077750444412,14.908730239907559,0.009908367120857915,0.013390964056561563,0.014797761403590808,0.018539495514027282,-8.738666535156224,57.980701767725705,16.40014438049885,0.0,3426.1585366020777,385.5825143286879,3806.2434710033085,4683.840640802419
DS3,319.5,320.0,319.51,0.1031220555305481,15.163669884091838,0.010634158626984518,0.009875639278178272,0.015877748871731004,0.014024437367697132,-7.5034380115995125,59.039847015561705,11.063533038741987,0.0,3531.622909589005,201.70408105755513,3735.7771641580084,4588.088067830258
DS3,320.0,320.5,320.01,0.09230741113424301,15.447746230677476,0.008520656951266877,0.010447045765276525,0.018285325397198286,0.013635182059557084,-11.23354696518204,60.220040521642325,10.60344941967549,0.0,3736.5401877495005,271.3651328608052,3865.045141343464,4736.145696485467
DS3,320.5,321.0,320.51,0.08948910981416702,15.422780524412463,0.008008301433796087,0.01145682201880311,0.017113469641520024,0.015798759467416282,-12.205615079737948,60.11632064224081,13.16070812141227,0.0,3745.433161113487,366.33839007883705,3938.0993302643255,4839.5578270138285
DS3,321.0,321.5,321.01,0.09763337671756744,15.284556948097782,0.009532276510530914,0.012052250660057794,0.011131843898883062,0.016602373011899024,-9.396553423756082,59.5420716098433,14.110545978840927,0.0,3620.3137132084166,324.16871216934965,3902.86675617321,4795.482512091786
DS3,321.5,322.0,321.51,0.09959351271390915,15.162238055814505,0.009918867816545508,0.011089805626657264,0.011229961131628163,0.016888487994095727,-8.72047748799146,59.033898493430094,14.448722013246718,0.0,3548.898633173189,319.9239493771837,3853.9948489159,4738.157942731782
DS3,322.0,322.5,322.01,0.09861528128385544,15.420350717783416,0.009724973340154245,0.007085407950233755,0.015475182559667622,0.012442792815071598,-9.057882000077484,60.10622602493424,9.194094820093586,0.0,3681.9442580215627,189.46259561161926,3809.4166235447146,4662.6949199887695
DS3,322.5,323.0,322.51,0.09100056439638138,15.56734503183824,0.008281102966955068,0.009611626632857995,0.01662263480890895,0.014737659302292143,-11.684295093296475,60.71691303553327,11.906531764781247,0.0,3806.1590820451856,316.5200682918025,3968.5594839236746,4868.993506402358
DS3,323.0,323.5,323.01,0.09759820997714996,15.200027330194475,0.009525410459781922,0.011895350521814015,0.011509000476647178,0.016554526743592736,-9.408682881599779,59.19089381091703,14.053993675453292,0.0,3578.9027757488684,322.69533370563346,3857.9711805193456,4740.4261697661095
DS3,323.5,324.0,323.51,0.10210449993610382,15.29633687840198,0.010425328716143965,0.011925820824144265,0.013969590051624002,0.017635539358745622,-7.854405930147197,59.591011260800485,15.331705721597404,0.0,3601.7913597961465,330.6736514519604,3956.6878606295295,4869.740088966621
DS3,324.0,324.5,324.01,0.10041201114654541,14.640430117517678,0.010082572601824324,0.009239577987665596,0.01442144574631326,0.014001607089960542,-8.438166926479802,56.86605049200002,11.036548597976019,0.0,3293.6239399645747,218.7004108764649,3477.514883810678,4267.568387048205
DS3,324.5,325.0,324.51,0.10344045609235764,15.205514525956536,0.010699927164368874,0.014139491499421335,0.012453328348800249,0.019161120836446506,-7.393617591906633,59.213690333340715,17.13487971245511,0.0,3550.6755140114356,384.49006998354105,3986.671959383367,4912.164473255791
DS3,325.0,325.5,325.01,0.10083313286304474,15.26560518452491,0.010167321775187569,0.008570348583639451,0.014663604604595771,0.012660205898803274,-8.292916668801531,59.46333661987912,9.451068061829542,0.0,3593.0526314154677,179.65359775287976,3738.3795338305486,4580.239841218053
DS3,325.5,326.0,325.51,0.1034848764538765,14.565170290031665,0.01070912005154333,0.01745568726592838,0.015072109347532626,0.021821385292583546,-7.378296441977794,56.55338398267851,20.27920189139156,0.0,3242.9327117905996,509.2685162490025,3816.312577538557,4703.237562985489
DS3,326.0,326.5,326.01,0.10031634569168091,15.035139920430057,0.010063369130700927,0.00861840310225124,0.014483520044878233,0.013089406170031263,-8.471163163495284,58.50587003974657,9.958364969441266,0.0,3483.0111578935666,194.14487643805688,3637.922393150257,4459.055417794396
DS3,326.5,327.0,326.51,0.09924839437007904,15.08603137190756,0.009850243215988522,0.012530306959391875,0.013142532812327377,0.01886145488305667,-8.83951321188508,58.71729827469346,16.780686992501234,0.0,3513.5992641825264,401.42547168617324,3910.974150691307,4812.7125852128465
DS3,327.0,327.5,327.01,0.10196111351251602,15.242730966853882,0.010396067846938608,0.009392314463427216,0.013976702108995657,0.01383565825093255,-7.903861738664559,59.36830581750331,10.84040395757355,0.0,3576.0446473314646,203.65890920590465,3768.4585620772386,4624.934033600932
DS3,327.5,328.0,327.51,0.10521160066127777,15.549210990668936,0.011069480050814996,0.00877767431529774,0.011425294214137542,0.01326708243375576,-6.782727212850318,60.641575268470845,10.16837093911495,0.0,3713.8324719809325,168.52420480175817,3903.7111350684286,4795.974840449417
DS3,328.0,328.5,328.01,0.09583936631679535,14.893275754566726,0.009185184414264648,0.010649884420298954,0.014291747344514157,0.01277058938983384,-10.01533052021119,57.91649619954557,9.581536767012272,0.0,3440.853529128119,218.48664338742967,3557.0209675272517,4355.951622535364
DS3,328.5,329.0,328.51,0.0982530415058136,15.81031287393144,0.0096536594445623,0.009450382991746435,0.012787865696688432,0.012915059626182182,-9.182823125268735,61.72632150220535,9.752294590467883,0.0,3881.082112799949,204.0463081337684,4026.6066284435997,4929.81461038483
DS3,329.0,329.5,329.01,0.10060856491327286,15.01643201645364,0.010122082670341747,0.00998082917724881,0.014502654717771978,0.01579843953406513,-8.37037302237502,58.42814816303731,13.160329973469313,0.0,3472.3851232550855,273.86917680825366,3733.126019387535,4587.636587348429
DS3,329.5,330.0,329.51,0.09819435328245163,14.950034354066336,0.00964213144155579,0.012213457786902677,0.01651642245572352,0.015886439911169916,-9.2030654429456,58.152299466339116,13.264342766951938,0.0,3453.72043464248,294.42996773929326,3703.915877168618,4550.069221760578
DS3,330.0,330.5,330.01,0.09893038868904114,15.425446665663486,0.009787221774868805,0.012075306981436199,0.012796622368170531,0.017506342887799543,-8.949197432157256,60.12739711034021,15.179000854944421,0.0,3682.6890936453415,348.39482113153053,4016.470313785402,4938.401818235845
DS3,330.5,331.0,330.51,0.1017971783876419,14.911377304238055,0.01036266424362806,0.010046739363728383,0.013040414187569559,0.014585252040198853,-7.9604050566592335,57.99169898087132,11.726392706303287,0.0,3415.54605780173,226.73880509869826,3631.8325456254324,4460.644531541947
DS3,331.0,331.5,331.01,0.10452913492918015,15.244695204401403,0.010926341526493941,0.01418526070565542,0.012019655212410739,0.01851452742888855,-7.018118358830149,59.37646623080715,16.370633140108378,0.0,3565.089582365197,350.119971456261,3973.504862548288,4897.341433624061
DS3,331.5,332.0,331.51,0.10276786983013153,14.810890164333149,0.010561234406918708,0.00843005331215123,0.014458479705125784,0.012281622260149706,-7.625601182568509,57.57422575092525,9.003597913192728,0.0,3362.631085741932,158.1103937944286,3500.5732090961897,4290.968768161974
DS3,332.0,332.5,332.01,0.10541378706693649,14.681514148675118,0.011112066524123776,0.012729187083931075,0.015831355465492976,0.018746976402769226,-6.7129905396502325,57.03673385708269,16.645378179970077,0.0,3289.3158763669544,354.30097279313094,3704.8944559645884,4568.491692652773
DS3,332.5,333.0,332.51,0.10092012584209442,15.727820936254279,0.010184871378391906,0.007394296515286262,0.01584850052745184,0.011810207945051082,-8.262911679440725,61.38360923375802,8.446405757723662,0.0,3824.3029774339766,158.7973289126654,3946.8496397572926,4830.094794498427
DS3,333.0,333.5,333.01,0.09645917266607285,14.823273883783964,0.009304371817648475,0.010177988286340294,0.015939439013296787,0.0140636567980583,-9.801551395516421,57.62567384033023,11.109888777715753,0.0,3403.3845716227797,249.45033556663077,3568.695208504878,4376.8924672952435
DS3,333.5,334.0,333.51,0.09893426299095154,14.980452193319564,0.009787987802182287,0.011389094803924459,0.017195519486810102,0.01512127483362998,-8.947861135954136,58.27867020007721,12.359949401733623,0.0,3464.1411951479117,263.3973750003737,3687.224317742868,4527.180456781412
DS3,334.0,334.5,334.01,0.09855975955724716,15.068069216460499,0.009714025976373917,0.008141935525804887,0.015022027575271614,0.012779940446814676,-9.077032152588338,58.64267460585013,9.592589328269298,0.0,3508.7691780079267,198.34233891249363,3643.6355398223563,4462.497148398957
DS3,334.5,335.0,334.51,0.09978069365024567,15.307212770502865,0.009956186792290822,0.010964496743199995,0.01668281791812635,0.015546801194357116,-8.65591639277807,59.636195090375075,12.862903899610627,0.0,3619.227510076613,271.23844892787054,3868.5788987611277,4751.48252415973
DS3,335.0,335.5,335.01,0.09946580231189728,15.19029515472866,0.00989344551304367,0.01064542464253028,0.01528590068475702,0.01467235833873632,-8.76452643648697,59.15046154535588,11.829348736026036,0.0,3563.3576843320684,245.381212086123,3774.031882184822,4631.850551001123
DS3,335.5,336.0,335.51,0.1037328913807869,15.56857501618211,0.010760511885572378,0.011335438511591963,0.013616064924067996,0.01763395111917819,-7.292752926575043,60.72202299823402,15.329828488344965,0.0,3730.0004582029705,319.8671051396629,4096.333414018431,5044.879704076954
DS3,336.0,336.5,336.01,0.09717321395874023,14.52733206424698,0.009442633756572703,0.011159948385047176,0.012100197833565892,0.016909914014584467,-9.55526943548117,56.39618529686946,14.474046680226225,0.0,3259.0461883590892,339.1663574288573,3542.4409224114183,4356.041442919143
DS3,336.5,337.0,336.51,0.09594009816646576,15.126763179468844,0.009204502629015189,0.010511839458113155,0.014371022568310675,0.014909156734551251,-9.980586818930092,58.88651832892372,12.109234612101172,0.0,3553.2883611998477,279.5252858597672,3751.561472668306,4603.5087806596
DS3,337.0,337.5,337.01,0.10548081994056702,14.802906834122009,0.011126204121100238,0.011592118736741883,0.01244635380261596,0.014719208731060538,-6.68987004553588,57.54105905265794,11.88472395533443,0.0,3346.7485326441315,208.2498974029173,3583.812110151181,4409.898244580248
DS3,337.5,338.0,337.51,0.10274216532707214,15.315101000195108,0.010555952848637022,0.010130374729898391,0.012075542116897977,0.015353143343652944,-7.634466993916127,59.66896669409765,12.634008357406335,0.0,3607.991019020849,244.7797105839723,3864.5194361025356,4750.620752071637
DS3,338.0,338.5,338.01,0.10344269126653671,15.289574150364965,0.010700390776012765,0.009314646445603175,0.012136701911416223,0.014904206942495854,-7.392846651789449,59.56291554706507,12.103384163321538,0.0,3592.0876821721445,226.06407758439843,3833.305309062261,4712.102920450684
DS3,338.5,339.0,338.51,0.097337506711483,15.362937414219111,0.00947459052807689,0.00736609511025689,0.013333901955949561,0.011417267734593839,-9.498602767067746,59.8677027939661,7.981966737051719,0.0,3660.905669896982,174.80455209177975,3747.6863464304192,4580.077162484277
DS3,339.0,339.5,339.01,0.09572933614253998,15.303172684040222,0.009164104466980818,0.01190268297612977,0.01361970396827129,0.015630002175566184,-10.053281332379775,59.619410574999115,12.961244006332509,0.0,3641.323057193134,304.99582066643023,3870.0250619335015,4751.030968248642
DS3,339.5,340.0,339.51,0.09457004815340042,15.385894148568992,0.00894349532831424,0.007889360850304955,0.019050459265070395,0.012148428335502047,-10.453134563758105,59.96307641139744,8.84616822216969,0.0,3689.9503204572593,212.97247512511677,3782.248694332986,4625.812432617623
DS3,340.0,340.5,340.01,0.10191851854324341,15.182306728636512,0.010387383761365498,0.016125423637720973,0.01847733945510192,0.021826786176295982,-7.918553287497698,59.11727367628098,20.28558551178828,0.0,3546.5564320294793,520.616588054101,4123.422803370186,5079.885326452029
DS3,340.5,341.0,340.51,0.09558655321598053,14.888432390133707,0.009136789287476275,0.009823099591328861,0.01716025160352056,0.013298971746780675,-10.102528987065497,57.896374470580334,10.206062783617092,0.0,3440.157853473243,234.55957487455504,3572.8750991740567,4378.133492731582
DS3,341.0,341.5,341.01,0.09598089009523392,15.31698255737877,0.009212331375526302,0.01354126137803021,0.01781601858466335,0.01959856855132835,-9.966517161791483,59.67678361231758,17.651924756174328,0.0,3646.544633906929,460.14308916334807,4066.396950806625,5003.401007150556
DS3,341.5,342.0,341.51,0.10490977019071579,15.064559290635009,0.011006059460224864,0.011180669182293823,0.015817485065912365,0.01498978791647191,-6.886832396474473,58.62809263971372,12.20453732271782,0.0,3475.2580754384603,219.89573694177693,3723.724798745229,4581.386940893728
DS3,342.0,342.5,342.01,0.10115790367126465,15.209496708576005,0.010232920762797606,0.013517308880808127,0.013755408433120484,0.020322344477396122,-8.180899069774677,59.23023428754179,18.50739786211501,0.0,3563.7462464771984,452.63801241618603,4050.9468898859313,4988.846942414829
DS3,342.5,343.0,342.51,0.09909550845623016,15.274309686098482,0.009819920069270596,0.008929421524457477,0.015006581135813359,0.013759216374708812,-8.892245515900473,59.499499420317356,10.75005283242307,0.0,3606.7700202537485,220.95622652033788,3781.5560597781046,4636.352325111644
DS3,343.0,343.5,343.01,0.1024492084980011,15.399069555330845,0.010495840393384507,0.009958849752708103,0.013013581449880011,0.014741502658648542,-7.7355115452750605,60.017813561065836,11.91107445248476,0.0,3651.08786493807,227.29034815569997,3882.434427528926,4769.548491076872
DS3,343.5,344.0,343.51,0.09743748605251312,15.3239674026375,0.009494064410215546,0.006964964451494213,0.014354897910535014,0.01146000001197363,-9.4641186156261,59.7058021107403,8.032474515408781,0.0,3640.978345796142,175.0115015856406,3729.293987744422,4558.058616897372
DS3,344.0,344.5,344.01,0.09687279164791107,15.488993241577823,0.00938433823840907,0.011087799301622224,0.015419390613033565,0.016985568648261326,-9.658888926831498,60.39140098510545,14.563467317359004,0.0,3726.6046227527368,344.4013132500156,4024.752299649954,4945.424024153454
DS3,344.5,345.0,344.51,0.10022946447134018,15.085794615658845,0.010045946083315648,0.006428434029340762,0.014982179078317389,0.010485547037123578,-8.501129605850231,58.71631467225484,6.880711541587437,0.0,3508.1050432815564,135.7268335813057,3581.974049623262,4375.465753248119
DS3,345.0,345.5,345.01,0.09984249621629715,14.827056157660367,0.00996852446515343,0.01031440281125954,0.013223782305898706,0.013080561752644597,-8.634599898537928,57.64138727483754,9.947911235157628,0.0,3385.3330344477736,197.14774091448103,3535.1893582223834,4333.042344461255
DS3,345.5,346.0,345.51,0.10468139499425888,14.53521693956835,0.010958194974176728,0.0090124192503091,0.01464800208139111,0.01347025445803823,-6.9656019180475655,56.42894296487802,10.408511839624685,0.0,3223.547083762281,176.9562621181782,3407.671338748029,4186.789521809044
DS3,346.0,346.5,346.01,0.09700825065374374,15.057261885765087,0.009410599535333198,0.008926551999598686,0.013437369167806837,0.01393134049550359,-9.61216738592975,58.597775614230116,10.953496399582873,0.0,3512.7442328448337,241.33312194680977,3679.18632668307,4510.893815883909
DS3,346.5,347.0,346.51,0.10259652882814407,15.621631427480313,0.010526047942531215,0.009723372227241846,0.012579430801596701,0.014457167603023045,-7.684698882151454,60.94244554598458,11.575002217414335,0.0,3762.064937462337,217.7036673652757,3985.531094097036,4895.03354332432
DS3,347.0,347.5,347.01,0.10316117107868195,15.308435475550947,0.0106422267333228,0.007784776296212185,0.011990231924734958,0.012163574137169845,-7.48994655954879,59.64127481128441,8.864069931149023,0.0,3602.7181562148394,152.94386813760286,3743.5483633882677,4588.42597381047
DS3,347.5,348.0,347.51,0.10923632234334946,15.498995338382814,0.011932574136969108,0.011920966138828244,0.011961743588933088,0.01731459606620972,-5.394549309645057,60.4329546372779,14.95236406984038,0.0,3673.7660453717767,276.19360188046,4045.2195465302393,4998.548279483971
DS3,348.0,348.5,348.01,0.1001308262348175,15.263113139482659,0.010026181290020494,0.00798951134985532,0.016089960603362295,0.012062272029157209,-8.535151193221566,59.45298343345203,8.744335043791365,0.0,3595.545351182015,169.8229057308452,3717.4510988022294,4550.2502122013975
DS3,348.5,349.0,348.51,0.10154467821121216,14.710534438207816,0.01031132212575129,0.01085028259011305,0.01593209526952218,0.016145538797083445,-8.047495591897135,57.15729847875119,13.570586896792564,0.0,3320.8864574152894,279.3863202046863,3597.411387357689,4423.715353249409
DS3,349.0,349.5,349.01,0.10878540575504303,14.840008133521614,0.011834264360192748,0.00947533511511682,0.01425305580569884,0.014067954595824229,-5.550076199085392,57.69519618214741,11.114968596304772,0.0,3352.155892054946,171.75709602875628,3577.0480557961196,4409.319285426153
DS3,349.5,350.0,349.51,0.10071323066949844,15.429157314527515,0.010143153655934137,0.007780037861698803,0.017153488251082906,0.012325329938910152,-8.334272466487677,60.14281297915614,9.055258575499911,0.0,3674.8220481368667,172.2049617030578,3810.010377611986,4665.6620034970665
DS3,350.0,350.5,350.01,0.10563527047634125,14.288382938482897,0.011158810109595407,0.011355257160064731,0.016381390469092816,0.016025825759685475,-6.636598083438456,55.403472563479674,13.429091055005136,0.0,3104.9983833191745,249.5600363755999,3389.82600480655,4175.697214904423
DS3,350.5,351.0,350.51,0.10358382761478424,15.8826962787329,0.01072960887224994,0.004957406714069901,0.014068693962869108,0.0092031347184516,-7.344166922990052,62.027037930452344,5.364953404519767,0.0,3890.653589438205,93.60525564151726,3954.1770825022554,4827.845740193626
DS3,351.0,351.5,351.01,0.10381550341844559,15.668613764106578,0.01077765924164156,0.012070732986409854,0.01181727525671015,0.017735583425463584,-7.264258979843917,61.13763338634248,15.449953656356895,0.0,3780.20766830996,323.30521662295007,4153.221183943791,5115.362659651159
DS3,351.5,352.0,351.51,0.09703946858644485,14.425804512334079,0.009416657987601459,0.004952374102613877,0.01341817388821329,0.009324156142842675,-9.601399922293078,55.97438968137372,5.507995705431424,0.0,3212.561114058388,137.30610948792406,3233.0459598898174,3941.0762374449146
DS3,352.0,352.5,352.01,0.09699509292840958,15.28758627962212,0.009408048342493992,0.011566980129787756,0.011830215850101095,0.016828829682799213,-9.616705653419574,59.554656949790676,14.378208365276578,0.0,3625.6731514716325,337.5476032498141,3914.6317929409606,4810.370560067016
DS3,352.5,353.0,352.51,0.10495584458112717,15.103195267547383,0.011015728655351213,0.00918710288831363,0.015085805662465432,0.01408543900650653,-6.870940750858917,58.788605577876694,11.135634444080607,0.0,3493.884950781335,192.50770103383667,3707.829566486618,4558.438067147012
DS3,353.0,353.5,353.01,0.10231023281812668,15.491823022073953,0.010467384296864187,0.01229055072358431,0.012787604909072147,0.015807196612978986,-7.783446031961179,60.403157291483325,13.170680477302875,0.0,3698.097533833396,262.6501101620405,3973.8548476046744,4885.580754360998
DS3,353.5,354.0,353.51,0.102901890873909,15.166533056056304,0.010588799081624245,0.009536429469063365,0.016320650111736185,0.0148428806921073,-7.579375613142149,59.051742046597795,12.03089908056862,0.0,3534.0606138711905,227.54174710601072,3768.8482354391904,4631.609889956593
DS3,354.0,354.5,354.01,0.10034172236919403,14.710658600967394,0.010068460842283066,0.010446847092265217,0.015009546098841626,0.016771873108703716,-8.462410423364853,57.157814312203406,14.310888058548588,0.0,3327.211976201546,310.2009512906458,3625.0241440028003,4458.0567567120925
DS3,354.5,355.0,354.51,0.10613083839416504,15.791409799221672,0.011263755456250616,0.01004046176395796,0.013398438492610673,0.014863128080437283,-6.465670380257173,61.64778878983572,12.054830653252921,0.0,3833.0128180695206,209.00569227748252,4090.0091626237854,5034.9946902695465
DS3,355.0,355.5,355.01,0.09741048514842987,15.726525276828989,0.00948880394188794,0.008703915738815267,0.01225792514445756,0.012999516188194374,-9.473431572241685,61.37822642431895,9.852118741589036,0.0,3843.2851098784786,212.46099978532794,3985.8885141416595,4879.783996669396
DS3,355.5,356.0,355.51,0.10050385445356369,15.847123647758036,0.010101024072137458,0.009866103288879421,0.012138156387074273,0.01479163168115625,-8.406488997064706,61.879251644915605,11.97032487659796,0.0,3887.480309310926,241.79929190055879,4116.349436641505,5052.592110123609
DS3,356.0,356.5,356.01,0.09884978830814362,15.939510145727253,0.009771279535423992,0.008669260230119593,0.010873311399463324,0.01469971593674033,-8.976997532782915,62.26307080572678,11.861684281451977,0.0,3944.0995222153056,250.6714337746734,4161.348213455023,5104.596233177794
DS3,356.5,357.0,356.51,0.10253783315420151,15.568102488265026,0.010514007777192013,0.011410113823765097,0.012327804610353845,0.01648372364313652,-7.704943769628709,60.72005988379,13.970307349235474,0.0,3735.3282648005156,284.6974227708592,4042.7734601074003,4973.006343976906
DS3,357.0,357.5,357.01,0.10386358946561813,15.278611716702796,0.010787645192847448,0.008472840999157058,0.014143676871737284,0.013456415593216232,-7.247673488122896,59.517372181084646,10.39215487575565,0.0,3584.759095421549,181.37031478743148,3772.6994821317403,4632.458713200804
DS3,357.5,358.0,357.51,0.10246453434228897,15.843065936218055,0.010498980647377544,0.0108909147066443,0.015795626060167926,0.015864918503770677,-7.730225465871568,61.862393906259825,13.238905356603036,0.0,3875.514410810972,263.59815706810787,4158.976112662779,5113.340886962583
DS3,358.0,358.5,358.01,0.09942672401666641,15.72609250331688,0.00988567426359626,0.008087751722207659,0.01525680935361808,0.013539503715197644,-8.778005039535739,61.37642846931589,10.490361587554409,0.0,3831.4224777432114,212.44999599741172,4005.0065002404917,4908.489433622365
DS3,358.5,359.0,358.51,0.0986052006483078,14.95232251375783,0.009722986166889788,0.016054165915745842,0.016189019653175523,0.022835667327644388,-9.061358940005984,58.16180561227923,21.478041161367624,0.0,3452.4387307214192,599.1809185361928,4068.777801484768,5009.365584465514
DS3,359.0,359.5,359.01,0.09895354509353638,15.502501203182689,0.009791805255151331,0.009659756157358541,0.0156845644132204,0.014345186642400302,-8.94121049254323,60.44751973190735,11.44264536947299,0.0,3721.0920848696614,239.08792152529224,3919.803065725402,4807.877739409217
DS3,359.5,360.0,359.51,0.1048598662018776,15.496980169687918,0.010995591358649963,0.011795360343902153,0.014613024088688512,0.015263511349522517,-6.904044919490803,60.42458263082274,12.528067060315951,0.0,3689.0742956203735,228.8560403265421,3953.663998057811,4864.9207482417
DS3,360.0,360.5,360.01,0.09923619776964188,15.595818555853437,0.009847822040242704,0.009393956784922327,0.01518605510688036,0.013038276891904938,-8.843719975124515,60.835206123084774,9.897932284700193,0.0,3766.445513708635,200.25206895552117,3919.60083554122,4801.223788504118
DS3,360.5,361.0,360.51,0.10202351212501526,16.327280177228843,0.010408797105064198,0.008606818705686851,0.01484920941045246,0.013213854233122843,-7.882339660393169,63.87405911408595,10.105457415082084,0.0,4130.2448931352565,186.2144505219759,4312.111995704592,5287.551681759554
DS3,361.0,361.5,361.01,0.10693471878767014,15.51045474959812,0.011435034078732463,0.009289376295852926,0.015765377590729133,0.012549318193969492,-6.1884017671119,60.48056269357109,9.320003396857656,0.0,3687.530064147181,141.15380627612188,3858.9621357124247,4743.039458485566
DS3,361.5,362.0,361.51,0.10422053188085556,15.204897708053414,0.010861919069137273,0.00971486266579052,0.015335947045750087,0.015360197412549752,-7.1245594910093715,59.211127767000896,12.6423459740793,0.0,3546.858349060927,235.7914039321093,3809.1087422120518,4685.933038055925
DS3,362.0,362.5,362.01,0.10381031781435013,15.54493070164311,0.010776582321301001,0.006273740109328382,0.016487935452825935,0.009000235734257714,-7.266047560915784,60.62379283296313,5.125135226062833,0.0,3717.7475384401682,89.36403329169312,3774.9026871551855,4608.021809883962
DS3,362.5,363.0,362.51,0.10100597888231277,14.877073810332725,0.010202207487595495,0.010965682390852112,0.01685847861568525,0.017123743197811323,-8.233299869539682,57.84918531780313,14.726783900307113,0.0,3403.0933057082652,318.6102939123892,3722.6377669242497,4579.42109919572
DS3,363.0,363.5,363.01,0.09925569593906403,14.808685711014967,0.009851693046041277,0.007903613722988435,0.01841672334846671,0.00970390869980125,-8.836994807502277,57.56506736261927,5.956847466991465,0.0,3379.804896526862,128.1654098485178,3425.5252119955717,4178.636256725123
DS3,363.5,364.0,363.51,0.10036438703536987,15.529735752501843,0.010073009661386183,0.01217284574042652,0.016393677578459807,0.019171379725855524,-8.454593090576605,60.56066550639304,17.147005293964728,0.0,3727.020850450561,406.45807344121,4153.268125964637,5111.943863633565
DS3,364.0,364.5,364.01,0.10474029183387756,15.797289688231594,0.01097052861447957,0.011131301648659754,0.015873428064485266,0.01558192458443863,-6.945287645959764,61.67221675404108,12.904418288970664,0.0,3841.725805889978,239.9165597566568,4122.823717126897,5073.784410660964
DS3,364.5,365.0,364.51,0.10026413947343826,15.956670793984586,0.010052896545533862,0.010430648255551532,0.013698824136600653,0.017493446527725304,-8.489169754832314,62.334364617678595,15.163757892570725,0.0,3945.195926915764,338.0407039798959,4293.213063831295,5279.381908430866
DS3,365.0,365.5,365.01,0.1015319973230362,15.369411594290188,0.010308746711550675,0.010762228485610108,0.01174382718901118,0.014495800095213824,-8.05186939216196,59.89459973687922,11.620664219830234,0.0,3640.862389362282,225.7742845688634,3857.6656961175768,4736.371290371199
DS3,365.5,366.0,365.51,0.09745943546295166,15.448785968736537,0.009498342181822907,0.00861314796413231,0.014467695410279932,0.01409245105228418,-9.456547983675351,60.22436010727512,11.143922391170799,0.0,3702.925535431018,242.61553995949674,3882.620319485164,4759.87186441287
DS3,366.0,366.5,366.01,0.10385762155056,15.681101197082093,0.010786405459211501,0.012086508016308076,0.014894163590380078,0.01717670487621268,-7.249731898235777,61.189512352974,14.789382406123673,0.0,3786.3565822568426,301.59095387747254,4133.157167136532,5089.296619520248
DS3,366.5,367.0,366.51,0.09685690701007843,15.957344606770796,0.009381259740324074,0.00679519713667928,0.01869331909219975,0.011045288196553878,-9.664367741264288,62.33716396892398,7.542302361252032,0.0,3965.0757796624343,170.3841863860824,4043.2890184262883,4936.611936322704
DS3,367.0,367.5,367.01,0.09874685853719711,15.228226264387073,0.009750941590039888,0.013741548500668091,0.016314431831404536,0.02038329779042359,-9.012499325179245,59.3080461166704,18.57944214838504,0.0,3586.0400678366336,473.7920914373022,4063.833708663332,5002.362202711928
DS3,367.5,368.0,367.51,0.0998346284031868,14.804863423885848,0.009966953156025384,0.009719230947503054,0.015915531243695644,0.014534744465776628,-8.637313607750416,57.549187693289596,11.666694849538063,0.0,3374.7735512640993,238.54293507047737,3577.590972622339,4391.57200528323
DS3,368.0,368.5,368.01,0.10076312720775604,15.229265874497141,0.010153207749988426,0.01325133643664836,0.015730627200333403,0.018105452585782868,-8.317062513271738,59.312365170739845,15.887123653277161,0.0,3575.5148500205473,358.73441365778604,3945.388630622268,4854.915336804051
DS3,368.5,369.0,368.51,0.09699109941720963,15.496546620021121,0.00940727315958038,0.011251369365882814,0.012382896644972441,0.01706312031295794,-9.618083066428943,60.4227814512896,14.65513016642518,0.0,3729.6629777167705,346.3914286210211,4032.2236882591096,4954.87785243182
DS3,369.0,369.5,369.01,0.1035986989736557,15.509972760356908,0.010732690825429122,0.014196761497553861,0.011564364782689938,0.02051104098653895,-7.339037601410387,60.4785602721118,18.730429304502973,0.0,3701.1402473845365,444.3882235399924,4215.556831728836,5196.1623311599715
DS3,369.5,370.0,369.51,0.09973596781492233,15.82124287830974,0.009947263377087425,0.01041104441370252,0.013224326893052439,0.015050787870735084,-8.671342904522923,61.77173014091724,12.276636736992717,0.0,3878.3259557084325,255.35512916148696,4113.2695520342495,5048.7284752426
DS3,370.0,370.5,370.01,0.09921461343765259,15.34412299397239,0.009843539268807038,0.011323912318699964,0.01284273492243247,0.017634257186706772,-8.851164686856123,59.78953839604022,15.330190247461113,0.0,3640.6416915515215,351.2682003128425,3980.9657118328596,4895.548149378626
DS3,370.5,371.0,370.51,0.09665176272392273,15.799373150037113,0.009341562682796302,0.009013759550614502,0.015172651719989117,0.013326738220866167,-9.735124625219447,61.68087248382145,10.238881603601873,0.0,3885.0930579455785,227.00305209891877,4035.4895827219207,4941.476812411153
DS3,371.0,371.5,371.01,0.09679979830980301,15.35558144831479,0.009370200051148537,0.010859382439110832,0.016208224369670274,0.015036542998921019,-9.684065261258342,59.83714247701056,12.259799889709456,0.0,3660.538698157996,276.80852703077153,3872.1234138756377,4751.224035856529
DS3,371.5,372.0,371.51,0.09641088545322418,15.396395772524986,0.009295059263504157,0.009041459403445392,0.01733922738073682,0.013756962968966838,-9.81820627184799,60.006705346171934,10.747389400358529,0.0,3683.2404053344776,240.91406872513522,3843.3473164478105,4709.712201916383
DS3,372.0,372.5,372.01,0.09828405827283859,15.185454790096994,0.009659756768324238,0.00870965553379386,0.016488130493936017,0.012649098851210044,-9.172125046242611,59.13035227904766,9.43793999254706,0.0,3567.7010804458237,196.9926268072265,3697.7596461102553,4527.491343058103
DS3,372.5,373.0,372.51,0.10041902959346771,15.312953180590599,0.01008398138080698,0.011075909587807945,0.014111928410994389,0.015219039351133223,-8.435746174511843,59.66004359022102,12.475503003928816,0.0,3618.6280358844324,255.96248895456512,3857.9092186066096,4737.9491485111785
DS3,373.0,373.5,373.01,0.10220412164926529,15.836151239692812,0.010445682152985272,0.007854109904818241,0.016100082941540594,0.011804254611876678,-7.8200451291243,61.83366684033654,8.439369164991051,0.0,3873.225946857734,150.5180132055283,4003.0779884896124,4901.5656151176445
DS3,373.5,374.0,373.51,0.10355769097805023,15.376696277458548,0.010724195200934459,0.011213772386519223,0.014093709552451776,0.016989146309858937,-7.353181782760325,59.92486391012873,14.567695964884685,0.0,3634.750300666478,296.49499298586005,3967.3382158303075,4884.061285402977
DS3,374.0,374.5,374.01,0.09726080298423767,15.582887406135429,0.009459663887316339,0.010893190644356324,0.013233391263923915,0.014924422718091634,-9.525058862089114,60.78148373786412,12.127278371066026,0.0,3771.4191147986166,269.6417824050661,3984.0670125817105,4887.522533588715
DS3,374.5,375.0,374.51,0.09984271973371506,15.573733482658136,0.009968569454937182,0.013470126063970248,0.01392289199489008,0.019569915757107065,-8.63452280452621,60.74345381677809,17.618058342573732,0.0,3751.964986858645,427.95089471919397,4197.150066895485,5165.914460198123
DS3,375.0,375.5,375.01,0.09750998020172119,15.278126670468613,0.009508196514983148,0.011930296355783777,0.01589607812383904,0.017740238450102013,-9.439114457825427,59.51535705936609,15.455455702283322,0.0,3617.878199123764,368.5945990575442,3952.447948103393,4859.717035354043
DS3,375.5,376.0,375.51,0.10138009488582611,15.611809033352566,0.010277923620562667,0.01368449117570188,0.016491112375132858,0.01939026203845893,-8.104262482525792,60.901638467524656,17.40571510325007,0.0,3763.0954200275933,408.6838023402946,4207.405128509466,5180.432990574066
DS3,376.0,376.5,376.01,0.10311403125524521,15.699265616730283,0.010632502307399724,0.01031823408574056,0.018132671994138223,0.015540256225909689,-7.506205686620203,61.26497632724774,12.855168018539779,0.0,3798.9831591237876,248.53936483300345,4069.8371601540093,5004.182542436984
DS3,376.5,377.0,376.51,0.09986647963523865,15.566292493171346,0.009973313804173026,0.009918446800330182,0.02211055342509523,0.010609647801130141,-8.626327711080542,60.71254026985074,7.027393494123622,0.0,3748.087149730892,140.4946575511782,3827.582302932996,4674.9533434070745
DS3,377.0,377.5,377.01,0.09353937208652496,15.769389585440303,0.008749612924550516,0.010963973323467883,0.0251391218088393,0.013357428874038022,-10.808627900793661,61.556305941581606,10.275156681905344,0.0,3890.197601731429,252.92973121216858,4020.942768074347,4923.136079185621
DS3,377.5,378.0,377.51,0.09732081741094589,15.15673039367834,0.009471341527892937,0.012915448977911283,0.0243992658255002,0.015212311034881833,-9.504359119942722,59.01101694357593,12.467550413363114,0.0,3559.350103781877,278.4663246917271,3778.825130549028,4638.411843923693
DS3,378.0,378.5,378.01,0.0975940003991127,15.782846759046494,0.009524589182449163,0.011066693964248024,0.024050930772580588,0.017056228911842778,-9.410134818820476,61.61221368994262,14.646984816318968,0.0,3870.9137191053987,341.3677267888103,4180.774187711499,5136.87694686503
DS3,378.5,379.0,378.51,0.09977941960096359,15.218575763413217,0.00995593322224527,0.009133434790678656,0.01812118144871205,0.01392229274126002,-8.656355828644864,59.26795316730427,10.942802329573407,0.0,3575.5209067820547,220.78594182912337,3759.520077313094,4611.029459716275
DS3,379.0,379.5,379.01,0.09626224637031555,15.523569851736864,0.009266420587340384,0.010661461348120448,0.018773526263727622,0.014162283777408932,-9.869473789640734,60.53504930803853,11.226461774020043,0.0,3747.7427049745056,253.91571718878077,3923.5918162689877,4809.500492655265
DS3,379.5,380.0,379.51,0.09988608211278915,15.88489979383276,0.009977228611450388,0.00930161064938758,0.014748499843168335,0.01386492762184461,-8.619566566252837,62.03619242093585,10.874999139233026,0.0,3910.200706339679,218.39773229769995,4100.151615891382,5027.179222581824
DS3,380.0,380.5,380.01,0.09908784925937653,15.391367154103067,0.009818402075386324,0.011535157704624644,0.01680800336574641,0.018151282174106196,-8.894887270702025,59.985813980602664,15.94129232462265,0.0,3664.8227846576547,372.94578821166283,4030.2123077833485,4957.175850803988
DS3,380.5,381.0,380.51,0.10299715399742126,15.63107875251429,0.010608413029775617,0.014528583303083724,0.013431162338658811,0.020049464954326468,-7.546518145347761,60.981694402107046,18.184865591089807,0.0,3764.9463487760154,427.0278990274345,4252.968532102238,5240.562224544922
DS3,381.0,381.5,381.01,0.1016814112663269,15.678681356516055,0.01033910977426997,0.011721949170880413,0.013600816868904674,0.015269588336969984,-8.00033461512859,61.1794591396174,12.535249807267334,0.0,3795.444485924074,249.0018294875889,4047.812380449111,4972.93521397169
DS3,381.5,382.0,381.51,0.094962939620018,15.582074898960915,0.009017959264597487,0.010153269777988453,0.01400513520826794,0.014621928014719818,-10.31762127975987,60.7781081816007,11.769742186034275,0.0,3785.5510420733794,278.3828422514415,3971.5671110402204,4869.970276004893
DS3,382.0,382.5,382.01,0.09349043667316437,15.104271828598398,0.008740462346763265,0.011910659817001632,0.015192929238987315,0.015009254973772467,-10.825506349759213,58.79307814441234,12.227546576511202,0.0,3558.6712998637818,303.1097166536688,3744.3262840409016,4595.959270499186
DS3,382.5,383.0,382.51,0.10163713246583939,16.213754320195747,0.010330107025351667,0.013675601411073615,0.014253762855274707,0.01908527617532145,-8.015606938850008,63.40241661074819,17.04523447076522,0.0,4072.2091362565347,393.5438827102422,4511.058794573568,5553.888387868152
DS3,383.0,383.5,383.01,0.09913163632154465,15.137517499071706,0.009827081713047569,0.01018927230593515,0.012443283815198528,0.01519194277987669,-8.879784553806388,58.93119708627244,12.44347598128507,0.0,3539.3765385294314,264.2437321263287,3768.360637928303,4626.791648437401
DS3,383.5,384.0,383.51,0.1000775396823883,15.892292274008458,0.010015513580647846,0.011043291646403464,0.014167434145568853,0.014477213717405367,-8.553530405615236,62.06690443621642,11.598695892645917,0.0,3912.97303204814,235.0935750279944,4127.605904570015,5064.143848393163
DS3,384.0,384.5,384.01,0.09642134606838226,15.376944071848374,0.009297075124729067,0.01052045350860039,0.010753556002766063,0.01578422054516936,-9.814598272099568,59.925893370459484,13.143523718721262,0.0,3673.5009851864597,304.6924257838896,3914.072759028794,4805.512084171189
DS3,384.5,385.0,384.51,0.09741242229938507,16.096960906439755,0.0094891801258608,0.0121501631092174,0.009972789867558637,0.016757835057345002,-9.472763424140124,62.917199062280964,14.29429566445994,0.0,4034.2304107242135,331.6151637905351,4333.554427349226,5322.471988456835
DS3,385.0,385.5,385.01,0.0997481644153595,15.859147562773037,0.00994969644261169,0.012835282456982879,0.009392253924812632,0.018923685264678344,-8.667136141283489,61.929204928914544,16.85424072084779,0.0,3897.7085043513534,400.32072351483174,4312.806541547425,5306.525978047709
DS3,385.5,386.0,385.51,0.09996183216571808,15.07803444011398,0.009992367232491183,0.010780005807474062,0.013149030260492208,0.01608692066010531,-8.593439405681467,58.684075068732156,13.50130269169668,0.0,3505.7709840166967,288.37301125991155,3776.184022939251,4640.613995338178
DS3,386.0,386.5,386.01,0.10483997315168381,15.555809339741971,0.010991421431298597,0.014852925932041424,0.014578468675811165,0.020173331731331026,-6.910906286533742,60.66898807077012,18.33127098070072,0.0,3718.717666012779,420.54190329285547,4220.577287956281,5205.071323284659
DS3,386.5,387.0,386.51,0.10507047176361084,15.749739150462375,0.011039805374839852,0.00975220445935232,0.015155694741773952,0.011146363479684713,-6.831404371849324,61.474668325386695,7.661769151013251,0.0,3816.031861501212,119.76461387752221,3937.7831891493965,4825.5897181021
DS3,387.0,387.5,387.01,0.10035333037376404,14.7804389107302,0.010070790840305143,0.012278756193715637,0.015906260236187422,0.016577793061555816,-8.458406674356276,57.44771619746836,14.081493497670115,0.0,3360.3188205014085,303.03289588922485,3650.459017388893,4488.657445693418
DS3,387.5,388.0,387.51,0.10048839449882507,16.16608224464136,0.01009791727661972,0.008885262006033283,0.015758925148601763,0.012577254600060598,-8.41182133287523,63.20436325408228,9.353023069420432,0.0,4053.062026873183,179.87165504181803,4203.026289193142,5146.841273659078
DS3,388.0,388.5,388.01,0.09914715588092804,15.576633858402621,0.009830159385154266,0.007680206241676316,0.017531233684233715,0.012075231509180688,-8.874431659592739,60.7555034106988,8.759652611325414,0.0,3757.268549296231,176.84995305465696,3877.267546291295,4743.870685785772
DS3,388.5,389.0,388.51,0.10164891183376312,15.801694405234993,0.010332500740365132,0.01295688613387682,0.013477512663885475,0.01778259151904178,-8.011544084432447,61.69051612484761,15.505515272002457,0.0,3858.3092618086866,339.57502800016283,4225.212653344816,5199.231707960546
DS3,389.0,389.5,389.01,0.10136550664901733,15.251807796424888,0.01027496427094279,0.008069966545147241,0.01573044292196699,0.013114579751737467,-8.109294151690614,59.40601545241046,9.988119098245823,0.0,3583.506205614548,187.83393918705718,3747.0539428342017,4594.1356679350165
DS3,389.5,390.0,389.51,0.1036866158246994,15.395923880553841,0.010750914429875438,0.014782894744238554,0.015017936758656425,0.021666122579558748,-7.308713956801144,60.004744873761574,20.09568780842154,0.0,3643.7310619658283,500.0374918893355,4223.155998097024,5206.1415529716905
DS3,390.0,390.5,390.01,0.09796325117349625,16.02083750133192,0.00959679821407633,0.009698643369394378,0.013817905221236894,0.013392452546361745,-9.282775511461658,62.60094482482396,10.31655320901423,0.0,3991.331895693373,218.93431779633266,4154.462417013413,5088.150343168002
DS3,390.5,391.0,390.51,0.09402459114789963,16.07925500326328,0.00884062263424844,0.011911976608228769,0.01847280692349594,0.01873065891391197,-10.641269650354939,62.84363999198411,16.626091585361014,0.0,4046.692113847688,438.8137258241795,4420.115805991338,5433.726938668798
DS3,391.0,391.5,391.01,0.10386044532060623,15.686956621359467,0.010786990664726263,0.009138504105806433,0.013479063089210052,0.01255075157021962,-7.2487579438877345,61.21383867859232,9.32169758809629,0.0,3789.317657591831,158.07113168794663,3949.910270345077,4845.052666610081
DS3,391.5,392.0,391.51,0.10136625915765762,15.373729368753413,0.01027511857598087,0.008667192352405968,0.017584132119132845,0.014046175709078738,-8.109034601851162,59.91253790541548,11.089226856054694,0.0,3643.8478321634316,213.5704386559546,3842.614388973478,4715.606688637401
DS3,392.0,392.5,392.01,0.10347381234169006,15.207160923884855,0.010706829722562046,0.009569041444524409,0.014972599211642255,0.01420449756632817,-7.382112595557855,59.22053028382157,11.276356720535414,0.0,3551.3312492306172,204.75230866825567,3764.4056525424853,4624.751356077295
DS3,392.5,393.0,392.51,0.10263628512620926,15.788234165590318,0.01053420682342971,0.012878722047705848,0.014523801934033041,0.01793993466467656,-7.670986427267139,61.6345956386478,15.691488339973859,0.0,3846.5986568600965,339.09791651152034,4225.808757036252,5202.431682287252
DS3,393.0,393.5,393.01,0.09609945118427277,15.754298064033362,0.009235104659857996,0.009466099726928589,0.017286059289740304,0.014572682009319906,-9.925623928175645,61.49360830492364,11.711535451494875,0.0,3865.525485614592,267.6701330400918,4059.0108296201747,4976.523267994815
DS3,393.5,394.0,393.51,0.10135988146066666,15.460850369472821,0.010273825272264503,0.015159750710449733,0.014671738479600176,0.02067020247402181,-8.111234350985528,60.27448158896429,18.918551577072666,0.0,3687.315440112352,467.6034959061432,4199.088691549024,5171.819085726204
DS3,394.0,394.5,394.01,0.09923514723777771,15.850505891029965,0.009847613854838974,0.007634701351951104,0.014533130644799726,0.012506859970443578,-8.844082316979591,61.89330315463647,9.269819538781896,0.0,3896.0990992035354,186.67960064098014,4033.620408692238,4937.302567759152
DS3,394.5,395.0,394.51,0.09853027760982513,15.585809531412833,0.009708215420829447,0.008719633358086827,0.012657908468192893,0.01345644001843128,-9.087200852733996,60.79362369009104,10.392183745346122,0.0,3765.397809354454,216.55162211120611,3929.351865721347,4814.5353665093235
DS3,395.0,395.5,395.01,0.09733126312494278,15.759740718942197,0.009473374939208017,0.008874472271913418,0.012504159684394948,0.012125354208825127,-9.50075625979508,61.516219782635346,8.818895562076646,0.0,3860.6911855034014,191.06925807322702,3973.574563466763,4859.431362122527
DS3,395.5,396.0,395.51,0.10499828308820724,15.445621427997905,0.01102463878574906,0.009242532249551828,0.01473411882367519,0.013628573015138368,-6.856303167833981,60.21121304144458,10.595637803465904,0.0,3662.7805057505325,179.44744184706406,3863.7182400091515,4747.962800638796
DS3,396.0,396.5,396.01,0.09613137692213058,15.522088081778417,0.009241240382595982,0.007660878245156556,0.015200013075447176,0.01119806418065735,-9.914612333501866,60.52889330348734,7.722877233843063,0.0,3747.824630143468,179.05535309419218,3822.0370622603245,4668.245572166084
DS3,396.5,397.0,396.51,0.10233714431524277,15.935585131475143,0.01047289163451263,0.012313528363836555,0.014487323581212975,0.016148807354639253,-7.774163912950282,62.24676435717063,13.574450196169492,0.0,3923.7662290506487,274.202031371858,4220.20071646421,5189.279072945613
DS3,397.0,397.5,397.01,0.10087782144546509,15.648979843022396,0.010176334894905794,0.007426300088563663,0.01553642909581142,0.011138697253479136,-8.277503006058629,61.05606437702172,7.652707989807519,0.0,3784.478538966758,144.49455479311456,3885.422021838451,4750.7850551064075
DS3,397.5,398.0,397.51,0.0981450229883194,15.669252562599382,0.009632445004730213,0.0094045019012765,0.013258398073733878,0.0153491672012546,-9.220080091331853,61.14028727091247,12.629308722112228,0.0,3809.8293819945175,276.68094382844436,4046.215145623015,4966.072574216494
DS3,398.0,398.5,398.01,0.1063489317893982,15.323452004811,0.011310095703870439,0.008960697168524455,0.012167169697583989,0.013615626256594428,-6.390447183223126,59.703660893510516,10.580335272192695,0.0,3596.507586672669,171.62189153611115,3801.1328294022924,4675.098400091677
DS3,398.5,399.0,398.51,0.10036531090736389,15.402941861560107,0.010073194538446807,0.010335204447801533,0.012211004871946636,0.016707299554955223,-8.45427443532817,60.03390103445198,14.234564797996153,0.0,3663.5911340361886,307.6635734833867,3967.8955208619263,4878.063976371769
DS3,399.0,399.5,399.01,0.09977918863296509,15.276494694402137,0.009955886713360229,0.010179462884751932,0.013255479410342457,0.01576651769439059,-8.656435492456973,59.50857702442519,13.122599683817262,0.0,3604.055632119475,278.6486659248416,3862.2814526015145,4744.624854394847
DS3,399.5,400.0,399.51,0.10146401077508926,15.961086837676977,0.010294945141997877,0.009144449950413473,0.014587343277145226,0.013122827651673457,-8.07531882072631,62.35271104514772,9.997867773659861,0.0,3941.2598253062965,187.40973806074132,4113.13743218136,5042.145686297773
DS3,400.0,400.5,400.01,0.10559969395399094,15.704793340037611,0.011151295722173573,0.013861916729227541,0.012657468589278326,0.0209122822426202,-6.648868880303637,61.287941221119155,19.204679816586502,0.0,3790.951485531015,450.45197159328046,4339.93266727132,5355.1030460762895
DS3,400.5,401.0,400.51,0.10164938122034073,15.016974250420843,0.010332596779099626,0.009279311945990836,0.014637659968787452,0.014775434244500927,-8.01138218700784,58.43040087085533,11.951180178709086,0.0,3467.283220600369,233.5544219715015,3691.5180572391014,4534.276677459149
DS3,401.0,401.5,401.01,0.10524976253509521,15.941356035157673,0.011077511641023503,0.011832391329693964,0.015367417584464312,0.016288697321314508,-6.769564695249595,62.27073954247628,13.739794330965173,0.0,3913.6766419523497,260.88900964483605,4229.452028717759,5209.038340093987
DS3,401.5,402.0,401.51,0.10307911038398743,15.872045962663671,0.010625303181323808,0.009071195784698668,0.018596794829869485,0.012939463302432829,-7.51825034105101,61.98279125517057,9.781138722977143,0.0,3887.4954543923564,172.4791446949829,4059.790869267295,4979.714610020792
DS3,402.0,402.5,402.01,0.10223841667175293,15.63421122594456,0.010452694699873335,0.007884960725573719,0.014525101317888907,0.013536634182205224,-7.808216337926305,60.99470824449417,10.486969918650798,0.0,3770.1569917777756,193.55354909094902,3957.250678590077,4855.211257125573
DS3,402.5,403.0,402.51,0.10162431001663208,16.04430562970726,0.010327500222670791,0.010361194529750387,0.014765823826050413,0.014096164299559212,-8.020029565322254,62.698443025717275,11.148311295340015,0.0,3983.627170724767,213.32114597434196,4193.24137440286,5145.675206837394
DS3,403.0,403.5,403.01,0.10205359756946564,15.439184306646592,0.010414936011049036,0.008645582888394681,0.013494373813777799,0.013324049666330086,-7.87196280641587,60.1844700587641,10.23570384372256,0.0,3673.0191680007097,188.96282854536327,3849.415869114023,4721.726487472366
DS3,403.5,404.0,403.51,0.10377146303653717,15.673178563901715,0.010768516440481256,0.010062367736748592,0.014513986202094804,0.01478722851070197,-7.279449069952835,61.15659782016293,11.965120511864562,0.0,3782.7219196800347,220.4152537795489,4025.307638251328,4948.123416591757
DS3,404.0,404.5,404.01,0.10326433181762695,15.85168796928216,0.010663521322963653,0.009575585055593234,0.013723715387500337,0.015559917286227472,-7.4543651033403515,61.89821409176196,12.878406575847865,0.0,3876.1728363999005,248.23825735818994,4150.46278663553,5103.6429343019145
DS3,404.5,405.0,404.51,0.1042865738272667,15.631031213274113,0.010875687890393552,0.009538177805363281,0.01716163954717103,0.015606173450994767,-7.101780780346971,60.98149690061417,12.933079442846038,0.0,3759.0751971781256,243.44393750852717,4037.1611685254443,4967.2686783532945
DS3,405.0,405.5,405.01,0.10591620206832886,15.573952411036228,0.011218242520531952,0.010338130904928444,0.017586419497375293,0.01549984069762075,-6.539701189909974,60.74436335343337,12.807398541456708,0.0,3723.4199220608366,230.39588760704248,4003.141407122436,4929.774242280379
DS3,405.5,406.0,405.51,0.10371144860982895,15.24904071888543,0.01075606525501311,0.008780085913191717,0.01705681249626453,0.011948202911088602,-7.300148812099229,59.394519645096196,8.609510080413227,0.0,3570.8568861696453,144.71308267531595,3706.73884359439,4543.49008502421
DS3,406.0,406.5,406.01,0.105182945728302,15.746793993000892,0.011063452680192635,0.011233419282179755,0.013582643370239606,0.016867825807494206,-6.792610665152619,61.46243268608689,14.424300166220718,0.0,3814.0596485619744,281.98785078563066,4153.162816645123,5116.683930427723
DS3,406.5,407.0,406.51,0.10113726556301117,15.885043639710872,0.010228746360449273,0.005297898203551257,0.013961342656143964,0.009061422590621565,-8.188017416856677,62.03679002778789,5.197455550863784,0.0,3903.6802771013135,105.88457596656642,3951.957647927139,4817.738904800352
DS3,407.0,407.5,407.01,0.1046210378408432,15.110475539495749,0.010945561820543995,0.009765068439132461,0.016864311615134235,0.015189059095018116,-6.986419871011928,58.818851424738746,12.440067585463009,0.0,3498.870549836583,227.8897815169907,3754.7060889126656,4619.454337728877
DS3,407.5,408.0,407.51,0.10231543332338333,15.845642498437313,0.010468447431696306,0.00578113930478328,0.01429087022676035,0.009370900349736628,-7.78165231128853,61.873098218800195,5.563245417968228,0.0,3877.5564875294485,103.47346196456456,3938.9966023035327,4807.08969295186
DS3,408.0,408.5,408.01,0.10191269218921661,15.699662658951214,0.010386196948062655,0.009497842891296389,0.012078645920187052,0.015032126924918232,-7.920562871403158,61.26662583681239,12.254580273517256,0.0,3804.952382148975,239.86194365279118,4048.9713641675658,4973.833692608914
DS3,408.5,409.0,408.51,0.10515760630369186,15.751735968040666,0.011058123152110176,0.007217931166609241,0.011913248812240087,0.012567592232033582,-6.801350556281096,61.48296409223617,9.34160255142708,0.0,3816.686417801129,151.07952069572494,3984.113618483385,4890.905464839913
DS3,409.0,409.5,409.01,0.1038481742143631,15.53217100724689,0.010784443031823009,0.00956810843282472,0.011887605659929586,0.013882633342500306,-7.252990405131076,60.57078275786541,10.895926566212447,0.0,3711.1614132500795,193.24114227394972,3917.444434773695,4811.9431276243595
DS3,409.5,410.0,409.51,0.10615622997283936,15.183121573288854,0.011269144624121295,0.0076919101487570125,0.010437803465154417,0.01345726807141921,-6.456912500525961,59.12065894358224,10.393162469611404,0.0,3528.0712635918458,168.38073289654085,3724.704076918118,4579.853055668824
DS3,410.0,410.5,410.01,0.0966530367732048,15.646557370323961,0.00934180966641307,0.00870057835938263,0.015248199717645967,0.014292874350763849,-9.734685189352652,61.046000228486605,11.380814411861225,0.0,3807.309794871412,254.77273282933885,3992.0505979458267,4893.78187999366
DS3,410.5,411.0,410.51,0.10359979420900345,15.582632524426739,0.010732917524891484,0.009558374718749228,0.014951651339631639,0.015424332539588177,-7.338659840752967,60.78042483330895,12.718151032456337,0.0,3737.6900073592187,241.6848269437513,4004.4639355814356,4924.639159427607
DS3,411.0,411.5,411.01,0.10671418905258179,15.741313696297683,0.011387917742042298,0.009519063478989271,0.011395852242666815,0.014594317532789246,-6.2644652888736765,61.43966482576251,11.737107742302507,0.0,3805.167620486938,197.65248027690535,4053.091066053058,4990.460383110026
DS3,411.5,412.0,411.51,0.09956317394971848,15.85397617215208,0.009912824929617474,0.009092585205694594,0.010461994719467328,0.014500847542380827,-8.730941715182038,61.90772041708659,11.626630092898832,0.0,3896.065006765592,239.42817127137272,4108.379436895855,5039.912047504223
DS3,412.0,412.5,412.01,0.10413660854101181,15.798994542979532,0.010844433207830819,0.011946217658837925,0.01469009050042965,0.017096513838126427,-7.153505722609244,61.6792995630342,14.694599927252124,0.0,3845.21789133711,296.83333003627513,4191.132086772877,5161.1460195765485
DS3,412.5,413.0,412.51,0.10197096318006516,15.388621785666151,0.010398077969966045,0.010702865025341112,0.014998026847207583,0.01495143103951133,-7.900464462548168,59.97440836362684,12.159201086065236,0.0,3648.222790336485,236.9310564632737,3885.5050716493797,4773.234530999838
DS3,413.0,413.5,413.01,0.10023685544729233,15.508553711554969,0.010047427189596824,0.012182853441774825,0.015967067523531078,0.01691367646430717,-8.498580363862741,60.47266484223533,14.478493739646556,0.0,3717.066825689255,316.19640378949225,4031.5195587111043,4956.54794997757
DS3,413.5,414.0,413.51,0.10441483557224274,15.701716854800706,0.01090245864230699,0.00970619850336165,0.014044156614086513,0.013832973903141149,-7.057541666622555,61.275159981351095,10.837231169891854,0.0,3794.371837898458,188.48449680240225,4003.187001441592,4918.471947717292
DS3,414.0,414.5,414.01,0.10030889511108398,15.642856925746704,0.010061875396166344,0.010542212516488238,0.013558743043328048,0.015027114861632686,-8.473732963885897,61.030626753319886,12.248656222728012,0.0,3784.3700412911307,250.56756586709662,4019.2578398943206,4934.469221010586
DS3,414.5,415.0,414.51,0.10207162797451019,15.259826711081686,0.010418617127509973,0.009694950631724007,0.01343935758668718,0.014705914730174543,-7.865743889470585,59.43932998604733,11.869010998024413,0.0,3583.924960385816,228.63635450858231,3810.3784028202676,4680.336743982516
DS3,415.0,415.5,415.01,0.10076984763145447,15.509917251085582,0.010154561641654661,0.008022037627803189,0.014467106151988342,0.012785375187054563,-8.314744553319404,60.47832965917153,9.599012965676328,0.0,3714.933613273095,183.23377166297263,3866.702947580842,4737.595046990443
DS3,415.5,416.0,415.51,0.10080617666244507,15.402391659562223,0.010161885755471032,0.008961352338312276,0.01771055090292697,0.013380872147942445,-8.30221420661477,60.03161522349749,10.30286565870068,0.0,3660.9937587951335,198.64119277818443,3832.7065975967325,4699.268824193197
DS3,416.0,416.5,416.01,0.10032284259796143,15.160800314500683,0.010064673351403522,0.007386855921160632,0.015637970315370255,0.011246979980820623,-8.468922297554668,59.02792540562328,7.78069367949717,0.0,3544.235905985212,150.37705514307612,3641.0331853041084,4452.431798002927
DS3,416.5,417.0,416.51,0.09587706625461578,15.397441781475951,0.009192411996195915,0.010658741524420269,0.01689755498630223,0.012507412678448265,-10.002327330234685,60.01105098418815,9.270472816704547,0.0,3687.1385483199406,211.47804990889205,3799.9250349865324,4649.63640975898
DS3,417.0,417.5,417.01,0.10121467709541321,16.064961739641486,0.010244411017789033,0.008302899077665954,0.01719088134753194,0.012004040074385117,-8.161317190798199,62.78425871258549,8.675507290035414,0.0,3996.4481311171703,161.33280373748056,4130.022490211857,5055.69136325448
DS3,417.5,418.0,417.51,0.09681560099124908,15.397520352886426,0.009373260457495845,0.009491312105153667,0.016926403673510945,0.012499566859343584,-9.67861471462985,60.01137740864947,9.261199384145668,0.0,3681.2845855574283,204.08052214769916,3799.7028300342945,4649.717936960335
DS3,418.0,418.5,418.01,0.1042008325457573,15.877193186925496,0.010857814354092376,0.011205492013142944,0.01155910437265756,0.015152540471852497,-7.131354043242154,62.00417536800205,12.39690408850353,0.0,3885.0658508560527,229.24490425714055,4146.8625964399,5100.1134047326805
DS3,418.5,419.0,418.51,0.09994197636842728,15.53542949674727,0.009988398851057352,0.006917888844686889,0.014509610667558272,0.011636321488344183,-8.600287923722453,60.584320133272406,8.240879182657467,0.0,3732.1495956336566,161.35565560375744,3842.211838539409,4699.587858378217
DS3,419.0,419.5,419.01,0.10088976472616196,15.579080190705689,0.010178745028208801,0.012032153595348975,0.013578273916568058,0.0166681282171868,-8.273383616032476,60.765666683820605,14.18826590247104,0.0,3749.093650487189,302.53219248651027,4056.750151920089,4987.674035793595
DS3,419.5,420.0,419.51,0.09907035529613495,16.058818657369464,0.009814935422818551,0.008571086866662966,0.016145265761028885,0.014423195160303564,-8.900921162019186,62.75873731352535,11.534848200068772,0.0,4004.7257717437906,240.5965816029523,4213.672414712681,5167.503078258496
DS3,420.0,420.5,420.01,0.09997698664665222,15.61851406010594,0.009995398766798126,0.012878865845455976,0.014472234368312291,0.02028227450768417,-8.588212431686959,60.92949446161758,18.460036820928316,0.0,3773.83678388857,459.5412784376965,4259.246444095812,5243.49304789576
DS3,420.5,421.0,420.51,0.10356277227401733,15.60343145927694,0.010725247599422024,0.009195665413626732,0.013098418002788896,0.0127809418166461,-7.351429178893927,60.866833885448045,9.593772905850468,0.0,3748.3558488845547,165.54007473778722,3914.591942668586,4802.222363086018
DS3,421.0,421.5,421.01,0.09956824779510498,15.042972849925597,0.009913836735101711,0.010803253087640331,0.016405370829619747,0.015585424617930436,-8.72919168111603,58.53841189912815,12.90855518329706,0.0,3490.8803011874206,274.0539428092225,3737.3710601328603,4590.877973624406
DS3,421.5,422.0,421.51,0.10085348039865494,15.349450651064474,0.010171424647361723,0.010350647358228507,0.018469425040846275,0.014625196774055585,-8.285898543934765,59.81167211600063,11.773605723906739,0.0,3634.4294306966995,234.2628912015681,3852.5875251234947,4729.575978241149
DS3,422.0,422.5,422.01,0.10234988480806351,15.690878431613438,0.010475500075789531,0.01183287812217506,0.016696644152018218,0.01778338384470692,-7.769769554282332,61.23013181615708,15.506451768054982,0.0,3798.3496725034606,334.8150879722759,4167.155611957598,5129.285150386905
DS3,422.5,423.0,422.51,0.10380146652460098,16.257815723847816,0.010774744716907413,0.011187566336541464,0.014655180917281777,0.018771610993196478,-7.269100483779833,63.58546945229582,16.674495243452515,0.0,4085.180207246082,365.49776901233736,4518.594333567818,5567.811535815704
DS3,423.0,423.5,423.01,0.1037873923778534,15.430851588787561,0.010771823491316704,0.011428336153325374,0.014730201113958298,0.01769936779275811,-7.273954836717703,60.14985183157472,15.407148281546378,0.0,3660.6874155807172,322.0682396902339,4028.4644382171964,4961.627222646935
DS3,423.5,424.0,423.51,0.09959672391414642,15.362929584375257,0.009919507837684213,0.008592893911774709,0.015030293319374213,0.014225685182810005,-8.719369904023104,59.867670264926005,11.301399603873175,0.0,3647.8535472555754,230.92762592100155,3843.9424003885492,4715.399033609134
DS3,424.0,424.5,424.01,0.10354271531105042,15.384527427025569,0.010721093596028118,0.011044993914166357,0.013670847969445992,0.01649701986159165,-7.358347081545459,59.95739837480778,13.986022927620175,0.0,3638.713667922109,278.6862107779003,3949.036371663377,4860.083321075283
DS3,424.5,425.0,424.51,0.10622507333755493,15.268370467233503,0.011283765224465725,0.010026822606258978,0.01514610639266458,0.014360459920507515,-6.43316754491669,59.47482497057914,11.460697750313091,0.0,3569.7524546348004,193.36875584158213,3801.216021778376,4677.960334660942
DS3,425.0,425.5,425.01,0.09989403188228607,15.849488327973877,0.00997881685146693,0.01013509662145322,0.016516657388753634,0.014260784851407379,-8.616824589236053,61.88907569492271,11.342885955423466,0.0,3891.954630470458,229.88039414806696,4096.649052138673,5024.915615792793
DS3,425.5,426.0,425.51,0.09853073954582214,16.025014581839194,0.009708306409462766,0.007504315531238174,0.011790529096528758,0.012112739793435029,-9.087041525109779,62.618298481150205,8.803985846618133,0.0,3990.2072517855545,182.07089095152654,4112.396352390547,5029.909696907519
DS3,426.0,426.5,426.01,0.1000724583864212,15.974471537135269,0.010014496517308026,0.009905717908610454,0.012061065291488449,0.016113561237033187,-8.555283009481634,62.40831770008883,13.53279074796896,0.0,3955.4322856415797,288.51258495043743,4239.265926933915,5208.031107550466
DS3,426.5,427.0,426.51,0.10568471252918243,15.17079323570513,0.011169258711446793,0.016339746229336663,0.012359364756161919,0.021305838821001368,-6.6195448880463434,59.06944093781739,19.669847358563576,0.0,3523.9152065044786,469.02500737189246,4086.9913246982946,5042.509251993765
DS3,427.0,427.5,427.01,0.10041723400354385,15.77561624747427,0.010083620846003782,0.009377040345422548,0.011863096990376175,0.014801641113614246,-8.436365496405982,61.5821745722697,11.982155610344613,0.0,3851.31666938738,242.7096807210238,4079.2700838625233,5007.098028315966
DS3,427.5,428.0,427.51,0.10257425159215927,15.76885818143721,0.010521478191593067,0.013787155633344665,0.013358133049220903,0.01939788313019296,-7.69238258531939,61.554098226785584,17.41472291738364,0.0,3836.9923030201867,400.6586472196688,4290.036285339342,5284.4172268594275
DS3,428.0,428.5,428.01,0.09668968617916107,15.432756934938253,0.009348894673922735,0.01093505576207112,0.014267501076201684,0.017931432594040717,-9.722044341231223,60.15776758091785,15.681439245341368,0.0,3699.6222021160115,382.8476296266731,4040.667990559399,4967.87101050751
DS3,428.5,429.0,428.51,0.10373788326978683,15.655476336044833,0.010761546932706208,0.014801702690719655,0.013630975564121154,0.01784224056412111,-7.291031160313331,61.08305401895964,15.576017967688461,0.0,3773.895125201477,327.9966363206914,4151.542843609077,5113.365484616931
DS3,429.0,429.5,429.01,0.10090458393096924,15.157022848986374,0.010181735337654393,0.01157659372624541,0.015840331004958637,0.016099243208658038,-8.268272283055545,59.01223194742793,13.515867432666694,0.0,3539.319495263525,282.16137001936164,3816.296831607399,4690.976126622675
DS3,429.5,430.0,429.51,0.0998358502984047,16.111629637484405,0.009967195814929318,0.016504624754024397,0.016878827879755507,0.02333903169591887,-8.636892160486356,62.9781402188729,22.072996953676363,0.0,4028.047552869362,616.8766307120479,4704.604316652038,5793.328219281832
DS3,430.0,430.5,430.01,0.09763234853744507,15.403504443410828,0.009532076106742535,0.008917520154225166,0.01634386071239436,0.012565257528288125,-9.396908056209988,60.03623827743204,9.33884302849651,0.0,3679.305980882439,199.6320102996734,3804.9435297473306,4657.035528665449
DS3,430.5,431.0,430.51,0.1025085598230362,15.428063662710349,0.010508005886904136,0.014233126561778109,0.018216998266311443,0.018526231950267195,-7.715040515363431,60.13826940913335,16.384467398608432,0.0,3665.2546073914077,363.8232872255175,4067.7198347951407,5009.01994199131
DS3,431.0,431.5,431.01,0.09904131293296814,15.231520819902286,0.009809181039123082,0.007575899648948019,0.01633422914999268,0.011315915163075344,-8.910938243941798,59.32173332812326,7.86217220392451,0.0,3585.988897869193,160.48770312679383,3678.4504577956836,4496.778573876467
DS3,431.5,432.0,431.51,0.09979323297739029,15.06294222891307,0.00995868913986047,0.014113018516337415,0.014921410498110141,0.01770760636520531,-8.651591418720667,58.62137456632921,15.416885932255784,0.0,3499.3469916376316,349.86225586128876,3842.387718481049,4726.463754013221
DS3,432.0,432.5,432.01,0.10437684506177902,15.572251921960897,0.010894526279762099,0.009487226391561854,0.011586200524981802,0.013898888323872498,-7.0706450788142945,60.73729868160136,10.915139279568397,0.0,3728.9952002784853,190.562032350398,3938.6724013742996,4839.479510294848
DS3,432.5,433.0,432.51,0.1025770902633667,15.847075842499988,0.01052206043176006,0.01056362700389147,0.011716494433922787,0.015188925985714717,-7.691403491370566,61.87905303825307,12.43991025579079,0.0,3877.0334024892263,240.53669298054135,4132.515991830595,5078.43309442978
DS3,433.0,433.5,433.01,0.0961579754948616,15.581607140126005,0.009246355429765806,0.00982140916182292,0.012109155773838354,0.013397141979326978,-9.905438146107373,60.776164880280454,10.322095924154901,0.0,3777.595929893115,232.76361799929495,3925.0431902400387,4807.1062433489715
DS3,433.5,434.0,433.51,0.09481760114431381,15.907174440412112,0.008990377688284923,0.00901209382161773,0.013033416257342254,0.015111836260251137,-10.367750375979572,62.12873230874825,12.348793399726322,0.0,3952.1940137588385,295.2244762785888,4160.993174350905,5103.056215356549
DS3,434.0,434.5,434.01,0.09909974783658981,15.277394855193512,0.009820759296528555,0.010050631473815241,0.012875149398954226,0.0145249573902378,-8.890783299478215,59.512316737122774,11.65512693244145,0.0,3608.268993060293,243.47763512160367,3812.151421644392,4677.3763685467975
DS3,434.5,435.0,434.51,0.10314842313528061,15.115297082416639,0.010639596753699089,0.008584849586245395,0.012263637056471202,0.013434085316591928,-7.4943434880171305,58.838882496360576,10.365761415552997,0.0,3507.8438126333403,185.08461986343912,3689.953857478882,4529.292382558758
DS3,435.0,435.5,435.01,0.09726504981517792,15.629935818935078,0.009460491463477815,0.00924666569092706,0.012750849773790556,0.01393270212698083,-9.523594075866464,60.97694609129454,10.955105791477559,0.0,3795.1503201583373,239.41476422968367,3969.7161978024537,4865.102347633896
DS3,435.5,436.0,435.51,0.0933513343334198,15.196965710529154,0.008714471425023303,0.010581559739566855,0.013935517745706394,0.016076325227070302,-10.873484523051971,59.17817433007841,13.48877932958862,0.0,3604.976962221234,340.5871797889952,3835.4010641158393,4711.549055836208
DS3,436.0,436.5,436.01,0.10174857079982758,15.602692943997098,0.01035277159034504,0.01320357508347908,0.014439142970755594,0.015836322586426206,-7.977170434407598,60.863765728074554,13.205106169110294,0.0,3756.637242070942,267.3629219826065,4032.289212729884,4956.262308446787
DS3,436.5,437.0,436.51,0.09593456238508224,15.843841537676823,0.009203440683606741,0.00948249122243888,0.016412190747082483,0.01402892103515075,-9.982496180620318,61.865616137944876,11.068832547587757,0.0,3912.3776945831087,252.55151906153566,4084.7868759123608,5004.994195933813
DS3,437.0,437.5,437.01,0.10128257423639297,15.771769616550685,0.010258160691173086,0.010480518444290293,0.01911493843421117,0.016893542042522774,-8.137898599838536,61.56619376678952,14.454695688730718,0.0,3844.857026740707,308.0804248038301,4167.4328624131795,5124.904674514764
DS3,437.5,438.0,437.51,0.09885803610086441,15.751275548786754,0.009772910835728114,0.008511191443892062,0.016478147345356232,0.011735429736994337,-8.974152763750507,61.48105128316188,8.358021019299809,0.0,3847.4407922442506,171.00982253286418,3956.664640132456,4838.146540317999
DS3,438.0,438.5,438.01,0.10218162089586258,15.40507703191061,0.010441084417868987,0.012915559506054787,0.018789763072772265,0.01573176855013507,-7.827805926303954,60.04277158707745,13.081527637491327,0.0,3655.380057935021,260.94990027144576,3926.197391278249,4826.575040628089
DS3,438.5,439.0,438.51,0.0978524312376976,15.400784399601488,0.009575099184432112,0.009165872107291745,0.018712120835320607,0.014027782219901709,-9.320998722471646,60.02493787147208,11.067486515227323,0.0,3676.642891340083,237.76461514642048,3855.6871895316326,4726.993153032031
DS3,439.0,439.5,439.01,0.09565141052007675,15.723780088994141,0.009149191422189458,0.011648196967986066,0.01647949326601797,0.01769478980636554,-10.080158874665205,61.36682155765336,15.40173729162926,0.0,3852.8353605532525,381.90694866570135,4180.073040456719,5137.24941831286
DS3,439.5,440.0,439.51,0.10195580869913101,15.360568483125498,0.010394988352030133,0.009972981128698315,0.011634394149412879,0.015479772708050569,-7.905691436542676,59.85786108371237,12.783679010660956,0.0,3634.3521599867163,254.0479180920583,3892.887803987016,4784.349197415387
DS3,440.0,440.5,440.01,0.09884791821241379,15.464849874218423,0.009770911440917018,0.008815002126134825,0.01768378610419489,0.013088457577267962,-8.97764255268096,60.2910975078362,9.957243772164228,0.0,3702.8362639431557,204.3247464270046,3854.1698406428077,4721.177374391223
DS3,440.5,441.0,440.51,0.10032906383275986,16.240285860416,0.010065921378131214,0.010304629000709562,0.016921476517331877,0.012731984189772354,-8.466776514228505,63.512641738079665,9.535907022760503,0.0,4092.9098319110876,184.82428531939843,4248.139205575885,5202.569973950711
DS3,441.0,441.5,441.01,0.09935283660888672,15.667269649932832,0.009870985314846968,0.01146984214978348,0.015672927127801804,0.016892418703165848,-8.803489750009456,61.13204927193679,14.453367948232472,0.0,3801.9420098283176,321.8405751905706,4112.7672195067735,5054.870040592874
DS3,441.5,442.0,441.51,0.10411998629570007,15.340949039796115,0.010840971795646779,0.012232857917425828,0.016989885094007427,0.01692791299431424,-7.159238947280704,59.77635222213852,14.495320727260154,0.0,3614.4682599238035,290.68436100931046,3946.2910919573133,4859.315464415894
DS3,442.0,442.5,442.01,0.0960017740726471,15.631746170962899,0.009216340106046376,0.00951049678978408,0.02007554958335457,0.013330441114398123,-9.959314011296591,60.98446718811458,10.243258270076483,0.0,3803.9013429554293,232.1482007619668,3948.510452846894,4835.2239164763205
DS3,442.5,443.0,442.51,0.10011833161115646,15.242137275959196,0.010023680507342666,0.013468751074288188,0.017095864169696422,0.018215585860941037,-8.539460748476625,59.36583933218362,16.01729661368336,0.0,3585.275042254061,367.8922616595496,3957.3292539660574,4869.028389922401
DS3,443.0,443.5,443.01,0.10301949083805084,15.413039886170138,0.010613015280957446,0.009137749466850214,0.01576009271053032,0.012911940781137336,-7.538813883776701,60.07585321812458,9.748608245065435,0.0,3655.3344600996397,172.1378215574339,3821.6070200090417,4687.673452800226
DS3,443.5,444.0,443.51,0.09311578422784805,15.425567403112208,0.008670548605664012,0.014483050781986877,0.018168910309392144,0.02002965838538641,-10.954728762401226,60.127898713358675,18.16145504862919,0.0,3719.7007657053905,505.2877473683277,4145.336598462227,5102.01978354941
DS3,444.0,444.5,444.01,0.10021734982728958,15.332239907539485,0.01004351680666065,0.01300918338495587,0.013392040602650626,0.01828332842428588,-8.505308101285369,59.74017018355484,16.097365512056154,0.0,3629.256152420259,369.9438337933157,4006.513576624283,4929.661607537689
DS3,444.5,445.0,444.51,0.10482380539178848,15.916230908871405,0.010988029602892703,0.012349980272541356,0.013276477261183835,0.017504320862854843,-6.916482753381374,62.166357353536895,15.176610905379327,0.0,3902.4889625849332,308.0239518558177,4272.27491021937,5264.1330928255675
DS3,445.0,445.5,445.01,0.09655962139368057,15.612184973365235,0.009323760640548469,0.009852890773649904,0.015263303035005624,0.01537543427692188,-9.766905346650168,60.90320030808956,12.6603553153958,0.0,3790.507148535774,289.7816792813673,4017.7090536870446,4930.226627920753
DS3,445.5,446.0,445.51,0.10119146853685379,15.966103401856492,0.010239714005309332,0.008911208371673649,0.012714679478960413,0.014200092494520207,-8.16932211901496,62.373552331438056,11.271150108480875,0.0,3945.2382755447866,219.22278589003923,4155.766348236249,5099.360344394043
DS3,446.0,446.5,446.01,0.10152929276227951,15.7869541117356,0.010308198655598252,0.00893751667417453,0.011981164841872132,0.013411840177375428,-8.052802229703753,61.62927766245961,10.339468584232934,0.0,3851.3685009613105,194.71062559449518,4032.0785927143615,4944.649723046549
DS3,446.5,447.0,446.51,0.10359293222427368,15.691419645870285,0.010731496115363923,0.008637678290453992,0.01292020784404884,0.013326041780546102,-7.341026626912722,61.23238028759445,10.238058440047727,0.0,3792.7921530541053,179.48676539228143,3979.2515480103116,4884.380667905811
DS3,447.0,447.5,447.01,0.0974644124507904,15.056841254138453,0.00949931160129146,0.007559546340143682,0.01349597530257044,0.011057088610375285,-9.454831357014422,58.59602810261865,7.556249960639635,0.0,3509.766695781063,166.1772367210716,3583.7977753425143,4378.599577072688
DS3,447.5,448.0,447.51,0.1004360094666481,15.335749521412772,0.010087392676733408,0.008999998589467054,0.013940174983468735,0.015126817787905596,-8.429889599421635,59.75475085368767,12.366500943639707,0.0,3629.8293449098464,252.87110750157044,3865.7113716894078,4747.144971956162
DS3,448.0,448.5,448.01,0.10307855904102325,15.808620029842553,0.010625189513911929,0.008792845440921827,0.014358158245247533,0.013051695886728313,-7.518440506279916,61.719288591424416,9.913792979656602,0.0,3854.946081009544,175.37835057935314,4030.515318053703,4944.448352162017
DS3,448.5,449.0,448.51,0.10378813743591309,15.300913258167274,0.010771976940478427,0.008908929027780559,0.014912271297405265,0.01435927219989506,-7.273697856678641,59.61002380353864,11.459293913842808,0.0,3596.1212917355397,207.3871711599942,3817.6213186140776,4691.430496500005
DS3,449.0,449.5,449.01,0.10384408384561539,15.942158755829304,0.010783593403921543,0.008775287915758719,0.015082819542540466,0.011935279248938592,-7.254401225545522,62.27407444077119,8.59423484811908,0.0,3920.147591871089,143.64696240014786,4062.880129856985,4979.9029970557585
DS3,449.5,450.0,449.51,0.10438043624162674,15.877157784818348,0.010895275293322805,0.008838074998838766,0.014382036389153523,0.014618991522643938,-7.069406435026019,62.00402829015675,11.766271374273,0.0,3884.262480713313,211.60701870136683,4125.24340792798,5071.8211770533835
DS3,450.0,450.5,450.01,0.10206998139619827,15.761849831289055,0.010418281334859595,0.008467477738719772,0.014540382654311543,0.013268096549425228,-7.8663118153569105,61.524982077438395,10.169569581747702,0.0,3835.8564293759982,187.36136418738488,4013.797868019369,4922.6926594792185
DS3,450.5,451.0,450.51,0.09962999075651169,15.707751485013274,0.009926135142559566,0.00947903809623084,0.016413953556045312,0.014859496392689372,-8.707895745279014,61.30023081697001,12.050538149059818,0.0,3820.969702546644,250.0452890813516,4046.187451258394,4965.641115542777
DS3,451.0,451.5,451.01,0.10106150060892105,15.369322169998929,0.010213426710974952,0.011092189544390584,0.01544674252435696,0.01785728319445831,-8.214149717028828,59.89422822418872,15.593797732436917,0.0,3643.2184152403906,346.64537661944183,4004.566033954933,4927.392984644546
DS3,451.5,452.0,451.51,0.10357385128736496,15.86338411230748,0.01072754283061133,0.010431254023369961,0.017096728562524477,0.013080473405150013,-7.347607885713084,61.94680564896334,9.947806812085691,0.0,3880.765206479483,173.132734973831,4060.209805408652,4982.30795509784
DS3,452.0,452.5,452.01,0.09825421124696732,15.220342048672912,0.00965388846874878,0.010398287665669591,0.01744890095459856,0.014621369757142899,-9.182419666607409,59.275291188996086,11.769082348747565,0.0,3585.0064413730224,252.6253154980816,3787.1421600474255,4646.510392437663
DS3,452.5,453.0,452.51,0.09853557497262955,15.911659151043693,0.009709259686109325,0.0125968579845811,0.018907182954327115,0.019036981660025327,-9.08537372465627,62.14736401261116,16.98815235803907,0.0,3931.5196080661945,414.481110199995,4346.531023374933,5346.689264159733
DS3,453.0,453.5,453.01,0.10242477804422379,15.321076037838843,0.010490835408254955,0.008688260799171838,0.01706548045766444,0.013772372089631628,-7.743937920755883,59.69378995274088,10.765602341463852,0.0,3612.472429893925,198.9121983221357,3805.6819631141966,4671.128204355285
DS3,453.5,454.0,453.51,0.10135730355978012,15.457485131101775,0.010273302889245488,0.010450150883279285,0.015675293496303148,0.01681638707060256,-8.11212350192068,60.260500726003826,14.363501714062416,0.0,3685.6459029135362,304.715674509825,4000.800689493128,4920.297768764831
DS3,454.0,454.5,454.01,0.1031903401017189,15.618589819473259,0.010648245869585397,0.012219081946567558,0.014961717229462993,0.015529461167768916,-7.479885791019537,60.92980920346219,12.842408707841686,0.0,3757.7283189089367,247.6999928980876,4027.4753699889607,4952.306495059443
DS3,454.5,455.0,454.51,0.09388665109872818,16.16326614206525,0.008814703582527351,0.008866401022495588,0.012735057547824264,0.013958212405775086,-10.688846934786763,63.19266377254245,10.985257882266346,0.0,4091.5377801213344,267.19648569214166,4251.456059226115,5206.788174565632
DS3,455.0,455.5,455.01,0.09702257812023163,16.422069836438844,0.009413381553133919,0.010847596085690319,0.012209265593751375,0.01637146921326813,-9.6072256597786,64.26786219409534,13.83762727199549,0.0,4208.078193593113,320.57701964412195,4491.896218193279,5514.095630651196
DS3,455.5,456.0,455.51,0.09996498376131058,15.020102000133596,0.009992997418952617,0.007877079179246233,0.01341667711681173,0.013732025789205373,-8.592352380116237,58.443395088585895,10.71791468884133,0.0,3477.6103306387536,214.07674139437552,3653.3872376181243,4480.690746110296
DS3,456.0,456.5,456.01,0.09786675125360489,15.612324017089795,0.009577901252670292,0.012357038206090167,0.016030238650555535,0.01571899200131926,-9.316059566120888,60.903777964423014,13.066426287052598,0.0,3782.6494589074714,291.18044658881524,4032.2572473097944,4950.353175753661
DS3,456.5,457.0,456.51,0.10024137794971466,14.891321952528044,0.010048332698907418,0.00879501222065813,0.01878814371474433,0.01403478229468587,-8.49702049502564,57.90837914050164,11.07576031310004,0.0,3413.9708136598447,220.83272247257963,3600.9902038192326,4418.407587294695
DS3,457.0,457.5,457.01,0.10013730078935623,15.580017218550271,0.010027478838782855,0.009512985099312955,0.017269992363499118,0.014327887540243025,-8.532918036682123,60.76955956047325,11.422198548682925,0.0,3753.5397446177326,230.18498489123715,3959.009615589606,4857.303193092564
DS3,457.5,458.0,457.51,0.10278964042663574,15.281431537184758,0.010565710178359685,0.011807222071628922,0.01583287469188556,0.017839274923796982,-7.618092225827136,59.52908710864241,15.572512703907488,0.0,3591.115670142812,334.07676048004123,3958.8985936408817,4874.223873323243
