regime,target_domain,feature_group,source,run_id,block_id,samples,rmse,independence_note
S0,SYN-OAK,B0_residual_9D,synthetic,syn-oak-r4-028,1,8,0.11049376222053202,8-epoch block summary; blocks within one recording are not independent recording replicates
S0,SYN-OAK,B0_residual_9D,synthetic,syn-oak-r4-028,2,40,0.2602680763979695,8-epoch block summary; blocks within one recording are not independent recording replicates
S0,SYN-OAK,B0_residual_9D,synthetic,syn-oak-r4-028,3,52,0.27788373161119573,8-epoch block summary; blocks within one recording are not independent recording replicates
S0,SYN-OAK,B0_residual_9D,synthetic,syn-oak-r4-028,4,46,0.2765356067970865,8-epoch block summary; blocks within one recording are not independent recording replicates
S0,SYN-OAK,B0_residual_9D,synthetic,syn-oak-r4-028,5,30,0.19231050127605254,8-epoch block summary; blocks within one recording are not independent recording replicates
S0,SYN-OAK,B0_residual_9D,synthetic,syn-oak-r4-028,6,30,0.2007820685645727,8-epoch block summary; blocks within one recording are not independent recording replicates
S0,SYN-OAK,B0_residual_9D,synthetic,syn-oak-r4-028,7,44,0.29463519219848977,8-epoch block summary; blocks within one recording are not independent recording replicates
S0,SYN-OAK,B0_residual_9D,synthetic,syn-oak-r4-028,8,51,0.297153394293363,8-epoch block summary; blocks within one recording are not independent recording replicates
S0,SYN-OAK,B0_residual_9D,synthetic,syn-oak-r4-028,9,46,0.28815791683587094,8-epoch block summary; blocks within one recording are not independent recording replicates
S0,SYN-OAK,B0_residual_9D,synthetic,syn-oak-r4-028,10,36,0.24901567385502704,8-epoch block summary; blocks within one recording are not independent recording replicates
S0,SYN-OAK,B0_residual_9D,synthetic,syn-oak-r4-028,11,27,0.1844565054822791,8-epoch block summary; blocks within one recording are not independent recording replicates
S0,SYN-OAK,B0_residual_9D,synthetic,syn-oak-r4-028,12,34,0.2303541393566236,8-epoch block summary; blocks within one recording are not independent recording replicates
S0,SYN-OAK,B0_residual_9D,synthetic,syn-oak-r4-028,13,53,0.2880948699367534,8-epoch block summary; blocks within one recording are not independent recording replicates
S0,SYN-OAK,B0_residual_9D,synthetic,syn-oak-r4-028,14,52,0.2851286416290456,8-epoch block summary; blocks within one recording are not independent recording replicates
S0,SYN-OAK,B0_residual_9D,synthetic,syn-oak-r4-028,15,56,0.3014604274685867,8-epoch block summary; blocks within one recording are not independent recording replicates
S0,SYN-OAK,B0_residual_9D,synthetic,syn-oak-r4-028,16,53,0.3069065247680047,8-epoch block summary; blocks within one recording are not independent recording replicates
S0,SYN-OAK,B0_residual_9D,synthetic,syn-oak-r4-028,17,53,0.293216902685704,8-epoch block summary; blocks within one recording are not independent recording replicates
S0,SYN-OAK,B0_residual_9D,synthetic,syn-oak-r4-028,18,44,0.2874198404290752,8-epoch block summary; blocks within one recording are not independent recording replicates
S0,SYN-OAK,B0_residual_9D,synthetic,syn-oak-r4-028,19,36,0.22937827728081356,8-epoch block summary; blocks within one recording are not independent recording replicates
S0,SYN-OAK,B0_residual_9D,synthetic,syn-oak-r4-028,20,31,0.20306321961578946,8-epoch block summary; blocks within one recording are not independent recording replicates
S0,SYN-OAK,B0_residual_9D,synthetic,syn-oak-r4-028,21,28,0.16895766168632656,8-epoch block summary; blocks within one recording are not independent recording replicates
S0,SYN-OAK,B0_residual_9D,synthetic,syn-oak-r4-028,22,41,0.2585969118470859,8-epoch block summary; blocks within one recording are not independent recording replicates
S0,SYN-OAK,B0_residual_9D,synthetic,syn-oak-r4-028,23,48,0.29815271445045505,8-epoch block summary; blocks within one recording are not independent recording replicates
S0,SYN-OAK,B0_residual_9D,synthetic,syn-oak-r4-028,24,40,0.26858972803126746,8-epoch block summary; blocks within one recording are not independent recording replicates
S0,SYN-OAK,B0_residual_9D,synthetic,syn-oak-r4-028,25,37,0.29662043684009337,8-epoch block summary; blocks within one recording are not independent recording replicates
S0,SYN-OAK,B0_residual_9D,synthetic,syn-oak-r4-028,26,37,0.270901292856315,8-epoch block summary; blocks within one recording are not independent recording replicates
S0,SYN-OAK,B0_residual_9D,synthetic,syn-oak-r4-028,27,34,0.26375117969431533,8-epoch block summary; blocks within one recording are not independent recording replicates
S0,SYN-OAK,B0_residual_9D,synthetic,syn-oak-r4-028,28,41,0.26426518722197134,8-epoch block summary; blocks within one recording are not independent recording replicates
S0,SYN-OAK,B0_residual_9D,synthetic,syn-oak-r4-028,29,42,0.2986895812028502,8-epoch block summary; blocks within one recording are not independent recording replicates
S0,SYN-OAK,B0_residual_9D,synthetic,syn-oak-r4-029,1,9,0.11133516594243045,8-epoch block summary; blocks within one recording are not independent recording replicates
S0,SYN-OAK,B0_residual_9D,synthetic,syn-oak-r4-029,2,32,0.24931889831500997,8-epoch block summary; blocks within one recording are not independent recording replicates
S0,SYN-OAK,B0_residual_9D,synthetic,syn-oak-r4-029,3,32,0.21901166432603916,8-epoch block summary; blocks within one recording are not independent recording replicates
S0,SYN-OAK,B0_residual_9D,synthetic,syn-oak-r4-029,4,34,0.2410916442561778,8-epoch block summary; blocks within one recording are not independent recording replicates
S0,SYN-OAK,B0_residual_9D,synthetic,syn-oak-r4-029,5,32,0.24193371242132045,8-epoch block summary; blocks within one recording are not independent recording replicates
S0,SYN-OAK,B0_residual_9D,synthetic,syn-oak-r4-029,6,28,0.17698809828779932,8-epoch block summary; blocks within one recording are not independent recording replicates
S0,SYN-OAK,B0_residual_9D,synthetic,syn-oak-r4-029,7,24,0.11194210984867253,8-epoch block summary; blocks within one recording are not independent recording replicates
S0,SYN-OAK,B0_residual_9D,synthetic,syn-oak-r4-029,8,25,0.13585191236332958,8-epoch block summary; blocks within one recording are not independent recording replicates
S0,SYN-OAK,B0_residual_9D,synthetic,syn-oak-r4-029,9,48,0.3011665870629553,8-epoch block summary; blocks within one recording are not independent recording replicates
S0,SYN-OAK,B0_residual_9D,synthetic,syn-oak-r4-029,10,58,0.3022778208800977,8-epoch block summary; blocks within one recording are not independent recording replicates
S0,SYN-OAK,B0_residual_9D,synthetic,syn-oak-r4-029,11,49,0.2850633452766608,8-epoch block summary; blocks within one recording are not independent recording replicates
S0,SYN-OAK,B0_residual_9D,synthetic,syn-oak-r4-029,12,40,0.27498016881250265,8-epoch block summary; blocks within one recording are not independent recording replicates
S0,SYN-OAK,B0_residual_9D,synthetic,syn-oak-r4-029,13,36,0.23576615073120577,8-epoch block summary; blocks within one recording are not independent recording replicates
S0,SYN-OAK,B0_residual_9D,synthetic,syn-oak-r4-029,14,40,0.2589360525320097,8-epoch block summary; blocks within one recording are not independent recording replicates
S0,SYN-OAK,B0_residual_9D,synthetic,syn-oak-r4-029,15,46,0.27972855272506536,8-epoch block summary; blocks within one recording are not independent recording replicates
S0,SYN-OAK,B0_residual_9D,synthetic,syn-oak-r4-029,16,41,0.2555057963799446,8-epoch block summary; blocks within one recording are not independent recording replicates
S0,SYN-OAK,B0_residual_9D,synthetic,syn-oak-r4-029,17,44,0.28195459585391464,8-epoch block summary; blocks within one recording are not independent recording replicates
S0,SYN-OAK,B0_residual_9D,synthetic,syn-oak-r4-029,18,40,0.25999493940662766,8-epoch block summary; blocks within one recording are not independent recording replicates
S0,SYN-OAK,B0_residual_9D,synthetic,syn-oak-r4-029,19,25,0.13549319160118503,8-epoch block summary; blocks within one recording are not independent recording replicates
S0,SYN-OAK,B0_residual_9D,synthetic,syn-oak-r4-029,20,46,0.27504258437958445,8-epoch block summary; blocks within one recording are not independent recording replicates
S0,SYN-OAK,B0_residual_9D,synthetic,syn-oak-r4-029,21,48,0.2949080881974109,8-epoch block summary; blocks within one recording are not independent recording replicates
S0,SYN-OAK,B0_residual_9D,synthetic,syn-oak-r4-029,22,38,0.25388933998273444,8-epoch block summary; blocks within one recording are not independent recording replicates
S0,SYN-OAK,B0_residual_9D,synthetic,syn-oak-r4-029,23,30,0.19096710333819122,8-epoch block summary; blocks within one recording are not independent recording replicates
S0,SYN-OAK,B0_residual_9D,synthetic,syn-oak-r4-029,24,40,0.26644655432982584,8-epoch block summary; blocks within one recording are not independent recording replicates
S0,SYN-OAK,B0_residual_9D,synthetic,syn-oak-r4-029,25,46,0.3033378325674378,8-epoch block summary; blocks within one recording are not independent recording replicates
S0,SYN-OAK,B0_residual_9D,synthetic,syn-oak-r4-029,26,46,0.2689142699412683,8-epoch block summary; blocks within one recording are not independent recording replicates
S0,SYN-OAK,B0_residual_9D,synthetic,syn-oak-r4-029,27,53,0.3234894693297616,8-epoch block summary; blocks within one recording are not independent recording replicates
S0,SYN-OAK,B0_residual_9D,synthetic,syn-oak-r4-029,28,48,0.28371098294125746,8-epoch block summary; blocks within one recording are not independent recording replicates
S0,SYN-OAK,B0_residual_9D,synthetic,syn-oak-r4-029,29,35,0.26486325842363156,8-epoch block summary; blocks within one recording are not independent recording replicates
S0,SYN-OAK,B0_residual_9D,synthetic,syn-oak-r4-030,1,9,0.11112736043817877,8-epoch block summary; blocks within one recording are not independent recording replicates
S0,SYN-OAK,B0_residual_9D,synthetic,syn-oak-r4-030,2,35,0.1910626341055693,8-epoch block summary; blocks within one recording are not independent recording replicates
S0,SYN-OAK,B0_residual_9D,synthetic,syn-oak-r4-030,3,52,0.20427286446362744,8-epoch block summary; blocks within one recording are not independent recording replicates
S0,SYN-OAK,B0_residual_9D,synthetic,syn-oak-r4-030,4,55,0.2262958798026059,8-epoch block summary; blocks within one recording are not independent recording replicates
S0,SYN-OAK,B0_residual_9D,synthetic,syn-oak-r4-030,5,59,0.15907334369273163,8-epoch block summary; blocks within one recording are not independent recording replicates
S0,SYN-OAK,B0_residual_9D,synthetic,syn-oak-r4-030,6,58,0.11326944734997718,8-epoch block summary; blocks within one recording are not independent recording replicates
S0,SYN-OAK,B0_residual_9D,synthetic,syn-oak-r4-030,7,64,0.16751188192987398,8-epoch block summary; blocks within one recording are not independent recording replicates
S0,SYN-OAK,B0_residual_9D,synthetic,syn-oak-r4-030,8,64,0.1576774524113434,8-epoch block summary; blocks within one recording are not independent recording replicates
S0,SYN-OAK,B0_residual_9D,synthetic,syn-oak-r4-030,9,62,0.1496598532981875,8-epoch block summary; blocks within one recording are not independent recording replicates
S0,SYN-OAK,B0_residual_9D,synthetic,syn-oak-r4-030,10,64,0.17028194715994258,8-epoch block summary; blocks within one recording are not independent recording replicates
S0,SYN-OAK,B0_residual_9D,synthetic,syn-oak-r4-030,11,64,0.16578585624565026,8-epoch block summary; blocks within one recording are not independent recording replicates
S0,SYN-OAK,B0_residual_9D,synthetic,syn-oak-r4-030,12,66,0.16248752938532338,8-epoch block summary; blocks within one recording are not independent recording replicates
S0,SYN-OAK,B0_residual_9D,synthetic,syn-oak-r4-030,13,72,0.15189945472283645,8-epoch block summary; blocks within one recording are not independent recording replicates
S0,SYN-OAK,B0_residual_9D,synthetic,syn-oak-r4-030,14,72,0.09922166300664799,8-epoch block summary; blocks within one recording are not independent recording replicates
S0,SYN-OAK,B0_residual_9D,synthetic,syn-oak-r4-030,15,72,0.09878395920092584,8-epoch block summary; blocks within one recording are not independent recording replicates
S0,SYN-OAK,B0_residual_9D,synthetic,syn-oak-r4-030,16,72,0.09744269408893737,8-epoch block summary; blocks within one recording are not independent recording replicates
S0,SYN-OAK,B0_residual_9D,synthetic,syn-oak-r4-030,17,80,0.156052333215003,8-epoch block summary; blocks within one recording are not independent recording replicates
S0,SYN-OAK,B0_residual_9D,synthetic,syn-oak-r4-030,18,88,0.1883914152282076,8-epoch block summary; blocks within one recording are not independent recording replicates
S0,SYN-OAK,B0_residual_9D,synthetic,syn-oak-r4-030,19,82,0.16977348058323186,8-epoch block summary; blocks within one recording are not independent recording replicates
S0,SYN-OAK,B0_residual_9D,synthetic,syn-oak-r4-030,20,74,0.11025809178946643,8-epoch block summary; blocks within one recording are not independent recording replicates
S0,SYN-OAK,B0_residual_9D,synthetic,syn-oak-r4-030,21,72,0.099023934111123,8-epoch block summary; blocks within one recording are not independent recording replicates
S0,SYN-OAK,B0_residual_9D,synthetic,syn-oak-r4-030,22,72,0.09774606100047926,8-epoch block summary; blocks within one recording are not independent recording replicates
S0,SYN-OAK,B0_residual_9D,synthetic,syn-oak-r4-030,23,72,0.09991327243822784,8-epoch block summary; blocks within one recording are not independent recording replicates
S0,SYN-OAK,B0_residual_9D,synthetic,syn-oak-r4-030,24,73,0.10611342215874474,8-epoch block summary; blocks within one recording are not independent recording replicates
S0,SYN-OAK,B0_residual_9D,synthetic,syn-oak-r4-030,25,80,0.15094314279879303,8-epoch block summary; blocks within one recording are not independent recording replicates
S0,SYN-OAK,B0_residual_9D,synthetic,syn-oak-r4-030,26,88,0.21886598038683505,8-epoch block summary; blocks within one recording are not independent recording replicates
S0,SYN-OAK,B0_residual_9D,synthetic,syn-oak-r4-030,27,81,0.16598901004044211,8-epoch block summary; blocks within one recording are not independent recording replicates
S0,SYN-OAK,B0_residual_9D,synthetic,syn-oak-r4-030,28,74,0.12314199014888133,8-epoch block summary; blocks within one recording are not independent recording replicates
S0,SYN-OAK,B0_residual_9D,synthetic,syn-oak-r4-030,29,64,0.09483444461498126,8-epoch block summary; blocks within one recording are not independent recording replicates
S0,SYN-OAK,B0_residual_9D,real,cleanStatic,85,88,0.11927941040667187,8-epoch block summary; blocks within one recording are not independent recording replicates
S0,SYN-OAK,B0_residual_9D,real,cleanStatic,86,88,0.11985952257195642,8-epoch block summary; blocks within one recording are not independent recording replicates
S0,SYN-OAK,B0_residual_9D,real,cleanStatic,87,88,0.11882706234926631,8-epoch block summary; blocks within one recording are not independent recording replicates
S0,SYN-OAK,B0_residual_9D,real,cleanStatic,88,88,0.11954297811768548,8-epoch block summary; blocks within one recording are not independent recording replicates
S0,SYN-OAK,B0_residual_9D,real,cleanStatic,89,88,0.12051035421745075,8-epoch block summary; blocks within one recording are not independent recording replicates
S0,SYN-OAK,B0_residual_9D,real,cleanStatic,90,88,0.1194285585549303,8-epoch block summary; blocks within one recording are not independent recording replicates
S0,SYN-OAK,B0_residual_9D,real,cleanStatic,91,88,0.12022007055237917,8-epoch block summary; blocks within one recording are not independent recording replicates
S0,SYN-OAK,B0_residual_9D,real,cleanStatic,92,88,0.12025138757107813,8-epoch block summary; blocks within one recording are not independent recording replicates
S0,SYN-OAK,B0_residual_9D,real,cleanStatic,93,88,0.12001236818872131,8-epoch block summary; blocks within one recording are not independent recording replicates
S0,SYN-OAK,B0_residual_9D,real,cleanStatic,94,88,0.11943800370365942,8-epoch block summary; blocks within one recording are not independent recording replicates
S0,SYN-OAK,B0_residual_9D,real,cleanStatic,95,88,0.12071788219102081,8-epoch block summary; blocks within one recording are not independent recording replicates
S0,SYN-OAK,B0_residual_9D,real,cleanStatic,96,88,0.11955745393542314,8-epoch block summary; blocks within one recording are not independent recording replicates
S0,SYN-OAK,B0_residual_9D,real,cleanStatic,97,88,0.11843683238632412,8-epoch block summary; blocks within one recording are not independent recording replicates
S0,SYN-OAK,B0_residual_9D,real,cleanStatic,98,88,0.11955206561694032,8-epoch block summary; blocks within one recording are not independent recording replicates
S0,SYN-OAK,B0_residual_9D,real,cleanStatic,99,88,0.11746531972434093,8-epoch block summary; blocks within one recording are not independent recording replicates
S0,SYN-OAK,B0_residual_9D,real,cleanStatic,100,88,0.11724476995382369,8-epoch block summary; blocks within one recording are not independent recording replicates
S0,SYN-OAK,B0_residual_9D,real,cleanStatic,101,88,0.11941962246029209,8-epoch block summary; blocks within one recording are not independent recording replicates
S0,SYN-OAK,B0_residual_9D,real,cleanStatic,102,88,0.11993354280865079,8-epoch block summary; blocks within one recording are not independent recording replicates
S0,SYN-OAK,B0_residual_9D,real,cleanStatic,103,88,0.11958909424402633,8-epoch block summary; blocks within one recording are not independent recording replicates
S0,SYN-OAK,B0_residual_9D,real,cleanStatic,104,88,0.11914685609302521,8-epoch block summary; blocks within one recording are not independent recording replicates
S0,SYN-OAK,B0_residual_9D,real,cleanStatic,105,88,0.12117937345365207,8-epoch block summary; blocks within one recording are not independent recording replicates
S0,SYN-OAK,B0_residual_9D,real,cleanStatic,106,88,0.12021219011420602,8-epoch block summary; blocks within one recording are not independent recording replicates
S0,SYN-OAK,B0_residual_9D,real,cleanStatic,107,88,0.11906852472021891,8-epoch block summary; blocks within one recording are not independent recording replicates
S0,SYN-OAK,B0_residual_9D,real,cleanStatic,108,88,0.11879637298114652,8-epoch block summary; blocks within one recording are not independent recording replicates
S0,SYN-OAK,B0_residual_9D,real,cleanStatic,109,88,0.11932737209484634,8-epoch block summary; blocks within one recording are not independent recording replicates
S0,SYN-OAK,B0_residual_9D,real,cleanStatic,110,88,0.12077846887652924,8-epoch block summary; blocks within one recording are not independent recording replicates
S0,SYN-OAK,B0_residual_9D,real,cleanStatic,111,88,0.12012224300544773,8-epoch block summary; blocks within one recording are not independent recording replicates
S0,SYN-OAK,B0_residual_9D,real,cleanStatic,112,88,0.11942256727033464,8-epoch block summary; blocks within one recording are not independent recording replicates
S0,SYN-OAK,B0_residual_9D,real,cleanStatic,113,88,0.12012211802380808,8-epoch block summary; blocks within one recording are not independent recording replicates
S0,SYN-OAK,B0_residual_9D,real,cleanStatic,114,88,0.11826726404092688,8-epoch block summary; blocks within one recording are not independent recording replicates
S0,SYN-OAK,B0_residual_9D,real,cleanStatic,115,88,0.11981508061110464,8-epoch block summary; blocks within one recording are not independent recording replicates
S0,SYN-OAK,B0_residual_9D,real,cleanStatic,116,88,0.1193288227346997,8-epoch block summary; blocks within one recording are not independent recording replicates
S0,SYN-OAK,B0_residual_9D,real,cleanStatic,117,88,0.11910020708289568,8-epoch block summary; blocks within one recording are not independent recording replicates
S0,SYN-OAK,B0_residual_9D,real,cleanStatic,118,88,0.1216611900222706,8-epoch block summary; blocks within one recording are not independent recording replicates
S0,SYN-OAK,B0_residual_9D,real,cleanStatic,119,78,0.1189054381534872,8-epoch block summary; blocks within one recording are not independent recording replicates
S0,SYN-OAK,M1_innovation,synthetic,syn-oak-r4-028,1,3,1.0062696790036465,8-epoch block summary; blocks within one recording are not independent recording replicates
S0,SYN-OAK,M1_innovation,synthetic,syn-oak-r4-028,2,8,0.8904469183655692,8-epoch block summary; blocks within one recording are not independent recording replicates
S0,SYN-OAK,M1_innovation,synthetic,syn-oak-r4-028,3,8,0.8837929781893484,8-epoch block summary; blocks within one recording are not independent recording replicates
S0,SYN-OAK,M1_innovation,synthetic,syn-oak-r4-028,4,8,0.8970906413489023,8-epoch block summary; blocks within one recording are not independent recording replicates
S0,SYN-OAK,M1_innovation,synthetic,syn-oak-r4-028,5,8,1.16600593576496,8-epoch block summary; blocks within one recording are not independent recording replicates
S0,SYN-OAK,M1_innovation,synthetic,syn-oak-r4-028,6,8,0.9328591135037061,8-epoch block summary; blocks within one recording are not independent recording replicates
S0,SYN-OAK,M1_innovation,synthetic,syn-oak-r4-028,7,8,1.0618235718812887,8-epoch block summary; blocks within one recording are not independent recording replicates
S0,SYN-OAK,M1_innovation,synthetic,syn-oak-r4-028,8,8,1.0086547625892008,8-epoch block summary; blocks within one recording are not independent recording replicates
S0,SYN-OAK,M1_innovation,synthetic,syn-oak-r4-028,9,8,0.93095120894938,8-epoch block summary; blocks within one recording are not independent recording replicates
S0,SYN-OAK,M1_innovation,synthetic,syn-oak-r4-028,10,8,0.8991774145249415,8-epoch block summary; blocks within one recording are not independent recording replicates
S0,SYN-OAK,M1_innovation,synthetic,syn-oak-r4-028,11,8,0.9810390904631233,8-epoch block summary; blocks within one recording are not independent recording replicates
S0,SYN-OAK,M1_innovation,synthetic,syn-oak-r4-028,12,8,1.2242155315737036,8-epoch block summary; blocks within one recording are not independent recording replicates
S0,SYN-OAK,M1_innovation,synthetic,syn-oak-r4-028,13,8,1.0337486117578925,8-epoch block summary; blocks within one recording are not independent recording replicates
S0,SYN-OAK,M1_innovation,synthetic,syn-oak-r4-028,14,8,0.7919236670329356,8-epoch block summary; blocks within one recording are not independent recording replicates
S0,SYN-OAK,M1_innovation,synthetic,syn-oak-r4-028,15,8,0.9275328500583646,8-epoch block summary; blocks within one recording are not independent recording replicates
S0,SYN-OAK,M1_innovation,synthetic,syn-oak-r4-028,16,8,1.0142922686164262,8-epoch block summary; blocks within one recording are not independent recording replicates
S0,SYN-OAK,M1_innovation,synthetic,syn-oak-r4-028,17,8,1.0208500118097839,8-epoch block summary; blocks within one recording are not independent recording replicates
S0,SYN-OAK,M1_innovation,synthetic,syn-oak-r4-028,18,8,0.9827628399407008,8-epoch block summary; blocks within one recording are not independent recording replicates
S0,SYN-OAK,M1_innovation,synthetic,syn-oak-r4-028,19,8,0.8209248427525936,8-epoch block summary; blocks within one recording are not independent recording replicates
S0,SYN-OAK,M1_innovation,synthetic,syn-oak-r4-028,20,8,1.1009034384607062,8-epoch block summary; blocks within one recording are not independent recording replicates
S0,SYN-OAK,M1_innovation,synthetic,syn-oak-r4-028,21,8,1.0953737622468487,8-epoch block summary; blocks within one recording are not independent recording replicates
S0,SYN-OAK,M1_innovation,synthetic,syn-oak-r4-028,22,8,0.8683848615113442,8-epoch block summary; blocks within one recording are not independent recording replicates
S0,SYN-OAK,M1_innovation,synthetic,syn-oak-r4-028,23,8,1.0541765705587847,8-epoch block summary; blocks within one recording are not independent recording replicates
S0,SYN-OAK,M1_innovation,synthetic,syn-oak-r4-028,24,8,0.8726335294340941,8-epoch block summary; blocks within one recording are not independent recording replicates
S0,SYN-OAK,M1_innovation,synthetic,syn-oak-r4-028,25,8,0.87093119544725,8-epoch block summary; blocks within one recording are not independent recording replicates
S0,SYN-OAK,M1_innovation,synthetic,syn-oak-r4-028,26,8,0.8176525561114261,8-epoch block summary; blocks within one recording are not independent recording replicates
S0,SYN-OAK,M1_innovation,synthetic,syn-oak-r4-028,27,8,0.9979008566805118,8-epoch block summary; blocks within one recording are not independent recording replicates
S0,SYN-OAK,M1_innovation,synthetic,syn-oak-r4-028,28,8,0.8940238821446456,8-epoch block summary; blocks within one recording are not independent recording replicates
S0,SYN-OAK,M1_innovation,synthetic,syn-oak-r4-028,29,8,1.0751632306696381,8-epoch block summary; blocks within one recording are not independent recording replicates
S0,SYN-OAK,M1_innovation,synthetic,syn-oak-r4-029,1,3,1.0541411965270178,8-epoch block summary; blocks within one recording are not independent recording replicates
S0,SYN-OAK,M1_innovation,synthetic,syn-oak-r4-029,2,8,0.886462267356595,8-epoch block summary; blocks within one recording are not independent recording replicates
S0,SYN-OAK,M1_innovation,synthetic,syn-oak-r4-029,3,8,0.9475911816253467,8-epoch block summary; blocks within one recording are not independent recording replicates
S0,SYN-OAK,M1_innovation,synthetic,syn-oak-r4-029,4,8,1.065678649114388,8-epoch block summary; blocks within one recording are not independent recording replicates
S0,SYN-OAK,M1_innovation,synthetic,syn-oak-r4-029,5,8,0.8312784971574114,8-epoch block summary; blocks within one recording are not independent recording replicates
S0,SYN-OAK,M1_innovation,synthetic,syn-oak-r4-029,6,8,0.8243136233583536,8-epoch block summary; blocks within one recording are not independent recording replicates
S0,SYN-OAK,M1_innovation,synthetic,syn-oak-r4-029,7,8,1.1307045190064544,8-epoch block summary; blocks within one recording are not independent recording replicates
S0,SYN-OAK,M1_innovation,synthetic,syn-oak-r4-029,8,8,0.8630821535878735,8-epoch block summary; blocks within one recording are not independent recording replicates
S0,SYN-OAK,M1_innovation,synthetic,syn-oak-r4-029,9,8,0.911256193477411,8-epoch block summary; blocks within one recording are not independent recording replicates
S0,SYN-OAK,M1_innovation,synthetic,syn-oak-r4-029,10,8,0.8619142146406988,8-epoch block summary; blocks within one recording are not independent recording replicates
S0,SYN-OAK,M1_innovation,synthetic,syn-oak-r4-029,11,8,0.9016125443293365,8-epoch block summary; blocks within one recording are not independent recording replicates
S0,SYN-OAK,M1_innovation,synthetic,syn-oak-r4-029,12,8,1.1374591546641781,8-epoch block summary; blocks within one recording are not independent recording replicates
S0,SYN-OAK,M1_innovation,synthetic,syn-oak-r4-029,13,8,1.115362987377789,8-epoch block summary; blocks within one recording are not independent recording replicates
S0,SYN-OAK,M1_innovation,synthetic,syn-oak-r4-029,14,8,0.9802169682805832,8-epoch block summary; blocks within one recording are not independent recording replicates
S0,SYN-OAK,M1_innovation,synthetic,syn-oak-r4-029,15,8,1.2432233776765715,8-epoch block summary; blocks within one recording are not independent recording replicates
S0,SYN-OAK,M1_innovation,synthetic,syn-oak-r4-029,16,8,0.9433338595269217,8-epoch block summary; blocks within one recording are not independent recording replicates
S0,SYN-OAK,M1_innovation,synthetic,syn-oak-r4-029,17,8,0.9096554969589233,8-epoch block summary; blocks within one recording are not independent recording replicates
S0,SYN-OAK,M1_innovation,synthetic,syn-oak-r4-029,18,8,0.9540083813602299,8-epoch block summary; blocks within one recording are not independent recording replicates
S0,SYN-OAK,M1_innovation,synthetic,syn-oak-r4-029,19,8,0.8298273780127202,8-epoch block summary; blocks within one recording are not independent recording replicates
S0,SYN-OAK,M1_innovation,synthetic,syn-oak-r4-029,20,8,0.9000483992316792,8-epoch block summary; blocks within one recording are not independent recording replicates
S0,SYN-OAK,M1_innovation,synthetic,syn-oak-r4-029,21,8,0.9162644960708797,8-epoch block summary; blocks within one recording are not independent recording replicates
S0,SYN-OAK,M1_innovation,synthetic,syn-oak-r4-029,22,8,1.0388299444022269,8-epoch block summary; blocks within one recording are not independent recording replicates
S0,SYN-OAK,M1_innovation,synthetic,syn-oak-r4-029,23,8,0.7813383830190235,8-epoch block summary; blocks within one recording are not independent recording replicates
S0,SYN-OAK,M1_innovation,synthetic,syn-oak-r4-029,24,8,1.047856973315571,8-epoch block summary; blocks within one recording are not independent recording replicates
S0,SYN-OAK,M1_innovation,synthetic,syn-oak-r4-029,25,8,0.8912062959255459,8-epoch block summary; blocks within one recording are not independent recording replicates
S0,SYN-OAK,M1_innovation,synthetic,syn-oak-r4-029,26,8,0.9534719542048623,8-epoch block summary; blocks within one recording are not independent recording replicates
S0,SYN-OAK,M1_innovation,synthetic,syn-oak-r4-029,27,8,0.9867143812547083,8-epoch block summary; blocks within one recording are not independent recording replicates
S0,SYN-OAK,M1_innovation,synthetic,syn-oak-r4-029,28,8,0.9380720981936344,8-epoch block summary; blocks within one recording are not independent recording replicates
S0,SYN-OAK,M1_innovation,synthetic,syn-oak-r4-029,29,7,0.9788126008731595,8-epoch block summary; blocks within one recording are not independent recording replicates
S0,SYN-OAK,M1_innovation,synthetic,syn-oak-r4-030,1,3,0.8463409628650383,8-epoch block summary; blocks within one recording are not independent recording replicates
S0,SYN-OAK,M1_innovation,synthetic,syn-oak-r4-030,2,8,0.9455458636113029,8-epoch block summary; blocks within one recording are not independent recording replicates
S0,SYN-OAK,M1_innovation,synthetic,syn-oak-r4-030,3,8,0.9390477734408236,8-epoch block summary; blocks within one recording are not independent recording replicates
S0,SYN-OAK,M1_innovation,synthetic,syn-oak-r4-030,4,8,0.7550214440731667,8-epoch block summary; blocks within one recording are not independent recording replicates
S0,SYN-OAK,M1_innovation,synthetic,syn-oak-r4-030,5,8,0.9700316178035331,8-epoch block summary; blocks within one recording are not independent recording replicates
S0,SYN-OAK,M1_innovation,synthetic,syn-oak-r4-030,6,8,0.8474736792508485,8-epoch block summary; blocks within one recording are not independent recording replicates
S0,SYN-OAK,M1_innovation,synthetic,syn-oak-r4-030,7,8,0.8414758939255688,8-epoch block summary; blocks within one recording are not independent recording replicates
S0,SYN-OAK,M1_innovation,synthetic,syn-oak-r4-030,8,8,1.1154860857995985,8-epoch block summary; blocks within one recording are not independent recording replicates
S0,SYN-OAK,M1_innovation,synthetic,syn-oak-r4-030,9,8,0.9528891815082903,8-epoch block summary; blocks within one recording are not independent recording replicates
S0,SYN-OAK,M1_innovation,synthetic,syn-oak-r4-030,10,8,1.0018756897115213,8-epoch block summary; blocks within one recording are not independent recording replicates
S0,SYN-OAK,M1_innovation,synthetic,syn-oak-r4-030,11,8,1.0856558564963985,8-epoch block summary; blocks within one recording are not independent recording replicates
S0,SYN-OAK,M1_innovation,synthetic,syn-oak-r4-030,12,8,1.127317889907905,8-epoch block summary; blocks within one recording are not independent recording replicates
S0,SYN-OAK,M1_innovation,synthetic,syn-oak-r4-030,13,8,1.1994383945585945,8-epoch block summary; blocks within one recording are not independent recording replicates
S0,SYN-OAK,M1_innovation,synthetic,syn-oak-r4-030,14,8,1.1424216692404727,8-epoch block summary; blocks within one recording are not independent recording replicates
S0,SYN-OAK,M1_innovation,synthetic,syn-oak-r4-030,15,8,0.9560041427344792,8-epoch block summary; blocks within one recording are not independent recording replicates
S0,SYN-OAK,M1_innovation,synthetic,syn-oak-r4-030,16,8,1.1165129793263409,8-epoch block summary; blocks within one recording are not independent recording replicates
S0,SYN-OAK,M1_innovation,synthetic,syn-oak-r4-030,17,8,0.9564154236520628,8-epoch block summary; blocks within one recording are not independent recording replicates
S0,SYN-OAK,M1_innovation,synthetic,syn-oak-r4-030,18,8,0.8852562634475055,8-epoch block summary; blocks within one recording are not independent recording replicates
S0,SYN-OAK,M1_innovation,synthetic,syn-oak-r4-030,19,8,1.1346662218178372,8-epoch block summary; blocks within one recording are not independent recording replicates
S0,SYN-OAK,M1_innovation,synthetic,syn-oak-r4-030,20,8,0.9276289342300004,8-epoch block summary; blocks within one recording are not independent recording replicates
S0,SYN-OAK,M1_innovation,synthetic,syn-oak-r4-030,21,8,0.8905252028732957,8-epoch block summary; blocks within one recording are not independent recording replicates
S0,SYN-OAK,M1_innovation,synthetic,syn-oak-r4-030,22,8,0.9679608692866652,8-epoch block summary; blocks within one recording are not independent recording replicates
S0,SYN-OAK,M1_innovation,synthetic,syn-oak-r4-030,23,8,0.8719419431168154,8-epoch block summary; blocks within one recording are not independent recording replicates
S0,SYN-OAK,M1_innovation,synthetic,syn-oak-r4-030,24,8,0.9225801096210926,8-epoch block summary; blocks within one recording are not independent recording replicates
S0,SYN-OAK,M1_innovation,synthetic,syn-oak-r4-030,25,8,1.2101192941913586,8-epoch block summary; blocks within one recording are not independent recording replicates
S0,SYN-OAK,M1_innovation,synthetic,syn-oak-r4-030,26,8,0.7992972557829096,8-epoch block summary; blocks within one recording are not independent recording replicates
S0,SYN-OAK,M1_innovation,synthetic,syn-oak-r4-030,27,8,1.1523997238029502,8-epoch block summary; blocks within one recording are not independent recording replicates
S0,SYN-OAK,M1_innovation,synthetic,syn-oak-r4-030,28,8,1.0512980791247266,8-epoch block summary; blocks within one recording are not independent recording replicates
S0,SYN-OAK,M1_innovation,synthetic,syn-oak-r4-030,29,8,1.077274252113913,8-epoch block summary; blocks within one recording are not independent recording replicates
S0,SYN-OAK,M1_innovation,real,cleanStatic,85,8,4.086431156705291,8-epoch block summary; blocks within one recording are not independent recording replicates
S0,SYN-OAK,M1_innovation,real,cleanStatic,86,8,3.9081608878854235,8-epoch block summary; blocks within one recording are not independent recording replicates
S0,SYN-OAK,M1_innovation,real,cleanStatic,87,8,3.7935485319813402,8-epoch block summary; blocks within one recording are not independent recording replicates
S0,SYN-OAK,M1_innovation,real,cleanStatic,88,8,4.049901882476875,8-epoch block summary; blocks within one recording are not independent recording replicates
S0,SYN-OAK,M1_innovation,real,cleanStatic,89,8,4.136713876103973,8-epoch block summary; blocks within one recording are not independent recording replicates
S0,SYN-OAK,M1_innovation,real,cleanStatic,90,8,4.1269314758914994,8-epoch block summary; blocks within one recording are not independent recording replicates
S0,SYN-OAK,M1_innovation,real,cleanStatic,91,8,3.712162202596172,8-epoch block summary; blocks within one recording are not independent recording replicates
S0,SYN-OAK,M1_innovation,real,cleanStatic,92,8,3.5094084736965647,8-epoch block summary; blocks within one recording are not independent recording replicates
S0,SYN-OAK,M1_innovation,real,cleanStatic,93,8,3.8068625616639085,8-epoch block summary; blocks within one recording are not independent recording replicates
S0,SYN-OAK,M1_innovation,real,cleanStatic,94,8,4.038251315061667,8-epoch block summary; blocks within one recording are not independent recording replicates
S0,SYN-OAK,M1_innovation,real,cleanStatic,95,8,3.6411134390513915,8-epoch block summary; blocks within one recording are not independent recording replicates
S0,SYN-OAK,M1_innovation,real,cleanStatic,96,8,3.987088910789519,8-epoch block summary; blocks within one recording are not independent recording replicates
S0,SYN-OAK,M1_innovation,real,cleanStatic,97,8,3.873686566709038,8-epoch block summary; blocks within one recording are not independent recording replicates
S0,SYN-OAK,M1_innovation,real,cleanStatic,98,8,3.8302228210375633,8-epoch block summary; blocks within one recording are not independent recording replicates
S0,SYN-OAK,M1_innovation,real,cleanStatic,99,8,3.908679495010384,8-epoch block summary; blocks within one recording are not independent recording replicates
S0,SYN-OAK,M1_innovation,real,cleanStatic,100,8,3.678545791705438,8-epoch block summary; blocks within one recording are not independent recording replicates
S0,SYN-OAK,M1_innovation,real,cleanStatic,101,8,4.0882137757981,8-epoch block summary; blocks within one recording are not independent recording replicates
S0,SYN-OAK,M1_innovation,real,cleanStatic,102,8,3.816959704158998,8-epoch block summary; blocks within one recording are not independent recording replicates
S0,SYN-OAK,M1_innovation,real,cleanStatic,103,8,3.877616394515004,8-epoch block summary; blocks within one recording are not independent recording replicates
S0,SYN-OAK,M1_innovation,real,cleanStatic,104,8,4.241520167424839,8-epoch block summary; blocks within one recording are not independent recording replicates
S0,SYN-OAK,M1_innovation,real,cleanStatic,105,8,3.9872174714168493,8-epoch block summary; blocks within one recording are not independent recording replicates
S0,SYN-OAK,M1_innovation,real,cleanStatic,106,8,3.8590443673005415,8-epoch block summary; blocks within one recording are not independent recording replicates
S0,SYN-OAK,M1_innovation,real,cleanStatic,107,8,3.7891028811691423,8-epoch block summary; blocks within one recording are not independent recording replicates
S0,SYN-OAK,M1_innovation,real,cleanStatic,108,8,3.9976364203709527,8-epoch block summary; blocks within one recording are not independent recording replicates
S0,SYN-OAK,M1_innovation,real,cleanStatic,109,8,3.8071608801802004,8-epoch block summary; blocks within one recording are not independent recording replicates
S0,SYN-OAK,M1_innovation,real,cleanStatic,110,8,3.8794265915488144,8-epoch block summary; blocks within one recording are not independent recording replicates
S0,SYN-OAK,M1_innovation,real,cleanStatic,111,8,4.017576134403461,8-epoch block summary; blocks within one recording are not independent recording replicates
S0,SYN-OAK,M1_innovation,real,cleanStatic,112,8,3.8000363487030886,8-epoch block summary; blocks within one recording are not independent recording replicates
S0,SYN-OAK,M1_innovation,real,cleanStatic,113,8,3.7723172273541654,8-epoch block summary; blocks within one recording are not independent recording replicates
S0,SYN-OAK,M1_innovation,real,cleanStatic,114,8,3.982918666777455,8-epoch block summary; blocks within one recording are not independent recording replicates
S0,SYN-OAK,M1_innovation,real,cleanStatic,115,8,3.810214599640078,8-epoch block summary; blocks within one recording are not independent recording replicates
S0,SYN-OAK,M1_innovation,real,cleanStatic,116,8,3.7184688331362308,8-epoch block summary; blocks within one recording are not independent recording replicates
S0,SYN-OAK,M1_innovation,real,cleanStatic,117,8,3.872590597376078,8-epoch block summary; blocks within one recording are not independent recording replicates
S0,SYN-OAK,M1_innovation,real,cleanStatic,118,8,3.6999011706141705,8-epoch block summary; blocks within one recording are not independent recording replicates
S0,SYN-OAK,M1_innovation,real,cleanStatic,119,8,3.9162310667803824,8-epoch block summary; blocks within one recording are not independent recording replicates
S1,SYN-OAK,B0_residual_9D,synthetic,syn-oak-r4-028,1,8,0.10666891875624031,8-epoch block summary; blocks within one recording are not independent recording replicates
S1,SYN-OAK,B0_residual_9D,synthetic,syn-oak-r4-028,2,40,0.2562297212556558,8-epoch block summary; blocks within one recording are not independent recording replicates
S1,SYN-OAK,B0_residual_9D,synthetic,syn-oak-r4-028,3,52,0.27376969304266274,8-epoch block summary; blocks within one recording are not independent recording replicates
S1,SYN-OAK,B0_residual_9D,synthetic,syn-oak-r4-028,4,46,0.2724951061071427,8-epoch block summary; blocks within one recording are not independent recording replicates
S1,SYN-OAK,B0_residual_9D,synthetic,syn-oak-r4-028,5,30,0.18861518512838138,8-epoch block summary; blocks within one recording are not independent recording replicates
S1,SYN-OAK,B0_residual_9D,synthetic,syn-oak-r4-028,6,30,0.1972313145112075,8-epoch block summary; blocks within one recording are not independent recording replicates
S1,SYN-OAK,B0_residual_9D,synthetic,syn-oak-r4-028,7,44,0.2904595912130604,8-epoch block summary; blocks within one recording are not independent recording replicates
S1,SYN-OAK,B0_residual_9D,synthetic,syn-oak-r4-028,8,51,0.2929267316367574,8-epoch block summary; blocks within one recording are not independent recording replicates
S1,SYN-OAK,B0_residual_9D,synthetic,syn-oak-r4-028,9,46,0.28389275260895375,8-epoch block summary; blocks within one recording are not independent recording replicates
S1,SYN-OAK,B0_residual_9D,synthetic,syn-oak-r4-028,10,36,0.24501061930580179,8-epoch block summary; blocks within one recording are not independent recording replicates
S1,SYN-OAK,B0_residual_9D,synthetic,syn-oak-r4-028,11,27,0.18084474634318368,8-epoch block summary; blocks within one recording are not independent recording replicates
S1,SYN-OAK,B0_residual_9D,synthetic,syn-oak-r4-028,12,34,0.22650304952388534,8-epoch block summary; blocks within one recording are not independent recording replicates
S1,SYN-OAK,B0_residual_9D,synthetic,syn-oak-r4-028,13,53,0.2838900350409452,8-epoch block summary; blocks within one recording are not independent recording replicates
S1,SYN-OAK,B0_residual_9D,synthetic,syn-oak-r4-028,14,52,0.2810164109140411,8-epoch block summary; blocks within one recording are not independent recording replicates
S1,SYN-OAK,B0_residual_9D,synthetic,syn-oak-r4-028,15,56,0.29710880149676633,8-epoch block summary; blocks within one recording are not independent recording replicates
S1,SYN-OAK,B0_residual_9D,synthetic,syn-oak-r4-028,16,53,0.30251772149885187,8-epoch block summary; blocks within one recording are not independent recording replicates
S1,SYN-OAK,B0_residual_9D,synthetic,syn-oak-r4-028,17,53,0.28893440006178106,8-epoch block summary; blocks within one recording are not independent recording replicates
S1,SYN-OAK,B0_residual_9D,synthetic,syn-oak-r4-028,18,44,0.2832249997326689,8-epoch block summary; blocks within one recording are not independent recording replicates
S1,SYN-OAK,B0_residual_9D,synthetic,syn-oak-r4-028,19,36,0.22550269170056003,8-epoch block summary; blocks within one recording are not independent recording replicates
S1,SYN-OAK,B0_residual_9D,synthetic,syn-oak-r4-028,20,31,0.19954503716029812,8-epoch block summary; blocks within one recording are not independent recording replicates
S1,SYN-OAK,B0_residual_9D,synthetic,syn-oak-r4-028,21,28,0.16524221092316638,8-epoch block summary; blocks within one recording are not independent recording replicates
S1,SYN-OAK,B0_residual_9D,synthetic,syn-oak-r4-028,22,41,0.2546455215871611,8-epoch block summary; blocks within one recording are not independent recording replicates
S1,SYN-OAK,B0_residual_9D,synthetic,syn-oak-r4-028,23,48,0.29387105608143665,8-epoch block summary; blocks within one recording are not independent recording replicates
S1,SYN-OAK,B0_residual_9D,synthetic,syn-oak-r4-028,24,40,0.26450278421593565,8-epoch block summary; blocks within one recording are not independent recording replicates
S1,SYN-OAK,B0_residual_9D,synthetic,syn-oak-r4-028,25,37,0.2930039833336778,8-epoch block summary; blocks within one recording are not independent recording replicates
S1,SYN-OAK,B0_residual_9D,synthetic,syn-oak-r4-028,26,37,0.26686912213645436,8-epoch block summary; blocks within one recording are not independent recording replicates
S1,SYN-OAK,B0_residual_9D,synthetic,syn-oak-r4-028,27,34,0.25983575217355237,8-epoch block summary; blocks within one recording are not independent recording replicates
S1,SYN-OAK,B0_residual_9D,synthetic,syn-oak-r4-028,28,41,0.26016039009348,8-epoch block summary; blocks within one recording are not independent recording replicates
S1,SYN-OAK,B0_residual_9D,synthetic,syn-oak-r4-028,29,42,0.294331126445077,8-epoch block summary; blocks within one recording are not independent recording replicates
S1,SYN-OAK,B0_residual_9D,synthetic,syn-oak-r4-029,1,9,0.10753957086663718,8-epoch block summary; blocks within one recording are not independent recording replicates
S1,SYN-OAK,B0_residual_9D,synthetic,syn-oak-r4-029,2,32,0.24539797901463878,8-epoch block summary; blocks within one recording are not independent recording replicates
S1,SYN-OAK,B0_residual_9D,synthetic,syn-oak-r4-029,3,32,0.21504546596028426,8-epoch block summary; blocks within one recording are not independent recording replicates
S1,SYN-OAK,B0_residual_9D,synthetic,syn-oak-r4-029,4,34,0.2371847622738182,8-epoch block summary; blocks within one recording are not independent recording replicates
S1,SYN-OAK,B0_residual_9D,synthetic,syn-oak-r4-029,5,32,0.23801643433888797,8-epoch block summary; blocks within one recording are not independent recording replicates
S1,SYN-OAK,B0_residual_9D,synthetic,syn-oak-r4-029,6,28,0.17321713486231127,8-epoch block summary; blocks within one recording are not independent recording replicates
S1,SYN-OAK,B0_residual_9D,synthetic,syn-oak-r4-029,7,24,0.10815515338148621,8-epoch block summary; blocks within one recording are not independent recording replicates
S1,SYN-OAK,B0_residual_9D,synthetic,syn-oak-r4-029,8,25,0.13237957049017962,8-epoch block summary; blocks within one recording are not independent recording replicates
S1,SYN-OAK,B0_residual_9D,synthetic,syn-oak-r4-029,9,48,0.29696111601430136,8-epoch block summary; blocks within one recording are not independent recording replicates
S1,SYN-OAK,B0_residual_9D,synthetic,syn-oak-r4-029,10,58,0.29796690460325137,8-epoch block summary; blocks within one recording are not independent recording replicates
S1,SYN-OAK,B0_residual_9D,synthetic,syn-oak-r4-029,11,49,0.2807753077772977,8-epoch block summary; blocks within one recording are not independent recording replicates
S1,SYN-OAK,B0_residual_9D,synthetic,syn-oak-r4-029,12,40,0.2708031196993503,8-epoch block summary; blocks within one recording are not independent recording replicates
S1,SYN-OAK,B0_residual_9D,synthetic,syn-oak-r4-029,13,36,0.23183132165097886,8-epoch block summary; blocks within one recording are not independent recording replicates
S1,SYN-OAK,B0_residual_9D,synthetic,syn-oak-r4-029,14,40,0.25490845968584114,8-epoch block summary; blocks within one recording are not independent recording replicates
S1,SYN-OAK,B0_residual_9D,synthetic,syn-oak-r4-029,15,46,0.2756168945639268,8-epoch block summary; blocks within one recording are not independent recording replicates
S1,SYN-OAK,B0_residual_9D,synthetic,syn-oak-r4-029,16,41,0.2514616156279574,8-epoch block summary; blocks within one recording are not independent recording replicates
S1,SYN-OAK,B0_residual_9D,synthetic,syn-oak-r4-029,17,44,0.27790703124872823,8-epoch block summary; blocks within one recording are not independent recording replicates
S1,SYN-OAK,B0_residual_9D,synthetic,syn-oak-r4-029,18,40,0.25589255631208596,8-epoch block summary; blocks within one recording are not independent recording replicates
S1,SYN-OAK,B0_residual_9D,synthetic,syn-oak-r4-029,19,25,0.13196878880278196,8-epoch block summary; blocks within one recording are not independent recording replicates
S1,SYN-OAK,B0_residual_9D,synthetic,syn-oak-r4-029,20,46,0.2709395025139277,8-epoch block summary; blocks within one recording are not independent recording replicates
S1,SYN-OAK,B0_residual_9D,synthetic,syn-oak-r4-029,21,48,0.29066792905537414,8-epoch block summary; blocks within one recording are not independent recording replicates
S1,SYN-OAK,B0_residual_9D,synthetic,syn-oak-r4-029,22,38,0.24990056920749876,8-epoch block summary; blocks within one recording are not independent recording replicates
S1,SYN-OAK,B0_residual_9D,synthetic,syn-oak-r4-029,23,30,0.1872930849369881,8-epoch block summary; blocks within one recording are not independent recording replicates
S1,SYN-OAK,B0_residual_9D,synthetic,syn-oak-r4-029,24,40,0.2623949171830432,8-epoch block summary; blocks within one recording are not independent recording replicates
S1,SYN-OAK,B0_residual_9D,synthetic,syn-oak-r4-029,25,46,0.2990339972976412,8-epoch block summary; blocks within one recording are not independent recording replicates
S1,SYN-OAK,B0_residual_9D,synthetic,syn-oak-r4-029,26,46,0.26468054048325107,8-epoch block summary; blocks within one recording are not independent recording replicates
S1,SYN-OAK,B0_residual_9D,synthetic,syn-oak-r4-029,27,53,0.3191046639494572,8-epoch block summary; blocks within one recording are not independent recording replicates
S1,SYN-OAK,B0_residual_9D,synthetic,syn-oak-r4-029,28,48,0.2793651675359269,8-epoch block summary; blocks within one recording are not independent recording replicates
S1,SYN-OAK,B0_residual_9D,synthetic,syn-oak-r4-029,29,35,0.26086781658129443,8-epoch block summary; blocks within one recording are not independent recording replicates
S1,SYN-OAK,B0_residual_9D,synthetic,syn-oak-r4-030,1,9,0.10734962014829218,8-epoch block summary; blocks within one recording are not independent recording replicates
S1,SYN-OAK,B0_residual_9D,synthetic,syn-oak-r4-030,2,35,0.1876647117691339,8-epoch block summary; blocks within one recording are not independent recording replicates
S1,SYN-OAK,B0_residual_9D,synthetic,syn-oak-r4-030,3,52,0.2007173699794209,8-epoch block summary; blocks within one recording are not independent recording replicates
S1,SYN-OAK,B0_residual_9D,synthetic,syn-oak-r4-030,4,55,0.22288206428599158,8-epoch block summary; blocks within one recording are not independent recording replicates
S1,SYN-OAK,B0_residual_9D,synthetic,syn-oak-r4-030,5,59,0.1559902206315867,8-epoch block summary; blocks within one recording are not independent recording replicates
S1,SYN-OAK,B0_residual_9D,synthetic,syn-oak-r4-030,6,58,0.11001568548412421,8-epoch block summary; blocks within one recording are not independent recording replicates
S1,SYN-OAK,B0_residual_9D,synthetic,syn-oak-r4-030,7,64,0.16435451864312042,8-epoch block summary; blocks within one recording are not independent recording replicates
S1,SYN-OAK,B0_residual_9D,synthetic,syn-oak-r4-030,8,64,0.15441545520104052,8-epoch block summary; blocks within one recording are not independent recording replicates
S1,SYN-OAK,B0_residual_9D,synthetic,syn-oak-r4-030,9,62,0.14646603419876286,8-epoch block summary; blocks within one recording are not independent recording replicates
S1,SYN-OAK,B0_residual_9D,synthetic,syn-oak-r4-030,10,64,0.16704497288874853,8-epoch block summary; blocks within one recording are not independent recording replicates
S1,SYN-OAK,B0_residual_9D,synthetic,syn-oak-r4-030,11,64,0.1625914328479996,8-epoch block summary; blocks within one recording are not independent recording replicates
S1,SYN-OAK,B0_residual_9D,synthetic,syn-oak-r4-030,12,66,0.15943345675562046,8-epoch block summary; blocks within one recording are not independent recording replicates
S1,SYN-OAK,B0_residual_9D,synthetic,syn-oak-r4-030,13,72,0.148871490542401,8-epoch block summary; blocks within one recording are not independent recording replicates
S1,SYN-OAK,B0_residual_9D,synthetic,syn-oak-r4-030,14,72,0.09606025529376104,8-epoch block summary; blocks within one recording are not independent recording replicates
S1,SYN-OAK,B0_residual_9D,synthetic,syn-oak-r4-030,15,72,0.0954051196629919,8-epoch block summary; blocks within one recording are not independent recording replicates
S1,SYN-OAK,B0_residual_9D,synthetic,syn-oak-r4-030,16,72,0.09416352268136846,8-epoch block summary; blocks within one recording are not independent recording replicates
S1,SYN-OAK,B0_residual_9D,synthetic,syn-oak-r4-030,17,80,0.15280294386957802,8-epoch block summary; blocks within one recording are not independent recording replicates
S1,SYN-OAK,B0_residual_9D,synthetic,syn-oak-r4-030,18,88,0.1850448307820213,8-epoch block summary; blocks within one recording are not independent recording replicates
S1,SYN-OAK,B0_residual_9D,synthetic,syn-oak-r4-030,19,82,0.1664691240824982,8-epoch block summary; blocks within one recording are not independent recording replicates
S1,SYN-OAK,B0_residual_9D,synthetic,syn-oak-r4-030,20,74,0.10705999906213974,8-epoch block summary; blocks within one recording are not independent recording replicates
S1,SYN-OAK,B0_residual_9D,synthetic,syn-oak-r4-030,21,72,0.0956307066861166,8-epoch block summary; blocks within one recording are not independent recording replicates
S1,SYN-OAK,B0_residual_9D,synthetic,syn-oak-r4-030,22,72,0.09450734439175325,8-epoch block summary; blocks within one recording are not independent recording replicates
S1,SYN-OAK,B0_residual_9D,synthetic,syn-oak-r4-030,23,72,0.09655621032591079,8-epoch block summary; blocks within one recording are not independent recording replicates
S1,SYN-OAK,B0_residual_9D,synthetic,syn-oak-r4-030,24,73,0.10293633760766314,8-epoch block summary; blocks within one recording are not independent recording replicates
S1,SYN-OAK,B0_residual_9D,synthetic,syn-oak-r4-030,25,80,0.14777541765912414,8-epoch block summary; blocks within one recording are not independent recording replicates
S1,SYN-OAK,B0_residual_9D,synthetic,syn-oak-r4-030,26,88,0.21552131594553,8-epoch block summary; blocks within one recording are not independent recording replicates
S1,SYN-OAK,B0_residual_9D,synthetic,syn-oak-r4-030,27,81,0.1626343847833739,8-epoch block summary; blocks within one recording are not independent recording replicates
S1,SYN-OAK,B0_residual_9D,synthetic,syn-oak-r4-030,28,74,0.1199426037995736,8-epoch block summary; blocks within one recording are not independent recording replicates
S1,SYN-OAK,B0_residual_9D,synthetic,syn-oak-r4-030,29,64,0.09152957064448092,8-epoch block summary; blocks within one recording are not independent recording replicates
S1,SYN-OAK,B0_residual_9D,real,cleanStatic,85,88,0.11497153448870981,8-epoch block summary; blocks within one recording are not independent recording replicates
S1,SYN-OAK,B0_residual_9D,real,cleanStatic,86,88,0.11554123713881363,8-epoch block summary; blocks within one recording are not independent recording replicates
S1,SYN-OAK,B0_residual_9D,real,cleanStatic,87,88,0.11452418020997276,8-epoch block summary; blocks within one recording are not independent recording replicates
S1,SYN-OAK,B0_residual_9D,real,cleanStatic,88,88,0.1152601947931316,8-epoch block summary; blocks within one recording are not independent recording replicates
S1,SYN-OAK,B0_residual_9D,real,cleanStatic,89,88,0.11617582386490735,8-epoch block summary; blocks within one recording are not independent recording replicates
S1,SYN-OAK,B0_residual_9D,real,cleanStatic,90,88,0.11512512158810889,8-epoch block summary; blocks within one recording are not independent recording replicates
S1,SYN-OAK,B0_residual_9D,real,cleanStatic,91,88,0.11592605709700761,8-epoch block summary; blocks within one recording are not independent recording replicates
S1,SYN-OAK,B0_residual_9D,real,cleanStatic,92,88,0.11592364571047145,8-epoch block summary; blocks within one recording are not independent recording replicates
S1,SYN-OAK,B0_residual_9D,real,cleanStatic,93,88,0.1156833012058881,8-epoch block summary; blocks within one recording are not independent recording replicates
S1,SYN-OAK,B0_residual_9D,real,cleanStatic,94,88,0.11510913862542314,8-epoch block summary; blocks within one recording are not independent recording replicates
S1,SYN-OAK,B0_residual_9D,real,cleanStatic,95,88,0.11637871606150607,8-epoch block summary; blocks within one recording are not independent recording replicates
S1,SYN-OAK,B0_residual_9D,real,cleanStatic,96,88,0.11525925222446162,8-epoch block summary; blocks within one recording are not independent recording replicates
S1,SYN-OAK,B0_residual_9D,real,cleanStatic,97,88,0.11413019490250319,8-epoch block summary; blocks within one recording are not independent recording replicates
S1,SYN-OAK,B0_residual_9D,real,cleanStatic,98,88,0.11525498295265044,8-epoch block summary; blocks within one recording are not independent recording replicates
S1,SYN-OAK,B0_residual_9D,real,cleanStatic,99,88,0.11318345986759645,8-epoch block summary; blocks within one recording are not independent recording replicates
S1,SYN-OAK,B0_residual_9D,real,cleanStatic,100,88,0.11297393996926906,8-epoch block summary; blocks within one recording are not independent recording replicates
S1,SYN-OAK,B0_residual_9D,real,cleanStatic,101,88,0.11512520204945363,8-epoch block summary; blocks within one recording are not independent recording replicates
S1,SYN-OAK,B0_residual_9D,real,cleanStatic,102,88,0.11559072600848636,8-epoch block summary; blocks within one recording are not independent recording replicates
S1,SYN-OAK,B0_residual_9D,real,cleanStatic,103,88,0.11526639132056188,8-epoch block summary; blocks within one recording are not independent recording replicates
S1,SYN-OAK,B0_residual_9D,real,cleanStatic,104,88,0.11485832628385155,8-epoch block summary; blocks within one recording are not independent recording replicates
S1,SYN-OAK,B0_residual_9D,real,cleanStatic,105,88,0.11686527855586012,8-epoch block summary; blocks within one recording are not independent recording replicates
S1,SYN-OAK,B0_residual_9D,real,cleanStatic,106,88,0.11586818662907128,8-epoch block summary; blocks within one recording are not independent recording replicates
S1,SYN-OAK,B0_residual_9D,real,cleanStatic,107,88,0.1147527658598778,8-epoch block summary; blocks within one recording are not independent recording replicates
S1,SYN-OAK,B0_residual_9D,real,cleanStatic,108,88,0.11446647454524127,8-epoch block summary; blocks within one recording are not independent recording replicates
S1,SYN-OAK,B0_residual_9D,real,cleanStatic,109,88,0.11502562082080563,8-epoch block summary; blocks within one recording are not independent recording replicates
S1,SYN-OAK,B0_residual_9D,real,cleanStatic,110,88,0.1164209381792421,8-epoch block summary; blocks within one recording are not independent recording replicates
S1,SYN-OAK,B0_residual_9D,real,cleanStatic,111,88,0.1157987365233686,8-epoch block summary; blocks within one recording are not independent recording replicates
S1,SYN-OAK,B0_residual_9D,real,cleanStatic,112,88,0.11507079995371991,8-epoch block summary; blocks within one recording are not independent recording replicates
S1,SYN-OAK,B0_residual_9D,real,cleanStatic,113,88,0.11581007702264998,8-epoch block summary; blocks within one recording are not independent recording replicates
S1,SYN-OAK,B0_residual_9D,real,cleanStatic,114,88,0.11396798580289542,8-epoch block summary; blocks within one recording are not independent recording replicates
S1,SYN-OAK,B0_residual_9D,real,cleanStatic,115,88,0.11550252524161092,8-epoch block summary; blocks within one recording are not independent recording replicates
S1,SYN-OAK,B0_residual_9D,real,cleanStatic,116,88,0.11502047861274234,8-epoch block summary; blocks within one recording are not independent recording replicates
S1,SYN-OAK,B0_residual_9D,real,cleanStatic,117,88,0.11477954921848131,8-epoch block summary; blocks within one recording are not independent recording replicates
S1,SYN-OAK,B0_residual_9D,real,cleanStatic,118,88,0.11732208859844792,8-epoch block summary; blocks within one recording are not independent recording replicates
S1,SYN-OAK,B0_residual_9D,real,cleanStatic,119,78,0.1145751809454859,8-epoch block summary; blocks within one recording are not independent recording replicates
S1,SYN-OAK,M1_innovation,synthetic,syn-oak-r4-028,1,3,6.372781036047964,8-epoch block summary; blocks within one recording are not independent recording replicates
S1,SYN-OAK,M1_innovation,synthetic,syn-oak-r4-028,2,8,6.018095977378815,8-epoch block summary; blocks within one recording are not independent recording replicates
S1,SYN-OAK,M1_innovation,synthetic,syn-oak-r4-028,3,8,6.110346368574228,8-epoch block summary; blocks within one recording are not independent recording replicates
S1,SYN-OAK,M1_innovation,synthetic,syn-oak-r4-028,4,8,6.178088541124301,8-epoch block summary; blocks within one recording are not independent recording replicates
S1,SYN-OAK,M1_innovation,synthetic,syn-oak-r4-028,5,8,6.017357368447777,8-epoch block summary; blocks within one recording are not independent recording replicates
S1,SYN-OAK,M1_innovation,synthetic,syn-oak-r4-028,6,8,6.1831544825366835,8-epoch block summary; blocks within one recording are not independent recording replicates
S1,SYN-OAK,M1_innovation,synthetic,syn-oak-r4-028,7,8,5.981892558220182,8-epoch block summary; blocks within one recording are not independent recording replicates
S1,SYN-OAK,M1_innovation,synthetic,syn-oak-r4-028,8,8,5.969840769165908,8-epoch block summary; blocks within one recording are not independent recording replicates
S1,SYN-OAK,M1_innovation,synthetic,syn-oak-r4-028,9,8,6.049030451223013,8-epoch block summary; blocks within one recording are not independent recording replicates
S1,SYN-OAK,M1_innovation,synthetic,syn-oak-r4-028,10,8,6.217926841464208,8-epoch block summary; blocks within one recording are not independent recording replicates
S1,SYN-OAK,M1_innovation,synthetic,syn-oak-r4-028,11,8,6.168286718998828,8-epoch block summary; blocks within one recording are not independent recording replicates
S1,SYN-OAK,M1_innovation,synthetic,syn-oak-r4-028,12,8,6.180251056844001,8-epoch block summary; blocks within one recording are not independent recording replicates
S1,SYN-OAK,M1_innovation,synthetic,syn-oak-r4-028,13,8,6.246901683455822,8-epoch block summary; blocks within one recording are not independent recording replicates
S1,SYN-OAK,M1_innovation,synthetic,syn-oak-r4-028,14,8,6.008895652196521,8-epoch block summary; blocks within one recording are not independent recording replicates
S1,SYN-OAK,M1_innovation,synthetic,syn-oak-r4-028,15,8,6.346372391271794,8-epoch block summary; blocks within one recording are not independent recording replicates
S1,SYN-OAK,M1_innovation,synthetic,syn-oak-r4-028,16,8,5.98440433008839,8-epoch block summary; blocks within one recording are not independent recording replicates
S1,SYN-OAK,M1_innovation,synthetic,syn-oak-r4-028,17,8,5.988679554396232,8-epoch block summary; blocks within one recording are not independent recording replicates
S1,SYN-OAK,M1_innovation,synthetic,syn-oak-r4-028,18,8,6.271518219695898,8-epoch block summary; blocks within one recording are not independent recording replicates
S1,SYN-OAK,M1_innovation,synthetic,syn-oak-r4-028,19,8,6.151846367220101,8-epoch block summary; blocks within one recording are not independent recording replicates
S1,SYN-OAK,M1_innovation,synthetic,syn-oak-r4-028,20,8,5.933441152412521,8-epoch block summary; blocks within one recording are not independent recording replicates
S1,SYN-OAK,M1_innovation,synthetic,syn-oak-r4-028,21,8,6.260456503747223,8-epoch block summary; blocks within one recording are not independent recording replicates
S1,SYN-OAK,M1_innovation,synthetic,syn-oak-r4-028,22,8,6.222968388499413,8-epoch block summary; blocks within one recording are not independent recording replicates
S1,SYN-OAK,M1_innovation,synthetic,syn-oak-r4-028,23,8,6.209367312817879,8-epoch block summary; blocks within one recording are not independent recording replicates
S1,SYN-OAK,M1_innovation,synthetic,syn-oak-r4-028,24,8,6.14414157207419,8-epoch block summary; blocks within one recording are not independent recording replicates
S1,SYN-OAK,M1_innovation,synthetic,syn-oak-r4-028,25,8,6.33021001503259,8-epoch block summary; blocks within one recording are not independent recording replicates
S1,SYN-OAK,M1_innovation,synthetic,syn-oak-r4-028,26,8,6.275412989546414,8-epoch block summary; blocks within one recording are not independent recording replicates
S1,SYN-OAK,M1_innovation,synthetic,syn-oak-r4-028,27,8,6.139625251157322,8-epoch block summary; blocks within one recording are not independent recording replicates
S1,SYN-OAK,M1_innovation,synthetic,syn-oak-r4-028,28,8,6.238607181267525,8-epoch block summary; blocks within one recording are not independent recording replicates
S1,SYN-OAK,M1_innovation,synthetic,syn-oak-r4-028,29,8,6.16344520341506,8-epoch block summary; blocks within one recording are not independent recording replicates
S1,SYN-OAK,M1_innovation,synthetic,syn-oak-r4-029,1,3,6.646763776970065,8-epoch block summary; blocks within one recording are not independent recording replicates
S1,SYN-OAK,M1_innovation,synthetic,syn-oak-r4-029,2,8,6.419101921769203,8-epoch block summary; blocks within one recording are not independent recording replicates
S1,SYN-OAK,M1_innovation,synthetic,syn-oak-r4-029,3,8,6.601825654506703,8-epoch block summary; blocks within one recording are not independent recording replicates
S1,SYN-OAK,M1_innovation,synthetic,syn-oak-r4-029,4,8,6.637127612847206,8-epoch block summary; blocks within one recording are not independent recording replicates
S1,SYN-OAK,M1_innovation,synthetic,syn-oak-r4-029,5,8,6.5412970317706565,8-epoch block summary; blocks within one recording are not independent recording replicates
S1,SYN-OAK,M1_innovation,synthetic,syn-oak-r4-029,6,8,6.574048914102358,8-epoch block summary; blocks within one recording are not independent recording replicates
S1,SYN-OAK,M1_innovation,synthetic,syn-oak-r4-029,7,8,6.5841718840253876,8-epoch block summary; blocks within one recording are not independent recording replicates
S1,SYN-OAK,M1_innovation,synthetic,syn-oak-r4-029,8,8,6.696799192519142,8-epoch block summary; blocks within one recording are not independent recording replicates
S1,SYN-OAK,M1_innovation,synthetic,syn-oak-r4-029,9,8,6.60740185553836,8-epoch block summary; blocks within one recording are not independent recording replicates
S1,SYN-OAK,M1_innovation,synthetic,syn-oak-r4-029,10,8,6.691011071473544,8-epoch block summary; blocks within one recording are not independent recording replicates
S1,SYN-OAK,M1_innovation,synthetic,syn-oak-r4-029,11,8,6.524974280519044,8-epoch block summary; blocks within one recording are not independent recording replicates
S1,SYN-OAK,M1_innovation,synthetic,syn-oak-r4-029,12,8,6.728586727531417,8-epoch block summary; blocks within one recording are not independent recording replicates
S1,SYN-OAK,M1_innovation,synthetic,syn-oak-r4-029,13,8,6.596373415661635,8-epoch block summary; blocks within one recording are not independent recording replicates
S1,SYN-OAK,M1_innovation,synthetic,syn-oak-r4-029,14,8,6.778686235585035,8-epoch block summary; blocks within one recording are not independent recording replicates
S1,SYN-OAK,M1_innovation,synthetic,syn-oak-r4-029,15,8,6.776555785807724,8-epoch block summary; blocks within one recording are not independent recording replicates
S1,SYN-OAK,M1_innovation,synthetic,syn-oak-r4-029,16,8,6.657415219341757,8-epoch block summary; blocks within one recording are not independent recording replicates
S1,SYN-OAK,M1_innovation,synthetic,syn-oak-r4-029,17,8,6.784622700340529,8-epoch block summary; blocks within one recording are not independent recording replicates
S1,SYN-OAK,M1_innovation,synthetic,syn-oak-r4-029,18,8,6.784114377305844,8-epoch block summary; blocks within one recording are not independent recording replicates
S1,SYN-OAK,M1_innovation,synthetic,syn-oak-r4-029,19,8,6.646567712363294,8-epoch block summary; blocks within one recording are not independent recording replicates
S1,SYN-OAK,M1_innovation,synthetic,syn-oak-r4-029,20,8,6.493059970258009,8-epoch block summary; blocks within one recording are not independent recording replicates
S1,SYN-OAK,M1_innovation,synthetic,syn-oak-r4-029,21,8,6.668298565166913,8-epoch block summary; blocks within one recording are not independent recording replicates
S1,SYN-OAK,M1_innovation,synthetic,syn-oak-r4-029,22,8,6.823493219583453,8-epoch block summary; blocks within one recording are not independent recording replicates
S1,SYN-OAK,M1_innovation,synthetic,syn-oak-r4-029,23,8,6.880278005837718,8-epoch block summary; blocks within one recording are not independent recording replicates
S1,SYN-OAK,M1_innovation,synthetic,syn-oak-r4-029,24,8,6.786716016049184,8-epoch block summary; blocks within one recording are not independent recording replicates
S1,SYN-OAK,M1_innovation,synthetic,syn-oak-r4-029,25,8,6.733601491011687,8-epoch block summary; blocks within one recording are not independent recording replicates
S1,SYN-OAK,M1_innovation,synthetic,syn-oak-r4-029,26,8,6.614882557236471,8-epoch block summary; blocks within one recording are not independent recording replicates
S1,SYN-OAK,M1_innovation,synthetic,syn-oak-r4-029,27,8,6.779572950519461,8-epoch block summary; blocks within one recording are not independent recording replicates
S1,SYN-OAK,M1_innovation,synthetic,syn-oak-r4-029,28,8,6.584195848572055,8-epoch block summary; blocks within one recording are not independent recording replicates
S1,SYN-OAK,M1_innovation,synthetic,syn-oak-r4-029,29,7,6.740111566450515,8-epoch block summary; blocks within one recording are not independent recording replicates
S1,SYN-OAK,M1_innovation,synthetic,syn-oak-r4-030,1,3,3.1927998969362945,8-epoch block summary; blocks within one recording are not independent recording replicates
S1,SYN-OAK,M1_innovation,synthetic,syn-oak-r4-030,2,8,3.109969352987055,8-epoch block summary; blocks within one recording are not independent recording replicates
S1,SYN-OAK,M1_innovation,synthetic,syn-oak-r4-030,3,8,3.1113549314926425,8-epoch block summary; blocks within one recording are not independent recording replicates
S1,SYN-OAK,M1_innovation,synthetic,syn-oak-r4-030,4,8,3.1243319865274968,8-epoch block summary; blocks within one recording are not independent recording replicates
S1,SYN-OAK,M1_innovation,synthetic,syn-oak-r4-030,5,8,3.237305253078639,8-epoch block summary; blocks within one recording are not independent recording replicates
S1,SYN-OAK,M1_innovation,synthetic,syn-oak-r4-030,6,8,3.2908076731450686,8-epoch block summary; blocks within one recording are not independent recording replicates
S1,SYN-OAK,M1_innovation,synthetic,syn-oak-r4-030,7,8,3.2677053074539026,8-epoch block summary; blocks within one recording are not independent recording replicates
S1,SYN-OAK,M1_innovation,synthetic,syn-oak-r4-030,8,8,3.1203142255920584,8-epoch block summary; blocks within one recording are not independent recording replicates
S1,SYN-OAK,M1_innovation,synthetic,syn-oak-r4-030,9,8,3.2238298405610597,8-epoch block summary; blocks within one recording are not independent recording replicates
S1,SYN-OAK,M1_innovation,synthetic,syn-oak-r4-030,10,8,3.141982612965539,8-epoch block summary; blocks within one recording are not independent recording replicates
S1,SYN-OAK,M1_innovation,synthetic,syn-oak-r4-030,11,8,3.400008000256882,8-epoch block summary; blocks within one recording are not independent recording replicates
S1,SYN-OAK,M1_innovation,synthetic,syn-oak-r4-030,12,8,3.102246612495716,8-epoch block summary; blocks within one recording are not independent recording replicates
S1,SYN-OAK,M1_innovation,synthetic,syn-oak-r4-030,13,8,3.0931640161211944,8-epoch block summary; blocks within one recording are not independent recording replicates
S1,SYN-OAK,M1_innovation,synthetic,syn-oak-r4-030,14,8,3.2969501742821063,8-epoch block summary; blocks within one recording are not independent recording replicates
S1,SYN-OAK,M1_innovation,synthetic,syn-oak-r4-030,15,8,2.961198910179743,8-epoch block summary; blocks within one recording are not independent recording replicates
S1,SYN-OAK,M1_innovation,synthetic,syn-oak-r4-030,16,8,3.1974918689629517,8-epoch block summary; blocks within one recording are not independent recording replicates
S1,SYN-OAK,M1_innovation,synthetic,syn-oak-r4-030,17,8,3.08887866616094,8-epoch block summary; blocks within one recording are not independent recording replicates
S1,SYN-OAK,M1_innovation,synthetic,syn-oak-r4-030,18,8,3.068623720511106,8-epoch block summary; blocks within one recording are not independent recording replicates
S1,SYN-OAK,M1_innovation,synthetic,syn-oak-r4-030,19,8,3.17157343506051,8-epoch block summary; blocks within one recording are not independent recording replicates
S1,SYN-OAK,M1_innovation,synthetic,syn-oak-r4-030,20,8,3.0875428523627346,8-epoch block summary; blocks within one recording are not independent recording replicates
S1,SYN-OAK,M1_innovation,synthetic,syn-oak-r4-030,21,8,3.2625838735922836,8-epoch block summary; blocks within one recording are not independent recording replicates
S1,SYN-OAK,M1_innovation,synthetic,syn-oak-r4-030,22,8,3.077205162725041,8-epoch block summary; blocks within one recording are not independent recording replicates
S1,SYN-OAK,M1_innovation,synthetic,syn-oak-r4-030,23,8,3.0672386966136274,8-epoch block summary; blocks within one recording are not independent recording replicates
S1,SYN-OAK,M1_innovation,synthetic,syn-oak-r4-030,24,8,3.0250652086561645,8-epoch block summary; blocks within one recording are not independent recording replicates
S1,SYN-OAK,M1_innovation,synthetic,syn-oak-r4-030,25,8,3.1395305705935512,8-epoch block summary; blocks within one recording are not independent recording replicates
S1,SYN-OAK,M1_innovation,synthetic,syn-oak-r4-030,26,8,3.100217194092119,8-epoch block summary; blocks within one recording are not independent recording replicates
S1,SYN-OAK,M1_innovation,synthetic,syn-oak-r4-030,27,8,3.1587969813352297,8-epoch block summary; blocks within one recording are not independent recording replicates
S1,SYN-OAK,M1_innovation,synthetic,syn-oak-r4-030,28,8,2.9920893700897775,8-epoch block summary; blocks within one recording are not independent recording replicates
S1,SYN-OAK,M1_innovation,synthetic,syn-oak-r4-030,29,8,3.2074282681909945,8-epoch block summary; blocks within one recording are not independent recording replicates
S1,SYN-OAK,M1_innovation,real,cleanStatic,85,8,0.8687278946418546,8-epoch block summary; blocks within one recording are not independent recording replicates
S1,SYN-OAK,M1_innovation,real,cleanStatic,86,8,0.8897221941353936,8-epoch block summary; blocks within one recording are not independent recording replicates
S1,SYN-OAK,M1_innovation,real,cleanStatic,87,8,1.169429992610059,8-epoch block summary; blocks within one recording are not independent recording replicates
S1,SYN-OAK,M1_innovation,real,cleanStatic,88,8,0.9722362398772649,8-epoch block summary; blocks within one recording are not independent recording replicates
S1,SYN-OAK,M1_innovation,real,cleanStatic,89,8,0.9692726367394359,8-epoch block summary; blocks within one recording are not independent recording replicates
S1,SYN-OAK,M1_innovation,real,cleanStatic,90,8,1.139100224892151,8-epoch block summary; blocks within one recording are not independent recording replicates
S1,SYN-OAK,M1_innovation,real,cleanStatic,91,8,1.0053955249575937,8-epoch block summary; blocks within one recording are not independent recording replicates
S1,SYN-OAK,M1_innovation,real,cleanStatic,92,8,1.1913393695737953,8-epoch block summary; blocks within one recording are not independent recording replicates
S1,SYN-OAK,M1_innovation,real,cleanStatic,93,8,0.9181350560518847,8-epoch block summary; blocks within one recording are not independent recording replicates
S1,SYN-OAK,M1_innovation,real,cleanStatic,94,8,1.0831018608064251,8-epoch block summary; blocks within one recording are not independent recording replicates
S1,SYN-OAK,M1_innovation,real,cleanStatic,95,8,1.0831597735824843,8-epoch block summary; blocks within one recording are not independent recording replicates
S1,SYN-OAK,M1_innovation,real,cleanStatic,96,8,1.1000128597320349,8-epoch block summary; blocks within one recording are not independent recording replicates
S1,SYN-OAK,M1_innovation,real,cleanStatic,97,8,1.1856778774755818,8-epoch block summary; blocks within one recording are not independent recording replicates
S1,SYN-OAK,M1_innovation,real,cleanStatic,98,8,1.1245633522137275,8-epoch block summary; blocks within one recording are not independent recording replicates
S1,SYN-OAK,M1_innovation,real,cleanStatic,99,8,1.1139102026148013,8-epoch block summary; blocks within one recording are not independent recording replicates
S1,SYN-OAK,M1_innovation,real,cleanStatic,100,8,1.0570152016905596,8-epoch block summary; blocks within one recording are not independent recording replicates
S1,SYN-OAK,M1_innovation,real,cleanStatic,101,8,0.9461503475958026,8-epoch block summary; blocks within one recording are not independent recording replicates
S1,SYN-OAK,M1_innovation,real,cleanStatic,102,8,1.1557719598213463,8-epoch block summary; blocks within one recording are not independent recording replicates
S1,SYN-OAK,M1_innovation,real,cleanStatic,103,8,0.9437267085873958,8-epoch block summary; blocks within one recording are not independent recording replicates
S1,SYN-OAK,M1_innovation,real,cleanStatic,104,8,1.167601875468877,8-epoch block summary; blocks within one recording are not independent recording replicates
S1,SYN-OAK,M1_innovation,real,cleanStatic,105,8,1.0701611723056983,8-epoch block summary; blocks within one recording are not independent recording replicates
S1,SYN-OAK,M1_innovation,real,cleanStatic,106,8,1.1026489683778042,8-epoch block summary; blocks within one recording are not independent recording replicates
S1,SYN-OAK,M1_innovation,real,cleanStatic,107,8,1.0507099312115946,8-epoch block summary; blocks within one recording are not independent recording replicates
S1,SYN-OAK,M1_innovation,real,cleanStatic,108,8,0.9809118247580054,8-epoch block summary; blocks within one recording are not independent recording replicates
S1,SYN-OAK,M1_innovation,real,cleanStatic,109,8,1.1396548047380473,8-epoch block summary; blocks within one recording are not independent recording replicates
S1,SYN-OAK,M1_innovation,real,cleanStatic,110,8,1.0384528195975113,8-epoch block summary; blocks within one recording are not independent recording replicates
S1,SYN-OAK,M1_innovation,real,cleanStatic,111,8,1.1488752600280885,8-epoch block summary; blocks within one recording are not independent recording replicates
S1,SYN-OAK,M1_innovation,real,cleanStatic,112,8,1.2566532195150013,8-epoch block summary; blocks within one recording are not independent recording replicates
S1,SYN-OAK,M1_innovation,real,cleanStatic,113,8,0.9546943551558857,8-epoch block summary; blocks within one recording are not independent recording replicates
S1,SYN-OAK,M1_innovation,real,cleanStatic,114,8,0.9839653645457931,8-epoch block summary; blocks within one recording are not independent recording replicates
S1,SYN-OAK,M1_innovation,real,cleanStatic,115,8,1.218491468637668,8-epoch block summary; blocks within one recording are not independent recording replicates
S1,SYN-OAK,M1_innovation,real,cleanStatic,116,8,0.8784833088172488,8-epoch block summary; blocks within one recording are not independent recording replicates
S1,SYN-OAK,M1_innovation,real,cleanStatic,117,8,1.2736940104875438,8-epoch block summary; blocks within one recording are not independent recording replicates
S1,SYN-OAK,M1_innovation,real,cleanStatic,118,8,1.1565084800643979,8-epoch block summary; blocks within one recording are not independent recording replicates
S1,SYN-OAK,M1_innovation,real,cleanStatic,119,8,1.1692021685903384,8-epoch block summary; blocks within one recording are not independent recording replicates
S0,SYN-TEX,B0_residual_9D,synthetic,syn-tex-r4-028,1,2,0.11583273503443892,8-epoch block summary; blocks within one recording are not independent recording replicates
S0,SYN-TEX,B0_residual_9D,synthetic,syn-tex-r4-028,2,15,0.11536540648163948,8-epoch block summary; blocks within one recording are not independent recording replicates
S0,SYN-TEX,B0_residual_9D,synthetic,syn-tex-r4-028,3,16,0.1184152672049649,8-epoch block summary; blocks within one recording are not independent recording replicates
S0,SYN-TEX,B0_residual_9D,synthetic,syn-tex-r4-028,4,24,0.2780179539815938,8-epoch block summary; blocks within one recording are not independent recording replicates
S0,SYN-TEX,B0_residual_9D,synthetic,syn-tex-r4-028,5,32,0.2509637096131838,8-epoch block summary; blocks within one recording are not independent recording replicates
S0,SYN-TEX,B0_residual_9D,synthetic,syn-tex-r4-028,6,39,0.3162808528674521,8-epoch block summary; blocks within one recording are not independent recording replicates
S0,SYN-TEX,B0_residual_9D,synthetic,syn-tex-r4-028,7,40,0.312318140045398,8-epoch block summary; blocks within one recording are not independent recording replicates
S0,SYN-TEX,B0_residual_9D,synthetic,syn-tex-r4-028,8,32,0.26476967694415443,8-epoch block summary; blocks within one recording are not independent recording replicates
S0,SYN-TEX,B0_residual_9D,synthetic,syn-tex-r4-028,9,24,0.10818437906573221,8-epoch block summary; blocks within one recording are not independent recording replicates
S0,SYN-TEX,B0_residual_9D,synthetic,syn-tex-r4-028,10,32,0.27501017765458274,8-epoch block summary; blocks within one recording are not independent recording replicates
S0,SYN-TEX,B0_residual_9D,synthetic,syn-tex-r4-028,11,32,0.24567964508616968,8-epoch block summary; blocks within one recording are not independent recording replicates
S0,SYN-TEX,B0_residual_9D,synthetic,syn-tex-r4-028,12,34,0.2732540227839053,8-epoch block summary; blocks within one recording are not independent recording replicates
S0,SYN-TEX,B0_residual_9D,synthetic,syn-tex-r4-028,13,40,0.3230017616815954,8-epoch block summary; blocks within one recording are not independent recording replicates
S0,SYN-TEX,B0_residual_9D,synthetic,syn-tex-r4-028,14,32,0.2631194520339897,8-epoch block summary; blocks within one recording are not independent recording replicates
S0,SYN-TEX,B0_residual_9D,synthetic,syn-tex-r4-028,15,26,0.17948501707344536,8-epoch block summary; blocks within one recording are not independent recording replicates
S0,SYN-TEX,B0_residual_9D,synthetic,syn-tex-r4-028,16,32,0.2962014742623578,8-epoch block summary; blocks within one recording are not independent recording replicates
S0,SYN-TEX,B0_residual_9D,synthetic,syn-tex-r4-028,17,32,0.27175685130693145,8-epoch block summary; blocks within one recording are not independent recording replicates
S0,SYN-TEX,B0_residual_9D,synthetic,syn-tex-r4-028,18,28,0.21652087612347726,8-epoch block summary; blocks within one recording are not independent recording replicates
S0,SYN-TEX,B0_residual_9D,synthetic,syn-tex-r4-028,19,32,0.2601294866749135,8-epoch block summary; blocks within one recording are not independent recording replicates
S0,SYN-TEX,B0_residual_9D,synthetic,syn-tex-r4-028,20,32,0.278229807542338,8-epoch block summary; blocks within one recording are not independent recording replicates
S0,SYN-TEX,B0_residual_9D,synthetic,syn-tex-r4-028,21,35,0.2891921866008074,8-epoch block summary; blocks within one recording are not independent recording replicates
S0,SYN-TEX,B0_residual_9D,synthetic,syn-tex-r4-028,22,47,0.37574577838492257,8-epoch block summary; blocks within one recording are not independent recording replicates
S0,SYN-TEX,B0_residual_9D,synthetic,syn-tex-r4-028,23,48,0.36323936923030165,8-epoch block summary; blocks within one recording are not independent recording replicates
S0,SYN-TEX,B0_residual_9D,synthetic,syn-tex-r4-028,24,41,0.3244730756331882,8-epoch block summary; blocks within one recording are not independent recording replicates
S0,SYN-TEX,B0_residual_9D,synthetic,syn-tex-r4-028,25,27,0.19276196204977425,8-epoch block summary; blocks within one recording are not independent recording replicates
S0,SYN-TEX,B0_residual_9D,synthetic,syn-tex-r4-028,26,24,0.10243556782331807,8-epoch block summary; blocks within one recording are not independent recording replicates
S0,SYN-TEX,B0_residual_9D,synthetic,syn-tex-r4-028,27,32,0.2732208004313809,8-epoch block summary; blocks within one recording are not independent recording replicates
S0,SYN-TEX,B0_residual_9D,synthetic,syn-tex-r4-028,28,43,0.3448809520329699,8-epoch block summary; blocks within one recording are not independent recording replicates
S0,SYN-TEX,B0_residual_9D,synthetic,syn-tex-r4-028,29,42,0.36099334689107715,8-epoch block summary; blocks within one recording are not independent recording replicates
S0,SYN-TEX,B0_residual_9D,synthetic,syn-tex-r4-029,1,6,0.12212104650221796,8-epoch block summary; blocks within one recording are not independent recording replicates
S0,SYN-TEX,B0_residual_9D,synthetic,syn-tex-r4-029,2,16,0.12288161255211653,8-epoch block summary; blocks within one recording are not independent recording replicates
S0,SYN-TEX,B0_residual_9D,synthetic,syn-tex-r4-029,3,30,0.2713317873533215,8-epoch block summary; blocks within one recording are not independent recording replicates
S0,SYN-TEX,B0_residual_9D,synthetic,syn-tex-r4-029,4,32,0.2626623717387512,8-epoch block summary; blocks within one recording are not independent recording replicates
S0,SYN-TEX,B0_residual_9D,synthetic,syn-tex-r4-029,5,35,0.28035133155452485,8-epoch block summary; blocks within one recording are not independent recording replicates
S0,SYN-TEX,B0_residual_9D,synthetic,syn-tex-r4-029,6,40,0.3396263421642352,8-epoch block summary; blocks within one recording are not independent recording replicates
S0,SYN-TEX,B0_residual_9D,synthetic,syn-tex-r4-029,7,34,0.28080342890669835,8-epoch block summary; blocks within one recording are not independent recording replicates
S0,SYN-TEX,B0_residual_9D,synthetic,syn-tex-r4-029,8,25,0.14689519357926492,8-epoch block summary; blocks within one recording are not independent recording replicates
S0,SYN-TEX,B0_residual_9D,synthetic,syn-tex-r4-029,9,31,0.2513914732101698,8-epoch block summary; blocks within one recording are not independent recording replicates
S0,SYN-TEX,B0_residual_9D,synthetic,syn-tex-r4-029,10,32,0.26501831600238807,8-epoch block summary; blocks within one recording are not independent recording replicates
S0,SYN-TEX,B0_residual_9D,synthetic,syn-tex-r4-029,11,27,0.2125146631355476,8-epoch block summary; blocks within one recording are not independent recording replicates
S0,SYN-TEX,B0_residual_9D,synthetic,syn-tex-r4-029,12,24,0.11596589407808275,8-epoch block summary; blocks within one recording are not independent recording replicates
S0,SYN-TEX,B0_residual_9D,synthetic,syn-tex-r4-029,13,28,0.22841229337541857,8-epoch block summary; blocks within one recording are not independent recording replicates
S0,SYN-TEX,B0_residual_9D,synthetic,syn-tex-r4-029,14,32,0.26058660066519873,8-epoch block summary; blocks within one recording are not independent recording replicates
S0,SYN-TEX,B0_residual_9D,synthetic,syn-tex-r4-029,15,30,0.24844849134568453,8-epoch block summary; blocks within one recording are not independent recording replicates
S0,SYN-TEX,B0_residual_9D,synthetic,syn-tex-r4-029,16,24,0.11452612957155095,8-epoch block summary; blocks within one recording are not independent recording replicates
S0,SYN-TEX,B0_residual_9D,synthetic,syn-tex-r4-029,17,24,0.11662842508596775,8-epoch block summary; blocks within one recording are not independent recording replicates
S0,SYN-TEX,B0_residual_9D,synthetic,syn-tex-r4-029,18,24,0.11632811566419475,8-epoch block summary; blocks within one recording are not independent recording replicates
S0,SYN-TEX,B0_residual_9D,synthetic,syn-tex-r4-029,19,24,0.11326217737175723,8-epoch block summary; blocks within one recording are not independent recording replicates
S0,SYN-TEX,B0_residual_9D,synthetic,syn-tex-r4-029,20,24,0.11542531670416219,8-epoch block summary; blocks within one recording are not independent recording replicates
S0,SYN-TEX,B0_residual_9D,synthetic,syn-tex-r4-029,21,31,0.25762741573709286,8-epoch block summary; blocks within one recording are not independent recording replicates
S0,SYN-TEX,B0_residual_9D,synthetic,syn-tex-r4-029,22,34,0.282916452522646,8-epoch block summary; blocks within one recording are not independent recording replicates
S0,SYN-TEX,B0_residual_9D,synthetic,syn-tex-r4-029,23,35,0.2902031670406017,8-epoch block summary; blocks within one recording are not independent recording replicates
S0,SYN-TEX,B0_residual_9D,synthetic,syn-tex-r4-029,24,32,0.2675443764441729,8-epoch block summary; blocks within one recording are not independent recording replicates
S0,SYN-TEX,B0_residual_9D,synthetic,syn-tex-r4-029,25,34,0.3048181027018373,8-epoch block summary; blocks within one recording are not independent recording replicates
S0,SYN-TEX,B0_residual_9D,synthetic,syn-tex-r4-029,26,40,0.3331334933896644,8-epoch block summary; blocks within one recording are not independent recording replicates
S0,SYN-TEX,B0_residual_9D,synthetic,syn-tex-r4-029,27,34,0.2786844539327655,8-epoch block summary; blocks within one recording are not independent recording replicates
S0,SYN-TEX,B0_residual_9D,synthetic,syn-tex-r4-029,28,24,0.11533653309647221,8-epoch block summary; blocks within one recording are not independent recording replicates
S0,SYN-TEX,B0_residual_9D,synthetic,syn-tex-r4-029,29,21,0.11694738924254455,8-epoch block summary; blocks within one recording are not independent recording replicates
S0,SYN-TEX,B0_residual_9D,synthetic,syn-tex-r4-030,1,6,0.12105350551689656,8-epoch block summary; blocks within one recording are not independent recording replicates
S0,SYN-TEX,B0_residual_9D,synthetic,syn-tex-r4-030,2,32,0.11436140674185591,8-epoch block summary; blocks within one recording are not independent recording replicates
S0,SYN-TEX,B0_residual_9D,synthetic,syn-tex-r4-030,3,40,0.11243764201551262,8-epoch block summary; blocks within one recording are not independent recording replicates
S0,SYN-TEX,B0_residual_9D,synthetic,syn-tex-r4-030,4,44,0.10830458404736085,8-epoch block summary; blocks within one recording are not independent recording replicates
S0,SYN-TEX,B0_residual_9D,synthetic,syn-tex-r4-030,5,49,0.15479556067358793,8-epoch block summary; blocks within one recording are not independent recording replicates
S0,SYN-TEX,B0_residual_9D,synthetic,syn-tex-r4-030,6,54,0.26431583582431334,8-epoch block summary; blocks within one recording are not independent recording replicates
S0,SYN-TEX,B0_residual_9D,synthetic,syn-tex-r4-030,7,55,0.25201301273869114,8-epoch block summary; blocks within one recording are not independent recording replicates
S0,SYN-TEX,B0_residual_9D,synthetic,syn-tex-r4-030,8,56,0.2708788500233699,8-epoch block summary; blocks within one recording are not independent recording replicates
S0,SYN-TEX,B0_residual_9D,synthetic,syn-tex-r4-030,9,59,0.23022859293232883,8-epoch block summary; blocks within one recording are not independent recording replicates
S0,SYN-TEX,B0_residual_9D,synthetic,syn-tex-r4-030,10,51,0.14886495287642873,8-epoch block summary; blocks within one recording are not independent recording replicates
S0,SYN-TEX,B0_residual_9D,synthetic,syn-tex-r4-030,11,48,0.10558692038117039,8-epoch block summary; blocks within one recording are not independent recording replicates
S0,SYN-TEX,B0_residual_9D,synthetic,syn-tex-r4-030,12,48,0.11098263701403328,8-epoch block summary; blocks within one recording are not independent recording replicates
S0,SYN-TEX,B0_residual_9D,synthetic,syn-tex-r4-030,13,48,0.10878542096377519,8-epoch block summary; blocks within one recording are not independent recording replicates
S0,SYN-TEX,B0_residual_9D,synthetic,syn-tex-r4-030,14,48,0.11237566743487681,8-epoch block summary; blocks within one recording are not independent recording replicates
S0,SYN-TEX,B0_residual_9D,synthetic,syn-tex-r4-030,15,48,0.11055317770839655,8-epoch block summary; blocks within one recording are not independent recording replicates
S0,SYN-TEX,B0_residual_9D,synthetic,syn-tex-r4-030,16,48,0.11023769168984383,8-epoch block summary; blocks within one recording are not independent recording replicates
S0,SYN-TEX,B0_residual_9D,synthetic,syn-tex-r4-030,17,48,0.11262002631495881,8-epoch block summary; blocks within one recording are not independent recording replicates
S0,SYN-TEX,B0_residual_9D,synthetic,syn-tex-r4-030,18,50,0.13794055356044502,8-epoch block summary; blocks within one recording are not independent recording replicates
S0,SYN-TEX,B0_residual_9D,synthetic,syn-tex-r4-030,19,56,0.20759223218755415,8-epoch block summary; blocks within one recording are not independent recording replicates
S0,SYN-TEX,B0_residual_9D,synthetic,syn-tex-r4-030,20,56,0.20795831766957276,8-epoch block summary; blocks within one recording are not independent recording replicates
S0,SYN-TEX,B0_residual_9D,synthetic,syn-tex-r4-030,21,48,0.11045647516500023,8-epoch block summary; blocks within one recording are not independent recording replicates
S0,SYN-TEX,B0_residual_9D,synthetic,syn-tex-r4-030,22,48,0.11022546307935852,8-epoch block summary; blocks within one recording are not independent recording replicates
S0,SYN-TEX,B0_residual_9D,synthetic,syn-tex-r4-030,23,55,0.21054745546778417,8-epoch block summary; blocks within one recording are not independent recording replicates
S0,SYN-TEX,B0_residual_9D,synthetic,syn-tex-r4-030,24,56,0.25027374875035746,8-epoch block summary; blocks within one recording are not independent recording replicates
S0,SYN-TEX,B0_residual_9D,synthetic,syn-tex-r4-030,25,51,0.15904003490249602,8-epoch block summary; blocks within one recording are not independent recording replicates
S0,SYN-TEX,B0_residual_9D,synthetic,syn-tex-r4-030,26,48,0.11187211011363025,8-epoch block summary; blocks within one recording are not independent recording replicates
S0,SYN-TEX,B0_residual_9D,synthetic,syn-tex-r4-030,27,52,0.11156339693001684,8-epoch block summary; blocks within one recording are not independent recording replicates
S0,SYN-TEX,B0_residual_9D,synthetic,syn-tex-r4-030,28,56,0.11074873020520556,8-epoch block summary; blocks within one recording are not independent recording replicates
S0,SYN-TEX,B0_residual_9D,synthetic,syn-tex-r4-030,29,51,0.11152349300719312,8-epoch block summary; blocks within one recording are not independent recording replicates
S0,SYN-TEX,B0_residual_9D,real,cleanStatic,85,88,0.18019633222072814,8-epoch block summary; blocks within one recording are not independent recording replicates
S0,SYN-TEX,B0_residual_9D,real,cleanStatic,86,88,0.18436428295585064,8-epoch block summary; blocks within one recording are not independent recording replicates
S0,SYN-TEX,B0_residual_9D,real,cleanStatic,87,88,0.1888126227924603,8-epoch block summary; blocks within one recording are not independent recording replicates
S0,SYN-TEX,B0_residual_9D,real,cleanStatic,88,86,0.16991231474383356,8-epoch block summary; blocks within one recording are not independent recording replicates
S0,SYN-TEX,B0_residual_9D,real,cleanStatic,89,80,0.12463516168494891,8-epoch block summary; blocks within one recording are not independent recording replicates
S0,SYN-TEX,B0_residual_9D,real,cleanStatic,90,80,0.12772647595228626,8-epoch block summary; blocks within one recording are not independent recording replicates
S0,SYN-TEX,B0_residual_9D,real,cleanStatic,91,83,0.1471637541305413,8-epoch block summary; blocks within one recording are not independent recording replicates
S0,SYN-TEX,B0_residual_9D,real,cleanStatic,92,88,0.18480322007994385,8-epoch block summary; blocks within one recording are not independent recording replicates
S0,SYN-TEX,B0_residual_9D,real,cleanStatic,93,88,0.17701455813303324,8-epoch block summary; blocks within one recording are not independent recording replicates
S0,SYN-TEX,B0_residual_9D,real,cleanStatic,94,82,0.13521292924296738,8-epoch block summary; blocks within one recording are not independent recording replicates
S0,SYN-TEX,B0_residual_9D,real,cleanStatic,95,80,0.12678693028002655,8-epoch block summary; blocks within one recording are not independent recording replicates
S0,SYN-TEX,B0_residual_9D,real,cleanStatic,96,80,0.12973204968087929,8-epoch block summary; blocks within one recording are not independent recording replicates
S0,SYN-TEX,B0_residual_9D,real,cleanStatic,97,80,0.12731443566891185,8-epoch block summary; blocks within one recording are not independent recording replicates
S0,SYN-TEX,B0_residual_9D,real,cleanStatic,98,80,0.1279723163996941,8-epoch block summary; blocks within one recording are not independent recording replicates
S0,SYN-TEX,B0_residual_9D,real,cleanStatic,99,80,0.12972112705805294,8-epoch block summary; blocks within one recording are not independent recording replicates
S0,SYN-TEX,B0_residual_9D,real,cleanStatic,100,82,0.13258442888738547,8-epoch block summary; blocks within one recording are not independent recording replicates
S0,SYN-TEX,B0_residual_9D,real,cleanStatic,101,88,0.13163913165947536,8-epoch block summary; blocks within one recording are not independent recording replicates
S0,SYN-TEX,B0_residual_9D,real,cleanStatic,102,88,0.1293088189530821,8-epoch block summary; blocks within one recording are not independent recording replicates
S0,SYN-TEX,B0_residual_9D,real,cleanStatic,103,88,0.12744324329352452,8-epoch block summary; blocks within one recording are not independent recording replicates
S0,SYN-TEX,B0_residual_9D,real,cleanStatic,104,88,0.12821017037421767,8-epoch block summary; blocks within one recording are not independent recording replicates
S0,SYN-TEX,B0_residual_9D,real,cleanStatic,105,88,0.12538874183695925,8-epoch block summary; blocks within one recording are not independent recording replicates
S0,SYN-TEX,B0_residual_9D,real,cleanStatic,106,88,0.1283288311730953,8-epoch block summary; blocks within one recording are not independent recording replicates
S0,SYN-TEX,B0_residual_9D,real,cleanStatic,107,88,0.1270540930131735,8-epoch block summary; blocks within one recording are not independent recording replicates
S0,SYN-TEX,B0_residual_9D,real,cleanStatic,108,88,0.12815424562382152,8-epoch block summary; blocks within one recording are not independent recording replicates
S0,SYN-TEX,B0_residual_9D,real,cleanStatic,109,88,0.1291268261100967,8-epoch block summary; blocks within one recording are not independent recording replicates
S0,SYN-TEX,B0_residual_9D,real,cleanStatic,110,88,0.12963236197384986,8-epoch block summary; blocks within one recording are not independent recording replicates
S0,SYN-TEX,B0_residual_9D,real,cleanStatic,111,88,0.12970216565584056,8-epoch block summary; blocks within one recording are not independent recording replicates
S0,SYN-TEX,B0_residual_9D,real,cleanStatic,112,88,0.12862972841282252,8-epoch block summary; blocks within one recording are not independent recording replicates
S0,SYN-TEX,B0_residual_9D,real,cleanStatic,113,88,0.12640280218630176,8-epoch block summary; blocks within one recording are not independent recording replicates
S0,SYN-TEX,B0_residual_9D,real,cleanStatic,114,88,0.12631086955780266,8-epoch block summary; blocks within one recording are not independent recording replicates
S0,SYN-TEX,B0_residual_9D,real,cleanStatic,115,88,0.1267227596199761,8-epoch block summary; blocks within one recording are not independent recording replicates
S0,SYN-TEX,B0_residual_9D,real,cleanStatic,116,88,0.12813668748378407,8-epoch block summary; blocks within one recording are not independent recording replicates
S0,SYN-TEX,B0_residual_9D,real,cleanStatic,117,88,0.12559369003935913,8-epoch block summary; blocks within one recording are not independent recording replicates
S0,SYN-TEX,B0_residual_9D,real,cleanStatic,118,88,0.12387949942658105,8-epoch block summary; blocks within one recording are not independent recording replicates
S0,SYN-TEX,B0_residual_9D,real,cleanStatic,119,88,0.12785335835176084,8-epoch block summary; blocks within one recording are not independent recording replicates
S0,SYN-TEX,B0_residual_9D,real,cleanStatic,120,11,0.12720372840427338,8-epoch block summary; blocks within one recording are not independent recording replicates
S0,SYN-TEX,M1_innovation,synthetic,syn-tex-r4-028,1,2,0.7648127319336842,8-epoch block summary; blocks within one recording are not independent recording replicates
S0,SYN-TEX,M1_innovation,synthetic,syn-tex-r4-028,2,8,0.8104782508880904,8-epoch block summary; blocks within one recording are not independent recording replicates
S0,SYN-TEX,M1_innovation,synthetic,syn-tex-r4-028,3,8,1.00012071547128,8-epoch block summary; blocks within one recording are not independent recording replicates
S0,SYN-TEX,M1_innovation,synthetic,syn-tex-r4-028,4,8,0.8953544168136746,8-epoch block summary; blocks within one recording are not independent recording replicates
S0,SYN-TEX,M1_innovation,synthetic,syn-tex-r4-028,5,8,0.8536144637927755,8-epoch block summary; blocks within one recording are not independent recording replicates
S0,SYN-TEX,M1_innovation,synthetic,syn-tex-r4-028,6,8,0.8509114145497556,8-epoch block summary; blocks within one recording are not independent recording replicates
S0,SYN-TEX,M1_innovation,synthetic,syn-tex-r4-028,7,8,0.8951643410881985,8-epoch block summary; blocks within one recording are not independent recording replicates
S0,SYN-TEX,M1_innovation,synthetic,syn-tex-r4-028,8,8,0.8995342813218995,8-epoch block summary; blocks within one recording are not independent recording replicates
S0,SYN-TEX,M1_innovation,synthetic,syn-tex-r4-028,9,8,0.9191941908904885,8-epoch block summary; blocks within one recording are not independent recording replicates
S0,SYN-TEX,M1_innovation,synthetic,syn-tex-r4-028,10,8,1.0906838938096088,8-epoch block summary; blocks within one recording are not independent recording replicates
S0,SYN-TEX,M1_innovation,synthetic,syn-tex-r4-028,11,8,0.8661726562714641,8-epoch block summary; blocks within one recording are not independent recording replicates
S0,SYN-TEX,M1_innovation,synthetic,syn-tex-r4-028,12,8,1.1033978253044134,8-epoch block summary; blocks within one recording are not independent recording replicates
S0,SYN-TEX,M1_innovation,synthetic,syn-tex-r4-028,13,8,0.9509068228132244,8-epoch block summary; blocks within one recording are not independent recording replicates
S0,SYN-TEX,M1_innovation,synthetic,syn-tex-r4-028,14,8,0.9750424860342221,8-epoch block summary; blocks within one recording are not independent recording replicates
S0,SYN-TEX,M1_innovation,synthetic,syn-tex-r4-028,15,8,1.0218228795932303,8-epoch block summary; blocks within one recording are not independent recording replicates
S0,SYN-TEX,M1_innovation,synthetic,syn-tex-r4-028,16,8,0.8414493142187095,8-epoch block summary; blocks within one recording are not independent recording replicates
S0,SYN-TEX,M1_innovation,synthetic,syn-tex-r4-028,17,8,0.9863356371782719,8-epoch block summary; blocks within one recording are not independent recording replicates
S0,SYN-TEX,M1_innovation,synthetic,syn-tex-r4-028,18,8,0.9213159184485928,8-epoch block summary; blocks within one recording are not independent recording replicates
S0,SYN-TEX,M1_innovation,synthetic,syn-tex-r4-028,19,8,0.9161460416391517,8-epoch block summary; blocks within one recording are not independent recording replicates
S0,SYN-TEX,M1_innovation,synthetic,syn-tex-r4-028,20,8,1.0777476437482543,8-epoch block summary; blocks within one recording are not independent recording replicates
S0,SYN-TEX,M1_innovation,synthetic,syn-tex-r4-028,21,8,0.831007204846107,8-epoch block summary; blocks within one recording are not independent recording replicates
S0,SYN-TEX,M1_innovation,synthetic,syn-tex-r4-028,22,8,0.8820679850009465,8-epoch block summary; blocks within one recording are not independent recording replicates
S0,SYN-TEX,M1_innovation,synthetic,syn-tex-r4-028,23,8,1.000688288416303,8-epoch block summary; blocks within one recording are not independent recording replicates
S0,SYN-TEX,M1_innovation,synthetic,syn-tex-r4-028,24,8,1.142168525295479,8-epoch block summary; blocks within one recording are not independent recording replicates
S0,SYN-TEX,M1_innovation,synthetic,syn-tex-r4-028,25,8,0.8645651633968726,8-epoch block summary; blocks within one recording are not independent recording replicates
S0,SYN-TEX,M1_innovation,synthetic,syn-tex-r4-028,26,8,0.9081299928905199,8-epoch block summary; blocks within one recording are not independent recording replicates
S0,SYN-TEX,M1_innovation,synthetic,syn-tex-r4-028,27,8,0.9455459849984198,8-epoch block summary; blocks within one recording are not independent recording replicates
S0,SYN-TEX,M1_innovation,synthetic,syn-tex-r4-028,28,8,1.1213824145448679,8-epoch block summary; blocks within one recording are not independent recording replicates
S0,SYN-TEX,M1_innovation,synthetic,syn-tex-r4-028,29,8,0.8619839202502992,8-epoch block summary; blocks within one recording are not independent recording replicates
S0,SYN-TEX,M1_innovation,synthetic,syn-tex-r4-029,1,3,1.1088726080294693,8-epoch block summary; blocks within one recording are not independent recording replicates
S0,SYN-TEX,M1_innovation,synthetic,syn-tex-r4-029,2,8,0.7563817732641945,8-epoch block summary; blocks within one recording are not independent recording replicates
S0,SYN-TEX,M1_innovation,synthetic,syn-tex-r4-029,3,8,0.8388305628015048,8-epoch block summary; blocks within one recording are not independent recording replicates
S0,SYN-TEX,M1_innovation,synthetic,syn-tex-r4-029,4,8,0.8615758701066194,8-epoch block summary; blocks within one recording are not independent recording replicates
S0,SYN-TEX,M1_innovation,synthetic,syn-tex-r4-029,5,8,1.1119640972134543,8-epoch block summary; blocks within one recording are not independent recording replicates
S0,SYN-TEX,M1_innovation,synthetic,syn-tex-r4-029,6,8,0.8629556614487585,8-epoch block summary; blocks within one recording are not independent recording replicates
S0,SYN-TEX,M1_innovation,synthetic,syn-tex-r4-029,7,8,0.9478418204659307,8-epoch block summary; blocks within one recording are not independent recording replicates
S0,SYN-TEX,M1_innovation,synthetic,syn-tex-r4-029,8,8,0.9807986915681848,8-epoch block summary; blocks within one recording are not independent recording replicates
S0,SYN-TEX,M1_innovation,synthetic,syn-tex-r4-029,9,8,1.0414454261187402,8-epoch block summary; blocks within one recording are not independent recording replicates
S0,SYN-TEX,M1_innovation,synthetic,syn-tex-r4-029,10,8,0.9939264587714357,8-epoch block summary; blocks within one recording are not independent recording replicates
S0,SYN-TEX,M1_innovation,synthetic,syn-tex-r4-029,11,8,0.8505359433296458,8-epoch block summary; blocks within one recording are not independent recording replicates
S0,SYN-TEX,M1_innovation,synthetic,syn-tex-r4-029,12,8,0.9108590424506233,8-epoch block summary; blocks within one recording are not independent recording replicates
S0,SYN-TEX,M1_innovation,synthetic,syn-tex-r4-029,13,8,0.8360204395069253,8-epoch block summary; blocks within one recording are not independent recording replicates
S0,SYN-TEX,M1_innovation,synthetic,syn-tex-r4-029,14,8,0.8917010305243344,8-epoch block summary; blocks within one recording are not independent recording replicates
S0,SYN-TEX,M1_innovation,synthetic,syn-tex-r4-029,15,8,0.970124922632472,8-epoch block summary; blocks within one recording are not independent recording replicates
S0,SYN-TEX,M1_innovation,synthetic,syn-tex-r4-029,16,8,0.8460355262223548,8-epoch block summary; blocks within one recording are not independent recording replicates
S0,SYN-TEX,M1_innovation,synthetic,syn-tex-r4-029,17,8,0.9059775436498232,8-epoch block summary; blocks within one recording are not independent recording replicates
S0,SYN-TEX,M1_innovation,synthetic,syn-tex-r4-029,18,8,1.0530591897142376,8-epoch block summary; blocks within one recording are not independent recording replicates
S0,SYN-TEX,M1_innovation,synthetic,syn-tex-r4-029,19,8,0.8732118815695072,8-epoch block summary; blocks within one recording are not independent recording replicates
S0,SYN-TEX,M1_innovation,synthetic,syn-tex-r4-029,20,8,0.7887148755851678,8-epoch block summary; blocks within one recording are not independent recording replicates
S0,SYN-TEX,M1_innovation,synthetic,syn-tex-r4-029,21,8,1.0525816439857856,8-epoch block summary; blocks within one recording are not independent recording replicates
S0,SYN-TEX,M1_innovation,synthetic,syn-tex-r4-029,22,8,0.9242580528716511,8-epoch block summary; blocks within one recording are not independent recording replicates
S0,SYN-TEX,M1_innovation,synthetic,syn-tex-r4-029,23,8,0.8774209239861579,8-epoch block summary; blocks within one recording are not independent recording replicates
S0,SYN-TEX,M1_innovation,synthetic,syn-tex-r4-029,24,8,1.0163025221992397,8-epoch block summary; blocks within one recording are not independent recording replicates
S0,SYN-TEX,M1_innovation,synthetic,syn-tex-r4-029,25,8,1.0476205842056445,8-epoch block summary; blocks within one recording are not independent recording replicates
S0,SYN-TEX,M1_innovation,synthetic,syn-tex-r4-029,26,8,0.9786167385040356,8-epoch block summary; blocks within one recording are not independent recording replicates
S0,SYN-TEX,M1_innovation,synthetic,syn-tex-r4-029,27,8,0.9814767578886749,8-epoch block summary; blocks within one recording are not independent recording replicates
S0,SYN-TEX,M1_innovation,synthetic,syn-tex-r4-029,28,8,1.051021245260073,8-epoch block summary; blocks within one recording are not independent recording replicates
S0,SYN-TEX,M1_innovation,synthetic,syn-tex-r4-029,29,7,0.8581934955697931,8-epoch block summary; blocks within one recording are not independent recording replicates
S0,SYN-TEX,M1_innovation,synthetic,syn-tex-r4-030,1,3,1.0192223354534615,8-epoch block summary; blocks within one recording are not independent recording replicates
S0,SYN-TEX,M1_innovation,synthetic,syn-tex-r4-030,2,8,0.7459539185011655,8-epoch block summary; blocks within one recording are not independent recording replicates
S0,SYN-TEX,M1_innovation,synthetic,syn-tex-r4-030,3,8,1.0435903674766511,8-epoch block summary; blocks within one recording are not independent recording replicates
S0,SYN-TEX,M1_innovation,synthetic,syn-tex-r4-030,4,8,0.9925765446920711,8-epoch block summary; blocks within one recording are not independent recording replicates
S0,SYN-TEX,M1_innovation,synthetic,syn-tex-r4-030,5,8,0.8966913233299033,8-epoch block summary; blocks within one recording are not independent recording replicates
S0,SYN-TEX,M1_innovation,synthetic,syn-tex-r4-030,6,8,0.9146057715215744,8-epoch block summary; blocks within one recording are not independent recording replicates
S0,SYN-TEX,M1_innovation,synthetic,syn-tex-r4-030,7,8,0.965996503217904,8-epoch block summary; blocks within one recording are not independent recording replicates
S0,SYN-TEX,M1_innovation,synthetic,syn-tex-r4-030,8,8,1.0003911505417147,8-epoch block summary; blocks within one recording are not independent recording replicates
S0,SYN-TEX,M1_innovation,synthetic,syn-tex-r4-030,9,8,0.9468155305620684,8-epoch block summary; blocks within one recording are not independent recording replicates
S0,SYN-TEX,M1_innovation,synthetic,syn-tex-r4-030,10,8,0.8821998138717391,8-epoch block summary; blocks within one recording are not independent recording replicates
S0,SYN-TEX,M1_innovation,synthetic,syn-tex-r4-030,11,8,1.101199472265816,8-epoch block summary; blocks within one recording are not independent recording replicates
S0,SYN-TEX,M1_innovation,synthetic,syn-tex-r4-030,12,8,0.8881203617585681,8-epoch block summary; blocks within one recording are not independent recording replicates
S0,SYN-TEX,M1_innovation,synthetic,syn-tex-r4-030,13,8,1.022111009857234,8-epoch block summary; blocks within one recording are not independent recording replicates
S0,SYN-TEX,M1_innovation,synthetic,syn-tex-r4-030,14,8,0.9197172650959975,8-epoch block summary; blocks within one recording are not independent recording replicates
S0,SYN-TEX,M1_innovation,synthetic,syn-tex-r4-030,15,8,1.0068188366934,8-epoch block summary; blocks within one recording are not independent recording replicates
S0,SYN-TEX,M1_innovation,synthetic,syn-tex-r4-030,16,8,1.0923835249624065,8-epoch block summary; blocks within one recording are not independent recording replicates
S0,SYN-TEX,M1_innovation,synthetic,syn-tex-r4-030,17,8,0.9961662543246107,8-epoch block summary; blocks within one recording are not independent recording replicates
S0,SYN-TEX,M1_innovation,synthetic,syn-tex-r4-030,18,8,1.0312191408773284,8-epoch block summary; blocks within one recording are not independent recording replicates
S0,SYN-TEX,M1_innovation,synthetic,syn-tex-r4-030,19,8,1.0721761335041982,8-epoch block summary; blocks within one recording are not independent recording replicates
S0,SYN-TEX,M1_innovation,synthetic,syn-tex-r4-030,20,8,0.8343065987365432,8-epoch block summary; blocks within one recording are not independent recording replicates
S0,SYN-TEX,M1_innovation,synthetic,syn-tex-r4-030,21,8,0.9399752125158343,8-epoch block summary; blocks within one recording are not independent recording replicates
S0,SYN-TEX,M1_innovation,synthetic,syn-tex-r4-030,22,8,0.8867568995179784,8-epoch block summary; blocks within one recording are not independent recording replicates
S0,SYN-TEX,M1_innovation,synthetic,syn-tex-r4-030,23,8,1.0556444517882329,8-epoch block summary; blocks within one recording are not independent recording replicates
S0,SYN-TEX,M1_innovation,synthetic,syn-tex-r4-030,24,8,1.1750962611299987,8-epoch block summary; blocks within one recording are not independent recording replicates
S0,SYN-TEX,M1_innovation,synthetic,syn-tex-r4-030,25,8,0.9582429964436684,8-epoch block summary; blocks within one recording are not independent recording replicates
S0,SYN-TEX,M1_innovation,synthetic,syn-tex-r4-030,26,8,0.9522824148255504,8-epoch block summary; blocks within one recording are not independent recording replicates
S0,SYN-TEX,M1_innovation,synthetic,syn-tex-r4-030,27,8,1.1062458094964651,8-epoch block summary; blocks within one recording are not independent recording replicates
S0,SYN-TEX,M1_innovation,synthetic,syn-tex-r4-030,28,8,0.7524858357318943,8-epoch block summary; blocks within one recording are not independent recording replicates
S0,SYN-TEX,M1_innovation,synthetic,syn-tex-r4-030,29,8,0.8953135231124232,8-epoch block summary; blocks within one recording are not independent recording replicates
S0,SYN-TEX,M1_innovation,real,cleanStatic,85,8,14.545270423086674,8-epoch block summary; blocks within one recording are not independent recording replicates
S0,SYN-TEX,M1_innovation,real,cleanStatic,86,8,14.107529038724612,8-epoch block summary; blocks within one recording are not independent recording replicates
S0,SYN-TEX,M1_innovation,real,cleanStatic,87,8,14.269663055240958,8-epoch block summary; blocks within one recording are not independent recording replicates
S0,SYN-TEX,M1_innovation,real,cleanStatic,88,8,14.032659438139001,8-epoch block summary; blocks within one recording are not independent recording replicates
S0,SYN-TEX,M1_innovation,real,cleanStatic,89,8,14.58268464500734,8-epoch block summary; blocks within one recording are not independent recording replicates
S0,SYN-TEX,M1_innovation,real,cleanStatic,90,8,14.059703433073674,8-epoch block summary; blocks within one recording are not independent recording replicates
S0,SYN-TEX,M1_innovation,real,cleanStatic,91,8,14.397885137903188,8-epoch block summary; blocks within one recording are not independent recording replicates
S0,SYN-TEX,M1_innovation,real,cleanStatic,92,8,14.541565945313573,8-epoch block summary; blocks within one recording are not independent recording replicates
S0,SYN-TEX,M1_innovation,real,cleanStatic,93,8,14.244968072027286,8-epoch block summary; blocks within one recording are not independent recording replicates
S0,SYN-TEX,M1_innovation,real,cleanStatic,94,8,13.947076191963092,8-epoch block summary; blocks within one recording are not independent recording replicates
S0,SYN-TEX,M1_innovation,real,cleanStatic,95,8,14.411861298356431,8-epoch block summary; blocks within one recording are not independent recording replicates
S0,SYN-TEX,M1_innovation,real,cleanStatic,96,8,14.363966835089837,8-epoch block summary; blocks within one recording are not independent recording replicates
S0,SYN-TEX,M1_innovation,real,cleanStatic,97,8,14.128464879200795,8-epoch block summary; blocks within one recording are not independent recording replicates
S0,SYN-TEX,M1_innovation,real,cleanStatic,98,8,14.467662100848983,8-epoch block summary; blocks within one recording are not independent recording replicates
S0,SYN-TEX,M1_innovation,real,cleanStatic,99,8,14.08965334397041,8-epoch block summary; blocks within one recording are not independent recording replicates
S0,SYN-TEX,M1_innovation,real,cleanStatic,100,8,14.547081389030513,8-epoch block summary; blocks within one recording are not independent recording replicates
S0,SYN-TEX,M1_innovation,real,cleanStatic,101,8,14.41557000659555,8-epoch block summary; blocks within one recording are not independent recording replicates
S0,SYN-TEX,M1_innovation,real,cleanStatic,102,8,14.36713900699867,8-epoch block summary; blocks within one recording are not independent recording replicates
S0,SYN-TEX,M1_innovation,real,cleanStatic,103,8,14.170094553196533,8-epoch block summary; blocks within one recording are not independent recording replicates
S0,SYN-TEX,M1_innovation,real,cleanStatic,104,8,14.348452118146158,8-epoch block summary; blocks within one recording are not independent recording replicates
S0,SYN-TEX,M1_innovation,real,cleanStatic,105,8,14.504048202987612,8-epoch block summary; blocks within one recording are not independent recording replicates
S0,SYN-TEX,M1_innovation,real,cleanStatic,106,8,14.171945119661363,8-epoch block summary; blocks within one recording are not independent recording replicates
S0,SYN-TEX,M1_innovation,real,cleanStatic,107,8,14.37727634633885,8-epoch block summary; blocks within one recording are not independent recording replicates
S0,SYN-TEX,M1_innovation,real,cleanStatic,108,8,14.180871782699024,8-epoch block summary; blocks within one recording are not independent recording replicates
S0,SYN-TEX,M1_innovation,real,cleanStatic,109,8,14.098018990515401,8-epoch block summary; blocks within one recording are not independent recording replicates
S0,SYN-TEX,M1_innovation,real,cleanStatic,110,8,14.41005984889837,8-epoch block summary; blocks within one recording are not independent recording replicates
S0,SYN-TEX,M1_innovation,real,cleanStatic,111,8,14.092159477244975,8-epoch block summary; blocks within one recording are not independent recording replicates
S0,SYN-TEX,M1_innovation,real,cleanStatic,112,8,14.10104707953319,8-epoch block summary; blocks within one recording are not independent recording replicates
S0,SYN-TEX,M1_innovation,real,cleanStatic,113,8,13.869734166939441,8-epoch block summary; blocks within one recording are not independent recording replicates
S0,SYN-TEX,M1_innovation,real,cleanStatic,114,8,14.099833004316851,8-epoch block summary; blocks within one recording are not independent recording replicates
S0,SYN-TEX,M1_innovation,real,cleanStatic,115,8,14.045248528801498,8-epoch block summary; blocks within one recording are not independent recording replicates
S0,SYN-TEX,M1_innovation,real,cleanStatic,116,8,13.965548504279017,8-epoch block summary; blocks within one recording are not independent recording replicates
S0,SYN-TEX,M1_innovation,real,cleanStatic,117,8,13.77726273688718,8-epoch block summary; blocks within one recording are not independent recording replicates
S0,SYN-TEX,M1_innovation,real,cleanStatic,118,8,14.25123831410722,8-epoch block summary; blocks within one recording are not independent recording replicates
S0,SYN-TEX,M1_innovation,real,cleanStatic,119,8,14.387305086287084,8-epoch block summary; blocks within one recording are not independent recording replicates
S0,SYN-TEX,M1_innovation,real,cleanStatic,120,1,13.51141035155405,8-epoch block summary; blocks within one recording are not independent recording replicates
S1,SYN-TEX,B0_residual_9D,synthetic,syn-tex-r4-028,1,2,0.11249588097129172,8-epoch block summary; blocks within one recording are not independent recording replicates
S1,SYN-TEX,B0_residual_9D,synthetic,syn-tex-r4-028,2,15,0.1120087689796728,8-epoch block summary; blocks within one recording are not independent recording replicates
S1,SYN-TEX,B0_residual_9D,synthetic,syn-tex-r4-028,3,16,0.11507677168773359,8-epoch block summary; blocks within one recording are not independent recording replicates
S1,SYN-TEX,B0_residual_9D,synthetic,syn-tex-r4-028,4,24,0.2732330778261682,8-epoch block summary; blocks within one recording are not independent recording replicates
S1,SYN-TEX,B0_residual_9D,synthetic,syn-tex-r4-028,5,32,0.24636582184279307,8-epoch block summary; blocks within one recording are not independent recording replicates
S1,SYN-TEX,B0_residual_9D,synthetic,syn-tex-r4-028,6,39,0.31106789361627923,8-epoch block summary; blocks within one recording are not independent recording replicates
S1,SYN-TEX,B0_residual_9D,synthetic,syn-tex-r4-028,7,40,0.3069903969670077,8-epoch block summary; blocks within one recording are not independent recording replicates
S1,SYN-TEX,B0_residual_9D,synthetic,syn-tex-r4-028,8,32,0.26018445490926656,8-epoch block summary; blocks within one recording are not independent recording replicates
S1,SYN-TEX,B0_residual_9D,synthetic,syn-tex-r4-028,9,24,0.105101777596594,8-epoch block summary; blocks within one recording are not independent recording replicates
S1,SYN-TEX,B0_residual_9D,synthetic,syn-tex-r4-028,10,32,0.27030468891877224,8-epoch block summary; blocks within one recording are not independent recording replicates
S1,SYN-TEX,B0_residual_9D,synthetic,syn-tex-r4-028,11,32,0.2412565433259369,8-epoch block summary; blocks within one recording are not independent recording replicates
S1,SYN-TEX,B0_residual_9D,synthetic,syn-tex-r4-028,12,34,0.2684941331586508,8-epoch block summary; blocks within one recording are not independent recording replicates
S1,SYN-TEX,B0_residual_9D,synthetic,syn-tex-r4-028,13,40,0.3177371698153841,8-epoch block summary; blocks within one recording are not independent recording replicates
S1,SYN-TEX,B0_residual_9D,synthetic,syn-tex-r4-028,14,32,0.2586328068214393,8-epoch block summary; blocks within one recording are not independent recording replicates
S1,SYN-TEX,B0_residual_9D,synthetic,syn-tex-r4-028,15,26,0.17610737503056031,8-epoch block summary; blocks within one recording are not independent recording replicates
S1,SYN-TEX,B0_residual_9D,synthetic,syn-tex-r4-028,16,32,0.2914286588462658,8-epoch block summary; blocks within one recording are not independent recording replicates
S1,SYN-TEX,B0_residual_9D,synthetic,syn-tex-r4-028,17,32,0.2670177710431117,8-epoch block summary; blocks within one recording are not independent recording replicates
S1,SYN-TEX,B0_residual_9D,synthetic,syn-tex-r4-028,18,28,0.21236182828738712,8-epoch block summary; blocks within one recording are not independent recording replicates
S1,SYN-TEX,B0_residual_9D,synthetic,syn-tex-r4-028,19,32,0.2555683606521158,8-epoch block summary; blocks within one recording are not independent recording replicates
S1,SYN-TEX,B0_residual_9D,synthetic,syn-tex-r4-028,20,32,0.27356029188931436,8-epoch block summary; blocks within one recording are not independent recording replicates
S1,SYN-TEX,B0_residual_9D,synthetic,syn-tex-r4-028,21,35,0.28433537293989,8-epoch block summary; blocks within one recording are not independent recording replicates
S1,SYN-TEX,B0_residual_9D,synthetic,syn-tex-r4-028,22,47,0.3696975507077377,8-epoch block summary; blocks within one recording are not independent recording replicates
S1,SYN-TEX,B0_residual_9D,synthetic,syn-tex-r4-028,23,48,0.35735442207400714,8-epoch block summary; blocks within one recording are not independent recording replicates
S1,SYN-TEX,B0_residual_9D,synthetic,syn-tex-r4-028,24,41,0.31913836994385214,8-epoch block summary; blocks within one recording are not independent recording replicates
S1,SYN-TEX,B0_residual_9D,synthetic,syn-tex-r4-028,25,27,0.1889575034421866,8-epoch block summary; blocks within one recording are not independent recording replicates
S1,SYN-TEX,B0_residual_9D,synthetic,syn-tex-r4-028,26,24,0.0995294744457505,8-epoch block summary; blocks within one recording are not independent recording replicates
S1,SYN-TEX,B0_residual_9D,synthetic,syn-tex-r4-028,27,32,0.26875158935059124,8-epoch block summary; blocks within one recording are not independent recording replicates
S1,SYN-TEX,B0_residual_9D,synthetic,syn-tex-r4-028,28,43,0.33922892209517946,8-epoch block summary; blocks within one recording are not independent recording replicates
S1,SYN-TEX,B0_residual_9D,synthetic,syn-tex-r4-028,29,42,0.35509618224977063,8-epoch block summary; blocks within one recording are not independent recording replicates
S1,SYN-TEX,B0_residual_9D,synthetic,syn-tex-r4-029,1,6,0.11859575096438534,8-epoch block summary; blocks within one recording are not independent recording replicates
S1,SYN-TEX,B0_residual_9D,synthetic,syn-tex-r4-029,2,16,0.11933807215325769,8-epoch block summary; blocks within one recording are not independent recording replicates
S1,SYN-TEX,B0_residual_9D,synthetic,syn-tex-r4-029,3,30,0.26648255532244935,8-epoch block summary; blocks within one recording are not independent recording replicates
S1,SYN-TEX,B0_residual_9D,synthetic,syn-tex-r4-029,4,32,0.25805728505981956,8-epoch block summary; blocks within one recording are not independent recording replicates
S1,SYN-TEX,B0_residual_9D,synthetic,syn-tex-r4-029,5,35,0.27540373025938253,8-epoch block summary; blocks within one recording are not independent recording replicates
S1,SYN-TEX,B0_residual_9D,synthetic,syn-tex-r4-029,6,40,0.33410572295114366,8-epoch block summary; blocks within one recording are not independent recording replicates
S1,SYN-TEX,B0_residual_9D,synthetic,syn-tex-r4-029,7,34,0.27579787773958464,8-epoch block summary; blocks within one recording are not independent recording replicates
S1,SYN-TEX,B0_residual_9D,synthetic,syn-tex-r4-029,8,25,0.14348833341773165,8-epoch block summary; blocks within one recording are not independent recording replicates
S1,SYN-TEX,B0_residual_9D,synthetic,syn-tex-r4-029,9,31,0.24692449476774933,8-epoch block summary; blocks within one recording are not independent recording replicates
S1,SYN-TEX,B0_residual_9D,synthetic,syn-tex-r4-029,10,32,0.26029527217215975,8-epoch block summary; blocks within one recording are not independent recording replicates
S1,SYN-TEX,B0_residual_9D,synthetic,syn-tex-r4-029,11,27,0.2086117321820596,8-epoch block summary; blocks within one recording are not independent recording replicates
S1,SYN-TEX,B0_residual_9D,synthetic,syn-tex-r4-029,12,24,0.1126297451613947,8-epoch block summary; blocks within one recording are not independent recording replicates
S1,SYN-TEX,B0_residual_9D,synthetic,syn-tex-r4-029,13,28,0.22433203418943812,8-epoch block summary; blocks within one recording are not independent recording replicates
S1,SYN-TEX,B0_residual_9D,synthetic,syn-tex-r4-029,14,32,0.2559426373157067,8-epoch block summary; blocks within one recording are not independent recording replicates
S1,SYN-TEX,B0_residual_9D,synthetic,syn-tex-r4-029,15,30,0.24402811376079145,8-epoch block summary; blocks within one recording are not independent recording replicates
S1,SYN-TEX,B0_residual_9D,synthetic,syn-tex-r4-029,16,24,0.11126141840428572,8-epoch block summary; blocks within one recording are not independent recording replicates
S1,SYN-TEX,B0_residual_9D,synthetic,syn-tex-r4-029,17,24,0.11333241694565596,8-epoch block summary; blocks within one recording are not independent recording replicates
S1,SYN-TEX,B0_residual_9D,synthetic,syn-tex-r4-029,18,24,0.11298350138032692,8-epoch block summary; blocks within one recording are not independent recording replicates
S1,SYN-TEX,B0_residual_9D,synthetic,syn-tex-r4-029,19,24,0.11005445944197982,8-epoch block summary; blocks within one recording are not independent recording replicates
S1,SYN-TEX,B0_residual_9D,synthetic,syn-tex-r4-029,20,24,0.11209573585208724,8-epoch block summary; blocks within one recording are not independent recording replicates
S1,SYN-TEX,B0_residual_9D,synthetic,syn-tex-r4-029,21,31,0.2532119027470279,8-epoch block summary; blocks within one recording are not independent recording replicates
S1,SYN-TEX,B0_residual_9D,synthetic,syn-tex-r4-029,22,34,0.2779148307913022,8-epoch block summary; blocks within one recording are not independent recording replicates
S1,SYN-TEX,B0_residual_9D,synthetic,syn-tex-r4-029,23,35,0.285170796327209,8-epoch block summary; blocks within one recording are not independent recording replicates
S1,SYN-TEX,B0_residual_9D,synthetic,syn-tex-r4-029,24,32,0.26271818068427405,8-epoch block summary; blocks within one recording are not independent recording replicates
S1,SYN-TEX,B0_residual_9D,synthetic,syn-tex-r4-029,25,34,0.2998892224371383,8-epoch block summary; blocks within one recording are not independent recording replicates
S1,SYN-TEX,B0_residual_9D,synthetic,syn-tex-r4-029,26,40,0.3275275913641985,8-epoch block summary; blocks within one recording are not independent recording replicates
S1,SYN-TEX,B0_residual_9D,synthetic,syn-tex-r4-029,27,34,0.27374759062548865,8-epoch block summary; blocks within one recording are not independent recording replicates
S1,SYN-TEX,B0_residual_9D,synthetic,syn-tex-r4-029,28,24,0.11206471321371288,8-epoch block summary; blocks within one recording are not independent recording replicates
S1,SYN-TEX,B0_residual_9D,synthetic,syn-tex-r4-029,29,21,0.11362871160631974,8-epoch block summary; blocks within one recording are not independent recording replicates
S1,SYN-TEX,B0_residual_9D,synthetic,syn-tex-r4-030,1,6,0.11754635579765255,8-epoch block summary; blocks within one recording are not independent recording replicates
S1,SYN-TEX,B0_residual_9D,synthetic,syn-tex-r4-030,2,32,0.1110303589674428,8-epoch block summary; blocks within one recording are not independent recording replicates
S1,SYN-TEX,B0_residual_9D,synthetic,syn-tex-r4-030,3,40,0.10916140379770145,8-epoch block summary; blocks within one recording are not independent recording replicates
S1,SYN-TEX,B0_residual_9D,synthetic,syn-tex-r4-030,4,44,0.1051689658610537,8-epoch block summary; blocks within one recording are not independent recording replicates
S1,SYN-TEX,B0_residual_9D,synthetic,syn-tex-r4-030,5,49,0.15215689515857878,8-epoch block summary; blocks within one recording are not independent recording replicates
S1,SYN-TEX,B0_residual_9D,synthetic,syn-tex-r4-030,6,54,0.2597238018571661,8-epoch block summary; blocks within one recording are not independent recording replicates
S1,SYN-TEX,B0_residual_9D,synthetic,syn-tex-r4-030,7,55,0.2475171408841372,8-epoch block summary; blocks within one recording are not independent recording replicates
S1,SYN-TEX,B0_residual_9D,synthetic,syn-tex-r4-030,8,56,0.26605405387651404,8-epoch block summary; blocks within one recording are not independent recording replicates
S1,SYN-TEX,B0_residual_9D,synthetic,syn-tex-r4-030,9,59,0.22625288487347725,8-epoch block summary; blocks within one recording are not independent recording replicates
S1,SYN-TEX,B0_residual_9D,synthetic,syn-tex-r4-030,10,51,0.1453977140676906,8-epoch block summary; blocks within one recording are not independent recording replicates
S1,SYN-TEX,B0_residual_9D,synthetic,syn-tex-r4-030,11,48,0.10253672518803784,8-epoch block summary; blocks within one recording are not independent recording replicates
S1,SYN-TEX,B0_residual_9D,synthetic,syn-tex-r4-030,12,48,0.1078640179730193,8-epoch block summary; blocks within one recording are not independent recording replicates
S1,SYN-TEX,B0_residual_9D,synthetic,syn-tex-r4-030,13,48,0.10570488528673412,8-epoch block summary; blocks within one recording are not independent recording replicates
S1,SYN-TEX,B0_residual_9D,synthetic,syn-tex-r4-030,14,48,0.10935613481949454,8-epoch block summary; blocks within one recording are not independent recording replicates
S1,SYN-TEX,B0_residual_9D,synthetic,syn-tex-r4-030,15,48,0.10735106262608385,8-epoch block summary; blocks within one recording are not independent recording replicates
S1,SYN-TEX,B0_residual_9D,synthetic,syn-tex-r4-030,16,48,0.10703710034781726,8-epoch block summary; blocks within one recording are not independent recording replicates
S1,SYN-TEX,B0_residual_9D,synthetic,syn-tex-r4-030,17,48,0.10942651673700214,8-epoch block summary; blocks within one recording are not independent recording replicates
S1,SYN-TEX,B0_residual_9D,synthetic,syn-tex-r4-030,18,50,0.13465789845628137,8-epoch block summary; blocks within one recording are not independent recording replicates
S1,SYN-TEX,B0_residual_9D,synthetic,syn-tex-r4-030,19,56,0.20368555428777804,8-epoch block summary; blocks within one recording are not independent recording replicates
S1,SYN-TEX,B0_residual_9D,synthetic,syn-tex-r4-030,20,56,0.20400896060357976,8-epoch block summary; blocks within one recording are not independent recording replicates
S1,SYN-TEX,B0_residual_9D,synthetic,syn-tex-r4-030,21,48,0.10730235720127167,8-epoch block summary; blocks within one recording are not independent recording replicates
S1,SYN-TEX,B0_residual_9D,synthetic,syn-tex-r4-030,22,48,0.1070388754994798,8-epoch block summary; blocks within one recording are not independent recording replicates
S1,SYN-TEX,B0_residual_9D,synthetic,syn-tex-r4-030,23,55,0.2065904122539934,8-epoch block summary; blocks within one recording are not independent recording replicates
S1,SYN-TEX,B0_residual_9D,synthetic,syn-tex-r4-030,24,56,0.24629206287253935,8-epoch block summary; blocks within one recording are not independent recording replicates
S1,SYN-TEX,B0_residual_9D,synthetic,syn-tex-r4-030,25,51,0.15555305219597151,8-epoch block summary; blocks within one recording are not independent recording replicates
S1,SYN-TEX,B0_residual_9D,synthetic,syn-tex-r4-030,26,48,0.10866683763658151,8-epoch block summary; blocks within one recording are not independent recording replicates
S1,SYN-TEX,B0_residual_9D,synthetic,syn-tex-r4-030,27,52,0.1084126151260139,8-epoch block summary; blocks within one recording are not independent recording replicates
S1,SYN-TEX,B0_residual_9D,synthetic,syn-tex-r4-030,28,56,0.10755331208248035,8-epoch block summary; blocks within one recording are not independent recording replicates
S1,SYN-TEX,B0_residual_9D,synthetic,syn-tex-r4-030,29,51,0.10834706175637981,8-epoch block summary; blocks within one recording are not independent recording replicates
S1,SYN-TEX,B0_residual_9D,real,cleanStatic,85,88,0.17645150090061576,8-epoch block summary; blocks within one recording are not independent recording replicates
S1,SYN-TEX,B0_residual_9D,real,cleanStatic,86,88,0.18048672033040936,8-epoch block summary; blocks within one recording are not independent recording replicates
S1,SYN-TEX,B0_residual_9D,real,cleanStatic,87,88,0.18489443750277246,8-epoch block summary; blocks within one recording are not independent recording replicates
S1,SYN-TEX,B0_residual_9D,real,cleanStatic,88,86,0.16619901077669152,8-epoch block summary; blocks within one recording are not independent recording replicates
S1,SYN-TEX,B0_residual_9D,real,cleanStatic,89,80,0.1211136554003266,8-epoch block summary; blocks within one recording are not independent recording replicates
S1,SYN-TEX,B0_residual_9D,real,cleanStatic,90,80,0.12416179633919588,8-epoch block summary; blocks within one recording are not independent recording replicates
S1,SYN-TEX,B0_residual_9D,real,cleanStatic,91,83,0.14357298328237644,8-epoch block summary; blocks within one recording are not independent recording replicates
S1,SYN-TEX,B0_residual_9D,real,cleanStatic,92,88,0.1809797725470833,8-epoch block summary; blocks within one recording are not independent recording replicates
S1,SYN-TEX,B0_residual_9D,real,cleanStatic,93,88,0.17321871255373286,8-epoch block summary; blocks within one recording are not independent recording replicates
S1,SYN-TEX,B0_residual_9D,real,cleanStatic,94,82,0.13156683576798978,8-epoch block summary; blocks within one recording are not independent recording replicates
S1,SYN-TEX,B0_residual_9D,real,cleanStatic,95,80,0.1231907951474213,8-epoch block summary; blocks within one recording are not independent recording replicates
S1,SYN-TEX,B0_residual_9D,real,cleanStatic,96,80,0.12609328430947933,8-epoch block summary; blocks within one recording are not independent recording replicates
S1,SYN-TEX,B0_residual_9D,real,cleanStatic,97,80,0.12370173590254425,8-epoch block summary; blocks within one recording are not independent recording replicates
S1,SYN-TEX,B0_residual_9D,real,cleanStatic,98,80,0.12437619834242693,8-epoch block summary; blocks within one recording are not independent recording replicates
S1,SYN-TEX,B0_residual_9D,real,cleanStatic,99,80,0.1260851366221998,8-epoch block summary; blocks within one recording are not independent recording replicates
S1,SYN-TEX,B0_residual_9D,real,cleanStatic,100,82,0.12916999526055067,8-epoch block summary; blocks within one recording are not independent recording replicates
S1,SYN-TEX,B0_residual_9D,real,cleanStatic,101,88,0.12818486807894042,8-epoch block summary; blocks within one recording are not independent recording replicates
S1,SYN-TEX,B0_residual_9D,real,cleanStatic,102,88,0.1256623350026049,8-epoch block summary; blocks within one recording are not independent recording replicates
S1,SYN-TEX,B0_residual_9D,real,cleanStatic,103,88,0.12383320445233756,8-epoch block summary; blocks within one recording are not independent recording replicates
S1,SYN-TEX,B0_residual_9D,real,cleanStatic,104,88,0.12459979035441379,8-epoch block summary; blocks within one recording are not independent recording replicates
S1,SYN-TEX,B0_residual_9D,real,cleanStatic,105,88,0.12182894658705436,8-epoch block summary; blocks within one recording are not independent recording replicates
S1,SYN-TEX,B0_residual_9D,real,cleanStatic,106,88,0.12477729634967262,8-epoch block summary; blocks within one recording are not independent recording replicates
S1,SYN-TEX,B0_residual_9D,real,cleanStatic,107,88,0.12344502513433148,8-epoch block summary; blocks within one recording are not independent recording replicates
S1,SYN-TEX,B0_residual_9D,real,cleanStatic,108,88,0.12456083486127008,8-epoch block summary; blocks within one recording are not independent recording replicates
S1,SYN-TEX,B0_residual_9D,real,cleanStatic,109,88,0.1255180804346529,8-epoch block summary; blocks within one recording are not independent recording replicates
S1,SYN-TEX,B0_residual_9D,real,cleanStatic,110,88,0.1259960896654371,8-epoch block summary; blocks within one recording are not independent recording replicates
S1,SYN-TEX,B0_residual_9D,real,cleanStatic,111,88,0.12605551699129186,8-epoch block summary; blocks within one recording are not independent recording replicates
S1,SYN-TEX,B0_residual_9D,real,cleanStatic,112,88,0.12499442897707158,8-epoch block summary; blocks within one recording are not independent recording replicates
S1,SYN-TEX,B0_residual_9D,real,cleanStatic,113,88,0.12280566343130377,8-epoch block summary; blocks within one recording are not independent recording replicates
S1,SYN-TEX,B0_residual_9D,real,cleanStatic,114,88,0.12278121501567033,8-epoch block summary; blocks within one recording are not independent recording replicates
S1,SYN-TEX,B0_residual_9D,real,cleanStatic,115,88,0.12317268919601741,8-epoch block summary; blocks within one recording are not independent recording replicates
S1,SYN-TEX,B0_residual_9D,real,cleanStatic,116,88,0.12454138682457426,8-epoch block summary; blocks within one recording are not independent recording replicates
S1,SYN-TEX,B0_residual_9D,real,cleanStatic,117,88,0.122020617862297,8-epoch block summary; blocks within one recording are not independent recording replicates
S1,SYN-TEX,B0_residual_9D,real,cleanStatic,118,88,0.1203555872813351,8-epoch block summary; blocks within one recording are not independent recording replicates
S1,SYN-TEX,B0_residual_9D,real,cleanStatic,119,88,0.12431233784368839,8-epoch block summary; blocks within one recording are not independent recording replicates
S1,SYN-TEX,B0_residual_9D,real,cleanStatic,120,11,0.12362022632671904,8-epoch block summary; blocks within one recording are not independent recording replicates
S1,SYN-TEX,M1_innovation,synthetic,syn-tex-r4-028,1,2,1.6556308988974076,8-epoch block summary; blocks within one recording are not independent recording replicates
S1,SYN-TEX,M1_innovation,synthetic,syn-tex-r4-028,2,8,1.8022481816710099,8-epoch block summary; blocks within one recording are not independent recording replicates
S1,SYN-TEX,M1_innovation,synthetic,syn-tex-r4-028,3,8,1.6986396145900025,8-epoch block summary; blocks within one recording are not independent recording replicates
S1,SYN-TEX,M1_innovation,synthetic,syn-tex-r4-028,4,8,1.9943269763089546,8-epoch block summary; blocks within one recording are not independent recording replicates
S1,SYN-TEX,M1_innovation,synthetic,syn-tex-r4-028,5,8,1.8788367273429436,8-epoch block summary; blocks within one recording are not independent recording replicates
S1,SYN-TEX,M1_innovation,synthetic,syn-tex-r4-028,6,8,1.7477201502835442,8-epoch block summary; blocks within one recording are not independent recording replicates
S1,SYN-TEX,M1_innovation,synthetic,syn-tex-r4-028,7,8,1.933184840252038,8-epoch block summary; blocks within one recording are not independent recording replicates
S1,SYN-TEX,M1_innovation,synthetic,syn-tex-r4-028,8,8,1.5597930066414976,8-epoch block summary; blocks within one recording are not independent recording replicates
S1,SYN-TEX,M1_innovation,synthetic,syn-tex-r4-028,9,8,1.7909704747357995,8-epoch block summary; blocks within one recording are not independent recording replicates
S1,SYN-TEX,M1_innovation,synthetic,syn-tex-r4-028,10,8,1.866539717843503,8-epoch block summary; blocks within one recording are not independent recording replicates
S1,SYN-TEX,M1_innovation,synthetic,syn-tex-r4-028,11,8,1.8908038735565393,8-epoch block summary; blocks within one recording are not independent recording replicates
S1,SYN-TEX,M1_innovation,synthetic,syn-tex-r4-028,12,8,1.918789796495122,8-epoch block summary; blocks within one recording are not independent recording replicates
S1,SYN-TEX,M1_innovation,synthetic,syn-tex-r4-028,13,8,1.8145074567635826,8-epoch block summary; blocks within one recording are not independent recording replicates
S1,SYN-TEX,M1_innovation,synthetic,syn-tex-r4-028,14,8,1.986102765022458,8-epoch block summary; blocks within one recording are not independent recording replicates
S1,SYN-TEX,M1_innovation,synthetic,syn-tex-r4-028,15,8,1.6903629778242293,8-epoch block summary; blocks within one recording are not independent recording replicates
S1,SYN-TEX,M1_innovation,synthetic,syn-tex-r4-028,16,8,1.964204350258538,8-epoch block summary; blocks within one recording are not independent recording replicates
S1,SYN-TEX,M1_innovation,synthetic,syn-tex-r4-028,17,8,1.8629293213989573,8-epoch block summary; blocks within one recording are not independent recording replicates
S1,SYN-TEX,M1_innovation,synthetic,syn-tex-r4-028,18,8,1.8301237661075873,8-epoch block summary; blocks within one recording are not independent recording replicates
S1,SYN-TEX,M1_innovation,synthetic,syn-tex-r4-028,19,8,1.735318525590224,8-epoch block summary; blocks within one recording are not independent recording replicates
S1,SYN-TEX,M1_innovation,synthetic,syn-tex-r4-028,20,8,2.147222668287638,8-epoch block summary; blocks within one recording are not independent recording replicates
S1,SYN-TEX,M1_innovation,synthetic,syn-tex-r4-028,21,8,1.817210743056194,8-epoch block summary; blocks within one recording are not independent recording replicates
S1,SYN-TEX,M1_innovation,synthetic,syn-tex-r4-028,22,8,1.6788895714917427,8-epoch block summary; blocks within one recording are not independent recording replicates
S1,SYN-TEX,M1_innovation,synthetic,syn-tex-r4-028,23,8,1.8691206342254603,8-epoch block summary; blocks within one recording are not independent recording replicates
S1,SYN-TEX,M1_innovation,synthetic,syn-tex-r4-028,24,8,2.0829532229322965,8-epoch block summary; blocks within one recording are not independent recording replicates
S1,SYN-TEX,M1_innovation,synthetic,syn-tex-r4-028,25,8,1.92716771327795,8-epoch block summary; blocks within one recording are not independent recording replicates
S1,SYN-TEX,M1_innovation,synthetic,syn-tex-r4-028,26,8,1.8137628181216605,8-epoch block summary; blocks within one recording are not independent recording replicates
S1,SYN-TEX,M1_innovation,synthetic,syn-tex-r4-028,27,8,1.8454606328800385,8-epoch block summary; blocks within one recording are not independent recording replicates
S1,SYN-TEX,M1_innovation,synthetic,syn-tex-r4-028,28,8,1.8371719895025558,8-epoch block summary; blocks within one recording are not independent recording replicates
S1,SYN-TEX,M1_innovation,synthetic,syn-tex-r4-028,29,8,1.7151566222428676,8-epoch block summary; blocks within one recording are not independent recording replicates
S1,SYN-TEX,M1_innovation,synthetic,syn-tex-r4-029,1,3,2.629017955992251,8-epoch block summary; blocks within one recording are not independent recording replicates
S1,SYN-TEX,M1_innovation,synthetic,syn-tex-r4-029,2,8,2.4552646237722437,8-epoch block summary; blocks within one recording are not independent recording replicates
S1,SYN-TEX,M1_innovation,synthetic,syn-tex-r4-029,3,8,2.188990234088445,8-epoch block summary; blocks within one recording are not independent recording replicates
S1,SYN-TEX,M1_innovation,synthetic,syn-tex-r4-029,4,8,2.4186858507391427,8-epoch block summary; blocks within one recording are not independent recording replicates
S1,SYN-TEX,M1_innovation,synthetic,syn-tex-r4-029,5,8,2.298086518891434,8-epoch block summary; blocks within one recording are not independent recording replicates
S1,SYN-TEX,M1_innovation,synthetic,syn-tex-r4-029,6,8,2.382097257870161,8-epoch block summary; blocks within one recording are not independent recording replicates
S1,SYN-TEX,M1_innovation,synthetic,syn-tex-r4-029,7,8,2.128953598222502,8-epoch block summary; blocks within one recording are not independent recording replicates
S1,SYN-TEX,M1_innovation,synthetic,syn-tex-r4-029,8,8,2.2466732716555686,8-epoch block summary; blocks within one recording are not independent recording replicates
S1,SYN-TEX,M1_innovation,synthetic,syn-tex-r4-029,9,8,2.3525305923588307,8-epoch block summary; blocks within one recording are not independent recording replicates
S1,SYN-TEX,M1_innovation,synthetic,syn-tex-r4-029,10,8,2.0118017170648277,8-epoch block summary; blocks within one recording are not independent recording replicates
S1,SYN-TEX,M1_innovation,synthetic,syn-tex-r4-029,11,8,2.6068346396109043,8-epoch block summary; blocks within one recording are not independent recording replicates
S1,SYN-TEX,M1_innovation,synthetic,syn-tex-r4-029,12,8,2.257211916726715,8-epoch block summary; blocks within one recording are not independent recording replicates
S1,SYN-TEX,M1_innovation,synthetic,syn-tex-r4-029,13,8,2.1558997546896674,8-epoch block summary; blocks within one recording are not independent recording replicates
S1,SYN-TEX,M1_innovation,synthetic,syn-tex-r4-029,14,8,2.415375600626373,8-epoch block summary; blocks within one recording are not independent recording replicates
S1,SYN-TEX,M1_innovation,synthetic,syn-tex-r4-029,15,8,2.4874417522441745,8-epoch block summary; blocks within one recording are not independent recording replicates
S1,SYN-TEX,M1_innovation,synthetic,syn-tex-r4-029,16,8,2.273059638715944,8-epoch block summary; blocks within one recording are not independent recording replicates
S1,SYN-TEX,M1_innovation,synthetic,syn-tex-r4-029,17,8,2.3495662301789655,8-epoch block summary; blocks within one recording are not independent recording replicates
S1,SYN-TEX,M1_innovation,synthetic,syn-tex-r4-029,18,8,2.5044606980267567,8-epoch block summary; blocks within one recording are not independent recording replicates
S1,SYN-TEX,M1_innovation,synthetic,syn-tex-r4-029,19,8,2.335261512299719,8-epoch block summary; blocks within one recording are not independent recording replicates
S1,SYN-TEX,M1_innovation,synthetic,syn-tex-r4-029,20,8,2.403825431651805,8-epoch block summary; blocks within one recording are not independent recording replicates
S1,SYN-TEX,M1_innovation,synthetic,syn-tex-r4-029,21,8,2.3626876363898943,8-epoch block summary; blocks within one recording are not independent recording replicates
S1,SYN-TEX,M1_innovation,synthetic,syn-tex-r4-029,22,8,2.2831142768544646,8-epoch block summary; blocks within one recording are not independent recording replicates
S1,SYN-TEX,M1_innovation,synthetic,syn-tex-r4-029,23,8,2.4622798886378368,8-epoch block summary; blocks within one recording are not independent recording replicates
S1,SYN-TEX,M1_innovation,synthetic,syn-tex-r4-029,24,8,2.513548826040086,8-epoch block summary; blocks within one recording are not independent recording replicates
S1,SYN-TEX,M1_innovation,synthetic,syn-tex-r4-029,25,8,2.2151272356385108,8-epoch block summary; blocks within one recording are not independent recording replicates
S1,SYN-TEX,M1_innovation,synthetic,syn-tex-r4-029,26,8,2.4646495730618905,8-epoch block summary; blocks within one recording are not independent recording replicates
S1,SYN-TEX,M1_innovation,synthetic,syn-tex-r4-029,27,8,2.4685750503068484,8-epoch block summary; blocks within one recording are not independent recording replicates
S1,SYN-TEX,M1_innovation,synthetic,syn-tex-r4-029,28,8,2.5300942678223484,8-epoch block summary; blocks within one recording are not independent recording replicates
S1,SYN-TEX,M1_innovation,synthetic,syn-tex-r4-029,29,7,1.9565286467220966,8-epoch block summary; blocks within one recording are not independent recording replicates
S1,SYN-TEX,M1_innovation,synthetic,syn-tex-r4-030,1,3,1.671142749568397,8-epoch block summary; blocks within one recording are not independent recording replicates
S1,SYN-TEX,M1_innovation,synthetic,syn-tex-r4-030,2,8,1.3477505527615854,8-epoch block summary; blocks within one recording are not independent recording replicates
S1,SYN-TEX,M1_innovation,synthetic,syn-tex-r4-030,3,8,1.546890319350597,8-epoch block summary; blocks within one recording are not independent recording replicates
S1,SYN-TEX,M1_innovation,synthetic,syn-tex-r4-030,4,8,1.4264494251203164,8-epoch block summary; blocks within one recording are not independent recording replicates
S1,SYN-TEX,M1_innovation,synthetic,syn-tex-r4-030,5,8,1.6679879735317562,8-epoch block summary; blocks within one recording are not independent recording replicates
S1,SYN-TEX,M1_innovation,synthetic,syn-tex-r4-030,6,8,1.7828930426974385,8-epoch block summary; blocks within one recording are not independent recording replicates
S1,SYN-TEX,M1_innovation,synthetic,syn-tex-r4-030,7,8,1.4612978229809634,8-epoch block summary; blocks within one recording are not independent recording replicates
S1,SYN-TEX,M1_innovation,synthetic,syn-tex-r4-030,8,8,1.4016002094108717,8-epoch block summary; blocks within one recording are not independent recording replicates
S1,SYN-TEX,M1_innovation,synthetic,syn-tex-r4-030,9,8,1.6655238087426993,8-epoch block summary; blocks within one recording are not independent recording replicates
S1,SYN-TEX,M1_innovation,synthetic,syn-tex-r4-030,10,8,1.5647951525394068,8-epoch block summary; blocks within one recording are not independent recording replicates
S1,SYN-TEX,M1_innovation,synthetic,syn-tex-r4-030,11,8,1.4814803115046404,8-epoch block summary; blocks within one recording are not independent recording replicates
S1,SYN-TEX,M1_innovation,synthetic,syn-tex-r4-030,12,8,1.329629309689704,8-epoch block summary; blocks within one recording are not independent recording replicates
S1,SYN-TEX,M1_innovation,synthetic,syn-tex-r4-030,13,8,1.7908279328049896,8-epoch block summary; blocks within one recording are not independent recording replicates
S1,SYN-TEX,M1_innovation,synthetic,syn-tex-r4-030,14,8,1.7369472858710333,8-epoch block summary; blocks within one recording are not independent recording replicates
S1,SYN-TEX,M1_innovation,synthetic,syn-tex-r4-030,15,8,1.5003356297650798,8-epoch block summary; blocks within one recording are not independent recording replicates
S1,SYN-TEX,M1_innovation,synthetic,syn-tex-r4-030,16,8,1.6619289650138769,8-epoch block summary; blocks within one recording are not independent recording replicates
S1,SYN-TEX,M1_innovation,synthetic,syn-tex-r4-030,17,8,1.3574902609931576,8-epoch block summary; blocks within one recording are not independent recording replicates
S1,SYN-TEX,M1_innovation,synthetic,syn-tex-r4-030,18,8,1.7270697940305348,8-epoch block summary; blocks within one recording are not independent recording replicates
S1,SYN-TEX,M1_innovation,synthetic,syn-tex-r4-030,19,8,1.3834133596104108,8-epoch block summary; blocks within one recording are not independent recording replicates
S1,SYN-TEX,M1_innovation,synthetic,syn-tex-r4-030,20,8,1.5560109082156321,8-epoch block summary; blocks within one recording are not independent recording replicates
S1,SYN-TEX,M1_innovation,synthetic,syn-tex-r4-030,21,8,1.48193742750779,8-epoch block summary; blocks within one recording are not independent recording replicates
S1,SYN-TEX,M1_innovation,synthetic,syn-tex-r4-030,22,8,1.5424084835573684,8-epoch block summary; blocks within one recording are not independent recording replicates
S1,SYN-TEX,M1_innovation,synthetic,syn-tex-r4-030,23,8,1.761114831224162,8-epoch block summary; blocks within one recording are not independent recording replicates
S1,SYN-TEX,M1_innovation,synthetic,syn-tex-r4-030,24,8,1.8396058159893176,8-epoch block summary; blocks within one recording are not independent recording replicates
S1,SYN-TEX,M1_innovation,synthetic,syn-tex-r4-030,25,8,1.536809801020687,8-epoch block summary; blocks within one recording are not independent recording replicates
S1,SYN-TEX,M1_innovation,synthetic,syn-tex-r4-030,26,8,1.1533836345252653,8-epoch block summary; blocks within one recording are not independent recording replicates
S1,SYN-TEX,M1_innovation,synthetic,syn-tex-r4-030,27,8,1.649855056715772,8-epoch block summary; blocks within one recording are not independent recording replicates
S1,SYN-TEX,M1_innovation,synthetic,syn-tex-r4-030,28,8,1.4561539370851917,8-epoch block summary; blocks within one recording are not independent recording replicates
S1,SYN-TEX,M1_innovation,synthetic,syn-tex-r4-030,29,8,1.4941825167549716,8-epoch block summary; blocks within one recording are not independent recording replicates
S1,SYN-TEX,M1_innovation,real,cleanStatic,85,8,2.2149452537899106,8-epoch block summary; blocks within one recording are not independent recording replicates
S1,SYN-TEX,M1_innovation,real,cleanStatic,86,8,2.447740234015115,8-epoch block summary; blocks within one recording are not independent recording replicates
S1,SYN-TEX,M1_innovation,real,cleanStatic,87,8,3.053724954616881,8-epoch block summary; blocks within one recording are not independent recording replicates
S1,SYN-TEX,M1_innovation,real,cleanStatic,88,8,2.2385228620876143,8-epoch block summary; blocks within one recording are not independent recording replicates
S1,SYN-TEX,M1_innovation,real,cleanStatic,89,8,2.6180217954639184,8-epoch block summary; blocks within one recording are not independent recording replicates
S1,SYN-TEX,M1_innovation,real,cleanStatic,90,8,2.0544671087341015,8-epoch block summary; blocks within one recording are not independent recording replicates
S1,SYN-TEX,M1_innovation,real,cleanStatic,91,8,2.3919605201204193,8-epoch block summary; blocks within one recording are not independent recording replicates
S1,SYN-TEX,M1_innovation,real,cleanStatic,92,8,2.4906008217187185,8-epoch block summary; blocks within one recording are not independent recording replicates
S1,SYN-TEX,M1_innovation,real,cleanStatic,93,8,2.294432690194199,8-epoch block summary; blocks within one recording are not independent recording replicates
S1,SYN-TEX,M1_innovation,real,cleanStatic,94,8,1.7244256394196649,8-epoch block summary; blocks within one recording are not independent recording replicates
S1,SYN-TEX,M1_innovation,real,cleanStatic,95,8,1.9837815992262096,8-epoch block summary; blocks within one recording are not independent recording replicates
S1,SYN-TEX,M1_innovation,real,cleanStatic,96,8,2.1778777671246727,8-epoch block summary; blocks within one recording are not independent recording replicates
S1,SYN-TEX,M1_innovation,real,cleanStatic,97,8,1.8608027851424982,8-epoch block summary; blocks within one recording are not independent recording replicates
S1,SYN-TEX,M1_innovation,real,cleanStatic,98,8,2.6279838605886856,8-epoch block summary; blocks within one recording are not independent recording replicates
S1,SYN-TEX,M1_innovation,real,cleanStatic,99,8,1.8945912787711758,8-epoch block summary; blocks within one recording are not independent recording replicates
S1,SYN-TEX,M1_innovation,real,cleanStatic,100,8,2.2975202537118093,8-epoch block summary; blocks within one recording are not independent recording replicates
S1,SYN-TEX,M1_innovation,real,cleanStatic,101,8,1.483025778993873,8-epoch block summary; blocks within one recording are not independent recording replicates
S1,SYN-TEX,M1_innovation,real,cleanStatic,102,8,2.490929079141031,8-epoch block summary; blocks within one recording are not independent recording replicates
S1,SYN-TEX,M1_innovation,real,cleanStatic,103,8,2.0898868598554503,8-epoch block summary; blocks within one recording are not independent recording replicates
S1,SYN-TEX,M1_innovation,real,cleanStatic,104,8,1.7764928365837078,8-epoch block summary; blocks within one recording are not independent recording replicates
S1,SYN-TEX,M1_innovation,real,cleanStatic,105,8,2.0074878308213573,8-epoch block summary; blocks within one recording are not independent recording replicates
S1,SYN-TEX,M1_innovation,real,cleanStatic,106,8,1.8862861870707093,8-epoch block summary; blocks within one recording are not independent recording replicates
S1,SYN-TEX,M1_innovation,real,cleanStatic,107,8,2.355562484735474,8-epoch block summary; blocks within one recording are not independent recording replicates
S1,SYN-TEX,M1_innovation,real,cleanStatic,108,8,2.080253389256767,8-epoch block summary; blocks within one recording are not independent recording replicates
S1,SYN-TEX,M1_innovation,real,cleanStatic,109,8,2.423026607686685,8-epoch block summary; blocks within one recording are not independent recording replicates
S1,SYN-TEX,M1_innovation,real,cleanStatic,110,8,2.2704656530003855,8-epoch block summary; blocks within one recording are not independent recording replicates
S1,SYN-TEX,M1_innovation,real,cleanStatic,111,8,2.0848610032412234,8-epoch block summary; blocks within one recording are not independent recording replicates
S1,SYN-TEX,M1_innovation,real,cleanStatic,112,8,1.9919886934552469,8-epoch block summary; blocks within one recording are not independent recording replicates
S1,SYN-TEX,M1_innovation,real,cleanStatic,113,8,1.5537568408085227,8-epoch block summary; blocks within one recording are not independent recording replicates
S1,SYN-TEX,M1_innovation,real,cleanStatic,114,8,1.7230578727172348,8-epoch block summary; blocks within one recording are not independent recording replicates
S1,SYN-TEX,M1_innovation,real,cleanStatic,115,8,2.1529148704500027,8-epoch block summary; blocks within one recording are not independent recording replicates
S1,SYN-TEX,M1_innovation,real,cleanStatic,116,8,2.3637544288249415,8-epoch block summary; blocks within one recording are not independent recording replicates
S1,SYN-TEX,M1_innovation,real,cleanStatic,117,8,1.8723336446711956,8-epoch block summary; blocks within one recording are not independent recording replicates
S1,SYN-TEX,M1_innovation,real,cleanStatic,118,8,1.733001446328126,8-epoch block summary; blocks within one recording are not independent recording replicates
S1,SYN-TEX,M1_innovation,real,cleanStatic,119,8,2.2574059741601227,8-epoch block summary; blocks within one recording are not independent recording replicates
S1,SYN-TEX,M1_innovation,real,cleanStatic,120,1,1.1172892680180129,8-epoch block summary; blocks within one recording are not independent recording replicates
R0,SYN-TEX,B0_residual_9D,synthetic,syn-tex-r4-028,1,2,0.00853657376232459,8-epoch block summary; blocks within one recording are not independent recording replicates
R0,SYN-TEX,B0_residual_9D,synthetic,syn-tex-r4-028,2,15,0.008281145704669778,8-epoch block summary; blocks within one recording are not independent recording replicates
R0,SYN-TEX,B0_residual_9D,synthetic,syn-tex-r4-028,3,16,0.01577868137219377,8-epoch block summary; blocks within one recording are not independent recording replicates
R0,SYN-TEX,B0_residual_9D,synthetic,syn-tex-r4-028,4,24,0.30785714261716013,8-epoch block summary; blocks within one recording are not independent recording replicates
R0,SYN-TEX,B0_residual_9D,synthetic,syn-tex-r4-028,5,32,0.2780838000483056,8-epoch block summary; blocks within one recording are not independent recording replicates
R0,SYN-TEX,B0_residual_9D,synthetic,syn-tex-r4-028,6,39,0.3583294173863373,8-epoch block summary; blocks within one recording are not independent recording replicates
R0,SYN-TEX,B0_residual_9D,synthetic,syn-tex-r4-028,7,40,0.3556417265397507,8-epoch block summary; blocks within one recording are not independent recording replicates
R0,SYN-TEX,B0_residual_9D,synthetic,syn-tex-r4-028,8,32,0.293121140799011,8-epoch block summary; blocks within one recording are not independent recording replicates
R0,SYN-TEX,B0_residual_9D,synthetic,syn-tex-r4-028,9,24,0.026982663176093147,8-epoch block summary; blocks within one recording are not independent recording replicates
R0,SYN-TEX,B0_residual_9D,synthetic,syn-tex-r4-028,10,32,0.30196930575016084,8-epoch block summary; blocks within one recording are not independent recording replicates
R0,SYN-TEX,B0_residual_9D,synthetic,syn-tex-r4-028,11,32,0.2731346002584058,8-epoch block summary; blocks within one recording are not independent recording replicates
R0,SYN-TEX,B0_residual_9D,synthetic,syn-tex-r4-028,12,34,0.30627179896496715,8-epoch block summary; blocks within one recording are not independent recording replicates
R0,SYN-TEX,B0_residual_9D,synthetic,syn-tex-r4-028,13,40,0.366035167015973,8-epoch block summary; blocks within one recording are not independent recording replicates
R0,SYN-TEX,B0_residual_9D,synthetic,syn-tex-r4-028,14,32,0.2926224975754986,8-epoch block summary; blocks within one recording are not independent recording replicates
R0,SYN-TEX,B0_residual_9D,synthetic,syn-tex-r4-028,15,26,0.17276071580309338,8-epoch block summary; blocks within one recording are not independent recording replicates
R0,SYN-TEX,B0_residual_9D,synthetic,syn-tex-r4-028,16,32,0.3272602229128835,8-epoch block summary; blocks within one recording are not independent recording replicates
R0,SYN-TEX,B0_residual_9D,synthetic,syn-tex-r4-028,17,32,0.3014056529929431,8-epoch block summary; blocks within one recording are not independent recording replicates
R0,SYN-TEX,B0_residual_9D,synthetic,syn-tex-r4-028,18,28,0.22615803654275068,8-epoch block summary; blocks within one recording are not independent recording replicates
R0,SYN-TEX,B0_residual_9D,synthetic,syn-tex-r4-028,19,32,0.2880310365380326,8-epoch block summary; blocks within one recording are not independent recording replicates
R0,SYN-TEX,B0_residual_9D,synthetic,syn-tex-r4-028,20,32,0.30806572959445216,8-epoch block summary; blocks within one recording are not independent recording replicates
R0,SYN-TEX,B0_residual_9D,synthetic,syn-tex-r4-028,21,35,0.32436809801326794,8-epoch block summary; blocks within one recording are not independent recording replicates
R0,SYN-TEX,B0_residual_9D,synthetic,syn-tex-r4-028,22,47,0.430013572479264,8-epoch block summary; blocks within one recording are not independent recording replicates
R0,SYN-TEX,B0_residual_9D,synthetic,syn-tex-r4-028,23,48,0.4174099087194298,8-epoch block summary; blocks within one recording are not independent recording replicates
R0,SYN-TEX,B0_residual_9D,synthetic,syn-tex-r4-028,24,41,0.37062198978050837,8-epoch block summary; blocks within one recording are not independent recording replicates
R0,SYN-TEX,B0_residual_9D,synthetic,syn-tex-r4-028,25,27,0.19622531953605524,8-epoch block summary; blocks within one recording are not independent recording replicates
R0,SYN-TEX,B0_residual_9D,synthetic,syn-tex-r4-028,26,24,0.02878006724660078,8-epoch block summary; blocks within one recording are not independent recording replicates
R0,SYN-TEX,B0_residual_9D,synthetic,syn-tex-r4-028,27,32,0.30291956004253534,8-epoch block summary; blocks within one recording are not independent recording replicates
R0,SYN-TEX,B0_residual_9D,synthetic,syn-tex-r4-028,28,43,0.39261232360836035,8-epoch block summary; blocks within one recording are not independent recording replicates
R0,SYN-TEX,B0_residual_9D,synthetic,syn-tex-r4-028,29,42,0.41580833031958775,8-epoch block summary; blocks within one recording are not independent recording replicates
R0,SYN-TEX,B0_residual_9D,synthetic,syn-tex-r4-029,1,6,0.011825311362521393,8-epoch block summary; blocks within one recording are not independent recording replicates
R0,SYN-TEX,B0_residual_9D,synthetic,syn-tex-r4-029,2,16,0.012602089312139818,8-epoch block summary; blocks within one recording are not independent recording replicates
R0,SYN-TEX,B0_residual_9D,synthetic,syn-tex-r4-029,3,30,0.29756661949440794,8-epoch block summary; blocks within one recording are not independent recording replicates
R0,SYN-TEX,B0_residual_9D,synthetic,syn-tex-r4-029,4,32,0.2858507076098941,8-epoch block summary; blocks within one recording are not independent recording replicates
R0,SYN-TEX,B0_residual_9D,synthetic,syn-tex-r4-029,5,35,0.31241469489639473,8-epoch block summary; blocks within one recording are not independent recording replicates
R0,SYN-TEX,B0_residual_9D,synthetic,syn-tex-r4-029,6,40,0.3823640843525375,8-epoch block summary; blocks within one recording are not independent recording replicates
R0,SYN-TEX,B0_residual_9D,synthetic,syn-tex-r4-029,7,34,0.30991223287204295,8-epoch block summary; blocks within one recording are not independent recording replicates
R0,SYN-TEX,B0_residual_9D,synthetic,syn-tex-r4-029,8,25,0.11446198898451539,8-epoch block summary; blocks within one recording are not independent recording replicates
R0,SYN-TEX,B0_residual_9D,synthetic,syn-tex-r4-029,9,31,0.2695895398909584,8-epoch block summary; blocks within one recording are not independent recording replicates
R0,SYN-TEX,B0_residual_9D,synthetic,syn-tex-r4-029,10,32,0.28946974657241653,8-epoch block summary; blocks within one recording are not independent recording replicates
R0,SYN-TEX,B0_residual_9D,synthetic,syn-tex-r4-029,11,27,0.21296524409848924,8-epoch block summary; blocks within one recording are not independent recording replicates
R0,SYN-TEX,B0_residual_9D,synthetic,syn-tex-r4-029,12,24,0.024654967874269646,8-epoch block summary; blocks within one recording are not independent recording replicates
R0,SYN-TEX,B0_residual_9D,synthetic,syn-tex-r4-029,13,28,0.23741862283106044,8-epoch block summary; blocks within one recording are not independent recording replicates
R0,SYN-TEX,B0_residual_9D,synthetic,syn-tex-r4-029,14,32,0.2846171107762855,8-epoch block summary; blocks within one recording are not independent recording replicates
R0,SYN-TEX,B0_residual_9D,synthetic,syn-tex-r4-029,15,30,0.26682638968406713,8-epoch block summary; blocks within one recording are not independent recording replicates
R0,SYN-TEX,B0_residual_9D,synthetic,syn-tex-r4-029,16,24,0.026899837973652824,8-epoch block summary; blocks within one recording are not independent recording replicates
R0,SYN-TEX,B0_residual_9D,synthetic,syn-tex-r4-029,17,24,0.0283551173866016,8-epoch block summary; blocks within one recording are not independent recording replicates
R0,SYN-TEX,B0_residual_9D,synthetic,syn-tex-r4-029,18,24,0.025295060315493667,8-epoch block summary; blocks within one recording are not independent recording replicates
R0,SYN-TEX,B0_residual_9D,synthetic,syn-tex-r4-029,19,24,0.029530464725887575,8-epoch block summary; blocks within one recording are not independent recording replicates
R0,SYN-TEX,B0_residual_9D,synthetic,syn-tex-r4-029,20,24,0.021965256909933624,8-epoch block summary; blocks within one recording are not independent recording replicates
R0,SYN-TEX,B0_residual_9D,synthetic,syn-tex-r4-029,21,31,0.27889485876045755,8-epoch block summary; blocks within one recording are not independent recording replicates
R0,SYN-TEX,B0_residual_9D,synthetic,syn-tex-r4-029,22,34,0.31350442025189446,8-epoch block summary; blocks within one recording are not independent recording replicates
R0,SYN-TEX,B0_residual_9D,synthetic,syn-tex-r4-029,23,35,0.32228946888397103,8-epoch block summary; blocks within one recording are not independent recording replicates
R0,SYN-TEX,B0_residual_9D,synthetic,syn-tex-r4-029,24,32,0.29100389093701684,8-epoch block summary; blocks within one recording are not independent recording replicates
R0,SYN-TEX,B0_residual_9D,synthetic,syn-tex-r4-029,25,34,0.3358456465700326,8-epoch block summary; blocks within one recording are not independent recording replicates
R0,SYN-TEX,B0_residual_9D,synthetic,syn-tex-r4-029,26,40,0.37795271855681944,8-epoch block summary; blocks within one recording are not independent recording replicates
R0,SYN-TEX,B0_residual_9D,synthetic,syn-tex-r4-029,27,34,0.30833209679877666,8-epoch block summary; blocks within one recording are not independent recording replicates
R0,SYN-TEX,B0_residual_9D,synthetic,syn-tex-r4-029,28,24,0.023448213485493856,8-epoch block summary; blocks within one recording are not independent recording replicates
R0,SYN-TEX,B0_residual_9D,synthetic,syn-tex-r4-029,29,21,0.02432525017074869,8-epoch block summary; blocks within one recording are not independent recording replicates
R0,SYN-TEX,B0_residual_9D,synthetic,syn-tex-r4-030,1,6,0.009576907445783007,8-epoch block summary; blocks within one recording are not independent recording replicates
R0,SYN-TEX,B0_residual_9D,synthetic,syn-tex-r4-030,2,32,0.013277859005872908,8-epoch block summary; blocks within one recording are not independent recording replicates
R0,SYN-TEX,B0_residual_9D,synthetic,syn-tex-r4-030,3,40,0.017223861486519724,8-epoch block summary; blocks within one recording are not independent recording replicates
R0,SYN-TEX,B0_residual_9D,synthetic,syn-tex-r4-030,4,44,0.027371582997891192,8-epoch block summary; blocks within one recording are not independent recording replicates
R0,SYN-TEX,B0_residual_9D,synthetic,syn-tex-r4-030,5,49,0.1527593622959918,8-epoch block summary; blocks within one recording are not independent recording replicates
R0,SYN-TEX,B0_residual_9D,synthetic,syn-tex-r4-030,6,54,0.28926681435014606,8-epoch block summary; blocks within one recording are not independent recording replicates
R0,SYN-TEX,B0_residual_9D,synthetic,syn-tex-r4-030,7,55,0.2779628942840125,8-epoch block summary; blocks within one recording are not independent recording replicates
R0,SYN-TEX,B0_residual_9D,synthetic,syn-tex-r4-030,8,56,0.2995810230262603,8-epoch block summary; blocks within one recording are not independent recording replicates
R0,SYN-TEX,B0_residual_9D,synthetic,syn-tex-r4-030,9,59,0.2426482679449427,8-epoch block summary; blocks within one recording are not independent recording replicates
R0,SYN-TEX,B0_residual_9D,synthetic,syn-tex-r4-030,10,51,0.12878838917256114,8-epoch block summary; blocks within one recording are not independent recording replicates
R0,SYN-TEX,B0_residual_9D,synthetic,syn-tex-r4-030,11,48,0.030468166818734536,8-epoch block summary; blocks within one recording are not independent recording replicates
R0,SYN-TEX,B0_residual_9D,synthetic,syn-tex-r4-030,12,48,0.027069665724750766,8-epoch block summary; blocks within one recording are not independent recording replicates
R0,SYN-TEX,B0_residual_9D,synthetic,syn-tex-r4-030,13,48,0.03401963210374511,8-epoch block summary; blocks within one recording are not independent recording replicates
R0,SYN-TEX,B0_residual_9D,synthetic,syn-tex-r4-030,14,48,0.028734488164439975,8-epoch block summary; blocks within one recording are not independent recording replicates
R0,SYN-TEX,B0_residual_9D,synthetic,syn-tex-r4-030,15,48,0.03130582723117538,8-epoch block summary; blocks within one recording are not independent recording replicates
R0,SYN-TEX,B0_residual_9D,synthetic,syn-tex-r4-030,16,48,0.02781963824260568,8-epoch block summary; blocks within one recording are not independent recording replicates
R0,SYN-TEX,B0_residual_9D,synthetic,syn-tex-r4-030,17,48,0.024377971435051396,8-epoch block summary; blocks within one recording are not independent recording replicates
R0,SYN-TEX,B0_residual_9D,synthetic,syn-tex-r4-030,18,50,0.1102420593639188,8-epoch block summary; blocks within one recording are not independent recording replicates
R0,SYN-TEX,B0_residual_9D,synthetic,syn-tex-r4-030,19,56,0.2145491983997879,8-epoch block summary; blocks within one recording are not independent recording replicates
R0,SYN-TEX,B0_residual_9D,synthetic,syn-tex-r4-030,20,56,0.21495069808180287,8-epoch block summary; blocks within one recording are not independent recording replicates
R0,SYN-TEX,B0_residual_9D,synthetic,syn-tex-r4-030,21,48,0.023748999214582216,8-epoch block summary; blocks within one recording are not independent recording replicates
R0,SYN-TEX,B0_residual_9D,synthetic,syn-tex-r4-030,22,48,0.025539837752413162,8-epoch block summary; blocks within one recording are not independent recording replicates
R0,SYN-TEX,B0_residual_9D,synthetic,syn-tex-r4-030,23,55,0.2153359534829234,8-epoch block summary; blocks within one recording are not independent recording replicates
R0,SYN-TEX,B0_residual_9D,synthetic,syn-tex-r4-030,24,56,0.2607119345080532,8-epoch block summary; blocks within one recording are not independent recording replicates
R0,SYN-TEX,B0_residual_9D,synthetic,syn-tex-r4-030,25,51,0.13941252998989667,8-epoch block summary; blocks within one recording are not independent recording replicates
R0,SYN-TEX,B0_residual_9D,synthetic,syn-tex-r4-030,26,48,0.0282894769524505,8-epoch block summary; blocks within one recording are not independent recording replicates
R0,SYN-TEX,B0_residual_9D,synthetic,syn-tex-r4-030,27,52,0.029104831251778585,8-epoch block summary; blocks within one recording are not independent recording replicates
R0,SYN-TEX,B0_residual_9D,synthetic,syn-tex-r4-030,28,56,0.024659780464953998,8-epoch block summary; blocks within one recording are not independent recording replicates
R0,SYN-TEX,B0_residual_9D,synthetic,syn-tex-r4-030,29,51,0.02679216550626227,8-epoch block summary; blocks within one recording are not independent recording replicates
R0,SYN-TEX,B0_residual_9D,real,cleanStatic,85,88,0.15804928307327734,8-epoch block summary; blocks within one recording are not independent recording replicates
R0,SYN-TEX,B0_residual_9D,real,cleanStatic,86,88,0.16445922689617942,8-epoch block summary; blocks within one recording are not independent recording replicates
R0,SYN-TEX,B0_residual_9D,real,cleanStatic,87,88,0.16968696684950724,8-epoch block summary; blocks within one recording are not independent recording replicates
R0,SYN-TEX,B0_residual_9D,real,cleanStatic,88,86,0.14337465142953404,8-epoch block summary; blocks within one recording are not independent recording replicates
R0,SYN-TEX,B0_residual_9D,real,cleanStatic,89,80,0.023260005213104434,8-epoch block summary; blocks within one recording are not independent recording replicates
R0,SYN-TEX,B0_residual_9D,real,cleanStatic,90,80,0.022793214043649177,8-epoch block summary; blocks within one recording are not independent recording replicates
R0,SYN-TEX,B0_residual_9D,real,cleanStatic,91,83,0.09899812773433325,8-epoch block summary; blocks within one recording are not independent recording replicates
R0,SYN-TEX,B0_residual_9D,real,cleanStatic,92,88,0.16551791240276267,8-epoch block summary; blocks within one recording are not independent recording replicates
R0,SYN-TEX,B0_residual_9D,real,cleanStatic,93,88,0.15425918727559818,8-epoch block summary; blocks within one recording are not independent recording replicates
R0,SYN-TEX,B0_residual_9D,real,cleanStatic,94,82,0.06649648996253908,8-epoch block summary; blocks within one recording are not independent recording replicates
R0,SYN-TEX,B0_residual_9D,real,cleanStatic,95,80,0.023082666690613443,8-epoch block summary; blocks within one recording are not independent recording replicates
R0,SYN-TEX,B0_residual_9D,real,cleanStatic,96,80,0.02320576785882128,8-epoch block summary; blocks within one recording are not independent recording replicates
R0,SYN-TEX,B0_residual_9D,real,cleanStatic,97,80,0.022208828440969185,8-epoch block summary; blocks within one recording are not independent recording replicates
R0,SYN-TEX,B0_residual_9D,real,cleanStatic,98,80,0.021663101967580024,8-epoch block summary; blocks within one recording are not independent recording replicates
R0,SYN-TEX,B0_residual_9D,real,cleanStatic,99,80,0.02267654072463646,8-epoch block summary; blocks within one recording are not independent recording replicates
R0,SYN-TEX,B0_residual_9D,real,cleanStatic,100,82,0.0277571044860963,8-epoch block summary; blocks within one recording are not independent recording replicates
R0,SYN-TEX,B0_residual_9D,real,cleanStatic,101,88,0.024645192774177184,8-epoch block summary; blocks within one recording are not independent recording replicates
R0,SYN-TEX,B0_residual_9D,real,cleanStatic,102,88,0.023103626689361553,8-epoch block summary; blocks within one recording are not independent recording replicates
R0,SYN-TEX,B0_residual_9D,real,cleanStatic,103,88,0.021094371623337743,8-epoch block summary; blocks within one recording are not independent recording replicates
R0,SYN-TEX,B0_residual_9D,real,cleanStatic,104,88,0.023007254453787648,8-epoch block summary; blocks within one recording are not independent recording replicates
R0,SYN-TEX,B0_residual_9D,real,cleanStatic,105,88,0.02055793415518821,8-epoch block summary; blocks within one recording are not independent recording replicates
R0,SYN-TEX,B0_residual_9D,real,cleanStatic,106,88,0.025443039949595767,8-epoch block summary; blocks within one recording are not independent recording replicates
R0,SYN-TEX,B0_residual_9D,real,cleanStatic,107,88,0.024108253202631443,8-epoch block summary; blocks within one recording are not independent recording replicates
R0,SYN-TEX,B0_residual_9D,real,cleanStatic,108,88,0.0232774071212673,8-epoch block summary; blocks within one recording are not independent recording replicates
R0,SYN-TEX,B0_residual_9D,real,cleanStatic,109,88,0.024806324988392477,8-epoch block summary; blocks within one recording are not independent recording replicates
R0,SYN-TEX,B0_residual_9D,real,cleanStatic,110,88,0.025903756640746508,8-epoch block summary; blocks within one recording are not independent recording replicates
R0,SYN-TEX,B0_residual_9D,real,cleanStatic,111,88,0.02475134099225562,8-epoch block summary; blocks within one recording are not independent recording replicates
R0,SYN-TEX,B0_residual_9D,real,cleanStatic,112,88,0.023381009009066908,8-epoch block summary; blocks within one recording are not independent recording replicates
R0,SYN-TEX,B0_residual_9D,real,cleanStatic,113,88,0.023391134676597203,8-epoch block summary; blocks within one recording are not independent recording replicates
R0,SYN-TEX,B0_residual_9D,real,cleanStatic,114,88,0.02218849522500671,8-epoch block summary; blocks within one recording are not independent recording replicates
R0,SYN-TEX,B0_residual_9D,real,cleanStatic,115,88,0.022820902747800992,8-epoch block summary; blocks within one recording are not independent recording replicates
R0,SYN-TEX,B0_residual_9D,real,cleanStatic,116,88,0.022669534569649402,8-epoch block summary; blocks within one recording are not independent recording replicates
R0,SYN-TEX,B0_residual_9D,real,cleanStatic,117,88,0.022804796848641683,8-epoch block summary; blocks within one recording are not independent recording replicates
R0,SYN-TEX,B0_residual_9D,real,cleanStatic,118,88,0.018826462845501157,8-epoch block summary; blocks within one recording are not independent recording replicates
R0,SYN-TEX,B0_residual_9D,real,cleanStatic,119,88,0.02261850891171618,8-epoch block summary; blocks within one recording are not independent recording replicates
R0,SYN-TEX,B0_residual_9D,real,cleanStatic,120,11,0.03203860002251779,8-epoch block summary; blocks within one recording are not independent recording replicates
R0,SYN-TEX,M1_innovation,synthetic,syn-tex-r4-028,1,2,50.972936166983544,8-epoch block summary; blocks within one recording are not independent recording replicates
R0,SYN-TEX,M1_innovation,synthetic,syn-tex-r4-028,2,8,50.83254529489562,8-epoch block summary; blocks within one recording are not independent recording replicates
R0,SYN-TEX,M1_innovation,synthetic,syn-tex-r4-028,3,8,50.80904617851127,8-epoch block summary; blocks within one recording are not independent recording replicates
R0,SYN-TEX,M1_innovation,synthetic,syn-tex-r4-028,4,8,50.9534731494576,8-epoch block summary; blocks within one recording are not independent recording replicates
R0,SYN-TEX,M1_innovation,synthetic,syn-tex-r4-028,5,8,50.877059007770235,8-epoch block summary; blocks within one recording are not independent recording replicates
R0,SYN-TEX,M1_innovation,synthetic,syn-tex-r4-028,6,8,50.75756109468398,8-epoch block summary; blocks within one recording are not independent recording replicates
R0,SYN-TEX,M1_innovation,synthetic,syn-tex-r4-028,7,8,50.94990112402566,8-epoch block summary; blocks within one recording are not independent recording replicates
R0,SYN-TEX,M1_innovation,synthetic,syn-tex-r4-028,8,8,50.78406998799522,8-epoch block summary; blocks within one recording are not independent recording replicates
R0,SYN-TEX,M1_innovation,synthetic,syn-tex-r4-028,9,8,50.89855156559391,8-epoch block summary; blocks within one recording are not independent recording replicates
R0,SYN-TEX,M1_innovation,synthetic,syn-tex-r4-028,10,8,50.859697200721584,8-epoch block summary; blocks within one recording are not independent recording replicates
R0,SYN-TEX,M1_innovation,synthetic,syn-tex-r4-028,11,8,50.78557203357247,8-epoch block summary; blocks within one recording are not independent recording replicates
R0,SYN-TEX,M1_innovation,synthetic,syn-tex-r4-028,12,8,50.78356044279501,8-epoch block summary; blocks within one recording are not independent recording replicates
R0,SYN-TEX,M1_innovation,synthetic,syn-tex-r4-028,13,8,51.154827987802356,8-epoch block summary; blocks within one recording are not independent recording replicates
R0,SYN-TEX,M1_innovation,synthetic,syn-tex-r4-028,14,8,50.788990804014176,8-epoch block summary; blocks within one recording are not independent recording replicates
R0,SYN-TEX,M1_innovation,synthetic,syn-tex-r4-028,15,8,50.80624085346863,8-epoch block summary; blocks within one recording are not independent recording replicates
R0,SYN-TEX,M1_innovation,synthetic,syn-tex-r4-028,16,8,50.87483857956478,8-epoch block summary; blocks within one recording are not independent recording replicates
R0,SYN-TEX,M1_innovation,synthetic,syn-tex-r4-028,17,8,50.71971093689919,8-epoch block summary; blocks within one recording are not independent recording replicates
R0,SYN-TEX,M1_innovation,synthetic,syn-tex-r4-028,18,8,51.004407137949684,8-epoch block summary; blocks within one recording are not independent recording replicates
R0,SYN-TEX,M1_innovation,synthetic,syn-tex-r4-028,19,8,50.86486823568741,8-epoch block summary; blocks within one recording are not independent recording replicates
R0,SYN-TEX,M1_innovation,synthetic,syn-tex-r4-028,20,8,50.8450078788503,8-epoch block summary; blocks within one recording are not independent recording replicates
R0,SYN-TEX,M1_innovation,synthetic,syn-tex-r4-028,21,8,51.14457665999163,8-epoch block summary; blocks within one recording are not independent recording replicates
R0,SYN-TEX,M1_innovation,synthetic,syn-tex-r4-028,22,8,50.77484744845489,8-epoch block summary; blocks within one recording are not independent recording replicates
R0,SYN-TEX,M1_innovation,synthetic,syn-tex-r4-028,23,8,50.940101983693175,8-epoch block summary; blocks within one recording are not independent recording replicates
R0,SYN-TEX,M1_innovation,synthetic,syn-tex-r4-028,24,8,50.9108339996291,8-epoch block summary; blocks within one recording are not independent recording replicates
R0,SYN-TEX,M1_innovation,synthetic,syn-tex-r4-028,25,8,50.81031117904497,8-epoch block summary; blocks within one recording are not independent recording replicates
R0,SYN-TEX,M1_innovation,synthetic,syn-tex-r4-028,26,8,50.684655308887045,8-epoch block summary; blocks within one recording are not independent recording replicates
R0,SYN-TEX,M1_innovation,synthetic,syn-tex-r4-028,27,8,50.96483969823989,8-epoch block summary; blocks within one recording are not independent recording replicates
R0,SYN-TEX,M1_innovation,synthetic,syn-tex-r4-028,28,8,50.93309756868613,8-epoch block summary; blocks within one recording are not independent recording replicates
R0,SYN-TEX,M1_innovation,synthetic,syn-tex-r4-028,29,8,50.779927267010216,8-epoch block summary; blocks within one recording are not independent recording replicates
R0,SYN-TEX,M1_innovation,synthetic,syn-tex-r4-029,1,3,33.806287667895546,8-epoch block summary; blocks within one recording are not independent recording replicates
R0,SYN-TEX,M1_innovation,synthetic,syn-tex-r4-029,2,8,33.7989597796326,8-epoch block summary; blocks within one recording are not independent recording replicates
R0,SYN-TEX,M1_innovation,synthetic,syn-tex-r4-029,3,8,33.70629066302832,8-epoch block summary; blocks within one recording are not independent recording replicates
R0,SYN-TEX,M1_innovation,synthetic,syn-tex-r4-029,4,8,33.7063899378105,8-epoch block summary; blocks within one recording are not independent recording replicates
R0,SYN-TEX,M1_innovation,synthetic,syn-tex-r4-029,5,8,33.58403038942033,8-epoch block summary; blocks within one recording are not independent recording replicates
R0,SYN-TEX,M1_innovation,synthetic,syn-tex-r4-029,6,8,33.78625910351539,8-epoch block summary; blocks within one recording are not independent recording replicates
R0,SYN-TEX,M1_innovation,synthetic,syn-tex-r4-029,7,8,33.669109826649596,8-epoch block summary; blocks within one recording are not independent recording replicates
R0,SYN-TEX,M1_innovation,synthetic,syn-tex-r4-029,8,8,33.690428003817075,8-epoch block summary; blocks within one recording are not independent recording replicates
R0,SYN-TEX,M1_innovation,synthetic,syn-tex-r4-029,9,8,33.76701086005385,8-epoch block summary; blocks within one recording are not independent recording replicates
R0,SYN-TEX,M1_innovation,synthetic,syn-tex-r4-029,10,8,33.783540898082805,8-epoch block summary; blocks within one recording are not independent recording replicates
R0,SYN-TEX,M1_innovation,synthetic,syn-tex-r4-029,11,8,33.762331642424215,8-epoch block summary; blocks within one recording are not independent recording replicates
R0,SYN-TEX,M1_innovation,synthetic,syn-tex-r4-029,12,8,33.69309096588384,8-epoch block summary; blocks within one recording are not independent recording replicates
R0,SYN-TEX,M1_innovation,synthetic,syn-tex-r4-029,13,8,33.70934132503896,8-epoch block summary; blocks within one recording are not independent recording replicates
R0,SYN-TEX,M1_innovation,synthetic,syn-tex-r4-029,14,8,33.54591800140547,8-epoch block summary; blocks within one recording are not independent recording replicates
R0,SYN-TEX,M1_innovation,synthetic,syn-tex-r4-029,15,8,33.784696560157755,8-epoch block summary; blocks within one recording are not independent recording replicates
R0,SYN-TEX,M1_innovation,synthetic,syn-tex-r4-029,16,8,33.77972302450639,8-epoch block summary; blocks within one recording are not independent recording replicates
R0,SYN-TEX,M1_innovation,synthetic,syn-tex-r4-029,17,8,33.670895558625425,8-epoch block summary; blocks within one recording are not independent recording replicates
R0,SYN-TEX,M1_innovation,synthetic,syn-tex-r4-029,18,8,33.69676797537045,8-epoch block summary; blocks within one recording are not independent recording replicates
R0,SYN-TEX,M1_innovation,synthetic,syn-tex-r4-029,19,8,33.88393483396297,8-epoch block summary; blocks within one recording are not independent recording replicates
R0,SYN-TEX,M1_innovation,synthetic,syn-tex-r4-029,20,8,33.63207532619981,8-epoch block summary; blocks within one recording are not independent recording replicates
R0,SYN-TEX,M1_innovation,synthetic,syn-tex-r4-029,21,8,33.740980803579134,8-epoch block summary; blocks within one recording are not independent recording replicates
R0,SYN-TEX,M1_innovation,synthetic,syn-tex-r4-029,22,8,33.65389190117935,8-epoch block summary; blocks within one recording are not independent recording replicates
R0,SYN-TEX,M1_innovation,synthetic,syn-tex-r4-029,23,8,33.514694619632316,8-epoch block summary; blocks within one recording are not independent recording replicates
R0,SYN-TEX,M1_innovation,synthetic,syn-tex-r4-029,24,8,33.90283245238144,8-epoch block summary; blocks within one recording are not independent recording replicates
R0,SYN-TEX,M1_innovation,synthetic,syn-tex-r4-029,25,8,33.56192936458734,8-epoch block summary; blocks within one recording are not independent recording replicates
R0,SYN-TEX,M1_innovation,synthetic,syn-tex-r4-029,26,8,33.71250488397985,8-epoch block summary; blocks within one recording are not independent recording replicates
R0,SYN-TEX,M1_innovation,synthetic,syn-tex-r4-029,27,8,33.6024054367188,8-epoch block summary; blocks within one recording are not independent recording replicates
R0,SYN-TEX,M1_innovation,synthetic,syn-tex-r4-029,28,8,33.71935300120917,8-epoch block summary; blocks within one recording are not independent recording replicates
R0,SYN-TEX,M1_innovation,synthetic,syn-tex-r4-029,29,7,33.73680851706926,8-epoch block summary; blocks within one recording are not independent recording replicates
R0,SYN-TEX,M1_innovation,synthetic,syn-tex-r4-030,1,3,71.34195276001482,8-epoch block summary; blocks within one recording are not independent recording replicates
R0,SYN-TEX,M1_innovation,synthetic,syn-tex-r4-030,2,8,71.2479525547571,8-epoch block summary; blocks within one recording are not independent recording replicates
R0,SYN-TEX,M1_innovation,synthetic,syn-tex-r4-030,3,8,71.47863185658957,8-epoch block summary; blocks within one recording are not independent recording replicates
R0,SYN-TEX,M1_innovation,synthetic,syn-tex-r4-030,4,8,71.35643576240352,8-epoch block summary; blocks within one recording are not independent recording replicates
R0,SYN-TEX,M1_innovation,synthetic,syn-tex-r4-030,5,8,71.4525832524926,8-epoch block summary; blocks within one recording are not independent recording replicates
R0,SYN-TEX,M1_innovation,synthetic,syn-tex-r4-030,6,8,71.24408230614537,8-epoch block summary; blocks within one recording are not independent recording replicates
R0,SYN-TEX,M1_innovation,synthetic,syn-tex-r4-030,7,8,71.41611921261567,8-epoch block summary; blocks within one recording are not independent recording replicates
R0,SYN-TEX,M1_innovation,synthetic,syn-tex-r4-030,8,8,71.38981298602734,8-epoch block summary; blocks within one recording are not independent recording replicates
R0,SYN-TEX,M1_innovation,synthetic,syn-tex-r4-030,9,8,71.22296405058978,8-epoch block summary; blocks within one recording are not independent recording replicates
R0,SYN-TEX,M1_innovation,synthetic,syn-tex-r4-030,10,8,71.43297300968432,8-epoch block summary; blocks within one recording are not independent recording replicates
R0,SYN-TEX,M1_innovation,synthetic,syn-tex-r4-030,11,8,71.2749964469519,8-epoch block summary; blocks within one recording are not independent recording replicates
R0,SYN-TEX,M1_innovation,synthetic,syn-tex-r4-030,12,8,71.4043434609176,8-epoch block summary; blocks within one recording are not independent recording replicates
R0,SYN-TEX,M1_innovation,synthetic,syn-tex-r4-030,13,8,71.29981850156987,8-epoch block summary; blocks within one recording are not independent recording replicates
R0,SYN-TEX,M1_innovation,synthetic,syn-tex-r4-030,14,8,71.18739044842047,8-epoch block summary; blocks within one recording are not independent recording replicates
R0,SYN-TEX,M1_innovation,synthetic,syn-tex-r4-030,15,8,71.5042466897791,8-epoch block summary; blocks within one recording are not independent recording replicates
R0,SYN-TEX,M1_innovation,synthetic,syn-tex-r4-030,16,8,71.30832481044523,8-epoch block summary; blocks within one recording are not independent recording replicates
R0,SYN-TEX,M1_innovation,synthetic,syn-tex-r4-030,17,8,71.3059062489378,8-epoch block summary; blocks within one recording are not independent recording replicates
R0,SYN-TEX,M1_innovation,synthetic,syn-tex-r4-030,18,8,71.25357365673143,8-epoch block summary; blocks within one recording are not independent recording replicates
R0,SYN-TEX,M1_innovation,synthetic,syn-tex-r4-030,19,8,71.47904637792475,8-epoch block summary; blocks within one recording are not independent recording replicates
R0,SYN-TEX,M1_innovation,synthetic,syn-tex-r4-030,20,8,71.27942017112059,8-epoch block summary; blocks within one recording are not independent recording replicates
R0,SYN-TEX,M1_innovation,synthetic,syn-tex-r4-030,21,8,71.29338387421977,8-epoch block summary; blocks within one recording are not independent recording replicates
R0,SYN-TEX,M1_innovation,synthetic,syn-tex-r4-030,22,8,71.44971252635631,8-epoch block summary; blocks within one recording are not independent recording replicates
R0,SYN-TEX,M1_innovation,synthetic,syn-tex-r4-030,23,8,71.36784405055727,8-epoch block summary; blocks within one recording are not independent recording replicates
R0,SYN-TEX,M1_innovation,synthetic,syn-tex-r4-030,24,8,71.4335060787582,8-epoch block summary; blocks within one recording are not independent recording replicates
R0,SYN-TEX,M1_innovation,synthetic,syn-tex-r4-030,25,8,71.27672733009426,8-epoch block summary; blocks within one recording are not independent recording replicates
R0,SYN-TEX,M1_innovation,synthetic,syn-tex-r4-030,26,8,71.50795983986913,8-epoch block summary; blocks within one recording are not independent recording replicates
R0,SYN-TEX,M1_innovation,synthetic,syn-tex-r4-030,27,8,71.36314598856765,8-epoch block summary; blocks within one recording are not independent recording replicates
R0,SYN-TEX,M1_innovation,synthetic,syn-tex-r4-030,28,8,71.4703662790845,8-epoch block summary; blocks within one recording are not independent recording replicates
R0,SYN-TEX,M1_innovation,synthetic,syn-tex-r4-030,29,8,71.29580234244956,8-epoch block summary; blocks within one recording are not independent recording replicates
R0,SYN-TEX,M1_innovation,real,cleanStatic,85,8,1.3022137796452486,8-epoch block summary; blocks within one recording are not independent recording replicates
R0,SYN-TEX,M1_innovation,real,cleanStatic,86,8,1.2650766257592674,8-epoch block summary; blocks within one recording are not independent recording replicates
R0,SYN-TEX,M1_innovation,real,cleanStatic,87,8,1.4252043901604001,8-epoch block summary; blocks within one recording are not independent recording replicates
R0,SYN-TEX,M1_innovation,real,cleanStatic,88,8,1.344950184921993,8-epoch block summary; blocks within one recording are not independent recording replicates
R0,SYN-TEX,M1_innovation,real,cleanStatic,89,8,1.6488792919984412,8-epoch block summary; blocks within one recording are not independent recording replicates
R0,SYN-TEX,M1_innovation,real,cleanStatic,90,8,1.680530069310411,8-epoch block summary; blocks within one recording are not independent recording replicates
R0,SYN-TEX,M1_innovation,real,cleanStatic,91,8,1.3857112137746248,8-epoch block summary; blocks within one recording are not independent recording replicates
R0,SYN-TEX,M1_innovation,real,cleanStatic,92,8,1.280054769666731,8-epoch block summary; blocks within one recording are not independent recording replicates
R0,SYN-TEX,M1_innovation,real,cleanStatic,93,8,1.4959470526532626,8-epoch block summary; blocks within one recording are not independent recording replicates
R0,SYN-TEX,M1_innovation,real,cleanStatic,94,8,1.1945026786439097,8-epoch block summary; blocks within one recording are not independent recording replicates
R0,SYN-TEX,M1_innovation,real,cleanStatic,95,8,1.008339036349265,8-epoch block summary; blocks within one recording are not independent recording replicates
R0,SYN-TEX,M1_innovation,real,cleanStatic,96,8,1.3427070576835276,8-epoch block summary; blocks within one recording are not independent recording replicates
R0,SYN-TEX,M1_innovation,real,cleanStatic,97,8,1.277394937356058,8-epoch block summary; blocks within one recording are not independent recording replicates
R0,SYN-TEX,M1_innovation,real,cleanStatic,98,8,1.2053429551816812,8-epoch block summary; blocks within one recording are not independent recording replicates
R0,SYN-TEX,M1_innovation,real,cleanStatic,99,8,1.4301302279615657,8-epoch block summary; blocks within one recording are not independent recording replicates
R0,SYN-TEX,M1_innovation,real,cleanStatic,100,8,1.4189729437615013,8-epoch block summary; blocks within one recording are not independent recording replicates
R0,SYN-TEX,M1_innovation,real,cleanStatic,101,8,1.2407614119673689,8-epoch block summary; blocks within one recording are not independent recording replicates
R0,SYN-TEX,M1_innovation,real,cleanStatic,102,8,1.2124583025204967,8-epoch block summary; blocks within one recording are not independent recording replicates
R0,SYN-TEX,M1_innovation,real,cleanStatic,103,8,1.2570737210715701,8-epoch block summary; blocks within one recording are not independent recording replicates
R0,SYN-TEX,M1_innovation,real,cleanStatic,104,8,1.08015345816192,8-epoch block summary; blocks within one recording are not independent recording replicates
R0,SYN-TEX,M1_innovation,real,cleanStatic,105,8,1.3405236814815493,8-epoch block summary; blocks within one recording are not independent recording replicates
R0,SYN-TEX,M1_innovation,real,cleanStatic,106,8,1.1692603191151099,8-epoch block summary; blocks within one recording are not independent recording replicates
R0,SYN-TEX,M1_innovation,real,cleanStatic,107,8,1.277735375707298,8-epoch block summary; blocks within one recording are not independent recording replicates
R0,SYN-TEX,M1_innovation,real,cleanStatic,108,8,1.2312694017177177,8-epoch block summary; blocks within one recording are not independent recording replicates
R0,SYN-TEX,M1_innovation,real,cleanStatic,109,8,1.3888242599394307,8-epoch block summary; blocks within one recording are not independent recording replicates
R0,SYN-TEX,M1_innovation,real,cleanStatic,110,8,1.1333939497739562,8-epoch block summary; blocks within one recording are not independent recording replicates
R0,SYN-TEX,M1_innovation,real,cleanStatic,111,8,1.182106073740033,8-epoch block summary; blocks within one recording are not independent recording replicates
R0,SYN-TEX,M1_innovation,real,cleanStatic,112,8,1.0952606948472152,8-epoch block summary; blocks within one recording are not independent recording replicates
R0,SYN-TEX,M1_innovation,real,cleanStatic,113,8,1.1620674098759338,8-epoch block summary; blocks within one recording are not independent recording replicates
R0,SYN-TEX,M1_innovation,real,cleanStatic,114,8,0.9315593471936899,8-epoch block summary; blocks within one recording are not independent recording replicates
R0,SYN-TEX,M1_innovation,real,cleanStatic,115,8,1.1693905017876958,8-epoch block summary; blocks within one recording are not independent recording replicates
R0,SYN-TEX,M1_innovation,real,cleanStatic,116,8,1.0338488214334591,8-epoch block summary; blocks within one recording are not independent recording replicates
R0,SYN-TEX,M1_innovation,real,cleanStatic,117,8,1.114959562507663,8-epoch block summary; blocks within one recording are not independent recording replicates
R0,SYN-TEX,M1_innovation,real,cleanStatic,118,8,1.10891249014585,8-epoch block summary; blocks within one recording are not independent recording replicates
R0,SYN-TEX,M1_innovation,real,cleanStatic,119,8,1.2991218583918744,8-epoch block summary; blocks within one recording are not independent recording replicates
R0,SYN-TEX,M1_innovation,real,cleanStatic,120,1,1.159560622790539,8-epoch block summary; blocks within one recording are not independent recording replicates
