scenario,decision_time_s,score,phase,model,model_seed,policy_seed,alarm_primary_q99,alarm_primary_q995,alarm_matched_clean_diagnostic,threshold_source,tracked_prn_count
DS8,7.5,0.0,excluded,B0 Exact,NA,,False,False,False,B0 Exact clean calibration,
DS8,7.5,1.501685206569542,excluded,primary 3-seed mean complex IG K7,mean,,True,True,True,primary clean calibration,8
DS8,8.0,0.0,excluded,B0 Exact,NA,,False,False,False,B0 Exact clean calibration,
DS8,8.0,1.5017890198277914,excluded,primary 3-seed mean complex IG K7,mean,,True,True,True,primary clean calibration,8
DS8,8.5,0.0,excluded,B0 Exact,NA,,False,False,False,B0 Exact clean calibration,
DS8,8.5,1.5034857641988584,excluded,primary 3-seed mean complex IG K7,mean,,True,True,True,primary clean calibration,9
DS8,9.0,0.0,excluded,B0 Exact,NA,,False,False,False,B0 Exact clean calibration,
DS8,9.0,1.4997980225391572,excluded,primary 3-seed mean complex IG K7,mean,,True,True,True,primary clean calibration,10
DS8,9.5,0.0,excluded,B0 Exact,NA,,False,False,False,B0 Exact clean calibration,
DS8,9.5,1.499901071462248,excluded,primary 3-seed mean complex IG K7,mean,,True,True,True,primary clean calibration,10
DS8,10.0,0.0,excluded,B0 Exact,NA,,False,False,False,B0 Exact clean calibration,
DS8,10.0,1.5002428448478973,excluded,primary 3-seed mean complex IG K7,mean,,True,True,True,primary clean calibration,10
DS8,10.5,0.0,excluded,B0 Exact,NA,,False,False,False,B0 Exact clean calibration,
DS8,10.5,1.5012811074861416,excluded,primary 3-seed mean complex IG K7,mean,,True,True,True,primary clean calibration,10
DS8,11.0,0.0,excluded,B0 Exact,NA,,False,False,False,B0 Exact clean calibration,
DS8,11.0,1.5002357611654187,excluded,primary 3-seed mean complex IG K7,mean,,True,True,True,primary clean calibration,10
DS8,11.5,0.0,excluded,B0 Exact,NA,,False,False,False,B0 Exact clean calibration,
DS8,11.5,1.5005042164391182,excluded,primary 3-seed mean complex IG K7,mean,,True,True,True,primary clean calibration,10
DS8,12.0,0.0,excluded,B0 Exact,NA,,False,False,False,B0 Exact clean calibration,
DS8,12.0,1.5005995360682947,excluded,primary 3-seed mean complex IG K7,mean,,True,True,True,primary clean calibration,10
DS8,12.5,0.0,excluded,B0 Exact,NA,,False,False,False,B0 Exact clean calibration,
DS8,12.5,1.5007977656444649,excluded,primary 3-seed mean complex IG K7,mean,,True,True,True,primary clean calibration,10
DS8,13.0,0.0,excluded,B0 Exact,NA,,False,False,False,B0 Exact clean calibration,
DS8,13.0,1.5009250916202965,excluded,primary 3-seed mean complex IG K7,mean,,True,True,True,primary clean calibration,10
DS8,13.5,0.0,excluded,B0 Exact,NA,,False,False,False,B0 Exact clean calibration,
DS8,13.5,1.5012179225063893,excluded,primary 3-seed mean complex IG K7,mean,,True,True,True,primary clean calibration,10
DS8,14.0,0.0002442599119566532,excluded,B0 Exact,NA,,False,False,False,B0 Exact clean calibration,
DS8,14.0,1.5023271177981108,excluded,primary 3-seed mean complex IG K7,mean,,True,True,True,primary clean calibration,10
DS8,14.5,0.26236082229118035,excluded,B0 Exact,NA,,False,False,False,B0 Exact clean calibration,
DS8,14.5,1.4984466090009916,excluded,primary 3-seed mean complex IG K7,mean,,True,True,True,primary clean calibration,10
DS8,15.0,0.22516756750916897,excluded,B0 Exact,NA,,False,False,False,B0 Exact clean calibration,
DS8,15.0,1.4963484000406246,excluded,primary 3-seed mean complex IG K7,mean,,True,True,True,primary clean calibration,10
DS8,15.5,0.2871590561955425,excluded,B0 Exact,NA,,False,False,False,B0 Exact clean calibration,
DS8,15.5,1.492821028434565,excluded,primary 3-seed mean complex IG K7,mean,,True,True,True,primary clean calibration,10
DS8,16.0,0.2625170845985444,excluded,B0 Exact,NA,,False,False,False,B0 Exact clean calibration,
DS8,16.0,1.494261962350274,excluded,primary 3-seed mean complex IG K7,mean,,True,True,True,primary clean calibration,10
DS8,16.5,0.4800331480353751,excluded,B0 Exact,NA,,False,False,False,B0 Exact clean calibration,
DS8,16.5,1.49286626010976,excluded,primary 3-seed mean complex IG K7,mean,,True,True,True,primary clean calibration,10
DS8,17.0,0.47784983364388534,excluded,B0 Exact,NA,,False,False,False,B0 Exact clean calibration,
DS8,17.0,1.491099244317392,excluded,primary 3-seed mean complex IG K7,mean,,True,True,True,primary clean calibration,10
DS8,17.5,0.476212347850268,excluded,B0 Exact,NA,,False,False,False,B0 Exact clean calibration,
DS8,17.5,1.4891627444633373,excluded,primary 3-seed mean complex IG K7,mean,,True,True,True,primary clean calibration,10
DS8,18.0,0.4777928281519584,excluded,B0 Exact,NA,,False,False,False,B0 Exact clean calibration,
DS8,18.0,1.4875944692347103,excluded,primary 3-seed mean complex IG K7,mean,,True,True,True,primary clean calibration,10
DS8,18.5,0.5137053290271342,excluded,B0 Exact,NA,,False,False,False,B0 Exact clean calibration,
DS8,18.5,1.4878153492046133,excluded,primary 3-seed mean complex IG K7,mean,,True,True,True,primary clean calibration,10
DS8,19.0,0.43981900482018077,excluded,B0 Exact,NA,,False,False,False,B0 Exact clean calibration,
DS8,19.0,1.4868492163049147,excluded,primary 3-seed mean complex IG K7,mean,,True,True,True,primary clean calibration,9
DS8,19.5,0.40309025772336876,excluded,B0 Exact,NA,,False,False,False,B0 Exact clean calibration,
DS8,19.5,1.486873547901902,excluded,primary 3-seed mean complex IG K7,mean,,True,True,True,primary clean calibration,9
DS8,20.0,0.44558499547493957,excluded,B0 Exact,NA,,False,False,False,B0 Exact clean calibration,
DS8,20.0,1.4841347013584258,excluded,primary 3-seed mean complex IG K7,mean,,True,True,True,primary clean calibration,9
DS8,20.5,0.40741475071443783,excluded,B0 Exact,NA,,False,False,False,B0 Exact clean calibration,
DS8,20.5,1.4852042728580086,excluded,primary 3-seed mean complex IG K7,mean,,True,True,True,primary clean calibration,9
DS8,21.0,0.4609217709489937,excluded,B0 Exact,NA,,False,False,False,B0 Exact clean calibration,
DS8,21.0,1.4854115589367323,excluded,primary 3-seed mean complex IG K7,mean,,True,True,True,primary clean calibration,9
DS8,21.5,0.4889586303941583,excluded,B0 Exact,NA,,False,False,False,B0 Exact clean calibration,
DS8,21.5,1.483928757823424,excluded,primary 3-seed mean complex IG K7,mean,,True,True,True,primary clean calibration,9
DS8,22.0,0.9691397799332219,excluded,B0 Exact,NA,,False,False,False,B0 Exact clean calibration,
DS8,22.0,1.4848912993410994,excluded,primary 3-seed mean complex IG K7,mean,,True,True,True,primary clean calibration,9
DS8,22.5,1.0618960578390086,excluded,B0 Exact,NA,,False,False,False,B0 Exact clean calibration,
DS8,22.5,1.4850949258196187,excluded,primary 3-seed mean complex IG K7,mean,,True,True,True,primary clean calibration,9
DS8,23.0,0.8509620514290867,excluded,B0 Exact,NA,,False,False,False,B0 Exact clean calibration,
DS8,23.0,1.4831796823708174,excluded,primary 3-seed mean complex IG K7,mean,,True,True,True,primary clean calibration,9
DS8,23.5,0.7935822464849803,excluded,B0 Exact,NA,,False,False,False,B0 Exact clean calibration,
DS8,23.5,1.4859565298449846,excluded,primary 3-seed mean complex IG K7,mean,,True,True,True,primary clean calibration,10
DS8,24.0,0.7505473927769006,excluded,B0 Exact,NA,,False,False,False,B0 Exact clean calibration,
DS8,24.0,1.4850016880570924,excluded,primary 3-seed mean complex IG K7,mean,,True,True,True,primary clean calibration,10
DS8,24.5,1.0367437193409792,excluded,B0 Exact,NA,,False,False,False,B0 Exact clean calibration,
DS8,24.5,1.485903472574521,excluded,primary 3-seed mean complex IG K7,mean,,True,True,True,primary clean calibration,10
DS8,25.0,0.8981913567699917,excluded,B0 Exact,NA,,False,False,False,B0 Exact clean calibration,
DS8,25.0,1.4847844208859708,excluded,primary 3-seed mean complex IG K7,mean,,True,True,True,primary clean calibration,10
DS8,25.5,0.9567888521639605,excluded,B0 Exact,NA,,False,False,False,B0 Exact clean calibration,
DS8,25.5,1.4866190284712522,excluded,primary 3-seed mean complex IG K7,mean,,True,True,True,primary clean calibration,10
DS8,26.0,1.2458435335692435,excluded,B0 Exact,NA,,False,False,False,B0 Exact clean calibration,
DS8,26.0,1.4884117856647012,excluded,primary 3-seed mean complex IG K7,mean,,True,True,True,primary clean calibration,10
DS8,26.5,1.05501621744119,excluded,B0 Exact,NA,,False,False,False,B0 Exact clean calibration,
DS8,26.5,1.4862593722783217,excluded,primary 3-seed mean complex IG K7,mean,,True,True,True,primary clean calibration,10
DS8,27.0,1.0744074976673592,excluded,B0 Exact,NA,,False,False,False,B0 Exact clean calibration,
DS8,27.0,1.4859750768731275,excluded,primary 3-seed mean complex IG K7,mean,,True,True,True,primary clean calibration,10
DS8,27.5,1.0889509578369863,excluded,B0 Exact,NA,,False,False,False,B0 Exact clean calibration,
DS8,27.5,1.4856350374198282,excluded,primary 3-seed mean complex IG K7,mean,,True,True,True,primary clean calibration,10
DS8,28.0,1.0998585529642064,excluded,B0 Exact,NA,,False,False,False,B0 Exact clean calibration,
DS8,28.0,1.4866941094457475,excluded,primary 3-seed mean complex IG K7,mean,,True,True,True,primary clean calibration,10
DS8,28.5,0.9455274819874122,excluded,B0 Exact,NA,,False,False,False,B0 Exact clean calibration,
DS8,28.5,1.485918964649158,excluded,primary 3-seed mean complex IG K7,mean,,True,True,True,primary clean calibration,10
DS8,29.0,0.992290946077026,excluded,B0 Exact,NA,,False,False,False,B0 Exact clean calibration,
DS8,29.0,1.4842513968089064,excluded,primary 3-seed mean complex IG K7,mean,,True,True,True,primary clean calibration,10
DS8,29.5,0.9881268185914249,excluded,B0 Exact,NA,,False,False,False,B0 Exact clean calibration,
DS8,29.5,1.4867236669829824,excluded,primary 3-seed mean complex IG K7,mean,,True,True,True,primary clean calibration,10
DS8,30.0,1.2693470083898417,excluded,B0 Exact,NA,,False,False,False,B0 Exact clean calibration,
DS8,30.0,1.4888450360349734,excluded,primary 3-seed mean complex IG K7,mean,,True,True,True,primary clean calibration,10
DS8,30.5,1.235155590878848,stable_pre,B0 Exact,NA,,False,False,False,B0 Exact clean calibration,
DS8,30.5,1.4878701958185745,stable_pre,primary 3-seed mean complex IG K7,mean,,True,True,True,primary clean calibration,10
DS8,31.0,0.9667930805778777,stable_pre,B0 Exact,NA,,False,False,False,B0 Exact clean calibration,
DS8,31.0,1.4855309277299173,stable_pre,primary 3-seed mean complex IG K7,mean,,True,True,True,primary clean calibration,10
DS8,31.5,1.008240145019875,stable_pre,B0 Exact,NA,,False,False,False,B0 Exact clean calibration,
DS8,31.5,1.4851194866209403,stable_pre,primary 3-seed mean complex IG K7,mean,,True,True,True,primary clean calibration,10
DS8,32.0,0.8740050813822603,stable_pre,B0 Exact,NA,,False,False,False,B0 Exact clean calibration,
DS8,32.0,1.4853842770248653,stable_pre,primary 3-seed mean complex IG K7,mean,,True,True,True,primary clean calibration,10
DS8,32.5,0.938649145623162,stable_pre,B0 Exact,NA,,False,False,False,B0 Exact clean calibration,
DS8,32.5,1.481915944053509,stable_pre,primary 3-seed mean complex IG K7,mean,,True,True,True,primary clean calibration,10
DS8,33.0,0.8218118318347255,stable_pre,B0 Exact,NA,,False,False,False,B0 Exact clean calibration,
DS8,33.0,1.4836089382297029,stable_pre,primary 3-seed mean complex IG K7,mean,,True,True,True,primary clean calibration,10
DS8,33.5,0.7596261760584572,stable_pre,B0 Exact,NA,,False,False,False,B0 Exact clean calibration,
DS8,33.5,1.4868874753129357,stable_pre,primary 3-seed mean complex IG K7,mean,,True,True,True,primary clean calibration,9
DS8,34.0,0.9047608549329351,stable_pre,B0 Exact,NA,,False,False,False,B0 Exact clean calibration,
DS8,34.0,1.4845261354878876,stable_pre,primary 3-seed mean complex IG K7,mean,,True,True,True,primary clean calibration,10
DS8,34.5,0.7331106492495315,stable_pre,B0 Exact,NA,,False,False,False,B0 Exact clean calibration,
DS8,34.5,1.4821455767511929,stable_pre,primary 3-seed mean complex IG K7,mean,,True,True,True,primary clean calibration,10
DS8,35.0,0.8848742098262409,stable_pre,B0 Exact,NA,,False,False,False,B0 Exact clean calibration,
DS8,35.0,1.4837690190145487,stable_pre,primary 3-seed mean complex IG K7,mean,,True,True,True,primary clean calibration,10
DS8,35.5,0.7368816614779139,stable_pre,B0 Exact,NA,,False,False,False,B0 Exact clean calibration,
DS8,35.5,1.4841444037723104,stable_pre,primary 3-seed mean complex IG K7,mean,,True,True,True,primary clean calibration,10
DS8,36.0,0.7259480412484218,stable_pre,B0 Exact,NA,,False,False,False,B0 Exact clean calibration,
DS8,36.0,1.4838473398594114,stable_pre,primary 3-seed mean complex IG K7,mean,,True,True,True,primary clean calibration,10
DS8,36.5,0.8795022538254086,stable_pre,B0 Exact,NA,,False,False,False,B0 Exact clean calibration,
DS8,36.5,1.4839775873657157,stable_pre,primary 3-seed mean complex IG K7,mean,,True,True,True,primary clean calibration,10
DS8,37.0,0.8329134855090428,stable_pre,B0 Exact,NA,,False,False,False,B0 Exact clean calibration,
DS8,37.0,1.4826334513800736,stable_pre,primary 3-seed mean complex IG K7,mean,,True,True,True,primary clean calibration,10
DS8,37.5,0.6792251221816122,stable_pre,B0 Exact,NA,,False,False,False,B0 Exact clean calibration,
DS8,37.5,1.4824509578748997,stable_pre,primary 3-seed mean complex IG K7,mean,,True,True,True,primary clean calibration,10
DS8,38.0,0.6647795495493746,stable_pre,B0 Exact,NA,,False,False,False,B0 Exact clean calibration,
DS8,38.0,1.4841252006756906,stable_pre,primary 3-seed mean complex IG K7,mean,,True,True,True,primary clean calibration,10
DS8,38.5,0.6418519643444439,stable_pre,B0 Exact,NA,,False,False,False,B0 Exact clean calibration,
DS8,38.5,1.4837989371996274,stable_pre,primary 3-seed mean complex IG K7,mean,,True,True,True,primary clean calibration,10
DS8,39.0,0.5359289813081631,stable_pre,B0 Exact,NA,,False,False,False,B0 Exact clean calibration,
DS8,39.0,1.4833601724410521,stable_pre,primary 3-seed mean complex IG K7,mean,,True,True,True,primary clean calibration,10
DS8,39.5,0.4751727400893555,stable_pre,B0 Exact,NA,,False,False,False,B0 Exact clean calibration,
DS8,39.5,1.4824426118280007,stable_pre,primary 3-seed mean complex IG K7,mean,,True,True,True,primary clean calibration,10
DS8,40.0,0.5296663502070029,stable_pre,B0 Exact,NA,,False,False,False,B0 Exact clean calibration,
DS8,40.0,1.483522730247908,stable_pre,primary 3-seed mean complex IG K7,mean,,True,True,True,primary clean calibration,10
DS8,40.5,0.5526104705684176,stable_pre,B0 Exact,NA,,False,False,False,B0 Exact clean calibration,
DS8,40.5,1.483749064343553,stable_pre,primary 3-seed mean complex IG K7,mean,,True,True,True,primary clean calibration,10
DS8,41.0,0.45488424034505476,stable_pre,B0 Exact,NA,,False,False,False,B0 Exact clean calibration,
DS8,41.0,1.4822454776488705,stable_pre,primary 3-seed mean complex IG K7,mean,,True,True,True,primary clean calibration,10
DS8,41.5,0.4589881528761451,stable_pre,B0 Exact,NA,,False,False,False,B0 Exact clean calibration,
DS8,41.5,1.4854403039383695,stable_pre,primary 3-seed mean complex IG K7,mean,,True,True,True,primary clean calibration,10
DS8,42.0,0.46206608727446286,stable_pre,B0 Exact,NA,,False,False,False,B0 Exact clean calibration,
DS8,42.0,1.4825430075538577,stable_pre,primary 3-seed mean complex IG K7,mean,,True,True,True,primary clean calibration,10
DS8,42.5,0.3869759528745887,stable_pre,B0 Exact,NA,,False,False,False,B0 Exact clean calibration,
DS8,42.5,1.4826558636966098,stable_pre,primary 3-seed mean complex IG K7,mean,,True,True,True,primary clean calibration,10
DS8,43.0,0.40805693727329556,stable_pre,B0 Exact,NA,,False,False,False,B0 Exact clean calibration,
DS8,43.0,1.4831763410148078,stable_pre,primary 3-seed mean complex IG K7,mean,,True,True,True,primary clean calibration,10
DS8,43.5,0.3464690903737132,stable_pre,B0 Exact,NA,,False,False,False,B0 Exact clean calibration,
DS8,43.5,1.4828967248147489,stable_pre,primary 3-seed mean complex IG K7,mean,,True,True,True,primary clean calibration,10
DS8,44.0,0.2600960776922415,stable_pre,B0 Exact,NA,,False,False,False,B0 Exact clean calibration,
DS8,44.0,1.4855439207771604,stable_pre,primary 3-seed mean complex IG K7,mean,,True,True,True,primary clean calibration,10
DS8,44.5,0.31289703088653514,stable_pre,B0 Exact,NA,,False,False,False,B0 Exact clean calibration,
DS8,44.5,1.4844690333611925,stable_pre,primary 3-seed mean complex IG K7,mean,,True,True,True,primary clean calibration,10
DS8,45.0,0.35530634042915876,stable_pre,B0 Exact,NA,,False,False,False,B0 Exact clean calibration,
DS8,45.0,1.4832928939792864,stable_pre,primary 3-seed mean complex IG K7,mean,,True,True,True,primary clean calibration,10
DS8,45.5,0.6015209782109613,stable_pre,B0 Exact,NA,,False,False,False,B0 Exact clean calibration,
DS8,45.5,1.4822373030297895,stable_pre,primary 3-seed mean complex IG K7,mean,,True,True,True,primary clean calibration,10
DS8,46.0,0.6244275287982073,stable_pre,B0 Exact,NA,,False,False,False,B0 Exact clean calibration,
DS8,46.0,1.4872837302425428,stable_pre,primary 3-seed mean complex IG K7,mean,,True,True,True,primary clean calibration,10
DS8,46.5,0.6416074417386418,stable_pre,B0 Exact,NA,,False,False,False,B0 Exact clean calibration,
DS8,46.5,1.4853184084129456,stable_pre,primary 3-seed mean complex IG K7,mean,,True,True,True,primary clean calibration,10
DS8,47.0,0.5357455893538116,stable_pre,B0 Exact,NA,,False,False,False,B0 Exact clean calibration,
DS8,47.0,1.486868326241732,stable_pre,primary 3-seed mean complex IG K7,mean,,True,True,True,primary clean calibration,10
DS8,47.5,0.5571698999285241,stable_pre,B0 Exact,NA,,False,False,False,B0 Exact clean calibration,
DS8,47.5,1.4867088890575708,stable_pre,primary 3-seed mean complex IG K7,mean,,True,True,True,primary clean calibration,10
DS8,48.0,0.4911034290546262,stable_pre,B0 Exact,NA,,False,False,False,B0 Exact clean calibration,
DS8,48.0,1.483122105779225,stable_pre,primary 3-seed mean complex IG K7,mean,,True,True,True,primary clean calibration,10
DS8,48.5,0.4415535758992028,stable_pre,B0 Exact,NA,,False,False,False,B0 Exact clean calibration,
DS8,48.5,1.4806395277089723,stable_pre,primary 3-seed mean complex IG K7,mean,,True,True,True,primary clean calibration,10
DS8,49.0,0.6662064048134944,stable_pre,B0 Exact,NA,,False,False,False,B0 Exact clean calibration,
DS8,49.0,1.480497573153331,stable_pre,primary 3-seed mean complex IG K7,mean,,True,True,True,primary clean calibration,10
DS8,49.5,0.826672682708333,stable_pre,B0 Exact,NA,,False,False,False,B0 Exact clean calibration,
DS8,49.5,1.4845962254945404,stable_pre,primary 3-seed mean complex IG K7,mean,,True,True,True,primary clean calibration,10
DS8,50.0,0.9627020556772312,stable_pre,B0 Exact,NA,,False,False,False,B0 Exact clean calibration,
DS8,50.0,1.4848312120594078,stable_pre,primary 3-seed mean complex IG K7,mean,,True,True,True,primary clean calibration,10
DS8,50.5,1.0647240854039048,stable_pre,B0 Exact,NA,,False,False,False,B0 Exact clean calibration,
DS8,50.5,1.4842250529812997,stable_pre,primary 3-seed mean complex IG K7,mean,,True,True,True,primary clean calibration,10
DS8,51.0,0.83457351906402,stable_pre,B0 Exact,NA,,False,False,False,B0 Exact clean calibration,
DS8,51.0,1.4844189118355642,stable_pre,primary 3-seed mean complex IG K7,mean,,True,True,True,primary clean calibration,10
DS8,51.5,0.6804701473478452,stable_pre,B0 Exact,NA,,False,False,False,B0 Exact clean calibration,
DS8,51.5,1.4848729914071475,stable_pre,primary 3-seed mean complex IG K7,mean,,True,True,True,primary clean calibration,10
DS8,52.0,1.1127734176484871,stable_pre,B0 Exact,NA,,False,False,False,B0 Exact clean calibration,
DS8,52.0,1.483936504180934,stable_pre,primary 3-seed mean complex IG K7,mean,,True,True,True,primary clean calibration,10
DS8,52.5,0.8891200712861955,stable_pre,B0 Exact,NA,,False,False,False,B0 Exact clean calibration,
DS8,52.5,1.483393329694264,stable_pre,primary 3-seed mean complex IG K7,mean,,True,True,True,primary clean calibration,10
DS8,53.0,0.7400660575728797,stable_pre,B0 Exact,NA,,False,False,False,B0 Exact clean calibration,
DS8,53.0,1.4827405926189312,stable_pre,primary 3-seed mean complex IG K7,mean,,True,True,True,primary clean calibration,10
DS8,53.5,0.7104102510928252,stable_pre,B0 Exact,NA,,False,False,False,B0 Exact clean calibration,
DS8,53.5,1.4851058715532421,stable_pre,primary 3-seed mean complex IG K7,mean,,True,True,True,primary clean calibration,10
DS8,54.0,0.8755052319656003,stable_pre,B0 Exact,NA,,False,False,False,B0 Exact clean calibration,
DS8,54.0,1.485772271101247,stable_pre,primary 3-seed mean complex IG K7,mean,,True,True,True,primary clean calibration,10
DS8,54.5,0.7998962261566133,stable_pre,B0 Exact,NA,,False,False,False,B0 Exact clean calibration,
DS8,54.5,1.4828364886322536,stable_pre,primary 3-seed mean complex IG K7,mean,,True,True,True,primary clean calibration,10
DS8,55.0,0.7732089647574463,stable_pre,B0 Exact,NA,,False,False,False,B0 Exact clean calibration,
DS8,55.0,1.485082087255926,stable_pre,primary 3-seed mean complex IG K7,mean,,True,True,True,primary clean calibration,10
DS8,55.5,0.753193518708071,stable_pre,B0 Exact,NA,,False,False,False,B0 Exact clean calibration,
DS8,55.5,1.4825346533095722,stable_pre,primary 3-seed mean complex IG K7,mean,,True,True,True,primary clean calibration,10
DS8,56.0,1.1435376455929656,stable_pre,B0 Exact,NA,,False,False,False,B0 Exact clean calibration,
DS8,56.0,1.4852318149622226,stable_pre,primary 3-seed mean complex IG K7,mean,,True,True,True,primary clean calibration,10
DS8,56.5,1.0309400293347104,stable_pre,B0 Exact,NA,,False,False,False,B0 Exact clean calibration,
DS8,56.5,1.4839103281676855,stable_pre,primary 3-seed mean complex IG K7,mean,,True,True,True,primary clean calibration,10
DS8,57.0,0.846431026109266,stable_pre,B0 Exact,NA,,False,False,False,B0 Exact clean calibration,
DS8,57.0,1.4831039605065721,stable_pre,primary 3-seed mean complex IG K7,mean,,True,True,True,primary clean calibration,10
DS8,57.5,0.8081100647219359,stable_pre,B0 Exact,NA,,False,False,False,B0 Exact clean calibration,
DS8,57.5,1.4847863693531478,stable_pre,primary 3-seed mean complex IG K7,mean,,True,True,True,primary clean calibration,10
DS8,58.0,0.9411237714305442,stable_pre,B0 Exact,NA,,False,False,False,B0 Exact clean calibration,
DS8,58.0,1.483652856608667,stable_pre,primary 3-seed mean complex IG K7,mean,,True,True,True,primary clean calibration,10
DS8,58.5,0.7790688326811412,stable_pre,B0 Exact,NA,,False,False,False,B0 Exact clean calibration,
DS8,58.5,1.4854658942872827,stable_pre,primary 3-seed mean complex IG K7,mean,,True,True,True,primary clean calibration,10
DS8,59.0,0.7396623324240212,stable_pre,B0 Exact,NA,,False,False,False,B0 Exact clean calibration,
DS8,59.0,1.4860836368983792,stable_pre,primary 3-seed mean complex IG K7,mean,,True,True,True,primary clean calibration,10
DS8,59.5,0.8974442929639972,stable_pre,B0 Exact,NA,,False,False,False,B0 Exact clean calibration,
DS8,59.5,1.4873372548431754,stable_pre,primary 3-seed mean complex IG K7,mean,,True,True,True,primary clean calibration,10
DS8,60.0,0.746309223831231,stable_pre,B0 Exact,NA,,False,False,False,B0 Exact clean calibration,
DS8,60.0,1.4869457260763965,stable_pre,primary 3-seed mean complex IG K7,mean,,True,True,True,primary clean calibration,11
DS8,60.5,0.7150926257865886,stable_pre,B0 Exact,NA,,False,False,False,B0 Exact clean calibration,
DS8,60.5,1.484075114205247,stable_pre,primary 3-seed mean complex IG K7,mean,,True,True,True,primary clean calibration,11
DS8,61.0,0.9765664219802668,stable_pre,B0 Exact,NA,,False,False,False,B0 Exact clean calibration,
DS8,61.0,1.4831941280843057,stable_pre,primary 3-seed mean complex IG K7,mean,,True,True,True,primary clean calibration,11
DS8,61.5,1.0155701510716668,stable_pre,B0 Exact,NA,,False,False,False,B0 Exact clean calibration,
DS8,61.5,1.4841498798067068,stable_pre,primary 3-seed mean complex IG K7,mean,,True,True,True,primary clean calibration,11
DS8,62.0,1.2019245659440756,stable_pre,B0 Exact,NA,,False,False,False,B0 Exact clean calibration,
DS8,62.0,1.48430582513884,stable_pre,primary 3-seed mean complex IG K7,mean,,True,True,True,primary clean calibration,11
DS8,62.5,1.1845887590445234,stable_pre,B0 Exact,NA,,False,False,False,B0 Exact clean calibration,
DS8,62.5,1.4846031808763158,stable_pre,primary 3-seed mean complex IG K7,mean,,True,True,True,primary clean calibration,11
DS8,63.0,1.328688521923718,stable_pre,B0 Exact,NA,,False,False,False,B0 Exact clean calibration,
DS8,63.0,1.4848630815944126,stable_pre,primary 3-seed mean complex IG K7,mean,,True,True,True,primary clean calibration,11
DS8,63.5,1.279661726029255,stable_pre,B0 Exact,NA,,False,False,False,B0 Exact clean calibration,
DS8,63.5,1.4851404533714343,stable_pre,primary 3-seed mean complex IG K7,mean,,True,True,True,primary clean calibration,11
DS8,64.0,1.2036549035555968,stable_pre,B0 Exact,NA,,False,False,False,B0 Exact clean calibration,
DS8,64.0,1.4835205479935034,stable_pre,primary 3-seed mean complex IG K7,mean,,True,True,True,primary clean calibration,11
DS8,64.5,1.1649188050239103,stable_pre,B0 Exact,NA,,False,False,False,B0 Exact clean calibration,
DS8,64.5,1.48207853582986,stable_pre,primary 3-seed mean complex IG K7,mean,,True,True,True,primary clean calibration,11
DS8,65.0,1.1358667311251456,stable_pre,B0 Exact,NA,,False,False,False,B0 Exact clean calibration,
DS8,65.0,1.4850307456560345,stable_pre,primary 3-seed mean complex IG K7,mean,,True,True,True,primary clean calibration,11
DS8,65.5,0.9725336156081166,stable_pre,B0 Exact,NA,,False,False,False,B0 Exact clean calibration,
DS8,65.5,1.4834284714405788,stable_pre,primary 3-seed mean complex IG K7,mean,,True,True,True,primary clean calibration,11
DS8,66.0,1.012545546292554,stable_pre,B0 Exact,NA,,False,False,False,B0 Exact clean calibration,
DS8,66.0,1.4812590040355869,stable_pre,primary 3-seed mean complex IG K7,mean,,True,True,True,primary clean calibration,11
DS8,66.5,1.199656112359741,stable_pre,B0 Exact,NA,,False,False,False,B0 Exact clean calibration,
DS8,66.5,1.4810794729824,stable_pre,primary 3-seed mean complex IG K7,mean,,True,True,True,primary clean calibration,11
DS8,67.0,1.1828874188562724,stable_pre,B0 Exact,NA,,False,False,False,B0 Exact clean calibration,
DS8,67.0,1.4817045232240629,stable_pre,primary 3-seed mean complex IG K7,mean,,True,True,True,primary clean calibration,11
DS8,67.5,1.00544894470587,stable_pre,B0 Exact,NA,,False,False,False,B0 Exact clean calibration,
DS8,67.5,1.4808573381575245,stable_pre,primary 3-seed mean complex IG K7,mean,,True,True,True,primary clean calibration,11
DS8,68.0,1.0162643358866155,stable_pre,B0 Exact,NA,,False,False,False,B0 Exact clean calibration,
DS8,68.0,1.479410950284331,stable_pre,primary 3-seed mean complex IG K7,mean,,True,True,True,primary clean calibration,11
DS8,68.5,0.8828318191792189,stable_pre,B0 Exact,NA,,False,False,False,B0 Exact clean calibration,
DS8,68.5,1.4817138656204163,stable_pre,primary 3-seed mean complex IG K7,mean,,True,True,True,primary clean calibration,11
DS8,69.0,0.9060324734180697,stable_pre,B0 Exact,NA,,False,False,False,B0 Exact clean calibration,
DS8,69.0,1.4797878991150937,stable_pre,primary 3-seed mean complex IG K7,mean,,True,True,True,primary clean calibration,11
DS8,69.5,0.8001579223278096,stable_pre,B0 Exact,NA,,False,False,False,B0 Exact clean calibration,
DS8,69.5,1.4788113344349858,stable_pre,primary 3-seed mean complex IG K7,mean,,True,True,True,primary clean calibration,11
DS8,70.0,0.7554791496590225,stable_pre,B0 Exact,NA,,False,False,False,B0 Exact clean calibration,
DS8,70.0,1.4806511161778992,stable_pre,primary 3-seed mean complex IG K7,mean,,True,True,True,primary clean calibration,11
DS8,70.5,0.7219700701574323,stable_pre,B0 Exact,NA,,False,False,False,B0 Exact clean calibration,
DS8,70.5,1.4798775067642362,stable_pre,primary 3-seed mean complex IG K7,mean,,True,True,True,primary clean calibration,11
DS8,71.0,0.8684954317162864,stable_pre,B0 Exact,NA,,False,False,False,B0 Exact clean calibration,
DS8,71.0,1.48234607206901,stable_pre,primary 3-seed mean complex IG K7,mean,,True,True,True,primary clean calibration,10
DS8,71.5,0.7946388759696278,stable_pre,B0 Exact,NA,,False,False,False,B0 Exact clean calibration,
DS8,71.5,1.4820761898881756,stable_pre,primary 3-seed mean complex IG K7,mean,,True,True,True,primary clean calibration,10
DS8,72.0,0.7392464591596338,stable_pre,B0 Exact,NA,,False,False,False,B0 Exact clean calibration,
DS8,72.0,1.4800023238779236,stable_pre,primary 3-seed mean complex IG K7,mean,,True,True,True,primary clean calibration,10
DS8,72.5,0.6276608484779584,stable_pre,B0 Exact,NA,,False,False,False,B0 Exact clean calibration,
DS8,72.5,1.4830376876981628,stable_pre,primary 3-seed mean complex IG K7,mean,,True,True,True,primary clean calibration,10
DS8,73.0,0.7977635154566811,stable_pre,B0 Exact,NA,,False,False,False,B0 Exact clean calibration,
DS8,73.0,1.4810718147090085,stable_pre,primary 3-seed mean complex IG K7,mean,,True,True,True,primary clean calibration,10
DS8,73.5,0.652862644642341,stable_pre,B0 Exact,NA,,False,False,False,B0 Exact clean calibration,
DS8,73.5,1.483424659402253,stable_pre,primary 3-seed mean complex IG K7,mean,,True,True,True,primary clean calibration,10
DS8,74.0,0.6450076913949211,stable_pre,B0 Exact,NA,,False,False,False,B0 Exact clean calibration,
DS8,74.0,1.4835099356005619,stable_pre,primary 3-seed mean complex IG K7,mean,,True,True,True,primary clean calibration,10
DS8,74.5,0.6270230707286039,stable_pre,B0 Exact,NA,,False,False,False,B0 Exact clean calibration,
DS8,74.5,1.4812263646908963,stable_pre,primary 3-seed mean complex IG K7,mean,,True,True,True,primary clean calibration,10
DS8,75.0,0.6256280109596183,stable_pre,B0 Exact,NA,,False,False,False,B0 Exact clean calibration,
DS8,75.0,1.4803019029301723,stable_pre,primary 3-seed mean complex IG K7,mean,,True,True,True,primary clean calibration,10
DS8,75.5,0.624581716132879,stable_pre,B0 Exact,NA,,False,False,False,B0 Exact clean calibration,
DS8,75.5,1.481668167943783,stable_pre,primary 3-seed mean complex IG K7,mean,,True,True,True,primary clean calibration,10
DS8,76.0,0.6117035892820724,stable_pre,B0 Exact,NA,,False,False,False,B0 Exact clean calibration,
DS8,76.0,1.4824746501608175,stable_pre,primary 3-seed mean complex IG K7,mean,,True,True,True,primary clean calibration,10
DS8,76.5,0.49480814697264563,stable_pre,B0 Exact,NA,,False,False,False,B0 Exact clean calibration,
DS8,76.5,1.485007302796248,stable_pre,primary 3-seed mean complex IG K7,mean,,True,True,True,primary clean calibration,10
DS8,77.0,0.4256461182793144,stable_pre,B0 Exact,NA,,False,False,False,B0 Exact clean calibration,
DS8,77.0,1.4832168221520332,stable_pre,primary 3-seed mean complex IG K7,mean,,True,True,True,primary clean calibration,10
DS8,77.5,0.4745952966226512,stable_pre,B0 Exact,NA,,False,False,False,B0 Exact clean calibration,
DS8,77.5,1.482313422753479,stable_pre,primary 3-seed mean complex IG K7,mean,,True,True,True,primary clean calibration,10
DS8,78.0,0.6909876953560806,stable_pre,B0 Exact,NA,,False,False,False,B0 Exact clean calibration,
DS8,78.0,1.4818161617520802,stable_pre,primary 3-seed mean complex IG K7,mean,,True,True,True,primary clean calibration,10
DS8,78.5,0.6736014794302259,stable_pre,B0 Exact,NA,,False,False,False,B0 Exact clean calibration,
DS8,78.5,1.4814388743796207,stable_pre,primary 3-seed mean complex IG K7,mean,,True,True,True,primary clean calibration,10
DS8,79.0,0.5597411176224996,stable_pre,B0 Exact,NA,,False,False,False,B0 Exact clean calibration,
DS8,79.0,1.482910689588602,stable_pre,primary 3-seed mean complex IG K7,mean,,True,True,True,primary clean calibration,10
DS8,79.5,0.593092633356861,stable_pre,B0 Exact,NA,,False,False,False,B0 Exact clean calibration,
DS8,79.5,1.4821496314597395,stable_pre,primary 3-seed mean complex IG K7,mean,,True,True,True,primary clean calibration,10
DS8,80.0,0.7875170186636271,stable_pre,B0 Exact,NA,,False,False,False,B0 Exact clean calibration,
DS8,80.0,1.480495005345339,stable_pre,primary 3-seed mean complex IG K7,mean,,True,True,True,primary clean calibration,10
DS8,80.5,0.7339050661801333,stable_pre,B0 Exact,NA,,False,False,False,B0 Exact clean calibration,
DS8,80.5,1.483167879533669,stable_pre,primary 3-seed mean complex IG K7,mean,,True,True,True,primary clean calibration,10
DS8,81.0,0.6049688076849301,stable_pre,B0 Exact,NA,,False,False,False,B0 Exact clean calibration,
DS8,81.0,1.4822380078693589,stable_pre,primary 3-seed mean complex IG K7,mean,,True,True,True,primary clean calibration,10
DS8,81.5,0.609087313676863,stable_pre,B0 Exact,NA,,False,False,False,B0 Exact clean calibration,
DS8,81.5,1.4819308843297299,stable_pre,primary 3-seed mean complex IG K7,mean,,True,True,True,primary clean calibration,10
DS8,82.0,0.6000827874400603,stable_pre,B0 Exact,NA,,False,False,False,B0 Exact clean calibration,
DS8,82.0,1.4807211274427834,stable_pre,primary 3-seed mean complex IG K7,mean,,True,True,True,primary clean calibration,10
DS8,82.5,0.5046020986298754,stable_pre,B0 Exact,NA,,False,False,False,B0 Exact clean calibration,
DS8,82.5,1.4821280187221442,stable_pre,primary 3-seed mean complex IG K7,mean,,True,True,True,primary clean calibration,10
DS8,83.0,0.4144820289834979,stable_pre,B0 Exact,NA,,False,False,False,B0 Exact clean calibration,
DS8,83.0,1.482149772483014,stable_pre,primary 3-seed mean complex IG K7,mean,,True,True,True,primary clean calibration,10
DS8,83.5,0.3654015297874536,stable_pre,B0 Exact,NA,,False,False,False,B0 Exact clean calibration,
DS8,83.5,1.4820270589631235,stable_pre,primary 3-seed mean complex IG K7,mean,,True,True,True,primary clean calibration,10
DS8,84.0,0.44733794248057657,stable_pre,B0 Exact,NA,,False,False,False,B0 Exact clean calibration,
DS8,84.0,1.4833608968058443,stable_pre,primary 3-seed mean complex IG K7,mean,,True,True,True,primary clean calibration,10
DS8,84.5,0.4787707590428455,stable_pre,B0 Exact,NA,,False,False,False,B0 Exact clean calibration,
DS8,84.5,1.4827215579986497,stable_pre,primary 3-seed mean complex IG K7,mean,,True,True,True,primary clean calibration,10
DS8,85.0,0.6941192921712264,stable_pre,B0 Exact,NA,,False,False,False,B0 Exact clean calibration,
DS8,85.0,1.481422992295456,stable_pre,primary 3-seed mean complex IG K7,mean,,True,True,True,primary clean calibration,10
DS8,85.5,0.855630692017512,stable_pre,B0 Exact,NA,,False,False,False,B0 Exact clean calibration,
DS8,85.5,1.481542671951744,stable_pre,primary 3-seed mean complex IG K7,mean,,True,True,True,primary clean calibration,10
DS8,86.0,0.784990321195547,stable_pre,B0 Exact,NA,,False,False,False,B0 Exact clean calibration,
DS8,86.0,1.4812939433117098,stable_pre,primary 3-seed mean complex IG K7,mean,,True,True,True,primary clean calibration,10
DS8,86.5,0.9314402845426415,stable_pre,B0 Exact,NA,,False,False,False,B0 Exact clean calibration,
DS8,86.5,1.4813421856480449,stable_pre,primary 3-seed mean complex IG K7,mean,,True,True,True,primary clean calibration,10
DS8,87.0,1.0336214362960734,stable_pre,B0 Exact,NA,,False,False,False,B0 Exact clean calibration,
DS8,87.0,1.4813535446382033,stable_pre,primary 3-seed mean complex IG K7,mean,,True,True,True,primary clean calibration,10
DS8,87.5,0.9485028723620414,stable_pre,B0 Exact,NA,,False,False,False,B0 Exact clean calibration,
DS8,87.5,1.4812588059574,stable_pre,primary 3-seed mean complex IG K7,mean,,True,True,True,primary clean calibration,10
DS8,88.0,1.0383950333697434,stable_pre,B0 Exact,NA,,False,False,False,B0 Exact clean calibration,
DS8,88.0,1.4848614743501711,stable_pre,primary 3-seed mean complex IG K7,mean,,True,True,True,primary clean calibration,10
DS8,88.5,0.8148267300383989,stable_pre,B0 Exact,NA,,False,False,False,B0 Exact clean calibration,
DS8,88.5,1.4834061623402957,stable_pre,primary 3-seed mean complex IG K7,mean,,True,True,True,primary clean calibration,10
DS8,89.0,0.7664807554419646,stable_pre,B0 Exact,NA,,False,False,False,B0 Exact clean calibration,
DS8,89.0,1.4811451225733194,stable_pre,primary 3-seed mean complex IG K7,mean,,True,True,True,primary clean calibration,10
DS8,89.5,0.585158167331305,stable_pre,B0 Exact,NA,,False,False,False,B0 Exact clean calibration,
DS8,89.5,1.4815053158667653,stable_pre,primary 3-seed mean complex IG K7,mean,,True,True,True,primary clean calibration,10
DS8,90.0,0.5821359276808917,stable_pre,B0 Exact,NA,,False,False,False,B0 Exact clean calibration,
DS8,90.0,1.482475002399939,stable_pre,primary 3-seed mean complex IG K7,mean,,True,True,True,primary clean calibration,10
DS8,90.5,0.6098887409006551,transition,B0 Exact,NA,,False,False,False,B0 Exact clean calibration,
DS8,90.5,1.4829851446813846,transition,primary 3-seed mean complex IG K7,mean,,True,True,True,primary clean calibration,10
DS8,91.0,0.6307033508154777,transition,B0 Exact,NA,,False,False,False,B0 Exact clean calibration,
DS8,91.0,1.4842009340795173,transition,primary 3-seed mean complex IG K7,mean,,True,True,True,primary clean calibration,10
DS8,91.5,1.0754483202492113,transition,B0 Exact,NA,,False,False,False,B0 Exact clean calibration,
DS8,91.5,1.4850937091512508,transition,primary 3-seed mean complex IG K7,mean,,True,True,True,primary clean calibration,10
DS8,92.0,0.9619469481000739,transition,B0 Exact,NA,,False,False,False,B0 Exact clean calibration,
DS8,92.0,1.4836097186636852,transition,primary 3-seed mean complex IG K7,mean,,True,True,True,primary clean calibration,10
DS8,92.5,0.7574906660861468,transition,B0 Exact,NA,,False,False,False,B0 Exact clean calibration,
DS8,92.5,1.4841029891207231,transition,primary 3-seed mean complex IG K7,mean,,True,True,True,primary clean calibration,10
DS8,93.0,0.6226580076144402,transition,B0 Exact,NA,,False,False,False,B0 Exact clean calibration,
DS8,93.0,1.4827626025083929,transition,primary 3-seed mean complex IG K7,mean,,True,True,True,primary clean calibration,10
DS8,93.5,0.6223542136239956,transition,B0 Exact,NA,,False,False,False,B0 Exact clean calibration,
DS8,93.5,1.4843582869121612,transition,primary 3-seed mean complex IG K7,mean,,True,True,True,primary clean calibration,10
DS8,94.0,0.6100329624004097,transition,B0 Exact,NA,,False,False,False,B0 Exact clean calibration,
DS8,94.0,1.4823264931583486,transition,primary 3-seed mean complex IG K7,mean,,True,True,True,primary clean calibration,10
DS8,94.5,0.49355517681139865,transition,B0 Exact,NA,,False,False,False,B0 Exact clean calibration,
DS8,94.5,1.4834684125500273,transition,primary 3-seed mean complex IG K7,mean,,True,True,True,primary clean calibration,10
DS8,95.0,0.7128639262545303,transition,B0 Exact,NA,,False,False,False,B0 Exact clean calibration,
DS8,95.0,1.4836072531032218,transition,primary 3-seed mean complex IG K7,mean,,True,True,True,primary clean calibration,10
DS8,95.5,0.5706783997019891,transition,B0 Exact,NA,,False,False,False,B0 Exact clean calibration,
DS8,95.5,1.4823451919570958,transition,primary 3-seed mean complex IG K7,mean,,True,True,True,primary clean calibration,10
DS8,96.0,0.6012955949164781,transition,B0 Exact,NA,,False,False,False,B0 Exact clean calibration,
DS8,96.0,1.4802119369716886,transition,primary 3-seed mean complex IG K7,mean,,True,True,True,primary clean calibration,10
DS8,96.5,0.7779895752855708,transition,B0 Exact,NA,,False,False,False,B0 Exact clean calibration,
DS8,96.5,1.480366356425557,transition,primary 3-seed mean complex IG K7,mean,,True,True,True,primary clean calibration,10
DS8,97.0,0.7388528893773434,transition,B0 Exact,NA,,False,False,False,B0 Exact clean calibration,
DS8,97.0,1.4819648909802963,transition,primary 3-seed mean complex IG K7,mean,,True,True,True,primary clean calibration,10
DS8,97.5,0.5901701220440989,transition,B0 Exact,NA,,False,False,False,B0 Exact clean calibration,
DS8,97.5,1.482967050084896,transition,primary 3-seed mean complex IG K7,mean,,True,True,True,primary clean calibration,10
DS8,98.0,0.49716759958290435,transition,B0 Exact,NA,,False,False,False,B0 Exact clean calibration,
DS8,98.0,1.4821201132281001,transition,primary 3-seed mean complex IG K7,mean,,True,True,True,primary clean calibration,10
DS8,98.5,0.5461624948271646,transition,B0 Exact,NA,,False,False,False,B0 Exact clean calibration,
DS8,98.5,1.4829825241453911,transition,primary 3-seed mean complex IG K7,mean,,True,True,True,primary clean calibration,10
DS8,99.0,0.7523194147663548,transition,B0 Exact,NA,,False,False,False,B0 Exact clean calibration,
DS8,99.0,1.482960528204332,transition,primary 3-seed mean complex IG K7,mean,,True,True,True,primary clean calibration,10
DS8,99.5,0.7196002689879315,transition,B0 Exact,NA,,False,False,False,B0 Exact clean calibration,
DS8,99.5,1.4852170343521964,transition,primary 3-seed mean complex IG K7,mean,,True,True,True,primary clean calibration,10
DS8,100.0,0.5942402097907789,transition,B0 Exact,NA,,False,False,False,B0 Exact clean calibration,
DS8,100.0,1.4858686093990852,transition,primary 3-seed mean complex IG K7,mean,,True,True,True,primary clean calibration,10
DS8,100.5,0.4506112836800288,transition,B0 Exact,NA,,False,False,False,B0 Exact clean calibration,
DS8,100.5,1.482996505627895,transition,primary 3-seed mean complex IG K7,mean,,True,True,True,primary clean calibration,10
DS8,101.0,0.680656006406003,transition,B0 Exact,NA,,False,False,False,B0 Exact clean calibration,
DS8,101.0,1.48021491435538,transition,primary 3-seed mean complex IG K7,mean,,True,True,True,primary clean calibration,10
DS8,101.5,0.8531895484504837,transition,B0 Exact,NA,,False,False,False,B0 Exact clean calibration,
DS8,101.5,1.4804171156705566,transition,primary 3-seed mean complex IG K7,mean,,True,True,True,primary clean calibration,10
DS8,102.0,0.7952528692510281,transition,B0 Exact,NA,,False,False,False,B0 Exact clean calibration,
DS8,102.0,1.4807559727394004,transition,primary 3-seed mean complex IG K7,mean,,True,True,True,primary clean calibration,10
DS8,102.5,0.7397069541206841,transition,B0 Exact,NA,,False,False,False,B0 Exact clean calibration,
DS8,102.5,1.4801712479288216,transition,primary 3-seed mean complex IG K7,mean,,True,True,True,primary clean calibration,10
DS8,103.0,0.7101409235036784,transition,B0 Exact,NA,,False,False,False,B0 Exact clean calibration,
DS8,103.0,1.481007999289088,transition,primary 3-seed mean complex IG K7,mean,,True,True,True,primary clean calibration,10
DS8,103.5,0.867646915516851,transition,B0 Exact,NA,,False,False,False,B0 Exact clean calibration,
DS8,103.5,1.4834338067723776,transition,primary 3-seed mean complex IG K7,mean,,True,True,True,primary clean calibration,10
DS8,104.0,0.7239611907458714,transition,B0 Exact,NA,,False,False,False,B0 Exact clean calibration,
DS8,104.0,1.4819658133541653,transition,primary 3-seed mean complex IG K7,mean,,True,True,True,primary clean calibration,10
DS8,104.5,0.6161968971676366,transition,B0 Exact,NA,,False,False,False,B0 Exact clean calibration,
DS8,104.5,1.4808153487687596,transition,primary 3-seed mean complex IG K7,mean,,True,True,True,primary clean calibration,10
DS8,105.0,0.5353736769839605,transition,B0 Exact,NA,,False,False,False,B0 Exact clean calibration,
DS8,105.0,1.4795535895600878,transition,primary 3-seed mean complex IG K7,mean,,True,True,True,primary clean calibration,10
DS8,105.5,0.7285481368361826,transition,B0 Exact,NA,,False,False,False,B0 Exact clean calibration,
DS8,105.5,1.4817240113130703,transition,primary 3-seed mean complex IG K7,mean,,True,True,True,primary clean calibration,10
DS8,106.0,0.7196978977671233,transition,B0 Exact,NA,,False,False,False,B0 Exact clean calibration,
DS8,106.0,1.4821185720569428,transition,primary 3-seed mean complex IG K7,mean,,True,True,True,primary clean calibration,10
DS8,106.5,0.5943134313751727,transition,B0 Exact,NA,,False,False,False,B0 Exact clean calibration,
DS8,106.5,1.4823299105657968,transition,primary 3-seed mean complex IG K7,mean,,True,True,True,primary clean calibration,10
DS8,107.0,0.6190218686713659,transition,B0 Exact,NA,,False,False,False,B0 Exact clean calibration,
DS8,107.0,1.4811782774561475,transition,primary 3-seed mean complex IG K7,mean,,True,True,True,primary clean calibration,10
DS8,107.5,0.6075337036859374,transition,B0 Exact,NA,,False,False,False,B0 Exact clean calibration,
DS8,107.5,1.482356857073701,transition,primary 3-seed mean complex IG K7,mean,,True,True,True,primary clean calibration,10
DS8,108.0,0.6110109856776185,transition,B0 Exact,NA,,False,False,False,B0 Exact clean calibration,
DS8,108.0,1.4818479290226094,transition,primary 3-seed mean complex IG K7,mean,,True,True,True,primary clean calibration,10
DS8,108.5,1.0369007458201263,transition,B0 Exact,NA,,False,False,False,B0 Exact clean calibration,
DS8,108.5,1.4801946228598846,transition,primary 3-seed mean complex IG K7,mean,,True,True,True,primary clean calibration,10
DS8,109.0,0.9209428615475077,transition,B0 Exact,NA,,False,False,False,B0 Exact clean calibration,
DS8,109.0,1.4795551745057487,transition,primary 3-seed mean complex IG K7,mean,,True,True,True,primary clean calibration,10
DS8,109.5,0.8460678540737961,transition,B0 Exact,NA,,False,False,False,B0 Exact clean calibration,
DS8,109.5,1.482570975373612,transition,primary 3-seed mean complex IG K7,mean,,True,True,True,primary clean calibration,10
DS8,110.0,0.8078376856953334,transition,B0 Exact,NA,,False,False,False,B0 Exact clean calibration,
DS8,110.0,1.4812057470702158,transition,primary 3-seed mean complex IG K7,mean,,True,True,True,primary clean calibration,10
DS8,110.5,0.9485758079174813,ramp,B0 Exact,NA,,False,False,False,B0 Exact clean calibration,
DS8,110.5,1.4801230305895805,ramp,primary 3-seed mean complex IG K7,mean,,True,True,True,primary clean calibration,10
DS8,111.0,0.854699158120524,ramp,B0 Exact,NA,,False,False,False,B0 Exact clean calibration,
DS8,111.0,1.4810734611898295,ramp,primary 3-seed mean complex IG K7,mean,,True,True,True,primary clean calibration,10
DS8,111.5,0.7963850765035584,ramp,B0 Exact,NA,,False,False,False,B0 Exact clean calibration,
DS8,111.5,1.480858118951286,ramp,primary 3-seed mean complex IG K7,mean,,True,True,True,primary clean calibration,10
DS8,112.0,0.6333192623887601,ramp,B0 Exact,NA,,False,False,False,B0 Exact clean calibration,
DS8,112.0,1.479226740147838,ramp,primary 3-seed mean complex IG K7,mean,,True,True,True,primary clean calibration,10
DS8,112.5,0.6303501547047354,ramp,B0 Exact,NA,,False,False,False,B0 Exact clean calibration,
DS8,112.5,1.4797077889291146,ramp,primary 3-seed mean complex IG K7,mean,,True,True,True,primary clean calibration,10
DS8,113.0,0.628123323941717,ramp,B0 Exact,NA,,False,False,False,B0 Exact clean calibration,
DS8,113.0,1.4829862851571065,ramp,primary 3-seed mean complex IG K7,mean,,True,True,True,primary clean calibration,10
DS8,113.5,0.48139009370611935,ramp,B0 Exact,NA,,False,False,False,B0 Exact clean calibration,
DS8,113.5,1.483498892354426,ramp,primary 3-seed mean complex IG K7,mean,,True,True,True,primary clean calibration,10
DS8,114.0,0.5043098724620025,ramp,B0 Exact,NA,,False,False,False,B0 Exact clean calibration,
DS8,114.0,1.4819557918257118,ramp,primary 3-seed mean complex IG K7,mean,,True,True,True,primary clean calibration,10
DS8,114.5,0.5335931122596673,ramp,B0 Exact,NA,,False,False,False,B0 Exact clean calibration,
DS8,114.5,1.4823497047702958,ramp,primary 3-seed mean complex IG K7,mean,,True,True,True,primary clean calibration,10
DS8,115.0,0.7428923778407318,ramp,B0 Exact,NA,,False,False,False,B0 Exact clean calibration,
DS8,115.0,1.4844654697856476,ramp,primary 3-seed mean complex IG K7,mean,,True,True,True,primary clean calibration,10
DS8,115.5,0.7125299912937142,ramp,B0 Exact,NA,,False,False,False,B0 Exact clean calibration,
DS8,115.5,1.4826611177782698,ramp,primary 3-seed mean complex IG K7,mean,,True,True,True,primary clean calibration,10
DS8,116.0,0.6776647956526987,ramp,B0 Exact,NA,,False,False,False,B0 Exact clean calibration,
DS8,116.0,1.485357460258177,ramp,primary 3-seed mean complex IG K7,mean,,True,True,True,primary clean calibration,10
DS8,116.5,0.5627886047893542,ramp,B0 Exact,NA,,False,False,False,B0 Exact clean calibration,
DS8,116.5,1.485634906868308,ramp,primary 3-seed mean complex IG K7,mean,,True,True,True,primary clean calibration,10
DS8,117.0,0.5774521615051811,ramp,B0 Exact,NA,,False,False,False,B0 Exact clean calibration,
DS8,117.0,1.4839289154214939,ramp,primary 3-seed mean complex IG K7,mean,,True,True,True,primary clean calibration,10
DS8,117.5,0.7757866647748671,ramp,B0 Exact,NA,,False,False,False,B0 Exact clean calibration,
DS8,117.5,1.4865620972813633,ramp,primary 3-seed mean complex IG K7,mean,,True,True,True,primary clean calibration,10
DS8,118.0,0.9168812214702425,ramp,B0 Exact,NA,,False,False,False,B0 Exact clean calibration,
DS8,118.0,1.4854835766617127,ramp,primary 3-seed mean complex IG K7,mean,,True,True,True,primary clean calibration,10
DS8,118.5,0.8609477112426682,ramp,B0 Exact,NA,,False,False,False,B0 Exact clean calibration,
DS8,118.5,1.4828086634005349,ramp,primary 3-seed mean complex IG K7,mean,,True,True,True,primary clean calibration,10
DS8,119.0,0.9884083270779824,ramp,B0 Exact,NA,,False,False,False,B0 Exact clean calibration,
DS8,119.0,1.4832743216095263,ramp,primary 3-seed mean complex IG K7,mean,,True,True,True,primary clean calibration,10
DS8,119.5,1.3199487518703994,ramp,B0 Exact,NA,,False,False,False,B0 Exact clean calibration,
DS8,119.5,1.484956297846761,ramp,primary 3-seed mean complex IG K7,mean,,True,True,True,primary clean calibration,10
DS8,120.0,1.0445015719526296,ramp,B0 Exact,NA,,False,False,False,B0 Exact clean calibration,
DS8,120.0,1.4822373872434118,ramp,primary 3-seed mean complex IG K7,mean,,True,True,True,primary clean calibration,10
DS8,120.5,0.8194066339755636,ramp,B0 Exact,NA,,False,False,False,B0 Exact clean calibration,
DS8,120.5,1.4805837548430623,ramp,primary 3-seed mean complex IG K7,mean,,True,True,True,primary clean calibration,10
DS8,121.0,0.7699156833948381,ramp,B0 Exact,NA,,False,False,False,B0 Exact clean calibration,
DS8,121.0,1.4817921417481383,ramp,primary 3-seed mean complex IG K7,mean,,True,True,True,primary clean calibration,10
DS8,121.5,0.9201343061921099,ramp,B0 Exact,NA,,False,False,False,B0 Exact clean calibration,
DS8,121.5,1.4816274830568872,ramp,primary 3-seed mean complex IG K7,mean,,True,True,True,primary clean calibration,11
DS8,122.0,0.8454614375572478,ramp,B0 Exact,NA,,False,False,False,B0 Exact clean calibration,
DS8,122.0,1.4794274104061058,ramp,primary 3-seed mean complex IG K7,mean,,True,True,True,primary clean calibration,11
DS8,122.5,0.8962737055251487,ramp,B0 Exact,NA,,False,False,False,B0 Exact clean calibration,
DS8,122.5,1.4798633536151329,ramp,primary 3-seed mean complex IG K7,mean,,True,True,True,primary clean calibration,11
DS8,123.0,0.9343829065010744,ramp,B0 Exact,NA,,False,False,False,B0 Exact clean calibration,
DS8,123.0,1.4793541586411916,ramp,primary 3-seed mean complex IG K7,mean,,True,True,True,primary clean calibration,11
DS8,123.5,0.8214207471400631,ramp,B0 Exact,NA,,False,False,False,B0 Exact clean calibration,
DS8,123.5,1.4805281696480908,ramp,primary 3-seed mean complex IG K7,mean,,True,True,True,primary clean calibration,11
DS8,124.0,1.1443174548013204,ramp,B0 Exact,NA,,False,False,False,B0 Exact clean calibration,
DS8,124.0,1.4764247361597338,ramp,primary 3-seed mean complex IG K7,mean,,True,True,True,primary clean calibration,11
DS8,124.5,1.141383425687457,ramp,B0 Exact,NA,,False,False,False,B0 Exact clean calibration,
DS8,124.5,1.4771680415248898,ramp,primary 3-seed mean complex IG K7,mean,,True,True,True,primary clean calibration,11
DS8,125.0,1.0999461782992483,ramp,B0 Exact,NA,,False,False,False,B0 Exact clean calibration,
DS8,125.0,1.477672504236901,ramp,primary 3-seed mean complex IG K7,mean,,True,True,True,primary clean calibration,11
DS8,125.5,1.3532115281707093,ramp,B0 Exact,NA,,False,False,False,B0 Exact clean calibration,
DS8,125.5,1.4742320915349953,ramp,primary 3-seed mean complex IG K7,mean,,True,True,True,primary clean calibration,11
DS8,126.0,1.4551555987683575,ramp,B0 Exact,NA,,False,False,False,B0 Exact clean calibration,
DS8,126.0,1.476120046357335,ramp,primary 3-seed mean complex IG K7,mean,,True,True,True,primary clean calibration,11
DS8,126.5,1.6196185935225413,ramp,B0 Exact,NA,,False,False,False,B0 Exact clean calibration,
DS8,126.5,1.47599663023623,ramp,primary 3-seed mean complex IG K7,mean,,True,True,True,primary clean calibration,11
DS8,127.0,1.6885471199002098,ramp,B0 Exact,NA,,False,False,False,B0 Exact clean calibration,
DS8,127.0,1.4768074144381689,ramp,primary 3-seed mean complex IG K7,mean,,True,True,True,primary clean calibration,11
DS8,127.5,1.8808059994194228,ramp,B0 Exact,NA,,False,False,True,B0 Exact clean calibration,
DS8,127.5,1.4753289155935854,ramp,primary 3-seed mean complex IG K7,mean,,True,True,True,primary clean calibration,11
DS8,128.0,2.3938977746023014,ramp,B0 Exact,NA,,True,True,True,B0 Exact clean calibration,
DS8,128.0,1.4778012625290387,ramp,primary 3-seed mean complex IG K7,mean,,True,True,True,primary clean calibration,11
DS8,128.5,2.7147120253395958,ramp,B0 Exact,NA,,True,True,True,B0 Exact clean calibration,
DS8,128.5,1.4787794838067576,ramp,primary 3-seed mean complex IG K7,mean,,True,True,True,primary clean calibration,11
DS8,129.0,2.614676525566609,ramp,B0 Exact,NA,,True,True,True,B0 Exact clean calibration,
DS8,129.0,1.4787939300504966,ramp,primary 3-seed mean complex IG K7,mean,,True,True,True,primary clean calibration,11
DS8,129.5,2.303704937820938,ramp,B0 Exact,NA,,True,True,True,B0 Exact clean calibration,
DS8,129.5,1.4803095750056954,ramp,primary 3-seed mean complex IG K7,mean,,True,True,True,primary clean calibration,11
DS8,130.0,2.0704762470116846,ramp,B0 Exact,NA,,True,True,True,B0 Exact clean calibration,
DS8,130.0,1.4824080315380632,ramp,primary 3-seed mean complex IG K7,mean,,True,True,True,primary clean calibration,11
DS8,130.5,2.1552779923963667,takeover,B0 Exact,NA,,True,True,True,B0 Exact clean calibration,
DS8,130.5,1.4789411978199574,takeover,primary 3-seed mean complex IG K7,mean,,True,True,True,primary clean calibration,11
DS8,131.0,1.9591560379432564,takeover,B0 Exact,NA,,True,False,True,B0 Exact clean calibration,
DS8,131.0,1.4779696575868184,takeover,primary 3-seed mean complex IG K7,mean,,True,True,True,primary clean calibration,11
DS8,131.5,2.071787835595045,takeover,B0 Exact,NA,,True,True,True,B0 Exact clean calibration,
DS8,131.5,1.4789082383186942,takeover,primary 3-seed mean complex IG K7,mean,,True,True,True,primary clean calibration,11
DS8,132.0,2.473129571084154,takeover,B0 Exact,NA,,True,True,True,B0 Exact clean calibration,
DS8,132.0,1.481728030193973,takeover,primary 3-seed mean complex IG K7,mean,,True,True,True,primary clean calibration,11
DS8,132.5,2.4334896848750276,takeover,B0 Exact,NA,,True,True,True,B0 Exact clean calibration,
DS8,132.5,1.480802976857527,takeover,primary 3-seed mean complex IG K7,mean,,True,True,True,primary clean calibration,11
DS8,133.0,2.427538070793874,takeover,B0 Exact,NA,,True,True,True,B0 Exact clean calibration,
DS8,133.0,1.482258759458273,takeover,primary 3-seed mean complex IG K7,mean,,True,True,True,primary clean calibration,11
DS8,133.5,2.804588436106771,takeover,B0 Exact,NA,,True,True,True,B0 Exact clean calibration,
DS8,133.5,1.481086303359571,takeover,primary 3-seed mean complex IG K7,mean,,True,True,True,primary clean calibration,11
DS8,134.0,2.7178369865743437,takeover,B0 Exact,NA,,True,True,True,B0 Exact clean calibration,
DS8,134.0,1.4782350024959119,takeover,primary 3-seed mean complex IG K7,mean,,True,True,True,primary clean calibration,11
DS8,134.5,2.6407985470683606,takeover,B0 Exact,NA,,True,True,True,B0 Exact clean calibration,
DS8,134.5,1.479872731170272,takeover,primary 3-seed mean complex IG K7,mean,,True,True,True,primary clean calibration,11
DS8,135.0,2.153885705441257,takeover,B0 Exact,NA,,True,True,True,B0 Exact clean calibration,
DS8,135.0,1.4784311598536852,takeover,primary 3-seed mean complex IG K7,mean,,True,True,True,primary clean calibration,11
DS8,135.5,1.958111822726924,takeover,B0 Exact,NA,,True,False,True,B0 Exact clean calibration,
DS8,135.5,1.4796360647524054,takeover,primary 3-seed mean complex IG K7,mean,,True,True,True,primary clean calibration,11
DS8,136.0,2.3878725614330634,takeover,B0 Exact,NA,,True,True,True,B0 Exact clean calibration,
DS8,136.0,1.4764948308187418,takeover,primary 3-seed mean complex IG K7,mean,,True,True,True,primary clean calibration,11
DS8,136.5,2.133601964720779,takeover,B0 Exact,NA,,True,True,True,B0 Exact clean calibration,
DS8,136.5,1.4780113938836144,takeover,primary 3-seed mean complex IG K7,mean,,True,True,True,primary clean calibration,11
DS8,137.0,2.202622280678187,takeover,B0 Exact,NA,,True,True,True,B0 Exact clean calibration,
DS8,137.0,1.48130036516228,takeover,primary 3-seed mean complex IG K7,mean,,True,True,True,primary clean calibration,11
DS8,137.5,2.5712554048965104,takeover,B0 Exact,NA,,True,True,True,B0 Exact clean calibration,
DS8,137.5,1.4792685970290462,takeover,primary 3-seed mean complex IG K7,mean,,True,True,True,primary clean calibration,11
DS8,138.0,2.255459432770595,takeover,B0 Exact,NA,,True,True,True,B0 Exact clean calibration,
DS8,138.0,1.4789401362091192,takeover,primary 3-seed mean complex IG K7,mean,,True,True,True,primary clean calibration,11
DS8,138.5,2.2940153817155498,takeover,B0 Exact,NA,,True,True,True,B0 Exact clean calibration,
DS8,138.5,1.4794952917771964,takeover,primary 3-seed mean complex IG K7,mean,,True,True,True,primary clean calibration,11
DS8,139.0,2.3229323434242657,takeover,B0 Exact,NA,,True,True,True,B0 Exact clean calibration,
DS8,139.0,1.4768878039847804,takeover,primary 3-seed mean complex IG K7,mean,,True,True,True,primary clean calibration,11
DS8,139.5,2.3565949170624645,takeover,B0 Exact,NA,,True,True,True,B0 Exact clean calibration,
DS8,139.5,1.4785512917280297,takeover,primary 3-seed mean complex IG K7,mean,,True,True,True,primary clean calibration,11
DS8,140.0,1.9407329829368347,takeover,B0 Exact,NA,,False,False,True,B0 Exact clean calibration,
DS8,140.0,1.478410082440418,takeover,primary 3-seed mean complex IG K7,mean,,True,True,True,primary clean calibration,11
DS8,140.5,1.6288365323426124,takeover,B0 Exact,NA,,False,False,False,B0 Exact clean calibration,
DS8,140.5,1.477073575532118,takeover,primary 3-seed mean complex IG K7,mean,,True,True,True,primary clean calibration,11
DS8,141.0,1.5643249429029407,takeover,B0 Exact,NA,,False,False,False,B0 Exact clean calibration,
DS8,141.0,1.4802164239646636,takeover,primary 3-seed mean complex IG K7,mean,,True,True,True,primary clean calibration,11
DS8,141.5,2.157178590188571,takeover,B0 Exact,NA,,True,True,True,B0 Exact clean calibration,
DS8,141.5,1.4796187355870636,takeover,primary 3-seed mean complex IG K7,mean,,True,True,True,primary clean calibration,11
DS8,142.0,1.7732446505545936,takeover,B0 Exact,NA,,False,False,False,B0 Exact clean calibration,
DS8,142.0,1.4779184458817174,takeover,primary 3-seed mean complex IG K7,mean,,True,True,True,primary clean calibration,11
DS8,142.5,1.9443291474102107,takeover,B0 Exact,NA,,False,False,True,B0 Exact clean calibration,
DS8,142.5,1.4802481764148283,takeover,primary 3-seed mean complex IG K7,mean,,True,True,True,primary clean calibration,11
DS8,143.0,2.0606676676952613,takeover,B0 Exact,NA,,True,True,True,B0 Exact clean calibration,
DS8,143.0,1.479875255795308,takeover,primary 3-seed mean complex IG K7,mean,,True,True,True,primary clean calibration,11
DS8,143.5,2.52879402580918,takeover,B0 Exact,NA,,True,True,True,B0 Exact clean calibration,
DS8,143.5,1.4808732668012523,takeover,primary 3-seed mean complex IG K7,mean,,True,True,True,primary clean calibration,11
DS8,144.0,2.223613398455097,takeover,B0 Exact,NA,,True,True,True,B0 Exact clean calibration,
DS8,144.0,1.4816399757370808,takeover,primary 3-seed mean complex IG K7,mean,,True,True,True,primary clean calibration,11
DS8,144.5,2.270130855978926,takeover,B0 Exact,NA,,True,True,True,B0 Exact clean calibration,
DS8,144.5,1.4785458819088795,takeover,primary 3-seed mean complex IG K7,mean,,True,True,True,primary clean calibration,11
DS8,145.0,1.7571381500340246,takeover,B0 Exact,NA,,False,False,False,B0 Exact clean calibration,
DS8,145.0,1.4795387077151767,takeover,primary 3-seed mean complex IG K7,mean,,True,True,True,primary clean calibration,11
DS8,145.5,1.6605511561714998,takeover,B0 Exact,NA,,False,False,False,B0 Exact clean calibration,
DS8,145.5,1.4791463541223726,takeover,primary 3-seed mean complex IG K7,mean,,True,True,True,primary clean calibration,11
DS8,146.0,2.164702061516495,takeover,B0 Exact,NA,,True,True,True,B0 Exact clean calibration,
DS8,146.0,1.479456717893753,takeover,primary 3-seed mean complex IG K7,mean,,True,True,True,primary clean calibration,11
DS8,146.5,1.9662240897833527,takeover,B0 Exact,NA,,True,False,True,B0 Exact clean calibration,
DS8,146.5,1.4810398382390382,takeover,primary 3-seed mean complex IG K7,mean,,True,True,True,primary clean calibration,11
DS8,147.0,1.8097092902266068,takeover,B0 Exact,NA,,False,False,True,B0 Exact clean calibration,
DS8,147.0,1.4823231088170903,takeover,primary 3-seed mean complex IG K7,mean,,True,True,True,primary clean calibration,11
DS8,147.5,1.9716776271642205,takeover,B0 Exact,NA,,True,False,True,B0 Exact clean calibration,
DS8,147.5,1.4818342047259205,takeover,primary 3-seed mean complex IG K7,mean,,True,True,True,primary clean calibration,11
DS8,148.0,2.3980469147610353,takeover,B0 Exact,NA,,True,True,True,B0 Exact clean calibration,
DS8,148.0,1.478640611057734,takeover,primary 3-seed mean complex IG K7,mean,,True,True,True,primary clean calibration,11
DS8,148.5,2.4009559932083793,takeover,B0 Exact,NA,,True,True,True,B0 Exact clean calibration,
DS8,148.5,1.4821779694645818,takeover,primary 3-seed mean complex IG K7,mean,,True,True,True,primary clean calibration,11
DS8,149.0,2.143414538552266,takeover,B0 Exact,NA,,True,True,True,B0 Exact clean calibration,
DS8,149.0,1.4790224507865952,takeover,primary 3-seed mean complex IG K7,mean,,True,True,True,primary clean calibration,11
DS8,149.5,2.591495786925565,takeover,B0 Exact,NA,,True,True,True,B0 Exact clean calibration,
DS8,149.5,1.4784352817011817,takeover,primary 3-seed mean complex IG K7,mean,,True,True,True,primary clean calibration,11
DS8,150.0,2.2786630630832656,takeover,B0 Exact,NA,,True,True,True,B0 Exact clean calibration,
DS8,150.0,1.479906785679504,takeover,primary 3-seed mean complex IG K7,mean,,True,True,True,primary clean calibration,11
DS8,150.5,2.0516948409584304,persistent,B0 Exact,NA,,True,True,True,B0 Exact clean calibration,
DS8,150.5,1.4824366435650553,persistent,primary 3-seed mean complex IG K7,mean,,True,True,True,primary clean calibration,11
DS8,151.0,1.8814686743648041,persistent,B0 Exact,NA,,False,False,True,B0 Exact clean calibration,
DS8,151.0,1.4808778060441214,persistent,primary 3-seed mean complex IG K7,mean,,True,True,True,primary clean calibration,11
DS8,151.5,1.9897440123355157,persistent,B0 Exact,NA,,True,True,True,B0 Exact clean calibration,
DS8,151.5,1.4788897833564671,persistent,primary 3-seed mean complex IG K7,mean,,True,True,True,primary clean calibration,11
DS8,152.0,2.0947288163892397,persistent,B0 Exact,NA,,True,True,True,B0 Exact clean calibration,
DS8,152.0,1.4798426885198042,persistent,primary 3-seed mean complex IG K7,mean,,True,True,True,primary clean calibration,11
DS8,152.5,1.898064491390142,persistent,B0 Exact,NA,,False,False,True,B0 Exact clean calibration,
DS8,152.5,1.4798761237139644,persistent,primary 3-seed mean complex IG K7,mean,,True,True,True,primary clean calibration,11
DS8,153.0,1.5668156707250196,persistent,B0 Exact,NA,,False,False,False,B0 Exact clean calibration,
DS8,153.0,1.4799088938622529,persistent,primary 3-seed mean complex IG K7,mean,,True,True,True,primary clean calibration,11
DS8,153.5,1.348398548183751,persistent,B0 Exact,NA,,False,False,False,B0 Exact clean calibration,
DS8,153.5,1.4777233496782465,persistent,primary 3-seed mean complex IG K7,mean,,True,True,True,primary clean calibration,11
DS8,154.0,1.6137197182754164,persistent,B0 Exact,NA,,False,False,False,B0 Exact clean calibration,
DS8,154.0,1.476904386111843,persistent,primary 3-seed mean complex IG K7,mean,,True,True,True,primary clean calibration,11
DS8,154.5,1.3835765838465486,persistent,B0 Exact,NA,,False,False,False,B0 Exact clean calibration,
DS8,154.5,1.4799562191916191,persistent,primary 3-seed mean complex IG K7,mean,,True,True,True,primary clean calibration,11
DS8,155.0,1.3803799815308928,persistent,B0 Exact,NA,,False,False,False,B0 Exact clean calibration,
DS8,155.0,1.4803033061659956,persistent,primary 3-seed mean complex IG K7,mean,,True,True,True,primary clean calibration,11
DS8,155.5,1.0898249941979998,persistent,B0 Exact,NA,,False,False,False,B0 Exact clean calibration,
DS8,155.5,1.4783466142650241,persistent,primary 3-seed mean complex IG K7,mean,,True,True,True,primary clean calibration,11
DS8,156.0,0.9727294535616653,persistent,B0 Exact,NA,,False,False,False,B0 Exact clean calibration,
DS8,156.0,1.4784891423865503,persistent,primary 3-seed mean complex IG K7,mean,,True,True,True,primary clean calibration,11
DS8,156.5,0.9028338853112353,persistent,B0 Exact,NA,,False,False,False,B0 Exact clean calibration,
DS8,156.5,1.4768176585772832,persistent,primary 3-seed mean complex IG K7,mean,,True,True,True,primary clean calibration,11
DS8,157.0,1.2795462211210298,persistent,B0 Exact,NA,,False,False,False,B0 Exact clean calibration,
DS8,157.0,1.4753933926771794,persistent,primary 3-seed mean complex IG K7,mean,,True,True,True,primary clean calibration,11
DS8,157.5,1.3023572094867537,persistent,B0 Exact,NA,,False,False,False,B0 Exact clean calibration,
DS8,157.5,1.4771079634789273,persistent,primary 3-seed mean complex IG K7,mean,,True,True,True,primary clean calibration,11
DS8,158.0,1.0499939112232983,persistent,B0 Exact,NA,,False,False,False,B0 Exact clean calibration,
DS8,158.0,1.479046456537844,persistent,primary 3-seed mean complex IG K7,mean,,True,True,True,primary clean calibration,11
DS8,158.5,1.366137939979386,persistent,B0 Exact,NA,,False,False,False,B0 Exact clean calibration,
DS8,158.5,1.4772642965386484,persistent,primary 3-seed mean complex IG K7,mean,,True,True,True,primary clean calibration,11
DS8,159.0,1.638999114478805,persistent,B0 Exact,NA,,False,False,False,B0 Exact clean calibration,
DS8,159.0,1.4755495021538263,persistent,primary 3-seed mean complex IG K7,mean,,True,True,True,primary clean calibration,11
DS8,159.5,1.40253613099909,persistent,B0 Exact,NA,,False,False,False,B0 Exact clean calibration,
DS8,159.5,1.4775974411928192,persistent,primary 3-seed mean complex IG K7,mean,,True,True,True,primary clean calibration,11
DS8,160.0,1.3789199773475298,persistent,B0 Exact,NA,,False,False,False,B0 Exact clean calibration,
DS8,160.0,1.4762631071264491,persistent,primary 3-seed mean complex IG K7,mean,,True,True,True,primary clean calibration,11
DS8,160.5,2.018124866022013,persistent,B0 Exact,NA,,True,True,True,B0 Exact clean calibration,
DS8,160.5,1.479725473388994,persistent,primary 3-seed mean complex IG K7,mean,,True,True,True,primary clean calibration,11
DS8,161.0,2.127989309010775,persistent,B0 Exact,NA,,True,True,True,B0 Exact clean calibration,
DS8,161.0,1.4780006384989417,persistent,primary 3-seed mean complex IG K7,mean,,True,True,True,primary clean calibration,11
DS8,161.5,1.7692787768980676,persistent,B0 Exact,NA,,False,False,False,B0 Exact clean calibration,
DS8,161.5,1.4819233905621925,persistent,primary 3-seed mean complex IG K7,mean,,True,True,True,primary clean calibration,11
DS8,162.0,2.310893965684916,persistent,B0 Exact,NA,,True,True,True,B0 Exact clean calibration,
DS8,162.0,1.4807429885883667,persistent,primary 3-seed mean complex IG K7,mean,,True,True,True,primary clean calibration,11
DS8,162.5,2.3118129808255996,persistent,B0 Exact,NA,,True,True,True,B0 Exact clean calibration,
DS8,162.5,1.4783325256668338,persistent,primary 3-seed mean complex IG K7,mean,,True,True,True,primary clean calibration,11
DS8,163.0,1.907146530759186,persistent,B0 Exact,NA,,False,False,True,B0 Exact clean calibration,
DS8,163.0,1.4770609123288312,persistent,primary 3-seed mean complex IG K7,mean,,True,True,True,primary clean calibration,11
DS8,163.5,2.414294781080755,persistent,B0 Exact,NA,,True,True,True,B0 Exact clean calibration,
DS8,163.5,1.4757570957892456,persistent,primary 3-seed mean complex IG K7,mean,,True,True,True,primary clean calibration,11
DS8,164.0,2.413141892948169,persistent,B0 Exact,NA,,True,True,True,B0 Exact clean calibration,
DS8,164.0,1.474616913377066,persistent,primary 3-seed mean complex IG K7,mean,,True,True,True,primary clean calibration,11
DS8,164.5,2.144897642600219,persistent,B0 Exact,NA,,True,True,True,B0 Exact clean calibration,
DS8,164.5,1.4769114828118974,persistent,primary 3-seed mean complex IG K7,mean,,True,True,True,primary clean calibration,11
DS8,165.0,2.211094039087768,persistent,B0 Exact,NA,,True,True,True,B0 Exact clean calibration,
DS8,165.0,1.477572667947024,persistent,primary 3-seed mean complex IG K7,mean,,True,True,True,primary clean calibration,11
DS8,165.5,2.001018072961807,persistent,B0 Exact,NA,,True,True,True,B0 Exact clean calibration,
DS8,165.5,1.4758325823305014,persistent,primary 3-seed mean complex IG K7,mean,,True,True,True,primary clean calibration,11
DS8,166.0,1.5367940097324466,persistent,B0 Exact,NA,,False,False,False,B0 Exact clean calibration,
DS8,166.0,1.4795641865152742,persistent,primary 3-seed mean complex IG K7,mean,,True,True,True,primary clean calibration,11
DS8,166.5,1.4952930509453164,persistent,B0 Exact,NA,,False,False,False,B0 Exact clean calibration,
DS8,166.5,1.4790868036207498,persistent,primary 3-seed mean complex IG K7,mean,,True,True,True,primary clean calibration,11
DS8,167.0,1.7238905953465904,persistent,B0 Exact,NA,,False,False,False,B0 Exact clean calibration,
DS8,167.0,1.4772614284882868,persistent,primary 3-seed mean complex IG K7,mean,,True,True,True,primary clean calibration,11
DS8,167.5,1.6356154901559241,persistent,B0 Exact,NA,,False,False,False,B0 Exact clean calibration,
DS8,167.5,1.4800824659882847,persistent,primary 3-seed mean complex IG K7,mean,,True,True,True,primary clean calibration,11
DS8,168.0,1.5617528405060352,persistent,B0 Exact,NA,,False,False,False,B0 Exact clean calibration,
DS8,168.0,1.4779403781256975,persistent,primary 3-seed mean complex IG K7,mean,,True,True,True,primary clean calibration,11
DS8,168.5,1.5063558532686188,persistent,B0 Exact,NA,,False,False,False,B0 Exact clean calibration,
DS8,168.5,1.4769070692175408,persistent,primary 3-seed mean complex IG K7,mean,,True,True,True,primary clean calibration,11
DS8,169.0,1.2851275978646295,persistent,B0 Exact,NA,,False,False,False,B0 Exact clean calibration,
DS8,169.0,1.4754462513721887,persistent,primary 3-seed mean complex IG K7,mean,,True,True,True,primary clean calibration,11
DS8,169.5,1.5782413578927375,persistent,B0 Exact,NA,,False,False,False,B0 Exact clean calibration,
DS8,169.5,1.4756602396287348,persistent,primary 3-seed mean complex IG K7,mean,,True,True,True,primary clean calibration,11
DS8,170.0,2.1676159014309184,persistent,B0 Exact,NA,,True,True,True,B0 Exact clean calibration,
DS8,170.0,1.4782683948260311,persistent,primary 3-seed mean complex IG K7,mean,,True,True,True,primary clean calibration,11
DS8,170.5,2.609646809084554,persistent,B0 Exact,NA,,True,True,True,B0 Exact clean calibration,
DS8,170.5,1.4759971417968314,persistent,primary 3-seed mean complex IG K7,mean,,True,True,True,primary clean calibration,11
DS8,171.0,2.284252985911628,persistent,B0 Exact,NA,,True,True,True,B0 Exact clean calibration,
DS8,171.0,1.4759493479105394,persistent,primary 3-seed mean complex IG K7,mean,,True,True,True,primary clean calibration,11
DS8,171.5,2.055887283079702,persistent,B0 Exact,NA,,True,True,True,B0 Exact clean calibration,
DS8,171.5,1.4774668953675818,persistent,primary 3-seed mean complex IG K7,mean,,True,True,True,primary clean calibration,11
DS8,172.0,2.120557968871689,persistent,B0 Exact,NA,,True,True,True,B0 Exact clean calibration,
DS8,172.0,1.4794332877218161,persistent,primary 3-seed mean complex IG K7,mean,,True,True,True,primary clean calibration,11
DS8,172.5,2.19283928379137,persistent,B0 Exact,NA,,True,True,True,B0 Exact clean calibration,
DS8,172.5,1.4782410065268652,persistent,primary 3-seed mean complex IG K7,mean,,True,True,True,primary clean calibration,11
DS8,173.0,1.9796706857326198,persistent,B0 Exact,NA,,True,False,True,B0 Exact clean calibration,
DS8,173.0,1.4812019169034496,persistent,primary 3-seed mean complex IG K7,mean,,True,True,True,primary clean calibration,11
DS8,173.5,1.8197942371885572,persistent,B0 Exact,NA,,False,False,True,B0 Exact clean calibration,
DS8,173.5,1.4758042939880998,persistent,primary 3-seed mean complex IG K7,mean,,True,True,True,primary clean calibration,11
DS8,174.0,1.9792413373856834,persistent,B0 Exact,NA,,True,False,True,B0 Exact clean calibration,
DS8,174.0,1.4767463277537531,persistent,primary 3-seed mean complex IG K7,mean,,True,True,True,primary clean calibration,11
DS8,174.5,1.6397917109524278,persistent,B0 Exact,NA,,False,False,False,B0 Exact clean calibration,
DS8,174.5,1.4817591545272275,persistent,primary 3-seed mean complex IG K7,mean,,True,True,True,primary clean calibration,11
DS8,175.0,1.3852044911274861,persistent,B0 Exact,NA,,False,False,False,B0 Exact clean calibration,
DS8,175.0,1.474312637309331,persistent,primary 3-seed mean complex IG K7,mean,,True,True,True,primary clean calibration,11
DS8,175.5,1.365921247443827,persistent,B0 Exact,NA,,False,False,False,B0 Exact clean calibration,
DS8,175.5,1.4730747902737684,persistent,primary 3-seed mean complex IG K7,mean,,True,True,True,primary clean calibration,11
DS8,176.0,1.94372962997074,persistent,B0 Exact,NA,,False,False,True,B0 Exact clean calibration,
DS8,176.0,1.474040905216433,persistent,primary 3-seed mean complex IG K7,mean,,True,True,True,primary clean calibration,11
DS8,176.5,2.820612266514139,persistent,B0 Exact,NA,,True,True,True,B0 Exact clean calibration,
DS8,176.5,1.4742881266340675,persistent,primary 3-seed mean complex IG K7,mean,,True,True,True,primary clean calibration,11
DS8,177.0,2.717880007023207,persistent,B0 Exact,NA,,True,True,True,B0 Exact clean calibration,
DS8,177.0,1.4754067023329156,persistent,primary 3-seed mean complex IG K7,mean,,True,True,True,primary clean calibration,11
DS8,177.5,3.0223448882787705,persistent,B0 Exact,NA,,True,True,True,B0 Exact clean calibration,
DS8,177.5,1.4744967370200455,persistent,primary 3-seed mean complex IG K7,mean,,True,True,True,primary clean calibration,11
DS8,178.0,3.713574036119688,persistent,B0 Exact,NA,,True,True,True,B0 Exact clean calibration,
DS8,178.0,1.473674779668059,persistent,primary 3-seed mean complex IG K7,mean,,True,True,True,primary clean calibration,11
DS8,178.5,4.14799557112585,persistent,B0 Exact,NA,,True,True,True,B0 Exact clean calibration,
DS8,178.5,1.4747044935310665,persistent,primary 3-seed mean complex IG K7,mean,,True,True,True,primary clean calibration,11
DS8,179.0,5.127640747337059,persistent,B0 Exact,NA,,True,True,True,B0 Exact clean calibration,
DS8,179.0,1.4689621551388745,persistent,primary 3-seed mean complex IG K7,mean,,True,True,True,primary clean calibration,11
DS8,179.5,5.862374629495467,persistent,B0 Exact,NA,,True,True,True,B0 Exact clean calibration,
DS8,179.5,1.4719290184035232,persistent,primary 3-seed mean complex IG K7,mean,,True,True,True,primary clean calibration,11
DS8,180.0,6.332959168515378,persistent,B0 Exact,NA,,True,True,True,B0 Exact clean calibration,
DS8,180.0,1.4690402309155266,persistent,primary 3-seed mean complex IG K7,mean,,True,True,True,primary clean calibration,11
DS8,180.5,6.766363445379206,persistent,B0 Exact,NA,,True,True,True,B0 Exact clean calibration,
DS8,180.5,1.4701970786199794,persistent,primary 3-seed mean complex IG K7,mean,,True,True,True,primary clean calibration,11
DS8,181.0,7.78371139376776,persistent,B0 Exact,NA,,True,True,True,B0 Exact clean calibration,
DS8,181.0,1.4692418649302965,persistent,primary 3-seed mean complex IG K7,mean,,True,True,True,primary clean calibration,11
DS8,181.5,7.773961741719598,persistent,B0 Exact,NA,,True,True,True,B0 Exact clean calibration,
DS8,181.5,1.4745362347573356,persistent,primary 3-seed mean complex IG K7,mean,,True,True,True,primary clean calibration,11
DS8,182.0,7.847115375282371,persistent,B0 Exact,NA,,True,True,True,B0 Exact clean calibration,
DS8,182.0,1.4698088065928152,persistent,primary 3-seed mean complex IG K7,mean,,True,True,True,primary clean calibration,11
DS8,182.5,8.603842356277447,persistent,B0 Exact,NA,,True,True,True,B0 Exact clean calibration,
DS8,182.5,1.468473184329131,persistent,primary 3-seed mean complex IG K7,mean,,True,True,True,primary clean calibration,11
DS8,183.0,9.171387592023756,persistent,B0 Exact,NA,,True,True,True,B0 Exact clean calibration,
DS8,183.0,1.4687025750349276,persistent,primary 3-seed mean complex IG K7,mean,,True,True,True,primary clean calibration,11
DS8,183.5,10.499775996994543,persistent,B0 Exact,NA,,True,True,True,B0 Exact clean calibration,
DS8,183.5,1.4704486375694799,persistent,primary 3-seed mean complex IG K7,mean,,True,True,True,primary clean calibration,11
DS8,184.0,11.496067300722633,persistent,B0 Exact,NA,,True,True,True,B0 Exact clean calibration,
DS8,184.0,1.4673190982125162,persistent,primary 3-seed mean complex IG K7,mean,,True,True,True,primary clean calibration,11
DS8,184.5,12.2432857785187,persistent,B0 Exact,NA,,True,True,True,B0 Exact clean calibration,
DS8,184.5,1.4661932515835066,persistent,primary 3-seed mean complex IG K7,mean,,True,True,True,primary clean calibration,11
DS8,185.0,12.803699636865751,persistent,B0 Exact,NA,,True,True,True,B0 Exact clean calibration,
DS8,185.0,1.468895274926495,persistent,primary 3-seed mean complex IG K7,mean,,True,True,True,primary clean calibration,11
DS8,185.5,12.321280552464984,persistent,B0 Exact,NA,,True,True,True,B0 Exact clean calibration,
DS8,185.5,1.4669351788630276,persistent,primary 3-seed mean complex IG K7,mean,,True,True,True,primary clean calibration,11
DS8,186.0,11.959466239164406,persistent,B0 Exact,NA,,True,True,True,B0 Exact clean calibration,
DS8,186.0,1.4675864873908369,persistent,primary 3-seed mean complex IG K7,mean,,True,True,True,primary clean calibration,11
DS8,186.5,11.688105504188975,persistent,B0 Exact,NA,,True,True,True,B0 Exact clean calibration,
DS8,186.5,1.468839606570084,persistent,primary 3-seed mean complex IG K7,mean,,True,True,True,primary clean calibration,11
DS8,187.0,11.484584952957402,persistent,B0 Exact,NA,,True,True,True,B0 Exact clean calibration,
DS8,187.0,1.4708703831095071,persistent,primary 3-seed mean complex IG K7,mean,,True,True,True,primary clean calibration,11
DS8,187.5,11.331944539533719,persistent,B0 Exact,NA,,True,True,True,B0 Exact clean calibration,
DS8,187.5,1.4665033391383986,persistent,primary 3-seed mean complex IG K7,mean,,True,True,True,primary clean calibration,11
DS8,188.0,11.217464229465957,persistent,B0 Exact,NA,,True,True,True,B0 Exact clean calibration,
DS8,188.0,1.4670803388794484,persistent,primary 3-seed mean complex IG K7,mean,,True,True,True,primary clean calibration,11
DS8,188.5,9.859913542010077,persistent,B0 Exact,NA,,True,True,True,B0 Exact clean calibration,
DS8,188.5,1.468729524644436,persistent,primary 3-seed mean complex IG K7,mean,,True,True,True,primary clean calibration,11
DS8,189.0,10.103873966240913,persistent,B0 Exact,NA,,True,True,True,B0 Exact clean calibration,
DS8,189.0,1.4692637753350315,persistent,primary 3-seed mean complex IG K7,mean,,True,True,True,primary clean calibration,11
DS8,189.5,9.024720844591295,persistent,B0 Exact,NA,,True,True,True,B0 Exact clean calibration,
DS8,189.5,1.4691315848743811,persistent,primary 3-seed mean complex IG K7,mean,,True,True,True,primary clean calibration,11
DS8,190.0,8.785184702436144,persistent,B0 Exact,NA,,True,True,True,B0 Exact clean calibration,
DS8,190.0,1.4671355552886929,persistent,primary 3-seed mean complex IG K7,mean,,True,True,True,primary clean calibration,11
DS8,190.5,8.525066723220885,persistent,B0 Exact,NA,,True,True,True,B0 Exact clean calibration,
DS8,190.5,1.4700868115037906,persistent,primary 3-seed mean complex IG K7,mean,,True,True,True,primary clean calibration,11
DS8,191.0,7.840615412326274,persistent,B0 Exact,NA,,True,True,True,B0 Exact clean calibration,
DS8,191.0,1.4669407370462677,persistent,primary 3-seed mean complex IG K7,mean,,True,True,True,primary clean calibration,11
DS8,191.5,7.897105628237378,persistent,B0 Exact,NA,,True,True,True,B0 Exact clean calibration,
DS8,191.5,1.4680148184620627,persistent,primary 3-seed mean complex IG K7,mean,,True,True,True,primary clean calibration,11
DS8,192.0,7.939473290170707,persistent,B0 Exact,NA,,True,True,True,B0 Exact clean calibration,
DS8,192.0,1.464192084584619,persistent,primary 3-seed mean complex IG K7,mean,,True,True,True,primary clean calibration,11
DS8,192.5,7.971249036620703,persistent,B0 Exact,NA,,True,True,True,B0 Exact clean calibration,
DS8,192.5,1.4601632541173146,persistent,primary 3-seed mean complex IG K7,mean,,True,True,True,primary clean calibration,11
DS8,193.0,7.995080846458199,persistent,B0 Exact,NA,,True,True,True,B0 Exact clean calibration,
DS8,193.0,1.464667529643884,persistent,primary 3-seed mean complex IG K7,mean,,True,True,True,primary clean calibration,11
DS8,193.5,8.714816459659318,persistent,B0 Exact,NA,,True,True,True,B0 Exact clean calibration,
DS8,193.5,1.4643310901752902,persistent,primary 3-seed mean complex IG K7,mean,,True,True,True,primary clean calibration,11
DS8,194.0,8.095693501004366,persistent,B0 Exact,NA,,True,True,True,B0 Exact clean calibration,
DS8,194.0,1.4647526951219991,persistent,primary 3-seed mean complex IG K7,mean,,True,True,True,primary clean calibration,11
DS8,194.5,8.088414194745948,persistent,B0 Exact,NA,,True,True,True,B0 Exact clean calibration,
DS8,194.5,1.465063094963126,persistent,primary 3-seed mean complex IG K7,mean,,True,True,True,primary clean calibration,11
DS8,195.0,9.687545949036187,persistent,B0 Exact,NA,,True,True,True,B0 Exact clean calibration,
DS8,195.0,1.4620031304523158,persistent,primary 3-seed mean complex IG K7,mean,,True,True,True,primary clean calibration,11
DS8,195.5,10.886894764753865,persistent,B0 Exact,NA,,True,True,True,B0 Exact clean calibration,
DS8,195.5,1.4652408219959294,persistent,primary 3-seed mean complex IG K7,mean,,True,True,True,primary clean calibration,11
DS8,196.0,11.786406376542125,persistent,B0 Exact,NA,,True,True,True,B0 Exact clean calibration,
DS8,196.0,1.4648428451275273,persistent,primary 3-seed mean complex IG K7,mean,,True,True,True,primary clean calibration,11
DS8,196.5,12.46104008538332,persistent,B0 Exact,NA,,True,True,True,B0 Exact clean calibration,
DS8,196.5,1.467659452553398,persistent,primary 3-seed mean complex IG K7,mean,,True,True,True,primary clean calibration,11
DS8,197.0,12.967015367014216,persistent,B0 Exact,NA,,True,True,True,B0 Exact clean calibration,
DS8,197.0,1.4681216907564467,persistent,primary 3-seed mean complex IG K7,mean,,True,True,True,primary clean calibration,11
DS8,197.5,13.346496828237388,persistent,B0 Exact,NA,,True,True,True,B0 Exact clean calibration,
DS8,197.5,1.4624578386576534,persistent,primary 3-seed mean complex IG K7,mean,,True,True,True,primary clean calibration,11
DS8,198.0,13.631107924154765,persistent,B0 Exact,NA,,True,True,True,B0 Exact clean calibration,
DS8,198.0,1.4638601882031133,persistent,primary 3-seed mean complex IG K7,mean,,True,True,True,primary clean calibration,11
DS8,198.5,13.8445662460928,persistent,B0 Exact,NA,,True,True,True,B0 Exact clean calibration,
DS8,198.5,1.4643989387768068,persistent,primary 3-seed mean complex IG K7,mean,,True,True,True,primary clean calibration,11
DS8,199.0,14.004659987546326,persistent,B0 Exact,NA,,True,True,True,B0 Exact clean calibration,
DS8,199.0,1.4642272929373517,persistent,primary 3-seed mean complex IG K7,mean,,True,True,True,primary clean calibration,11
DS8,199.5,14.124730293636471,persistent,B0 Exact,NA,,True,True,True,B0 Exact clean calibration,
DS8,199.5,1.4684924857937414,persistent,primary 3-seed mean complex IG K7,mean,,True,True,True,primary clean calibration,11
DS8,200.0,14.214783023204077,persistent,B0 Exact,NA,,True,True,True,B0 Exact clean calibration,
DS8,200.0,1.4662603027441001,persistent,primary 3-seed mean complex IG K7,mean,,True,True,True,primary clean calibration,11
DS8,200.5,14.282322570379783,persistent,B0 Exact,NA,,True,True,True,B0 Exact clean calibration,
DS8,200.5,1.4634968391606245,persistent,primary 3-seed mean complex IG K7,mean,,True,True,True,primary clean calibration,11
DS8,201.0,14.332977230761564,persistent,B0 Exact,NA,,True,True,True,B0 Exact clean calibration,
DS8,201.0,1.4635432729186573,persistent,primary 3-seed mean complex IG K7,mean,,True,True,True,primary clean calibration,11
DS8,201.5,14.3709682260479,persistent,B0 Exact,NA,,True,True,True,B0 Exact clean calibration,
DS8,201.5,1.4655712928904527,persistent,primary 3-seed mean complex IG K7,mean,,True,True,True,primary clean calibration,11
DS8,202.0,14.399461472512652,persistent,B0 Exact,NA,,True,True,True,B0 Exact clean calibration,
DS8,202.0,1.4691102776690876,persistent,primary 3-seed mean complex IG K7,mean,,True,True,True,primary clean calibration,11
DS8,202.5,14.420831407361213,persistent,B0 Exact,NA,,True,True,True,B0 Exact clean calibration,
DS8,202.5,1.4682266967380249,persistent,primary 3-seed mean complex IG K7,mean,,True,True,True,primary clean calibration,11
DS8,203.0,14.436858858497637,persistent,B0 Exact,NA,,True,True,True,B0 Exact clean calibration,
DS8,203.0,1.4680143741909493,persistent,primary 3-seed mean complex IG K7,mean,,True,True,True,primary clean calibration,11
DS8,203.5,14.448879446849954,persistent,B0 Exact,NA,,True,True,True,B0 Exact clean calibration,
DS8,203.5,1.4676120460992699,persistent,primary 3-seed mean complex IG K7,mean,,True,True,True,primary clean calibration,11
DS8,204.0,14.45789488811419,persistent,B0 Exact,NA,,True,True,True,B0 Exact clean calibration,
DS8,204.0,1.4700733404222266,persistent,primary 3-seed mean complex IG K7,mean,,True,True,True,primary clean calibration,11
DS8,204.5,14.46465646906237,persistent,B0 Exact,NA,,True,True,True,B0 Exact clean calibration,
DS8,204.5,1.4710441090326576,persistent,primary 3-seed mean complex IG K7,mean,,True,True,True,primary clean calibration,11
DS8,205.0,14.469727654773504,persistent,B0 Exact,NA,,True,True,True,B0 Exact clean calibration,
DS8,205.0,1.4710837470163478,persistent,primary 3-seed mean complex IG K7,mean,,True,True,True,primary clean calibration,11
DS8,205.5,14.473531044056852,persistent,B0 Exact,NA,,True,True,True,B0 Exact clean calibration,
DS8,205.5,1.4737710153125227,persistent,primary 3-seed mean complex IG K7,mean,,True,True,True,primary clean calibration,11
DS8,206.0,14.476383586019363,persistent,B0 Exact,NA,,True,True,True,B0 Exact clean calibration,
DS8,206.0,1.4707279408522185,persistent,primary 3-seed mean complex IG K7,mean,,True,True,True,primary clean calibration,11
DS8,206.5,14.478522992491246,persistent,B0 Exact,NA,,True,True,True,B0 Exact clean calibration,
DS8,206.5,1.472239438282843,persistent,primary 3-seed mean complex IG K7,mean,,True,True,True,primary clean calibration,11
DS8,207.0,14.480127547345159,persistent,B0 Exact,NA,,True,True,True,B0 Exact clean calibration,
DS8,207.0,1.469063731768833,persistent,primary 3-seed mean complex IG K7,mean,,True,True,True,primary clean calibration,11
DS8,207.5,14.481330963485593,persistent,B0 Exact,NA,,True,True,True,B0 Exact clean calibration,
DS8,207.5,1.4751646257209876,persistent,primary 3-seed mean complex IG K7,mean,,True,True,True,primary clean calibration,11
DS8,208.0,14.482233525590921,persistent,B0 Exact,NA,,True,True,True,B0 Exact clean calibration,
DS8,208.0,1.476812864502835,persistent,primary 3-seed mean complex IG K7,mean,,True,True,True,primary clean calibration,11
DS8,208.5,14.482910447169917,persistent,B0 Exact,NA,,True,True,True,B0 Exact clean calibration,
DS8,208.5,1.475593977202785,persistent,primary 3-seed mean complex IG K7,mean,,True,True,True,primary clean calibration,11
DS8,209.0,14.483418138354164,persistent,B0 Exact,NA,,True,True,True,B0 Exact clean calibration,
DS8,209.0,1.4724472225022824,persistent,primary 3-seed mean complex IG K7,mean,,True,True,True,primary clean calibration,11
DS8,209.5,14.483798906742347,persistent,B0 Exact,NA,,True,True,True,B0 Exact clean calibration,
DS8,209.5,1.4742945561774503,persistent,primary 3-seed mean complex IG K7,mean,,True,True,True,primary clean calibration,11
DS8,210.0,14.484084483033485,persistent,B0 Exact,NA,,True,True,True,B0 Exact clean calibration,
DS8,210.0,1.4765533143005662,persistent,primary 3-seed mean complex IG K7,mean,,True,True,True,primary clean calibration,11
DS8,210.5,14.484298665251838,persistent,B0 Exact,NA,,True,True,True,B0 Exact clean calibration,
DS8,210.5,1.4766789110117307,persistent,primary 3-seed mean complex IG K7,mean,,True,True,True,primary clean calibration,11
DS8,211.0,14.484459301915603,persistent,B0 Exact,NA,,True,True,True,B0 Exact clean calibration,
DS8,211.0,1.4761122702523284,persistent,primary 3-seed mean complex IG K7,mean,,True,True,True,primary clean calibration,11
DS8,211.5,14.484579779413426,persistent,B0 Exact,NA,,True,True,True,B0 Exact clean calibration,
DS8,211.5,1.4740563203165733,persistent,primary 3-seed mean complex IG K7,mean,,True,True,True,primary clean calibration,11
DS8,212.0,14.484670137536796,persistent,B0 Exact,NA,,True,True,True,B0 Exact clean calibration,
DS8,212.0,1.4756347214354557,persistent,primary 3-seed mean complex IG K7,mean,,True,True,True,primary clean calibration,11
DS8,212.5,14.484737906129322,persistent,B0 Exact,NA,,True,True,True,B0 Exact clean calibration,
DS8,212.5,1.474456932481053,persistent,primary 3-seed mean complex IG K7,mean,,True,True,True,primary clean calibration,11
DS8,213.0,14.484788732573715,persistent,B0 Exact,NA,,True,True,True,B0 Exact clean calibration,
DS8,213.0,1.4755190679487586,persistent,primary 3-seed mean complex IG K7,mean,,True,True,True,primary clean calibration,11
DS8,213.5,14.48482685240701,persistent,B0 Exact,NA,,True,True,True,B0 Exact clean calibration,
DS8,213.5,1.4735736681732086,persistent,primary 3-seed mean complex IG K7,mean,,True,True,True,primary clean calibration,11
DS8,214.0,14.484855442281983,persistent,B0 Exact,NA,,True,True,True,B0 Exact clean calibration,
DS8,214.0,1.472373378623897,persistent,primary 3-seed mean complex IG K7,mean,,True,True,True,primary clean calibration,11
DS8,214.5,14.484876884688212,persistent,B0 Exact,NA,,True,True,True,B0 Exact clean calibration,
DS8,214.5,1.475719808182907,persistent,primary 3-seed mean complex IG K7,mean,,True,True,True,primary clean calibration,11
DS8,215.0,14.484892966492886,persistent,B0 Exact,NA,,True,True,True,B0 Exact clean calibration,
DS8,215.0,1.4771291121372598,persistent,primary 3-seed mean complex IG K7,mean,,True,True,True,primary clean calibration,11
DS8,215.5,14.484905027846391,persistent,B0 Exact,NA,,True,True,True,B0 Exact clean calibration,
DS8,215.5,1.4754612391348532,persistent,primary 3-seed mean complex IG K7,mean,,True,True,True,primary clean calibration,10
DS8,216.0,14.484914073861518,persistent,B0 Exact,NA,,True,True,True,B0 Exact clean calibration,
DS8,216.0,1.4731033781141243,persistent,primary 3-seed mean complex IG K7,mean,,True,True,True,primary clean calibration,10
DS8,216.5,14.484920858372863,persistent,B0 Exact,NA,,True,True,True,B0 Exact clean calibration,
DS8,216.5,1.475392496643032,persistent,primary 3-seed mean complex IG K7,mean,,True,True,True,primary clean calibration,10
DS8,217.0,14.484925946756373,persistent,B0 Exact,NA,,True,True,True,B0 Exact clean calibration,
DS8,217.0,1.4760549349881555,persistent,primary 3-seed mean complex IG K7,mean,,True,True,True,primary clean calibration,10
DS8,217.5,14.484929763044004,persistent,B0 Exact,NA,,True,True,True,B0 Exact clean calibration,
DS8,217.5,1.4761258066914202,persistent,primary 3-seed mean complex IG K7,mean,,True,True,True,primary clean calibration,10
DS8,218.0,14.484932625259727,persistent,B0 Exact,NA,,True,True,True,B0 Exact clean calibration,
DS8,218.0,1.4786186274071775,persistent,primary 3-seed mean complex IG K7,mean,,True,True,True,primary clean calibration,10
DS8,218.5,14.48493477192152,persistent,B0 Exact,NA,,True,True,True,B0 Exact clean calibration,
DS8,218.5,1.4721283892724244,persistent,primary 3-seed mean complex IG K7,mean,,True,True,True,primary clean calibration,10
DS8,219.0,14.484936381917866,persistent,B0 Exact,NA,,True,True,True,B0 Exact clean calibration,
DS8,219.0,1.4715865002589348,persistent,primary 3-seed mean complex IG K7,mean,,True,True,True,primary clean calibration,10
DS8,219.5,14.484937589415125,persistent,B0 Exact,NA,,True,True,True,B0 Exact clean calibration,
DS8,219.5,1.4732727804669459,persistent,primary 3-seed mean complex IG K7,mean,,True,True,True,primary clean calibration,10
DS8,220.0,14.484938495038069,persistent,B0 Exact,NA,,True,True,True,B0 Exact clean calibration,
DS8,220.0,1.474101706726821,persistent,primary 3-seed mean complex IG K7,mean,,True,True,True,primary clean calibration,10
DS8,220.5,14.484939174255278,persistent,B0 Exact,NA,,True,True,True,B0 Exact clean calibration,
DS8,220.5,1.4752370388277594,persistent,primary 3-seed mean complex IG K7,mean,,True,True,True,primary clean calibration,10
DS8,221.0,14.484939683668184,persistent,B0 Exact,NA,,True,True,True,B0 Exact clean calibration,
DS8,221.0,1.4747976766116349,persistent,primary 3-seed mean complex IG K7,mean,,True,True,True,primary clean calibration,10
DS8,221.5,14.484940065727862,persistent,B0 Exact,NA,,True,True,True,B0 Exact clean calibration,
DS8,221.5,1.4751791434399983,persistent,primary 3-seed mean complex IG K7,mean,,True,True,True,primary clean calibration,10
DS8,222.0,14.484940352272623,persistent,B0 Exact,NA,,True,True,True,B0 Exact clean calibration,
DS8,222.0,1.473224331438595,persistent,primary 3-seed mean complex IG K7,mean,,True,True,True,primary clean calibration,10
DS8,222.5,14.484940567181194,persistent,B0 Exact,NA,,True,True,True,B0 Exact clean calibration,
DS8,222.5,1.473290813377525,persistent,primary 3-seed mean complex IG K7,mean,,True,True,True,primary clean calibration,10
DS8,223.0,14.48494072836262,persistent,B0 Exact,NA,,True,True,True,B0 Exact clean calibration,
DS8,223.0,1.475693900229195,persistent,primary 3-seed mean complex IG K7,mean,,True,True,True,primary clean calibration,10
DS8,223.5,14.48494084924869,persistent,B0 Exact,NA,,True,True,True,B0 Exact clean calibration,
DS8,223.5,1.4753249401133177,persistent,primary 3-seed mean complex IG K7,mean,,True,True,True,primary clean calibration,10
DS8,224.0,14.484940939913244,persistent,B0 Exact,NA,,True,True,True,B0 Exact clean calibration,
DS8,224.0,1.4736366823775287,persistent,primary 3-seed mean complex IG K7,mean,,True,True,True,primary clean calibration,10
DS8,224.5,14.484941007911658,persistent,B0 Exact,NA,,True,True,True,B0 Exact clean calibration,
DS8,224.5,1.4728017388360222,persistent,primary 3-seed mean complex IG K7,mean,,True,True,True,primary clean calibration,10
DS8,225.0,14.484941058910469,persistent,B0 Exact,NA,,True,True,True,B0 Exact clean calibration,
DS8,225.0,1.4727458154523498,persistent,primary 3-seed mean complex IG K7,mean,,True,True,True,primary clean calibration,10
DS8,225.5,14.484941097159577,persistent,B0 Exact,NA,,True,True,True,B0 Exact clean calibration,
DS8,225.5,1.47473973424819,persistent,primary 3-seed mean complex IG K7,mean,,True,True,True,primary clean calibration,10
DS8,226.0,14.484941125846408,persistent,B0 Exact,NA,,True,True,True,B0 Exact clean calibration,
DS8,226.0,1.4766389533965372,persistent,primary 3-seed mean complex IG K7,mean,,True,True,True,primary clean calibration,10
DS8,226.5,14.484941147361532,persistent,B0 Exact,NA,,True,True,True,B0 Exact clean calibration,
DS8,226.5,1.4746679702892809,persistent,primary 3-seed mean complex IG K7,mean,,True,True,True,primary clean calibration,10
DS8,227.0,14.484941163497876,persistent,B0 Exact,NA,,True,True,True,B0 Exact clean calibration,
DS8,227.0,1.475963914474973,persistent,primary 3-seed mean complex IG K7,mean,,True,True,True,primary clean calibration,10
DS8,227.5,14.484941175600131,persistent,B0 Exact,NA,,True,True,True,B0 Exact clean calibration,
DS8,227.5,1.4782800648897103,persistent,primary 3-seed mean complex IG K7,mean,,True,True,True,primary clean calibration,10
DS8,228.0,14.484941184676824,persistent,B0 Exact,NA,,True,True,True,B0 Exact clean calibration,
DS8,228.0,1.4787286096608796,persistent,primary 3-seed mean complex IG K7,mean,,True,True,True,primary clean calibration,10
DS8,228.5,14.484941191484342,persistent,B0 Exact,NA,,True,True,True,B0 Exact clean calibration,
DS8,228.5,1.4772489867139287,persistent,primary 3-seed mean complex IG K7,mean,,True,True,True,primary clean calibration,11
DS8,229.0,14.484941196589983,persistent,B0 Exact,NA,,True,True,True,B0 Exact clean calibration,
DS8,229.0,1.4744019988718662,persistent,primary 3-seed mean complex IG K7,mean,,True,True,True,primary clean calibration,11
DS8,229.5,14.887300678527737,persistent,B0 Exact,NA,,True,True,True,B0 Exact clean calibration,
DS8,229.5,1.4773226294343589,persistent,primary 3-seed mean complex IG K7,mean,,True,True,True,primary clean calibration,11
DS8,230.0,15.189070289981053,persistent,B0 Exact,NA,,True,True,True,B0 Exact clean calibration,
DS8,230.0,1.480089903649753,persistent,primary 3-seed mean complex IG K7,mean,,True,True,True,primary clean calibration,11
DS8,230.5,15.415397498571041,persistent,B0 Exact,NA,,True,True,True,B0 Exact clean calibration,
DS8,230.5,1.4810138745447077,persistent,primary 3-seed mean complex IG K7,mean,,True,True,True,primary clean calibration,11
DS8,231.0,15.585142905013532,persistent,B0 Exact,NA,,True,True,True,B0 Exact clean calibration,
DS8,231.0,1.4816180179351968,persistent,primary 3-seed mean complex IG K7,mean,,True,True,True,primary clean calibration,11
DS8,231.5,15.7124519598454,persistent,B0 Exact,NA,,True,True,True,B0 Exact clean calibration,
DS8,231.5,1.4822519244151302,persistent,primary 3-seed mean complex IG K7,mean,,True,True,True,primary clean calibration,11
DS8,232.0,15.807933750969301,persistent,B0 Exact,NA,,True,True,True,B0 Exact clean calibration,
DS8,232.0,1.484087638948686,persistent,primary 3-seed mean complex IG K7,mean,,True,True,True,primary clean calibration,11
DS8,232.5,15.879545094312228,persistent,B0 Exact,NA,,True,True,True,B0 Exact clean calibration,
DS8,232.5,1.4832884060733467,persistent,primary 3-seed mean complex IG K7,mean,,True,True,True,primary clean calibration,11
DS8,233.0,15.933253601819422,persistent,B0 Exact,NA,,True,True,True,B0 Exact clean calibration,
DS8,233.0,1.480533251871319,persistent,primary 3-seed mean complex IG K7,mean,,True,True,True,primary clean calibration,11
DS8,233.5,15.973534982449817,persistent,B0 Exact,NA,,True,True,True,B0 Exact clean calibration,
DS8,233.5,1.4811236164045523,persistent,primary 3-seed mean complex IG K7,mean,,True,True,True,primary clean calibration,11
DS8,234.0,16.003746017922612,persistent,B0 Exact,NA,,True,True,True,B0 Exact clean calibration,
DS8,234.0,1.481710563703117,persistent,primary 3-seed mean complex IG K7,mean,,True,True,True,primary clean calibration,11
DS8,234.5,16.02640429452721,persistent,B0 Exact,NA,,True,True,True,B0 Exact clean calibration,
DS8,234.5,1.4833788718099734,persistent,primary 3-seed mean complex IG K7,mean,,True,True,True,primary clean calibration,11
DS8,235.0,16.04339800198066,persistent,B0 Exact,NA,,True,True,True,B0 Exact clean calibration,
DS8,235.0,1.4814616358317234,persistent,primary 3-seed mean complex IG K7,mean,,True,True,True,primary clean calibration,11
DS8,235.5,16.056143282570744,persistent,B0 Exact,NA,,True,True,True,B0 Exact clean calibration,
DS8,235.5,1.4809748108862115,persistent,primary 3-seed mean complex IG K7,mean,,True,True,True,primary clean calibration,11
DS8,236.0,16.06570224301331,persistent,B0 Exact,NA,,True,True,True,B0 Exact clean calibration,
DS8,236.0,1.4817950375602356,persistent,primary 3-seed mean complex IG K7,mean,,True,True,True,primary clean calibration,11
DS8,236.5,16.072871463345233,persistent,B0 Exact,NA,,True,True,True,B0 Exact clean calibration,
DS8,236.5,1.481979111661053,persistent,primary 3-seed mean complex IG K7,mean,,True,True,True,primary clean calibration,11
DS8,237.0,16.078248378594175,persistent,B0 Exact,NA,,True,True,True,B0 Exact clean calibration,
DS8,237.0,1.4837588466402583,persistent,primary 3-seed mean complex IG K7,mean,,True,True,True,primary clean calibration,11
DS8,237.5,16.082281065030884,persistent,B0 Exact,NA,,True,True,True,B0 Exact clean calibration,
DS8,237.5,1.4796614062186073,persistent,primary 3-seed mean complex IG K7,mean,,True,True,True,primary clean calibration,11
DS8,238.0,16.085305579858414,persistent,B0 Exact,NA,,True,True,True,B0 Exact clean calibration,
DS8,238.0,1.479309442347514,persistent,primary 3-seed mean complex IG K7,mean,,True,True,True,primary clean calibration,11
DS8,238.5,15.685214487870535,persistent,B0 Exact,NA,,True,True,True,B0 Exact clean calibration,
DS8,238.5,1.482747196961845,persistent,primary 3-seed mean complex IG K7,mean,,True,True,True,primary clean calibration,10
DS8,239.0,15.385146168879626,persistent,B0 Exact,NA,,True,True,True,B0 Exact clean calibration,
DS8,239.0,1.4804979711479431,persistent,primary 3-seed mean complex IG K7,mean,,True,True,True,primary clean calibration,10
DS8,239.5,15.160094929636443,persistent,B0 Exact,NA,,True,True,True,B0 Exact clean calibration,
DS8,239.5,1.4775921487046488,persistent,primary 3-seed mean complex IG K7,mean,,True,True,True,primary clean calibration,10
DS8,240.0,14.991306500204058,persistent,B0 Exact,NA,,True,True,True,B0 Exact clean calibration,
DS8,240.0,1.4778371368033145,persistent,primary 3-seed mean complex IG K7,mean,,True,True,True,primary clean calibration,10
DS8,240.5,14.864715178129767,persistent,B0 Exact,NA,,True,True,True,B0 Exact clean calibration,
DS8,240.5,1.4821894878071287,persistent,primary 3-seed mean complex IG K7,mean,,True,True,True,primary clean calibration,10
DS8,241.0,14.76977168657405,persistent,B0 Exact,NA,,True,True,True,B0 Exact clean calibration,
DS8,241.0,1.4806180469032146,persistent,primary 3-seed mean complex IG K7,mean,,True,True,True,primary clean calibration,10
DS8,241.5,14.698564067907263,persistent,B0 Exact,NA,,True,True,True,B0 Exact clean calibration,
DS8,241.5,1.4828002886338325,persistent,primary 3-seed mean complex IG K7,mean,,True,True,True,primary clean calibration,10
DS8,242.0,14.645158353907174,persistent,B0 Exact,NA,,True,True,True,B0 Exact clean calibration,
DS8,242.0,1.4845117272415445,persistent,primary 3-seed mean complex IG K7,mean,,True,True,True,primary clean calibration,10
DS8,242.5,14.605104068407105,persistent,B0 Exact,NA,,True,True,True,B0 Exact clean calibration,
DS8,242.5,1.4844629326813479,persistent,primary 3-seed mean complex IG K7,mean,,True,True,True,primary clean calibration,10
DS8,243.0,14.575063354282054,persistent,B0 Exact,NA,,True,True,True,B0 Exact clean calibration,
DS8,243.0,1.486508878125451,persistent,primary 3-seed mean complex IG K7,mean,,True,True,True,primary clean calibration,10
DS8,243.5,14.552532818688267,persistent,B0 Exact,NA,,True,True,True,B0 Exact clean calibration,
DS8,243.5,1.486586280617028,persistent,primary 3-seed mean complex IG K7,mean,,True,True,True,primary clean calibration,10
DS8,244.0,14.535634916992926,persistent,B0 Exact,NA,,True,True,True,B0 Exact clean calibration,
DS8,244.0,1.4868694422073527,persistent,primary 3-seed mean complex IG K7,mean,,True,True,True,primary clean calibration,10
DS8,244.5,14.522961490721421,persistent,B0 Exact,NA,,True,True,True,B0 Exact clean calibration,
DS8,244.5,1.4867888964230787,persistent,primary 3-seed mean complex IG K7,mean,,True,True,True,primary clean calibration,10
DS8,245.0,14.513456421017793,persistent,B0 Exact,NA,,True,True,True,B0 Exact clean calibration,
DS8,245.0,1.4840206131190843,persistent,primary 3-seed mean complex IG K7,mean,,True,True,True,primary clean calibration,10
DS8,245.5,14.50632761874007,persistent,B0 Exact,NA,,True,True,True,B0 Exact clean calibration,
DS8,245.5,1.4854364985290598,persistent,primary 3-seed mean complex IG K7,mean,,True,True,True,primary clean calibration,10
DS8,246.0,14.500981017031776,persistent,B0 Exact,NA,,True,True,True,B0 Exact clean calibration,
DS8,246.0,1.4840075232084244,persistent,primary 3-seed mean complex IG K7,mean,,True,True,True,primary clean calibration,10
DS8,246.5,14.496971065750557,persistent,B0 Exact,NA,,True,True,True,B0 Exact clean calibration,
DS8,246.5,1.4857480853028635,persistent,primary 3-seed mean complex IG K7,mean,,True,True,True,primary clean calibration,10
DS8,247.0,14.493963602289643,persistent,B0 Exact,NA,,True,True,True,B0 Exact clean calibration,
DS8,247.0,1.4858330796454393,persistent,primary 3-seed mean complex IG K7,mean,,True,True,True,primary clean calibration,10
DS8,247.5,14.491708004693958,persistent,B0 Exact,NA,,True,True,True,B0 Exact clean calibration,
DS8,247.5,1.4854423319663816,persistent,primary 3-seed mean complex IG K7,mean,,True,True,True,primary clean calibration,10
DS8,248.0,14.490016306497193,persistent,B0 Exact,NA,,True,True,True,B0 Exact clean calibration,
DS8,248.0,1.4849459751792498,persistent,primary 3-seed mean complex IG K7,mean,,True,True,True,primary clean calibration,10
DS8,248.5,14.488747532849619,persistent,B0 Exact,NA,,True,True,True,B0 Exact clean calibration,
DS8,248.5,1.4856396909249525,persistent,primary 3-seed mean complex IG K7,mean,,True,True,True,primary clean calibration,10
DS8,249.0,14.48779595261394,persistent,B0 Exact,NA,,True,True,True,B0 Exact clean calibration,
DS8,249.0,1.4861579208491793,persistent,primary 3-seed mean complex IG K7,mean,,True,True,True,primary clean calibration,10
DS8,249.5,14.48708226743718,persistent,B0 Exact,NA,,True,True,True,B0 Exact clean calibration,
DS8,249.5,1.4849327003198622,persistent,primary 3-seed mean complex IG K7,mean,,True,True,True,primary clean calibration,10
DS8,250.0,14.486547003554612,persistent,B0 Exact,NA,,True,True,True,B0 Exact clean calibration,
DS8,250.0,1.484187682386584,persistent,primary 3-seed mean complex IG K7,mean,,True,True,True,primary clean calibration,10
DS8,250.5,14.486145555642686,persistent,B0 Exact,NA,,True,True,True,B0 Exact clean calibration,
DS8,250.5,1.4851823634160393,persistent,primary 3-seed mean complex IG K7,mean,,True,True,True,primary clean calibration,10
DS8,251.0,14.485844469708741,persistent,B0 Exact,NA,,True,True,True,B0 Exact clean calibration,
DS8,251.0,1.4814467728636176,persistent,primary 3-seed mean complex IG K7,mean,,True,True,True,primary clean calibration,10
DS8,251.5,14.485618655258282,persistent,B0 Exact,NA,,True,True,True,B0 Exact clean calibration,
DS8,251.5,1.4841734591553493,persistent,primary 3-seed mean complex IG K7,mean,,True,True,True,primary clean calibration,10
DS8,252.0,14.485449294420437,persistent,B0 Exact,NA,,True,True,True,B0 Exact clean calibration,
DS8,252.0,1.4871918705409748,persistent,primary 3-seed mean complex IG K7,mean,,True,True,True,primary clean calibration,10
DS8,252.5,14.485322273792054,persistent,B0 Exact,NA,,True,True,True,B0 Exact clean calibration,
DS8,252.5,1.4846875304668885,persistent,primary 3-seed mean complex IG K7,mean,,True,True,True,primary clean calibration,10
DS8,253.0,14.485227008320766,persistent,B0 Exact,NA,,True,True,True,B0 Exact clean calibration,
DS8,253.0,1.4828941597711944,persistent,primary 3-seed mean complex IG K7,mean,,True,True,True,primary clean calibration,10
DS8,253.5,14.4851555592173,persistent,B0 Exact,NA,,True,True,True,B0 Exact clean calibration,
DS8,253.5,1.4821682554470461,persistent,primary 3-seed mean complex IG K7,mean,,True,True,True,primary clean calibration,10
DS8,254.0,14.4851019723897,persistent,B0 Exact,NA,,True,True,True,B0 Exact clean calibration,
DS8,254.0,1.4836499897394468,persistent,primary 3-seed mean complex IG K7,mean,,True,True,True,primary clean calibration,11
DS8,254.5,14.485061782269,persistent,B0 Exact,NA,,True,True,True,B0 Exact clean calibration,
DS8,254.5,1.4846615115533164,persistent,primary 3-seed mean complex IG K7,mean,,True,True,True,primary clean calibration,11
DS8,255.0,14.485031639678475,persistent,B0 Exact,NA,,True,True,True,B0 Exact clean calibration,
DS8,255.0,1.4812284401425602,persistent,primary 3-seed mean complex IG K7,mean,,True,True,True,primary clean calibration,11
DS8,255.5,14.485009032735583,persistent,B0 Exact,NA,,True,True,True,B0 Exact clean calibration,
DS8,255.5,1.484134069806893,persistent,primary 3-seed mean complex IG K7,mean,,True,True,True,primary clean calibration,11
DS8,256.0,14.484992077528414,persistent,B0 Exact,NA,,True,True,True,B0 Exact clean calibration,
DS8,256.0,1.4865228192210627,persistent,primary 3-seed mean complex IG K7,mean,,True,True,True,primary clean calibration,11
DS8,256.5,14.484979361123035,persistent,B0 Exact,NA,,True,True,True,B0 Exact clean calibration,
DS8,256.5,1.4835331902135753,persistent,primary 3-seed mean complex IG K7,mean,,True,True,True,primary clean calibration,11
DS8,257.0,14.484969823819,persistent,B0 Exact,NA,,True,True,True,B0 Exact clean calibration,
DS8,257.0,1.4851648506996407,persistent,primary 3-seed mean complex IG K7,mean,,True,True,True,primary clean calibration,11
DS8,257.5,14.484962670840975,persistent,B0 Exact,NA,,True,True,True,B0 Exact clean calibration,
DS8,257.5,1.4845060272441135,persistent,primary 3-seed mean complex IG K7,mean,,True,True,True,primary clean calibration,11
DS8,258.0,14.484957306107457,persistent,B0 Exact,NA,,True,True,True,B0 Exact clean calibration,
DS8,258.0,1.484610542514624,persistent,primary 3-seed mean complex IG K7,mean,,True,True,True,primary clean calibration,11
DS8,258.5,14.484953282557317,persistent,B0 Exact,NA,,True,True,True,B0 Exact clean calibration,
DS8,258.5,1.4869582348668295,persistent,primary 3-seed mean complex IG K7,mean,,True,True,True,primary clean calibration,11
DS8,259.0,14.484950264894714,persistent,B0 Exact,NA,,True,True,True,B0 Exact clean calibration,
DS8,259.0,1.4811919272859535,persistent,primary 3-seed mean complex IG K7,mean,,True,True,True,primary clean calibration,11
DS8,259.5,14.484948001647762,persistent,B0 Exact,NA,,True,True,True,B0 Exact clean calibration,
DS8,259.5,1.482543254489153,persistent,primary 3-seed mean complex IG K7,mean,,True,True,True,primary clean calibration,11
DS8,260.0,14.484946304212546,persistent,B0 Exact,NA,,True,True,True,B0 Exact clean calibration,
DS8,260.0,1.4859507150664069,persistent,primary 3-seed mean complex IG K7,mean,,True,True,True,primary clean calibration,11
DS8,260.5,14.484945031136135,persistent,B0 Exact,NA,,True,True,True,B0 Exact clean calibration,
DS8,260.5,1.4867039724180098,persistent,primary 3-seed mean complex IG K7,mean,,True,True,True,primary clean calibration,11
DS8,261.0,14.887303554437352,persistent,B0 Exact,NA,,True,True,True,B0 Exact clean calibration,
DS8,261.0,1.4882214765754842,persistent,primary 3-seed mean complex IG K7,mean,,True,True,True,primary clean calibration,11
DS8,261.5,15.189072446913265,persistent,B0 Exact,NA,,True,True,True,B0 Exact clean calibration,
DS8,261.5,1.4851922063962537,persistent,primary 3-seed mean complex IG K7,mean,,True,True,True,primary clean calibration,11
DS8,262.0,15.4153991162702,persistent,B0 Exact,NA,,True,True,True,B0 Exact clean calibration,
DS8,262.0,1.48360466901424,persistent,primary 3-seed mean complex IG K7,mean,,True,True,True,primary clean calibration,11
DS8,262.5,15.5851441182879,persistent,B0 Exact,NA,,True,True,True,B0 Exact clean calibration,
DS8,262.5,1.4874628034667516,persistent,primary 3-seed mean complex IG K7,mean,,True,True,True,primary clean calibration,11
DS8,263.0,15.712452869801176,persistent,B0 Exact,NA,,True,True,True,B0 Exact clean calibration,
DS8,263.0,1.4859102635601646,persistent,primary 3-seed mean complex IG K7,mean,,True,True,True,primary clean calibration,11
DS8,263.5,15.807934433436133,persistent,B0 Exact,NA,,True,True,True,B0 Exact clean calibration,
DS8,263.5,1.4854281055048009,persistent,primary 3-seed mean complex IG K7,mean,,True,True,True,primary clean calibration,11
DS8,264.0,15.87954560616235,persistent,B0 Exact,NA,,True,True,True,B0 Exact clean calibration,
DS8,264.0,1.4874249189807722,persistent,primary 3-seed mean complex IG K7,mean,,True,True,True,primary clean calibration,11
DS8,264.5,15.933253985707013,persistent,B0 Exact,NA,,True,True,True,B0 Exact clean calibration,
DS8,264.5,1.489129692066137,persistent,primary 3-seed mean complex IG K7,mean,,True,True,True,primary clean calibration,11
DS8,265.0,15.973535270365511,persistent,B0 Exact,NA,,True,True,True,B0 Exact clean calibration,
DS8,265.0,1.4900159632341283,persistent,primary 3-seed mean complex IG K7,mean,,True,True,True,primary clean calibration,11
DS8,265.5,16.003746233859385,persistent,B0 Exact,NA,,True,True,True,B0 Exact clean calibration,
DS8,265.5,1.4945417004417987,persistent,primary 3-seed mean complex IG K7,mean,,True,True,True,primary clean calibration,11
DS8,266.0,16.02640445647979,persistent,B0 Exact,NA,,True,True,True,B0 Exact clean calibration,
DS8,266.0,1.4925448301127862,persistent,primary 3-seed mean complex IG K7,mean,,True,True,True,primary clean calibration,11
DS8,266.5,16.043398123445094,persistent,B0 Exact,NA,,True,True,True,B0 Exact clean calibration,
DS8,266.5,1.4905204466917732,persistent,primary 3-seed mean complex IG K7,mean,,True,True,True,primary clean calibration,11
DS8,267.0,16.056143373669073,persistent,B0 Exact,NA,,True,True,True,B0 Exact clean calibration,
DS8,267.0,1.486582245009238,persistent,primary 3-seed mean complex IG K7,mean,,True,True,True,primary clean calibration,11
DS8,267.5,15.66334283322853,persistent,B0 Exact,NA,,True,True,True,B0 Exact clean calibration,
DS8,267.5,1.4850672044389392,persistent,primary 3-seed mean complex IG K7,mean,,True,True,True,primary clean calibration,11
DS8,268.0,15.368742427898123,persistent,B0 Exact,NA,,True,True,True,B0 Exact clean calibration,
DS8,268.0,1.4856875610023745,persistent,primary 3-seed mean complex IG K7,mean,,True,True,True,primary clean calibration,11
DS8,268.5,15.147792123900317,persistent,B0 Exact,NA,,True,True,True,B0 Exact clean calibration,
DS8,268.5,1.488131349667458,persistent,primary 3-seed mean complex IG K7,mean,,True,True,True,primary clean calibration,11
DS8,269.0,14.982079395901962,persistent,B0 Exact,NA,,True,True,True,B0 Exact clean calibration,
DS8,269.0,1.4878896139904045,persistent,primary 3-seed mean complex IG K7,mean,,True,True,True,primary clean calibration,11
DS8,269.5,14.857794849903197,persistent,B0 Exact,NA,,True,True,True,B0 Exact clean calibration,
DS8,269.5,1.4884079048391028,persistent,primary 3-seed mean complex IG K7,mean,,True,True,True,primary clean calibration,11
DS8,270.0,14.764581440404122,persistent,B0 Exact,NA,,True,True,True,B0 Exact clean calibration,
DS8,270.0,1.4899553654457787,persistent,primary 3-seed mean complex IG K7,mean,,True,True,True,primary clean calibration,11
DS8,270.5,14.694671383279818,persistent,B0 Exact,NA,,True,True,True,B0 Exact clean calibration,
DS8,270.5,1.4913893132040765,persistent,primary 3-seed mean complex IG K7,mean,,True,True,True,primary clean calibration,11
DS8,271.0,14.64223884043659,persistent,B0 Exact,NA,,True,True,True,B0 Exact clean calibration,
DS8,271.0,1.489925778996677,persistent,primary 3-seed mean complex IG K7,mean,,True,True,True,primary clean calibration,11
DS8,271.5,14.602914433304168,persistent,B0 Exact,NA,,True,True,True,B0 Exact clean calibration,
DS8,271.5,1.4899240670461154,persistent,primary 3-seed mean complex IG K7,mean,,True,True,True,primary clean calibration,11
DS8,272.0,14.573421127954852,persistent,B0 Exact,NA,,True,True,True,B0 Exact clean calibration,
DS8,272.0,1.4870785408334912,persistent,primary 3-seed mean complex IG K7,mean,,True,True,True,primary clean calibration,11
DS8,272.5,14.551301148942866,persistent,B0 Exact,NA,,True,True,True,B0 Exact clean calibration,
DS8,272.5,1.489639307236228,persistent,primary 3-seed mean complex IG K7,mean,,True,True,True,primary clean calibration,11
DS8,273.0,14.534711164683873,persistent,B0 Exact,NA,,True,True,True,B0 Exact clean calibration,
DS8,273.0,1.4906231728490047,persistent,primary 3-seed mean complex IG K7,mean,,True,True,True,primary clean calibration,11
DS8,273.5,14.522268676489631,persistent,B0 Exact,NA,,True,True,True,B0 Exact clean calibration,
DS8,273.5,1.4897917703956634,persistent,primary 3-seed mean complex IG K7,mean,,True,True,True,primary clean calibration,11
DS8,274.0,14.512936810343948,persistent,B0 Exact,NA,,True,True,True,B0 Exact clean calibration,
DS8,274.0,1.4924444402442552,persistent,primary 3-seed mean complex IG K7,mean,,True,True,True,primary clean calibration,11
DS8,274.5,14.505937910734687,persistent,B0 Exact,NA,,True,True,True,B0 Exact clean calibration,
DS8,274.5,1.490814577565457,persistent,primary 3-seed mean complex IG K7,mean,,True,True,True,primary clean calibration,11
DS8,275.0,14.50068873602774,persistent,B0 Exact,NA,,True,True,True,B0 Exact clean calibration,
DS8,275.0,1.4930001413984286,persistent,primary 3-seed mean complex IG K7,mean,,True,True,True,primary clean calibration,11
DS8,275.5,14.49675185499753,persistent,B0 Exact,NA,,True,True,True,B0 Exact clean calibration,
DS8,275.5,1.4924788878337658,persistent,primary 3-seed mean complex IG K7,mean,,True,True,True,primary clean calibration,11
DS8,276.0,14.493799194224874,persistent,B0 Exact,NA,,True,True,True,B0 Exact clean calibration,
DS8,276.0,1.4909609633240752,persistent,primary 3-seed mean complex IG K7,mean,,True,True,True,primary clean calibration,11
DS8,276.5,14.49158469864538,persistent,B0 Exact,NA,,True,True,True,B0 Exact clean calibration,
DS8,276.5,1.491135169568795,persistent,primary 3-seed mean complex IG K7,mean,,True,True,True,primary clean calibration,11
DS8,277.0,14.489923826960759,persistent,B0 Exact,NA,,True,True,True,B0 Exact clean calibration,
DS8,277.0,1.489230797301823,persistent,primary 3-seed mean complex IG K7,mean,,True,True,True,primary clean calibration,11
DS8,277.5,14.488678173197293,persistent,B0 Exact,NA,,True,True,True,B0 Exact clean calibration,
DS8,277.5,1.4886205242902084,persistent,primary 3-seed mean complex IG K7,mean,,True,True,True,primary clean calibration,11
DS8,278.0,14.487743932874697,persistent,B0 Exact,NA,,True,True,True,B0 Exact clean calibration,
DS8,278.0,1.4896967069023692,persistent,primary 3-seed mean complex IG K7,mean,,True,True,True,primary clean calibration,11
DS8,278.5,14.487043252632748,persistent,B0 Exact,NA,,True,True,True,B0 Exact clean calibration,
DS8,278.5,1.4894934028762374,persistent,primary 3-seed mean complex IG K7,mean,,True,True,True,primary clean calibration,11
DS8,279.0,14.486517742451287,persistent,B0 Exact,NA,,True,True,True,B0 Exact clean calibration,
DS8,279.0,1.4923696699606286,persistent,primary 3-seed mean complex IG K7,mean,,True,True,True,primary clean calibration,11
DS8,279.5,14.486123609815191,persistent,B0 Exact,NA,,True,True,True,B0 Exact clean calibration,
DS8,279.5,1.4910374182480044,persistent,primary 3-seed mean complex IG K7,mean,,True,True,True,primary clean calibration,11
DS8,280.0,14.485828010338118,persistent,B0 Exact,NA,,True,True,True,B0 Exact clean calibration,
DS8,280.0,1.4924832904341454,persistent,primary 3-seed mean complex IG K7,mean,,True,True,True,primary clean calibration,11
DS8,280.5,14.485606310730315,persistent,B0 Exact,NA,,True,True,True,B0 Exact clean calibration,
DS8,280.5,1.4894913621713473,persistent,primary 3-seed mean complex IG K7,mean,,True,True,True,primary clean calibration,11
DS8,281.0,14.48544003602446,persistent,B0 Exact,NA,,True,True,True,B0 Exact clean calibration,
DS8,281.0,1.4891105011780355,persistent,primary 3-seed mean complex IG K7,mean,,True,True,True,primary clean calibration,11
DS8,281.5,14.485315329995071,persistent,B0 Exact,NA,,True,True,True,B0 Exact clean calibration,
DS8,281.5,1.4898885786196328,persistent,primary 3-seed mean complex IG K7,mean,,True,True,True,primary clean calibration,11
DS8,282.0,14.485221800473028,persistent,B0 Exact,NA,,True,True,True,B0 Exact clean calibration,
DS8,282.0,1.4923989284367234,persistent,primary 3-seed mean complex IG K7,mean,,True,True,True,primary clean calibration,11
DS8,282.5,14.485151653331496,persistent,B0 Exact,NA,,True,True,True,B0 Exact clean calibration,
DS8,282.5,1.4869443224105687,persistent,primary 3-seed mean complex IG K7,mean,,True,True,True,primary clean calibration,11
DS8,283.0,14.485099042975346,persistent,B0 Exact,NA,,True,True,True,B0 Exact clean calibration,
DS8,283.0,1.490183386593582,persistent,primary 3-seed mean complex IG K7,mean,,True,True,True,primary clean calibration,11
DS8,283.5,14.485059585208234,persistent,B0 Exact,NA,,True,True,True,B0 Exact clean calibration,
DS8,283.5,1.4923876344836924,persistent,primary 3-seed mean complex IG K7,mean,,True,True,True,primary clean calibration,11
DS8,284.0,14.4850299918829,persistent,B0 Exact,NA,,True,True,True,B0 Exact clean calibration,
DS8,284.0,1.490680424487169,persistent,primary 3-seed mean complex IG K7,mean,,True,True,True,primary clean calibration,11
DS8,284.5,14.485007796888901,persistent,B0 Exact,NA,,True,True,True,B0 Exact clean calibration,
DS8,284.5,1.4909832617442242,persistent,primary 3-seed mean complex IG K7,mean,,True,True,True,primary clean calibration,11
DS8,285.0,14.484991150643403,persistent,B0 Exact,NA,,True,True,True,B0 Exact clean calibration,
DS8,285.0,1.4934171940164285,persistent,primary 3-seed mean complex IG K7,mean,,True,True,True,primary clean calibration,11
DS8,285.5,14.484978665959279,persistent,B0 Exact,NA,,True,True,True,B0 Exact clean calibration,
DS8,285.5,1.4914855478798354,persistent,primary 3-seed mean complex IG K7,mean,,True,True,True,primary clean calibration,11
DS8,286.0,14.484969302446185,persistent,B0 Exact,NA,,True,True,True,B0 Exact clean calibration,
DS8,286.0,1.4933138897478333,persistent,primary 3-seed mean complex IG K7,mean,,True,True,True,primary clean calibration,11
DS8,286.5,14.484962279811363,persistent,B0 Exact,NA,,True,True,True,B0 Exact clean calibration,
DS8,286.5,1.4942893325662865,persistent,primary 3-seed mean complex IG K7,mean,,True,True,True,primary clean calibration,11
DS8,287.0,14.484957012835249,persistent,B0 Exact,NA,,True,True,True,B0 Exact clean calibration,
DS8,287.0,1.4961786494867304,persistent,primary 3-seed mean complex IG K7,mean,,True,True,True,primary clean calibration,11
DS8,287.5,14.48495306260316,persistent,B0 Exact,NA,,True,True,True,B0 Exact clean calibration,
DS8,287.5,1.496866697813805,persistent,primary 3-seed mean complex IG K7,mean,,True,True,True,primary clean calibration,11
DS8,288.0,14.484950099929097,persistent,B0 Exact,NA,,True,True,True,B0 Exact clean calibration,
DS8,288.0,1.496402222326209,persistent,primary 3-seed mean complex IG K7,mean,,True,True,True,primary clean calibration,11
DS8,288.5,14.484947877923549,persistent,B0 Exact,NA,,True,True,True,B0 Exact clean calibration,
DS8,288.5,1.494814023118434,persistent,primary 3-seed mean complex IG K7,mean,,True,True,True,primary clean calibration,11
DS8,289.0,14.484946211419388,persistent,B0 Exact,NA,,True,True,True,B0 Exact clean calibration,
DS8,289.0,1.496126555265362,persistent,primary 3-seed mean complex IG K7,mean,,True,True,True,primary clean calibration,11
DS8,289.5,14.484944961541267,persistent,B0 Exact,NA,,True,True,True,B0 Exact clean calibration,
DS8,289.5,1.4982564324441539,persistent,primary 3-seed mean complex IG K7,mean,,True,True,True,primary clean calibration,11
DS8,290.0,14.484944024132677,persistent,B0 Exact,NA,,True,True,True,B0 Exact clean calibration,
DS8,290.0,1.4942906362235073,persistent,primary 3-seed mean complex IG K7,mean,,True,True,True,primary clean calibration,11
DS8,290.5,14.484943321076234,persistent,B0 Exact,NA,,True,True,True,B0 Exact clean calibration,
DS8,290.5,1.4937992300226695,persistent,primary 3-seed mean complex IG K7,mean,,True,True,True,primary clean calibration,11
DS8,291.0,14.484942793783901,persistent,B0 Exact,NA,,True,True,True,B0 Exact clean calibration,
DS8,291.0,1.4981549842212314,persistent,primary 3-seed mean complex IG K7,mean,,True,True,True,primary clean calibration,11
DS8,291.5,14.48494239831465,persistent,B0 Exact,NA,,True,True,True,B0 Exact clean calibration,
DS8,291.5,1.4962149891053096,persistent,primary 3-seed mean complex IG K7,mean,,True,True,True,primary clean calibration,11
DS8,292.0,14.484942101712715,persistent,B0 Exact,NA,,True,True,True,B0 Exact clean calibration,
DS8,292.0,1.494539056477679,persistent,primary 3-seed mean complex IG K7,mean,,True,True,True,primary clean calibration,11
DS8,292.5,14.48494187926126,persistent,B0 Exact,NA,,True,True,True,B0 Exact clean calibration,
DS8,292.5,1.4977425696367934,persistent,primary 3-seed mean complex IG K7,mean,,True,True,True,primary clean calibration,11
DS8,293.0,14.484941712422671,persistent,B0 Exact,NA,,True,True,True,B0 Exact clean calibration,
DS8,293.0,1.4946519238903182,persistent,primary 3-seed mean complex IG K7,mean,,True,True,True,primary clean calibration,11
DS8,293.5,14.48494158729373,persistent,B0 Exact,NA,,True,True,True,B0 Exact clean calibration,
DS8,293.5,1.4941051674557089,persistent,primary 3-seed mean complex IG K7,mean,,True,True,True,primary clean calibration,11
DS8,294.0,14.484941493447021,persistent,B0 Exact,NA,,True,True,True,B0 Exact clean calibration,
DS8,294.0,1.4947673744657912,persistent,primary 3-seed mean complex IG K7,mean,,True,True,True,primary clean calibration,11
DS8,294.5,14.48494142306199,persistent,B0 Exact,NA,,True,True,True,B0 Exact clean calibration,
DS8,294.5,1.4956344386240943,persistent,primary 3-seed mean complex IG K7,mean,,True,True,True,primary clean calibration,11
DS8,295.0,14.48494137027322,persistent,B0 Exact,NA,,True,True,True,B0 Exact clean calibration,
DS8,295.0,1.4967457363154164,persistent,primary 3-seed mean complex IG K7,mean,,True,True,True,primary clean calibration,11
DS8,295.5,14.48494133068164,persistent,B0 Exact,NA,,True,True,True,B0 Exact clean calibration,
DS8,295.5,1.4983865270651087,persistent,primary 3-seed mean complex IG K7,mean,,True,True,True,primary clean calibration,11
DS8,296.0,14.484941300987956,persistent,B0 Exact,NA,,True,True,True,B0 Exact clean calibration,
DS8,296.0,1.4960194001791614,persistent,primary 3-seed mean complex IG K7,mean,,True,True,True,primary clean calibration,11
DS8,296.5,14.484941278717692,persistent,B0 Exact,NA,,True,True,True,B0 Exact clean calibration,
DS8,296.5,1.4983451822144236,persistent,primary 3-seed mean complex IG K7,mean,,True,True,True,primary clean calibration,11
DS8,297.0,14.484941262014996,persistent,B0 Exact,NA,,True,True,True,B0 Exact clean calibration,
DS8,297.0,1.4974752401317417,persistent,primary 3-seed mean complex IG K7,mean,,True,True,True,primary clean calibration,11
DS8,297.5,14.48494124948797,persistent,B0 Exact,NA,,True,True,True,B0 Exact clean calibration,
DS8,297.5,1.498914882448311,persistent,primary 3-seed mean complex IG K7,mean,,True,True,True,primary clean calibration,11
DS8,298.0,14.484941240092702,persistent,B0 Exact,NA,,True,True,True,B0 Exact clean calibration,
DS8,298.0,1.499827692841525,persistent,primary 3-seed mean complex IG K7,mean,,True,True,True,primary clean calibration,11
DS8,298.5,14.484941233046253,persistent,B0 Exact,NA,,True,True,True,B0 Exact clean calibration,
DS8,298.5,1.5017911051915565,persistent,primary 3-seed mean complex IG K7,mean,,True,True,True,primary clean calibration,11
DS8,299.0,14.484941227761414,persistent,B0 Exact,NA,,True,True,True,B0 Exact clean calibration,
DS8,299.0,1.5007521687339496,persistent,primary 3-seed mean complex IG K7,mean,,True,True,True,primary clean calibration,11
DS8,299.5,14.484941223797787,persistent,B0 Exact,NA,,True,True,True,B0 Exact clean calibration,
DS8,299.5,1.502324251243534,persistent,primary 3-seed mean complex IG K7,mean,,True,True,True,primary clean calibration,11
DS8,300.0,14.484941220825064,persistent,B0 Exact,NA,,True,True,True,B0 Exact clean calibration,
DS8,300.0,1.4996679190195001,persistent,primary 3-seed mean complex IG K7,mean,,True,True,True,primary clean calibration,11
DS8,300.5,14.484941218595523,persistent,B0 Exact,NA,,True,True,True,B0 Exact clean calibration,
DS8,300.5,1.5004056801478818,persistent,primary 3-seed mean complex IG K7,mean,,True,True,True,primary clean calibration,11
DS8,301.0,14.484941216923367,persistent,B0 Exact,NA,,True,True,True,B0 Exact clean calibration,
DS8,301.0,1.4991171138421668,persistent,primary 3-seed mean complex IG K7,mean,,True,True,True,primary clean calibration,11
DS8,301.5,14.484941215669252,persistent,B0 Exact,NA,,True,True,True,B0 Exact clean calibration,
DS8,301.5,1.499023912079311,persistent,primary 3-seed mean complex IG K7,mean,,True,True,True,primary clean calibration,11
DS8,302.0,14.484941214728664,persistent,B0 Exact,NA,,True,True,True,B0 Exact clean calibration,
DS8,302.0,1.4996686403556312,persistent,primary 3-seed mean complex IG K7,mean,,True,True,True,primary clean calibration,11
DS8,302.5,14.484941214023223,persistent,B0 Exact,NA,,True,True,True,B0 Exact clean calibration,
DS8,302.5,1.4982384352524,persistent,primary 3-seed mean complex IG K7,mean,,True,True,True,primary clean calibration,11
DS8,303.0,14.484941213494142,persistent,B0 Exact,NA,,True,True,True,B0 Exact clean calibration,
DS8,303.0,1.501830640623589,persistent,primary 3-seed mean complex IG K7,mean,,True,True,True,primary clean calibration,11
DS8,303.5,14.484941213097333,persistent,B0 Exact,NA,,True,True,True,B0 Exact clean calibration,
DS8,303.5,1.500919046492949,persistent,primary 3-seed mean complex IG K7,mean,,True,True,True,primary clean calibration,11
DS8,304.0,14.484941212799725,persistent,B0 Exact,NA,,True,True,True,B0 Exact clean calibration,
DS8,304.0,1.495835800425847,persistent,primary 3-seed mean complex IG K7,mean,,True,True,True,primary clean calibration,11
DS8,304.5,14.48494121257652,persistent,B0 Exact,NA,,True,True,True,B0 Exact clean calibration,
DS8,304.5,1.495630376064624,persistent,primary 3-seed mean complex IG K7,mean,,True,True,True,primary clean calibration,11
DS8,305.0,14.484941212409115,persistent,B0 Exact,NA,,True,True,True,B0 Exact clean calibration,
DS8,305.0,1.4968290664283623,persistent,primary 3-seed mean complex IG K7,mean,,True,True,True,primary clean calibration,11
DS8,305.5,14.484941212283562,persistent,B0 Exact,NA,,True,True,True,B0 Exact clean calibration,
DS8,305.5,1.4978793900796241,persistent,primary 3-seed mean complex IG K7,mean,,True,True,True,primary clean calibration,11
DS8,306.0,14.484941212189398,persistent,B0 Exact,NA,,True,True,True,B0 Exact clean calibration,
DS8,306.0,1.502243756875994,persistent,primary 3-seed mean complex IG K7,mean,,True,True,True,primary clean calibration,11
DS8,306.5,14.484941212118773,persistent,B0 Exact,NA,,True,True,True,B0 Exact clean calibration,
DS8,306.5,1.504841638267358,persistent,primary 3-seed mean complex IG K7,mean,,True,True,True,primary clean calibration,11
DS8,307.0,14.484941212065806,persistent,B0 Exact,NA,,True,True,True,B0 Exact clean calibration,
DS8,307.0,1.5045918197015105,persistent,primary 3-seed mean complex IG K7,mean,,True,True,True,primary clean calibration,11
DS8,307.5,14.48494121202608,persistent,B0 Exact,NA,,True,True,True,B0 Exact clean calibration,
DS8,307.5,1.5039622813949822,persistent,primary 3-seed mean complex IG K7,mean,,True,True,True,primary clean calibration,11
DS8,308.0,14.484941211996286,persistent,B0 Exact,NA,,True,True,True,B0 Exact clean calibration,
DS8,308.0,1.5032042831668069,persistent,primary 3-seed mean complex IG K7,mean,,True,True,True,primary clean calibration,11
DS8,308.5,14.48494121197394,persistent,B0 Exact,NA,,True,True,True,B0 Exact clean calibration,
DS8,308.5,1.499185177741122,persistent,primary 3-seed mean complex IG K7,mean,,True,True,True,primary clean calibration,11
DS8,309.0,14.484941211957182,persistent,B0 Exact,NA,,True,True,True,B0 Exact clean calibration,
DS8,309.0,1.499718367673877,persistent,primary 3-seed mean complex IG K7,mean,,True,True,True,primary clean calibration,11
DS8,309.5,14.484941211944612,persistent,B0 Exact,NA,,True,True,True,B0 Exact clean calibration,
DS8,309.5,1.5028828424002052,persistent,primary 3-seed mean complex IG K7,mean,,True,True,True,primary clean calibration,11
DS8,310.0,14.484941211935183,persistent,B0 Exact,NA,,True,True,True,B0 Exact clean calibration,
DS8,310.0,1.502462602540646,persistent,primary 3-seed mean complex IG K7,mean,,True,True,True,primary clean calibration,11
DS8,310.5,14.484941211928113,persistent,B0 Exact,NA,,True,True,True,B0 Exact clean calibration,
DS8,310.5,1.5009688241167118,persistent,primary 3-seed mean complex IG K7,mean,,True,True,True,primary clean calibration,11
DS8,311.0,14.48494121192281,persistent,B0 Exact,NA,,True,True,True,B0 Exact clean calibration,
DS8,311.0,1.501196161406537,persistent,primary 3-seed mean complex IG K7,mean,,True,True,True,primary clean calibration,11
DS8,311.5,14.484941211918834,persistent,B0 Exact,NA,,True,True,True,B0 Exact clean calibration,
DS8,311.5,1.5021898944373768,persistent,primary 3-seed mean complex IG K7,mean,,True,True,True,primary clean calibration,11
DS8,312.0,14.48494121191585,persistent,B0 Exact,NA,,True,True,True,B0 Exact clean calibration,
DS8,312.0,1.5017669811285577,persistent,primary 3-seed mean complex IG K7,mean,,True,True,True,primary clean calibration,11
DS8,312.5,14.484941211913611,persistent,B0 Exact,NA,,True,True,True,B0 Exact clean calibration,
DS8,312.5,1.5027927427751449,persistent,primary 3-seed mean complex IG K7,mean,,True,True,True,primary clean calibration,11
DS8,313.0,14.484941211911934,persistent,B0 Exact,NA,,True,True,True,B0 Exact clean calibration,
DS8,313.0,1.5052571051282468,persistent,primary 3-seed mean complex IG K7,mean,,True,True,True,primary clean calibration,11
DS8,313.5,14.484941211910677,persistent,B0 Exact,NA,,True,True,True,B0 Exact clean calibration,
DS8,313.5,1.5055965209930662,persistent,primary 3-seed mean complex IG K7,mean,,True,True,True,primary clean calibration,11
DS8,314.0,14.484941211909732,persistent,B0 Exact,NA,,True,True,True,B0 Exact clean calibration,
DS8,314.0,1.5051758585959734,persistent,primary 3-seed mean complex IG K7,mean,,True,True,True,primary clean calibration,11
DS8,314.5,14.484941211909025,persistent,B0 Exact,NA,,True,True,True,B0 Exact clean calibration,
DS8,314.5,1.5007424203342719,persistent,primary 3-seed mean complex IG K7,mean,,True,True,True,primary clean calibration,11
DS8,315.0,14.484941211908495,persistent,B0 Exact,NA,,True,True,True,B0 Exact clean calibration,
DS8,315.0,1.5023977083899716,persistent,primary 3-seed mean complex IG K7,mean,,True,True,True,primary clean calibration,11
DS8,315.5,14.484941211908097,persistent,B0 Exact,NA,,True,True,True,B0 Exact clean calibration,
DS8,315.5,1.502825855229423,persistent,primary 3-seed mean complex IG K7,mean,,True,True,True,primary clean calibration,11
DS8,316.0,14.484941211907799,persistent,B0 Exact,NA,,True,True,True,B0 Exact clean calibration,
DS8,316.0,1.5039789822955072,persistent,primary 3-seed mean complex IG K7,mean,,True,True,True,primary clean calibration,11
DS8,316.5,14.484941211907575,persistent,B0 Exact,NA,,True,True,True,B0 Exact clean calibration,
DS8,316.5,1.5043352925885907,persistent,primary 3-seed mean complex IG K7,mean,,True,True,True,primary clean calibration,11
DS8,317.0,14.484941211907408,persistent,B0 Exact,NA,,True,True,True,B0 Exact clean calibration,
DS8,317.0,1.5028206731378377,persistent,primary 3-seed mean complex IG K7,mean,,True,True,True,primary clean calibration,11
DS8,317.5,14.48494121190728,persistent,B0 Exact,NA,,True,True,True,B0 Exact clean calibration,
DS8,317.5,1.5010326358461523,persistent,primary 3-seed mean complex IG K7,mean,,True,True,True,primary clean calibration,11
DS8,318.0,14.484941211907184,persistent,B0 Exact,NA,,True,True,True,B0 Exact clean calibration,
DS8,318.0,1.500069202289937,persistent,primary 3-seed mean complex IG K7,mean,,True,True,True,primary clean calibration,11
DS8,318.5,14.484941211907113,persistent,B0 Exact,NA,,True,True,True,B0 Exact clean calibration,
DS8,318.5,1.5024129961521864,persistent,primary 3-seed mean complex IG K7,mean,,True,True,True,primary clean calibration,11
DS8,319.0,14.48494121190706,persistent,B0 Exact,NA,,True,True,True,B0 Exact clean calibration,
DS8,319.0,1.502937766641974,persistent,primary 3-seed mean complex IG K7,mean,,True,True,True,primary clean calibration,11
DS8,319.5,14.48494121190702,persistent,B0 Exact,NA,,True,True,True,B0 Exact clean calibration,
DS8,319.5,1.5047103375944308,persistent,primary 3-seed mean complex IG K7,mean,,True,True,True,primary clean calibration,11
DS8,320.0,14.484941211906992,persistent,B0 Exact,NA,,True,True,True,B0 Exact clean calibration,
DS8,320.0,1.5041997998505507,persistent,primary 3-seed mean complex IG K7,mean,,True,True,True,primary clean calibration,11
DS8,320.5,14.484941211906971,persistent,B0 Exact,NA,,True,True,True,B0 Exact clean calibration,
DS8,320.5,1.506099262364893,persistent,primary 3-seed mean complex IG K7,mean,,True,True,True,primary clean calibration,11
DS8,321.0,14.484941211906953,persistent,B0 Exact,NA,,True,True,True,B0 Exact clean calibration,
DS8,321.0,1.504286500498888,persistent,primary 3-seed mean complex IG K7,mean,,True,True,True,primary clean calibration,11
DS8,321.5,14.48494121190694,persistent,B0 Exact,NA,,True,True,True,B0 Exact clean calibration,
DS8,321.5,1.5028847246220003,persistent,primary 3-seed mean complex IG K7,mean,,True,True,True,primary clean calibration,11
DS8,322.0,14.484941211906929,persistent,B0 Exact,NA,,True,True,True,B0 Exact clean calibration,
DS8,322.0,1.5075890377180834,persistent,primary 3-seed mean complex IG K7,mean,,True,True,True,primary clean calibration,11
DS8,322.5,14.484941211906921,persistent,B0 Exact,NA,,True,True,True,B0 Exact clean calibration,
DS8,322.5,1.5027863767137362,persistent,primary 3-seed mean complex IG K7,mean,,True,True,True,primary clean calibration,11
DS8,323.0,14.484941211906918,persistent,B0 Exact,NA,,True,True,True,B0 Exact clean calibration,
DS8,323.0,1.5072501781978633,persistent,primary 3-seed mean complex IG K7,mean,,True,True,True,primary clean calibration,11
DS8,323.5,14.484941211906914,persistent,B0 Exact,NA,,True,True,True,B0 Exact clean calibration,
DS8,323.5,1.5097076052868603,persistent,primary 3-seed mean complex IG K7,mean,,True,True,True,primary clean calibration,11
DS8,324.0,14.48494121190691,persistent,B0 Exact,NA,,True,True,True,B0 Exact clean calibration,
DS8,324.0,1.5100174507472293,persistent,primary 3-seed mean complex IG K7,mean,,True,True,True,primary clean calibration,11
DS8,324.5,14.484941211906907,persistent,B0 Exact,NA,,True,True,True,B0 Exact clean calibration,
DS8,324.5,1.509639581130273,persistent,primary 3-seed mean complex IG K7,mean,,True,True,True,primary clean calibration,10
DS8,325.0,14.484941211906907,persistent,B0 Exact,NA,,True,True,True,B0 Exact clean calibration,
DS8,325.0,1.5067191035541836,persistent,primary 3-seed mean complex IG K7,mean,,True,True,True,primary clean calibration,10
DS8,325.5,14.484941211906907,persistent,B0 Exact,NA,,True,True,True,B0 Exact clean calibration,
DS8,325.5,1.507482900267327,persistent,primary 3-seed mean complex IG K7,mean,,True,True,True,primary clean calibration,10
DS8,326.0,14.484941211906907,persistent,B0 Exact,NA,,True,True,True,B0 Exact clean calibration,
DS8,326.0,1.5094168167969972,persistent,primary 3-seed mean complex IG K7,mean,,True,True,True,primary clean calibration,10
DS8,326.5,14.484941211906907,persistent,B0 Exact,NA,,True,True,True,B0 Exact clean calibration,
DS8,326.5,1.5108835517887675,persistent,primary 3-seed mean complex IG K7,mean,,True,True,True,primary clean calibration,10
DS8,327.0,14.484941211906907,persistent,B0 Exact,NA,,True,True,True,B0 Exact clean calibration,
DS8,327.0,1.5115867827527343,persistent,primary 3-seed mean complex IG K7,mean,,True,True,True,primary clean calibration,10
DS8,327.5,14.484941211906907,persistent,B0 Exact,NA,,True,True,True,B0 Exact clean calibration,
DS8,327.5,1.5120430046634725,persistent,primary 3-seed mean complex IG K7,mean,,True,True,True,primary clean calibration,10
DS8,328.0,14.484941211906907,persistent,B0 Exact,NA,,True,True,True,B0 Exact clean calibration,
DS8,328.0,1.5110407844944003,persistent,primary 3-seed mean complex IG K7,mean,,True,True,True,primary clean calibration,10
DS8,328.5,14.484941211906907,persistent,B0 Exact,NA,,True,True,True,B0 Exact clean calibration,
DS8,328.5,1.509893115388646,persistent,primary 3-seed mean complex IG K7,mean,,True,True,True,primary clean calibration,10
DS8,329.0,14.484941211906907,persistent,B0 Exact,NA,,True,True,True,B0 Exact clean calibration,
DS8,329.0,1.5077100137027308,persistent,primary 3-seed mean complex IG K7,mean,,True,True,True,primary clean calibration,10
DS8,329.5,14.484941211906907,persistent,B0 Exact,NA,,True,True,True,B0 Exact clean calibration,
DS8,329.5,1.5080777485961452,persistent,primary 3-seed mean complex IG K7,mean,,True,True,True,primary clean calibration,10
DS8,330.0,14.484941211906907,persistent,B0 Exact,NA,,True,True,True,B0 Exact clean calibration,
DS8,330.0,1.5079300050857818,persistent,primary 3-seed mean complex IG K7,mean,,True,True,True,primary clean calibration,10
DS8,330.5,14.484941211906907,persistent,B0 Exact,NA,,True,True,True,B0 Exact clean calibration,
DS8,330.5,1.5081918035312893,persistent,primary 3-seed mean complex IG K7,mean,,True,True,True,primary clean calibration,10
DS8,331.0,14.484941211906907,persistent,B0 Exact,NA,,True,True,True,B0 Exact clean calibration,
DS8,331.0,1.5096890757144077,persistent,primary 3-seed mean complex IG K7,mean,,True,True,True,primary clean calibration,10
DS8,331.5,14.484941211906907,persistent,B0 Exact,NA,,True,True,True,B0 Exact clean calibration,
DS8,331.5,1.5084521028339128,persistent,primary 3-seed mean complex IG K7,mean,,True,True,True,primary clean calibration,10
DS8,332.0,14.484941211906907,persistent,B0 Exact,NA,,True,True,True,B0 Exact clean calibration,
DS8,332.0,1.5074681424020306,persistent,primary 3-seed mean complex IG K7,mean,,True,True,True,primary clean calibration,10
DS8,332.5,14.484941211906907,persistent,B0 Exact,NA,,True,True,True,B0 Exact clean calibration,
DS8,332.5,1.506322246470084,persistent,primary 3-seed mean complex IG K7,mean,,True,True,True,primary clean calibration,10
DS8,333.0,14.484941211906907,persistent,B0 Exact,NA,,True,True,True,B0 Exact clean calibration,
DS8,333.0,1.50872116541288,persistent,primary 3-seed mean complex IG K7,mean,,True,True,True,primary clean calibration,10
DS8,333.5,14.484941211906907,persistent,B0 Exact,NA,,True,True,True,B0 Exact clean calibration,
DS8,333.5,1.5066055368746536,persistent,primary 3-seed mean complex IG K7,mean,,True,True,True,primary clean calibration,10
DS8,334.0,14.484941211906907,persistent,B0 Exact,NA,,True,True,True,B0 Exact clean calibration,
DS8,334.0,1.5083029140305104,persistent,primary 3-seed mean complex IG K7,mean,,True,True,True,primary clean calibration,10
DS8,334.5,14.484941211906907,persistent,B0 Exact,NA,,True,True,True,B0 Exact clean calibration,
DS8,334.5,1.5095501458152436,persistent,primary 3-seed mean complex IG K7,mean,,True,True,True,primary clean calibration,10
DS8,335.0,14.484941211906907,persistent,B0 Exact,NA,,True,True,True,B0 Exact clean calibration,
DS8,335.0,1.5090707810666995,persistent,primary 3-seed mean complex IG K7,mean,,True,True,True,primary clean calibration,10
DS8,335.5,14.484941211906907,persistent,B0 Exact,NA,,True,True,True,B0 Exact clean calibration,
DS8,335.5,1.5104412980192212,persistent,primary 3-seed mean complex IG K7,mean,,True,True,True,primary clean calibration,10
DS8,336.0,14.484941211906907,persistent,B0 Exact,NA,,True,True,True,B0 Exact clean calibration,
DS8,336.0,1.5093753207128622,persistent,primary 3-seed mean complex IG K7,mean,,True,True,True,primary clean calibration,10
DS8,336.5,14.484941211906907,persistent,B0 Exact,NA,,True,True,True,B0 Exact clean calibration,
DS8,336.5,1.5067498437884002,persistent,primary 3-seed mean complex IG K7,mean,,True,True,True,primary clean calibration,10
DS8,337.0,14.484941211906907,persistent,B0 Exact,NA,,True,True,True,B0 Exact clean calibration,
DS8,337.0,1.5098080912617682,persistent,primary 3-seed mean complex IG K7,mean,,True,True,True,primary clean calibration,10
DS8,337.5,14.484941211906907,persistent,B0 Exact,NA,,True,True,True,B0 Exact clean calibration,
DS8,337.5,1.508100774430089,persistent,primary 3-seed mean complex IG K7,mean,,True,True,True,primary clean calibration,10
DS8,338.0,14.484941211906907,persistent,B0 Exact,NA,,True,True,True,B0 Exact clean calibration,
DS8,338.0,1.5095310344369086,persistent,primary 3-seed mean complex IG K7,mean,,True,True,True,primary clean calibration,10
DS8,338.5,14.484941211906907,persistent,B0 Exact,NA,,True,True,True,B0 Exact clean calibration,
DS8,338.5,1.5102811487317382,persistent,primary 3-seed mean complex IG K7,mean,,True,True,True,primary clean calibration,10
DS8,339.0,14.484941211906907,persistent,B0 Exact,NA,,True,True,True,B0 Exact clean calibration,
DS8,339.0,1.508512562216805,persistent,primary 3-seed mean complex IG K7,mean,,True,True,True,primary clean calibration,10
DS8,339.5,14.484941211906907,persistent,B0 Exact,NA,,True,True,True,B0 Exact clean calibration,
DS8,339.5,1.5124680351148614,persistent,primary 3-seed mean complex IG K7,mean,,True,True,True,primary clean calibration,10
DS8,340.0,14.484941211906907,persistent,B0 Exact,NA,,True,True,True,B0 Exact clean calibration,
DS8,340.0,1.5091511303142762,persistent,primary 3-seed mean complex IG K7,mean,,True,True,True,primary clean calibration,10
DS8,340.5,14.484941211906907,persistent,B0 Exact,NA,,True,True,True,B0 Exact clean calibration,
DS8,340.5,1.5077392789394404,persistent,primary 3-seed mean complex IG K7,mean,,True,True,True,primary clean calibration,10
DS8,341.0,14.484941211906907,persistent,B0 Exact,NA,,True,True,True,B0 Exact clean calibration,
DS8,341.0,1.5075580041244774,persistent,primary 3-seed mean complex IG K7,mean,,True,True,True,primary clean calibration,10
DS8,341.5,14.484941211906907,persistent,B0 Exact,NA,,True,True,True,B0 Exact clean calibration,
DS8,341.5,1.5077647798585396,persistent,primary 3-seed mean complex IG K7,mean,,True,True,True,primary clean calibration,10
DS8,342.0,14.484941211906907,persistent,B0 Exact,NA,,True,True,True,B0 Exact clean calibration,
DS8,342.0,1.5070765518544043,persistent,primary 3-seed mean complex IG K7,mean,,True,True,True,primary clean calibration,10
DS8,342.5,14.484941211906907,persistent,B0 Exact,NA,,True,True,True,B0 Exact clean calibration,
DS8,342.5,1.5071020553030374,persistent,primary 3-seed mean complex IG K7,mean,,True,True,True,primary clean calibration,10
DS8,343.0,14.484941211906907,persistent,B0 Exact,NA,,True,True,True,B0 Exact clean calibration,
DS8,343.0,1.5084869561058873,persistent,primary 3-seed mean complex IG K7,mean,,True,True,True,primary clean calibration,10
DS8,343.5,14.484941211906907,persistent,B0 Exact,NA,,True,True,True,B0 Exact clean calibration,
DS8,343.5,1.506671586660741,persistent,primary 3-seed mean complex IG K7,mean,,True,True,True,primary clean calibration,10
DS8,344.0,14.484941211906907,persistent,B0 Exact,NA,,True,True,True,B0 Exact clean calibration,
DS8,344.0,1.5065272280361661,persistent,primary 3-seed mean complex IG K7,mean,,True,True,True,primary clean calibration,10
DS8,344.5,14.484941211906907,persistent,B0 Exact,NA,,True,True,True,B0 Exact clean calibration,
DS8,344.5,1.5085411293236408,persistent,primary 3-seed mean complex IG K7,mean,,True,True,True,primary clean calibration,10
DS8,345.0,14.484941211906907,persistent,B0 Exact,NA,,True,True,True,B0 Exact clean calibration,
DS8,345.0,1.5076430020876341,persistent,primary 3-seed mean complex IG K7,mean,,True,True,True,primary clean calibration,10
DS8,345.5,14.484941211906907,persistent,B0 Exact,NA,,True,True,True,B0 Exact clean calibration,
DS8,345.5,1.509839833619436,persistent,primary 3-seed mean complex IG K7,mean,,True,True,True,primary clean calibration,10
DS8,346.0,14.484941211906907,persistent,B0 Exact,NA,,True,True,True,B0 Exact clean calibration,
DS8,346.0,1.5125511360629413,persistent,primary 3-seed mean complex IG K7,mean,,True,True,True,primary clean calibration,10
DS8,346.5,14.484941211906907,persistent,B0 Exact,NA,,True,True,True,B0 Exact clean calibration,
DS8,346.5,1.513001935312863,persistent,primary 3-seed mean complex IG K7,mean,,True,True,True,primary clean calibration,10
DS8,347.0,14.484941211906907,persistent,B0 Exact,NA,,True,True,True,B0 Exact clean calibration,
DS8,347.0,1.5112239201629272,persistent,primary 3-seed mean complex IG K7,mean,,True,True,True,primary clean calibration,10
DS8,347.5,14.484941211906907,persistent,B0 Exact,NA,,True,True,True,B0 Exact clean calibration,
DS8,347.5,1.5102142116149684,persistent,primary 3-seed mean complex IG K7,mean,,True,True,True,primary clean calibration,10
DS8,348.0,14.484941211906907,persistent,B0 Exact,NA,,True,True,True,B0 Exact clean calibration,
DS8,348.0,1.5083822071933202,persistent,primary 3-seed mean complex IG K7,mean,,True,True,True,primary clean calibration,10
DS8,348.5,14.484941211906907,persistent,B0 Exact,NA,,True,True,True,B0 Exact clean calibration,
DS8,348.5,1.5113437162056897,persistent,primary 3-seed mean complex IG K7,mean,,True,True,True,primary clean calibration,10
DS8,349.0,14.484941211906907,persistent,B0 Exact,NA,,True,True,True,B0 Exact clean calibration,
DS8,349.0,1.5102907350476358,persistent,primary 3-seed mean complex IG K7,mean,,True,True,True,primary clean calibration,10
DS8,349.5,14.484941211906907,persistent,B0 Exact,NA,,True,True,True,B0 Exact clean calibration,
DS8,349.5,1.5111246536259024,persistent,primary 3-seed mean complex IG K7,mean,,True,True,True,primary clean calibration,10
DS8,350.0,14.484941211906907,persistent,B0 Exact,NA,,True,True,True,B0 Exact clean calibration,
DS8,350.0,1.513418963545229,persistent,primary 3-seed mean complex IG K7,mean,,True,True,True,primary clean calibration,10
DS8,350.5,14.484941211906907,persistent,B0 Exact,NA,,True,True,True,B0 Exact clean calibration,
DS8,350.5,1.5118221626770527,persistent,primary 3-seed mean complex IG K7,mean,,True,True,True,primary clean calibration,10
DS8,351.0,14.484941211906907,persistent,B0 Exact,NA,,True,True,True,B0 Exact clean calibration,
DS8,351.0,1.5088030380495179,persistent,primary 3-seed mean complex IG K7,mean,,True,True,True,primary clean calibration,10
DS8,351.5,14.484941211906907,persistent,B0 Exact,NA,,True,True,True,B0 Exact clean calibration,
DS8,351.5,1.508083243926326,persistent,primary 3-seed mean complex IG K7,mean,,True,True,True,primary clean calibration,10
DS8,352.0,14.484941211906907,persistent,B0 Exact,NA,,True,True,True,B0 Exact clean calibration,
DS8,352.0,1.5103305204103201,persistent,primary 3-seed mean complex IG K7,mean,,True,True,True,primary clean calibration,10
DS8,352.5,14.484941211906907,persistent,B0 Exact,NA,,True,True,True,B0 Exact clean calibration,
DS8,352.5,1.5090174710612339,persistent,primary 3-seed mean complex IG K7,mean,,True,True,True,primary clean calibration,10
DS8,353.0,14.484941211906907,persistent,B0 Exact,NA,,True,True,True,B0 Exact clean calibration,
DS8,353.0,1.509725911983658,persistent,primary 3-seed mean complex IG K7,mean,,True,True,True,primary clean calibration,10
DS8,353.5,14.484941211906907,persistent,B0 Exact,NA,,True,True,True,B0 Exact clean calibration,
DS8,353.5,1.5102484853444471,persistent,primary 3-seed mean complex IG K7,mean,,True,True,True,primary clean calibration,10
DS8,354.0,14.484941211906907,persistent,B0 Exact,NA,,True,True,True,B0 Exact clean calibration,
DS8,354.0,1.5115345246989105,persistent,primary 3-seed mean complex IG K7,mean,,True,True,True,primary clean calibration,10
DS8,354.5,14.484941211906907,persistent,B0 Exact,NA,,True,True,True,B0 Exact clean calibration,
DS8,354.5,1.5132827916559684,persistent,primary 3-seed mean complex IG K7,mean,,True,True,True,primary clean calibration,10
DS8,355.0,14.484941211906907,persistent,B0 Exact,NA,,True,True,True,B0 Exact clean calibration,
DS8,355.0,1.5123906113706849,persistent,primary 3-seed mean complex IG K7,mean,,True,True,True,primary clean calibration,10
DS8,355.5,14.484941211906907,persistent,B0 Exact,NA,,True,True,True,B0 Exact clean calibration,
DS8,355.5,1.5111823740059318,persistent,primary 3-seed mean complex IG K7,mean,,True,True,True,primary clean calibration,10
DS8,356.0,14.484941211906907,persistent,B0 Exact,NA,,True,True,True,B0 Exact clean calibration,
DS8,356.0,1.5143017623997472,persistent,primary 3-seed mean complex IG K7,mean,,True,True,True,primary clean calibration,10
DS8,356.5,14.484941211906907,persistent,B0 Exact,NA,,True,True,True,B0 Exact clean calibration,
DS8,356.5,1.5158108607861605,persistent,primary 3-seed mean complex IG K7,mean,,True,True,True,primary clean calibration,10
DS8,357.0,14.484941211906907,persistent,B0 Exact,NA,,True,True,True,B0 Exact clean calibration,
DS8,357.0,1.5131090152467344,persistent,primary 3-seed mean complex IG K7,mean,,True,True,True,primary clean calibration,10
DS8,357.5,14.484941211906907,persistent,B0 Exact,NA,,True,True,True,B0 Exact clean calibration,
DS8,357.5,1.5124997672845204,persistent,primary 3-seed mean complex IG K7,mean,,True,True,True,primary clean calibration,10
DS8,358.0,14.484941211906907,persistent,B0 Exact,NA,,True,True,True,B0 Exact clean calibration,
DS8,358.0,1.5137418299194076,persistent,primary 3-seed mean complex IG K7,mean,,True,True,True,primary clean calibration,10
DS8,358.5,14.484941211906907,persistent,B0 Exact,NA,,True,True,True,B0 Exact clean calibration,
DS8,358.5,1.5144391093831147,persistent,primary 3-seed mean complex IG K7,mean,,True,True,True,primary clean calibration,10
DS8,359.0,14.484941211906907,persistent,B0 Exact,NA,,True,True,True,B0 Exact clean calibration,
DS8,359.0,1.5157314035191103,persistent,primary 3-seed mean complex IG K7,mean,,True,True,True,primary clean calibration,10
DS8,359.5,14.484941211906907,persistent,B0 Exact,NA,,True,True,True,B0 Exact clean calibration,
DS8,359.5,1.5155563764930893,persistent,primary 3-seed mean complex IG K7,mean,,True,True,True,primary clean calibration,10
DS8,360.0,14.484941211906907,persistent,B0 Exact,NA,,True,True,True,B0 Exact clean calibration,
DS8,360.0,1.5142774422351248,persistent,primary 3-seed mean complex IG K7,mean,,True,True,True,primary clean calibration,10
DS8,360.5,14.484941211906907,persistent,B0 Exact,NA,,True,True,True,B0 Exact clean calibration,
DS8,360.5,1.5124627763192524,persistent,primary 3-seed mean complex IG K7,mean,,True,True,True,primary clean calibration,10
DS8,361.0,14.484941211906907,persistent,B0 Exact,NA,,True,True,True,B0 Exact clean calibration,
DS8,361.0,1.5125055039699415,persistent,primary 3-seed mean complex IG K7,mean,,True,True,True,primary clean calibration,10
DS8,361.5,14.484941211906907,persistent,B0 Exact,NA,,True,True,True,B0 Exact clean calibration,
DS8,361.5,1.5143908873294813,persistent,primary 3-seed mean complex IG K7,mean,,True,True,True,primary clean calibration,10
DS8,362.0,14.484941211906907,persistent,B0 Exact,NA,,True,True,True,B0 Exact clean calibration,
DS8,362.0,1.5156090203133281,persistent,primary 3-seed mean complex IG K7,mean,,True,True,True,primary clean calibration,10
DS8,362.5,14.484941211906907,persistent,B0 Exact,NA,,True,True,True,B0 Exact clean calibration,
DS8,362.5,1.5141311129175339,persistent,primary 3-seed mean complex IG K7,mean,,True,True,True,primary clean calibration,10
DS8,363.0,14.484941211906907,persistent,B0 Exact,NA,,True,True,True,B0 Exact clean calibration,
DS8,363.0,1.512468507383164,persistent,primary 3-seed mean complex IG K7,mean,,True,True,True,primary clean calibration,10
DS8,363.5,14.484941211906907,persistent,B0 Exact,NA,,True,True,True,B0 Exact clean calibration,
DS8,363.5,1.5119667829877885,persistent,primary 3-seed mean complex IG K7,mean,,True,True,True,primary clean calibration,10
DS8,364.0,14.484941211906907,persistent,B0 Exact,NA,,True,True,True,B0 Exact clean calibration,
DS8,364.0,1.5140260768119125,persistent,primary 3-seed mean complex IG K7,mean,,True,True,True,primary clean calibration,10
DS8,364.5,14.484941211906907,persistent,B0 Exact,NA,,True,True,True,B0 Exact clean calibration,
DS8,364.5,1.5116539002209184,persistent,primary 3-seed mean complex IG K7,mean,,True,True,True,primary clean calibration,10
DS8,365.0,14.484941211906907,persistent,B0 Exact,NA,,True,True,True,B0 Exact clean calibration,
DS8,365.0,1.5102412354081218,persistent,primary 3-seed mean complex IG K7,mean,,True,True,True,primary clean calibration,10
DS8,365.5,14.484941211906907,persistent,B0 Exact,NA,,True,True,True,B0 Exact clean calibration,
DS8,365.5,1.5106452066607714,persistent,primary 3-seed mean complex IG K7,mean,,True,True,True,primary clean calibration,10
DS8,366.0,14.484941211906907,persistent,B0 Exact,NA,,True,True,True,B0 Exact clean calibration,
DS8,366.0,1.5078926134694555,persistent,primary 3-seed mean complex IG K7,mean,,True,True,True,primary clean calibration,11
DS8,366.5,14.484941211906907,persistent,B0 Exact,NA,,True,True,True,B0 Exact clean calibration,
DS8,366.5,1.5119764301725602,persistent,primary 3-seed mean complex IG K7,mean,,True,True,True,primary clean calibration,11
DS8,367.0,13.958907673339354,persistent,B0 Exact,NA,,True,True,True,B0 Exact clean calibration,
DS8,367.0,1.5057319765390667,persistent,primary 3-seed mean complex IG K7,mean,,True,True,True,primary clean calibration,11
DS8,367.5,13.564382519413689,persistent,B0 Exact,NA,,True,True,True,B0 Exact clean calibration,
DS8,367.5,1.509490765875854,persistent,primary 3-seed mean complex IG K7,mean,,True,True,True,primary clean calibration,11
DS8,368.0,13.26848865396944,persistent,B0 Exact,NA,,True,True,True,B0 Exact clean calibration,
DS8,368.0,1.509899237803691,persistent,primary 3-seed mean complex IG K7,mean,,True,True,True,primary clean calibration,11
DS8,368.5,13.046568254886253,persistent,B0 Exact,NA,,True,True,True,B0 Exact clean calibration,
DS8,368.5,1.5090489558441622,persistent,primary 3-seed mean complex IG K7,mean,,True,True,True,primary clean calibration,11
DS8,369.0,12.880127955573863,persistent,B0 Exact,NA,,True,True,True,B0 Exact clean calibration,
DS8,369.0,1.5090976117755324,persistent,primary 3-seed mean complex IG K7,mean,,True,True,True,primary clean calibration,11
DS8,369.5,12.755297731089572,persistent,B0 Exact,NA,,True,True,True,B0 Exact clean calibration,
DS8,369.5,1.5062774297829513,persistent,primary 3-seed mean complex IG K7,mean,,True,True,True,primary clean calibration,11
DS8,370.0,12.661675062726353,persistent,B0 Exact,NA,,True,True,True,B0 Exact clean calibration,
DS8,370.0,1.5043599470893876,persistent,primary 3-seed mean complex IG K7,mean,,True,True,True,primary clean calibration,11
DS8,370.5,12.591458061453938,persistent,B0 Exact,NA,,True,True,True,B0 Exact clean calibration,
DS8,370.5,1.504733824088155,persistent,primary 3-seed mean complex IG K7,mean,,True,True,True,primary clean calibration,11
DS8,371.0,12.538795310499628,persistent,B0 Exact,NA,,True,True,True,B0 Exact clean calibration,
DS8,371.0,1.5041716935064013,persistent,primary 3-seed mean complex IG K7,mean,,True,True,True,primary clean calibration,11
DS8,371.5,13.025331785851446,persistent,B0 Exact,NA,,True,True,True,B0 Exact clean calibration,
DS8,371.5,1.5042938974084386,persistent,primary 3-seed mean complex IG K7,mean,,True,True,True,primary clean calibration,11
DS8,372.0,13.390234142365308,persistent,B0 Exact,NA,,True,True,True,B0 Exact clean calibration,
DS8,372.0,1.502618262336447,persistent,primary 3-seed mean complex IG K7,mean,,True,True,True,primary clean calibration,11
DS8,372.5,13.663910909750708,persistent,B0 Exact,NA,,True,True,True,B0 Exact clean calibration,
DS8,372.5,1.502032065172384,persistent,primary 3-seed mean complex IG K7,mean,,True,True,True,primary clean calibration,11
DS8,373.0,13.869168485289755,persistent,B0 Exact,NA,,True,True,True,B0 Exact clean calibration,
DS8,373.0,1.5048055531060625,persistent,primary 3-seed mean complex IG K7,mean,,True,True,True,primary clean calibration,11
DS8,373.5,14.023111666944043,persistent,B0 Exact,NA,,True,True,True,B0 Exact clean calibration,
DS8,373.5,1.5029364739432411,persistent,primary 3-seed mean complex IG K7,mean,,True,True,True,primary clean calibration,11
DS8,374.0,14.138569053184757,persistent,B0 Exact,NA,,True,True,True,B0 Exact clean calibration,
DS8,374.0,1.5013782835486686,persistent,primary 3-seed mean complex IG K7,mean,,True,True,True,primary clean calibration,11
DS8,374.5,14.225162092865293,persistent,B0 Exact,NA,,True,True,True,B0 Exact clean calibration,
DS8,374.5,1.5026448439929696,persistent,primary 3-seed mean complex IG K7,mean,,True,True,True,primary clean calibration,11
DS8,375.0,14.290106872625696,persistent,B0 Exact,NA,,True,True,True,B0 Exact clean calibration,
DS8,375.0,1.5041390537839334,persistent,primary 3-seed mean complex IG K7,mean,,True,True,True,primary clean calibration,11
DS8,375.5,14.338815457445996,persistent,B0 Exact,NA,,True,True,True,B0 Exact clean calibration,
DS8,375.5,1.5029199018923087,persistent,primary 3-seed mean complex IG K7,mean,,True,True,True,primary clean calibration,11
DS8,376.0,14.375346896061224,persistent,B0 Exact,NA,,True,True,True,B0 Exact clean calibration,
DS8,376.0,1.5012726120138442,persistent,primary 3-seed mean complex IG K7,mean,,True,True,True,primary clean calibration,11
DS8,376.5,14.402745475022645,persistent,B0 Exact,NA,,True,True,True,B0 Exact clean calibration,
DS8,376.5,1.5009803870403957,persistent,primary 3-seed mean complex IG K7,mean,,True,True,True,primary clean calibration,11
DS8,377.0,14.42329440924371,persistent,B0 Exact,NA,,True,True,True,B0 Exact clean calibration,
DS8,377.0,1.5012070720895132,persistent,primary 3-seed mean complex IG K7,mean,,True,True,True,primary clean calibration,11
DS8,377.5,14.438706109909507,persistent,B0 Exact,NA,,True,True,True,B0 Exact clean calibration,
DS8,377.5,1.502167499539442,persistent,primary 3-seed mean complex IG K7,mean,,True,True,True,primary clean calibration,11
DS8,378.0,14.450264885408856,persistent,B0 Exact,NA,,True,True,True,B0 Exact clean calibration,
DS8,378.0,1.4995650483396836,persistent,primary 3-seed mean complex IG K7,mean,,True,True,True,primary clean calibration,11
DS8,378.5,14.458933967033367,persistent,B0 Exact,NA,,True,True,True,B0 Exact clean calibration,
DS8,378.5,1.4997726332272798,persistent,primary 3-seed mean complex IG K7,mean,,True,True,True,primary clean calibration,11
DS8,379.0,14.465435778251752,persistent,B0 Exact,NA,,True,True,True,B0 Exact clean calibration,
DS8,379.0,1.4988717276459218,persistent,primary 3-seed mean complex IG K7,mean,,True,True,True,primary clean calibration,11
DS8,379.5,14.470312136665541,persistent,B0 Exact,NA,,True,True,True,B0 Exact clean calibration,
DS8,379.5,1.5007017121671975,persistent,primary 3-seed mean complex IG K7,mean,,True,True,True,primary clean calibration,11
DS8,380.0,14.47396940547588,persistent,B0 Exact,NA,,True,True,True,B0 Exact clean calibration,
DS8,380.0,1.4993708463512039,persistent,primary 3-seed mean complex IG K7,mean,,True,True,True,primary clean calibration,11
DS8,380.5,14.476712357083635,persistent,B0 Exact,NA,,True,True,True,B0 Exact clean calibration,
DS8,380.5,1.495686770473472,persistent,primary 3-seed mean complex IG K7,mean,,True,True,True,primary clean calibration,11
DS8,381.0,14.478769570789453,persistent,B0 Exact,NA,,True,True,True,B0 Exact clean calibration,
DS8,381.0,1.4943768657302055,persistent,primary 3-seed mean complex IG K7,mean,,True,True,True,primary clean calibration,11
DS8,381.5,14.480312481068815,persistent,B0 Exact,NA,,True,True,True,B0 Exact clean calibration,
DS8,381.5,1.4970522459944633,persistent,primary 3-seed mean complex IG K7,mean,,True,True,True,primary clean calibration,11
DS8,382.0,14.481469663778338,persistent,B0 Exact,NA,,True,True,True,B0 Exact clean calibration,
DS8,382.0,1.4991162467288188,persistent,primary 3-seed mean complex IG K7,mean,,True,True,True,primary clean calibration,11
DS8,382.5,14.482337550810477,persistent,B0 Exact,NA,,True,True,True,B0 Exact clean calibration,
DS8,382.5,1.4957344000064083,persistent,primary 3-seed mean complex IG K7,mean,,True,True,True,primary clean calibration,11
DS8,383.0,14.482988466084585,persistent,B0 Exact,NA,,True,True,True,B0 Exact clean calibration,
DS8,383.0,1.4951003682697923,persistent,primary 3-seed mean complex IG K7,mean,,True,True,True,primary clean calibration,11
DS8,383.5,14.483476652540165,persistent,B0 Exact,NA,,True,True,True,B0 Exact clean calibration,
DS8,383.5,1.4926260701684229,persistent,primary 3-seed mean complex IG K7,mean,,True,True,True,primary clean calibration,11
DS8,384.0,14.48384279238185,persistent,B0 Exact,NA,,True,True,True,B0 Exact clean calibration,
DS8,384.0,1.487334990048122,persistent,primary 3-seed mean complex IG K7,mean,,True,True,True,primary clean calibration,11
DS8,384.5,14.484117397263113,persistent,B0 Exact,NA,,True,True,True,B0 Exact clean calibration,
DS8,384.5,1.4902306469694937,persistent,primary 3-seed mean complex IG K7,mean,,True,True,True,primary clean calibration,11
DS8,385.0,14.484323350924061,persistent,B0 Exact,NA,,True,True,True,B0 Exact clean calibration,
DS8,385.0,1.4902308516085758,persistent,primary 3-seed mean complex IG K7,mean,,True,True,True,primary clean calibration,11
DS8,385.5,14.484477816169772,persistent,B0 Exact,NA,,True,True,True,B0 Exact clean calibration,
DS8,385.5,1.4913704880952932,persistent,primary 3-seed mean complex IG K7,mean,,True,True,True,primary clean calibration,11
DS8,386.0,14.484593665104054,persistent,B0 Exact,NA,,True,True,True,B0 Exact clean calibration,
DS8,386.0,1.4885298969208651,persistent,primary 3-seed mean complex IG K7,mean,,True,True,True,primary clean calibration,11
DS8,386.5,14.484680551804765,persistent,B0 Exact,NA,,True,True,True,B0 Exact clean calibration,
DS8,386.5,1.4900668757713884,persistent,primary 3-seed mean complex IG K7,mean,,True,True,True,primary clean calibration,11
DS8,387.0,14.4847457168303,persistent,B0 Exact,NA,,True,True,True,B0 Exact clean calibration,
DS8,387.0,1.488595673154105,persistent,primary 3-seed mean complex IG K7,mean,,True,True,True,primary clean calibration,11
DS8,387.5,14.48479459059945,persistent,B0 Exact,NA,,True,True,True,B0 Exact clean calibration,
DS8,387.5,1.4874995325860143,persistent,primary 3-seed mean complex IG K7,mean,,True,True,True,primary clean calibration,11
DS8,388.0,14.484831245926312,persistent,B0 Exact,NA,,True,True,True,B0 Exact clean calibration,
DS8,388.0,1.4882093381040722,persistent,primary 3-seed mean complex IG K7,mean,,True,True,True,primary clean calibration,11
DS8,388.5,14.484858737421458,persistent,B0 Exact,NA,,True,True,True,B0 Exact clean calibration,
DS8,388.5,1.4887115257421586,persistent,primary 3-seed mean complex IG K7,mean,,True,True,True,primary clean calibration,11
DS8,389.0,14.484879356042818,persistent,B0 Exact,NA,,True,True,True,B0 Exact clean calibration,
DS8,389.0,1.4878198480937967,persistent,primary 3-seed mean complex IG K7,mean,,True,True,True,primary clean calibration,11
DS8,389.5,14.48489482000884,persistent,B0 Exact,NA,,True,True,True,B0 Exact clean calibration,
DS8,389.5,1.489557508103615,persistent,primary 3-seed mean complex IG K7,mean,,True,True,True,primary clean calibration,11
DS8,390.0,14.484906417983357,persistent,B0 Exact,NA,,True,True,True,B0 Exact clean calibration,
DS8,390.0,1.4872631444133326,persistent,primary 3-seed mean complex IG K7,mean,,True,True,True,primary clean calibration,11
DS8,390.5,14.484915116464244,persistent,B0 Exact,NA,,True,True,True,B0 Exact clean calibration,
DS8,390.5,1.485012372352064,persistent,primary 3-seed mean complex IG K7,mean,,True,True,True,primary clean calibration,11
DS8,391.0,14.48492164032491,persistent,B0 Exact,NA,,True,True,True,B0 Exact clean calibration,
DS8,391.0,1.4853912993822922,persistent,primary 3-seed mean complex IG K7,mean,,True,True,True,primary clean calibration,11
DS8,391.5,14.484926533220406,persistent,B0 Exact,NA,,True,True,True,B0 Exact clean calibration,
DS8,391.5,1.484471439687934,persistent,primary 3-seed mean complex IG K7,mean,,True,True,True,primary clean calibration,11
DS8,392.0,14.48493020289203,persistent,B0 Exact,NA,,True,True,True,B0 Exact clean calibration,
DS8,392.0,1.4831227147279396,persistent,primary 3-seed mean complex IG K7,mean,,True,True,True,primary clean calibration,11
DS8,392.5,14.484932955145748,persistent,B0 Exact,NA,,True,True,True,B0 Exact clean calibration,
DS8,392.5,1.483977244858132,persistent,primary 3-seed mean complex IG K7,mean,,True,True,True,primary clean calibration,11
DS8,393.0,14.484935019336035,persistent,B0 Exact,NA,,True,True,True,B0 Exact clean calibration,
DS8,393.0,1.483965016221502,persistent,primary 3-seed mean complex IG K7,mean,,True,True,True,primary clean calibration,11
DS8,393.5,14.484936567478751,persistent,B0 Exact,NA,,True,True,True,B0 Exact clean calibration,
DS8,393.5,1.4815055242071151,persistent,primary 3-seed mean complex IG K7,mean,,True,True,True,primary clean calibration,11
DS8,394.0,14.484937728585788,persistent,B0 Exact,NA,,True,True,True,B0 Exact clean calibration,
DS8,394.0,1.4825117334672615,persistent,primary 3-seed mean complex IG K7,mean,,True,True,True,primary clean calibration,11
DS8,394.5,14.484938599416065,persistent,B0 Exact,NA,,True,True,True,B0 Exact clean calibration,
DS8,394.5,1.4780425899773402,persistent,primary 3-seed mean complex IG K7,mean,,True,True,True,primary clean calibration,11
DS8,395.0,14.484939252538773,persistent,B0 Exact,NA,,True,True,True,B0 Exact clean calibration,
DS8,395.0,1.477988158299512,persistent,primary 3-seed mean complex IG K7,mean,,True,True,True,primary clean calibration,11
DS8,395.5,14.484939742380806,persistent,B0 Exact,NA,,True,True,True,B0 Exact clean calibration,
DS8,395.5,1.478274379077961,persistent,primary 3-seed mean complex IG K7,mean,,True,True,True,primary clean calibration,11
DS8,396.0,14.48494010976233,persistent,B0 Exact,NA,,True,True,True,B0 Exact clean calibration,
DS8,396.0,1.4774100469289693,persistent,primary 3-seed mean complex IG K7,mean,,True,True,True,primary clean calibration,11
DS8,396.5,14.484940385298472,persistent,B0 Exact,NA,,True,True,True,B0 Exact clean calibration,
DS8,396.5,1.478016505533336,persistent,primary 3-seed mean complex IG K7,mean,,True,True,True,primary clean calibration,11
DS8,397.0,14.48494059195058,persistent,B0 Exact,NA,,True,True,True,B0 Exact clean calibration,
DS8,397.0,1.4800812592903128,persistent,primary 3-seed mean complex IG K7,mean,,True,True,True,primary clean calibration,11
DS8,397.5,14.48494074693966,persistent,B0 Exact,NA,,True,True,True,B0 Exact clean calibration,
DS8,397.5,1.4781656488862644,persistent,primary 3-seed mean complex IG K7,mean,,True,True,True,primary clean calibration,11
DS8,398.0,14.484940863181471,persistent,B0 Exact,NA,,True,True,True,B0 Exact clean calibration,
DS8,398.0,1.4780017515441024,persistent,primary 3-seed mean complex IG K7,mean,,True,True,True,primary clean calibration,11
DS8,398.5,14.48494095036283,persistent,B0 Exact,NA,,True,True,True,B0 Exact clean calibration,
DS8,398.5,1.4752966407424501,persistent,primary 3-seed mean complex IG K7,mean,,True,True,True,primary clean calibration,11
DS8,399.0,14.484941015748849,persistent,B0 Exact,NA,,True,True,True,B0 Exact clean calibration,
DS8,399.0,1.4774551543458003,persistent,primary 3-seed mean complex IG K7,mean,,True,True,True,primary clean calibration,11
DS8,399.5,14.484941064788362,persistent,B0 Exact,NA,,True,True,True,B0 Exact clean calibration,
DS8,399.5,1.4773992389589357,persistent,primary 3-seed mean complex IG K7,mean,,True,True,True,primary clean calibration,11
DS8,400.0,14.484941101567998,persistent,B0 Exact,NA,,True,True,True,B0 Exact clean calibration,
DS8,400.0,1.4760058733208368,persistent,primary 3-seed mean complex IG K7,mean,,True,True,True,primary clean calibration,11
DS8,400.5,14.484941129152723,persistent,B0 Exact,NA,,True,True,True,B0 Exact clean calibration,
DS8,400.5,1.4749612892954136,persistent,primary 3-seed mean complex IG K7,mean,,True,True,True,primary clean calibration,11
DS8,401.0,14.48494114984127,persistent,B0 Exact,NA,,True,True,True,B0 Exact clean calibration,
DS8,401.0,1.4769043123058718,persistent,primary 3-seed mean complex IG K7,mean,,True,True,True,primary clean calibration,11
DS8,401.5,14.484941165357679,persistent,B0 Exact,NA,,True,True,True,B0 Exact clean calibration,
DS8,401.5,1.4763414756749231,persistent,primary 3-seed mean complex IG K7,mean,,True,True,True,primary clean calibration,11
DS8,402.0,14.484941176994983,persistent,B0 Exact,NA,,True,True,True,B0 Exact clean calibration,
DS8,402.0,1.4748567148186449,persistent,primary 3-seed mean complex IG K7,mean,,True,True,True,primary clean calibration,11
DS8,402.5,14.484941185722963,persistent,B0 Exact,NA,,True,True,True,B0 Exact clean calibration,
DS8,402.5,1.4762261382541808,persistent,primary 3-seed mean complex IG K7,mean,,True,True,True,primary clean calibration,11
DS8,403.0,14.484941192268948,persistent,B0 Exact,NA,,True,True,True,B0 Exact clean calibration,
DS8,403.0,1.4754658583988451,persistent,primary 3-seed mean complex IG K7,mean,,True,True,True,primary clean calibration,11
DS8,403.5,14.484941197178436,persistent,B0 Exact,NA,,True,True,True,B0 Exact clean calibration,
DS8,403.5,1.4756789356261095,persistent,primary 3-seed mean complex IG K7,mean,,True,True,True,primary clean calibration,11
DS8,404.0,14.484941200860554,persistent,B0 Exact,NA,,True,True,True,B0 Exact clean calibration,
DS8,404.0,1.473041704444807,persistent,primary 3-seed mean complex IG K7,mean,,True,True,True,primary clean calibration,11
DS8,404.5,14.484941203622142,persistent,B0 Exact,NA,,True,True,True,B0 Exact clean calibration,
DS8,404.5,1.4745681991887782,persistent,primary 3-seed mean complex IG K7,mean,,True,True,True,primary clean calibration,11
DS8,405.0,14.484941205693332,persistent,B0 Exact,NA,,True,True,True,B0 Exact clean calibration,
DS8,405.0,1.4723931503313012,persistent,primary 3-seed mean complex IG K7,mean,,True,True,True,primary clean calibration,11
DS8,405.5,14.484941207246724,persistent,B0 Exact,NA,,True,True,True,B0 Exact clean calibration,
DS8,405.5,1.471308318611347,persistent,primary 3-seed mean complex IG K7,mean,,True,True,True,primary clean calibration,11
DS8,406.0,14.484941208411769,persistent,B0 Exact,NA,,True,True,True,B0 Exact clean calibration,
DS8,406.0,1.470663423889821,persistent,primary 3-seed mean complex IG K7,mean,,True,True,True,primary clean calibration,11
DS8,406.5,14.484941209285552,persistent,B0 Exact,NA,,True,True,True,B0 Exact clean calibration,
DS8,406.5,1.471208423782669,persistent,primary 3-seed mean complex IG K7,mean,,True,True,True,primary clean calibration,11
DS8,407.0,14.484941209940889,persistent,B0 Exact,NA,,True,True,True,B0 Exact clean calibration,
DS8,407.0,1.4719808654431372,persistent,primary 3-seed mean complex IG K7,mean,,True,True,True,primary clean calibration,11
DS8,407.5,14.484941210432392,persistent,B0 Exact,NA,,True,True,True,B0 Exact clean calibration,
DS8,407.5,1.4707535231655575,persistent,primary 3-seed mean complex IG K7,mean,,True,True,True,primary clean calibration,11
DS8,408.0,14.484941210801018,persistent,B0 Exact,NA,,True,True,True,B0 Exact clean calibration,
DS8,408.0,1.471421145628787,persistent,primary 3-seed mean complex IG K7,mean,,True,True,True,primary clean calibration,11
DS8,408.5,14.48494121107749,persistent,B0 Exact,NA,,True,True,True,B0 Exact clean calibration,
DS8,408.5,1.4728789609407522,persistent,primary 3-seed mean complex IG K7,mean,,True,True,True,primary clean calibration,11
DS8,409.0,14.484941211284845,persistent,B0 Exact,NA,,True,True,True,B0 Exact clean calibration,
DS8,409.0,1.4741714865908626,persistent,primary 3-seed mean complex IG K7,mean,,True,True,True,primary clean calibration,11
DS8,409.5,14.484941211440358,persistent,B0 Exact,NA,,True,True,True,B0 Exact clean calibration,
DS8,409.5,1.4724730626799103,persistent,primary 3-seed mean complex IG K7,mean,,True,True,True,primary clean calibration,11
DS8,410.0,14.484941211556993,persistent,B0 Exact,NA,,True,True,True,B0 Exact clean calibration,
DS8,410.0,1.4750263311319405,persistent,primary 3-seed mean complex IG K7,mean,,True,True,True,primary clean calibration,11
DS8,410.5,14.484941211644472,persistent,B0 Exact,NA,,True,True,True,B0 Exact clean calibration,
DS8,410.5,1.4735921519962687,persistent,primary 3-seed mean complex IG K7,mean,,True,True,True,primary clean calibration,11
DS8,411.0,14.48494121171008,persistent,B0 Exact,NA,,True,True,True,B0 Exact clean calibration,
DS8,411.0,1.4751994547017355,persistent,primary 3-seed mean complex IG K7,mean,,True,True,True,primary clean calibration,11
DS8,411.5,14.484941211759285,persistent,B0 Exact,NA,,True,True,True,B0 Exact clean calibration,
DS8,411.5,1.473171429222992,persistent,primary 3-seed mean complex IG K7,mean,,True,True,True,primary clean calibration,11
DS8,412.0,14.48494121179619,persistent,B0 Exact,NA,,True,True,True,B0 Exact clean calibration,
DS8,412.0,1.4730679313471955,persistent,primary 3-seed mean complex IG K7,mean,,True,True,True,primary clean calibration,11
DS8,412.5,14.48494121182387,persistent,B0 Exact,NA,,True,True,True,B0 Exact clean calibration,
DS8,412.5,1.4714188994331403,persistent,primary 3-seed mean complex IG K7,mean,,True,True,True,primary clean calibration,11
DS8,413.0,14.484941211844628,persistent,B0 Exact,NA,,True,True,True,B0 Exact clean calibration,
DS8,413.0,1.4718932587807163,persistent,primary 3-seed mean complex IG K7,mean,,True,True,True,primary clean calibration,11
DS8,413.5,14.484941211860196,persistent,B0 Exact,NA,,True,True,True,B0 Exact clean calibration,
DS8,413.5,1.472561919482932,persistent,primary 3-seed mean complex IG K7,mean,,True,True,True,primary clean calibration,11
DS8,414.0,14.484941211871874,persistent,B0 Exact,NA,,True,True,True,B0 Exact clean calibration,
DS8,414.0,1.4738652311540896,persistent,primary 3-seed mean complex IG K7,mean,,True,True,True,primary clean calibration,11
DS8,414.5,14.484941211880631,persistent,B0 Exact,NA,,True,True,True,B0 Exact clean calibration,
DS8,414.5,1.4762807101146287,persistent,primary 3-seed mean complex IG K7,mean,,True,True,True,primary clean calibration,11
DS8,415.0,14.4849412118872,persistent,B0 Exact,NA,,True,True,True,B0 Exact clean calibration,
DS8,415.0,1.4731539681632704,persistent,primary 3-seed mean complex IG K7,mean,,True,True,True,primary clean calibration,11
DS8,415.5,14.484941211892124,persistent,B0 Exact,NA,,True,True,True,B0 Exact clean calibration,
DS8,415.5,1.4722264881822895,persistent,primary 3-seed mean complex IG K7,mean,,True,True,True,primary clean calibration,11
DS8,416.0,14.48494121189582,persistent,B0 Exact,NA,,True,True,True,B0 Exact clean calibration,
DS8,416.0,1.4704302219147045,persistent,primary 3-seed mean complex IG K7,mean,,True,True,True,primary clean calibration,11
DS8,416.5,14.48494121189859,persistent,B0 Exact,NA,,True,True,True,B0 Exact clean calibration,
DS8,416.5,1.4725061419842245,persistent,primary 3-seed mean complex IG K7,mean,,True,True,True,primary clean calibration,11
DS8,417.0,14.484941211900669,persistent,B0 Exact,NA,,True,True,True,B0 Exact clean calibration,
DS8,417.0,1.472714432032526,persistent,primary 3-seed mean complex IG K7,mean,,True,True,True,primary clean calibration,11
DS8,417.5,14.484941211902228,persistent,B0 Exact,NA,,True,True,True,B0 Exact clean calibration,
DS8,417.5,1.4737718695024302,persistent,primary 3-seed mean complex IG K7,mean,,True,True,True,primary clean calibration,11
DS8,418.0,14.484941211903397,persistent,B0 Exact,NA,,True,True,True,B0 Exact clean calibration,
DS8,418.0,1.4726723502456096,persistent,primary 3-seed mean complex IG K7,mean,,True,True,True,primary clean calibration,11
DS8,418.5,14.484941211904275,persistent,B0 Exact,NA,,True,True,True,B0 Exact clean calibration,
DS8,418.5,1.4734385593571233,persistent,primary 3-seed mean complex IG K7,mean,,True,True,True,primary clean calibration,11
DS8,419.0,14.484941211904932,persistent,B0 Exact,NA,,True,True,True,B0 Exact clean calibration,
DS8,419.0,1.474904755278743,persistent,primary 3-seed mean complex IG K7,mean,,True,True,True,primary clean calibration,11
DS8,419.5,14.484941211905426,persistent,B0 Exact,NA,,True,True,True,B0 Exact clean calibration,
DS8,419.5,1.4741485898764004,persistent,primary 3-seed mean complex IG K7,mean,,True,True,True,primary clean calibration,11
DS8,420.0,14.484941211905795,persistent,B0 Exact,NA,,True,True,True,B0 Exact clean calibration,
DS8,420.0,1.4734311060741347,persistent,primary 3-seed mean complex IG K7,mean,,True,True,True,primary clean calibration,11
DS8,420.5,14.484941211906072,persistent,B0 Exact,NA,,True,True,True,B0 Exact clean calibration,
DS8,420.5,1.4719040462312758,persistent,primary 3-seed mean complex IG K7,mean,,True,True,True,primary clean calibration,11
DS8,421.0,14.484941211906278,persistent,B0 Exact,NA,,True,True,True,B0 Exact clean calibration,
DS8,421.0,1.476825215349021,persistent,primary 3-seed mean complex IG K7,mean,,True,True,True,primary clean calibration,11
DS8,421.5,14.484941211906435,persistent,B0 Exact,NA,,True,True,True,B0 Exact clean calibration,
DS8,421.5,1.4772015597783021,persistent,primary 3-seed mean complex IG K7,mean,,True,True,True,primary clean calibration,11
DS8,422.0,14.484941211906552,persistent,B0 Exact,NA,,True,True,True,B0 Exact clean calibration,
DS8,422.0,1.4752914730603017,persistent,primary 3-seed mean complex IG K7,mean,,True,True,True,primary clean calibration,11
DS8,422.5,14.48494121190664,persistent,B0 Exact,NA,,True,True,True,B0 Exact clean calibration,
DS8,422.5,1.4758298745336145,persistent,primary 3-seed mean complex IG K7,mean,,True,True,True,primary clean calibration,11
DS8,423.0,14.484941211906705,persistent,B0 Exact,NA,,True,True,True,B0 Exact clean calibration,
DS8,423.0,1.4741306111975803,persistent,primary 3-seed mean complex IG K7,mean,,True,True,True,primary clean calibration,11
DS8,423.5,14.484941211906754,persistent,B0 Exact,NA,,True,True,True,B0 Exact clean calibration,
DS8,423.5,1.4727972547600876,persistent,primary 3-seed mean complex IG K7,mean,,True,True,True,primary clean calibration,11
DS8,424.0,14.48494121190679,persistent,B0 Exact,NA,,True,True,True,B0 Exact clean calibration,
DS8,424.0,1.474132888502539,persistent,primary 3-seed mean complex IG K7,mean,,True,True,True,primary clean calibration,11
DS8,424.5,14.484941211906818,persistent,B0 Exact,NA,,True,True,True,B0 Exact clean calibration,
DS8,424.5,1.473182264812171,persistent,primary 3-seed mean complex IG K7,mean,,True,True,True,primary clean calibration,11
DS8,425.0,14.48494121190684,persistent,B0 Exact,NA,,True,True,True,B0 Exact clean calibration,
DS8,425.0,1.4748320865489764,persistent,primary 3-seed mean complex IG K7,mean,,True,True,True,primary clean calibration,11
DS8,425.5,14.484941211906854,persistent,B0 Exact,NA,,True,True,True,B0 Exact clean calibration,
DS8,425.5,1.4748467295717447,persistent,primary 3-seed mean complex IG K7,mean,,True,True,True,primary clean calibration,11
DS8,426.0,14.484941211906865,persistent,B0 Exact,NA,,True,True,True,B0 Exact clean calibration,
DS8,426.0,1.4742360030385393,persistent,primary 3-seed mean complex IG K7,mean,,True,True,True,primary clean calibration,11
DS8,426.5,14.484941211906875,persistent,B0 Exact,NA,,True,True,True,B0 Exact clean calibration,
DS8,426.5,1.475603609052724,persistent,primary 3-seed mean complex IG K7,mean,,True,True,True,primary clean calibration,11
DS8,427.0,14.484941211906882,persistent,B0 Exact,NA,,True,True,True,B0 Exact clean calibration,
DS8,427.0,1.475423631941875,persistent,primary 3-seed mean complex IG K7,mean,,True,True,True,primary clean calibration,11
DS8,427.5,14.484941211906886,persistent,B0 Exact,NA,,True,True,True,B0 Exact clean calibration,
DS8,427.5,1.475023411609664,persistent,primary 3-seed mean complex IG K7,mean,,True,True,True,primary clean calibration,11
DS8,428.0,14.48494121190689,persistent,B0 Exact,NA,,True,True,True,B0 Exact clean calibration,
DS8,428.0,1.4756461889905264,persistent,primary 3-seed mean complex IG K7,mean,,True,True,True,primary clean calibration,11
DS8,428.5,14.484941211906893,persistent,B0 Exact,NA,,True,True,True,B0 Exact clean calibration,
DS8,428.5,1.4727523990959985,persistent,primary 3-seed mean complex IG K7,mean,,True,True,True,primary clean calibration,11
DS8,429.0,14.484941211906897,persistent,B0 Exact,NA,,True,True,True,B0 Exact clean calibration,
DS8,429.0,1.4764786515373605,persistent,primary 3-seed mean complex IG K7,mean,,True,True,True,primary clean calibration,11
DS8,429.5,14.484941211906897,persistent,B0 Exact,NA,,True,True,True,B0 Exact clean calibration,
DS8,429.5,1.477175002076437,persistent,primary 3-seed mean complex IG K7,mean,,True,True,True,primary clean calibration,11
DS8,430.0,14.484941211906897,persistent,B0 Exact,NA,,True,True,True,B0 Exact clean calibration,
DS8,430.0,1.4760466656077995,persistent,primary 3-seed mean complex IG K7,mean,,True,True,True,primary clean calibration,11
DS8,430.5,14.484941211906897,persistent,B0 Exact,NA,,True,True,True,B0 Exact clean calibration,
DS8,430.5,1.4742763173867317,persistent,primary 3-seed mean complex IG K7,mean,,True,True,True,primary clean calibration,11
DS8,431.0,14.484941211906897,persistent,B0 Exact,NA,,True,True,True,B0 Exact clean calibration,
DS8,431.0,1.4736646448512996,persistent,primary 3-seed mean complex IG K7,mean,,True,True,True,primary clean calibration,11
DS8,431.5,14.484941211906897,persistent,B0 Exact,NA,,True,True,True,B0 Exact clean calibration,
DS8,431.5,1.4767812595284937,persistent,primary 3-seed mean complex IG K7,mean,,True,True,True,primary clean calibration,11
DS8,432.0,14.484941211906897,persistent,B0 Exact,NA,,True,True,True,B0 Exact clean calibration,
DS8,432.0,1.4776514163530614,persistent,primary 3-seed mean complex IG K7,mean,,True,True,True,primary clean calibration,11
DS8,432.5,14.484941211906897,persistent,B0 Exact,NA,,True,True,True,B0 Exact clean calibration,
DS8,432.5,1.477222624526064,persistent,primary 3-seed mean complex IG K7,mean,,True,True,True,primary clean calibration,11
DS8,433.0,14.484941211906897,persistent,B0 Exact,NA,,True,True,True,B0 Exact clean calibration,
DS8,433.0,1.4778086560146084,persistent,primary 3-seed mean complex IG K7,mean,,True,True,True,primary clean calibration,11
DS8,433.5,14.484941211906897,persistent,B0 Exact,NA,,True,True,True,B0 Exact clean calibration,
DS8,433.5,1.4772186801126492,persistent,primary 3-seed mean complex IG K7,mean,,True,True,True,primary clean calibration,11
DS8,434.0,14.484941211906897,persistent,B0 Exact,NA,,True,True,True,B0 Exact clean calibration,
DS8,434.0,1.477023167720582,persistent,primary 3-seed mean complex IG K7,mean,,True,True,True,primary clean calibration,11
DS8,434.5,14.484941211906897,persistent,B0 Exact,NA,,True,True,True,B0 Exact clean calibration,
DS8,434.5,1.4749141232973457,persistent,primary 3-seed mean complex IG K7,mean,,True,True,True,primary clean calibration,11
DS8,435.0,14.484941211906897,persistent,B0 Exact,NA,,True,True,True,B0 Exact clean calibration,
DS8,435.0,1.4769313320036164,persistent,primary 3-seed mean complex IG K7,mean,,True,True,True,primary clean calibration,11
DS8,435.5,14.484941211906897,persistent,B0 Exact,NA,,True,True,True,B0 Exact clean calibration,
DS8,435.5,1.4793746584643082,persistent,primary 3-seed mean complex IG K7,mean,,True,True,True,primary clean calibration,11
DS8,436.0,14.484941211906897,persistent,B0 Exact,NA,,True,True,True,B0 Exact clean calibration,
DS8,436.0,1.481375736592067,persistent,primary 3-seed mean complex IG K7,mean,,True,True,True,primary clean calibration,11
DS8,436.5,14.484941211906897,persistent,B0 Exact,NA,,True,True,True,B0 Exact clean calibration,
DS8,436.5,1.4778397792467537,persistent,primary 3-seed mean complex IG K7,mean,,True,True,True,primary clean calibration,11
DS8,437.0,14.484941211906897,persistent,B0 Exact,NA,,True,True,True,B0 Exact clean calibration,
DS8,437.0,1.4733016027399841,persistent,primary 3-seed mean complex IG K7,mean,,True,True,True,primary clean calibration,11
DS8,437.5,14.484941211906897,persistent,B0 Exact,NA,,True,True,True,B0 Exact clean calibration,
DS8,437.5,1.4769945681849126,persistent,primary 3-seed mean complex IG K7,mean,,True,True,True,primary clean calibration,11
DS8,438.0,14.484941211906897,persistent,B0 Exact,NA,,True,True,True,B0 Exact clean calibration,
DS8,438.0,1.4771435866680742,persistent,primary 3-seed mean complex IG K7,mean,,True,True,True,primary clean calibration,11
DS8,438.5,14.484941211906897,persistent,B0 Exact,NA,,True,True,True,B0 Exact clean calibration,
DS8,438.5,1.473904516896387,persistent,primary 3-seed mean complex IG K7,mean,,True,True,True,primary clean calibration,11
DS8,439.0,14.484941211906897,persistent,B0 Exact,NA,,True,True,True,B0 Exact clean calibration,
DS8,439.0,1.4748135072342539,persistent,primary 3-seed mean complex IG K7,mean,,True,True,True,primary clean calibration,11
DS8,439.5,14.484941211906897,persistent,B0 Exact,NA,,True,True,True,B0 Exact clean calibration,
DS8,439.5,1.477362004031663,persistent,primary 3-seed mean complex IG K7,mean,,True,True,True,primary clean calibration,11
DS8,440.0,14.484941211906897,persistent,B0 Exact,NA,,True,True,True,B0 Exact clean calibration,
DS8,440.0,1.4766400331239586,persistent,primary 3-seed mean complex IG K7,mean,,True,True,True,primary clean calibration,11
DS8,440.5,14.484941211906897,persistent,B0 Exact,NA,,True,True,True,B0 Exact clean calibration,
DS8,440.5,1.4762438838137133,persistent,primary 3-seed mean complex IG K7,mean,,True,True,True,primary clean calibration,11
DS8,441.0,14.484941211906897,persistent,B0 Exact,NA,,True,True,True,B0 Exact clean calibration,
DS8,441.0,1.4753273346361218,persistent,primary 3-seed mean complex IG K7,mean,,True,True,True,primary clean calibration,11
DS8,441.5,14.484941211906897,persistent,B0 Exact,NA,,True,True,True,B0 Exact clean calibration,
DS8,441.5,1.4762155341276595,persistent,primary 3-seed mean complex IG K7,mean,,True,True,True,primary clean calibration,11
DS8,442.0,14.484941211906897,persistent,B0 Exact,NA,,True,True,True,B0 Exact clean calibration,
DS8,442.0,1.4759177025787558,persistent,primary 3-seed mean complex IG K7,mean,,True,True,True,primary clean calibration,11
DS8,442.5,14.484941211906897,persistent,B0 Exact,NA,,True,True,True,B0 Exact clean calibration,
DS8,442.5,1.477600831350946,persistent,primary 3-seed mean complex IG K7,mean,,True,True,True,primary clean calibration,11
DS8,443.0,14.484941211906897,persistent,B0 Exact,NA,,True,True,True,B0 Exact clean calibration,
DS8,443.0,1.4774374526644987,persistent,primary 3-seed mean complex IG K7,mean,,True,True,True,primary clean calibration,11
DS8,443.5,14.484941211906897,persistent,B0 Exact,NA,,True,True,True,B0 Exact clean calibration,
DS8,443.5,1.4774324034273747,persistent,primary 3-seed mean complex IG K7,mean,,True,True,True,primary clean calibration,11
DS8,444.0,14.484941211906897,persistent,B0 Exact,NA,,True,True,True,B0 Exact clean calibration,
DS8,444.0,1.4800870393849959,persistent,primary 3-seed mean complex IG K7,mean,,True,True,True,primary clean calibration,11
DS8,444.5,14.484941211906897,persistent,B0 Exact,NA,,True,True,True,B0 Exact clean calibration,
DS8,444.5,1.4814125501298925,persistent,primary 3-seed mean complex IG K7,mean,,True,True,True,primary clean calibration,11
DS8,445.0,14.484941211906897,persistent,B0 Exact,NA,,True,True,True,B0 Exact clean calibration,
DS8,445.0,1.4810975927079812,persistent,primary 3-seed mean complex IG K7,mean,,True,True,True,primary clean calibration,11
DS8,445.5,14.484941211906897,persistent,B0 Exact,NA,,True,True,True,B0 Exact clean calibration,
DS8,445.5,1.4825495019246457,persistent,primary 3-seed mean complex IG K7,mean,,True,True,True,primary clean calibration,11
DS8,446.0,14.484941211906897,persistent,B0 Exact,NA,,True,True,True,B0 Exact clean calibration,
DS8,446.0,1.4813958494357682,persistent,primary 3-seed mean complex IG K7,mean,,True,True,True,primary clean calibration,11
DS8,446.5,14.484941211906897,persistent,B0 Exact,NA,,True,True,True,B0 Exact clean calibration,
DS8,446.5,1.4792617084460786,persistent,primary 3-seed mean complex IG K7,mean,,True,True,True,primary clean calibration,11
DS8,447.0,14.484941211906897,persistent,B0 Exact,NA,,True,True,True,B0 Exact clean calibration,
DS8,447.0,1.4788374823636685,persistent,primary 3-seed mean complex IG K7,mean,,True,True,True,primary clean calibration,11
DS8,447.5,14.484941211906897,persistent,B0 Exact,NA,,True,True,True,B0 Exact clean calibration,
DS8,447.5,1.479458337352957,persistent,primary 3-seed mean complex IG K7,mean,,True,True,True,primary clean calibration,11
DS8,448.0,14.484941211906897,persistent,B0 Exact,NA,,True,True,True,B0 Exact clean calibration,
DS8,448.0,1.4798605354510925,persistent,primary 3-seed mean complex IG K7,mean,,True,True,True,primary clean calibration,11
DS8,448.5,14.484941211906897,persistent,B0 Exact,NA,,True,True,True,B0 Exact clean calibration,
DS8,448.5,1.4782450848549498,persistent,primary 3-seed mean complex IG K7,mean,,True,True,True,primary clean calibration,11
DS8,449.0,14.484941211906897,persistent,B0 Exact,NA,,True,True,True,B0 Exact clean calibration,
DS8,449.0,1.4845473349361764,persistent,primary 3-seed mean complex IG K7,mean,,True,True,True,primary clean calibration,11
DS8,449.5,14.484941211906897,persistent,B0 Exact,NA,,True,True,True,B0 Exact clean calibration,
DS8,449.5,1.480932317498053,persistent,primary 3-seed mean complex IG K7,mean,,True,True,True,primary clean calibration,11
DS8,450.0,14.484941211906897,persistent,B0 Exact,NA,,True,True,True,B0 Exact clean calibration,
DS8,450.0,1.4826040094422555,persistent,primary 3-seed mean complex IG K7,mean,,True,True,True,primary clean calibration,11
DS8,450.5,14.484941211906897,persistent,B0 Exact,NA,,True,True,True,B0 Exact clean calibration,
DS8,450.5,1.4842338250883482,persistent,primary 3-seed mean complex IG K7,mean,,True,True,True,primary clean calibration,11
DS8,451.0,14.484941211906897,persistent,B0 Exact,NA,,True,True,True,B0 Exact clean calibration,
DS8,451.0,1.482739146953035,persistent,primary 3-seed mean complex IG K7,mean,,True,True,True,primary clean calibration,11
DS8,451.5,14.484941211906897,persistent,B0 Exact,NA,,True,True,True,B0 Exact clean calibration,
DS8,451.5,1.4791383452819886,persistent,primary 3-seed mean complex IG K7,mean,,True,True,True,primary clean calibration,11
DS8,452.0,14.484941211906897,persistent,B0 Exact,NA,,True,True,True,B0 Exact clean calibration,
DS8,452.0,1.4807622528668556,persistent,primary 3-seed mean complex IG K7,mean,,True,True,True,primary clean calibration,11
DS8,452.5,14.484941211906897,persistent,B0 Exact,NA,,True,True,True,B0 Exact clean calibration,
DS8,452.5,1.481941975378314,persistent,primary 3-seed mean complex IG K7,mean,,True,True,True,primary clean calibration,11
DS8,453.0,14.484941211906897,persistent,B0 Exact,NA,,True,True,True,B0 Exact clean calibration,
DS8,453.0,1.4830093233566972,persistent,primary 3-seed mean complex IG K7,mean,,True,True,True,primary clean calibration,11
DS8,453.5,14.484941211906897,persistent,B0 Exact,NA,,True,True,True,B0 Exact clean calibration,
DS8,453.5,1.4808349529669398,persistent,primary 3-seed mean complex IG K7,mean,,True,True,True,primary clean calibration,11
DS8,454.0,14.484941211906897,persistent,B0 Exact,NA,,True,True,True,B0 Exact clean calibration,
DS8,454.0,1.4767782043235245,persistent,primary 3-seed mean complex IG K7,mean,,True,True,True,primary clean calibration,11
DS8,454.5,14.484941211906897,persistent,B0 Exact,NA,,True,True,True,B0 Exact clean calibration,
DS8,454.5,1.483226642083796,persistent,primary 3-seed mean complex IG K7,mean,,True,True,True,primary clean calibration,11
DS8,455.0,14.484941211906897,persistent,B0 Exact,NA,,True,True,True,B0 Exact clean calibration,
DS8,455.0,1.4812494108507759,persistent,primary 3-seed mean complex IG K7,mean,,True,True,True,primary clean calibration,11
DS8,455.5,14.484941211906897,persistent,B0 Exact,NA,,True,True,True,B0 Exact clean calibration,
DS8,455.5,1.485774407795095,persistent,primary 3-seed mean complex IG K7,mean,,True,True,True,primary clean calibration,11
DS8,456.0,14.484941211906897,persistent,B0 Exact,NA,,True,True,True,B0 Exact clean calibration,
DS8,456.0,1.4842336233816713,persistent,primary 3-seed mean complex IG K7,mean,,True,True,True,primary clean calibration,11
DS8,456.5,14.484941211906897,persistent,B0 Exact,NA,,True,True,True,B0 Exact clean calibration,
DS8,456.5,1.4820108574529947,persistent,primary 3-seed mean complex IG K7,mean,,True,True,True,primary clean calibration,11
DS8,457.0,14.484941211906897,persistent,B0 Exact,NA,,True,True,True,B0 Exact clean calibration,
DS8,457.0,1.4856367825277446,persistent,primary 3-seed mean complex IG K7,mean,,True,True,True,primary clean calibration,11
DS8,457.5,14.484941211906897,persistent,B0 Exact,NA,,True,True,True,B0 Exact clean calibration,
DS8,457.5,1.484083385574392,persistent,primary 3-seed mean complex IG K7,mean,,True,True,True,primary clean calibration,11
DS8,458.0,14.484941211906897,persistent,B0 Exact,NA,,True,True,True,B0 Exact clean calibration,
DS8,458.0,1.4821993242587765,persistent,primary 3-seed mean complex IG K7,mean,,True,True,True,primary clean calibration,11
DS8,458.5,14.484941211906897,persistent,B0 Exact,NA,,True,True,True,B0 Exact clean calibration,
DS8,458.5,1.4818523352845545,persistent,primary 3-seed mean complex IG K7,mean,,True,True,True,primary clean calibration,11
DS8,459.0,14.484941211906897,persistent,B0 Exact,NA,,True,True,True,B0 Exact clean calibration,
DS8,459.0,1.4796699853571742,persistent,primary 3-seed mean complex IG K7,mean,,True,True,True,primary clean calibration,11
DS8,459.5,14.484941211906897,persistent,B0 Exact,NA,,True,True,True,B0 Exact clean calibration,
DS8,459.5,1.485392425549053,persistent,primary 3-seed mean complex IG K7,mean,,True,True,True,primary clean calibration,11
DS8,460.0,14.484941211906897,persistent,B0 Exact,NA,,True,True,True,B0 Exact clean calibration,
DS8,460.0,1.4844994638222637,persistent,primary 3-seed mean complex IG K7,mean,,True,True,True,primary clean calibration,11
DS8,460.5,14.484941211906897,persistent,B0 Exact,NA,,True,True,True,B0 Exact clean calibration,
DS8,460.5,1.4814957737514884,persistent,primary 3-seed mean complex IG K7,mean,,True,True,True,primary clean calibration,11
DS8,461.0,14.484941211906897,persistent,B0 Exact,NA,,True,True,True,B0 Exact clean calibration,
DS8,461.0,1.4824755477302272,persistent,primary 3-seed mean complex IG K7,mean,,True,True,True,primary clean calibration,11
DS8,461.5,14.484941211906897,persistent,B0 Exact,NA,,True,True,True,B0 Exact clean calibration,
DS8,461.5,1.4831019224178847,persistent,primary 3-seed mean complex IG K7,mean,,True,True,True,primary clean calibration,11
DS8,462.0,14.484941211906897,persistent,B0 Exact,NA,,True,True,True,B0 Exact clean calibration,
DS8,462.0,1.4837201189728166,persistent,primary 3-seed mean complex IG K7,mean,,True,True,True,primary clean calibration,11
DS8,462.5,14.484941211906897,persistent,B0 Exact,NA,,True,True,True,B0 Exact clean calibration,
DS8,462.5,1.4830552682564726,persistent,primary 3-seed mean complex IG K7,mean,,True,True,True,primary clean calibration,11
DS8,463.0,14.484941211906897,persistent,B0 Exact,NA,,True,True,True,B0 Exact clean calibration,
DS8,463.0,1.4817075473935668,persistent,primary 3-seed mean complex IG K7,mean,,True,True,True,primary clean calibration,11
DS8,463.5,14.484941211906897,persistent,B0 Exact,NA,,True,True,True,B0 Exact clean calibration,
DS8,463.5,1.4852942143946366,persistent,primary 3-seed mean complex IG K7,mean,,True,True,True,primary clean calibration,11
DS8,464.0,14.484941211906897,persistent,B0 Exact,NA,,True,True,True,B0 Exact clean calibration,
DS8,464.0,1.4871631061677377,persistent,primary 3-seed mean complex IG K7,mean,,True,True,True,primary clean calibration,11
DS8,464.5,14.484941211906897,persistent,B0 Exact,NA,,True,True,True,B0 Exact clean calibration,
DS8,464.5,1.4860888067165987,persistent,primary 3-seed mean complex IG K7,mean,,True,True,True,primary clean calibration,11
DS8,465.0,14.484941211906897,persistent,B0 Exact,NA,,True,True,True,B0 Exact clean calibration,
DS8,465.0,1.4817598979634645,persistent,primary 3-seed mean complex IG K7,mean,,True,True,True,primary clean calibration,11
DS8,465.5,14.484941211906897,persistent,B0 Exact,NA,,True,True,True,B0 Exact clean calibration,
DS8,465.5,1.4830349167584107,persistent,primary 3-seed mean complex IG K7,mean,,True,True,True,primary clean calibration,11
DS8,466.0,14.484941211906897,persistent,B0 Exact,NA,,True,True,True,B0 Exact clean calibration,
DS8,466.0,1.4833572275624132,persistent,primary 3-seed mean complex IG K7,mean,,True,True,True,primary clean calibration,11
DS8,466.5,14.484941211906897,persistent,B0 Exact,NA,,True,True,True,B0 Exact clean calibration,
DS8,466.5,1.4813279728206028,persistent,primary 3-seed mean complex IG K7,mean,,True,True,True,primary clean calibration,11
DS8,467.0,14.484941211906897,persistent,B0 Exact,NA,,True,True,True,B0 Exact clean calibration,
DS8,467.0,1.4816398740679502,persistent,primary 3-seed mean complex IG K7,mean,,True,True,True,primary clean calibration,11
DS8,467.5,14.484941211906897,persistent,B0 Exact,NA,,True,True,True,B0 Exact clean calibration,
DS8,467.5,1.480018120508027,persistent,primary 3-seed mean complex IG K7,mean,,True,True,True,primary clean calibration,11
DS8,468.0,14.484941211906897,persistent,B0 Exact,NA,,True,True,True,B0 Exact clean calibration,
DS8,468.0,1.479743537928356,persistent,primary 3-seed mean complex IG K7,mean,,True,True,True,primary clean calibration,11
DS8,468.5,14.484941211906897,persistent,B0 Exact,NA,,True,True,True,B0 Exact clean calibration,
DS8,468.5,1.4760125645953301,persistent,primary 3-seed mean complex IG K7,mean,,True,True,True,primary clean calibration,11
DS8,469.0,14.484941211906897,persistent,B0 Exact,NA,,True,True,True,B0 Exact clean calibration,
DS8,469.0,1.4755381636936509,persistent,primary 3-seed mean complex IG K7,mean,,True,True,True,primary clean calibration,11
DS8,469.5,14.484941211906897,persistent,B0 Exact,NA,,True,True,True,B0 Exact clean calibration,
DS8,469.5,1.4758539190326445,persistent,primary 3-seed mean complex IG K7,mean,,True,True,True,primary clean calibration,11
DS8,470.0,14.484941211906897,persistent,B0 Exact,NA,,True,True,True,B0 Exact clean calibration,
DS8,470.0,1.4775368108867841,persistent,primary 3-seed mean complex IG K7,mean,,True,True,True,primary clean calibration,11
