run_id,prn,target_window_index,window_bin_s,window_start_s,window_end_s,window_mid_s,prn_node_rmse,prn_node_mae
DS3-established,G03,12,201.5,201.0,202.0,201.5,1.9083892107009888,1.5659993886947632
DS3-established,G03,13,202.0,201.5,202.5,202.0,1.9234260320663452,1.6054083108901978
DS3-established,G03,14,202.5,202.0,203.0,202.5,1.994064211845398,1.6584956645965576
DS3-established,G03,15,203.0,202.5,203.5,203.0,1.9318296909332275,1.5805087089538574
DS3-established,G03,16,203.5,203.0,204.0,203.5,2.0234169960021973,1.66434645652771
DS3-established,G03,17,204.0,203.5,204.5,204.0,1.9718214273452759,1.6292282342910767
DS3-established,G03,18,204.5,204.0,205.0,204.5,1.7579325437545776,1.477508306503296
DS3-established,G03,19,205.0,204.5,205.5,205.0,1.0603975057601929,0.8970447182655334
DS3-established,G03,20,205.5,205.0,206.0,205.5,0.9014420509338379,0.699593722820282
DS3-established,G03,21,206.0,205.5,206.5,206.0,2.878009557723999,2.5479934215545654
DS3-established,G03,22,206.5,206.0,207.0,206.5,4.212069511413574,3.7442941665649414
DS3-established,G03,23,207.0,206.5,207.5,207.0,4.065232276916504,3.6163296699523926
DS3-established,G03,24,207.5,207.0,208.0,207.5,3.725496292114258,3.3303959369659424
DS3-established,G03,25,208.0,207.5,208.5,208.0,3.7273762226104736,3.349703073501587
DS3-established,G03,26,208.5,208.0,209.0,208.5,3.7646682262420654,3.40702223777771
DS3-established,G03,27,209.0,208.5,209.5,209.0,3.7818892002105713,3.426332712173462
DS3-established,G03,28,209.5,209.0,210.0,209.5,3.786621570587158,3.4267992973327637
DS3-established,G03,29,210.0,209.5,210.5,210.0,3.8358960151672363,3.470749855041504
DS3-established,G03,30,210.5,210.0,211.0,210.5,3.8727517127990723,3.4972379207611084
DS3-established,G03,31,211.0,210.5,211.5,211.0,3.9003994464874268,3.542654514312744
DS3-established,G03,32,211.5,211.0,212.0,211.5,3.9462878704071045,3.5865800380706787
DS3-established,G03,33,212.0,211.5,212.5,212.0,3.8839187622070312,3.524962902069092
DS3-established,G03,34,212.5,212.0,213.0,212.5,3.8015596866607666,3.4755406379699707
DS3-established,G03,35,213.0,212.5,213.5,213.0,3.8335869312286377,3.52164626121521
DS3-established,G03,36,213.5,213.0,214.0,213.5,3.8842222690582275,3.5731396675109863
DS3-established,G03,37,214.0,213.5,214.5,214.0,3.973731517791748,3.6761474609375
DS3-established,G03,38,214.5,214.0,215.0,214.5,4.089327335357666,3.78947377204895
DS3-established,G03,39,215.0,214.5,215.5,215.0,4.147499084472656,3.8469607830047607
DS3-established,G03,40,215.5,215.0,216.0,215.5,4.2325286865234375,3.9365670680999756
DS3-established,G03,41,216.0,215.5,216.5,216.0,4.311427593231201,4.011464595794678
DS3-established,G03,42,216.5,216.0,217.0,216.5,4.278527736663818,3.986643075942993
DS3-established,G03,43,217.0,216.5,217.5,217.0,4.335900783538818,4.0501275062561035
DS3-established,G03,44,217.5,217.0,218.0,217.5,4.4657301902771,4.182310581207275
DS3-established,G03,45,218.0,217.5,218.5,218.0,4.569930076599121,4.2890777587890625
DS3-established,G03,46,218.5,218.0,219.0,218.5,4.5668792724609375,4.2906341552734375
DS3-established,G03,47,219.0,218.5,219.5,219.0,4.512668609619141,4.246493339538574
DS3-established,G03,48,219.5,219.0,220.0,219.5,4.464919567108154,4.205085754394531
DS3-established,G03,49,220.0,219.5,220.5,220.0,3.815261125564575,3.595555543899536
DS3-established,G03,50,220.5,220.0,221.0,220.5,2.5785152912139893,2.42421817779541
DS3-established,G03,51,221.0,220.5,221.5,221.0,1.4283510446548462,1.3212119340896606
DS3-established,G03,52,221.5,221.0,222.0,221.5,0.8239402770996094,0.7262117862701416
DS3-established,G03,53,222.0,221.5,222.5,222.0,0.6036220192909241,0.4550257921218872
DS3-established,G03,54,222.5,222.0,223.0,222.5,0.6336535811424255,0.48318350315093994
DS3-established,G03,55,223.0,222.5,223.5,223.0,0.6507190465927124,0.45261436700820923
DS3-established,G03,56,223.5,223.0,224.0,223.5,0.6851707100868225,0.5053935050964355
DS3-established,G03,57,224.0,223.5,224.5,224.0,0.758853018283844,0.5766342282295227
DS3-established,G03,58,224.5,224.0,225.0,224.5,0.8182916641235352,0.6269435882568359
DS3-established,G03,59,225.0,224.5,225.5,225.0,0.8949778079986572,0.6529248356819153
DS3-established,G03,60,225.5,225.0,226.0,225.5,1.0352306365966797,0.7963046431541443
DS3-established,G03,61,226.0,225.5,226.5,226.0,1.0650817155838013,0.8064000010490417
DS3-established,G03,62,226.5,226.0,227.0,226.5,1.043824315071106,0.7794275283813477
DS3-established,G03,63,227.0,226.5,227.5,227.0,1.0695737600326538,0.7842141389846802
DS3-established,G03,64,227.5,227.0,228.0,227.5,1.1020123958587646,0.8284151554107666
DS3-established,G03,65,228.0,227.5,228.5,228.0,1.1229727268218994,0.8484224677085876
DS3-established,G03,66,228.5,228.0,229.0,228.5,1.070614218711853,0.8114309310913086
DS3-established,G03,67,229.0,228.5,229.5,229.0,1.0230388641357422,0.8123335242271423
DS3-established,G03,68,229.5,229.0,230.0,229.5,0.9936641454696655,0.7650721073150635
DS3-established,G03,69,230.0,229.5,230.5,230.0,0.882773220539093,0.6824498772621155
DS3-established,G03,70,230.5,230.0,231.0,230.5,0.7660503387451172,0.5959611535072327
DS3-established,G03,71,231.0,230.5,231.5,231.0,0.7297148704528809,0.5658886432647705
DS3-established,G03,72,231.5,231.0,232.0,231.5,0.6490285396575928,0.5069886445999146
DS3-established,G03,73,232.0,231.5,232.5,232.0,0.5724561214447021,0.4617842733860016
DS3-established,G03,74,232.5,232.0,233.0,232.5,0.5102642774581909,0.3937670588493347
DS3-established,G03,75,233.0,232.5,233.5,233.0,0.4749748110771179,0.38075533509254456
DS3-established,G03,76,233.5,233.0,234.0,233.5,0.4275103509426117,0.3460848927497864
DS3-established,G03,77,234.0,233.5,234.5,234.0,0.36419177055358887,0.2973040044307709
DS3-established,G03,78,234.5,234.0,235.0,234.5,0.37391218543052673,0.2878534197807312
DS3-established,G03,79,235.0,234.5,235.5,235.0,0.3263159990310669,0.24585607647895813
DS3-established,G03,80,235.5,235.0,236.0,235.5,0.31773650646209717,0.23954765498638153
DS3-established,G03,81,236.0,235.5,236.5,236.0,0.3625688850879669,0.2565414309501648
DS3-established,G03,82,236.5,236.0,237.0,236.5,0.3266008496284485,0.2409653216600418
DS3-established,G03,83,237.0,236.5,237.5,237.0,0.3283887803554535,0.26508036255836487
DS3-established,G03,84,237.5,237.0,238.0,237.5,0.3068337142467499,0.24698087573051453
DS3-established,G03,85,238.0,237.5,238.5,238.0,0.27201908826828003,0.1863846331834793
DS3-established,G03,86,238.5,238.0,239.0,238.5,0.24788086116313934,0.20607313513755798
DS3-established,G03,87,239.0,238.5,239.5,239.0,0.2505749464035034,0.20269669592380524
DS3-established,G03,88,239.5,239.0,240.0,239.5,0.321024090051651,0.2637054920196533
DS3-established,G03,89,240.0,239.5,240.5,240.0,0.3595300614833832,0.3026084303855896
DS3-established,G03,90,240.5,240.0,241.0,240.5,0.34066641330718994,0.27248111367225647
DS3-established,G03,91,241.0,240.5,241.5,241.0,0.334277480840683,0.2641372084617615
DS3-established,G03,92,241.5,241.0,242.0,241.5,0.2923326790332794,0.2389802485704422
DS3-established,G03,93,242.0,241.5,242.5,242.0,0.30388158559799194,0.24268926680088043
DS3-established,G03,94,242.5,242.0,243.0,242.5,0.26848655939102173,0.227182075381279
DS3-established,G03,95,243.0,242.5,243.5,243.0,0.2865581810474396,0.22789423167705536
DS3-established,G03,96,243.5,243.0,244.0,243.5,0.3055312931537628,0.24714305996894836
DS3-established,G03,97,244.0,243.5,244.5,244.0,0.2818717062473297,0.22605152428150177
DS3-established,G03,98,244.5,244.0,245.0,244.5,0.28916946053504944,0.22686518728733063
DS3-established,G03,99,245.0,244.5,245.5,245.0,0.2782556712627411,0.230635404586792
DS3-established,G03,100,245.5,245.0,246.0,245.5,0.31619593501091003,0.25305405259132385
DS3-established,G03,101,246.0,245.5,246.5,246.0,0.29973486065864563,0.24485023319721222
DS3-established,G03,102,246.5,246.0,247.0,246.5,0.30007144808769226,0.2366754561662674
DS3-established,G03,103,247.0,246.5,247.5,247.0,0.2663997709751129,0.1963624209165573
DS3-established,G03,104,247.5,247.0,248.0,247.5,0.23465308547019958,0.1972479373216629
DS3-established,G03,105,248.0,247.5,248.5,248.0,0.3232376277446747,0.23300091922283173
DS3-established,G03,106,248.5,248.0,249.0,248.5,0.2666324973106384,0.20312544703483582
DS3-established,G03,107,249.0,248.5,249.5,249.0,0.2736663520336151,0.1988130360841751
DS3-established,G03,108,249.5,249.0,250.0,249.5,0.34216436743736267,0.24780647456645966
DS3-established,G03,109,250.0,249.5,250.5,250.0,0.3314207196235657,0.23593945801258087
DS3-established,G03,110,250.5,250.0,251.0,250.5,0.26839569211006165,0.2054566591978073
DS3-established,G03,111,251.0,250.5,251.5,251.0,0.2850739359855652,0.2119908332824707
DS3-established,G03,112,251.5,251.0,252.0,251.5,0.3153391182422638,0.21701297163963318
DS3-established,G03,113,252.0,251.5,252.5,252.0,0.2837601602077484,0.22143784165382385
DS3-established,G03,114,252.5,252.0,253.0,252.5,0.2891211211681366,0.22381921112537384
DS3-established,G03,115,253.0,252.5,253.5,253.0,0.24869734048843384,0.1755669116973877
DS3-established,G03,116,253.5,253.0,254.0,253.5,0.2814564108848572,0.21820853650569916
DS3-established,G03,117,254.0,253.5,254.5,254.0,0.28116095066070557,0.22225730121135712
DS3-established,G03,118,254.5,254.0,255.0,254.5,0.3189374804496765,0.19936367869377136
DS3-established,G03,119,255.0,254.5,255.5,255.0,0.2998572885990143,0.236378014087677
DS3-established,G03,120,255.5,255.0,256.0,255.5,0.31459134817123413,0.25108522176742554
DS3-established,G03,121,256.0,255.5,256.5,256.0,0.3483593761920929,0.2418341338634491
DS3-established,G03,122,256.5,256.0,257.0,256.5,0.2954973876476288,0.22993104159832
DS3-established,G03,123,257.0,256.5,257.5,257.0,0.272142618894577,0.19091998040676117
DS3-established,G03,124,257.5,257.0,258.0,257.5,0.2873246669769287,0.21552419662475586
DS3-established,G03,125,258.0,257.5,258.5,258.0,0.31750723719596863,0.23596718907356262
DS3-established,G03,126,258.5,258.0,259.0,258.5,0.32619017362594604,0.23657234013080597
DS3-established,G03,127,259.0,258.5,259.5,259.0,0.35159242153167725,0.28128209710121155
DS3-established,G03,128,259.5,259.0,260.0,259.5,0.33548882603645325,0.2611932158470154
DS3-established,G03,129,260.0,259.5,260.5,260.0,0.26503944396972656,0.21127435564994812
DS3-established,G03,130,260.5,260.0,261.0,260.5,0.24417957663536072,0.187200665473938
DS3-established,G03,131,261.0,260.5,261.5,261.0,0.23865975439548492,0.17164058983325958
DS3-established,G03,132,261.5,261.0,262.0,261.5,0.24106788635253906,0.16815343499183655
DS3-established,G03,133,262.0,261.5,262.5,262.0,0.21290864050388336,0.1629047691822052
DS3-established,G03,134,262.5,262.0,263.0,262.5,0.2509382963180542,0.18823862075805664
DS3-established,G03,135,263.0,262.5,263.5,263.0,0.27236536145210266,0.19427037239074707
DS3-established,G03,136,263.5,263.0,264.0,263.5,0.23157931864261627,0.1738937646150589
DS3-established,G03,137,264.0,263.5,264.5,264.0,0.2777723968029022,0.20010046660900116
DS3-established,G03,138,264.5,264.0,265.0,264.5,0.3268808126449585,0.2178603559732437
DS3-established,G03,139,265.0,264.5,265.5,265.0,0.356232225894928,0.22620268166065216
DS3-established,G03,140,265.5,265.0,266.0,265.5,0.31389597058296204,0.2059534788131714
DS3-established,G03,141,266.0,265.5,266.5,266.0,0.27777090668678284,0.20887179672718048
DS3-established,G03,142,266.5,266.0,267.0,266.5,0.24440789222717285,0.181814044713974
DS3-established,G03,143,267.0,266.5,267.5,267.0,0.2501106858253479,0.18490305542945862
DS3-established,G03,144,267.5,267.0,268.0,267.5,0.2842843234539032,0.21802504360675812
DS3-established,G03,145,268.0,267.5,268.5,268.0,0.23701982200145721,0.18698525428771973
DS3-established,G03,146,268.5,268.0,269.0,268.5,0.2697935700416565,0.18323461711406708
DS3-established,G03,147,269.0,268.5,269.5,269.0,0.23114992678165436,0.16796596348285675
DS3-established,G03,148,269.5,269.0,270.0,269.5,0.23997999727725983,0.17457906901836395
DS3-established,G03,149,270.0,269.5,270.5,270.0,0.2983946204185486,0.2241317480802536
DS3-established,G03,150,270.5,270.0,271.0,270.5,0.2911609709262848,0.2154960334300995
DS3-established,G03,151,271.0,270.5,271.5,271.0,0.3136952221393585,0.22866447269916534
DS3-established,G03,152,271.5,271.0,272.0,271.5,0.2809295654296875,0.21396620571613312
DS3-established,G03,153,272.0,271.5,272.5,272.0,0.2804170846939087,0.19596628844738007
DS3-established,G03,154,272.5,272.0,273.0,272.5,0.2953284978866577,0.21823227405548096
DS3-established,G03,155,273.0,272.5,273.5,273.0,0.2811289131641388,0.21217131614685059
DS3-established,G03,156,273.5,273.0,274.0,273.5,0.30572986602783203,0.19706788659095764
DS3-established,G03,157,274.0,273.5,274.5,274.0,0.2795606851577759,0.18200798332691193
DS3-established,G03,158,274.5,274.0,275.0,274.5,0.31363818049430847,0.23857910931110382
DS3-established,G03,159,275.0,274.5,275.5,275.0,0.31503450870513916,0.24264617264270782
DS3-established,G03,160,275.5,275.0,276.0,275.5,0.2984701097011566,0.21467678248882294
DS3-established,G03,161,276.0,275.5,276.5,276.0,0.30073338747024536,0.22395168244838715
DS3-established,G03,162,276.5,276.0,277.0,276.5,0.2861689329147339,0.2158949375152588
DS3-established,G03,163,277.0,276.5,277.5,277.0,0.27960795164108276,0.20119158923625946
DS3-established,G03,164,277.5,277.0,278.0,277.5,0.27814167737960815,0.2000282257795334
DS3-established,G03,165,278.0,277.5,278.5,278.0,0.3184247612953186,0.2461131364107132
DS3-established,G03,166,278.5,278.0,279.0,278.5,0.28304439783096313,0.20683975517749786
DS3-established,G03,167,279.0,278.5,279.5,279.0,0.230811208486557,0.1743592768907547
DS3-established,G03,168,279.5,279.0,280.0,279.5,0.275954008102417,0.2007867693901062
DS3-established,G03,169,280.0,279.5,280.5,280.0,0.30257126688957214,0.23043987154960632
DS3-established,G03,170,280.5,280.0,281.0,280.5,0.30235356092453003,0.22864265739917755
DS3-established,G03,171,281.0,280.5,281.5,281.0,0.3670419752597809,0.23254139721393585
DS3-established,G03,172,281.5,281.0,282.0,281.5,0.34899255633354187,0.2540339529514313
DS3-established,G03,173,282.0,281.5,282.5,282.0,0.2953377962112427,0.21881583333015442
DS3-established,G03,174,282.5,282.0,283.0,282.5,0.2740743160247803,0.2057380974292755
DS3-established,G03,175,283.0,282.5,283.5,283.0,0.29109257459640503,0.21413488686084747
DS3-established,G03,176,283.5,283.0,284.0,283.5,0.29229265451431274,0.23301631212234497
DS3-established,G03,177,284.0,283.5,284.5,284.0,0.293801486492157,0.2389574646949768
DS3-established,G03,178,284.5,284.0,285.0,284.5,0.2573920488357544,0.20069800317287445
DS3-established,G03,179,285.0,284.5,285.5,285.0,0.24699419736862183,0.1923063099384308
DS3-established,G03,180,285.5,285.0,286.0,285.5,0.27015525102615356,0.19675150513648987
DS3-established,G03,181,286.0,285.5,286.5,286.0,0.2640082836151123,0.1940145194530487
DS3-established,G03,182,286.5,286.0,287.0,286.5,0.26504069566726685,0.1935640126466751
DS3-established,G03,183,287.0,286.5,287.5,287.0,0.2682426869869232,0.1965746432542801
DS3-established,G03,184,287.5,287.0,288.0,287.5,0.3116694986820221,0.21457228064537048
DS3-established,G03,185,288.0,287.5,288.5,288.0,0.2610263526439667,0.18498505651950836
DS3-established,G03,186,288.5,288.0,289.0,288.5,0.28190913796424866,0.21671119332313538
DS3-established,G03,187,289.0,288.5,289.5,289.0,0.27792853116989136,0.20429760217666626
DS3-established,G03,188,289.5,289.0,290.0,289.5,0.22919128835201263,0.16450653970241547
DS3-established,G03,189,290.0,289.5,290.5,290.0,0.3078792989253998,0.2509292960166931
DS3-established,G03,190,290.5,290.0,291.0,290.5,0.2718087136745453,0.21122987568378448
DS3-established,G03,191,291.0,290.5,291.5,291.0,0.23189428448677063,0.17238911986351013
DS3-established,G03,192,291.5,291.0,292.0,291.5,0.2689369022846222,0.19129855930805206
DS3-established,G03,193,292.0,291.5,292.5,292.0,0.31949782371520996,0.23885327577590942
DS3-established,G03,194,292.5,292.0,293.0,292.5,0.2680661976337433,0.20776033401489258
DS3-established,G03,195,293.0,292.5,293.5,293.0,0.2587621808052063,0.1946640908718109
DS3-established,G03,196,293.5,293.0,294.0,293.5,0.32204505801200867,0.2411072850227356
DS3-established,G03,197,294.0,293.5,294.5,294.0,0.2991407811641693,0.20593969523906708
DS3-established,G03,198,294.5,294.0,295.0,294.5,0.2858736515045166,0.22026494145393372
DS3-established,G03,199,295.0,294.5,295.5,295.0,0.2690315246582031,0.20711787045001984
DS3-established,G03,200,295.5,295.0,296.0,295.5,0.23165570199489594,0.17063990235328674
DS3-established,G03,201,296.0,295.5,296.5,296.0,0.28771892189979553,0.19647462666034698
DS3-established,G03,202,296.5,296.0,297.0,296.5,0.30522415041923523,0.22844505310058594
DS3-established,G03,203,297.0,296.5,297.5,297.0,0.2973697781562805,0.22416231036186218
DS3-established,G03,204,297.5,297.0,298.0,297.5,0.3083353042602539,0.2286975085735321
DS3-established,G03,205,298.0,297.5,298.5,298.0,0.2549789547920227,0.1644602119922638
DS3-established,G03,206,298.5,298.0,299.0,298.5,0.23727108538150787,0.170778289437294
DS3-established,G03,207,299.0,298.5,299.5,299.0,0.30514898896217346,0.2333657294511795
DS3-established,G03,208,299.5,299.0,300.0,299.5,0.30500558018684387,0.23043055832386017
DS3-established,G03,209,300.0,299.5,300.5,300.0,0.2908952534198761,0.23010116815567017
DS3-established,G03,210,300.5,300.0,301.0,300.5,0.2699894607067108,0.21014626324176788
DS3-established,G03,211,301.0,300.5,301.5,301.0,0.27449533343315125,0.2070988267660141
DS3-established,G03,212,301.5,301.0,302.0,301.5,0.2686607241630554,0.19824163615703583
DS3-established,G03,213,302.0,301.5,302.5,302.0,0.27948176860809326,0.19925987720489502
DS3-established,G03,214,302.5,302.0,303.0,302.5,0.34032976627349854,0.23826482892036438
DS3-established,G03,215,303.0,302.5,303.5,303.0,0.26603391766548157,0.20119160413742065
DS3-established,G03,216,303.5,303.0,304.0,303.5,0.26891809701919556,0.2001977562904358
DS3-established,G03,217,304.0,303.5,304.5,304.0,0.3341822028160095,0.25909653306007385
DS3-established,G03,218,304.5,304.0,305.0,304.5,0.26367759704589844,0.19412878155708313
DS3-established,G03,219,305.0,304.5,305.5,305.0,0.24217158555984497,0.17567798495292664
DS3-established,G03,220,305.5,305.0,306.0,305.5,0.30362576246261597,0.22060514986515045
DS3-established,G03,221,306.0,305.5,306.5,306.0,0.26593053340911865,0.19353601336479187
DS3-established,G03,222,306.5,306.0,307.0,306.5,0.2674839198589325,0.19759391248226166
DS3-established,G03,223,307.0,306.5,307.5,307.0,0.272494375705719,0.1925259679555893
DS3-established,G03,224,307.5,307.0,308.0,307.5,0.28582480549812317,0.19406373798847198
DS3-established,G03,225,308.0,307.5,308.5,308.0,0.3129846751689911,0.2293897271156311
DS3-established,G03,226,308.5,308.0,309.0,308.5,0.32289713621139526,0.24783232808113098
DS3-established,G03,227,309.0,308.5,309.5,309.0,0.2923547625541687,0.2084115445613861
DS3-established,G03,228,309.5,309.0,310.0,309.5,0.3050349950790405,0.24490319192409515
DS3-established,G03,229,310.0,309.5,310.5,310.0,0.3068450391292572,0.2239917665719986
DS3-established,G03,230,310.5,310.0,311.0,310.5,0.29251569509506226,0.2063140869140625
DS3-established,G03,231,311.0,310.5,311.5,311.0,0.28757911920547485,0.20497561991214752
DS3-established,G03,232,311.5,311.0,312.0,311.5,0.29955893754959106,0.24403217434883118
DS3-established,G03,233,312.0,311.5,312.5,312.0,0.2803209722042084,0.20087666809558868
DS3-established,G03,234,312.5,312.0,313.0,312.5,0.32427361607551575,0.24136145412921906
DS3-established,G03,235,313.0,312.5,313.5,313.0,0.31971079111099243,0.23920054733753204
DS3-established,G03,236,313.5,313.0,314.0,313.5,0.29139459133148193,0.21639113128185272
DS3-established,G03,237,314.0,313.5,314.5,314.0,0.25530457496643066,0.18830609321594238
DS3-established,G03,238,314.5,314.0,315.0,314.5,0.24353444576263428,0.17188668251037598
DS3-established,G03,239,315.0,314.5,315.5,315.0,0.2827094793319702,0.19416864216327667
DS3-established,G03,240,315.5,315.0,316.0,315.5,0.3163676857948303,0.2477988749742508
DS3-established,G03,241,316.0,315.5,316.5,316.0,0.2982286810874939,0.22300556302070618
DS3-established,G03,242,316.5,316.0,317.0,316.5,0.30575141310691833,0.22454942762851715
DS3-established,G03,243,317.0,316.5,317.5,317.0,0.28075432777404785,0.2161989063024521
DS3-established,G03,244,317.5,317.0,318.0,317.5,0.2427663803100586,0.1791480928659439
DS3-established,G03,245,318.0,317.5,318.5,318.0,0.27578678727149963,0.19937476515769958
DS3-established,G03,246,318.5,318.0,319.0,318.5,0.27997100353240967,0.21206869184970856
DS3-established,G03,247,319.0,318.5,319.5,319.0,0.2638762891292572,0.18003912270069122
DS3-established,G03,248,319.5,319.0,320.0,319.5,0.2750425636768341,0.19770623743534088
DS3-established,G03,249,320.0,319.5,320.5,320.0,0.308674693107605,0.2322334200143814
DS3-established,G03,250,320.5,320.0,321.0,320.5,0.2615484595298767,0.19454888999462128
DS3-established,G03,251,321.0,320.5,321.5,321.0,0.2506251037120819,0.1877002716064453
DS3-established,G03,252,321.5,321.0,322.0,321.5,0.2930395305156708,0.22426612675189972
DS3-established,G03,253,322.0,321.5,322.5,322.0,0.27607303857803345,0.22130082547664642
DS3-established,G03,254,322.5,322.0,323.0,322.5,0.2740260362625122,0.20391134917736053
DS3-established,G03,255,323.0,322.5,323.5,323.0,0.2792937457561493,0.20865513384342194
DS3-established,G03,256,323.5,323.0,324.0,323.5,0.2757362723350525,0.2152605503797531
DS3-established,G03,257,324.0,323.5,324.5,324.0,0.3364185690879822,0.2661779820919037
DS3-established,G03,258,324.5,324.0,325.0,324.5,0.3812072277069092,0.2799418270587921
DS3-established,G03,259,325.0,324.5,325.5,325.0,0.2824592590332031,0.21064379811286926
DS3-established,G03,260,325.5,325.0,326.0,325.5,0.2608416974544525,0.19222229719161987
DS3-established,G03,261,326.0,325.5,326.5,326.0,0.282418817281723,0.21351464092731476
DS3-established,G03,262,326.5,326.0,327.0,326.5,0.2776172161102295,0.20780475437641144
DS3-established,G03,263,327.0,326.5,327.5,327.0,0.34878894686698914,0.2764981687068939
DS3-established,G03,264,327.5,327.0,328.0,327.5,0.32899609208106995,0.26063743233680725
DS3-established,G03,265,328.0,327.5,328.5,328.0,0.3117174804210663,0.24015934765338898
DS3-established,G03,266,328.5,328.0,329.0,328.5,0.26264697313308716,0.2054278552532196
DS3-established,G03,267,329.0,328.5,329.5,329.0,0.27689337730407715,0.2118421196937561
DS3-established,G03,268,329.5,329.0,330.0,329.5,0.2996556758880615,0.22186167538166046
DS3-established,G03,269,330.0,329.5,330.5,330.0,0.29748451709747314,0.22646938264369965
DS3-established,G03,270,330.5,330.0,331.0,330.5,0.3005746603012085,0.21586614847183228
DS3-established,G03,271,331.0,330.5,331.5,331.0,0.3165760636329651,0.22773922979831696
DS3-established,G03,272,331.5,331.0,332.0,331.5,0.27612075209617615,0.2032538801431656
DS3-established,G03,273,332.0,331.5,332.5,332.0,0.23256835341453552,0.17536970973014832
DS3-established,G03,274,332.5,332.0,333.0,332.5,0.3032832443714142,0.23647065460681915
DS3-established,G03,275,333.0,332.5,333.5,333.0,0.36473557353019714,0.26266199350357056
DS3-established,G03,276,333.5,333.0,334.0,333.5,0.39088428020477295,0.3177465796470642
DS3-established,G03,277,334.0,333.5,334.5,334.0,0.2986889183521271,0.22287456691265106
DS3-established,G03,278,334.5,334.0,335.0,334.5,0.2560035288333893,0.18723370134830475
DS3-established,G03,279,335.0,334.5,335.5,335.0,0.3000861704349518,0.22402483224868774
DS3-established,G03,280,335.5,335.0,336.0,335.5,0.31163784861564636,0.22206754982471466
DS3-established,G03,281,336.0,335.5,336.5,336.0,0.30449560284614563,0.21830864250659943
DS3-established,G03,282,336.5,336.0,337.0,336.5,0.26503247022628784,0.20087262988090515
DS3-established,G03,283,337.0,336.5,337.5,337.0,0.29851046204566956,0.23235978186130524
DS3-established,G03,284,337.5,337.0,338.0,337.5,0.27606552839279175,0.21313627064228058
DS3-established,G03,285,338.0,337.5,338.5,338.0,0.30042290687561035,0.22806313633918762
DS3-established,G03,286,338.5,338.0,339.0,338.5,0.30188441276550293,0.22679217159748077
DS3-established,G03,287,339.0,338.5,339.5,339.0,0.2372034639120102,0.17983481287956238
DS3-established,G03,288,339.5,339.0,340.0,339.5,0.29481273889541626,0.23069731891155243
DS3-established,G03,289,340.0,339.5,340.5,340.0,0.33424362540245056,0.2674444913864136
DS3-established,G03,290,340.5,340.0,341.0,340.5,0.2903272807598114,0.22826091945171356
DS3-established,G03,291,341.0,340.5,341.5,341.0,0.2745344340801239,0.20340938866138458
DS3-established,G03,292,341.5,341.0,342.0,341.5,0.2846311926841736,0.21273860335350037
DS3-established,G03,293,342.0,341.5,342.5,342.0,0.24783703684806824,0.18761777877807617
DS3-established,G03,294,342.5,342.0,343.0,342.5,0.26974496245384216,0.2115696221590042
DS3-established,G03,295,343.0,342.5,343.5,343.0,0.2911047637462616,0.2139211744070053
DS3-established,G03,296,343.5,343.0,344.0,343.5,0.2831507921218872,0.21607467532157898
DS3-established,G03,297,344.0,343.5,344.5,344.0,0.2476697564125061,0.18443042039871216
DS3-established,G03,298,344.5,344.0,345.0,344.5,0.2562188506126404,0.18677297234535217
DS3-established,G03,299,345.0,344.5,345.5,345.0,0.26457181572914124,0.20276401937007904
DS3-established,G03,300,345.5,345.0,346.0,345.5,0.2584424316883087,0.1904350072145462
DS3-established,G03,301,346.0,345.5,346.5,346.0,0.2952212989330292,0.21367581188678741
DS3-established,G03,302,346.5,346.0,347.0,346.5,0.2665891647338867,0.20140932500362396
DS3-established,G03,303,347.0,346.5,347.5,347.0,0.30263015627861023,0.22633907198905945
DS3-established,G03,304,347.5,347.0,348.0,347.5,0.31238457560539246,0.21424178779125214
DS3-established,G03,305,348.0,347.5,348.5,348.0,0.28929567337036133,0.22211416065692902
DS3-established,G03,306,348.5,348.0,349.0,348.5,0.286000519990921,0.21713247895240784
DS3-established,G03,307,349.0,348.5,349.5,349.0,0.20798824727535248,0.14644135534763336
DS3-established,G03,308,349.5,349.0,350.0,349.5,0.23458364605903625,0.18159492313861847
DS3-established,G03,309,350.0,349.5,350.5,350.0,0.3162476122379303,0.24061481654644012
DS3-established,G03,310,350.5,350.0,351.0,350.5,0.3355477750301361,0.262675404548645
DS3-established,G03,311,351.0,350.5,351.5,351.0,0.3166583776473999,0.2552265226840973
DS3-established,G03,312,351.5,351.0,352.0,351.5,0.3005375266075134,0.20006246864795685
DS3-established,G03,313,352.0,351.5,352.5,352.0,0.27782297134399414,0.22413738071918488
DS3-established,G03,314,352.5,352.0,353.0,352.5,0.21642395853996277,0.15849153697490692
DS3-established,G03,315,353.0,352.5,353.5,353.0,0.27361157536506653,0.19689279794692993
DS3-established,G03,316,353.5,353.0,354.0,353.5,0.23633036017417908,0.17537172138690948
DS3-established,G03,317,354.0,353.5,354.5,354.0,0.2966806888580322,0.21193964779376984
DS3-established,G03,318,354.5,354.0,355.0,354.5,0.28130748867988586,0.2124335765838623
DS3-established,G03,319,355.0,354.5,355.5,355.0,0.27186155319213867,0.1986360102891922
DS3-established,G03,320,355.5,355.0,356.0,355.5,0.3014991283416748,0.23287126421928406
DS3-established,G03,321,356.0,355.5,356.5,356.0,0.30022484064102173,0.22423453629016876
DS3-established,G03,322,356.5,356.0,357.0,356.5,0.299661785364151,0.20519967377185822
DS3-established,G03,323,357.0,356.5,357.5,357.0,0.2960699200630188,0.21017375588417053
DS3-established,G03,324,357.5,357.0,358.0,357.5,0.29225853085517883,0.21909061074256897
DS3-established,G03,325,358.0,357.5,358.5,358.0,0.33545929193496704,0.24745045602321625
DS3-established,G03,326,358.5,358.0,359.0,358.5,0.3162156939506531,0.24137936532497406
DS3-established,G03,327,359.0,358.5,359.5,359.0,0.29993265867233276,0.21240383386611938
DS3-established,G03,328,359.5,359.0,360.0,359.5,0.2974560260772705,0.2064351886510849
DS3-established,G03,329,360.0,359.5,360.5,360.0,0.30090197920799255,0.23703829944133759
DS3-established,G03,330,360.5,360.0,361.0,360.5,0.314926415681839,0.22645995020866394
DS3-established,G03,331,361.0,360.5,361.5,361.0,0.28894317150115967,0.21473939716815948
DS3-established,G03,332,361.5,361.0,362.0,361.5,0.2955756187438965,0.21646542847156525
DS3-established,G03,333,362.0,361.5,362.5,362.0,0.3127054274082184,0.21116995811462402
DS3-established,G03,334,362.5,362.0,363.0,362.5,0.2902812957763672,0.2197001576423645
DS3-established,G03,335,363.0,362.5,363.5,363.0,0.2861880958080292,0.20922759175300598
DS3-established,G03,336,363.5,363.0,364.0,363.5,0.2858838438987732,0.20953373610973358
DS3-established,G03,337,364.0,363.5,364.5,364.0,0.30694106221199036,0.22888895869255066
DS3-established,G03,338,364.5,364.0,365.0,364.5,0.32281821966171265,0.24119526147842407
DS3-established,G03,339,365.0,364.5,365.5,365.0,0.264282763004303,0.20059795677661896
DS3-established,G03,340,365.5,365.0,366.0,365.5,0.252346396446228,0.1961401253938675
DS3-established,G03,341,366.0,365.5,366.5,366.0,0.3485310971736908,0.2678513526916504
DS3-established,G03,342,366.5,366.0,367.0,366.5,0.33590203523635864,0.23785345256328583
DS3-established,G03,343,367.0,366.5,367.5,367.0,0.26863452792167664,0.20382629334926605
DS3-established,G03,344,367.5,367.0,368.0,367.5,0.2826986610889435,0.21591849625110626
DS3-established,G03,345,368.0,367.5,368.5,368.0,0.2977462708950043,0.21753855049610138
DS3-established,G03,346,368.5,368.0,369.0,368.5,0.2941707968711853,0.2227480113506317
DS3-established,G03,347,369.0,368.5,369.5,369.0,0.28173139691352844,0.21053075790405273
DS3-established,G03,348,369.5,369.0,370.0,369.5,0.2646664083003998,0.1863807737827301
DS3-established,G03,349,370.0,369.5,370.5,370.0,0.24653562903404236,0.1822376251220703
DS3-established,G03,350,370.5,370.0,371.0,370.5,0.27493059635162354,0.19083522260189056
DS3-established,G03,351,371.0,370.5,371.5,371.0,0.3813086748123169,0.31177204847335815
DS3-established,G03,352,371.5,371.0,372.0,371.5,0.3603849411010742,0.2940102219581604
DS3-established,G03,353,372.0,371.5,372.5,372.0,0.3804793953895569,0.2565825879573822
DS3-established,G03,354,372.5,372.0,373.0,372.5,0.31494200229644775,0.23220187425613403
DS3-established,G03,355,373.0,372.5,373.5,373.0,0.3108147382736206,0.23274697363376617
DS3-established,G03,356,373.5,373.0,374.0,373.5,0.3072609007358551,0.21505628526210785
DS3-established,G03,357,374.0,373.5,374.5,374.0,0.3078630864620209,0.22861510515213013
DS3-established,G03,358,374.5,374.0,375.0,374.5,0.3092181086540222,0.24805696308612823
DS3-established,G03,359,375.0,374.5,375.5,375.0,0.3123260736465454,0.23393355309963226
DS3-established,G03,360,375.5,375.0,376.0,375.5,0.26293614506721497,0.18811890482902527
DS3-established,G03,361,376.0,375.5,376.5,376.0,0.23164604604244232,0.1780039370059967
DS3-established,G03,362,376.5,376.0,377.0,376.5,0.28556686639785767,0.20686030387878418
DS3-established,G03,363,377.0,376.5,377.5,377.0,0.3083268404006958,0.22320914268493652
DS3-established,G03,364,377.5,377.0,378.0,377.5,0.3034631609916687,0.23836973309516907
DS3-established,G03,365,378.0,377.5,378.5,378.0,0.301893413066864,0.23544920980930328
DS3-established,G03,366,378.5,378.0,379.0,378.5,0.3110377788543701,0.22781096398830414
DS3-established,G03,367,379.0,378.5,379.5,379.0,0.31110307574272156,0.21678341925144196
DS3-established,G03,368,379.5,379.0,380.0,379.5,0.3098132610321045,0.23033592104911804
DS3-established,G03,369,380.0,379.5,380.5,380.0,0.33604201674461365,0.25774064660072327
DS3-established,G03,370,380.5,380.0,381.0,380.5,0.29217517375946045,0.20412476360797882
DS3-established,G03,371,381.0,380.5,381.5,381.0,0.24192632734775543,0.18825660645961761
DS3-established,G03,372,381.5,381.0,382.0,381.5,0.24271370470523834,0.17500567436218262
DS3-established,G03,373,382.0,381.5,382.5,382.0,0.2906798720359802,0.21161611378192902
DS3-established,G03,374,382.5,382.0,383.0,382.5,0.24506227672100067,0.1828722357749939
DS3-established,G03,375,383.0,382.5,383.5,383.0,0.2505449056625366,0.1834968775510788
DS3-established,G03,376,383.5,383.0,384.0,383.5,0.2809699773788452,0.22542673349380493
DS3-established,G03,377,384.0,383.5,384.5,384.0,0.23830269277095795,0.18797710537910461
DS3-established,G03,378,384.5,384.0,385.0,384.5,0.23676526546478271,0.1807049959897995
DS3-established,G03,379,385.0,384.5,385.5,385.0,0.2909069061279297,0.21598230302333832
DS3-established,G03,380,385.5,385.0,386.0,385.5,0.300176203250885,0.22225835919380188
DS3-established,G03,381,386.0,385.5,386.5,386.0,0.2737469971179962,0.20462575554847717
DS3-established,G03,382,386.5,386.0,387.0,386.5,0.3233197331428528,0.24251161515712738
DS3-established,G03,383,387.0,386.5,387.5,387.0,0.2993626594543457,0.21773755550384521
DS3-established,G03,384,387.5,387.0,388.0,387.5,0.28227490186691284,0.19865506887435913
DS3-established,G03,385,388.0,387.5,388.5,388.0,0.27097639441490173,0.19341863691806793
DS3-established,G03,386,388.5,388.0,389.0,388.5,0.22983981668949127,0.17554494738578796
DS3-established,G03,387,389.0,388.5,389.5,389.0,0.24877427518367767,0.1738557517528534
DS3-established,G03,388,389.5,389.0,390.0,389.5,0.22535891830921173,0.1676677167415619
DS3-established,G03,389,390.0,389.5,390.5,390.0,0.2529906630516052,0.18577434122562408
DS3-established,G03,390,390.5,390.0,391.0,390.5,0.2960679531097412,0.2132997065782547
DS3-established,G03,391,391.0,390.5,391.5,391.0,0.2749684154987335,0.2010735422372818
DS3-established,G03,392,391.5,391.0,392.0,391.5,0.29613742232322693,0.22134095430374146
DS3-established,G03,393,392.0,391.5,392.5,392.0,0.3423961102962494,0.25893834233283997
DS3-established,G03,394,392.5,392.0,393.0,392.5,0.3547000586986542,0.2604564428329468
DS3-established,G03,395,393.0,392.5,393.5,393.0,0.305548757314682,0.23214666545391083
DS3-established,G03,396,393.5,393.0,394.0,393.5,0.30613794922828674,0.21815553307533264
DS3-established,G03,397,394.0,393.5,394.5,394.0,0.2815091013908386,0.21608632802963257
DS3-established,G03,398,394.5,394.0,395.0,394.5,0.3169620931148529,0.24331034719944
DS3-established,G03,399,395.0,394.5,395.5,395.0,0.3322999179363251,0.24534818530082703
DS3-established,G03,400,395.5,395.0,396.0,395.5,0.3033159375190735,0.230007603764534
DS3-established,G03,401,396.0,395.5,396.5,396.0,0.28207024931907654,0.1963646113872528
DS3-established,G03,402,396.5,396.0,397.0,396.5,0.22388285398483276,0.1861436516046524
DS3-established,G03,403,397.0,396.5,397.5,397.0,0.2880801260471344,0.21964192390441895
DS3-established,G03,404,397.5,397.0,398.0,397.5,0.3246364891529083,0.22937972843647003
DS3-established,G03,405,398.0,397.5,398.5,398.0,0.2687925100326538,0.20188464224338531
DS3-established,G03,406,398.5,398.0,399.0,398.5,0.25207796692848206,0.19344578683376312
DS3-established,G03,407,399.0,398.5,399.5,399.0,0.26046472787857056,0.198810413479805
DS3-established,G03,408,399.5,399.0,400.0,399.5,0.2433321475982666,0.18312913179397583
DS3-established,G03,409,400.0,399.5,400.5,400.0,0.23391851782798767,0.18667808175086975
DS3-established,G03,410,400.5,400.0,401.0,400.5,0.2896365821361542,0.20194652676582336
DS3-established,G03,411,401.0,400.5,401.5,401.0,0.3732365369796753,0.2875501811504364
DS3-established,G03,412,401.5,401.0,402.0,401.5,0.3634140193462372,0.27158549427986145
DS3-established,G03,413,402.0,401.5,402.5,402.0,0.3086604177951813,0.23241955041885376
DS3-established,G03,414,402.5,402.0,403.0,402.5,0.30172133445739746,0.23221805691719055
DS3-established,G03,415,403.0,402.5,403.5,403.0,0.27655860781669617,0.2025652974843979
DS3-established,G03,416,403.5,403.0,404.0,403.5,0.2637348175048828,0.18673191964626312
DS3-established,G03,417,404.0,403.5,404.5,404.0,0.2726738452911377,0.1930634081363678
DS3-established,G03,418,404.5,404.0,405.0,404.5,0.28401973843574524,0.21312113106250763
DS3-established,G03,419,405.0,404.5,405.5,405.0,0.2542836666107178,0.18292750418186188
DS3-established,G03,420,405.5,405.0,406.0,405.5,0.2869383990764618,0.21447797119617462
DS3-established,G03,421,406.0,405.5,406.5,406.0,0.30439305305480957,0.23362800478935242
DS3-established,G03,422,406.5,406.0,407.0,406.5,0.2977718412876129,0.23165178298950195
DS3-established,G03,423,407.0,406.5,407.5,407.0,0.28568923473358154,0.21207642555236816
DS3-established,G03,424,407.5,407.0,408.0,407.5,0.26843345165252686,0.19642522931098938
DS3-established,G03,425,408.0,407.5,408.5,408.0,0.2757553160190582,0.20564337074756622
DS3-established,G03,426,408.5,408.0,409.0,408.5,0.3058074116706848,0.22739310562610626
DS3-established,G03,427,409.0,408.5,409.5,409.0,0.347521036863327,0.25334039330482483
DS3-established,G03,428,409.5,409.0,410.0,409.5,0.31698817014694214,0.2242313027381897
DS3-established,G03,429,410.0,409.5,410.5,410.0,0.28977638483047485,0.22280192375183105
DS3-established,G03,430,410.5,410.0,411.0,410.5,0.29447805881500244,0.21960973739624023
DS3-established,G03,431,411.0,410.5,411.5,411.0,0.2585667371749878,0.19413776695728302
DS3-established,G03,432,411.5,411.0,412.0,411.5,0.23133935034275055,0.17416198551654816
DS3-established,G03,433,412.0,411.5,412.5,412.0,0.25697582960128784,0.1937168538570404
DS3-established,G03,434,412.5,412.0,413.0,412.5,0.28404510021209717,0.2180372029542923
DS3-established,G03,435,413.0,412.5,413.5,413.0,0.30081674456596375,0.2139648050069809
DS3-established,G03,436,413.5,413.0,414.0,413.5,0.310884565114975,0.22536584734916687
DS3-established,G03,437,414.0,413.5,414.5,414.0,0.2968785762786865,0.23162981867790222
DS3-established,G03,438,414.5,414.0,415.0,414.5,0.29293644428253174,0.21698620915412903
DS3-established,G03,439,415.0,414.5,415.5,415.0,0.2661116421222687,0.19590404629707336
DS3-established,G03,440,415.5,415.0,416.0,415.5,0.24967095255851746,0.1837185174226761
DS3-established,G03,441,416.0,415.5,416.5,416.0,0.25805726647377014,0.20336659252643585
DS3-established,G03,442,416.5,416.0,417.0,416.5,0.23430417478084564,0.18078237771987915
DS3-established,G03,443,417.0,416.5,417.5,417.0,0.26966792345046997,0.20907902717590332
DS3-established,G03,444,417.5,417.0,418.0,417.5,0.29144003987312317,0.22385358810424805
DS3-established,G03,445,418.0,417.5,418.5,418.0,0.2778443694114685,0.2075207382440567
DS3-established,G03,446,418.5,418.0,419.0,418.5,0.2861645221710205,0.2085779309272766
DS3-established,G03,447,419.0,418.5,419.5,419.0,0.25897112488746643,0.19208672642707825
DS3-established,G03,448,419.5,419.0,420.0,419.5,0.2725328505039215,0.20235587656497955
DS3-established,G03,449,420.0,419.5,420.5,420.0,0.2900916337966919,0.21034076809883118
DS3-established,G03,450,420.5,420.0,421.0,420.5,0.28252390027046204,0.20529016852378845
DS3-established,G03,451,421.0,420.5,421.5,421.0,0.2819240987300873,0.19396479427814484
DS3-established,G03,452,421.5,421.0,422.0,421.5,0.3268474042415619,0.24490894377231598
DS3-established,G03,453,422.0,421.5,422.5,422.0,0.30042165517807007,0.2118874192237854
DS3-established,G03,454,422.5,422.0,423.0,422.5,0.31045156717300415,0.23469536006450653
DS3-established,G03,455,423.0,422.5,423.5,423.0,0.2924742102622986,0.21389222145080566
DS3-established,G03,456,423.5,423.0,424.0,423.5,0.26753491163253784,0.19663715362548828
DS3-established,G03,457,424.0,423.5,424.5,424.0,0.30892229080200195,0.23331816494464874
DS3-established,G03,458,424.5,424.0,425.0,424.5,0.3155961334705353,0.24274836480617523
DS3-established,G03,459,425.0,424.5,425.5,425.0,0.30369535088539124,0.20433683693408966
DS3-established,G03,460,425.5,425.0,426.0,425.5,0.260298490524292,0.18876071274280548
DS3-established,G03,461,426.0,425.5,426.5,426.0,0.29376164078712463,0.22243887186050415
DS3-established,G03,462,426.5,426.0,427.0,426.5,0.3102791905403137,0.2251186966896057
DS3-established,G03,463,427.0,426.5,427.5,427.0,0.30349358916282654,0.21089579164981842
DS3-established,G03,464,427.5,427.0,428.0,427.5,0.32307758927345276,0.20888946950435638
DS3-established,G03,465,428.0,427.5,428.5,428.0,0.29823607206344604,0.23050639033317566
DS3-established,G03,466,428.5,428.0,429.0,428.5,0.2783856987953186,0.21903632581233978
DS3-established,G03,467,429.0,428.5,429.5,429.0,0.25754213333129883,0.1922573298215866
DS3-established,G03,468,429.5,429.0,430.0,429.5,0.3041131794452667,0.20844854414463043
DS3-established,G03,469,430.0,429.5,430.5,430.0,0.3403056859970093,0.24937783181667328
DS3-established,G03,470,430.5,430.0,431.0,430.5,0.2907627522945404,0.22374725341796875
DS3-established,G03,471,431.0,430.5,431.5,431.0,0.28165289759635925,0.20549599826335907
DS3-established,G03,472,431.5,431.0,432.0,431.5,0.3024624288082123,0.23199611902236938
DS3-established,G03,473,432.0,431.5,432.5,432.0,0.3221505284309387,0.23237919807434082
DS3-established,G03,474,432.5,432.0,433.0,432.5,0.2905519902706146,0.22295702993869781
DS3-established,G03,475,433.0,432.5,433.5,433.0,0.2510451376438141,0.1866489052772522
DS3-established,G03,476,433.5,433.0,434.0,433.5,0.29806554317474365,0.20952335000038147
DS3-established,G03,477,434.0,433.5,434.5,434.0,0.3225695490837097,0.23466388881206512
DS3-established,G03,478,434.5,434.0,435.0,434.5,0.28772735595703125,0.2214304357767105
DS3-established,G03,479,435.0,434.5,435.5,435.0,0.25670376420021057,0.18203340470790863
DS3-established,G03,480,435.5,435.0,436.0,435.5,0.276711106300354,0.19559399783611298
DS3-established,G03,481,436.0,435.5,436.5,436.0,0.261858731508255,0.19209223985671997
DS3-established,G03,482,436.5,436.0,437.0,436.5,0.2881768047809601,0.21347114443778992
DS3-established,G03,483,437.0,436.5,437.5,437.0,0.2931646406650543,0.2161707580089569
DS3-established,G03,484,437.5,437.0,438.0,437.5,0.2776687443256378,0.21261432766914368
DS3-established,G03,485,438.0,437.5,438.5,438.0,0.2647480070590973,0.18757925927639008
DS3-established,G03,486,438.5,438.0,439.0,438.5,0.27344539761543274,0.1979033499956131
DS3-established,G03,487,439.0,438.5,439.5,439.0,0.2903878092765808,0.2180376648902893
DS3-established,G03,488,439.5,439.0,440.0,439.5,0.26791274547576904,0.18494367599487305
DS3-established,G03,489,440.0,439.5,440.5,440.0,0.26440542936325073,0.1964956372976303
DS3-established,G03,490,440.5,440.0,441.0,440.5,0.3222152888774872,0.24722130596637726
DS3-established,G03,491,441.0,440.5,441.5,441.0,0.27668607234954834,0.20940430462360382
DS3-established,G03,492,441.5,441.0,442.0,441.5,0.2734333276748657,0.19799213111400604
DS3-established,G03,493,442.0,441.5,442.5,442.0,0.32127806544303894,0.24437835812568665
DS3-established,G03,494,442.5,442.0,443.0,442.5,0.32071778178215027,0.23578782379627228
DS3-established,G03,495,443.0,442.5,443.5,443.0,0.33543428778648376,0.23385317623615265
DS3-established,G03,496,443.5,443.0,444.0,443.5,0.31175369024276733,0.23232944309711456
DS3-established,G03,497,444.0,443.5,444.5,444.0,0.2606287896633148,0.18934060633182526
DS3-established,G03,498,444.5,444.0,445.0,444.5,0.2272988259792328,0.1672835350036621
DS3-established,G03,499,445.0,444.5,445.5,445.0,0.29161912202835083,0.20126646757125854
DS3-established,G03,500,445.5,445.0,446.0,445.5,0.2991812229156494,0.2228352278470993
DS3-established,G03,501,446.0,445.5,446.5,446.0,0.3006735146045685,0.22290034592151642
DS3-established,G03,502,446.5,446.0,447.0,446.5,0.31597644090652466,0.24099938571453094
DS3-established,G03,503,447.0,446.5,447.5,447.0,0.3144450783729553,0.24380657076835632
DS3-established,G03,504,447.5,447.0,448.0,447.5,0.25515109300613403,0.18438729643821716
DS3-established,G03,505,448.0,447.5,448.5,448.0,0.24188168346881866,0.1742238849401474
DS3-established,G03,506,448.5,448.0,449.0,448.5,0.24623791873455048,0.1805151253938675
DS3-established,G03,507,449.0,448.5,449.5,449.0,0.25877416133880615,0.20021001994609833
DS3-established,G03,508,449.5,449.0,450.0,449.5,0.3171859681606293,0.22840261459350586
DS3-established,G03,509,450.0,449.5,450.5,450.0,0.35448771715164185,0.25946754217147827
DS3-established,G03,510,450.5,450.0,451.0,450.5,0.31704792380332947,0.22972090542316437
DS3-established,G03,511,451.0,450.5,451.5,451.0,0.3022589385509491,0.2167719006538391
DS3-established,G03,512,451.5,451.0,452.0,451.5,0.2723919153213501,0.2108868509531021
DS3-established,G03,513,452.0,451.5,452.5,452.0,0.24968956410884857,0.18116092681884766
DS3-established,G03,514,452.5,452.0,453.0,452.5,0.2651321291923523,0.1999022513628006
DS3-established,G03,515,453.0,452.5,453.5,453.0,0.2980491816997528,0.2280997484922409
DS3-established,G03,516,453.5,453.0,454.0,453.5,0.277778297662735,0.20540021359920502
DS3-established,G03,517,454.0,453.5,454.5,454.0,0.2828272581100464,0.20755763351917267
DS3-established,G03,518,454.5,454.0,455.0,454.5,0.2863275706768036,0.20473149418830872
DS3-established,G03,519,455.0,454.5,455.5,455.0,0.23952649533748627,0.18103738129138947
DS3-established,G03,520,455.5,455.0,456.0,455.5,0.26817965507507324,0.1908176690340042
DS3-established,G03,521,456.0,455.5,456.5,456.0,0.33066436648368835,0.2513735592365265
DS3-established,G03,522,456.5,456.0,457.0,456.5,0.29965072870254517,0.216359943151474
DS3-established,G03,523,457.0,456.5,457.5,457.0,0.27591797709465027,0.2079368382692337
DS3-established,G03,524,457.5,457.0,458.0,457.5,0.2581339478492737,0.20451538264751434
DS3-established,G06,12,201.5,201.0,202.0,201.5,3.455773115158081,3.1716456413269043
DS3-established,G06,13,202.0,201.5,202.5,202.0,2.7838025093078613,2.4722681045532227
DS3-established,G06,14,202.5,202.0,203.0,202.5,2.1476645469665527,1.7446022033691406
DS3-established,G06,15,203.0,202.5,203.5,203.0,1.8247909545898438,1.530637502670288
DS3-established,G06,16,203.5,203.0,204.0,203.5,1.548932671546936,1.337009072303772
DS3-established,G06,17,204.0,203.5,204.5,204.0,1.3918683528900146,1.2014280557632446
DS3-established,G06,18,204.5,204.0,205.0,204.5,1.4113848209381104,1.1976903676986694
DS3-established,G06,19,205.0,204.5,205.5,205.0,1.4113187789916992,1.125052571296692
DS3-established,G06,20,205.5,205.0,206.0,205.5,1.3428481817245483,1.030861496925354
DS3-established,G06,21,206.0,205.5,206.5,206.0,1.3246159553527832,0.9930216670036316
DS3-established,G06,22,206.5,206.0,207.0,206.5,1.3417903184890747,0.9951747059822083
DS3-established,G06,23,207.0,206.5,207.5,207.0,1.377811074256897,1.0191974639892578
DS3-established,G06,24,207.5,207.0,208.0,207.5,1.3958169221878052,1.0491498708724976
DS3-established,G06,25,208.0,207.5,208.5,208.0,1.2517049312591553,0.9449620842933655
DS3-established,G06,26,208.5,208.0,209.0,208.5,1.204362392425537,0.9260283708572388
DS3-established,G06,27,209.0,208.5,209.5,209.0,1.0126477479934692,0.7929011583328247
DS3-established,G06,28,209.5,209.0,210.0,209.5,0.7549493908882141,0.6032619476318359
DS3-established,G06,29,210.0,209.5,210.5,210.0,0.6712520718574524,0.5036020278930664
DS3-established,G06,30,210.5,210.0,211.0,210.5,0.5360191464424133,0.4147850275039673
DS3-established,G06,31,211.0,210.5,211.5,211.0,0.47691473364830017,0.351042240858078
DS3-established,G06,32,211.5,211.0,212.0,211.5,0.36458444595336914,0.27908456325531006
DS3-established,G06,33,212.0,211.5,212.5,212.0,0.3704606294631958,0.2804274559020996
DS3-established,G06,34,212.5,212.0,213.0,212.5,0.4624873399734497,0.34984472393989563
DS3-established,G06,35,213.0,212.5,213.5,213.0,0.4619487524032593,0.36172255873680115
DS3-established,G06,36,213.5,213.0,214.0,213.5,0.4675363600254059,0.37402868270874023
DS3-established,G06,37,214.0,213.5,214.5,214.0,0.3790765702724457,0.304738312959671
DS3-established,G06,38,214.5,214.0,215.0,214.5,0.3686114251613617,0.28778642416000366
DS3-established,G06,39,215.0,214.5,215.5,215.0,0.4281603991985321,0.33571869134902954
DS3-established,G06,40,215.5,215.0,216.0,215.5,0.8849219083786011,0.7252063751220703
DS3-established,G06,41,216.0,215.5,216.5,216.0,1.3641740083694458,1.2238205671310425
DS3-established,G06,42,216.5,216.0,217.0,216.5,1.6684273481369019,1.5171372890472412
DS3-established,G06,43,217.0,216.5,217.5,217.0,2.4009392261505127,2.2230966091156006
DS3-established,G06,44,217.5,217.0,218.0,217.5,3.409101724624634,3.1847660541534424
DS3-established,G06,45,218.0,217.5,218.5,218.0,3.966968059539795,3.71112060546875
DS3-established,G06,46,218.5,218.0,219.0,218.5,4.113799571990967,3.8398141860961914
DS3-established,G06,47,219.0,218.5,219.5,219.0,4.179642677307129,3.8904621601104736
DS3-established,G06,48,219.5,219.0,220.0,219.5,4.02984619140625,3.7395355701446533
DS3-established,G06,49,220.0,219.5,220.5,220.0,3.9191200733184814,3.63497257232666
DS3-established,G06,50,220.5,220.0,221.0,220.5,3.8871569633483887,3.5864410400390625
DS3-established,G06,51,221.0,220.5,221.5,221.0,3.8418266773223877,3.5099375247955322
DS3-established,G06,52,221.5,221.0,222.0,221.5,3.7653872966766357,3.45660662651062
DS3-established,G06,53,222.0,221.5,222.5,222.0,3.7686641216278076,3.460658550262451
DS3-established,G06,54,222.5,222.0,223.0,222.5,3.7266414165496826,3.408853769302368
DS3-established,G06,55,223.0,222.5,223.5,223.0,3.672334671020508,3.357828378677368
DS3-established,G06,56,223.5,223.0,224.0,223.5,3.8482940196990967,3.515699625015259
DS3-established,G06,57,224.0,223.5,224.5,224.0,3.9633543491363525,3.61037015914917
DS3-established,G06,58,224.5,224.0,225.0,224.5,3.9620301723480225,3.6006672382354736
DS3-established,G06,59,225.0,224.5,225.5,225.0,3.9407756328582764,3.595363140106201
DS3-established,G06,60,225.5,225.0,226.0,225.5,4.108336925506592,3.762176513671875
DS3-established,G06,61,226.0,225.5,226.5,226.0,4.398723602294922,4.021817684173584
DS3-established,G06,62,226.5,226.0,227.0,226.5,4.396867275238037,4.0253376960754395
DS3-established,G06,63,227.0,226.5,227.5,227.0,4.409334659576416,4.061551570892334
DS3-established,G06,64,227.5,227.0,228.0,227.5,4.483910083770752,4.146690368652344
DS3-established,G06,65,228.0,227.5,228.5,228.0,4.475165843963623,4.147964000701904
DS3-established,G06,66,228.5,228.0,229.0,228.5,4.509451389312744,4.187705039978027
DS3-established,G06,67,229.0,228.5,229.5,229.0,4.543269157409668,4.219659328460693
DS3-established,G06,68,229.5,229.0,230.0,229.5,4.442719459533691,4.136055946350098
DS3-established,G06,69,230.0,229.5,230.5,230.0,4.431971549987793,4.151785373687744
DS3-established,G06,70,230.5,230.0,231.0,230.5,4.434361934661865,4.164090633392334
DS3-established,G06,71,231.0,230.5,231.5,231.0,4.308908939361572,4.050690650939941
DS3-established,G06,72,231.5,231.0,232.0,231.5,4.326722145080566,4.073324680328369
DS3-established,G06,73,232.0,231.5,232.5,232.0,4.080316066741943,3.84607195854187
DS3-established,G06,74,232.5,232.0,233.0,232.5,3.327627182006836,3.1390795707702637
DS3-established,G06,75,233.0,232.5,233.5,233.0,2.498755931854248,2.352437734603882
DS3-established,G06,76,233.5,233.0,234.0,233.5,1.9663528203964233,1.84041428565979
DS3-established,G06,77,234.0,233.5,234.5,234.0,1.3046250343322754,1.2017344236373901
DS3-established,G06,78,234.5,234.0,235.0,234.5,0.8991292715072632,0.7834070920944214
DS3-established,G06,79,235.0,234.5,235.5,235.0,0.6863486766815186,0.5928979516029358
DS3-established,G06,80,235.5,235.0,236.0,235.5,0.5023865699768066,0.42366087436676025
DS3-established,G06,81,236.0,235.5,236.5,236.0,0.37441006302833557,0.29434409737586975
DS3-established,G06,82,236.5,236.0,237.0,236.5,0.32059013843536377,0.26564687490463257
DS3-established,G06,83,237.0,236.5,237.5,237.0,0.31456226110458374,0.2628841698169708
DS3-established,G06,84,237.5,237.0,238.0,237.5,0.3476817309856415,0.28010743856430054
DS3-established,G06,85,238.0,237.5,238.5,238.0,0.380342036485672,0.2833693325519562
DS3-established,G06,86,238.5,238.0,239.0,238.5,0.4352567493915558,0.32935577630996704
DS3-established,G06,87,239.0,238.5,239.5,239.0,0.41639044880867004,0.312378466129303
DS3-established,G06,88,239.5,239.0,240.0,239.5,0.4376799166202545,0.32908549904823303
DS3-established,G06,89,240.0,239.5,240.5,240.0,0.4551847577095032,0.3520607352256775
DS3-established,G06,90,240.5,240.0,241.0,240.5,0.4525487422943115,0.36206674575805664
DS3-established,G06,91,241.0,240.5,241.5,241.0,0.4848708510398865,0.3909761607646942
DS3-established,G06,92,241.5,241.0,242.0,241.5,0.4737042486667633,0.3764139413833618
DS3-established,G06,93,242.0,241.5,242.5,242.0,0.40080299973487854,0.3337767720222473
DS3-established,G06,94,242.5,242.0,243.0,242.5,0.40613853931427,0.3376370668411255
DS3-established,G06,95,243.0,242.5,243.5,243.0,0.46967843174934387,0.37730374932289124
DS3-established,G06,96,243.5,243.0,244.0,243.5,0.3954726755619049,0.3123193681240082
DS3-established,G06,97,244.0,243.5,244.5,244.0,0.37162405252456665,0.29734018445014954
DS3-established,G06,98,244.5,244.0,245.0,244.5,0.42043086886405945,0.33711615204811096
DS3-established,G06,99,245.0,244.5,245.5,245.0,0.4190911054611206,0.3232485353946686
DS3-established,G06,100,245.5,245.0,246.0,245.5,0.39605745673179626,0.308650940656662
DS3-established,G06,101,246.0,245.5,246.5,246.0,0.3840125501155853,0.3043918013572693
DS3-established,G06,102,246.5,246.0,247.0,246.5,0.45025306940078735,0.34211352467536926
DS3-established,G06,103,247.0,246.5,247.5,247.0,0.3541437089443207,0.27961239218711853
DS3-established,G06,104,247.5,247.0,248.0,247.5,0.3116143047809601,0.24661333858966827
DS3-established,G06,105,248.0,247.5,248.5,248.0,0.3498588502407074,0.23355136811733246
DS3-established,G06,106,248.5,248.0,249.0,248.5,0.2852156162261963,0.207525834441185
DS3-established,G06,107,249.0,248.5,249.5,249.0,0.24118132889270782,0.17842112481594086
DS3-established,G06,108,249.5,249.0,250.0,249.5,0.24345092475414276,0.1638975441455841
DS3-established,G06,109,250.0,249.5,250.5,250.0,0.27603679895401,0.2181754857301712
DS3-established,G06,110,250.5,250.0,251.0,250.5,0.29326024651527405,0.21864189207553864
DS3-established,G06,111,251.0,250.5,251.5,251.0,0.37061747908592224,0.3002907335758209
DS3-established,G06,112,251.5,251.0,252.0,251.5,0.2732027769088745,0.20915251970291138
DS3-established,G06,113,252.0,251.5,252.5,252.0,0.21700946986675262,0.18071973323822021
DS3-established,G06,114,252.5,252.0,253.0,252.5,0.22478438913822174,0.16904374957084656
DS3-established,G06,115,253.0,252.5,253.5,253.0,0.24767836928367615,0.1820726990699768
DS3-established,G06,116,253.5,253.0,254.0,253.5,0.24966347217559814,0.18410545587539673
DS3-established,G06,117,254.0,253.5,254.5,254.0,0.3162190616130829,0.2248562127351761
DS3-established,G06,118,254.5,254.0,255.0,254.5,0.3234096169471741,0.24992376565933228
DS3-established,G06,119,255.0,254.5,255.5,255.0,0.21788664162158966,0.16103442013263702
DS3-established,G06,120,255.5,255.0,256.0,255.5,0.21234604716300964,0.16160281002521515
DS3-established,G06,121,256.0,255.5,256.5,256.0,0.2752574682235718,0.21413066983222961
DS3-established,G06,122,256.5,256.0,257.0,256.5,0.29660066962242126,0.2339767962694168
DS3-established,G06,123,257.0,256.5,257.5,257.0,0.29099592566490173,0.20267561078071594
DS3-established,G06,124,257.5,257.0,258.0,257.5,0.2303706705570221,0.1565598100423813
DS3-established,G06,125,258.0,257.5,258.5,258.0,0.2757224142551422,0.22992631793022156
DS3-established,G06,126,258.5,258.0,259.0,258.5,0.29986485838890076,0.25404325127601624
DS3-established,G06,127,259.0,258.5,259.5,259.0,0.25638923048973083,0.1849956214427948
DS3-established,G06,128,259.5,259.0,260.0,259.5,0.2508983910083771,0.1818293035030365
DS3-established,G06,129,260.0,259.5,260.5,260.0,0.23126962780952454,0.18127942085266113
DS3-established,G06,130,260.5,260.0,261.0,260.5,0.18341758847236633,0.12415461987257004
DS3-established,G06,131,261.0,260.5,261.5,261.0,0.1870279759168625,0.1431979387998581
DS3-established,G06,132,261.5,261.0,262.0,261.5,0.25523290038108826,0.18602998554706573
DS3-established,G06,133,262.0,261.5,262.5,262.0,0.2969886064529419,0.21630415320396423
DS3-established,G06,134,262.5,262.0,263.0,262.5,0.25321775674819946,0.18586312234401703
DS3-established,G06,135,263.0,262.5,263.5,263.0,0.21196529269218445,0.15839511156082153
DS3-established,G06,136,263.5,263.0,264.0,263.5,0.22752758860588074,0.15257586538791656
DS3-established,G06,137,264.0,263.5,264.5,264.0,0.255266934633255,0.20742866396903992
DS3-established,G06,138,264.5,264.0,265.0,264.5,0.27264824509620667,0.2071773260831833
DS3-established,G06,139,265.0,264.5,265.5,265.0,0.22964562475681305,0.1621488481760025
DS3-established,G06,140,265.5,265.0,266.0,265.5,0.33362412452697754,0.24091550707817078
DS3-established,G06,141,266.0,265.5,266.5,266.0,0.34817779064178467,0.2591440677642822
DS3-established,G06,142,266.5,266.0,267.0,266.5,0.20853565633296967,0.16557008028030396
DS3-established,G06,143,267.0,266.5,267.5,267.0,0.23276899755001068,0.17808771133422852
DS3-established,G06,144,267.5,267.0,268.0,267.5,0.3159449100494385,0.22530943155288696
DS3-established,G06,145,268.0,267.5,268.5,268.0,0.26760268211364746,0.19786770641803741
DS3-established,G06,146,268.5,268.0,269.0,268.5,0.23464080691337585,0.16956527531147003
DS3-established,G06,147,269.0,268.5,269.5,269.0,0.22651924192905426,0.16646917164325714
DS3-established,G06,148,269.5,269.0,270.0,269.5,0.3485187590122223,0.28644028306007385
DS3-established,G06,149,270.0,269.5,270.5,270.0,0.2803955376148224,0.2226399928331375
DS3-established,G06,150,270.5,270.0,271.0,270.5,0.22073045372962952,0.16356195509433746
DS3-established,G06,151,271.0,270.5,271.5,271.0,0.2755804657936096,0.17784442007541656
DS3-established,G06,152,271.5,271.0,272.0,271.5,0.23622073233127594,0.178122416138649
DS3-established,G06,153,272.0,271.5,272.5,272.0,0.22736035287380219,0.15393799543380737
DS3-established,G06,154,272.5,272.0,273.0,272.5,0.3170431852340698,0.24776236712932587
DS3-established,G06,155,273.0,272.5,273.5,273.0,0.30787530541419983,0.22758939862251282
DS3-established,G06,156,273.5,273.0,274.0,273.5,0.2723013758659363,0.1814713478088379
DS3-established,G06,157,274.0,273.5,274.5,274.0,0.30308955907821655,0.1778116524219513
DS3-established,G06,158,274.5,274.0,275.0,274.5,0.30455824732780457,0.2358195036649704
DS3-established,G06,159,275.0,274.5,275.5,275.0,0.2793022692203522,0.21967686712741852
DS3-established,G06,160,275.5,275.0,276.0,275.5,0.2750823199748993,0.20013859868049622
DS3-established,G06,161,276.0,275.5,276.5,276.0,0.28744348883628845,0.21625186502933502
DS3-established,G06,162,276.5,276.0,277.0,276.5,0.3521076440811157,0.2643531858921051
DS3-established,G06,163,277.0,276.5,277.5,277.0,0.35270312428474426,0.27731800079345703
DS3-established,G06,164,277.5,277.0,278.0,277.5,0.2686089277267456,0.18964222073554993
DS3-established,G06,165,278.0,277.5,278.5,278.0,0.2750954329967499,0.1965617686510086
DS3-established,G06,166,278.5,278.0,279.0,278.5,0.2969360649585724,0.1880725920200348
DS3-established,G06,167,279.0,278.5,279.5,279.0,0.2770672142505646,0.21631139516830444
DS3-established,G06,168,279.5,279.0,280.0,279.5,0.2838928997516632,0.2180151790380478
DS3-established,G06,169,280.0,279.5,280.5,280.0,0.2820001542568207,0.20347248017787933
DS3-established,G06,170,280.5,280.0,281.0,280.5,0.2900196313858032,0.1945229321718216
DS3-established,G06,171,281.0,280.5,281.5,281.0,0.3492763340473175,0.268180787563324
DS3-established,G06,172,281.5,281.0,282.0,281.5,0.4433242082595825,0.3607805073261261
DS3-established,G06,173,282.0,281.5,282.5,282.0,0.35702553391456604,0.27592435479164124
DS3-established,G06,174,282.5,282.0,283.0,282.5,0.262283593416214,0.20203763246536255
DS3-established,G06,175,283.0,282.5,283.5,283.0,0.32512930035591125,0.2552546560764313
DS3-established,G06,176,283.5,283.0,284.0,283.5,0.28779327869415283,0.21562406420707703
DS3-established,G06,177,284.0,283.5,284.5,284.0,0.2411942183971405,0.17469532787799835
DS3-established,G06,178,284.5,284.0,285.0,284.5,0.3006610870361328,0.21275359392166138
DS3-established,G06,179,285.0,284.5,285.5,285.0,0.3157113492488861,0.22672145068645477
DS3-established,G06,180,285.5,285.0,286.0,285.5,0.23477482795715332,0.16798435151576996
DS3-established,G06,181,286.0,285.5,286.5,286.0,0.2282795011997223,0.17131944000720978
DS3-established,G06,182,286.5,286.0,287.0,286.5,0.2667234539985657,0.19608837366104126
DS3-established,G06,183,287.0,286.5,287.5,287.0,0.2148696929216385,0.17371614277362823
DS3-established,G06,184,287.5,287.0,288.0,287.5,0.23270781338214874,0.15158388018608093
DS3-established,G06,185,288.0,287.5,288.5,288.0,0.19464364647865295,0.15677478909492493
DS3-established,G06,186,288.5,288.0,289.0,288.5,0.31338006258010864,0.22401264309883118
DS3-established,G06,187,289.0,288.5,289.5,289.0,0.3368318974971771,0.2220047116279602
DS3-established,G06,188,289.5,289.0,290.0,289.5,0.3006916642189026,0.20437589287757874
DS3-established,G06,189,290.0,289.5,290.5,290.0,0.382484495639801,0.28189709782600403
DS3-established,G06,190,290.5,290.0,291.0,290.5,0.31583335995674133,0.22438716888427734
DS3-established,G06,191,291.0,290.5,291.5,291.0,0.2948841452598572,0.206527441740036
DS3-established,G06,192,291.5,291.0,292.0,291.5,0.3205614686012268,0.23143574595451355
DS3-established,G06,193,292.0,291.5,292.5,292.0,0.29160770773887634,0.2193448692560196
DS3-established,G06,194,292.5,292.0,293.0,292.5,0.27165913581848145,0.20646041631698608
DS3-established,G06,195,293.0,292.5,293.5,293.0,0.32236143946647644,0.2542335093021393
DS3-established,G06,196,293.5,293.0,294.0,293.5,0.3698577880859375,0.24950334429740906
DS3-established,G06,197,294.0,293.5,294.5,294.0,0.3384930193424225,0.2466251403093338
DS3-established,G06,198,294.5,294.0,295.0,294.5,0.41579750180244446,0.3238315284252167
DS3-established,G06,199,295.0,294.5,295.5,295.0,0.38405734300613403,0.28511086106300354
DS3-established,G06,200,295.5,295.0,296.0,295.5,0.3167320787906647,0.21570919454097748
DS3-established,G06,201,296.0,295.5,296.5,296.0,0.28183072805404663,0.18839463591575623
DS3-established,G06,202,296.5,296.0,297.0,296.5,0.253063440322876,0.1853368729352951
DS3-established,G06,203,297.0,296.5,297.5,297.0,0.3063412606716156,0.20956236124038696
DS3-established,G06,204,297.5,297.0,298.0,297.5,0.34955260157585144,0.28134554624557495
DS3-established,G06,205,298.0,297.5,298.5,298.0,0.3388793170452118,0.24615658819675446
DS3-established,G06,206,298.5,298.0,299.0,298.5,0.34083741903305054,0.24702188372612
DS3-established,G06,207,299.0,298.5,299.5,299.0,0.3031414747238159,0.2204073816537857
DS3-established,G06,208,299.5,299.0,300.0,299.5,0.3135457932949066,0.22582070529460907
DS3-established,G06,209,300.0,299.5,300.5,300.0,0.3279878795146942,0.24372383952140808
DS3-established,G06,210,300.5,300.0,301.0,300.5,0.3122849464416504,0.22609134018421173
DS3-established,G06,211,301.0,300.5,301.5,301.0,0.33930808305740356,0.24808955192565918
DS3-established,G06,212,301.5,301.0,302.0,301.5,0.30864769220352173,0.22014261782169342
DS3-established,G06,213,302.0,301.5,302.5,302.0,0.27676841616630554,0.21176300942897797
DS3-established,G06,214,302.5,302.0,303.0,302.5,0.30320683121681213,0.1928016096353531
DS3-established,G06,215,303.0,302.5,303.5,303.0,0.2554704546928406,0.18701766431331635
DS3-established,G06,216,303.5,303.0,304.0,303.5,0.28062868118286133,0.20750443637371063
DS3-established,G06,217,304.0,303.5,304.5,304.0,0.2281038463115692,0.1734582632780075
DS3-established,G06,218,304.5,304.0,305.0,304.5,0.20234985649585724,0.15255795419216156
DS3-established,G06,219,305.0,304.5,305.5,305.0,0.3234218955039978,0.21017342805862427
DS3-established,G06,220,305.5,305.0,306.0,305.5,0.3432445824146271,0.2555890381336212
DS3-established,G06,221,306.0,305.5,306.5,306.0,0.30186572670936584,0.21956869959831238
DS3-established,G06,222,306.5,306.0,307.0,306.5,0.2982472777366638,0.24310864508152008
DS3-established,G06,223,307.0,306.5,307.5,307.0,0.31021031737327576,0.23057375848293304
DS3-established,G06,224,307.5,307.0,308.0,307.5,0.2976638078689575,0.2207513004541397
DS3-established,G06,225,308.0,307.5,308.5,308.0,0.254029780626297,0.18014311790466309
DS3-established,G06,226,308.5,308.0,309.0,308.5,0.296078085899353,0.2166355699300766
DS3-established,G06,227,309.0,308.5,309.5,309.0,0.3276419937610626,0.2400568127632141
DS3-established,G06,228,309.5,309.0,310.0,309.5,0.37724849581718445,0.283714234828949
DS3-established,G06,229,310.0,309.5,310.5,310.0,0.2804614305496216,0.19760243594646454
DS3-established,G06,230,310.5,310.0,311.0,310.5,0.2552022337913513,0.18848472833633423
DS3-established,G06,231,311.0,310.5,311.5,311.0,0.36331406235694885,0.29600420594215393
DS3-established,G06,232,311.5,311.0,312.0,311.5,0.334839791059494,0.25252673029899597
DS3-established,G06,233,312.0,311.5,312.5,312.0,0.3506138324737549,0.2520183026790619
DS3-established,G06,234,312.5,312.0,313.0,312.5,0.37942036986351013,0.2636537253856659
DS3-established,G06,235,313.0,312.5,313.5,313.0,0.28755688667297363,0.22142428159713745
DS3-established,G06,236,313.5,313.0,314.0,313.5,0.19050781428813934,0.14356906712055206
DS3-established,G06,237,314.0,313.5,314.5,314.0,0.18530488014221191,0.13729850947856903
DS3-established,G06,238,314.5,314.0,315.0,314.5,0.23963609337806702,0.1852918416261673
DS3-established,G06,239,315.0,314.5,315.5,315.0,0.26147815585136414,0.18349045515060425
DS3-established,G06,240,315.5,315.0,316.0,315.5,0.2983940839767456,0.19862808287143707
DS3-established,G06,241,316.0,315.5,316.5,316.0,0.33303067088127136,0.22954273223876953
DS3-established,G06,242,316.5,316.0,317.0,316.5,0.33255186676979065,0.22196651995182037
DS3-established,G06,243,317.0,316.5,317.5,317.0,0.2753058075904846,0.19921042025089264
DS3-established,G06,244,317.5,317.0,318.0,317.5,0.23292890191078186,0.17764663696289062
DS3-established,G06,245,318.0,317.5,318.5,318.0,0.3480733633041382,0.24717529118061066
DS3-established,G06,246,318.5,318.0,319.0,318.5,0.3243353068828583,0.2220207154750824
DS3-established,G06,247,319.0,318.5,319.5,319.0,0.297842800617218,0.20590467751026154
DS3-established,G06,248,319.5,319.0,320.0,319.5,0.32628095149993896,0.23127545416355133
DS3-established,G06,249,320.0,319.5,320.5,320.0,0.35874632000923157,0.2547672688961029
DS3-established,G06,250,320.5,320.0,321.0,320.5,0.3413293659687042,0.2443004697561264
DS3-established,G06,251,321.0,320.5,321.5,321.0,0.3095422685146332,0.2268553376197815
DS3-established,G06,252,321.5,321.0,322.0,321.5,0.2964761257171631,0.20937149226665497
DS3-established,G06,253,322.0,321.5,322.5,322.0,0.25862249732017517,0.1741674244403839
DS3-established,G06,254,322.5,322.0,323.0,322.5,0.31161946058273315,0.21535015106201172
DS3-established,G06,255,323.0,322.5,323.5,323.0,0.32193323969841003,0.21619068086147308
DS3-established,G06,256,323.5,323.0,324.0,323.5,0.3053020238876343,0.23055090010166168
DS3-established,G06,257,324.0,323.5,324.5,324.0,0.30252793431282043,0.21435008943080902
DS3-established,G06,258,324.5,324.0,325.0,324.5,0.32909220457077026,0.22910791635513306
DS3-established,G06,259,325.0,324.5,325.5,325.0,0.36946651339530945,0.28857719898223877
DS3-established,G06,260,325.5,325.0,326.0,325.5,0.36199259757995605,0.28478288650512695
DS3-established,G06,261,326.0,325.5,326.5,326.0,0.24101148545742035,0.17437784373760223
DS3-established,G06,262,326.5,326.0,327.0,326.5,0.2810302972793579,0.23375993967056274
DS3-established,G06,263,327.0,326.5,327.5,327.0,0.3077509105205536,0.21309638023376465
DS3-established,G06,264,327.5,327.0,328.0,327.5,0.33627593517303467,0.2674470543861389
DS3-established,G06,265,328.0,327.5,328.5,328.0,0.30627480149269104,0.22035576403141022
DS3-established,G06,266,328.5,328.0,329.0,328.5,0.32704538106918335,0.23552516102790833
DS3-established,G06,267,329.0,328.5,329.5,329.0,0.3579641878604889,0.2852001190185547
DS3-established,G06,268,329.5,329.0,330.0,329.5,0.30058324337005615,0.21709807217121124
DS3-established,G06,269,330.0,329.5,330.5,330.0,0.3235512971878052,0.20864051580429077
DS3-established,G06,270,330.5,330.0,331.0,330.5,0.2880972623825073,0.21251119673252106
DS3-established,G06,271,331.0,330.5,331.5,331.0,0.2513076663017273,0.19284968078136444
DS3-established,G06,272,331.5,331.0,332.0,331.5,0.2973662316799164,0.2209172397851944
DS3-established,G06,273,332.0,331.5,332.5,332.0,0.32163262367248535,0.22248919308185577
DS3-established,G06,274,332.5,332.0,333.0,332.5,0.2642790377140045,0.18416859209537506
DS3-established,G06,275,333.0,332.5,333.5,333.0,0.3251752555370331,0.2228619009256363
DS3-established,G06,276,333.5,333.0,334.0,333.5,0.3221876621246338,0.2102636843919754
DS3-established,G06,277,334.0,333.5,334.5,334.0,0.29610463976860046,0.21620289981365204
DS3-established,G06,278,334.5,334.0,335.0,334.5,0.4103493392467499,0.2966686487197876
DS3-established,G06,279,335.0,334.5,335.5,335.0,0.3698658049106598,0.26602238416671753
DS3-established,G06,280,335.5,335.0,336.0,335.5,0.31757083535194397,0.18930745124816895
DS3-established,G06,281,336.0,335.5,336.5,336.0,0.34577634930610657,0.2362876981496811
DS3-established,G06,282,336.5,336.0,337.0,336.5,0.31415218114852905,0.2334459125995636
DS3-established,G06,283,337.0,336.5,337.5,337.0,0.3030069172382355,0.22418811917304993
DS3-established,G06,284,337.5,337.0,338.0,337.5,0.3173723816871643,0.2433546930551529
DS3-established,G06,285,338.0,337.5,338.5,338.0,0.30140164494514465,0.22653450071811676
DS3-established,G06,286,338.5,338.0,339.0,338.5,0.32631728053092957,0.24605992436408997
DS3-established,G06,287,339.0,338.5,339.5,339.0,0.29001158475875854,0.2165694236755371
DS3-established,G06,288,339.5,339.0,340.0,339.5,0.260760098695755,0.20209939777851105
DS3-established,G06,289,340.0,339.5,340.5,340.0,0.30437397956848145,0.24462172389030457
DS3-established,G06,290,340.5,340.0,341.0,340.5,0.2973722815513611,0.2046385109424591
DS3-established,G06,291,341.0,340.5,341.5,341.0,0.38139376044273376,0.263581782579422
DS3-established,G06,292,341.5,341.0,342.0,341.5,0.30941396951675415,0.24298493564128876
DS3-established,G06,293,342.0,341.5,342.5,342.0,0.20072335004806519,0.17445474863052368
DS3-established,G06,294,342.5,342.0,343.0,342.5,0.2644674777984619,0.18364426493644714
DS3-established,G06,295,343.0,342.5,343.5,343.0,0.27691781520843506,0.19335415959358215
DS3-established,G06,296,343.5,343.0,344.0,343.5,0.3254842758178711,0.2631629407405853
DS3-established,G06,297,344.0,343.5,344.5,344.0,0.3578396141529083,0.28737226128578186
DS3-established,G06,298,344.5,344.0,345.0,344.5,0.2690150737762451,0.19724300503730774
DS3-established,G06,299,345.0,344.5,345.5,345.0,0.23798929154872894,0.1754218190908432
DS3-established,G06,300,345.5,345.0,346.0,345.5,0.22161222994327545,0.16589783132076263
DS3-established,G06,301,346.0,345.5,346.5,346.0,0.302106648683548,0.19464810192584991
DS3-established,G06,302,346.5,346.0,347.0,346.5,0.3727151155471802,0.29230251908302307
DS3-established,G06,303,347.0,346.5,347.5,347.0,0.3245917856693268,0.23877228796482086
DS3-established,G06,304,347.5,347.0,348.0,347.5,0.2815415561199188,0.1958165168762207
DS3-established,G06,305,348.0,347.5,348.5,348.0,0.284080445766449,0.2326897531747818
DS3-established,G06,306,348.5,348.0,349.0,348.5,0.3214949667453766,0.2506447434425354
DS3-established,G06,307,349.0,348.5,349.5,349.0,0.28767240047454834,0.19803690910339355
DS3-established,G06,308,349.5,349.0,350.0,349.5,0.3064819872379303,0.2142842411994934
DS3-established,G06,309,350.0,349.5,350.5,350.0,0.3174676299095154,0.22448083758354187
DS3-established,G06,310,350.5,350.0,351.0,350.5,0.274497389793396,0.21805880963802338
DS3-established,G06,311,351.0,350.5,351.5,351.0,0.2455464005470276,0.19672270119190216
DS3-established,G06,312,351.5,351.0,352.0,351.5,0.27638453245162964,0.19948267936706543
DS3-established,G06,313,352.0,351.5,352.5,352.0,0.24194850027561188,0.17100265622138977
DS3-established,G06,314,352.5,352.0,353.0,352.5,0.2949430048465729,0.19697467982769012
DS3-established,G06,315,353.0,352.5,353.5,353.0,0.3680504560470581,0.2447885423898697
DS3-established,G06,316,353.5,353.0,354.0,353.5,0.30537110567092896,0.1961563229560852
DS3-established,G06,317,354.0,353.5,354.5,354.0,0.25184810161590576,0.1803772747516632
DS3-established,G06,318,354.5,354.0,355.0,354.5,0.2961706817150116,0.22752100229263306
DS3-established,G06,319,355.0,354.5,355.5,355.0,0.30260494351387024,0.20998410880565643
DS3-established,G06,320,355.5,355.0,356.0,355.5,0.27765876054763794,0.2035553753376007
DS3-established,G06,321,356.0,355.5,356.5,356.0,0.3365347385406494,0.22906313836574554
DS3-established,G06,322,356.5,356.0,357.0,356.5,0.3036702275276184,0.21184034645557404
DS3-established,G06,323,357.0,356.5,357.5,357.0,0.2784324288368225,0.21074408292770386
DS3-established,G06,324,357.5,357.0,358.0,357.5,0.27346110343933105,0.20553751289844513
DS3-established,G06,325,358.0,357.5,358.5,358.0,0.3210921585559845,0.2547238767147064
DS3-established,G06,326,358.5,358.0,359.0,358.5,0.2879096269607544,0.22012680768966675
DS3-established,G06,327,359.0,358.5,359.5,359.0,0.2726993262767792,0.2009797841310501
DS3-established,G06,328,359.5,359.0,360.0,359.5,0.31364962458610535,0.21935629844665527
DS3-established,G06,329,360.0,359.5,360.5,360.0,0.2934449017047882,0.2074289470911026
DS3-established,G06,330,360.5,360.0,361.0,360.5,0.3346341848373413,0.24817000329494476
DS3-established,G06,331,361.0,360.5,361.5,361.0,0.276091605424881,0.18961574137210846
DS3-established,G06,332,361.5,361.0,362.0,361.5,0.3236128091812134,0.2283598631620407
DS3-established,G06,333,362.0,361.5,362.5,362.0,0.36472341418266296,0.25053319334983826
DS3-established,G06,334,362.5,362.0,363.0,362.5,0.28288349509239197,0.20004768669605255
DS3-established,G06,335,363.0,362.5,363.5,363.0,0.27952831983566284,0.21719898283481598
DS3-established,G06,336,363.5,363.0,364.0,363.5,0.30932846665382385,0.21836301684379578
DS3-established,G06,337,364.0,363.5,364.5,364.0,0.30659016966819763,0.20907196402549744
DS3-established,G06,338,364.5,364.0,365.0,364.5,0.2935824394226074,0.19997119903564453
DS3-established,G06,339,365.0,364.5,365.5,365.0,0.2585739493370056,0.18461015820503235
DS3-established,G06,340,365.5,365.0,366.0,365.5,0.3274711072444916,0.2640629708766937
DS3-established,G06,341,366.0,365.5,366.5,366.0,0.3882875144481659,0.30539995431900024
DS3-established,G06,342,366.5,366.0,367.0,366.5,0.35320907831192017,0.2535145580768585
DS3-established,G06,343,367.0,366.5,367.5,367.0,0.2873096168041229,0.20511531829833984
DS3-established,G06,344,367.5,367.0,368.0,367.5,0.2778969407081604,0.20078256726264954
DS3-established,G06,345,368.0,367.5,368.5,368.0,0.3136368691921234,0.20655040442943573
DS3-established,G06,346,368.5,368.0,369.0,368.5,0.2719214856624603,0.21634425222873688
DS3-established,G06,347,369.0,368.5,369.5,369.0,0.24998648464679718,0.20490209758281708
DS3-established,G06,348,369.5,369.0,370.0,369.5,0.2986970543861389,0.21821019053459167
DS3-established,G06,349,370.0,369.5,370.5,370.0,0.29553720355033875,0.21859481930732727
DS3-established,G06,350,370.5,370.0,371.0,370.5,0.22786973416805267,0.16536211967468262
DS3-established,G06,351,371.0,370.5,371.5,371.0,0.27641093730926514,0.19078895449638367
DS3-established,G06,352,371.5,371.0,372.0,371.5,0.36464551091194153,0.24739037454128265
DS3-established,G06,353,372.0,371.5,372.5,372.0,0.358573317527771,0.24750958383083344
DS3-established,G06,354,372.5,372.0,373.0,372.5,0.3244214653968811,0.23535749316215515
DS3-established,G06,355,373.0,372.5,373.5,373.0,0.3244844675064087,0.25679007172584534
DS3-established,G06,356,373.5,373.0,374.0,373.5,0.24396513402462006,0.18603749573230743
DS3-established,G06,357,374.0,373.5,374.5,374.0,0.28747645020484924,0.20782360434532166
DS3-established,G06,358,374.5,374.0,375.0,374.5,0.34829533100128174,0.25593361258506775
DS3-established,G06,359,375.0,374.5,375.5,375.0,0.30345919728279114,0.21584200859069824
DS3-established,G06,360,375.5,375.0,376.0,375.5,0.3491837978363037,0.2475418597459793
DS3-established,G06,361,376.0,375.5,376.5,376.0,0.270717591047287,0.21017274260520935
DS3-established,G06,362,376.5,376.0,377.0,376.5,0.3065509498119354,0.20755279064178467
DS3-established,G06,363,377.0,376.5,377.5,377.0,0.3644578456878662,0.25523582100868225
DS3-established,G06,364,377.5,377.0,378.0,377.5,0.3169117867946625,0.23150092363357544
DS3-established,G06,365,378.0,377.5,378.5,378.0,0.363941490650177,0.2291059046983719
DS3-established,G06,366,378.5,378.0,379.0,378.5,0.3328430652618408,0.24720364809036255
DS3-established,G06,367,379.0,378.5,379.5,379.0,0.3029007613658905,0.24354709684848785
DS3-established,G06,368,379.5,379.0,380.0,379.5,0.26911288499832153,0.1895858645439148
DS3-established,G06,369,380.0,379.5,380.5,380.0,0.24249298870563507,0.19825205206871033
DS3-established,G06,370,380.5,380.0,381.0,380.5,0.2551192343235016,0.21281874179840088
DS3-established,G06,371,381.0,380.5,381.5,381.0,0.30340445041656494,0.19713418185710907
DS3-established,G06,372,381.5,381.0,382.0,381.5,0.3254595398902893,0.2344944030046463
DS3-established,G06,373,382.0,381.5,382.5,382.0,0.30616551637649536,0.24471606314182281
DS3-established,G06,374,382.5,382.0,383.0,382.5,0.24938277900218964,0.18850718438625336
DS3-established,G06,375,383.0,382.5,383.5,383.0,0.28364261984825134,0.23109722137451172
DS3-established,G06,376,383.5,383.0,384.0,383.5,0.3013412654399872,0.23931530117988586
DS3-established,G06,377,384.0,383.5,384.5,384.0,0.295724093914032,0.19833146035671234
DS3-established,G06,378,384.5,384.0,385.0,384.5,0.3010210394859314,0.22781722247600555
DS3-established,G06,379,385.0,384.5,385.5,385.0,0.22880129516124725,0.1717848777770996
DS3-established,G06,380,385.5,385.0,386.0,385.5,0.2660839557647705,0.17281481623649597
DS3-established,G06,381,386.0,385.5,386.5,386.0,0.32449719309806824,0.2323179841041565
DS3-established,G06,382,386.5,386.0,387.0,386.5,0.2738323509693146,0.18946576118469238
DS3-established,G06,383,387.0,386.5,387.5,387.0,0.2711930572986603,0.19180035591125488
DS3-established,G06,384,387.5,387.0,388.0,387.5,0.3044416010379791,0.22548596560955048
DS3-established,G06,385,388.0,387.5,388.5,388.0,0.3583061993122101,0.24476702511310577
DS3-established,G06,386,388.5,388.0,389.0,388.5,0.33794158697128296,0.24739165604114532
DS3-established,G06,387,389.0,388.5,389.5,389.0,0.27844172716140747,0.21747292578220367
DS3-established,G06,388,389.5,389.0,390.0,389.5,0.267484575510025,0.19301004707813263
DS3-established,G06,389,390.0,389.5,390.5,390.0,0.28028759360313416,0.1870052069425583
DS3-established,G06,390,390.5,390.0,391.0,390.5,0.3685288727283478,0.27902936935424805
DS3-established,G06,391,391.0,390.5,391.5,391.0,0.3676069676876068,0.2754526734352112
DS3-established,G06,392,391.5,391.0,392.0,391.5,0.2912802994251251,0.23137694597244263
DS3-established,G06,393,392.0,391.5,392.5,392.0,0.2601314187049866,0.20576021075248718
DS3-established,G06,394,392.5,392.0,393.0,392.5,0.2518409788608551,0.19708865880966187
DS3-established,G06,395,393.0,392.5,393.5,393.0,0.23858202993869781,0.17262853682041168
DS3-established,G06,396,393.5,393.0,394.0,393.5,0.276080846786499,0.20293517410755157
DS3-established,G06,397,394.0,393.5,394.5,394.0,0.3510362505912781,0.2463090717792511
DS3-established,G06,398,394.5,394.0,395.0,394.5,0.3381138741970062,0.2349286675453186
DS3-established,G06,399,395.0,394.5,395.5,395.0,0.33858388662338257,0.24490410089492798
DS3-established,G06,400,395.5,395.0,396.0,395.5,0.32985004782676697,0.21612602472305298
DS3-established,G06,401,396.0,395.5,396.5,396.0,0.2991734743118286,0.21016009151935577
DS3-established,G06,402,396.5,396.0,397.0,396.5,0.2670162320137024,0.18235959112644196
DS3-established,G06,403,397.0,396.5,397.5,397.0,0.25386151671409607,0.17536184191703796
DS3-established,G06,404,397.5,397.0,398.0,397.5,0.2623917758464813,0.17981253564357758
DS3-established,G06,405,398.0,397.5,398.5,398.0,0.24237169325351715,0.17558512091636658
DS3-established,G06,406,398.5,398.0,399.0,398.5,0.2702336013317108,0.19434915482997894
DS3-established,G06,407,399.0,398.5,399.5,399.0,0.27401235699653625,0.19248509407043457
DS3-established,G06,408,399.5,399.0,400.0,399.5,0.29189252853393555,0.21106567978858948
DS3-established,G06,409,400.0,399.5,400.5,400.0,0.3106759488582611,0.2060532122850418
DS3-established,G06,410,400.5,400.0,401.0,400.5,0.2814001739025116,0.19713428616523743
DS3-established,G06,411,401.0,400.5,401.5,401.0,0.2809934616088867,0.2072075754404068
DS3-established,G06,412,401.5,401.0,402.0,401.5,0.2836000919342041,0.22330260276794434
DS3-established,G06,413,402.0,401.5,402.5,402.0,0.2680293619632721,0.20895835757255554
DS3-established,G06,414,402.5,402.0,403.0,402.5,0.2883685231208801,0.20366181433200836
DS3-established,G06,415,403.0,402.5,403.5,403.0,0.30624255537986755,0.2189454287290573
DS3-established,G06,416,403.5,403.0,404.0,403.5,0.2758374810218811,0.20213855803012848
DS3-established,G06,417,404.0,403.5,404.5,404.0,0.33628448843955994,0.22988751530647278
DS3-established,G06,418,404.5,404.0,405.0,404.5,0.3367164433002472,0.23880839347839355
DS3-established,G06,419,405.0,404.5,405.5,405.0,0.23762856423854828,0.18723897635936737
DS3-established,G06,420,405.5,405.0,406.0,405.5,0.29446515440940857,0.23304444551467896
DS3-established,G06,421,406.0,405.5,406.5,406.0,0.3424759805202484,0.25042009353637695
DS3-established,G06,422,406.5,406.0,407.0,406.5,0.3678085505962372,0.26506462693214417
DS3-established,G06,423,407.0,406.5,407.5,407.0,0.3767770528793335,0.2572692930698395
DS3-established,G06,424,407.5,407.0,408.0,407.5,0.31459856033325195,0.21846747398376465
DS3-established,G06,425,408.0,407.5,408.5,408.0,0.2385294884443283,0.1718166023492813
DS3-established,G06,426,408.5,408.0,409.0,408.5,0.3315163850784302,0.23421083390712738
DS3-established,G06,427,409.0,408.5,409.5,409.0,0.3519282639026642,0.27135151624679565
DS3-established,G06,428,409.5,409.0,410.0,409.5,0.2960764765739441,0.21797417104244232
DS3-established,G06,429,410.0,409.5,410.5,410.0,0.2730383574962616,0.18144190311431885
DS3-established,G06,430,410.5,410.0,411.0,410.5,0.34557992219924927,0.26428091526031494
DS3-established,G06,431,411.0,410.5,411.5,411.0,0.35080623626708984,0.2716309130191803
DS3-established,G06,432,411.5,411.0,412.0,411.5,0.26227957010269165,0.1993759423494339
DS3-established,G06,433,412.0,411.5,412.5,412.0,0.226462259888649,0.1560879498720169
DS3-established,G06,434,412.5,412.0,413.0,412.5,0.2652839124202728,0.1942596435546875
DS3-established,G06,435,413.0,412.5,413.5,413.0,0.2677159309387207,0.19798393547534943
DS3-established,G06,436,413.5,413.0,414.0,413.5,0.3298031687736511,0.239535391330719
DS3-established,G06,437,414.0,413.5,414.5,414.0,0.3108295500278473,0.21644659340381622
DS3-established,G06,438,414.5,414.0,415.0,414.5,0.23958399891853333,0.1869940310716629
DS3-established,G06,439,415.0,414.5,415.5,415.0,0.28684237599372864,0.20599159598350525
DS3-established,G06,440,415.5,415.0,416.0,415.5,0.2993565797805786,0.22418144345283508
DS3-established,G06,441,416.0,415.5,416.5,416.0,0.24530117213726044,0.1669360250234604
DS3-established,G06,442,416.5,416.0,417.0,416.5,0.3033471703529358,0.22648875415325165
DS3-established,G06,443,417.0,416.5,417.5,417.0,0.33260855078697205,0.2685270309448242
DS3-established,G06,444,417.5,417.0,418.0,417.5,0.2806447148323059,0.20356447994709015
DS3-established,G06,445,418.0,417.5,418.5,418.0,0.3030197024345398,0.2132667750120163
DS3-established,G06,446,418.5,418.0,419.0,418.5,0.27922630310058594,0.20221418142318726
DS3-established,G06,447,419.0,418.5,419.5,419.0,0.2672167718410492,0.19096824526786804
DS3-established,G06,448,419.5,419.0,420.0,419.5,0.2732209265232086,0.2179763913154602
DS3-established,G06,449,420.0,419.5,420.5,420.0,0.2891872823238373,0.19107498228549957
DS3-established,G06,450,420.5,420.0,421.0,420.5,0.3562850058078766,0.22669702768325806
DS3-established,G06,451,421.0,420.5,421.5,421.0,0.287093847990036,0.22957944869995117
DS3-established,G06,452,421.5,421.0,422.0,421.5,0.30021440982818604,0.2145344763994217
DS3-established,G06,453,422.0,421.5,422.5,422.0,0.3388822078704834,0.24069510400295258
DS3-established,G06,454,422.5,422.0,423.0,422.5,0.2749982178211212,0.20933948457241058
DS3-established,G06,455,423.0,422.5,423.5,423.0,0.30454978346824646,0.2339988350868225
DS3-established,G06,456,423.5,423.0,424.0,423.5,0.3556162118911743,0.26591578125953674
DS3-established,G06,457,424.0,423.5,424.5,424.0,0.31624290347099304,0.23254680633544922
DS3-established,G06,458,424.5,424.0,425.0,424.5,0.34354451298713684,0.25369369983673096
DS3-established,G06,459,425.0,424.5,425.5,425.0,0.38447651267051697,0.2865896224975586
DS3-established,G06,460,425.5,425.0,426.0,425.5,0.3028707504272461,0.23564672470092773
DS3-established,G06,461,426.0,425.5,426.5,426.0,0.32187965512275696,0.2276776134967804
DS3-established,G06,462,426.5,426.0,427.0,426.5,0.3150859773159027,0.2216549515724182
DS3-established,G06,463,427.0,426.5,427.5,427.0,0.258516401052475,0.20394931733608246
DS3-established,G06,464,427.5,427.0,428.0,427.5,0.2956218123435974,0.18364596366882324
DS3-established,G06,465,428.0,427.5,428.5,428.0,0.278540700674057,0.20403510332107544
DS3-established,G06,466,428.5,428.0,429.0,428.5,0.31446415185928345,0.23068907856941223
DS3-established,G06,467,429.0,428.5,429.5,429.0,0.2743878662586212,0.19988931715488434
DS3-established,G06,468,429.5,429.0,430.0,429.5,0.2465244084596634,0.1892993003129959
DS3-established,G06,469,430.0,429.5,430.5,430.0,0.30422601103782654,0.2298453152179718
DS3-established,G06,470,430.5,430.0,431.0,430.5,0.29235827922821045,0.21244430541992188
DS3-established,G06,471,431.0,430.5,431.5,431.0,0.29317671060562134,0.22536277770996094
DS3-established,G06,472,431.5,431.0,432.0,431.5,0.23939105868339539,0.1788359433412552
DS3-established,G06,473,432.0,431.5,432.5,432.0,0.262259304523468,0.19252479076385498
DS3-established,G06,474,432.5,432.0,433.0,432.5,0.31464120745658875,0.20743022859096527
DS3-established,G06,475,433.0,432.5,433.5,433.0,0.30435383319854736,0.20984025299549103
DS3-established,G06,476,433.5,433.0,434.0,433.5,0.33706459403038025,0.2411671280860901
DS3-established,G06,477,434.0,433.5,434.5,434.0,0.2773542106151581,0.20142808556556702
DS3-established,G06,478,434.5,434.0,435.0,434.5,0.3455025553703308,0.2445969581604004
DS3-established,G06,479,435.0,434.5,435.5,435.0,0.330674946308136,0.23807793855667114
DS3-established,G06,480,435.5,435.0,436.0,435.5,0.24065271019935608,0.1827857494354248
DS3-established,G06,481,436.0,435.5,436.5,436.0,0.21864700317382812,0.15953005850315094
DS3-established,G06,482,436.5,436.0,437.0,436.5,0.2816730737686157,0.2012810856103897
DS3-established,G06,483,437.0,436.5,437.5,437.0,0.355354905128479,0.2678563892841339
DS3-established,G06,484,437.5,437.0,438.0,437.5,0.36052680015563965,0.27165111899375916
DS3-established,G06,485,438.0,437.5,438.5,438.0,0.4051649272441864,0.29277166724205017
DS3-established,G06,486,438.5,438.0,439.0,438.5,0.3545909523963928,0.27104249596595764
DS3-established,G06,487,439.0,438.5,439.5,439.0,0.39183300733566284,0.22751007974147797
DS3-established,G06,488,439.5,439.0,440.0,439.5,0.3559383749961853,0.25503888726234436
DS3-established,G06,489,440.0,439.5,440.5,440.0,0.31132951378822327,0.22244957089424133
DS3-established,G06,490,440.5,440.0,441.0,440.5,0.20287367701530457,0.15099366009235382
DS3-established,G06,491,441.0,440.5,441.5,441.0,0.21867439150810242,0.12723055481910706
DS3-established,G06,492,441.5,441.0,442.0,441.5,0.35751011967658997,0.24280275404453278
DS3-established,G06,493,442.0,441.5,442.5,442.0,0.39546850323677063,0.29162490367889404
DS3-established,G06,494,442.5,442.0,443.0,442.5,0.33981016278266907,0.23523998260498047
DS3-established,G06,495,443.0,442.5,443.5,443.0,0.24089759588241577,0.17680127918720245
DS3-established,G06,496,443.5,443.0,444.0,443.5,0.2992459237575531,0.2096262276172638
DS3-established,G06,497,444.0,443.5,444.5,444.0,0.4068278968334198,0.2561739981174469
DS3-established,G06,498,444.5,444.0,445.0,444.5,0.2818056046962738,0.2028246372938156
DS3-established,G06,499,445.0,444.5,445.5,445.0,0.2944599986076355,0.20066656172275543
DS3-established,G06,500,445.5,445.0,446.0,445.5,0.3207096755504608,0.22777621448040009
DS3-established,G06,501,446.0,445.5,446.5,446.0,0.3908354640007019,0.2867420017719269
DS3-established,G06,502,446.5,446.0,447.0,446.5,0.3820469379425049,0.27424150705337524
DS3-established,G06,503,447.0,446.5,447.5,447.0,0.3219151198863983,0.24538064002990723
DS3-established,G06,504,447.5,447.0,448.0,447.5,0.31334179639816284,0.2553933560848236
DS3-established,G06,505,448.0,447.5,448.5,448.0,0.2770855724811554,0.20020358264446259
DS3-established,G06,506,448.5,448.0,449.0,448.5,0.36366328597068787,0.26888519525527954
DS3-established,G06,507,449.0,448.5,449.5,449.0,0.3378908634185791,0.2341390997171402
DS3-established,G06,508,449.5,449.0,450.0,449.5,0.28150027990341187,0.22669604420661926
DS3-established,G06,509,450.0,449.5,450.5,450.0,0.32522085309028625,0.2386462241411209
DS3-established,G06,510,450.5,450.0,451.0,450.5,0.33132949471473694,0.2262694090604782
DS3-established,G06,511,451.0,450.5,451.5,451.0,0.3003252446651459,0.21724067628383636
DS3-established,G06,512,451.5,451.0,452.0,451.5,0.32755663990974426,0.21221597492694855
DS3-established,G06,513,452.0,451.5,452.5,452.0,0.38385656476020813,0.2688974440097809
DS3-established,G06,514,452.5,452.0,453.0,452.5,0.32735103368759155,0.24205981194972992
DS3-established,G06,515,453.0,452.5,453.5,453.0,0.2777116000652313,0.21729007363319397
DS3-established,G06,516,453.5,453.0,454.0,453.5,0.24744151532649994,0.16585946083068848
DS3-established,G06,517,454.0,453.5,454.5,454.0,0.26420649886131287,0.2013724446296692
DS3-established,G06,518,454.5,454.0,455.0,454.5,0.33103638887405396,0.24385690689086914
DS3-established,G06,519,455.0,454.5,455.5,455.0,0.292887419462204,0.20635315775871277
DS3-established,G06,520,455.5,455.0,456.0,455.5,0.31299805641174316,0.2409624606370926
DS3-established,G06,521,456.0,455.5,456.5,456.0,0.38152483105659485,0.26715710759162903
DS3-established,G06,522,456.5,456.0,457.0,456.5,0.3511309027671814,0.23585303127765656
DS3-established,G06,523,457.0,456.5,457.5,457.0,0.3420593738555908,0.2550184428691864
DS3-established,G06,524,457.5,457.0,458.0,457.5,0.31404832005500793,0.22802522778511047
DS3-established,G07,12,201.5,201.0,202.0,201.5,1.3999258279800415,1.1069364547729492
DS3-established,G07,13,202.0,201.5,202.5,202.0,1.4291882514953613,1.090785026550293
DS3-established,G07,14,202.5,202.0,203.0,202.5,1.3926429748535156,1.060929536819458
DS3-established,G07,15,203.0,202.5,203.5,203.0,1.3910856246948242,1.025331974029541
DS3-established,G07,16,203.5,203.0,204.0,203.5,1.1905494928359985,0.8661452531814575
DS3-established,G07,17,204.0,203.5,204.5,204.0,0.9361397624015808,0.7128084897994995
DS3-established,G07,18,204.5,204.0,205.0,204.5,0.9856042861938477,0.7576749324798584
DS3-established,G07,19,205.0,204.5,205.5,205.0,0.8642093539237976,0.5875828862190247
DS3-established,G07,20,205.5,205.0,206.0,205.5,0.7129227519035339,0.4860784709453583
DS3-established,G07,21,206.0,205.5,206.5,206.0,0.673468828201294,0.4619308114051819
DS3-established,G07,22,206.5,206.0,207.0,206.5,0.5397288203239441,0.41058409214019775
DS3-established,G07,23,207.0,206.5,207.5,207.0,0.5456363558769226,0.4333944320678711
DS3-established,G07,24,207.5,207.0,208.0,207.5,0.5217716097831726,0.4162968695163727
DS3-established,G07,25,208.0,207.5,208.5,208.0,0.5078705549240112,0.427154004573822
DS3-established,G07,26,208.5,208.0,209.0,208.5,0.52126544713974,0.4050224721431732
DS3-established,G07,27,209.0,208.5,209.5,209.0,0.6250960230827332,0.4886590242385864
DS3-established,G07,28,209.5,209.0,210.0,209.5,0.9612281322479248,0.7926594614982605
DS3-established,G07,29,210.0,209.5,210.5,210.0,1.4809931516647339,1.3222496509552002
DS3-established,G07,30,210.5,210.0,211.0,210.5,2.6251611709594727,2.4274301528930664
DS3-established,G07,31,211.0,210.5,211.5,211.0,3.601224184036255,3.3486132621765137
DS3-established,G07,32,211.5,211.0,212.0,211.5,4.0331830978393555,3.76082706451416
DS3-established,G07,33,212.0,211.5,212.5,212.0,4.220589637756348,3.9456160068511963
DS3-established,G07,34,212.5,212.0,213.0,212.5,4.167545318603516,3.8845322132110596
DS3-established,G07,35,213.0,212.5,213.5,213.0,4.134598255157471,3.845928192138672
DS3-established,G07,36,213.5,213.0,214.0,213.5,4.171626567840576,3.881582498550415
DS3-established,G07,37,214.0,213.5,214.5,214.0,4.082913398742676,3.7689027786254883
DS3-established,G07,38,214.5,214.0,215.0,214.5,3.964705228805542,3.6451802253723145
DS3-established,G07,39,215.0,214.5,215.5,215.0,3.930795669555664,3.6329007148742676
DS3-established,G07,40,215.5,215.0,216.0,215.5,3.8608930110931396,3.5553386211395264
DS3-established,G07,41,216.0,215.5,216.5,216.0,3.71921706199646,3.402604818344116
DS3-established,G07,42,216.5,216.0,217.0,216.5,3.6785731315612793,3.3749420642852783
DS3-established,G07,43,217.0,216.5,217.5,217.0,3.643362045288086,3.355347156524658
DS3-established,G07,44,217.5,217.0,218.0,217.5,3.5622496604919434,3.29254150390625
DS3-established,G07,45,218.0,217.5,218.5,218.0,3.5528998374938965,3.2897865772247314
DS3-established,G07,46,218.5,218.0,219.0,218.5,3.549954652786255,3.25519061088562
DS3-established,G07,47,219.0,218.5,219.5,219.0,3.462819814682007,3.1880338191986084
DS3-established,G07,48,219.5,219.0,220.0,219.5,3.274402618408203,3.04362154006958
DS3-established,G07,49,220.0,219.5,220.5,220.0,3.2482032775878906,3.024014711380005
DS3-established,G07,50,220.5,220.0,221.0,220.5,3.341179370880127,3.109314441680908
DS3-established,G07,51,221.0,220.5,221.5,221.0,3.3013744354248047,3.0573413372039795
DS3-established,G07,52,221.5,221.0,222.0,221.5,3.235788345336914,2.9852490425109863
DS3-established,G07,53,222.0,221.5,222.5,222.0,3.2217071056365967,2.9771783351898193
DS3-established,G07,54,222.5,222.0,223.0,222.5,3.413393020629883,3.1652657985687256
DS3-established,G07,55,223.0,222.5,223.5,223.0,3.665499687194824,3.3945727348327637
DS3-established,G07,56,223.5,223.0,224.0,223.5,3.8804872035980225,3.5719211101531982
DS3-established,G07,57,224.0,223.5,224.5,224.0,3.9940388202667236,3.65755558013916
DS3-established,G07,58,224.5,224.0,225.0,224.5,3.920008659362793,3.6147706508636475
DS3-established,G07,59,225.0,224.5,225.5,225.0,4.088991165161133,3.805018901824951
DS3-established,G07,60,225.5,225.0,226.0,225.5,4.269491195678711,3.9743685722351074
DS3-established,G07,61,226.0,225.5,226.5,226.0,4.327097415924072,4.030784606933594
DS3-established,G07,62,226.5,226.0,227.0,226.5,4.473781108856201,4.187769412994385
DS3-established,G07,63,227.0,226.5,227.5,227.0,4.499112129211426,4.2102789878845215
DS3-established,G07,64,227.5,227.0,228.0,227.5,4.375640392303467,4.094176292419434
DS3-established,G07,65,228.0,227.5,228.5,228.0,4.420107841491699,4.1367011070251465
DS3-established,G07,66,228.5,228.0,229.0,228.5,4.277934551239014,4.007346153259277
DS3-established,G07,67,229.0,228.5,229.5,229.0,4.011786460876465,3.771491289138794
DS3-established,G07,68,229.5,229.0,230.0,229.5,3.8731167316436768,3.645125150680542
DS3-established,G07,69,230.0,229.5,230.5,230.0,3.71273136138916,3.4977047443389893
DS3-established,G07,70,230.5,230.0,231.0,230.5,3.308072328567505,3.1198527812957764
DS3-established,G07,71,231.0,230.5,231.5,231.0,2.2270796298980713,2.085635185241699
DS3-established,G07,72,231.5,231.0,232.0,231.5,1.5744222402572632,1.4529529809951782
DS3-established,G07,73,232.0,231.5,232.5,232.0,1.2088948488235474,1.0957828760147095
DS3-established,G07,74,232.5,232.0,233.0,232.5,0.7496144771575928,0.6046529412269592
DS3-established,G07,75,233.0,232.5,233.5,233.0,0.5413007140159607,0.43548503518104553
DS3-established,G07,76,233.5,233.0,234.0,233.5,0.5038307905197144,0.39253848791122437
DS3-established,G07,77,234.0,233.5,234.5,234.0,0.48463737964630127,0.3702027499675751
DS3-established,G07,78,234.5,234.0,235.0,234.5,0.47198405861854553,0.36081382632255554
DS3-established,G07,79,235.0,234.5,235.5,235.0,0.5423834919929504,0.4163067638874054
DS3-established,G07,80,235.5,235.0,236.0,235.5,0.5558557510375977,0.41836288571357727
DS3-established,G07,81,236.0,235.5,236.5,236.0,0.5308220386505127,0.44451040029525757
DS3-established,G07,82,236.5,236.0,237.0,236.5,0.46847647428512573,0.3589114248752594
DS3-established,G07,83,237.0,236.5,237.5,237.0,0.4357841908931732,0.31689950823783875
DS3-established,G07,84,237.5,237.0,238.0,237.5,0.4679151177406311,0.3603774607181549
DS3-established,G07,85,238.0,237.5,238.5,238.0,0.5068480968475342,0.396379679441452
DS3-established,G07,86,238.5,238.0,239.0,238.5,0.5370211601257324,0.40296024084091187
DS3-established,G07,87,239.0,238.5,239.5,239.0,0.49636605381965637,0.37237459421157837
DS3-established,G07,88,239.5,239.0,240.0,239.5,0.4788157641887665,0.3617921471595764
DS3-established,G07,89,240.0,239.5,240.5,240.0,0.45448893308639526,0.347939670085907
DS3-established,G07,90,240.5,240.0,241.0,240.5,0.44943639636039734,0.349752277135849
DS3-established,G07,91,241.0,240.5,241.5,241.0,0.43013137578964233,0.3527998924255371
DS3-established,G07,92,241.5,241.0,242.0,241.5,0.42377135157585144,0.3267429769039154
DS3-established,G07,93,242.0,241.5,242.5,242.0,0.43247297406196594,0.321574330329895
DS3-established,G07,94,242.5,242.0,243.0,242.5,0.3531216084957123,0.2583586871623993
DS3-established,G07,95,243.0,242.5,243.5,243.0,0.35954099893569946,0.2610560655593872
DS3-established,G07,96,243.5,243.0,244.0,243.5,0.3137304484844208,0.2188825011253357
DS3-established,G07,97,244.0,243.5,244.5,244.0,0.3182835280895233,0.2261219620704651
DS3-established,G07,98,244.5,244.0,245.0,244.5,0.43885940313339233,0.3212519586086273
DS3-established,G07,99,245.0,244.5,245.5,245.0,0.3839836120605469,0.27713844180107117
DS3-established,G07,100,245.5,245.0,246.0,245.5,0.3260948956012726,0.2525095045566559
DS3-established,G07,101,246.0,245.5,246.5,246.0,0.3798918128013611,0.27814558148384094
DS3-established,G07,102,246.5,246.0,247.0,246.5,0.414956271648407,0.3379688858985901
DS3-established,G07,103,247.0,246.5,247.5,247.0,0.3456640839576721,0.273290753364563
DS3-established,G07,104,247.5,247.0,248.0,247.5,0.26731228828430176,0.21265749633312225
DS3-established,G07,105,248.0,247.5,248.5,248.0,0.36065539717674255,0.24705974757671356
DS3-established,G07,106,248.5,248.0,249.0,248.5,0.4136704206466675,0.27405670285224915
DS3-established,G07,107,249.0,248.5,249.5,249.0,0.3562650978565216,0.27148643136024475
DS3-established,G07,108,249.5,249.0,250.0,249.5,0.3411949872970581,0.26897063851356506
DS3-established,G07,109,250.0,249.5,250.5,250.0,0.36740198731422424,0.2858349084854126
DS3-established,G07,110,250.5,250.0,251.0,250.5,0.3076987564563751,0.21279506385326385
DS3-established,G07,111,251.0,250.5,251.5,251.0,0.27415093779563904,0.20579735934734344
DS3-established,G07,112,251.5,251.0,252.0,251.5,0.33247247338294983,0.19072869420051575
DS3-established,G07,113,252.0,251.5,252.5,252.0,0.24200387299060822,0.17059259116649628
DS3-established,G07,114,252.5,252.0,253.0,252.5,0.3003914952278137,0.2272917479276657
DS3-established,G07,115,253.0,252.5,253.5,253.0,0.25122979283332825,0.17516516149044037
DS3-established,G07,116,253.5,253.0,254.0,253.5,0.33680421113967896,0.2573794424533844
DS3-established,G07,117,254.0,253.5,254.5,254.0,0.3816816210746765,0.29969099164009094
DS3-established,G07,118,254.5,254.0,255.0,254.5,0.3632819950580597,0.2846815884113312
DS3-established,G07,119,255.0,254.5,255.5,255.0,0.45603302121162415,0.3661489486694336
DS3-established,G07,120,255.5,255.0,256.0,255.5,0.3862764239311218,0.29989129304885864
DS3-established,G07,121,256.0,255.5,256.5,256.0,0.4206591844558716,0.34587785601615906
DS3-established,G07,122,256.5,256.0,257.0,256.5,0.5411887764930725,0.464525431394577
DS3-established,G07,123,257.0,256.5,257.5,257.0,0.4373772144317627,0.35197728872299194
DS3-established,G07,124,257.5,257.0,258.0,257.5,0.447020947933197,0.3874698281288147
DS3-established,G07,125,258.0,257.5,258.5,258.0,0.4363488256931305,0.3666974604129791
DS3-established,G07,126,258.5,258.0,259.0,258.5,0.34746769070625305,0.2827267646789551
DS3-established,G07,127,259.0,258.5,259.5,259.0,0.38770368695259094,0.2786017954349518
DS3-established,G07,128,259.5,259.0,260.0,259.5,0.31958362460136414,0.24745388329029083
DS3-established,G07,129,260.0,259.5,260.5,260.0,0.341325581073761,0.29073601961135864
DS3-established,G07,130,260.5,260.0,261.0,260.5,0.325592964887619,0.25291332602500916
DS3-established,G07,131,261.0,260.5,261.5,261.0,0.24632079899311066,0.21098218858242035
DS3-established,G07,132,261.5,261.0,262.0,261.5,0.2972683012485504,0.2452467828989029
DS3-established,G07,133,262.0,261.5,262.5,262.0,0.324291467666626,0.2866748869419098
DS3-established,G07,134,262.5,262.0,263.0,262.5,0.2861754298210144,0.2025333046913147
DS3-established,G07,135,263.0,262.5,263.5,263.0,0.297098845243454,0.20403893291950226
DS3-established,G07,136,263.5,263.0,264.0,263.5,0.347696453332901,0.2918408513069153
DS3-established,G07,137,264.0,263.5,264.5,264.0,0.32508134841918945,0.26040247082710266
DS3-established,G07,138,264.5,264.0,265.0,264.5,0.31782570481300354,0.2558509409427643
DS3-established,G07,139,265.0,264.5,265.5,265.0,0.2404649555683136,0.18204756081104279
DS3-established,G07,140,265.5,265.0,266.0,265.5,0.24220052361488342,0.1799824833869934
DS3-established,G07,141,266.0,265.5,266.5,266.0,0.26085835695266724,0.19628487527370453
DS3-established,G07,142,266.5,266.0,267.0,266.5,0.2716262936592102,0.20678232610225677
DS3-established,G07,143,267.0,266.5,267.5,267.0,0.31971028447151184,0.2584993541240692
DS3-established,G07,144,267.5,267.0,268.0,267.5,0.2958991527557373,0.23859930038452148
DS3-established,G07,145,268.0,267.5,268.5,268.0,0.3431595265865326,0.28181400895118713
DS3-established,G07,146,268.5,268.0,269.0,268.5,0.4069862961769104,0.3134755790233612
DS3-established,G07,147,269.0,268.5,269.5,269.0,0.23909133672714233,0.17705734074115753
DS3-established,G07,148,269.5,269.0,270.0,269.5,0.3245678246021271,0.2533087134361267
DS3-established,G07,149,270.0,269.5,270.5,270.0,0.3296995759010315,0.25235769152641296
DS3-established,G07,150,270.5,270.0,271.0,270.5,0.2873775362968445,0.23328951001167297
DS3-established,G07,151,271.0,270.5,271.5,271.0,0.2603260576725006,0.19781143963336945
DS3-established,G07,152,271.5,271.0,272.0,271.5,0.2954725921154022,0.2096622884273529
DS3-established,G07,153,272.0,271.5,272.5,272.0,0.28340664505958557,0.2091970145702362
DS3-established,G07,154,272.5,272.0,273.0,272.5,0.3658672273159027,0.25954845547676086
DS3-established,G07,155,273.0,272.5,273.5,273.0,0.34088724851608276,0.25473272800445557
DS3-established,G07,156,273.5,273.0,274.0,273.5,0.28924456238746643,0.20184044539928436
DS3-established,G07,157,274.0,273.5,274.5,274.0,0.32803070545196533,0.22793810069561005
DS3-established,G07,158,274.5,274.0,275.0,274.5,0.3578287661075592,0.26041296124458313
DS3-established,G07,159,275.0,274.5,275.5,275.0,0.3447193503379822,0.23895221948623657
DS3-established,G07,160,275.5,275.0,276.0,275.5,0.31810861825942993,0.22695451974868774
DS3-established,G07,161,276.0,275.5,276.5,276.0,0.26740550994873047,0.18841077387332916
DS3-established,G07,162,276.5,276.0,277.0,276.5,0.2737028896808624,0.22947703301906586
DS3-established,G07,163,277.0,276.5,277.5,277.0,0.2838163375854492,0.19879688322544098
DS3-established,G07,164,277.5,277.0,278.0,277.5,0.2781863808631897,0.1941278874874115
DS3-established,G07,165,278.0,277.5,278.5,278.0,0.2536897659301758,0.20147429406642914
DS3-established,G07,166,278.5,278.0,279.0,278.5,0.2561156153678894,0.18411307036876678
DS3-established,G07,167,279.0,278.5,279.5,279.0,0.3257269859313965,0.23374274373054504
DS3-established,G07,168,279.5,279.0,280.0,279.5,0.3075978457927704,0.23415613174438477
DS3-established,G07,169,280.0,279.5,280.5,280.0,0.24970947206020355,0.187307670712471
DS3-established,G07,170,280.5,280.0,281.0,280.5,0.33307355642318726,0.23115205764770508
DS3-established,G07,171,281.0,280.5,281.5,281.0,0.3645123839378357,0.25023195147514343
DS3-established,G07,172,281.5,281.0,282.0,281.5,0.31447944045066833,0.22711296379566193
DS3-established,G07,173,282.0,281.5,282.5,282.0,0.2949543595314026,0.21447274088859558
DS3-established,G07,174,282.5,282.0,283.0,282.5,0.21531778573989868,0.16180796921253204
DS3-established,G07,175,283.0,282.5,283.5,283.0,0.25307828187942505,0.19056367874145508
DS3-established,G07,176,283.5,283.0,284.0,283.5,0.4384453296661377,0.3062961995601654
DS3-established,G07,177,284.0,283.5,284.5,284.0,0.3372742831707001,0.23024947941303253
DS3-established,G07,178,284.5,284.0,285.0,284.5,0.30716583132743835,0.23677988350391388
DS3-established,G07,179,285.0,284.5,285.5,285.0,0.25192856788635254,0.18916060030460358
DS3-established,G07,180,285.5,285.0,286.0,285.5,0.24269835650920868,0.19845207035541534
DS3-established,G07,181,286.0,285.5,286.5,286.0,0.39693355560302734,0.2942705750465393
DS3-established,G07,182,286.5,286.0,287.0,286.5,0.3239888846874237,0.23094919323921204
DS3-established,G07,183,287.0,286.5,287.5,287.0,0.29892751574516296,0.20251327753067017
DS3-established,G07,184,287.5,287.0,288.0,287.5,0.23617124557495117,0.17101208865642548
DS3-established,G07,185,288.0,287.5,288.5,288.0,0.35874366760253906,0.2586206793785095
DS3-established,G07,186,288.5,288.0,289.0,288.5,0.36893969774246216,0.2557050287723541
DS3-established,G07,187,289.0,288.5,289.5,289.0,0.25148046016693115,0.1895187795162201
DS3-established,G07,188,289.5,289.0,290.0,289.5,0.22125770151615143,0.15890564024448395
DS3-established,G07,189,290.0,289.5,290.5,290.0,0.2648094892501831,0.20676963031291962
DS3-established,G07,190,290.5,290.0,291.0,290.5,0.33899277448654175,0.25190821290016174
DS3-established,G07,191,291.0,290.5,291.5,291.0,0.33785468339920044,0.26891300082206726
DS3-established,G07,192,291.5,291.0,292.0,291.5,0.28173813223838806,0.1921057105064392
DS3-established,G07,193,292.0,291.5,292.5,292.0,0.2813785672187805,0.20346133410930634
DS3-established,G07,194,292.5,292.0,293.0,292.5,0.3125345706939697,0.22733347117900848
DS3-established,G07,195,293.0,292.5,293.5,293.0,0.29610103368759155,0.22364206612110138
DS3-established,G07,196,293.5,293.0,294.0,293.5,0.23155000805854797,0.1831805258989334
DS3-established,G07,197,294.0,293.5,294.5,294.0,0.2570568323135376,0.1913931965827942
DS3-established,G07,198,294.5,294.0,295.0,294.5,0.3248131573200226,0.2600993812084198
DS3-established,G07,199,295.0,294.5,295.5,295.0,0.27128562331199646,0.22376707196235657
DS3-established,G07,200,295.5,295.0,296.0,295.5,0.22482766211032867,0.179268941283226
DS3-established,G07,201,296.0,295.5,296.5,296.0,0.28430628776550293,0.20362816751003265
DS3-established,G07,202,296.5,296.0,297.0,296.5,0.2698165476322174,0.20712454617023468
DS3-established,G07,203,297.0,296.5,297.5,297.0,0.2969929873943329,0.1911780834197998
DS3-established,G07,204,297.5,297.0,298.0,297.5,0.36793529987335205,0.24097946286201477
DS3-established,G07,205,298.0,297.5,298.5,298.0,0.31508511304855347,0.23518013954162598
DS3-established,G07,206,298.5,298.0,299.0,298.5,0.26869848370552063,0.18278519809246063
DS3-established,G07,207,299.0,298.5,299.5,299.0,0.2791390120983124,0.1982353776693344
DS3-established,G07,208,299.5,299.0,300.0,299.5,0.2983182966709137,0.23008818924427032
DS3-established,G07,209,300.0,299.5,300.5,300.0,0.23928534984588623,0.17631566524505615
DS3-established,G07,210,300.5,300.0,301.0,300.5,0.23884306848049164,0.1765705794095993
DS3-established,G07,211,301.0,300.5,301.5,301.0,0.2990896999835968,0.21106235682964325
DS3-established,G07,212,301.5,301.0,302.0,301.5,0.3301996886730194,0.24194522202014923
DS3-established,G07,213,302.0,301.5,302.5,302.0,0.373521089553833,0.2879093587398529
DS3-established,G07,214,302.5,302.0,303.0,302.5,0.24129806458950043,0.1836918145418167
DS3-established,G07,215,303.0,302.5,303.5,303.0,0.2628200054168701,0.2100038379430771
DS3-established,G07,216,303.5,303.0,304.0,303.5,0.29634496569633484,0.22325754165649414
DS3-established,G07,217,304.0,303.5,304.5,304.0,0.2520579695701599,0.17956216633319855
DS3-established,G07,218,304.5,304.0,305.0,304.5,0.28648585081100464,0.21462859213352203
DS3-established,G07,219,305.0,304.5,305.5,305.0,0.30928364396095276,0.25165438652038574
DS3-established,G07,220,305.5,305.0,306.0,305.5,0.2549422085285187,0.20397907495498657
DS3-established,G07,221,306.0,305.5,306.5,306.0,0.24464738368988037,0.1723049283027649
DS3-established,G07,222,306.5,306.0,307.0,306.5,0.2961381673812866,0.23821216821670532
DS3-established,G07,223,307.0,306.5,307.5,307.0,0.25431904196739197,0.20175565779209137
DS3-established,G07,224,307.5,307.0,308.0,307.5,0.26619723439216614,0.2199602574110031
DS3-established,G07,225,308.0,307.5,308.5,308.0,0.32774820923805237,0.2313338965177536
DS3-established,G07,226,308.5,308.0,309.0,308.5,0.2519361078739166,0.1958118975162506
DS3-established,G07,227,309.0,308.5,309.5,309.0,0.20504215359687805,0.15877671539783478
DS3-established,G07,228,309.5,309.0,310.0,309.5,0.23813802003860474,0.19723649322986603
DS3-established,G07,229,310.0,309.5,310.5,310.0,0.2605118453502655,0.18400628864765167
DS3-established,G07,230,310.5,310.0,311.0,310.5,0.31747886538505554,0.23578034341335297
DS3-established,G07,231,311.0,310.5,311.5,311.0,0.2635457515716553,0.20074918866157532
DS3-established,G07,232,311.5,311.0,312.0,311.5,0.4150819778442383,0.33415213227272034
DS3-established,G07,233,312.0,311.5,312.5,312.0,0.28686779737472534,0.18297848105430603
DS3-established,G07,234,312.5,312.0,313.0,312.5,0.20003587007522583,0.16911369562149048
DS3-established,G07,235,313.0,312.5,313.5,313.0,0.22158043086528778,0.1797449141740799
DS3-established,G07,236,313.5,313.0,314.0,313.5,0.32583755254745483,0.251826673746109
DS3-established,G07,237,314.0,313.5,314.5,314.0,0.3582592010498047,0.22760656476020813
DS3-established,G07,238,314.5,314.0,315.0,314.5,0.2703458368778229,0.20399631559848785
DS3-established,G07,239,315.0,314.5,315.5,315.0,0.28528791666030884,0.21859736740589142
DS3-established,G07,240,315.5,315.0,316.0,315.5,0.3612825870513916,0.23289582133293152
DS3-established,G07,241,316.0,315.5,316.5,316.0,0.3906902074813843,0.28520217537879944
DS3-established,G07,242,316.5,316.0,317.0,316.5,0.26440441608428955,0.200944721698761
DS3-established,G07,243,317.0,316.5,317.5,317.0,0.2333010882139206,0.1725829839706421
DS3-established,G07,244,317.5,317.0,318.0,317.5,0.3180493414402008,0.21761441230773926
DS3-established,G07,245,318.0,317.5,318.5,318.0,0.31197601556777954,0.22311247885227203
DS3-established,G07,246,318.5,318.0,319.0,318.5,0.2809077501296997,0.23510366678237915
DS3-established,G07,247,319.0,318.5,319.5,319.0,0.2119208723306656,0.16727034747600555
DS3-established,G07,248,319.5,319.0,320.0,319.5,0.24773326516151428,0.1954382210969925
DS3-established,G07,249,320.0,319.5,320.5,320.0,0.23440434038639069,0.1456654816865921
DS3-established,G07,250,320.5,320.0,321.0,320.5,0.3767520487308502,0.2878495454788208
DS3-established,G07,251,321.0,320.5,321.5,321.0,0.3319702744483948,0.2630581557750702
DS3-established,G07,252,321.5,321.0,322.0,321.5,0.2837958335876465,0.20680966973304749
DS3-established,G07,253,322.0,321.5,322.5,322.0,0.3177688419818878,0.2358763962984085
DS3-established,G07,254,322.5,322.0,323.0,322.5,0.29667091369628906,0.24050705134868622
DS3-established,G07,255,323.0,322.5,323.5,323.0,0.3042231798171997,0.2454773336648941
DS3-established,G07,256,323.5,323.0,324.0,323.5,0.23337538540363312,0.1876082718372345
DS3-established,G07,257,324.0,323.5,324.5,324.0,0.2633049190044403,0.20389480888843536
DS3-established,G07,258,324.5,324.0,325.0,324.5,0.31131505966186523,0.23384396731853485
DS3-established,G07,259,325.0,324.5,325.5,325.0,0.3279213607311249,0.24652643501758575
DS3-established,G07,260,325.5,325.0,326.0,325.5,0.29318666458129883,0.2216363251209259
DS3-established,G07,261,326.0,325.5,326.5,326.0,0.2537596523761749,0.19023248553276062
DS3-established,G07,262,326.5,326.0,327.0,326.5,0.24982324242591858,0.17722131311893463
DS3-established,G07,263,327.0,326.5,327.5,327.0,0.31972652673721313,0.25631117820739746
DS3-established,G07,264,327.5,327.0,328.0,327.5,0.28261515498161316,0.2087508887052536
DS3-established,G07,265,328.0,327.5,328.5,328.0,0.2971533536911011,0.22903569042682648
DS3-established,G07,266,328.5,328.0,329.0,328.5,0.26560622453689575,0.19509489834308624
DS3-established,G07,267,329.0,328.5,329.5,329.0,0.2841527462005615,0.17623665928840637
DS3-established,G07,268,329.5,329.0,330.0,329.5,0.30878233909606934,0.21518388390541077
DS3-established,G07,269,330.0,329.5,330.5,330.0,0.2556877136230469,0.20009282231330872
DS3-established,G07,270,330.5,330.0,331.0,330.5,0.2960740923881531,0.20570270717144012
DS3-established,G07,271,331.0,330.5,331.5,331.0,0.37523579597473145,0.26148679852485657
DS3-established,G07,272,331.5,331.0,332.0,331.5,0.3112427294254303,0.22620101273059845
DS3-established,G07,273,332.0,331.5,332.5,332.0,0.3412925899028778,0.24852360785007477
DS3-established,G07,274,332.5,332.0,333.0,332.5,0.2775936424732208,0.21798022091388702
DS3-established,G07,275,333.0,332.5,333.5,333.0,0.22211576998233795,0.18650464713573456
DS3-established,G07,276,333.5,333.0,334.0,333.5,0.23763005435466766,0.17040343582630157
DS3-established,G07,277,334.0,333.5,334.5,334.0,0.23435156047344208,0.1747746467590332
DS3-established,G07,278,334.5,334.0,335.0,334.5,0.3305938243865967,0.28013402223587036
DS3-established,G07,279,335.0,334.5,335.5,335.0,0.29893216490745544,0.22779226303100586
DS3-established,G07,280,335.5,335.0,336.0,335.5,0.3166806101799011,0.23653528094291687
DS3-established,G07,281,336.0,335.5,336.5,336.0,0.2607812285423279,0.18094462156295776
DS3-established,G07,282,336.5,336.0,337.0,336.5,0.3035031259059906,0.22084400057792664
DS3-established,G07,283,337.0,336.5,337.5,337.0,0.33554983139038086,0.24539221823215485
DS3-established,G07,284,337.5,337.0,338.0,337.5,0.28892815113067627,0.21216797828674316
DS3-established,G07,285,338.0,337.5,338.5,338.0,0.31811466813087463,0.22614151239395142
DS3-established,G07,286,338.5,338.0,339.0,338.5,0.2624167203903198,0.21975040435791016
DS3-established,G07,287,339.0,338.5,339.5,339.0,0.25354254245758057,0.19518621265888214
DS3-established,G07,288,339.5,339.0,340.0,339.5,0.3006693124771118,0.20316560566425323
DS3-established,G07,289,340.0,339.5,340.5,340.0,0.2836304306983948,0.21692386269569397
DS3-established,G07,290,340.5,340.0,341.0,340.5,0.24359039962291718,0.18097621202468872
DS3-established,G07,291,341.0,340.5,341.5,341.0,0.24890512228012085,0.2078149914741516
DS3-established,G07,292,341.5,341.0,342.0,341.5,0.2637191712856293,0.19720742106437683
DS3-established,G07,293,342.0,341.5,342.5,342.0,0.3292940557003021,0.24295851588249207
DS3-established,G07,294,342.5,342.0,343.0,342.5,0.27238428592681885,0.20467324554920197
DS3-established,G07,295,343.0,342.5,343.5,343.0,0.28074777126312256,0.20232564210891724
DS3-established,G07,296,343.5,343.0,344.0,343.5,0.34200620651245117,0.2628553509712219
DS3-established,G07,297,344.0,343.5,344.5,344.0,0.30759987235069275,0.24735283851623535
DS3-established,G07,298,344.5,344.0,345.0,344.5,0.2769416272640228,0.1862320452928543
DS3-established,G07,299,345.0,344.5,345.5,345.0,0.26549264788627625,0.19871363043785095
DS3-established,G07,300,345.5,345.0,346.0,345.5,0.29734933376312256,0.218486487865448
DS3-established,G07,301,346.0,345.5,346.5,346.0,0.2584945857524872,0.1999686062335968
DS3-established,G07,302,346.5,346.0,347.0,346.5,0.29810768365859985,0.22093574702739716
DS3-established,G07,303,347.0,346.5,347.5,347.0,0.32445332407951355,0.2524089515209198
DS3-established,G07,304,347.5,347.0,348.0,347.5,0.25939783453941345,0.18061378598213196
DS3-established,G07,305,348.0,347.5,348.5,348.0,0.21137207746505737,0.16101567447185516
DS3-established,G07,306,348.5,348.0,349.0,348.5,0.27658921480178833,0.17029264569282532
DS3-established,G07,307,349.0,348.5,349.5,349.0,0.3340643644332886,0.26602470874786377
DS3-established,G07,308,349.5,349.0,350.0,349.5,0.3215987980365753,0.2460477352142334
DS3-established,G07,309,350.0,349.5,350.5,350.0,0.34153303503990173,0.28765869140625
DS3-established,G07,310,350.5,350.0,351.0,350.5,0.3012050688266754,0.24459142982959747
DS3-established,G07,311,351.0,350.5,351.5,351.0,0.26629847288131714,0.19744928181171417
DS3-established,G07,312,351.5,351.0,352.0,351.5,0.23267684876918793,0.17511336505413055
DS3-established,G07,313,352.0,351.5,352.5,352.0,0.2740672826766968,0.22830849885940552
DS3-established,G07,314,352.5,352.0,353.0,352.5,0.30940908193588257,0.25649747252464294
DS3-established,G07,315,353.0,352.5,353.5,353.0,0.30524003505706787,0.19543592631816864
DS3-established,G07,316,353.5,353.0,354.0,353.5,0.3462525010108948,0.2529054284095764
DS3-established,G07,317,354.0,353.5,354.5,354.0,0.35459962487220764,0.2160915583372116
DS3-established,G07,318,354.5,354.0,355.0,354.5,0.2879053056240082,0.20903047919273376
DS3-established,G07,319,355.0,354.5,355.5,355.0,0.3015817403793335,0.24131546914577484
DS3-established,G07,320,355.5,355.0,356.0,355.5,0.2669398784637451,0.18992754817008972
DS3-established,G07,321,356.0,355.5,356.5,356.0,0.263492226600647,0.20347268879413605
DS3-established,G07,322,356.5,356.0,357.0,356.5,0.301012247800827,0.2265709787607193
DS3-established,G07,323,357.0,356.5,357.5,357.0,0.29423391819000244,0.2183298021554947
DS3-established,G07,324,357.5,357.0,358.0,357.5,0.29343104362487793,0.19061076641082764
DS3-established,G07,325,358.0,357.5,358.5,358.0,0.41990482807159424,0.3475169241428375
DS3-established,G07,326,358.5,358.0,359.0,358.5,0.3089582622051239,0.23512206971645355
DS3-established,G07,327,359.0,358.5,359.5,359.0,0.26503005623817444,0.22106990218162537
DS3-established,G07,328,359.5,359.0,360.0,359.5,0.29484638571739197,0.21783211827278137
DS3-established,G07,329,360.0,359.5,360.5,360.0,0.3894370496273041,0.3070406913757324
DS3-established,G07,330,360.5,360.0,361.0,360.5,0.32430070638656616,0.25360387563705444
DS3-established,G07,331,361.0,360.5,361.5,361.0,0.24169397354125977,0.19083739817142487
DS3-established,G07,332,361.5,361.0,362.0,361.5,0.2643830180168152,0.19089195132255554
DS3-established,G07,333,362.0,361.5,362.5,362.0,0.26073306798934937,0.19192397594451904
DS3-established,G07,334,362.5,362.0,363.0,362.5,0.25354695320129395,0.17758332192897797
DS3-established,G07,335,363.0,362.5,363.5,363.0,0.2618907690048218,0.1834505945444107
DS3-established,G07,336,363.5,363.0,364.0,363.5,0.34674641489982605,0.2731899619102478
DS3-established,G07,337,364.0,363.5,364.5,364.0,0.31832820177078247,0.2341797649860382
DS3-established,G07,338,364.5,364.0,365.0,364.5,0.2954278290271759,0.21726270020008087
DS3-established,G07,339,365.0,364.5,365.5,365.0,0.2879129648208618,0.22003057599067688
DS3-established,G07,340,365.5,365.0,366.0,365.5,0.2690924406051636,0.2046801894903183
DS3-established,G07,341,366.0,365.5,366.5,366.0,0.3154761791229248,0.24224334955215454
DS3-established,G07,342,366.5,366.0,367.0,366.5,0.2688456177711487,0.2060142606496811
DS3-established,G07,343,367.0,366.5,367.5,367.0,0.26606887578964233,0.19461636245250702
DS3-established,G07,344,367.5,367.0,368.0,367.5,0.2839166224002838,0.21513263881206512
DS3-established,G07,345,368.0,367.5,368.5,368.0,0.28430306911468506,0.2107478231191635
DS3-established,G07,346,368.5,368.0,369.0,368.5,0.2897241711616516,0.19231687486171722
DS3-established,G07,347,369.0,368.5,369.5,369.0,0.31190669536590576,0.21484078466892242
DS3-established,G07,348,369.5,369.0,370.0,369.5,0.3268583118915558,0.2453044056892395
DS3-established,G07,349,370.0,369.5,370.5,370.0,0.30152827501296997,0.25283947587013245
DS3-established,G07,350,370.5,370.0,371.0,370.5,0.283015638589859,0.22901922464370728
DS3-established,G07,351,371.0,370.5,371.5,371.0,0.22417320311069489,0.17539583146572113
DS3-established,G07,352,371.5,371.0,372.0,371.5,0.26830658316612244,0.22801023721694946
DS3-established,G07,353,372.0,371.5,372.5,372.0,0.31212395429611206,0.24012912809848785
DS3-established,G07,354,372.5,372.0,373.0,372.5,0.3389773368835449,0.2710369825363159
DS3-established,G07,355,373.0,372.5,373.5,373.0,0.31745287775993347,0.23825116455554962
DS3-established,G07,356,373.5,373.0,374.0,373.5,0.2633318603038788,0.21967162191867828
DS3-established,G07,357,374.0,373.5,374.5,374.0,0.25831568241119385,0.19096870720386505
DS3-established,G07,358,374.5,374.0,375.0,374.5,0.31218788027763367,0.2115713208913803
DS3-established,G07,359,375.0,374.5,375.5,375.0,0.34095898270606995,0.26217901706695557
DS3-established,G07,360,375.5,375.0,376.0,375.5,0.36268603801727295,0.2805095911026001
DS3-established,G07,361,376.0,375.5,376.5,376.0,0.24592605233192444,0.18199105560779572
DS3-established,G07,362,376.5,376.0,377.0,376.5,0.2570767402648926,0.1995314061641693
DS3-established,G07,363,377.0,376.5,377.5,377.0,0.24278488755226135,0.17899192869663239
DS3-established,G07,364,377.5,377.0,378.0,377.5,0.27186137437820435,0.20630663633346558
DS3-established,G07,365,378.0,377.5,378.5,378.0,0.21839205920696259,0.1482030302286148
DS3-established,G07,366,378.5,378.0,379.0,378.5,0.2749705910682678,0.1891496777534485
DS3-established,G07,367,379.0,378.5,379.5,379.0,0.3537258207798004,0.2575652003288269
DS3-established,G07,368,379.5,379.0,380.0,379.5,0.29146555066108704,0.22434081137180328
DS3-established,G07,369,380.0,379.5,380.5,380.0,0.20112408697605133,0.15823417901992798
DS3-established,G07,370,380.5,380.0,381.0,380.5,0.24072463810443878,0.19389474391937256
DS3-established,G07,371,381.0,380.5,381.5,381.0,0.28927525877952576,0.22297817468643188
DS3-established,G07,372,381.5,381.0,382.0,381.5,0.26582416892051697,0.20293886959552765
DS3-established,G07,373,382.0,381.5,382.5,382.0,0.2561182379722595,0.1997070014476776
DS3-established,G07,374,382.5,382.0,383.0,382.5,0.21566924452781677,0.15750636160373688
DS3-established,G07,375,383.0,382.5,383.5,383.0,0.29443931579589844,0.19862185418605804
DS3-established,G07,376,383.5,383.0,384.0,383.5,0.30404549837112427,0.24479781091213226
DS3-established,G07,377,384.0,383.5,384.5,384.0,0.27352046966552734,0.20244482159614563
DS3-established,G07,378,384.5,384.0,385.0,384.5,0.2753235995769501,0.20064927637577057
DS3-established,G07,379,385.0,384.5,385.5,385.0,0.2667648196220398,0.1919226199388504
DS3-established,G07,380,385.5,385.0,386.0,385.5,0.2927972376346588,0.23626476526260376
DS3-established,G07,381,386.0,385.5,386.5,386.0,0.2969900071620941,0.2142929583787918
DS3-established,G07,382,386.5,386.0,387.0,386.5,0.25498780608177185,0.1795651912689209
DS3-established,G07,383,387.0,386.5,387.5,387.0,0.29897651076316833,0.2014300376176834
DS3-established,G07,384,387.5,387.0,388.0,387.5,0.3300229609012604,0.23921118676662445
DS3-established,G07,385,388.0,387.5,388.5,388.0,0.3469064235687256,0.2535974085330963
DS3-established,G07,386,388.5,388.0,389.0,388.5,0.3581799566745758,0.2911723852157593
DS3-established,G07,387,389.0,388.5,389.5,389.0,0.28935864567756653,0.22235499322414398
DS3-established,G07,388,389.5,389.0,390.0,389.5,0.2566498816013336,0.1934521347284317
DS3-established,G07,389,390.0,389.5,390.5,390.0,0.22654536366462708,0.17416563630104065
DS3-established,G07,390,390.5,390.0,391.0,390.5,0.28562256693840027,0.20560355484485626
DS3-established,G07,391,391.0,390.5,391.5,391.0,0.31891965866088867,0.23786099255084991
DS3-established,G07,392,391.5,391.0,392.0,391.5,0.3386574387550354,0.258038729429245
DS3-established,G07,393,392.0,391.5,392.5,392.0,0.27216997742652893,0.21531064808368683
DS3-established,G07,394,392.5,392.0,393.0,392.5,0.26622387766838074,0.19373060762882233
DS3-established,G07,395,393.0,392.5,393.5,393.0,0.36974573135375977,0.27660804986953735
DS3-established,G07,396,393.5,393.0,394.0,393.5,0.37118399143218994,0.28606924414634705
DS3-established,G07,397,394.0,393.5,394.5,394.0,0.2625931203365326,0.2048843652009964
DS3-established,G07,398,394.5,394.0,395.0,394.5,0.26118093729019165,0.21055234968662262
DS3-established,G07,399,395.0,394.5,395.5,395.0,0.28886422514915466,0.24312077462673187
DS3-established,G07,400,395.5,395.0,396.0,395.5,0.28742220997810364,0.21643464267253876
DS3-established,G07,401,396.0,395.5,396.5,396.0,0.32196250557899475,0.2486092746257782
DS3-established,G07,402,396.5,396.0,397.0,396.5,0.258596807718277,0.18773140013217926
DS3-established,G07,403,397.0,396.5,397.5,397.0,0.2383825033903122,0.17800268530845642
DS3-established,G07,404,397.5,397.0,398.0,397.5,0.2089681327342987,0.16625091433525085
DS3-established,G07,405,398.0,397.5,398.5,398.0,0.26118144392967224,0.20954188704490662
DS3-established,G07,406,398.5,398.0,399.0,398.5,0.31827062368392944,0.23724773526191711
DS3-established,G07,407,399.0,398.5,399.5,399.0,0.29639503359794617,0.2209264189004898
DS3-established,G07,408,399.5,399.0,400.0,399.5,0.29549622535705566,0.18881341814994812
DS3-established,G07,409,400.0,399.5,400.5,400.0,0.3181472420692444,0.2278173267841339
DS3-established,G07,410,400.5,400.0,401.0,400.5,0.25110840797424316,0.1925763487815857
DS3-established,G07,411,401.0,400.5,401.5,401.0,0.32883110642433167,0.21526946127414703
DS3-established,G07,412,401.5,401.0,402.0,401.5,0.34647104144096375,0.2505168318748474
DS3-established,G07,413,402.0,401.5,402.5,402.0,0.25829070806503296,0.19480116665363312
DS3-established,G07,414,402.5,402.0,403.0,402.5,0.2991892397403717,0.1981343924999237
DS3-established,G07,415,403.0,402.5,403.5,403.0,0.2956649959087372,0.2122916728258133
DS3-established,G07,416,403.5,403.0,404.0,403.5,0.2594097852706909,0.19841986894607544
DS3-established,G07,417,404.0,403.5,404.5,404.0,0.28752702474594116,0.2215387523174286
DS3-established,G07,418,404.5,404.0,405.0,404.5,0.3360483944416046,0.23879612982273102
DS3-established,G07,419,405.0,404.5,405.5,405.0,0.32010209560394287,0.2463880181312561
DS3-established,G07,420,405.5,405.0,406.0,405.5,0.30029600858688354,0.22337879240512848
DS3-established,G07,421,406.0,405.5,406.5,406.0,0.3286941647529602,0.23352880775928497
DS3-established,G07,422,406.5,406.0,407.0,406.5,0.31926819682121277,0.2256675511598587
DS3-established,G07,423,407.0,406.5,407.5,407.0,0.26953983306884766,0.1966252624988556
DS3-established,G07,424,407.5,407.0,408.0,407.5,0.3122917413711548,0.25179776549339294
DS3-established,G07,425,408.0,407.5,408.5,408.0,0.32573202252388,0.2623981833457947
DS3-established,G07,426,408.5,408.0,409.0,408.5,0.24425025284290314,0.21803686022758484
DS3-established,G07,427,409.0,408.5,409.5,409.0,0.29291287064552307,0.22266943752765656
DS3-established,G07,428,409.5,409.0,410.0,409.5,0.23722779750823975,0.1904803067445755
DS3-established,G07,429,410.0,409.5,410.5,410.0,0.2539139986038208,0.172964408993721
DS3-established,G07,430,410.5,410.0,411.0,410.5,0.334324449300766,0.21224084496498108
DS3-established,G07,431,411.0,410.5,411.5,411.0,0.3024173378944397,0.21165142953395844
DS3-established,G07,432,411.5,411.0,412.0,411.5,0.2336726039648056,0.18680986762046814
DS3-established,G07,433,412.0,411.5,412.5,412.0,0.2503798007965088,0.1742357462644577
DS3-established,G07,434,412.5,412.0,413.0,412.5,0.3178058862686157,0.2430405616760254
DS3-established,G07,435,413.0,412.5,413.5,413.0,0.30400750041007996,0.24154356122016907
DS3-established,G07,436,413.5,413.0,414.0,413.5,0.3300597369670868,0.24759502708911896
DS3-established,G07,437,414.0,413.5,414.5,414.0,0.292824387550354,0.2035752236843109
DS3-established,G07,438,414.5,414.0,415.0,414.5,0.2997726798057556,0.21376928687095642
DS3-established,G07,439,415.0,414.5,415.5,415.0,0.25919318199157715,0.18108174204826355
DS3-established,G07,440,415.5,415.0,416.0,415.5,0.30489054322242737,0.23041963577270508
DS3-established,G07,441,416.0,415.5,416.5,416.0,0.33284813165664673,0.21159444749355316
DS3-established,G07,442,416.5,416.0,417.0,416.5,0.2728683054447174,0.18316811323165894
DS3-established,G07,443,417.0,416.5,417.5,417.0,0.2972166836261749,0.2247246652841568
DS3-established,G07,444,417.5,417.0,418.0,417.5,0.2846667468547821,0.20136849582195282
DS3-established,G07,445,418.0,417.5,418.5,418.0,0.28653138875961304,0.20396167039871216
DS3-established,G07,446,418.5,418.0,419.0,418.5,0.2427210956811905,0.18273623287677765
DS3-established,G07,447,419.0,418.5,419.5,419.0,0.24157831072807312,0.18794900178909302
DS3-established,G07,448,419.5,419.0,420.0,419.5,0.32029181718826294,0.22708089649677277
DS3-established,G07,449,420.0,419.5,420.5,420.0,0.3265780210494995,0.21525098383426666
DS3-established,G07,450,420.5,420.0,421.0,420.5,0.3107714354991913,0.21305593848228455
DS3-established,G07,451,421.0,420.5,421.5,421.0,0.3286662995815277,0.25788113474845886
DS3-established,G07,452,421.5,421.0,422.0,421.5,0.349646657705307,0.2647767961025238
DS3-established,G07,453,422.0,421.5,422.5,422.0,0.31272876262664795,0.23990164697170258
DS3-established,G07,454,422.5,422.0,423.0,422.5,0.3289121985435486,0.24887225031852722
DS3-established,G07,455,423.0,422.5,423.5,423.0,0.2924109101295471,0.20083419978618622
DS3-established,G07,456,423.5,423.0,424.0,423.5,0.31132760643959045,0.20540250837802887
DS3-established,G07,457,424.0,423.5,424.5,424.0,0.41193652153015137,0.30393171310424805
DS3-established,G07,458,424.5,424.0,425.0,424.5,0.2870829403400421,0.21853786706924438
DS3-established,G07,459,425.0,424.5,425.5,425.0,0.23792879283428192,0.18435007333755493
DS3-established,G07,460,425.5,425.0,426.0,425.5,0.274096816778183,0.21672584116458893
DS3-established,G07,461,426.0,425.5,426.5,426.0,0.2758004069328308,0.21518047153949738
DS3-established,G07,462,426.5,426.0,427.0,426.5,0.2772161662578583,0.2133016139268875
DS3-established,G07,463,427.0,426.5,427.5,427.0,0.2780821621417999,0.21351930499076843
DS3-established,G07,464,427.5,427.0,428.0,427.5,0.32153409719467163,0.25824132561683655
DS3-established,G07,465,428.0,427.5,428.5,428.0,0.2998315095901489,0.24025927484035492
DS3-established,G07,466,428.5,428.0,429.0,428.5,0.2877245247364044,0.2216818928718567
DS3-established,G07,467,429.0,428.5,429.5,429.0,0.25060319900512695,0.18282712996006012
DS3-established,G07,468,429.5,429.0,430.0,429.5,0.3279515504837036,0.23118168115615845
DS3-established,G07,469,430.0,429.5,430.5,430.0,0.27036166191101074,0.1925889402627945
DS3-established,G07,470,430.5,430.0,431.0,430.5,0.26233312487602234,0.20672233402729034
DS3-established,G07,471,431.0,430.5,431.5,431.0,0.254101425409317,0.18611691892147064
DS3-established,G07,472,431.5,431.0,432.0,431.5,0.2827749252319336,0.22291162610054016
DS3-established,G07,473,432.0,431.5,432.5,432.0,0.2740216553211212,0.19987605512142181
DS3-established,G07,474,432.5,432.0,433.0,432.5,0.29027053713798523,0.2407960444688797
DS3-established,G07,475,433.0,432.5,433.5,433.0,0.285316526889801,0.20538870990276337
DS3-established,G07,476,433.5,433.0,434.0,433.5,0.2428751438856125,0.16699141263961792
DS3-established,G07,477,434.0,433.5,434.5,434.0,0.2191186398267746,0.15743455290794373
DS3-established,G07,478,434.5,434.0,435.0,434.5,0.2447137087583542,0.17524001002311707
DS3-established,G07,479,435.0,434.5,435.5,435.0,0.24523840844631195,0.1873176395893097
DS3-established,G07,480,435.5,435.0,436.0,435.5,0.3026261031627655,0.2523142397403717
DS3-established,G07,481,436.0,435.5,436.5,436.0,0.29009974002838135,0.24363639950752258
DS3-established,G07,482,436.5,436.0,437.0,436.5,0.2689532935619354,0.2017110139131546
DS3-established,G07,483,437.0,436.5,437.5,437.0,0.35218456387519836,0.25038713216781616
DS3-established,G07,484,437.5,437.0,438.0,437.5,0.3657067120075226,0.26296234130859375
DS3-established,G07,485,438.0,437.5,438.5,438.0,0.37140506505966187,0.2900448441505432
DS3-established,G07,486,438.5,438.0,439.0,438.5,0.3053300976753235,0.2375829964876175
DS3-established,G07,487,439.0,438.5,439.5,439.0,0.2460511326789856,0.19255943596363068
DS3-established,G07,488,439.5,439.0,440.0,439.5,0.2163056582212448,0.17202888429164886
DS3-established,G07,489,440.0,439.5,440.5,440.0,0.3314761221408844,0.26610222458839417
DS3-established,G07,490,440.5,440.0,441.0,440.5,0.3470671772956848,0.2813650071620941
DS3-established,G07,491,441.0,440.5,441.5,441.0,0.2564617693424225,0.19218622148036957
DS3-established,G07,492,441.5,441.0,442.0,441.5,0.3142978549003601,0.23764176666736603
DS3-established,G07,493,442.0,441.5,442.5,442.0,0.3176850378513336,0.2329123318195343
DS3-established,G07,494,442.5,442.0,443.0,442.5,0.3822929561138153,0.28802284598350525
DS3-established,G07,495,443.0,442.5,443.5,443.0,0.3095584213733673,0.23299646377563477
DS3-established,G07,496,443.5,443.0,444.0,443.5,0.22984106838703156,0.1724134236574173
DS3-established,G07,497,444.0,443.5,444.5,444.0,0.280193567276001,0.2139860838651657
DS3-established,G07,498,444.5,444.0,445.0,444.5,0.34945833683013916,0.2695414125919342
DS3-established,G07,499,445.0,444.5,445.5,445.0,0.3078305125236511,0.22842274606227875
DS3-established,G07,500,445.5,445.0,446.0,445.5,0.33962008357048035,0.27737197279930115
DS3-established,G07,501,446.0,445.5,446.5,446.0,0.3040243089199066,0.24414078891277313
DS3-established,G07,502,446.5,446.0,447.0,446.5,0.4007031321525574,0.329173743724823
DS3-established,G07,503,447.0,446.5,447.5,447.0,0.36463114619255066,0.30575287342071533
DS3-established,G07,504,447.5,447.0,448.0,447.5,0.33579927682876587,0.2754484713077545
DS3-established,G07,505,448.0,447.5,448.5,448.0,0.294523149728775,0.21054930984973907
DS3-established,G07,506,448.5,448.0,449.0,448.5,0.3251588046550751,0.2493957132101059
DS3-established,G07,507,449.0,448.5,449.5,449.0,0.3698464632034302,0.2917565107345581
DS3-established,G07,508,449.5,449.0,450.0,449.5,0.3430432677268982,0.2542286515235901
DS3-established,G07,509,450.0,449.5,450.5,450.0,0.2849261462688446,0.24099980294704437
DS3-established,G07,510,450.5,450.0,451.0,450.5,0.2872277498245239,0.2516367733478546
DS3-established,G07,511,451.0,450.5,451.5,451.0,0.2947773039340973,0.2187786102294922
DS3-established,G07,512,451.5,451.0,452.0,451.5,0.31327900290489197,0.21471786499023438
DS3-established,G07,513,452.0,451.5,452.5,452.0,0.28024163842201233,0.21151845157146454
DS3-established,G07,514,452.5,452.0,453.0,452.5,0.32941895723342896,0.26123756170272827
DS3-established,G07,515,453.0,452.5,453.5,453.0,0.29005658626556396,0.2070058435201645
DS3-established,G07,516,453.5,453.0,454.0,453.5,0.3343060612678528,0.24495632946491241
DS3-established,G07,517,454.0,453.5,454.5,454.0,0.2627863585948944,0.17862367630004883
DS3-established,G07,518,454.5,454.0,455.0,454.5,0.2886444330215454,0.186366468667984
DS3-established,G07,519,455.0,454.5,455.5,455.0,0.20947204530239105,0.15308594703674316
DS3-established,G07,520,455.5,455.0,456.0,455.5,0.22333331406116486,0.15190747380256653
DS3-established,G07,521,456.0,455.5,456.5,456.0,0.3053973317146301,0.24852047860622406
DS3-established,G07,522,456.5,456.0,457.0,456.5,0.3134397566318512,0.2681809961795807
DS3-established,G07,523,457.0,456.5,457.5,457.0,0.43048572540283203,0.324697345495224
DS3-established,G07,524,457.5,457.0,458.0,457.5,0.3525315821170807,0.25645318627357483
DS3-established,G08,12,207.5,207.0,208.0,207.5,3.5386006832122803,3.2718276977539062
DS3-established,G08,13,208.0,207.5,208.5,208.0,3.5898165702819824,3.3047828674316406
DS3-established,G08,14,208.5,208.0,209.0,208.5,3.983250617980957,3.6809751987457275
DS3-established,G08,15,209.0,208.5,209.5,209.0,4.014072418212891,3.7230043411254883
DS3-established,G08,16,209.5,209.0,210.0,209.5,3.924409866333008,3.62764310836792
DS3-established,G08,17,210.0,209.5,210.5,210.0,3.9048912525177,3.621129035949707
DS3-established,G08,18,210.5,210.0,211.0,210.5,3.9158520698547363,3.6389198303222656
DS3-established,G08,19,211.0,210.5,211.5,211.0,3.986762046813965,3.7257919311523438
DS3-established,G08,20,211.5,211.0,212.0,211.5,3.978081226348877,3.727254629135132
DS3-established,G08,21,212.0,211.5,212.5,212.0,3.780025005340576,3.5458881855010986
DS3-established,G08,22,212.5,212.0,213.0,212.5,2.3679263591766357,1.9707472324371338
DS3-established,G08,23,213.0,212.5,213.5,213.0,2.4791078567504883,2.1575405597686768
DS3-established,G08,24,213.5,213.0,214.0,213.5,4.256692409515381,4.005429267883301
DS3-established,G08,25,214.0,213.5,214.5,214.0,4.074677467346191,3.8312556743621826
DS3-established,G08,26,214.5,214.0,215.0,214.5,3.6980648040771484,3.4793035984039307
DS3-established,G08,27,215.0,214.5,215.5,215.0,3.363675355911255,3.1628217697143555
DS3-established,G08,28,215.5,215.0,216.0,215.5,1.5322819948196411,1.4188202619552612
DS3-established,G08,29,216.0,215.5,216.5,216.0,2.1329450607299805,1.9986504316329956
DS3-established,G08,30,216.5,216.0,217.0,216.5,2.681042432785034,2.5094470977783203
DS3-established,G08,31,217.0,216.5,217.5,217.0,1.133381962776184,1.0315998792648315
DS3-established,G08,32,217.5,217.0,218.0,217.5,0.5336015224456787,0.4364734888076782
DS3-established,G08,33,218.0,217.5,218.5,218.0,0.6662858724594116,0.43788835406303406
DS3-established,G08,34,218.5,218.0,219.0,218.5,0.7590397000312805,0.5457198619842529
DS3-established,G08,35,219.0,218.5,219.5,219.0,2.517437696456909,2.2466564178466797
DS3-established,G08,36,219.5,219.0,220.0,219.5,0.9449539184570312,0.7166635990142822
DS3-established,G08,37,220.0,219.5,220.5,220.0,3.258561849594116,3.021491050720215
DS3-established,G08,38,220.5,220.0,221.0,220.5,0.6964042782783508,0.5677216649055481
DS3-established,G08,39,221.0,220.5,221.5,221.0,0.3402625024318695,0.2546532452106476
DS3-established,G08,40,221.5,221.0,222.0,221.5,0.3335716426372528,0.2689497768878937
DS3-established,G08,41,222.0,221.5,222.5,222.0,0.4666447341442108,0.37925904989242554
DS3-established,G08,42,222.5,222.0,223.0,222.5,0.5208647847175598,0.43823519349098206
DS3-established,G08,43,223.0,222.5,223.5,223.0,0.4744338393211365,0.4102073311805725
DS3-established,G08,44,223.5,223.0,224.0,223.5,0.6320372223854065,0.521928608417511
DS3-established,G08,45,224.0,223.5,224.5,224.0,0.5801002383232117,0.41046276688575745
DS3-established,G08,46,224.5,224.0,225.0,224.5,0.7512985467910767,0.5920679569244385
DS3-established,G08,47,225.0,224.5,225.5,225.0,0.7531755566596985,0.5811740159988403
DS3-established,G08,48,225.5,225.0,226.0,225.5,0.7902270555496216,0.5360109806060791
DS3-established,G08,49,226.0,225.5,226.5,226.0,0.595228910446167,0.43131768703460693
DS3-established,G08,50,226.5,226.0,227.0,226.5,0.5917044281959534,0.4059922397136688
DS3-established,G08,51,227.0,226.5,227.5,227.0,0.47979143261909485,0.36474376916885376
DS3-established,G08,52,227.5,227.0,228.0,227.5,0.3463592529296875,0.27836111187934875
DS3-established,G08,53,228.0,227.5,228.5,228.0,0.6327434778213501,0.48179891705513
DS3-established,G08,54,228.5,228.0,229.0,228.5,2.0817975997924805,1.7392834424972534
DS3-established,G08,55,229.0,228.5,229.5,229.0,1.7094581127166748,1.3739757537841797
DS3-established,G08,56,229.5,229.0,230.0,229.5,0.614174485206604,0.48979949951171875
DS3-established,G08,57,230.0,229.5,230.5,230.0,0.7205871343612671,0.630886435508728
DS3-established,G08,58,230.5,230.0,231.0,230.5,1.4503183364868164,1.2819359302520752
DS3-established,G08,59,231.0,230.5,231.5,231.0,2.061910390853882,1.8684955835342407
DS3-established,G08,60,231.5,231.0,232.0,231.5,3.146714687347412,2.947622060775757
DS3-established,G08,61,232.0,231.5,232.5,232.0,3.897132158279419,3.673415422439575
DS3-established,G08,62,232.5,232.0,233.0,232.5,4.080409049987793,3.838913917541504
DS3-established,G08,63,233.0,232.5,233.5,233.0,4.4718708992004395,4.20753288269043
DS3-established,G08,64,233.5,233.0,234.0,233.5,4.092602252960205,3.8321969509124756
DS3-established,G08,65,234.0,233.5,234.5,234.0,4.004316329956055,3.7586185932159424
DS3-established,G08,66,234.5,234.0,235.0,234.5,4.287155628204346,4.032060623168945
DS3-established,G08,67,235.0,234.5,235.5,235.0,4.319202899932861,4.044299602508545
DS3-established,G08,68,235.5,235.0,236.0,235.5,3.130983352661133,2.887410879135132
DS3-established,G08,69,236.0,235.5,236.5,236.0,3.948925018310547,3.7007031440734863
DS3-established,G08,70,236.5,236.0,237.0,236.5,5.017430782318115,4.717428684234619
DS3-established,G08,71,237.0,236.5,237.5,237.0,3.1808040142059326,2.956162929534912
DS3-established,G08,72,237.5,237.0,238.0,237.5,2.75856876373291,2.547431230545044
DS3-established,G08,73,238.0,237.5,238.5,238.0,2.802884578704834,2.5948593616485596
DS3-established,G08,74,238.5,238.0,239.0,238.5,1.8195165395736694,1.672249674797058
DS3-established,G08,75,239.0,238.5,239.5,239.0,1.4048839807510376,1.2537484169006348
DS3-established,G08,76,239.5,239.0,240.0,239.5,1.3450870513916016,1.1359200477600098
DS3-established,G08,77,240.0,239.5,240.5,240.0,0.46389874815940857,0.3117391765117645
DS3-established,G08,78,240.5,240.0,241.0,240.5,0.37599876523017883,0.2992528975009918
DS3-established,G08,79,241.0,240.5,241.5,241.0,0.7520476579666138,0.6009343266487122
DS3-established,G08,80,241.5,241.0,242.0,241.5,0.5365048050880432,0.40735122561454773
DS3-established,G08,81,242.0,241.5,242.5,242.0,1.226216197013855,0.8742654919624329
DS3-established,G08,82,242.5,242.0,243.0,242.5,0.7305996417999268,0.6242696046829224
DS3-established,G08,83,243.0,242.5,243.5,243.0,0.4966548681259155,0.3942277133464813
DS3-established,G08,84,243.5,243.0,244.0,243.5,0.2643219530582428,0.1797168254852295
DS3-established,G08,85,244.0,243.5,244.5,244.0,0.7602687478065491,0.5832310914993286
DS3-established,G08,86,244.5,244.0,245.0,244.5,0.3971615433692932,0.2690029740333557
DS3-established,G08,87,245.0,244.5,245.5,245.0,0.6432976722717285,0.5380477905273438
DS3-established,G08,88,245.5,245.0,246.0,245.5,0.43934366106987,0.3421921730041504
DS3-established,G08,89,246.0,245.5,246.5,246.0,0.2886744439601898,0.23428699374198914
DS3-established,G08,90,246.5,246.0,247.0,246.5,0.5344023704528809,0.38847535848617554
DS3-established,G08,91,247.0,246.5,247.5,247.0,0.4148150682449341,0.34229913353919983
DS3-established,G08,92,247.5,247.0,248.0,247.5,0.5256797671318054,0.42160746455192566
DS3-established,G08,93,248.0,247.5,248.5,248.0,0.3519097864627838,0.2976688742637634
DS3-established,G08,94,248.5,248.0,249.0,248.5,0.1957566738128662,0.15129737555980682
DS3-established,G08,95,249.0,248.5,249.5,249.0,0.4453210234642029,0.3432982563972473
DS3-established,G08,96,249.5,249.0,250.0,249.5,0.5053955912590027,0.38851022720336914
DS3-established,G08,97,250.0,249.5,250.5,250.0,1.0249367952346802,0.8804210424423218
DS3-established,G08,98,250.5,250.0,251.0,250.5,0.6714189052581787,0.5395548939704895
DS3-established,G08,99,251.0,250.5,251.5,251.0,2.7104618549346924,2.5307505130767822
DS3-established,G08,100,251.5,251.0,252.0,251.5,2.5290327072143555,2.3725476264953613
DS3-established,G08,101,252.0,251.5,252.5,252.0,3.5219998359680176,3.3252344131469727
DS3-established,G08,102,252.5,252.0,253.0,252.5,2.645960569381714,2.4831249713897705
DS3-established,G08,103,253.0,252.5,253.5,253.0,2.3240296840667725,2.146477699279785
DS3-established,G08,104,253.5,253.0,254.0,253.5,2.4462831020355225,2.295489549636841
DS3-established,G08,105,254.0,253.5,254.5,254.0,2.2272727489471436,2.0863451957702637
DS3-established,G08,106,254.5,254.0,255.0,254.5,2.3906068801879883,2.2338786125183105
DS3-established,G08,107,255.0,254.5,255.5,255.0,1.4357092380523682,1.278536081314087
DS3-established,G08,108,255.5,255.0,256.0,255.5,0.7708977460861206,0.6494422554969788
DS3-established,G08,109,256.0,255.5,256.5,256.0,1.0532749891281128,0.9229719638824463
DS3-established,G08,110,256.5,256.0,257.0,256.5,1.0286630392074585,0.9334794282913208
DS3-established,G08,111,257.0,256.5,257.5,257.0,0.3948819935321808,0.31846678256988525
DS3-established,G08,112,257.5,257.0,258.0,257.5,0.40901678800582886,0.30433812737464905
DS3-established,G08,113,258.0,257.5,258.5,258.0,0.8411151766777039,0.7367842793464661
DS3-established,G08,114,258.5,258.0,259.0,258.5,1.909524917602539,1.7766001224517822
DS3-established,G08,115,259.0,258.5,259.5,259.0,1.6377911567687988,1.4941333532333374
DS3-established,G08,116,259.5,259.0,260.0,259.5,1.5828593969345093,1.4773260354995728
DS3-established,G08,117,260.0,259.5,260.5,260.0,2.096404552459717,1.96346116065979
DS3-established,G08,118,260.5,260.0,261.0,260.5,1.5237473249435425,1.262860894203186
DS3-established,G08,119,261.0,260.5,261.5,261.0,1.4094120264053345,1.2568490505218506
DS3-established,G08,120,261.5,261.0,262.0,261.5,0.8342013359069824,0.6863081455230713
DS3-established,G08,121,262.0,261.5,262.5,262.0,0.48683497309684753,0.3801911175251007
DS3-established,G08,122,262.5,262.0,263.0,262.5,0.6463029384613037,0.5489336252212524
DS3-established,G08,123,263.0,262.5,263.5,263.0,0.5274264812469482,0.45098114013671875
DS3-established,G08,124,263.5,263.0,264.0,263.5,0.5110830068588257,0.426194429397583
DS3-established,G08,125,264.0,263.5,264.5,264.0,0.4660590887069702,0.39476698637008667
DS3-established,G08,126,264.5,264.0,265.0,264.5,0.4920511543750763,0.3890892267227173
DS3-established,G08,127,265.0,264.5,265.5,265.0,0.37483102083206177,0.32946667075157166
DS3-established,G08,128,265.5,265.0,266.0,265.5,0.2372523993253708,0.1864732801914215
DS3-established,G08,129,266.0,265.5,266.5,266.0,0.34369924664497375,0.22823302447795868
DS3-established,G08,130,266.5,266.0,267.0,266.5,0.35402214527130127,0.2611581087112427
DS3-established,G08,131,267.0,266.5,267.5,267.0,0.2902471125125885,0.2572267949581146
DS3-established,G08,132,267.5,267.0,268.0,267.5,0.3902662396430969,0.33790722489356995
DS3-established,G08,133,268.0,267.5,268.5,268.0,0.29657816886901855,0.18030792474746704
DS3-established,G08,134,268.5,268.0,269.0,268.5,0.5749465227127075,0.5043743252754211
DS3-established,G08,135,269.0,268.5,269.5,269.0,0.4533500373363495,0.35322868824005127
DS3-established,G08,136,269.5,269.0,270.0,269.5,0.5078442692756653,0.34562283754348755
DS3-established,G08,137,270.0,269.5,270.5,270.0,0.19297665357589722,0.15789316594600677
DS3-established,G08,138,270.5,270.0,271.0,270.5,0.5432100892066956,0.3988448679447174
DS3-established,G08,139,271.0,270.5,271.5,271.0,0.675832986831665,0.5164088010787964
DS3-established,G08,140,271.5,271.0,272.0,271.5,0.4352943003177643,0.25351110100746155
DS3-established,G08,141,272.0,271.5,272.5,272.0,0.331913560628891,0.26703131198883057
DS3-established,G08,142,272.5,272.0,273.0,272.5,0.40269389748573303,0.30995142459869385
DS3-established,G08,143,273.0,272.5,273.5,273.0,0.4687439501285553,0.32243481278419495
DS3-established,G08,144,273.5,273.0,274.0,273.5,0.3837445378303528,0.2559196650981903
DS3-established,G08,145,274.0,273.5,274.5,274.0,0.4063192903995514,0.2553207278251648
DS3-established,G08,146,274.5,274.0,275.0,274.5,0.3349805474281311,0.27135005593299866
DS3-established,G08,147,275.0,274.5,275.5,275.0,0.21573233604431152,0.1533072143793106
DS3-established,G08,148,275.5,275.0,276.0,275.5,0.35095617175102234,0.27619311213493347
DS3-established,G08,149,276.0,275.5,276.5,276.0,0.3486476242542267,0.2267247885465622
DS3-established,G08,150,276.5,276.0,277.0,276.5,0.45359745621681213,0.34862273931503296
DS3-established,G08,151,277.0,276.5,277.5,277.0,0.2366124838590622,0.19531597197055817
DS3-established,G08,152,277.5,277.0,278.0,277.5,0.46638935804367065,0.36761465668678284
DS3-established,G08,153,278.0,277.5,278.5,278.0,0.35839134454727173,0.29888519644737244
DS3-established,G08,154,278.5,278.0,279.0,278.5,0.43514713644981384,0.3387315273284912
DS3-established,G08,155,279.0,278.5,279.5,279.0,0.28807997703552246,0.21114031970500946
DS3-established,G08,156,279.5,279.0,280.0,279.5,0.9713748693466187,0.7107921838760376
DS3-established,G08,157,280.0,279.5,280.5,280.0,0.5212533473968506,0.31484296917915344
DS3-established,G08,158,280.5,280.0,281.0,280.5,0.44234704971313477,0.36528733372688293
DS3-established,G08,159,281.0,280.5,281.5,281.0,0.20331481099128723,0.17261244356632233
DS3-established,G08,160,281.5,281.0,282.0,281.5,0.11312633007764816,0.09694970399141312
DS3-established,G08,161,282.0,281.5,282.5,282.0,0.1405554562807083,0.105767160654068
DS3-established,G08,162,282.5,282.0,283.0,282.5,0.3566514849662781,0.24047613143920898
DS3-established,G08,163,283.0,282.5,283.5,283.0,0.4393793046474457,0.3032858371734619
DS3-established,G08,164,283.5,283.0,284.0,283.5,0.4186781644821167,0.3438302278518677
DS3-established,G08,165,284.0,283.5,284.5,284.0,0.41844961047172546,0.32172420620918274
DS3-established,G08,166,284.5,284.0,285.0,284.5,0.5551665425300598,0.36034533381462097
DS3-established,G08,167,285.0,284.5,285.5,285.0,0.4866838753223419,0.35861340165138245
DS3-established,G08,168,285.5,285.0,286.0,285.5,0.4339469373226166,0.3138705790042877
DS3-established,G08,169,286.0,285.5,286.5,286.0,0.5324065089225769,0.356975257396698
DS3-established,G08,170,286.5,286.0,287.0,286.5,0.5275769233703613,0.4037226736545563
DS3-established,G08,171,287.0,286.5,287.5,287.0,0.3046913743019104,0.2282007485628128
DS3-established,G08,172,287.5,287.0,288.0,287.5,0.41674622893333435,0.33554670214653015
DS3-established,G08,173,288.0,287.5,288.5,288.0,0.4511110484600067,0.36918115615844727
DS3-established,G08,174,288.5,288.0,289.0,288.5,0.28774768114089966,0.253635436296463
DS3-established,G08,175,289.0,288.5,289.5,289.0,0.34778261184692383,0.24737639725208282
DS3-established,G08,176,289.5,289.0,290.0,289.5,0.4755251109600067,0.40341174602508545
DS3-established,G08,177,290.0,289.5,290.5,290.0,0.30516552925109863,0.2482515424489975
DS3-established,G08,178,290.5,290.0,291.0,290.5,0.39133375883102417,0.34479373693466187
DS3-established,G08,179,291.0,290.5,291.5,291.0,0.41037729382514954,0.3542357087135315
DS3-established,G08,180,291.5,291.0,292.0,291.5,0.6302700042724609,0.47531208395957947
DS3-established,G08,181,292.0,291.5,292.5,292.0,0.5048063397407532,0.43817493319511414
DS3-established,G08,182,292.5,292.0,293.0,292.5,0.373273640871048,0.3249663710594177
DS3-established,G08,183,293.0,292.5,293.5,293.0,0.3740208148956299,0.25455859303474426
DS3-established,G08,184,293.5,293.0,294.0,293.5,0.35932326316833496,0.3264878988265991
DS3-established,G08,185,294.0,293.5,294.5,294.0,0.20229481160640717,0.16804638504981995
DS3-established,G08,186,294.5,294.0,295.0,294.5,0.43332353234291077,0.3272795081138611
DS3-established,G08,187,295.0,294.5,295.5,295.0,0.347037672996521,0.21709606051445007
DS3-established,G08,188,295.5,295.0,296.0,295.5,0.3852207064628601,0.27332183718681335
DS3-established,G08,189,296.0,295.5,296.5,296.0,0.226297065615654,0.17257936298847198
DS3-established,G08,190,296.5,296.0,297.0,296.5,0.31302618980407715,0.26738086342811584
DS3-established,G08,191,297.0,296.5,297.5,297.0,0.27793002128601074,0.1769055873155594
DS3-established,G08,192,297.5,297.0,298.0,297.5,0.2600536048412323,0.22324401140213013
DS3-established,G08,193,298.0,297.5,298.5,298.0,0.2148909568786621,0.178026020526886
DS3-established,G08,194,298.5,298.0,299.0,298.5,0.22611813247203827,0.2001054584980011
DS3-established,G08,195,299.0,298.5,299.5,299.0,0.546751081943512,0.4310552179813385
DS3-established,G08,196,299.5,299.0,300.0,299.5,0.4954288601875305,0.4107322692871094
DS3-established,G08,197,300.0,299.5,300.5,300.0,0.3922434449195862,0.29917842149734497
DS3-established,G08,198,300.5,300.0,301.0,300.5,0.24571357667446136,0.20344318449497223
DS3-established,G08,199,301.0,300.5,301.5,301.0,0.3426657021045685,0.20245219767093658
DS3-established,G08,200,301.5,301.0,302.0,301.5,0.40556561946868896,0.3074898421764374
DS3-established,G08,201,302.0,301.5,302.5,302.0,0.6419317722320557,0.5165995359420776
DS3-established,G08,202,302.5,302.0,303.0,302.5,0.3926161825656891,0.3546539843082428
DS3-established,G08,203,303.0,302.5,303.5,303.0,0.47227638959884644,0.408650279045105
DS3-established,G08,204,303.5,303.0,304.0,303.5,0.2922132611274719,0.21853630244731903
DS3-established,G08,205,304.0,303.5,304.5,304.0,0.39247217774391174,0.3293711543083191
DS3-established,G08,206,304.5,304.0,305.0,304.5,0.3732556998729706,0.27982771396636963
DS3-established,G08,207,305.0,304.5,305.5,305.0,0.18391156196594238,0.14279597997665405
DS3-established,G08,208,305.5,305.0,306.0,305.5,0.5210877656936646,0.3707500994205475
DS3-established,G08,209,306.0,305.5,306.5,306.0,0.5134654641151428,0.37480536103248596
DS3-established,G08,210,306.5,306.0,307.0,306.5,0.4390377998352051,0.27986666560173035
DS3-established,G08,211,307.0,306.5,307.5,307.0,0.25943249464035034,0.19843946397304535
DS3-established,G08,212,307.5,307.0,308.0,307.5,0.3582290709018707,0.2805391550064087
DS3-established,G08,213,308.0,307.5,308.5,308.0,0.30770331621170044,0.22973103821277618
DS3-established,G08,214,308.5,308.0,309.0,308.5,0.3072231411933899,0.27246516942977905
DS3-established,G08,215,309.0,308.5,309.5,309.0,0.17486059665679932,0.1232299953699112
DS3-established,G08,216,309.5,309.0,310.0,309.5,0.32973334193229675,0.2613302171230316
DS3-established,G08,217,310.0,309.5,310.5,310.0,0.42225706577301025,0.3002932071685791
DS3-established,G08,218,310.5,310.0,311.0,310.5,0.7012813687324524,0.5301005244255066
DS3-established,G08,219,311.0,310.5,311.5,311.0,0.3975422978401184,0.3271275758743286
DS3-established,G08,220,311.5,311.0,312.0,311.5,0.4958523213863373,0.279681533575058
DS3-established,G08,221,312.0,311.5,312.5,312.0,0.521455705165863,0.3809985816478729
DS3-established,G08,222,312.5,312.0,313.0,312.5,0.37188422679901123,0.2825164794921875
DS3-established,G08,223,313.0,312.5,313.5,313.0,0.41301605105400085,0.33483949303627014
DS3-established,G08,224,313.5,313.0,314.0,313.5,0.5483798384666443,0.4684164822101593
DS3-established,G08,225,314.0,313.5,314.5,314.0,0.4231809079647064,0.3267524242401123
DS3-established,G08,226,314.5,314.0,315.0,314.5,0.4596865475177765,0.3901921808719635
DS3-established,G08,227,315.0,314.5,315.5,315.0,0.6130976676940918,0.46901533007621765
DS3-established,G08,228,315.5,315.0,316.0,315.5,0.4336291253566742,0.36131012439727783
DS3-established,G08,229,316.0,315.5,316.5,316.0,0.4739556908607483,0.3835969865322113
DS3-established,G08,230,316.5,316.0,317.0,316.5,1.0889372825622559,0.8229997754096985
DS3-established,G08,231,317.0,316.5,317.5,317.0,0.5586711168289185,0.4425192177295685
DS3-established,G08,232,317.5,317.0,318.0,317.5,2.029510736465454,1.8259445428848267
DS3-established,G08,233,318.0,317.5,318.5,318.0,1.2542037963867188,1.1141752004623413
DS3-established,G08,234,318.5,318.0,319.0,318.5,0.5462774634361267,0.47900518774986267
DS3-established,G08,235,319.0,318.5,319.5,319.0,0.41896650195121765,0.3381684124469757
DS3-established,G08,236,319.5,319.0,320.0,319.5,0.3764215111732483,0.28752821683883667
DS3-established,G08,237,320.0,319.5,320.5,320.0,0.5847793221473694,0.3803074061870575
DS3-established,G08,238,320.5,320.0,321.0,320.5,0.38797712326049805,0.30225878953933716
DS3-established,G08,239,321.0,320.5,321.5,321.0,0.251224160194397,0.1892133206129074
DS3-established,G08,240,321.5,321.0,322.0,321.5,0.5083394050598145,0.3570680618286133
DS3-established,G08,241,322.0,321.5,322.5,322.0,0.7034711837768555,0.6446284055709839
DS3-established,G08,242,322.5,322.0,323.0,322.5,0.5786416530609131,0.4625048041343689
DS3-established,G08,243,323.0,322.5,323.5,323.0,0.5972517728805542,0.45764127373695374
DS3-established,G08,244,323.5,323.0,324.0,323.5,1.3997029066085815,1.2812894582748413
DS3-established,G08,245,324.0,323.5,324.5,324.0,0.9160709381103516,0.8000022172927856
DS3-established,G08,246,324.5,324.0,325.0,324.5,0.5477734804153442,0.43504461646080017
DS3-established,G08,247,325.0,324.5,325.5,325.0,0.7596285343170166,0.6478211283683777
DS3-established,G08,248,325.5,325.0,326.0,325.5,0.5121695399284363,0.423126757144928
DS3-established,G08,249,326.0,325.5,326.5,326.0,0.580405056476593,0.4362699091434479
DS3-established,G08,250,326.5,326.0,327.0,326.5,0.4154520034790039,0.3548452854156494
DS3-established,G08,251,327.0,326.5,327.5,327.0,0.3331853747367859,0.2839851975440979
DS3-established,G08,252,327.5,327.0,328.0,327.5,0.30075711011886597,0.25706520676612854
DS3-established,G08,253,328.0,327.5,328.5,328.0,0.27469298243522644,0.21805277466773987
DS3-established,G08,254,328.5,328.0,329.0,328.5,0.26101866364479065,0.1958438903093338
DS3-established,G08,255,329.0,328.5,329.5,329.0,0.5428679585456848,0.4845617115497589
DS3-established,G08,256,329.5,329.0,330.0,329.5,0.4243480861186981,0.3770982325077057
DS3-established,G08,257,330.0,329.5,330.5,330.0,0.361649751663208,0.3063168525695801
DS3-established,G08,258,330.5,330.0,331.0,330.5,0.4998978078365326,0.3433789610862732
DS3-established,G08,259,331.0,330.5,331.5,331.0,0.4902735650539398,0.3867708444595337
DS3-established,G08,260,331.5,331.0,332.0,331.5,0.45636796951293945,0.39002031087875366
DS3-established,G08,261,332.0,331.5,332.5,332.0,0.32905516028404236,0.20658378303050995
DS3-established,G08,262,332.5,332.0,333.0,332.5,0.42595335841178894,0.32626956701278687
DS3-established,G08,263,333.0,332.5,333.5,333.0,0.354658305644989,0.3056696951389313
DS3-established,G08,264,333.5,333.0,334.0,333.5,0.5384517908096313,0.47179386019706726
DS3-established,G08,265,334.0,333.5,334.5,334.0,0.48103705048561096,0.3956548273563385
DS3-established,G08,266,334.5,334.0,335.0,334.5,0.4588232636451721,0.33496156334877014
DS3-established,G08,267,335.0,334.5,335.5,335.0,1.0394984483718872,0.9609830975532532
DS3-established,G08,268,335.5,335.0,336.0,335.5,1.3806378841400146,1.2704778909683228
DS3-established,G08,269,336.0,335.5,336.5,336.0,0.47120943665504456,0.4057554304599762
DS3-established,G08,270,336.5,336.0,337.0,336.5,0.3716464042663574,0.31149905920028687
DS3-established,G08,271,337.0,336.5,337.5,337.0,0.43616485595703125,0.34979239106178284
DS3-established,G08,272,337.5,337.0,338.0,337.5,0.3537072241306305,0.28328678011894226
DS3-established,G08,273,338.0,337.5,338.5,338.0,0.2560367286205292,0.22241486608982086
DS3-established,G08,274,338.5,338.0,339.0,338.5,0.36551061272621155,0.28668463230133057
DS3-established,G08,275,339.0,338.5,339.5,339.0,0.6131502985954285,0.5015642642974854
DS3-established,G08,276,339.5,339.0,340.0,339.5,0.5886367559432983,0.5084755420684814
DS3-established,G08,277,340.0,339.5,340.5,340.0,0.3009074628353119,0.21848241984844208
DS3-established,G08,278,340.5,340.0,341.0,340.5,0.23976966738700867,0.2079421430826187
DS3-established,G08,279,341.0,340.5,341.5,341.0,0.46583306789398193,0.2754865288734436
DS3-established,G08,280,341.5,341.0,342.0,341.5,0.6071099638938904,0.4733901023864746
DS3-established,G08,281,342.0,341.5,342.5,342.0,0.6325538158416748,0.4912368059158325
DS3-established,G08,282,342.5,342.0,343.0,342.5,0.28272709250450134,0.19511699676513672
DS3-established,G08,283,343.0,342.5,343.5,343.0,0.38872188329696655,0.30438366532325745
DS3-established,G08,284,343.5,343.0,344.0,343.5,0.319231778383255,0.258617639541626
DS3-established,G08,285,344.0,343.5,344.5,344.0,0.19756649434566498,0.1392042189836502
DS3-established,G08,286,344.5,344.0,345.0,344.5,0.31564804911613464,0.2242279052734375
DS3-established,G08,287,345.0,344.5,345.5,345.0,0.27910473942756653,0.22411632537841797
DS3-established,G08,288,345.5,345.0,346.0,345.5,0.33743682503700256,0.28975799679756165
DS3-established,G08,289,346.0,345.5,346.5,346.0,0.35551580786705017,0.28553062677383423
DS3-established,G08,290,346.5,346.0,347.0,346.5,0.5381057858467102,0.4431573748588562
DS3-established,G08,291,347.0,346.5,347.5,347.0,1.1568328142166138,0.9123470783233643
DS3-established,G08,292,347.5,347.0,348.0,347.5,0.5042812824249268,0.40186282992362976
DS3-established,G08,293,348.0,347.5,348.5,348.0,1.0102804899215698,0.8442995548248291
DS3-established,G08,294,348.5,348.0,349.0,348.5,0.5411071181297302,0.4127110540866852
DS3-established,G08,295,349.0,348.5,349.5,349.0,1.5323123931884766,1.4211692810058594
DS3-established,G08,296,349.5,349.0,350.0,349.5,1.0847876071929932,0.9774950742721558
DS3-established,G08,297,350.0,349.5,350.5,350.0,0.8535611033439636,0.6809968948364258
DS3-established,G08,298,350.5,350.0,351.0,350.5,0.6842830181121826,0.5650922060012817
DS3-established,G08,299,351.0,350.5,351.5,351.0,0.6352245211601257,0.5764965415000916
DS3-established,G08,300,351.5,351.0,352.0,351.5,0.49028280377388,0.37356239557266235
DS3-established,G08,301,352.0,351.5,352.5,352.0,0.6679489016532898,0.4850275218486786
DS3-established,G08,302,352.5,352.0,353.0,352.5,2.042459726333618,1.5484834909439087
DS3-established,G08,303,353.0,352.5,353.5,353.0,1.726369857788086,1.3753582239151
DS3-established,G08,304,353.5,353.0,354.0,353.5,1.0010583400726318,0.8712299466133118
DS3-established,G08,305,354.0,353.5,354.5,354.0,0.698226809501648,0.5727235674858093
DS3-established,G08,306,354.5,354.0,355.0,354.5,0.5459998846054077,0.4583367705345154
DS3-established,G08,307,355.0,354.5,355.5,355.0,0.32568711042404175,0.27518486976623535
DS3-established,G08,308,355.5,355.0,356.0,355.5,0.24922578036785126,0.16793885827064514
DS3-established,G08,309,356.0,355.5,356.5,356.0,0.3521434962749481,0.3098364770412445
DS3-established,G08,310,356.5,356.0,357.0,356.5,0.46388885378837585,0.32595527172088623
DS3-established,G08,311,357.0,356.5,357.5,357.0,0.4143991768360138,0.2679228186607361
DS3-established,G08,312,357.5,357.0,358.0,357.5,0.6737845540046692,0.5598656535148621
DS3-established,G08,313,358.0,357.5,358.5,358.0,0.2172406166791916,0.18682853877544403
DS3-established,G08,314,358.5,358.0,359.0,358.5,0.3846709132194519,0.3063289225101471
DS3-established,G08,315,359.0,358.5,359.5,359.0,0.5891822576522827,0.4436064064502716
DS3-established,G08,316,359.5,359.0,360.0,359.5,0.48977211117744446,0.39257729053497314
DS3-established,G08,317,360.0,359.5,360.5,360.0,0.648950457572937,0.5279548764228821
DS3-established,G08,318,360.5,360.0,361.0,360.5,0.6000868082046509,0.45427218079566956
DS3-established,G08,319,361.0,360.5,361.5,361.0,0.49989986419677734,0.4076189398765564
DS3-established,G08,320,361.5,361.0,362.0,361.5,0.3504089117050171,0.3070929944515228
DS3-established,G08,321,362.0,361.5,362.5,362.0,0.2915186285972595,0.21220824122428894
DS3-established,G08,322,362.5,362.0,363.0,362.5,0.29256877303123474,0.22094105184078217
DS3-established,G08,323,363.0,362.5,363.5,363.0,0.36734092235565186,0.314191073179245
DS3-established,G08,324,363.5,363.0,364.0,363.5,0.3753354847431183,0.30124956369400024
DS3-established,G08,325,364.0,363.5,364.5,364.0,0.3759518563747406,0.3009359836578369
DS3-established,G08,326,364.5,364.0,365.0,364.5,0.46685394644737244,0.3905031979084015
DS3-established,G08,327,365.0,364.5,365.5,365.0,0.26730918884277344,0.2154117226600647
DS3-established,G08,328,365.5,365.0,366.0,365.5,0.35619327425956726,0.2826952040195465
DS3-established,G08,329,366.0,365.5,366.5,366.0,0.3458114564418793,0.25595104694366455
DS3-established,G08,330,366.5,366.0,367.0,366.5,0.22007867693901062,0.14884312450885773
DS3-established,G08,331,367.0,366.5,367.5,367.0,0.2841570973396301,0.22997429966926575
DS3-established,G08,332,367.5,367.0,368.0,367.5,0.3326146900653839,0.22548627853393555
DS3-established,G08,333,368.0,367.5,368.5,368.0,0.5547912120819092,0.46060052514076233
DS3-established,G08,334,368.5,368.0,369.0,368.5,0.5136746764183044,0.38508468866348267
DS3-established,G08,335,369.0,368.5,369.5,369.0,0.35637953877449036,0.2785288989543915
DS3-established,G08,336,369.5,369.0,370.0,369.5,0.3085688352584839,0.226019486784935
DS3-established,G08,337,370.0,369.5,370.5,370.0,0.4030231237411499,0.27177727222442627
DS3-established,G08,338,370.5,370.0,371.0,370.5,0.4698910713195801,0.3265141546726227
DS3-established,G08,339,371.0,370.5,371.5,371.0,0.27163636684417725,0.2073972225189209
DS3-established,G08,340,371.5,371.0,372.0,371.5,0.3012953996658325,0.20594115555286407
DS3-established,G08,341,372.0,371.5,372.5,372.0,0.5210004448890686,0.37749263644218445
DS3-established,G08,342,372.5,372.0,373.0,372.5,0.40099725127220154,0.2731736898422241
DS3-established,G08,343,373.0,372.5,373.5,373.0,0.3176784813404083,0.214101180434227
DS3-established,G08,344,373.5,373.0,374.0,373.5,0.2584962844848633,0.1705385148525238
DS3-established,G08,345,374.0,373.5,374.5,374.0,0.4929729104042053,0.3637465536594391
DS3-established,G08,346,374.5,374.0,375.0,374.5,0.5339994430541992,0.31635618209838867
DS3-established,G08,347,375.0,374.5,375.5,375.0,0.4797300398349762,0.3485359847545624
DS3-established,G08,348,375.5,375.0,376.0,375.5,0.524556040763855,0.381696492433548
DS3-established,G08,349,376.0,375.5,376.5,376.0,0.4397810101509094,0.3021225035190582
DS3-established,G08,350,376.5,376.0,377.0,376.5,0.49088573455810547,0.4111447036266327
DS3-established,G08,351,377.0,376.5,377.5,377.0,1.1274689435958862,0.8681157231330872
DS3-established,G08,352,377.5,377.0,378.0,377.5,0.8454000353813171,0.6733949780464172
DS3-established,G08,353,378.0,377.5,378.5,378.0,0.4643999934196472,0.4013083279132843
DS3-established,G08,354,378.5,378.0,379.0,378.5,0.8417825102806091,0.7592067718505859
DS3-established,G08,355,379.0,378.5,379.5,379.0,0.3539517819881439,0.27844861149787903
DS3-established,G08,356,379.5,379.0,380.0,379.5,0.4618523120880127,0.35151299834251404
DS3-established,G08,357,380.0,379.5,380.5,380.0,0.3000125586986542,0.25536903738975525
DS3-established,G08,358,380.5,380.0,381.0,380.5,0.6488391757011414,0.5524792075157166
DS3-established,G08,359,381.0,380.5,381.5,381.0,0.9056543111801147,0.7664512991905212
DS3-established,G08,360,381.5,381.0,382.0,381.5,1.7369526624679565,1.6012464761734009
DS3-established,G08,361,382.0,381.5,382.5,382.0,1.2916395664215088,1.1342334747314453
DS3-established,G08,362,382.5,382.0,383.0,382.5,0.9089725613594055,0.7942571640014648
DS3-established,G08,363,383.0,382.5,383.5,383.0,0.5604145526885986,0.49340662360191345
DS3-established,G08,364,383.5,383.0,384.0,383.5,0.37382087111473083,0.2802399694919586
DS3-established,G08,365,384.0,383.5,384.5,384.0,0.2974945306777954,0.25540268421173096
DS3-established,G08,366,384.5,384.0,385.0,384.5,0.34684085845947266,0.26917997002601624
DS3-established,G08,367,385.0,384.5,385.5,385.0,0.4945829510688782,0.4389694631099701
DS3-established,G08,368,385.5,385.0,386.0,385.5,0.3048276901245117,0.2552742063999176
DS3-established,G08,369,386.0,385.5,386.5,386.0,0.26454073190689087,0.2046314924955368
DS3-established,G08,370,386.5,386.0,387.0,386.5,0.3209807872772217,0.24007722735404968
DS3-established,G08,371,387.0,386.5,387.5,387.0,0.5410089492797852,0.39831042289733887
DS3-established,G08,372,387.5,387.0,388.0,387.5,0.3832351267337799,0.30451494455337524
DS3-established,G08,373,388.0,387.5,388.5,388.0,0.30333712697029114,0.20098073780536652
DS3-established,G08,374,388.5,388.0,389.0,388.5,0.47452667355537415,0.32536497712135315
DS3-established,G08,375,389.0,388.5,389.5,389.0,0.2908084988594055,0.17011648416519165
DS3-established,G08,376,389.5,389.0,390.0,389.5,0.4069124758243561,0.32400742173194885
DS3-established,G08,377,390.0,389.5,390.5,390.0,0.6890785098075867,0.48211097717285156
DS3-established,G08,378,390.5,390.0,391.0,390.5,0.4151216447353363,0.3300853967666626
DS3-established,G08,379,391.0,390.5,391.5,391.0,0.2858392894268036,0.23975668847560883
DS3-established,G08,380,391.5,391.0,392.0,391.5,0.4665304124355316,0.330274373292923
DS3-established,G08,381,392.0,391.5,392.5,392.0,0.41486188769340515,0.3326718509197235
DS3-established,G08,382,392.5,392.0,393.0,392.5,0.5170689821243286,0.37643665075302124
DS3-established,G08,383,393.0,392.5,393.5,393.0,0.33023905754089355,0.22567807137966156
DS3-established,G08,384,393.5,393.0,394.0,393.5,0.27722740173339844,0.22124500572681427
DS3-established,G08,385,394.0,393.5,394.5,394.0,0.34591612219810486,0.2810172140598297
DS3-established,G08,386,394.5,394.0,395.0,394.5,0.5472738742828369,0.4448152184486389
DS3-established,G08,387,395.0,394.5,395.5,395.0,0.42712318897247314,0.35859209299087524
DS3-established,G08,388,395.5,395.0,396.0,395.5,0.28944477438926697,0.2436775416135788
DS3-established,G08,389,396.0,395.5,396.5,396.0,0.37900298833847046,0.2725934386253357
DS3-established,G08,390,396.5,396.0,397.0,396.5,0.2365419864654541,0.19045183062553406
DS3-established,G08,391,397.0,396.5,397.5,397.0,0.23945924639701843,0.1803111881017685
DS3-established,G08,392,397.5,397.0,398.0,397.5,0.25934091210365295,0.2282978743314743
DS3-established,G08,393,398.0,397.5,398.5,398.0,0.2922203838825226,0.19368791580200195
DS3-established,G08,394,398.5,398.0,399.0,398.5,0.2162601500749588,0.16748248040676117
DS3-established,G08,395,399.0,398.5,399.5,399.0,0.29086703062057495,0.22131773829460144
DS3-established,G08,396,399.5,399.0,400.0,399.5,0.3000679910182953,0.2272731214761734
DS3-established,G08,397,400.0,399.5,400.5,400.0,0.3204096555709839,0.22383494675159454
DS3-established,G08,398,400.5,400.0,401.0,400.5,0.5318464636802673,0.35641610622406006
DS3-established,G08,399,401.0,400.5,401.5,401.0,0.5654919147491455,0.46184006333351135
DS3-established,G08,400,401.5,401.0,402.0,401.5,0.33009523153305054,0.24368135631084442
DS3-established,G08,401,402.0,401.5,402.5,402.0,0.3332226574420929,0.2920376658439636
DS3-established,G08,402,402.5,402.0,403.0,402.5,0.5013541579246521,0.407492071390152
DS3-established,G08,403,403.0,402.5,403.5,403.0,0.45893946290016174,0.27886998653411865
DS3-established,G08,404,403.5,403.0,404.0,403.5,0.46527957916259766,0.34193193912506104
DS3-established,G08,405,404.0,403.5,404.5,404.0,0.3264850080013275,0.2738245129585266
DS3-established,G08,406,404.5,404.0,405.0,404.5,0.3708750903606415,0.2601539194583893
DS3-established,G08,407,405.0,404.5,405.5,405.0,0.43934693932533264,0.267658531665802
DS3-established,G08,408,405.5,405.0,406.0,405.5,0.2906494140625,0.2317628413438797
DS3-established,G08,409,406.0,405.5,406.5,406.0,0.2752969563007355,0.22377470135688782
DS3-established,G08,410,406.5,406.0,407.0,406.5,0.28203412890434265,0.2060619741678238
DS3-established,G08,411,407.0,406.5,407.5,407.0,0.30892112851142883,0.21865686774253845
DS3-established,G08,412,407.5,407.0,408.0,407.5,0.21150654554367065,0.18014958500862122
DS3-established,G08,413,408.0,407.5,408.5,408.0,0.3443284332752228,0.28484588861465454
DS3-established,G08,414,408.5,408.0,409.0,408.5,0.4112022817134857,0.2727150321006775
DS3-established,G08,415,409.0,408.5,409.5,409.0,0.3451753556728363,0.28311362862586975
DS3-established,G08,416,409.5,409.0,410.0,409.5,0.2703227400779724,0.20553241670131683
DS3-established,G08,417,410.0,409.5,410.5,410.0,0.3250824213027954,0.22092361748218536
DS3-established,G08,418,410.5,410.0,411.0,410.5,0.444456547498703,0.31928446888923645
DS3-established,G08,419,411.0,410.5,411.5,411.0,0.34402695298194885,0.25853532552719116
DS3-established,G08,420,411.5,411.0,412.0,411.5,0.35927656292915344,0.21658068895339966
DS3-established,G08,421,412.0,411.5,412.5,412.0,0.320919394493103,0.2258179485797882
DS3-established,G08,422,412.5,412.0,413.0,412.5,0.4024563431739807,0.3054022192955017
DS3-established,G08,423,413.0,412.5,413.5,413.0,0.28812065720558167,0.20395199954509735
DS3-established,G08,424,413.5,413.0,414.0,413.5,0.24457064270973206,0.19175036251544952
DS3-established,G08,425,414.0,413.5,414.5,414.0,0.1573304831981659,0.12547513842582703
DS3-established,G08,426,414.5,414.0,415.0,414.5,0.33303284645080566,0.24016019701957703
DS3-established,G08,427,415.0,414.5,415.5,415.0,0.653144896030426,0.476051390171051
DS3-established,G08,428,415.5,415.0,416.0,415.5,0.4888641834259033,0.33978548645973206
DS3-established,G08,429,416.0,415.5,416.5,416.0,0.35632771253585815,0.26856759190559387
DS3-established,G08,430,416.5,416.0,417.0,416.5,0.4510945677757263,0.34515535831451416
DS3-established,G08,431,417.0,416.5,417.5,417.0,0.47159579396247864,0.3238205909729004
DS3-established,G08,432,417.5,417.0,418.0,417.5,0.2890925407409668,0.20257419347763062
DS3-established,G08,433,418.0,417.5,418.5,418.0,0.23884183168411255,0.17636625468730927
DS3-established,G08,434,418.5,418.0,419.0,418.5,0.36377957463264465,0.2723165452480316
DS3-established,G08,435,419.0,418.5,419.5,419.0,0.2921363413333893,0.21412260830402374
DS3-established,G08,436,419.5,419.0,420.0,419.5,0.3304501175880432,0.21760964393615723
DS3-established,G08,437,420.0,419.5,420.5,420.0,0.4530535042285919,0.30865901708602905
DS3-established,G08,438,420.5,420.0,421.0,420.5,0.35437822341918945,0.23821793496608734
DS3-established,G08,439,421.0,420.5,421.5,421.0,0.23975788056850433,0.16382718086242676
DS3-established,G08,440,421.5,421.0,422.0,421.5,0.21110720932483673,0.1472214013338089
DS3-established,G08,441,422.0,421.5,422.5,422.0,0.3542909622192383,0.27542874217033386
DS3-established,G08,442,422.5,422.0,423.0,422.5,0.3421552777290344,0.2580385208129883
DS3-established,G08,443,423.0,422.5,423.5,423.0,0.4123084545135498,0.27737000584602356
DS3-established,G08,444,423.5,423.0,424.0,423.5,0.40605130791664124,0.2744957506656647
DS3-established,G08,445,424.0,423.5,424.5,424.0,0.3815625309944153,0.3283807337284088
DS3-established,G08,446,424.5,424.0,425.0,424.5,0.2727889120578766,0.1977682113647461
DS3-established,G08,447,425.0,424.5,425.5,425.0,0.32232555747032166,0.23612520098686218
DS3-established,G08,448,425.5,425.0,426.0,425.5,0.4337247908115387,0.32245492935180664
DS3-established,G08,449,426.0,425.5,426.5,426.0,0.6585280299186707,0.48743191361427307
DS3-established,G08,450,426.5,426.0,427.0,426.5,0.3755050599575043,0.3046056926250458
DS3-established,G08,451,427.0,426.5,427.5,427.0,0.27467989921569824,0.167538583278656
DS3-established,G08,452,427.5,427.0,428.0,427.5,0.15419448912143707,0.12505145370960236
DS3-established,G08,453,428.0,427.5,428.5,428.0,0.3035297095775604,0.19418175518512726
DS3-established,G08,454,428.5,428.0,429.0,428.5,0.27709224820137024,0.19880762696266174
DS3-established,G08,455,429.0,428.5,429.5,429.0,0.210516095161438,0.1435578167438507
DS3-established,G08,456,429.5,429.0,430.0,429.5,0.33069947361946106,0.2647302448749542
DS3-established,G08,457,430.0,429.5,430.5,430.0,0.3132464587688446,0.21312828361988068
DS3-established,G08,458,430.5,430.0,431.0,430.5,0.26512256264686584,0.18112313747406006
DS3-established,G08,459,431.0,430.5,431.5,431.0,0.3646082580089569,0.2713342010974884
DS3-established,G08,460,431.5,431.0,432.0,431.5,0.4837040901184082,0.3956294655799866
DS3-established,G08,461,432.0,431.5,432.5,432.0,0.4518357217311859,0.29082629084587097
DS3-established,G08,462,432.5,432.0,433.0,432.5,0.3523120880126953,0.24098606407642365
DS3-established,G08,463,433.0,432.5,433.5,433.0,0.2154618203639984,0.18303197622299194
DS3-established,G08,464,433.5,433.0,434.0,433.5,0.28682076930999756,0.26152297854423523
DS3-established,G08,465,434.0,433.5,434.5,434.0,0.25121164321899414,0.1974293291568756
DS3-established,G08,466,434.5,434.0,435.0,434.5,0.41581258177757263,0.3333292007446289
DS3-established,G08,467,435.0,434.5,435.5,435.0,0.49657106399536133,0.3342447280883789
DS3-established,G08,468,435.5,435.0,436.0,435.5,0.4025326371192932,0.28402069211006165
DS3-established,G08,469,436.0,435.5,436.5,436.0,0.47256332635879517,0.3645080626010895
DS3-established,G08,470,436.5,436.0,437.0,436.5,0.5416662096977234,0.4177205264568329
DS3-established,G08,471,437.0,436.5,437.5,437.0,0.48552843928337097,0.3482215106487274
DS3-established,G08,472,437.5,437.0,438.0,437.5,0.42175281047821045,0.24454940855503082
DS3-established,G08,473,438.0,437.5,438.5,438.0,0.48634102940559387,0.3328401744365692
DS3-established,G08,474,438.5,438.0,439.0,438.5,0.521631121635437,0.34831851720809937
DS3-established,G08,475,439.0,438.5,439.5,439.0,0.33273786306381226,0.16719971597194672
DS3-established,G08,476,439.5,439.0,440.0,439.5,0.30110421776771545,0.19941258430480957
DS3-established,G08,477,440.0,439.5,440.5,440.0,0.3175513744354248,0.2169356793165207
DS3-established,G08,478,440.5,440.0,441.0,440.5,0.2995310425758362,0.2183380126953125
DS3-established,G08,479,441.0,440.5,441.5,441.0,0.6485706567764282,0.4025779068470001
DS3-established,G08,480,441.5,441.0,442.0,441.5,0.3531501591205597,0.2474624365568161
DS3-established,G08,481,442.0,441.5,442.5,442.0,0.18177784979343414,0.109421506524086
DS3-established,G08,482,442.5,442.0,443.0,442.5,0.37904584407806396,0.27397650480270386
DS3-established,G08,483,443.0,442.5,443.5,443.0,0.26723453402519226,0.22006776928901672
DS3-established,G08,484,443.5,443.0,444.0,443.5,0.33618125319480896,0.237472265958786
DS3-established,G08,485,444.0,443.5,444.5,444.0,0.4565836191177368,0.3375002443790436
DS3-established,G08,486,444.5,444.0,445.0,444.5,0.32781463861465454,0.2591370642185211
DS3-established,G08,487,445.0,444.5,445.5,445.0,0.3805132210254669,0.27405300736427307
DS3-established,G08,488,445.5,445.0,446.0,445.5,0.41657373309135437,0.29597702622413635
DS3-established,G08,489,446.0,445.5,446.5,446.0,0.5006890892982483,0.4241504669189453
DS3-established,G08,490,446.5,446.0,447.0,446.5,0.30824390053749084,0.22708527743816376
DS3-established,G08,491,447.0,446.5,447.5,447.0,0.45636191964149475,0.30200445652008057
DS3-established,G08,492,447.5,447.0,448.0,447.5,0.3536508083343506,0.24033194780349731
DS3-established,G08,493,448.0,447.5,448.5,448.0,0.3775441646575928,0.32948926091194153
DS3-established,G08,494,448.5,448.0,449.0,448.5,0.41508975625038147,0.33202818036079407
DS3-established,G08,495,449.0,448.5,449.5,449.0,0.25306445360183716,0.20463140308856964
DS3-established,G08,496,449.5,449.0,450.0,449.5,0.32196304202079773,0.2487008273601532
DS3-established,G08,497,450.0,449.5,450.5,450.0,0.2790320813655853,0.2355644404888153
DS3-established,G08,498,450.5,450.0,451.0,450.5,0.2977757751941681,0.21761929988861084
DS3-established,G08,499,451.0,450.5,451.5,451.0,0.36610960960388184,0.22845537960529327
DS3-established,G08,500,451.5,451.0,452.0,451.5,0.3000120520591736,0.22404056787490845
DS3-established,G08,501,452.0,451.5,452.5,452.0,0.20564907789230347,0.14745855331420898
DS3-established,G08,502,452.5,452.0,453.0,452.5,0.2623841166496277,0.16681891679763794
DS3-established,G08,503,453.0,452.5,453.5,453.0,0.5390414595603943,0.4040943682193756
DS3-established,G08,504,453.5,453.0,454.0,453.5,0.44368645548820496,0.308328777551651
DS3-established,G08,505,454.0,453.5,454.5,454.0,0.5137761831283569,0.32479068636894226
DS3-established,G08,506,454.5,454.0,455.0,454.5,0.4522130489349365,0.35199227929115295
DS3-established,G08,507,455.0,454.5,455.5,455.0,0.3892476558685303,0.2603769302368164
DS3-established,G08,508,455.5,455.0,456.0,455.5,0.5092127919197083,0.3374181389808655
DS3-established,G08,509,456.0,455.5,456.5,456.0,0.327392041683197,0.2558503746986389
DS3-established,G08,510,456.5,456.0,457.0,456.5,0.47165265679359436,0.2976217567920685
DS3-established,G08,511,457.0,456.5,457.5,457.0,0.4957951605319977,0.3819677233695984
DS3-established,G08,512,457.5,457.0,458.0,457.5,0.34070807695388794,0.2703518271446228
DS3-established,G09,12,224.5,224.0,225.0,224.5,0.6400840878486633,0.5456801056861877
DS3-established,G09,13,225.0,224.5,225.5,225.0,1.3401316404342651,1.0423893928527832
DS3-established,G09,14,225.5,225.0,226.0,225.5,2.2709834575653076,1.8325963020324707
DS3-established,G09,15,226.0,225.5,226.5,226.0,2.155857801437378,1.5701528787612915
DS3-established,G09,16,226.5,226.0,227.0,226.5,1.168783187866211,0.9500811696052551
DS3-established,G09,17,227.0,226.5,227.5,227.0,1.288705587387085,1.0051997900009155
DS3-established,G09,18,227.5,227.0,228.0,227.5,1.105551838874817,0.7664783596992493
DS3-established,G09,19,228.0,227.5,228.5,228.0,1.1070141792297363,0.8668707013130188
DS3-established,G09,20,228.5,228.0,229.0,228.5,1.955580711364746,1.7963608503341675
DS3-established,G09,21,229.0,228.5,229.5,229.0,1.7747416496276855,1.625404715538025
DS3-established,G09,22,229.5,229.0,230.0,229.5,0.6450687646865845,0.5767875909805298
DS3-established,G09,23,230.0,229.5,230.5,230.0,1.045207142829895,0.8750064373016357
DS3-established,G09,24,230.5,230.0,231.0,230.5,1.0650686025619507,0.9346885681152344
DS3-established,G09,25,231.0,230.5,231.5,231.0,0.8959320783615112,0.7498425245285034
DS3-established,G09,26,231.5,231.0,232.0,231.5,0.4366464912891388,0.3929640054702759
DS3-established,G09,27,232.0,231.5,232.5,232.0,0.8750141263008118,0.7922229766845703
DS3-established,G09,28,232.5,232.0,233.0,232.5,0.7034330368041992,0.5879355072975159
DS3-established,G09,29,233.0,232.5,233.5,233.0,0.4598410129547119,0.3861290514469147
DS3-established,G09,30,233.5,233.0,234.0,233.5,1.3122962713241577,1.113211750984192
DS3-established,G09,31,234.0,233.5,234.5,234.0,0.9927207231521606,0.7386253476142883
DS3-established,G09,32,234.5,234.0,235.0,234.5,1.2602912187576294,1.142405390739441
DS3-established,G09,33,235.0,234.5,235.5,235.0,2.337475538253784,2.1732888221740723
DS3-established,G10,12,201.5,201.0,202.0,201.5,3.5811524391174316,3.2208685874938965
DS3-established,G10,13,202.0,201.5,202.5,202.0,3.7635223865509033,3.429215908050537
DS3-established,G10,14,202.5,202.0,203.0,202.5,3.8529717922210693,3.503767728805542
DS3-established,G10,15,203.0,202.5,203.5,203.0,4.043275833129883,3.6761507987976074
DS3-established,G10,16,203.5,203.0,204.0,203.5,4.116573333740234,3.7942287921905518
DS3-established,G10,17,204.0,203.5,204.5,204.0,4.053461074829102,3.7398054599761963
DS3-established,G10,18,204.5,204.0,205.0,204.5,4.094797134399414,3.774373769760132
DS3-established,G10,19,205.0,204.5,205.5,205.0,4.203270435333252,3.89534854888916
DS3-established,G10,20,205.5,205.0,206.0,205.5,4.27802038192749,3.992356300354004
DS3-established,G10,21,206.0,205.5,206.5,206.0,4.380053997039795,4.094747066497803
DS3-established,G10,22,206.5,206.0,207.0,206.5,4.403347492218018,4.102308750152588
DS3-established,G10,23,207.0,206.5,207.5,207.0,4.1562018394470215,3.878156900405884
DS3-established,G10,24,207.5,207.0,208.0,207.5,4.021636962890625,3.749804973602295
DS3-established,G10,25,208.0,207.5,208.5,208.0,4.050382137298584,3.744067668914795
DS3-established,G10,26,208.5,208.0,209.0,208.5,4.110724449157715,3.805720567703247
DS3-established,G10,27,209.0,208.5,209.5,209.0,3.161545753479004,2.896672487258911
DS3-established,G10,28,209.5,209.0,210.0,209.5,1.98527193069458,1.7350612878799438
DS3-established,G10,29,210.0,209.5,210.5,210.0,1.137526035308838,0.9220556616783142
DS3-established,G10,30,210.5,210.0,211.0,210.5,0.8388898372650146,0.7048214077949524
DS3-established,G10,31,211.0,210.5,211.5,211.0,0.9241885542869568,0.7688587307929993
DS3-established,G10,32,211.5,211.0,212.0,211.5,0.9223188757896423,0.7596974968910217
DS3-established,G10,33,212.0,211.5,212.5,212.0,0.9376592636108398,0.7247523665428162
DS3-established,G10,34,212.5,212.0,213.0,212.5,1.0223325490951538,0.7132413387298584
DS3-established,G10,35,213.0,212.5,213.5,213.0,1.0638790130615234,0.7154380083084106
DS3-established,G10,36,213.5,213.0,214.0,213.5,1.2619916200637817,0.8054739236831665
DS3-established,G10,37,214.0,213.5,214.5,214.0,1.286476492881775,0.8238781690597534
DS3-established,G10,38,214.5,214.0,215.0,214.5,1.302472472190857,0.8966208696365356
DS3-established,G10,39,215.0,214.5,215.5,215.0,1.1880273818969727,0.7339971661567688
DS3-established,G10,40,215.5,215.0,216.0,215.5,0.9866567254066467,0.6504982113838196
DS3-established,G10,41,216.0,215.5,216.5,216.0,0.9476845860481262,0.6327074766159058
DS3-established,G10,42,216.5,216.0,217.0,216.5,0.8356842398643494,0.5191789865493774
DS3-established,G10,43,217.0,216.5,217.5,217.0,0.6846205592155457,0.460838258266449
DS3-established,G10,44,217.5,217.0,218.0,217.5,0.6200160980224609,0.48840004205703735
DS3-established,G10,45,218.0,217.5,218.5,218.0,0.4384109377861023,0.3442893922328949
DS3-established,G10,46,218.5,218.0,219.0,218.5,0.33847278356552124,0.24299617111682892
DS3-established,G10,47,219.0,218.5,219.5,219.0,0.29127073287963867,0.22552138566970825
DS3-established,G10,48,219.5,219.0,220.0,219.5,0.26897433400154114,0.2073712795972824
DS3-established,G10,49,220.0,219.5,220.5,220.0,0.2977066934108734,0.24091948568820953
DS3-established,G10,50,220.5,220.0,221.0,220.5,0.2639607787132263,0.2175620049238205
DS3-established,G10,51,221.0,220.5,221.5,221.0,0.2966570556163788,0.2156497687101364
DS3-established,G10,52,221.5,221.0,222.0,221.5,0.37397301197052,0.25374382734298706
DS3-established,G10,53,222.0,221.5,222.5,222.0,0.5294617414474487,0.4431054890155792
DS3-established,G10,54,222.5,222.0,223.0,222.5,0.5773058533668518,0.4936966896057129
DS3-established,G10,55,223.0,222.5,223.5,223.0,0.40156370401382446,0.31518688797950745
DS3-established,G10,56,223.5,223.0,224.0,223.5,0.39631396532058716,0.30930835008621216
DS3-established,G10,57,224.0,223.5,224.5,224.0,0.43339860439300537,0.3549340069293976
DS3-established,G10,58,224.5,224.0,225.0,224.5,0.6230872869491577,0.5127919316291809
DS3-established,G10,59,225.0,224.5,225.5,225.0,1.0923256874084473,0.9564579725265503
DS3-established,G10,60,225.5,225.0,226.0,225.5,2.0001473426818848,1.8620896339416504
DS3-established,G10,61,226.0,225.5,226.5,226.0,2.956758737564087,2.7678980827331543
DS3-established,G10,62,226.5,226.0,227.0,226.5,3.8824336528778076,3.639918088912964
DS3-established,G10,63,227.0,226.5,227.5,227.0,4.502562999725342,4.1967949867248535
DS3-established,G10,64,227.5,227.0,228.0,227.5,4.016279697418213,3.7338290214538574
DS3-established,G10,65,228.0,227.5,228.5,228.0,3.281416416168213,3.05586838722229
DS3-established,G10,66,228.5,228.0,229.0,228.5,3.8583672046661377,3.597306966781616
DS3-established,G10,67,229.0,228.5,229.5,229.0,4.470721244812012,4.182315349578857
DS3-established,G10,68,229.5,229.0,230.0,229.5,4.5705790519714355,4.244635105133057
DS3-established,G10,69,230.0,229.5,230.5,230.0,4.292323112487793,3.988983631134033
DS3-established,G10,70,230.5,230.0,231.0,230.5,4.36759614944458,4.08666467666626
DS3-established,G10,71,231.0,230.5,231.5,231.0,4.459627628326416,4.185178756713867
DS3-established,G10,72,231.5,231.0,232.0,231.5,4.348001480102539,4.083558082580566
DS3-established,G10,73,232.0,231.5,232.5,232.0,4.363100051879883,4.100122451782227
DS3-established,G10,74,232.5,232.0,233.0,232.5,4.493409156799316,4.215423583984375
DS3-established,G10,75,233.0,232.5,233.5,233.0,4.4966535568237305,4.211065769195557
DS3-established,G10,76,233.5,233.0,234.0,233.5,4.373491287231445,4.1045122146606445
DS3-established,G10,77,234.0,233.5,234.5,234.0,4.217214584350586,3.960094451904297
DS3-established,G10,78,234.5,234.0,235.0,234.5,3.7784512042999268,3.5340113639831543
DS3-established,G10,79,235.0,234.5,235.5,235.0,3.4277889728546143,3.1986382007598877
DS3-established,G10,80,235.5,235.0,236.0,235.5,3.3295297622680664,3.1133644580841064
DS3-established,G10,81,236.0,235.5,236.5,236.0,2.942917823791504,2.7528374195098877
DS3-established,G10,82,236.5,236.0,237.0,236.5,2.63581919670105,2.4654698371887207
DS3-established,G10,83,237.0,236.5,237.5,237.0,2.9080379009246826,2.7302372455596924
DS3-established,G10,84,237.5,237.0,238.0,237.5,3.0091185569763184,2.8247416019439697
DS3-established,G10,85,238.0,237.5,238.5,238.0,2.4302592277526855,2.278055429458618
DS3-established,G10,86,238.5,238.0,239.0,238.5,1.8343607187271118,1.71820068359375
DS3-established,G10,87,239.0,238.5,239.5,239.0,1.1657745838165283,1.0620613098144531
DS3-established,G10,88,239.5,239.0,240.0,239.5,0.8203524947166443,0.7231805324554443
DS3-established,G10,89,240.0,239.5,240.5,240.0,0.6233006715774536,0.5467620491981506
DS3-established,G10,90,240.5,240.0,241.0,240.5,0.4584134817123413,0.3941442668437958
DS3-established,G10,91,241.0,240.5,241.5,241.0,0.35984185338020325,0.2676681876182556
DS3-established,G10,92,241.5,241.0,242.0,241.5,0.3952290117740631,0.34928926825523376
DS3-established,G10,93,242.0,241.5,242.5,242.0,0.3807970881462097,0.2960421144962311
DS3-established,G10,94,242.5,242.0,243.0,242.5,0.2961335778236389,0.2506842017173767
DS3-established,G10,95,243.0,242.5,243.5,243.0,0.27031823992729187,0.2139590084552765
DS3-established,G10,96,243.5,243.0,244.0,243.5,0.30301183462142944,0.2436855584383011
DS3-established,G10,97,244.0,243.5,244.5,244.0,0.34821391105651855,0.24425570666790009
DS3-established,G10,98,244.5,244.0,245.0,244.5,0.30625903606414795,0.246413916349411
DS3-established,G10,99,245.0,244.5,245.5,245.0,0.2725958228111267,0.1978231519460678
DS3-established,G10,100,245.5,245.0,246.0,245.5,0.22941970825195312,0.1849842220544815
DS3-established,G10,101,246.0,245.5,246.5,246.0,0.2706185281276703,0.2163156121969223
DS3-established,G10,102,246.5,246.0,247.0,246.5,0.34818464517593384,0.2626793086528778
DS3-established,G10,103,247.0,246.5,247.5,247.0,0.2780166566371918,0.2327546626329422
DS3-established,G10,104,247.5,247.0,248.0,247.5,0.3033393621444702,0.22338134050369263
DS3-established,G10,105,248.0,247.5,248.5,248.0,0.31316977739334106,0.23573428392410278
DS3-established,G10,106,248.5,248.0,249.0,248.5,0.24656744301319122,0.19549967348575592
DS3-established,G10,107,249.0,248.5,249.5,249.0,0.2568306028842926,0.18948353826999664
DS3-established,G10,108,249.5,249.0,250.0,249.5,0.2937829792499542,0.22885499894618988
DS3-established,G10,109,250.0,249.5,250.5,250.0,0.3668053448200226,0.26736271381378174
DS3-established,G10,110,250.5,250.0,251.0,250.5,0.41198381781578064,0.3653635084629059
DS3-established,G10,111,251.0,250.5,251.5,251.0,0.32541313767433167,0.24287107586860657
DS3-established,G10,112,251.5,251.0,252.0,251.5,0.31941238045692444,0.1757521629333496
DS3-established,G10,113,252.0,251.5,252.5,252.0,0.3152209222316742,0.27761098742485046
DS3-established,G10,114,252.5,252.0,253.0,252.5,0.2602957487106323,0.19875891506671906
DS3-established,G10,115,253.0,252.5,253.5,253.0,0.26937049627304077,0.19822688400745392
DS3-established,G10,116,253.5,253.0,254.0,253.5,0.2661861479282379,0.20862224698066711
DS3-established,G10,117,254.0,253.5,254.5,254.0,0.3119751214981079,0.22282038629055023
DS3-established,G10,118,254.5,254.0,255.0,254.5,0.40812674164772034,0.304242342710495
DS3-established,G10,119,255.0,254.5,255.5,255.0,0.3571912348270416,0.2526520788669586
DS3-established,G10,120,255.5,255.0,256.0,255.5,0.37962064146995544,0.3124546706676483
DS3-established,G10,121,256.0,255.5,256.5,256.0,0.33683308959007263,0.2689603865146637
DS3-established,G10,122,256.5,256.0,257.0,256.5,0.33196011185646057,0.27303826808929443
DS3-established,G10,123,257.0,256.5,257.5,257.0,0.32463663816452026,0.2429071068763733
DS3-established,G10,124,257.5,257.0,258.0,257.5,0.28344592452049255,0.21281886100769043
DS3-established,G10,125,258.0,257.5,258.5,258.0,0.2160494029521942,0.18317848443984985
DS3-established,G10,126,258.5,258.0,259.0,258.5,0.21000544726848602,0.15667036175727844
DS3-established,G10,127,259.0,258.5,259.5,259.0,0.1943923383951187,0.15342307090759277
DS3-established,G10,128,259.5,259.0,260.0,259.5,0.2653732895851135,0.1847880631685257
DS3-established,G10,129,260.0,259.5,260.5,260.0,0.3247266113758087,0.25061383843421936
DS3-established,G10,130,260.5,260.0,261.0,260.5,0.3473658561706543,0.2616678774356842
DS3-established,G10,131,261.0,260.5,261.5,261.0,0.3115052282810211,0.21609067916870117
DS3-established,G10,132,261.5,261.0,262.0,261.5,0.518358051776886,0.3783770501613617
DS3-established,G10,133,262.0,261.5,262.5,262.0,0.42634591460227966,0.29870396852493286
DS3-established,G10,134,262.5,262.0,263.0,262.5,0.32502660155296326,0.23165225982666016
DS3-established,G10,135,263.0,262.5,263.5,263.0,0.18859454989433289,0.14766468107700348
DS3-established,G10,136,263.5,263.0,264.0,263.5,0.3306724727153778,0.2719024121761322
DS3-established,G10,137,264.0,263.5,264.5,264.0,0.34531810879707336,0.24006390571594238
DS3-established,G10,138,264.5,264.0,265.0,264.5,0.2178746610879898,0.18131986260414124
DS3-established,G10,139,265.0,264.5,265.5,265.0,0.30890825390815735,0.218222975730896
DS3-established,G10,140,265.5,265.0,266.0,265.5,0.3181954622268677,0.23220597207546234
DS3-established,G10,141,266.0,265.5,266.5,266.0,0.3193575441837311,0.23768049478530884
DS3-established,G10,142,266.5,266.0,267.0,266.5,0.41362521052360535,0.271076500415802
DS3-established,G10,143,267.0,266.5,267.5,267.0,0.38930171728134155,0.26325127482414246
DS3-established,G10,144,267.5,267.0,268.0,267.5,0.4418991804122925,0.30276522040367126
DS3-established,G10,145,268.0,267.5,268.5,268.0,0.4329487979412079,0.3262545168399811
DS3-established,G10,146,268.5,268.0,269.0,268.5,0.3499804735183716,0.25363826751708984
DS3-established,G10,147,269.0,268.5,269.5,269.0,0.4445648491382599,0.2881148159503937
DS3-established,G10,148,269.5,269.0,270.0,269.5,0.3433881402015686,0.2175634503364563
DS3-established,G10,149,270.0,269.5,270.5,270.0,0.3382779657840729,0.24858713150024414
DS3-established,G10,150,270.5,270.0,271.0,270.5,0.39742645621299744,0.2819535732269287
DS3-established,G10,151,271.0,270.5,271.5,271.0,0.4542725086212158,0.3501686155796051
DS3-established,G10,152,271.5,271.0,272.0,271.5,0.47245046496391296,0.3818317949771881
DS3-established,G10,153,272.0,271.5,272.5,272.0,0.3982081115245819,0.3206101655960083
DS3-established,G10,154,272.5,272.0,273.0,272.5,0.3221917152404785,0.23873387277126312
DS3-established,G10,155,273.0,272.5,273.5,273.0,0.33757537603378296,0.2725945711135864
DS3-established,G10,156,273.5,273.0,274.0,273.5,0.3375624120235443,0.21756310760974884
DS3-established,G10,157,274.0,273.5,274.5,274.0,0.32095375657081604,0.24724288284778595
DS3-established,G10,158,274.5,274.0,275.0,274.5,0.3490895628929138,0.2516755163669586
DS3-established,G10,159,275.0,274.5,275.5,275.0,0.4610354006290436,0.317959725856781
DS3-established,G10,160,275.5,275.0,276.0,275.5,0.39447349309921265,0.30801084637641907
DS3-established,G10,161,276.0,275.5,276.5,276.0,0.36424198746681213,0.3194102346897125
DS3-established,G10,162,276.5,276.0,277.0,276.5,0.3837926983833313,0.2878541946411133
DS3-established,G10,163,277.0,276.5,277.5,277.0,0.3528279662132263,0.25276169180870056
DS3-established,G10,164,277.5,277.0,278.0,277.5,0.33934131264686584,0.2628917992115021
DS3-established,G10,165,278.0,277.5,278.5,278.0,0.4974554181098938,0.40458381175994873
DS3-established,G10,166,278.5,278.0,279.0,278.5,0.3386782109737396,0.24255497753620148
DS3-established,G10,167,279.0,278.5,279.5,279.0,0.27933138608932495,0.2011682242155075
DS3-established,G10,168,279.5,279.0,280.0,279.5,0.29285046458244324,0.20461291074752808
DS3-established,G10,169,280.0,279.5,280.5,280.0,0.24448616802692413,0.1756477952003479
DS3-established,G10,170,280.5,280.0,281.0,280.5,0.3050684928894043,0.22064845263957977
DS3-established,G10,171,281.0,280.5,281.5,281.0,0.4114483892917633,0.2526918053627014
DS3-established,G10,172,281.5,281.0,282.0,281.5,0.35229068994522095,0.27616143226623535
DS3-established,G10,173,282.0,281.5,282.5,282.0,0.31581470370292664,0.2235817164182663
DS3-established,G10,174,282.5,282.0,283.0,282.5,0.37028270959854126,0.28072240948677063
DS3-established,G10,175,283.0,282.5,283.5,283.0,0.3244103789329529,0.24207359552383423
DS3-established,G10,176,283.5,283.0,284.0,283.5,0.29719278216362,0.24124230444431305
DS3-established,G10,177,284.0,283.5,284.5,284.0,0.3632936477661133,0.25955677032470703
DS3-established,G10,178,284.5,284.0,285.0,284.5,0.3839223384857178,0.2634469270706177
DS3-established,G10,179,285.0,284.5,285.5,285.0,0.30918943881988525,0.21530239284038544
DS3-established,G10,180,285.5,285.0,286.0,285.5,0.31237566471099854,0.23001731932163239
DS3-established,G10,181,286.0,285.5,286.5,286.0,0.3545580208301544,0.2521434426307678
DS3-established,G10,182,286.5,286.0,287.0,286.5,0.40141838788986206,0.3041050434112549
DS3-established,G10,183,287.0,286.5,287.5,287.0,0.2948824167251587,0.21084506809711456
DS3-established,G10,184,287.5,287.0,288.0,287.5,0.29951322078704834,0.21371251344680786
DS3-established,G10,185,288.0,287.5,288.5,288.0,0.4532739520072937,0.354992538690567
DS3-established,G10,186,288.5,288.0,289.0,288.5,0.3910025954246521,0.2698003649711609
DS3-established,G10,187,289.0,288.5,289.5,289.0,0.3361217677593231,0.2723032236099243
DS3-established,G10,188,289.5,289.0,290.0,289.5,0.29282084107398987,0.21567919850349426
DS3-established,G10,189,290.0,289.5,290.5,290.0,0.3730946183204651,0.24584071338176727
DS3-established,G10,190,290.5,290.0,291.0,290.5,0.33040758967399597,0.21914149820804596
DS3-established,G10,191,291.0,290.5,291.5,291.0,0.41696810722351074,0.34130123257637024
DS3-established,G10,192,291.5,291.0,292.0,291.5,0.4112648069858551,0.2960747182369232
DS3-established,G10,193,292.0,291.5,292.5,292.0,0.2884698808193207,0.22306044399738312
DS3-established,G10,194,292.5,292.0,293.0,292.5,0.25268620252609253,0.17558802664279938
DS3-established,G10,195,293.0,292.5,293.5,293.0,0.2414274662733078,0.18708153069019318
DS3-established,G10,196,293.5,293.0,294.0,293.5,0.3294113576412201,0.26333075761795044
DS3-established,G10,197,294.0,293.5,294.5,294.0,0.38889607787132263,0.29079607129096985
DS3-established,G10,198,294.5,294.0,295.0,294.5,0.40678682923316956,0.282049298286438
DS3-established,G10,199,295.0,294.5,295.5,295.0,0.3664628565311432,0.2427005022764206
DS3-established,G10,200,295.5,295.0,296.0,295.5,0.33867019414901733,0.2699686586856842
DS3-established,G10,201,296.0,295.5,296.5,296.0,0.3411659002304077,0.27922701835632324
DS3-established,G10,202,296.5,296.0,297.0,296.5,0.29788368940353394,0.2214580476284027
DS3-established,G10,203,297.0,296.5,297.5,297.0,0.36455053091049194,0.27088990807533264
DS3-established,G10,204,297.5,297.0,298.0,297.5,0.24914927780628204,0.19089682400226593
DS3-established,G10,205,298.0,297.5,298.5,298.0,0.4191461205482483,0.3209749460220337
DS3-established,G10,206,298.5,298.0,299.0,298.5,0.5635612607002258,0.48687639832496643
DS3-established,G10,207,299.0,298.5,299.5,299.0,0.3929523229598999,0.29339689016342163
DS3-established,G10,208,299.5,299.0,300.0,299.5,0.2772090435028076,0.18898841738700867
DS3-established,G10,209,300.0,299.5,300.5,300.0,0.24367335438728333,0.19775298237800598
DS3-established,G10,210,300.5,300.0,301.0,300.5,0.347616970539093,0.2775852382183075
DS3-established,G10,211,301.0,300.5,301.5,301.0,0.2894780933856964,0.22725073993206024
DS3-established,G10,212,301.5,301.0,302.0,301.5,0.31908905506134033,0.22975100576877594
DS3-established,G10,213,302.0,301.5,302.5,302.0,0.4835255444049835,0.3771803677082062
DS3-established,G10,214,302.5,302.0,303.0,302.5,0.25099310278892517,0.19173336029052734
DS3-established,G10,215,303.0,302.5,303.5,303.0,0.26513659954071045,0.18913455307483673
DS3-established,G10,216,303.5,303.0,304.0,303.5,0.26149919629096985,0.16943231225013733
DS3-established,G10,217,304.0,303.5,304.5,304.0,0.19469627737998962,0.14862528443336487
DS3-established,G10,218,304.5,304.0,305.0,304.5,0.23364989459514618,0.165286123752594
DS3-established,G10,219,305.0,304.5,305.5,305.0,0.28268611431121826,0.22441287338733673
DS3-established,G10,220,305.5,305.0,306.0,305.5,0.29344862699508667,0.21219278872013092
DS3-established,G10,221,306.0,305.5,306.5,306.0,0.32700398564338684,0.2479010671377182
DS3-established,G10,222,306.5,306.0,307.0,306.5,0.31006619334220886,0.20625221729278564
DS3-established,G10,223,307.0,306.5,307.5,307.0,0.28314322233200073,0.19989323616027832
DS3-established,G10,224,307.5,307.0,308.0,307.5,0.3480002284049988,0.28137367963790894
DS3-established,G10,225,308.0,307.5,308.5,308.0,0.35139670968055725,0.2704339623451233
DS3-established,G10,226,308.5,308.0,309.0,308.5,0.34660038352012634,0.2919439375400543
DS3-established,G10,227,309.0,308.5,309.5,309.0,0.3229251503944397,0.2639971971511841
DS3-established,G10,228,309.5,309.0,310.0,309.5,0.3493701219558716,0.2518782615661621
DS3-established,G10,229,310.0,309.5,310.5,310.0,0.3156437277793884,0.2308923900127411
DS3-established,G10,230,310.5,310.0,311.0,310.5,0.24725832045078278,0.21012993156909943
DS3-established,G10,231,311.0,310.5,311.5,311.0,0.254462867975235,0.17057442665100098
DS3-established,G10,232,311.5,311.0,312.0,311.5,0.32199597358703613,0.26928699016571045
DS3-established,G10,233,312.0,311.5,312.5,312.0,0.28995364904403687,0.21845956146717072
DS3-established,G10,234,312.5,312.0,313.0,312.5,0.17510966956615448,0.15005573630332947
DS3-established,G10,235,313.0,312.5,313.5,313.0,0.2374858558177948,0.20530767738819122
DS3-established,G10,236,313.5,313.0,314.0,313.5,0.32250556349754333,0.22606362402439117
DS3-established,G10,237,314.0,313.5,314.5,314.0,0.5205754041671753,0.3837275803089142
DS3-established,G10,238,314.5,314.0,315.0,314.5,0.33962783217430115,0.26739591360092163
DS3-established,G10,239,315.0,314.5,315.5,315.0,0.3144739866256714,0.19703027606010437
DS3-established,G10,240,315.5,315.0,316.0,315.5,0.38907304406166077,0.3066502809524536
DS3-established,G10,241,316.0,315.5,316.5,316.0,0.281617671251297,0.20385868847370148
DS3-established,G10,242,316.5,316.0,317.0,316.5,0.3495754897594452,0.2781781256198883
DS3-established,G10,243,317.0,316.5,317.5,317.0,0.3765842914581299,0.28504490852355957
DS3-established,G10,244,317.5,317.0,318.0,317.5,0.4172905683517456,0.31041383743286133
DS3-established,G10,245,318.0,317.5,318.5,318.0,0.400966614484787,0.3286905884742737
DS3-established,G10,246,318.5,318.0,319.0,318.5,0.3105830252170563,0.22592507302761078
DS3-established,G10,247,319.0,318.5,319.5,319.0,0.4559893310070038,0.27766409516334534
DS3-established,G10,248,319.5,319.0,320.0,319.5,0.3130994737148285,0.24582131206989288
DS3-established,G10,249,320.0,319.5,320.5,320.0,0.26850494742393494,0.209631085395813
DS3-established,G10,250,320.5,320.0,321.0,320.5,0.28272804617881775,0.19573800265789032
DS3-established,G10,251,321.0,320.5,321.5,321.0,0.2611211836338043,0.18692652881145477
DS3-established,G10,252,321.5,321.0,322.0,321.5,0.28652453422546387,0.2121530920267105
DS3-established,G10,253,322.0,321.5,322.5,322.0,0.2472221702337265,0.2004297375679016
DS3-established,G10,254,322.5,322.0,323.0,322.5,0.30867496132850647,0.20646916329860687
DS3-established,G10,255,323.0,322.5,323.5,323.0,0.30158454179763794,0.21468660235404968
DS3-established,G10,256,323.5,323.0,324.0,323.5,0.27525800466537476,0.2187146544456482
DS3-established,G10,257,324.0,323.5,324.5,324.0,0.28633734583854675,0.21749785542488098
DS3-established,G10,258,324.5,324.0,325.0,324.5,0.21131058037281036,0.1680356115102768
DS3-established,G10,259,325.0,324.5,325.5,325.0,0.4208894371986389,0.330331414937973
DS3-established,G10,260,325.5,325.0,326.0,325.5,0.34166795015335083,0.2790689766407013
DS3-established,G10,261,326.0,325.5,326.5,326.0,0.33515897393226624,0.25290244817733765
DS3-established,G10,262,326.5,326.0,327.0,326.5,0.379910409450531,0.30048516392707825
DS3-established,G10,263,327.0,326.5,327.5,327.0,0.3967483937740326,0.315960556268692
DS3-established,G10,264,327.5,327.0,328.0,327.5,0.3571806848049164,0.2540169954299927
DS3-established,G10,265,328.0,327.5,328.5,328.0,0.3254142999649048,0.2120145559310913
DS3-established,G10,266,328.5,328.0,329.0,328.5,0.38171711564064026,0.29815733432769775
DS3-established,G10,267,329.0,328.5,329.5,329.0,0.351558655500412,0.2722228169441223
DS3-established,G10,268,329.5,329.0,330.0,329.5,0.25141751766204834,0.17278839647769928
DS3-established,G10,269,330.0,329.5,330.5,330.0,0.2265111804008484,0.16731560230255127
DS3-established,G10,270,330.5,330.0,331.0,330.5,0.3790793716907501,0.22781716287136078
DS3-established,G10,271,331.0,330.5,331.5,331.0,0.3554752469062805,0.2169369012117386
DS3-established,G10,272,331.5,331.0,332.0,331.5,0.3219011425971985,0.23250235617160797
DS3-established,G10,273,332.0,331.5,332.5,332.0,0.26179206371307373,0.21403472125530243
DS3-established,G10,274,332.5,332.0,333.0,332.5,0.23641280829906464,0.18143093585968018
DS3-established,G10,275,333.0,332.5,333.5,333.0,0.39560413360595703,0.2954418957233429
DS3-established,G10,276,333.5,333.0,334.0,333.5,0.415187269449234,0.3100186884403229
DS3-established,G10,277,334.0,333.5,334.5,334.0,0.3558664321899414,0.19100873172283173
DS3-established,G10,278,334.5,334.0,335.0,334.5,0.20933718979358673,0.13307446241378784
DS3-established,G10,279,335.0,334.5,335.5,335.0,0.2952865958213806,0.20299093425273895
DS3-established,G10,280,335.5,335.0,336.0,335.5,0.34796878695487976,0.23424704372882843
DS3-established,G10,281,336.0,335.5,336.5,336.0,0.33653345704078674,0.2761973440647125
DS3-established,G10,282,336.5,336.0,337.0,336.5,0.3972623646259308,0.3300366997718811
DS3-established,G10,283,337.0,336.5,337.5,337.0,0.3933425843715668,0.2634924352169037
DS3-established,G10,284,337.5,337.0,338.0,337.5,0.3873809278011322,0.3043881058692932
DS3-established,G10,285,338.0,337.5,338.5,338.0,0.19190764427185059,0.16085803508758545
DS3-established,G10,286,338.5,338.0,339.0,338.5,0.2050340622663498,0.1456678956747055
DS3-established,G10,287,339.0,338.5,339.5,339.0,0.36538374423980713,0.2805607318878174
DS3-established,G10,288,339.5,339.0,340.0,339.5,0.34946754574775696,0.28661179542541504
DS3-established,G10,289,340.0,339.5,340.5,340.0,0.34376394748687744,0.2761315703392029
DS3-established,G10,290,340.5,340.0,341.0,340.5,0.36308905482292175,0.2684655785560608
DS3-established,G10,291,341.0,340.5,341.5,341.0,0.23440176248550415,0.20696339011192322
DS3-established,G10,292,341.5,341.0,342.0,341.5,0.15145306289196014,0.11887192726135254
DS3-established,G10,293,342.0,341.5,342.5,342.0,0.2546859085559845,0.21811702847480774
DS3-established,G10,294,342.5,342.0,343.0,342.5,0.2081586867570877,0.16380354762077332
DS3-established,G10,295,343.0,342.5,343.5,343.0,0.20949169993400574,0.16053414344787598
DS3-established,G10,296,343.5,343.0,344.0,343.5,0.29173439741134644,0.23096540570259094
DS3-established,G10,297,344.0,343.5,344.5,344.0,0.2827456593513489,0.24739858508110046
DS3-established,G10,298,344.5,344.0,345.0,344.5,0.3259889483451843,0.2748550772666931
DS3-established,G10,299,345.0,344.5,345.5,345.0,0.3750188648700714,0.2704283893108368
DS3-established,G10,300,345.5,345.0,346.0,345.5,0.3311704993247986,0.21013154089450836
DS3-established,G10,301,346.0,345.5,346.5,346.0,0.5614318251609802,0.4009137451648712
DS3-established,G10,302,346.5,346.0,347.0,346.5,0.4314710199832916,0.2814094126224518
DS3-established,G10,303,347.0,346.5,347.5,347.0,0.3343915045261383,0.2620842158794403
DS3-established,G10,304,347.5,347.0,348.0,347.5,0.3403676450252533,0.24624474346637726
DS3-established,G10,305,348.0,347.5,348.5,348.0,0.24148134887218475,0.2054513543844223
DS3-established,G10,306,348.5,348.0,349.0,348.5,0.2650890648365021,0.22469966113567352
DS3-established,G10,307,349.0,348.5,349.5,349.0,0.30017343163490295,0.2185853272676468
DS3-established,G10,308,349.5,349.0,350.0,349.5,0.45742619037628174,0.3669104278087616
DS3-established,G10,309,350.0,349.5,350.5,350.0,0.42192542552948,0.2989942133426666
DS3-established,G10,310,350.5,350.0,351.0,350.5,0.3158372640609741,0.2613789141178131
DS3-established,G10,311,351.0,350.5,351.5,351.0,0.4481152594089508,0.308158278465271
DS3-established,G10,312,351.5,351.0,352.0,351.5,0.46897822618484497,0.3424080014228821
DS3-established,G10,313,352.0,351.5,352.5,352.0,0.3300397992134094,0.26411667466163635
DS3-established,G10,314,352.5,352.0,353.0,352.5,0.23008528351783752,0.17661496996879578
DS3-established,G10,315,353.0,352.5,353.5,353.0,0.227968230843544,0.16994373500347137
DS3-established,G10,316,353.5,353.0,354.0,353.5,0.3741552233695984,0.2793973386287689
DS3-established,G10,317,354.0,353.5,354.5,354.0,0.38063502311706543,0.27345624566078186
DS3-established,G10,318,354.5,354.0,355.0,354.5,0.43890801072120667,0.3158947825431824
DS3-established,G10,319,355.0,354.5,355.5,355.0,0.4160967171192169,0.3583424985408783
DS3-established,G10,320,355.5,355.0,356.0,355.5,0.30928105115890503,0.21479453146457672
DS3-established,G10,321,356.0,355.5,356.5,356.0,0.2848125696182251,0.23292779922485352
DS3-established,G10,322,356.5,356.0,357.0,356.5,0.2856900095939636,0.22254186868667603
DS3-established,G10,323,357.0,356.5,357.5,357.0,0.41915297508239746,0.3429170846939087
DS3-established,G10,324,357.5,357.0,358.0,357.5,0.31143397092819214,0.2476181536912918
DS3-established,G10,325,358.0,357.5,358.5,358.0,0.27077534794807434,0.19668236374855042
DS3-established,G10,326,358.5,358.0,359.0,358.5,0.2728572189807892,0.1824752390384674
DS3-established,G10,327,359.0,358.5,359.5,359.0,0.4292665123939514,0.3440549671649933
DS3-established,G10,328,359.5,359.0,360.0,359.5,0.40840500593185425,0.33808645606040955
DS3-established,G10,329,360.0,359.5,360.5,360.0,0.2926936149597168,0.21995358169078827
DS3-established,G10,330,360.5,360.0,361.0,360.5,0.21358874440193176,0.1566958874464035
DS3-established,G10,331,361.0,360.5,361.5,361.0,0.24620859324932098,0.17564360797405243
DS3-established,G10,332,361.5,361.0,362.0,361.5,0.36446613073349,0.2989412546157837
DS3-established,G10,333,362.0,361.5,362.5,362.0,0.317863792181015,0.26715803146362305
DS3-established,G10,334,362.5,362.0,363.0,362.5,0.2655845284461975,0.1727655678987503
DS3-established,G10,335,363.0,362.5,363.5,363.0,0.23649993538856506,0.1944006085395813
DS3-established,G10,336,363.5,363.0,364.0,363.5,0.3805164396762848,0.28469616174697876
DS3-established,G10,337,364.0,363.5,364.5,364.0,0.40283143520355225,0.3372248113155365
DS3-established,G10,338,364.5,364.0,365.0,364.5,0.282266765832901,0.2036944180727005
DS3-established,G10,339,365.0,364.5,365.5,365.0,0.43948060274124146,0.3289092779159546
DS3-established,G10,340,365.5,365.0,366.0,365.5,0.2860323488712311,0.18874004483222961
DS3-established,G10,341,366.0,365.5,366.5,366.0,0.43209192156791687,0.316938191652298
DS3-established,G10,342,366.5,366.0,367.0,366.5,0.35535505414009094,0.2361791878938675
DS3-established,G10,343,367.0,366.5,367.5,367.0,0.4297085106372833,0.3354991376399994
DS3-established,G10,344,367.5,367.0,368.0,367.5,0.30515256524086,0.21582192182540894
DS3-established,G10,345,368.0,367.5,368.5,368.0,0.18484658002853394,0.13562656939029694
DS3-established,G10,346,368.5,368.0,369.0,368.5,0.6314696669578552,0.5326727032661438
DS3-established,G10,347,369.0,368.5,369.5,369.0,0.6254268884658813,0.4038616418838501
DS3-established,G10,348,369.5,369.0,370.0,369.5,0.33397096395492554,0.2792879641056061
DS3-established,G10,349,370.0,369.5,370.5,370.0,0.29879170656204224,0.19431331753730774
DS3-established,G10,350,370.5,370.0,371.0,370.5,0.21579545736312866,0.18648113310337067
DS3-established,G10,351,371.0,370.5,371.5,371.0,0.41176173090934753,0.32593095302581787
DS3-established,G10,352,371.5,371.0,372.0,371.5,0.31545430421829224,0.21711988747119904
DS3-established,G10,353,372.0,371.5,372.5,372.0,0.21852101385593414,0.16167877614498138
DS3-established,G10,354,372.5,372.0,373.0,372.5,0.4334634244441986,0.3265726864337921
DS3-established,G10,355,373.0,372.5,373.5,373.0,0.25219810009002686,0.20116537809371948
DS3-established,G10,356,373.5,373.0,374.0,373.5,0.13607341051101685,0.11433497071266174
DS3-established,G10,357,374.0,373.5,374.5,374.0,0.30600762367248535,0.18355785310268402
DS3-established,G10,358,374.5,374.0,375.0,374.5,0.42503857612609863,0.28820380568504333
DS3-established,G10,359,375.0,374.5,375.5,375.0,0.3665419816970825,0.3133065402507782
DS3-established,G10,360,375.5,375.0,376.0,375.5,0.6526983380317688,0.5470495223999023
DS3-established,G10,361,376.0,375.5,376.5,376.0,0.40833190083503723,0.31071874499320984
DS3-established,G10,362,376.5,376.0,377.0,376.5,0.275611013174057,0.22978472709655762
DS3-established,G10,363,377.0,376.5,377.5,377.0,0.26108884811401367,0.20894195139408112
DS3-established,G10,364,377.5,377.0,378.0,377.5,0.2499682903289795,0.204191654920578
DS3-established,G10,365,378.0,377.5,378.5,378.0,0.23244190216064453,0.15850380063056946
DS3-established,G10,366,378.5,378.0,379.0,378.5,0.3965234160423279,0.31566643714904785
DS3-established,G10,367,379.0,378.5,379.5,379.0,0.4334286153316498,0.3882368505001068
DS3-established,G10,368,379.5,379.0,380.0,379.5,0.41981974244117737,0.38519012928009033
DS3-established,G10,369,380.0,379.5,380.5,380.0,0.397097647190094,0.312948077917099
DS3-established,G10,370,380.5,380.0,381.0,380.5,0.28277888894081116,0.2189169079065323
DS3-established,G10,371,381.0,380.5,381.5,381.0,0.39551737904548645,0.2866031229496002
DS3-established,G10,372,381.5,381.0,382.0,381.5,0.3474300503730774,0.24954451620578766
DS3-established,G10,373,382.0,381.5,382.5,382.0,0.21127837896347046,0.16841402649879456
DS3-established,G10,374,382.5,382.0,383.0,382.5,0.25883594155311584,0.1656087189912796
DS3-established,G10,375,383.0,382.5,383.5,383.0,0.32772472500801086,0.2589513957500458
DS3-established,G10,376,383.5,383.0,384.0,383.5,0.2939970791339874,0.2608371376991272
DS3-established,G10,377,384.0,383.5,384.5,384.0,0.24324700236320496,0.1793176382780075
DS3-established,G10,378,384.5,384.0,385.0,384.5,0.35756340622901917,0.28123512864112854
DS3-established,G10,379,385.0,384.5,385.5,385.0,0.4603727161884308,0.29642125964164734
DS3-established,G10,380,385.5,385.0,386.0,385.5,0.4353642165660858,0.304262638092041
DS3-established,G10,381,386.0,385.5,386.5,386.0,0.34528520703315735,0.24872370064258575
DS3-established,G10,382,386.5,386.0,387.0,386.5,0.376831978559494,0.32736554741859436
DS3-established,G10,383,387.0,386.5,387.5,387.0,0.28104129433631897,0.20843495428562164
DS3-established,G10,384,387.5,387.0,388.0,387.5,0.1848037838935852,0.14627210795879364
DS3-established,G10,385,388.0,387.5,388.5,388.0,0.37272703647613525,0.29514428973197937
DS3-established,G10,386,388.5,388.0,389.0,388.5,0.42476126551628113,0.3525042235851288
DS3-established,G10,387,389.0,388.5,389.5,389.0,0.5132673978805542,0.4621706008911133
DS3-established,G10,388,389.5,389.0,390.0,389.5,0.33301305770874023,0.2573947012424469
DS3-established,G10,389,390.0,389.5,390.5,390.0,0.404742956161499,0.2991520166397095
DS3-established,G10,390,390.5,390.0,391.0,390.5,0.4573347866535187,0.3127484619617462
DS3-established,G10,391,391.0,390.5,391.5,391.0,0.39171746373176575,0.3009736239910126
DS3-established,G10,392,391.5,391.0,392.0,391.5,0.38114309310913086,0.3413124084472656
DS3-established,G10,393,392.0,391.5,392.5,392.0,0.5168042182922363,0.4530358910560608
DS3-established,G10,394,392.5,392.0,393.0,392.5,0.24385711550712585,0.19606193900108337
DS3-established,G10,395,393.0,392.5,393.5,393.0,0.2918187081813812,0.2224586308002472
DS3-established,G10,396,393.5,393.0,394.0,393.5,0.22808295488357544,0.1651914119720459
DS3-established,G10,397,394.0,393.5,394.5,394.0,0.3257966637611389,0.28080517053604126
DS3-established,G10,398,394.5,394.0,395.0,394.5,0.29062584042549133,0.20217151939868927
DS3-established,G10,399,395.0,394.5,395.5,395.0,0.23397044837474823,0.2002837210893631
DS3-established,G10,400,395.5,395.0,396.0,395.5,0.18377643823623657,0.14324231445789337
DS3-established,G10,401,396.0,395.5,396.5,396.0,0.2114543914794922,0.14092905819416046
DS3-established,G10,402,396.5,396.0,397.0,396.5,0.21525904536247253,0.14813478291034698
DS3-established,G10,403,397.0,396.5,397.5,397.0,0.32270941138267517,0.26715531945228577
DS3-established,G10,404,397.5,397.0,398.0,397.5,0.4743771553039551,0.4024629294872284
DS3-established,G10,405,398.0,397.5,398.5,398.0,0.4381921887397766,0.3436034321784973
DS3-established,G10,406,398.5,398.0,399.0,398.5,0.4113430082798004,0.3130342364311218
DS3-established,G10,407,399.0,398.5,399.5,399.0,0.31581494212150574,0.2441384494304657
DS3-established,G10,408,399.5,399.0,400.0,399.5,0.36244526505470276,0.28317132592201233
DS3-established,G10,409,400.0,399.5,400.5,400.0,0.39214423298835754,0.287474662065506
DS3-established,G10,410,400.5,400.0,401.0,400.5,0.40273934602737427,0.31259870529174805
DS3-established,G10,411,401.0,400.5,401.5,401.0,0.31315183639526367,0.2751132547855377
DS3-established,G10,412,401.5,401.0,402.0,401.5,0.28703251481056213,0.1607077717781067
DS3-established,G10,413,402.0,401.5,402.5,402.0,0.2875869572162628,0.21312567591667175
DS3-established,G10,414,402.5,402.0,403.0,402.5,0.1632489562034607,0.12494070082902908
DS3-established,G10,415,403.0,402.5,403.5,403.0,0.28879866003990173,0.18226544559001923
DS3-established,G10,416,403.5,403.0,404.0,403.5,0.37373435497283936,0.2970661222934723
DS3-established,G10,417,404.0,403.5,404.5,404.0,0.3263989984989166,0.23458851873874664
DS3-established,G10,418,404.5,404.0,405.0,404.5,0.21317584812641144,0.1672082543373108
DS3-established,G10,419,405.0,404.5,405.5,405.0,0.2971329092979431,0.2698461711406708
DS3-established,G10,420,405.5,405.0,406.0,405.5,0.2927117645740509,0.20981402695178986
DS3-established,G10,421,406.0,405.5,406.5,406.0,0.2923564016819,0.24840004742145538
DS3-established,G10,422,406.5,406.0,407.0,406.5,0.40272364020347595,0.2767821252346039
DS3-established,G10,423,407.0,406.5,407.5,407.0,0.27492839097976685,0.1813555508852005
DS3-established,G10,424,407.5,407.0,408.0,407.5,0.26297980546951294,0.1667434424161911
DS3-established,G10,425,408.0,407.5,408.5,408.0,0.28260672092437744,0.21206219494342804
DS3-established,G10,426,408.5,408.0,409.0,408.5,0.3388717770576477,0.22101186215877533
DS3-established,G10,427,409.0,408.5,409.5,409.0,0.36570027470588684,0.2931021749973297
DS3-established,G10,428,409.5,409.0,410.0,409.5,0.37247467041015625,0.2709760069847107
DS3-established,G10,429,410.0,409.5,410.5,410.0,0.3478405177593231,0.2503986954689026
DS3-established,G10,430,410.5,410.0,411.0,410.5,0.3260459005832672,0.21431666612625122
DS3-established,G10,431,411.0,410.5,411.5,411.0,0.31123578548431396,0.21238923072814941
DS3-established,G10,432,411.5,411.0,412.0,411.5,0.3943590819835663,0.277397483587265
DS3-established,G10,433,412.0,411.5,412.5,412.0,0.3530636727809906,0.22078749537467957
DS3-established,G10,434,412.5,412.0,413.0,412.5,0.2637239098548889,0.19742216169834137
DS3-established,G10,435,413.0,412.5,413.5,413.0,0.29029154777526855,0.18819501996040344
DS3-established,G10,436,413.5,413.0,414.0,413.5,0.29732662439346313,0.23196884989738464
DS3-established,G10,437,414.0,413.5,414.5,414.0,0.3102130889892578,0.22356732189655304
DS3-established,G10,438,414.5,414.0,415.0,414.5,0.2125159204006195,0.15950317680835724
DS3-established,G10,439,415.0,414.5,415.5,415.0,0.2418513000011444,0.1960574835538864
DS3-established,G10,440,415.5,415.0,416.0,415.5,0.2681996524333954,0.188698872923851
DS3-established,G10,441,416.0,415.5,416.5,416.0,0.46575677394866943,0.35289978981018066
DS3-established,G10,442,416.5,416.0,417.0,416.5,0.4506332576274872,0.3035736680030823
DS3-established,G10,443,417.0,416.5,417.5,417.0,0.37015506625175476,0.2719433903694153
DS3-established,G10,444,417.5,417.0,418.0,417.5,0.2845185399055481,0.1979677379131317
DS3-established,G10,445,418.0,417.5,418.5,418.0,0.24493171274662018,0.2140955626964569
DS3-established,G10,446,418.5,418.0,419.0,418.5,0.3452361524105072,0.25108805298805237
DS3-established,G10,447,419.0,418.5,419.5,419.0,0.2836815118789673,0.18847224116325378
DS3-established,G10,448,419.5,419.0,420.0,419.5,0.2055119276046753,0.16780520975589752
DS3-established,G10,449,420.0,419.5,420.5,420.0,0.3888464570045471,0.3177597224712372
DS3-established,G10,450,420.5,420.0,421.0,420.5,0.31701767444610596,0.2684956192970276
DS3-established,G10,451,421.0,420.5,421.5,421.0,0.20238938927650452,0.16487151384353638
DS3-established,G10,452,421.5,421.0,422.0,421.5,0.3121177852153778,0.2051364928483963
DS3-established,G10,453,422.0,421.5,422.5,422.0,0.4019915461540222,0.31585848331451416
DS3-established,G10,454,422.5,422.0,423.0,422.5,0.3970148265361786,0.2590523958206177
DS3-established,G10,455,423.0,422.5,423.5,423.0,0.3836035430431366,0.3017624318599701
DS3-established,G10,456,423.5,423.0,424.0,423.5,0.2600794732570648,0.1925772875547409
DS3-established,G10,457,424.0,423.5,424.5,424.0,0.2687569558620453,0.23762689530849457
DS3-established,G10,458,424.5,424.0,425.0,424.5,0.22369278967380524,0.16636249423027039
DS3-established,G10,459,425.0,424.5,425.5,425.0,0.22080324590206146,0.17359526455402374
DS3-established,G10,460,425.5,425.0,426.0,425.5,0.39063847064971924,0.32600027322769165
DS3-established,G10,461,426.0,425.5,426.5,426.0,0.33834874629974365,0.26390987634658813
DS3-established,G10,462,426.5,426.0,427.0,426.5,0.28415003418922424,0.23774157464504242
DS3-established,G10,463,427.0,426.5,427.5,427.0,0.17717072367668152,0.1462344229221344
DS3-established,G10,464,427.5,427.0,428.0,427.5,0.2534484565258026,0.15393802523612976
DS3-established,G10,465,428.0,427.5,428.5,428.0,0.29873624444007874,0.19924958050251007
DS3-established,G10,466,428.5,428.0,429.0,428.5,0.29609280824661255,0.24780961871147156
DS3-established,G10,467,429.0,428.5,429.5,429.0,0.26674702763557434,0.20424896478652954
DS3-established,G10,468,429.5,429.0,430.0,429.5,0.18486405909061432,0.1509474515914917
DS3-established,G10,469,430.0,429.5,430.5,430.0,0.2046188861131668,0.1618371307849884
DS3-established,G10,470,430.5,430.0,431.0,430.5,0.2660418152809143,0.22877822816371918
DS3-established,G10,471,431.0,430.5,431.5,431.0,0.15026529133319855,0.11842335760593414
DS3-established,G10,472,431.5,431.0,432.0,431.5,0.2794911563396454,0.2250455766916275
DS3-established,G10,473,432.0,431.5,432.5,432.0,0.3344593346118927,0.25140994787216187
DS3-established,G10,474,432.5,432.0,433.0,432.5,0.32921263575553894,0.24734735488891602
DS3-established,G10,475,433.0,432.5,433.5,433.0,0.26888418197631836,0.20930258929729462
DS3-established,G10,476,433.5,433.0,434.0,433.5,0.35988807678222656,0.26551932096481323
DS3-established,G10,477,434.0,433.5,434.5,434.0,0.3096131384372711,0.2605883479118347
DS3-established,G10,478,434.5,434.0,435.0,434.5,0.30977147817611694,0.23290306329727173
DS3-established,G10,479,435.0,434.5,435.5,435.0,0.38078635931015015,0.26431533694267273
DS3-established,G10,480,435.5,435.0,436.0,435.5,0.2605840563774109,0.18606488406658173
DS3-established,G10,481,436.0,435.5,436.5,436.0,0.30575141310691833,0.23049630224704742
DS3-established,G10,482,436.5,436.0,437.0,436.5,0.29295340180397034,0.2402040660381317
DS3-established,G10,483,437.0,436.5,437.5,437.0,0.3436180651187897,0.26701101660728455
DS3-established,G10,484,437.5,437.0,438.0,437.5,0.4344729781150818,0.3013984262943268
DS3-established,G10,485,438.0,437.5,438.5,438.0,0.36869093775749207,0.26858606934547424
DS3-established,G10,486,438.5,438.0,439.0,438.5,0.3599390685558319,0.30838337540626526
DS3-established,G10,487,439.0,438.5,439.5,439.0,0.145257830619812,0.10963352769613266
DS3-established,G10,488,439.5,439.0,440.0,439.5,0.13797585666179657,0.09843965619802475
DS3-established,G10,489,440.0,439.5,440.5,440.0,0.35021984577178955,0.2831650674343109
DS3-established,G10,490,440.5,440.0,441.0,440.5,0.3786208927631378,0.27158722281455994
DS3-established,G10,491,441.0,440.5,441.5,441.0,0.2532748579978943,0.16569310426712036
DS3-established,G10,492,441.5,441.0,442.0,441.5,0.3286568820476532,0.2707505524158478
DS3-established,G10,493,442.0,441.5,442.5,442.0,0.20243898034095764,0.15374068915843964
DS3-established,G10,494,442.5,442.0,443.0,442.5,0.31034591794013977,0.2049321085214615
DS3-established,G10,495,443.0,442.5,443.5,443.0,0.39157018065452576,0.2857144773006439
DS3-established,G10,496,443.5,443.0,444.0,443.5,0.4307582378387451,0.3068731725215912
DS3-established,G10,497,444.0,443.5,444.5,444.0,0.37275660037994385,0.24222131073474884
DS3-established,G10,498,444.5,444.0,445.0,444.5,0.31738942861557007,0.22919321060180664
DS3-established,G10,499,445.0,444.5,445.5,445.0,0.33282455801963806,0.26391637325286865
DS3-established,G10,500,445.5,445.0,446.0,445.5,0.2928883135318756,0.22609801590442657
DS3-established,G10,501,446.0,445.5,446.5,446.0,0.39123642444610596,0.3042973279953003
DS3-established,G10,502,446.5,446.0,447.0,446.5,0.38975417613983154,0.3184327781200409
DS3-established,G10,503,447.0,446.5,447.5,447.0,0.19941295683383942,0.16785436868667603
DS3-established,G10,504,447.5,447.0,448.0,447.5,0.23102577030658722,0.16236117482185364
DS3-established,G10,505,448.0,447.5,448.5,448.0,0.24911895394325256,0.20925258100032806
DS3-established,G10,506,448.5,448.0,449.0,448.5,0.18328163027763367,0.13690225780010223
DS3-established,G10,507,449.0,448.5,449.5,449.0,0.2619877755641937,0.15576080977916718
DS3-established,G10,508,449.5,449.0,450.0,449.5,0.27674010396003723,0.20570988953113556
DS3-established,G10,509,450.0,449.5,450.5,450.0,0.30281853675842285,0.23417584598064423
DS3-established,G10,510,450.5,450.0,451.0,450.5,0.2991291284561157,0.22224882245063782
DS3-established,G10,511,451.0,450.5,451.5,451.0,0.30371540784835815,0.20960702002048492
DS3-established,G10,512,451.5,451.0,452.0,451.5,0.3577762246131897,0.25284358859062195
DS3-established,G10,513,452.0,451.5,452.5,452.0,0.3788752853870392,0.27028152346611023
DS3-established,G10,514,452.5,452.0,453.0,452.5,0.248809814453125,0.19177617132663727
DS3-established,G10,515,453.0,452.5,453.5,453.0,0.20826023817062378,0.1546485722064972
DS3-established,G10,516,453.5,453.0,454.0,453.5,0.2563772201538086,0.21108539402484894
DS3-established,G10,517,454.0,453.5,454.5,454.0,0.3116118907928467,0.25175705552101135
DS3-established,G10,518,454.5,454.0,455.0,454.5,0.3658052980899811,0.29561811685562134
DS3-established,G10,519,455.0,454.5,455.5,455.0,0.4054046869277954,0.3160078227519989
DS3-established,G10,520,455.5,455.0,456.0,455.5,0.3066141605377197,0.23056656122207642
DS3-established,G10,521,456.0,455.5,456.5,456.0,0.3374119699001312,0.24454408884048462
DS3-established,G10,522,456.5,456.0,457.0,456.5,0.32070213556289673,0.23990461230278015
DS3-established,G10,523,457.0,456.5,457.5,457.0,0.19041970372200012,0.1362590491771698
DS3-established,G10,524,457.5,457.0,458.0,457.5,0.2447657436132431,0.19080856442451477
DS3-established,G13,12,201.5,201.0,202.0,201.5,4.149883270263672,3.842071533203125
DS3-established,G13,13,202.0,201.5,202.5,202.0,4.248741149902344,3.940911293029785
DS3-established,G13,14,202.5,202.0,203.0,202.5,4.271461486816406,3.970890998840332
DS3-established,G13,15,203.0,202.5,203.5,203.0,4.291792869567871,4.000375747680664
DS3-established,G13,16,203.5,203.0,204.0,203.5,4.411580562591553,4.122919082641602
DS3-established,G13,17,204.0,203.5,204.5,204.0,4.383493900299072,4.110620975494385
DS3-established,G13,18,204.5,204.0,205.0,204.5,4.320459842681885,4.052723407745361
DS3-established,G13,19,205.0,204.5,205.5,205.0,4.294105529785156,4.024452209472656
DS3-established,G13,20,205.5,205.0,206.0,205.5,4.017983436584473,3.7525439262390137
DS3-established,G13,21,206.0,205.5,206.5,206.0,3.443000555038452,3.1887621879577637
DS3-established,G13,22,206.5,206.0,207.0,206.5,2.7669594287872314,2.5106923580169678
DS3-established,G13,23,207.0,206.5,207.5,207.0,2.106381893157959,1.7968498468399048
DS3-established,G13,24,207.5,207.0,208.0,207.5,1.685840129852295,1.396126389503479
DS3-established,G13,25,208.0,207.5,208.5,208.0,1.3319610357284546,1.1604620218276978
DS3-established,G13,26,208.5,208.0,209.0,208.5,1.1742656230926514,1.0184948444366455
DS3-established,G13,27,209.0,208.5,209.5,209.0,1.131810188293457,0.9664707183837891
DS3-established,G13,28,209.5,209.0,210.0,209.5,1.1172667741775513,0.901697039604187
DS3-established,G13,29,210.0,209.5,210.5,210.0,1.1272599697113037,0.8570541739463806
DS3-established,G13,30,210.5,210.0,211.0,210.5,1.2185165882110596,0.9069750308990479
DS3-established,G13,31,211.0,210.5,211.5,211.0,1.2101839780807495,0.8972346186637878
DS3-established,G13,32,211.5,211.0,212.0,211.5,1.2426530122756958,0.9001761674880981
DS3-established,G13,33,212.0,211.5,212.5,212.0,1.2623754739761353,0.9059439897537231
DS3-established,G13,34,212.5,212.0,213.0,212.5,1.189739465713501,0.8525741696357727
DS3-established,G13,35,213.0,212.5,213.5,213.0,1.1150375604629517,0.8068435192108154
DS3-established,G13,36,213.5,213.0,214.0,213.5,0.9452173709869385,0.6851814985275269
DS3-established,G13,37,214.0,213.5,214.5,214.0,0.8195432424545288,0.6228657364845276
DS3-established,G13,38,214.5,214.0,215.0,214.5,0.7337930798530579,0.5712227821350098
DS3-established,G13,39,215.0,214.5,215.5,215.0,0.6208053231239319,0.4766526222229004
DS3-established,G13,40,215.5,215.0,216.0,215.5,0.5057986378669739,0.38736891746520996
DS3-established,G13,41,216.0,215.5,216.5,216.0,0.44589895009994507,0.36537638306617737
DS3-established,G13,42,216.5,216.0,217.0,216.5,0.2929941415786743,0.23914217948913574
DS3-established,G13,43,217.0,216.5,217.5,217.0,0.21868321299552917,0.173770472407341
DS3-established,G13,44,217.5,217.0,218.0,217.5,0.2810814678668976,0.22847586870193481
DS3-established,G13,45,218.0,217.5,218.5,218.0,0.2786405086517334,0.21340128779411316
DS3-established,G13,46,218.5,218.0,219.0,218.5,0.3357562720775604,0.26677069067955017
DS3-established,G13,47,219.0,218.5,219.5,219.0,0.38491150736808777,0.3073209226131439
DS3-established,G13,48,219.5,219.0,220.0,219.5,0.35571080446243286,0.2709379196166992
DS3-established,G13,49,220.0,219.5,220.5,220.0,0.48223787546157837,0.39012786746025085
DS3-established,G13,50,220.5,220.0,221.0,220.5,0.48409366607666016,0.3934566378593445
DS3-established,G13,51,221.0,220.5,221.5,221.0,0.4014001786708832,0.32886767387390137
DS3-established,G13,52,221.5,221.0,222.0,221.5,0.44479119777679443,0.34927502274513245
DS3-established,G13,53,222.0,221.5,222.5,222.0,0.790328323841095,0.6012137532234192
DS3-established,G13,54,222.5,222.0,223.0,222.5,1.4485770463943481,1.3047610521316528
DS3-established,G13,55,223.0,222.5,223.5,223.0,2.362222909927368,2.1887433528900146
DS3-established,G13,56,223.5,223.0,224.0,223.5,3.4212183952331543,3.1852922439575195
DS3-established,G13,57,224.0,223.5,224.5,224.0,4.008386611938477,3.7397663593292236
DS3-established,G13,58,224.5,224.0,225.0,224.5,4.263245105743408,3.9789555072784424
DS3-established,G13,59,225.0,224.5,225.5,225.0,4.453712463378906,4.143518924713135
DS3-established,G13,60,225.5,225.0,226.0,225.5,4.423334121704102,4.1075358390808105
DS3-established,G13,61,226.0,225.5,226.5,226.0,4.312335014343262,3.9950196743011475
DS3-established,G13,62,226.5,226.0,227.0,226.5,4.345718860626221,4.0355448722839355
DS3-established,G13,63,227.0,226.5,227.5,227.0,4.524167060852051,4.20291805267334
DS3-established,G13,64,227.5,227.0,228.0,227.5,4.516999244689941,4.179562091827393
DS3-established,G13,65,228.0,227.5,228.5,228.0,4.462306976318359,4.1207475662231445
DS3-established,G13,66,228.5,228.0,229.0,228.5,4.419383525848389,4.097145080566406
DS3-established,G13,67,229.0,228.5,229.5,229.0,4.425247669219971,4.111727237701416
DS3-established,G13,68,229.5,229.0,230.0,229.5,4.507269382476807,4.1856536865234375
DS3-established,G13,69,230.0,229.5,230.5,230.0,4.443030834197998,4.131062030792236
DS3-established,G13,70,230.5,230.0,231.0,230.5,4.415021896362305,4.114706516265869
DS3-established,G13,71,231.0,230.5,231.5,231.0,4.493210792541504,4.193151950836182
DS3-established,G13,72,231.5,231.0,232.0,231.5,4.5256571769714355,4.228890895843506
DS3-established,G13,73,232.0,231.5,232.5,232.0,4.4505839347839355,4.168646335601807
DS3-established,G13,74,232.5,232.0,233.0,232.5,4.466373920440674,4.1843132972717285
DS3-established,G13,75,233.0,232.5,233.5,233.0,4.42308235168457,4.13933801651001
DS3-established,G13,76,233.5,233.0,234.0,233.5,4.269057750701904,4.004469394683838
DS3-established,G13,77,234.0,233.5,234.5,234.0,3.9466745853424072,3.709852457046509
DS3-established,G13,78,234.5,234.0,235.0,234.5,3.7739322185516357,3.546790838241577
DS3-established,G13,79,235.0,234.5,235.5,235.0,3.691770076751709,3.469292163848877
DS3-established,G13,80,235.5,235.0,236.0,235.5,3.426624298095703,3.2214834690093994
DS3-established,G13,81,236.0,235.5,236.5,236.0,3.0606436729431152,2.880169630050659
DS3-established,G13,82,236.5,236.0,237.0,236.5,2.638434648513794,2.481174945831299
DS3-established,G13,83,237.0,236.5,237.5,237.0,2.1088671684265137,1.97303307056427
DS3-established,G13,84,237.5,237.0,238.0,237.5,1.551171898841858,1.4365923404693604
DS3-established,G13,85,238.0,237.5,238.5,238.0,1.165417194366455,1.060380458831787
DS3-established,G13,86,238.5,238.0,239.0,238.5,0.7366002202033997,0.6428933143615723
DS3-established,G13,87,239.0,238.5,239.5,239.0,0.514766275882721,0.4223414957523346
DS3-established,G13,88,239.5,239.0,240.0,239.5,0.48283064365386963,0.4039135277271271
DS3-established,G13,89,240.0,239.5,240.5,240.0,0.3563328683376312,0.29069414734840393
DS3-established,G13,90,240.5,240.0,241.0,240.5,0.2764686644077301,0.2321077138185501
DS3-established,G13,91,241.0,240.5,241.5,241.0,0.23701892793178558,0.19040434062480927
DS3-established,G13,92,241.5,241.0,242.0,241.5,0.27494335174560547,0.21053430438041687
DS3-established,G13,93,242.0,241.5,242.5,242.0,0.33619755506515503,0.2726585865020752
DS3-established,G13,94,242.5,242.0,243.0,242.5,0.3445042371749878,0.2638019621372223
DS3-established,G13,95,243.0,242.5,243.5,243.0,0.32114753127098083,0.2500354051589966
DS3-established,G13,96,243.5,243.0,244.0,243.5,0.3207424581050873,0.2595391869544983
DS3-established,G13,97,244.0,243.5,244.5,244.0,0.2979949712753296,0.2444407194852829
DS3-established,G13,98,244.5,244.0,245.0,244.5,0.31614527106285095,0.2403675764799118
DS3-established,G13,99,245.0,244.5,245.5,245.0,0.3247765600681305,0.2622535526752472
DS3-established,G13,100,245.5,245.0,246.0,245.5,0.3374502956867218,0.2727296054363251
DS3-established,G13,101,246.0,245.5,246.5,246.0,0.3791295289993286,0.2869780957698822
DS3-established,G13,102,246.5,246.0,247.0,246.5,0.3317939341068268,0.24252080917358398
DS3-established,G13,103,247.0,246.5,247.5,247.0,0.30454933643341064,0.24266406893730164
DS3-established,G13,104,247.5,247.0,248.0,247.5,0.3141772449016571,0.2562927305698395
DS3-established,G13,105,248.0,247.5,248.5,248.0,0.2905137240886688,0.24050787091255188
DS3-established,G13,106,248.5,248.0,249.0,248.5,0.2318599373102188,0.18352042138576508
DS3-established,G13,107,249.0,248.5,249.5,249.0,0.2294231355190277,0.18117888271808624
DS3-established,G13,108,249.5,249.0,250.0,249.5,0.27776414155960083,0.19923360645771027
DS3-established,G13,109,250.0,249.5,250.5,250.0,0.32470908761024475,0.23302729427814484
DS3-established,G13,110,250.5,250.0,251.0,250.5,0.2941126227378845,0.2272893637418747
DS3-established,G13,111,251.0,250.5,251.5,251.0,0.24859800934791565,0.18602868914604187
DS3-established,G13,112,251.5,251.0,252.0,251.5,0.2547212243080139,0.19391578435897827
DS3-established,G13,113,252.0,251.5,252.5,252.0,0.30876025557518005,0.22923152148723602
DS3-established,G13,114,252.5,252.0,253.0,252.5,0.3399043679237366,0.2582411468029022
DS3-established,G13,115,253.0,252.5,253.5,253.0,0.2572565972805023,0.18567298352718353
DS3-established,G13,116,253.5,253.0,254.0,253.5,0.28122568130493164,0.20693901181221008
DS3-established,G13,117,254.0,253.5,254.5,254.0,0.30032163858413696,0.23034122586250305
DS3-established,G13,118,254.5,254.0,255.0,254.5,0.2361801415681839,0.17012591660022736
DS3-established,G13,119,255.0,254.5,255.5,255.0,0.25417426228523254,0.18695592880249023
DS3-established,G13,120,255.5,255.0,256.0,255.5,0.2747049331665039,0.20736496150493622
DS3-established,G13,121,256.0,255.5,256.5,256.0,0.27207323908805847,0.21486115455627441
DS3-established,G13,122,256.5,256.0,257.0,256.5,0.24907584488391876,0.17321641743183136
DS3-established,G13,123,257.0,256.5,257.5,257.0,0.2657235562801361,0.17341239750385284
DS3-established,G13,124,257.5,257.0,258.0,257.5,0.2911321520805359,0.22001001238822937
DS3-established,G13,125,258.0,257.5,258.5,258.0,0.28383976221084595,0.20909614861011505
DS3-established,G13,126,258.5,258.0,259.0,258.5,0.3100430965423584,0.21689407527446747
DS3-established,G13,127,259.0,258.5,259.5,259.0,0.2969377338886261,0.21635021269321442
DS3-established,G13,128,259.5,259.0,260.0,259.5,0.2888692021369934,0.2107621729373932
DS3-established,G13,129,260.0,259.5,260.5,260.0,0.26677843928337097,0.19770963490009308
DS3-established,G13,130,260.5,260.0,261.0,260.5,0.2130959928035736,0.16640250384807587
DS3-established,G13,131,261.0,260.5,261.5,261.0,0.25704288482666016,0.19160623848438263
DS3-established,G13,132,261.5,261.0,262.0,261.5,0.2839365303516388,0.20456573367118835
DS3-established,G13,133,262.0,261.5,262.5,262.0,0.2678162157535553,0.194187730550766
DS3-established,G13,134,262.5,262.0,263.0,262.5,0.30697575211524963,0.219842791557312
DS3-established,G13,135,263.0,262.5,263.5,263.0,0.31496793031692505,0.22388310730457306
DS3-established,G13,136,263.5,263.0,264.0,263.5,0.3063623905181885,0.22448201477527618
DS3-established,G13,137,264.0,263.5,264.5,264.0,0.2017398476600647,0.14835324883460999
DS3-established,G13,138,264.5,264.0,265.0,264.5,0.2494441568851471,0.1967039704322815
DS3-established,G13,139,265.0,264.5,265.5,265.0,0.3596023917198181,0.27480217814445496
DS3-established,G13,140,265.5,265.0,266.0,265.5,0.27352380752563477,0.20771053433418274
DS3-established,G13,141,266.0,265.5,266.5,266.0,0.23235078155994415,0.17846718430519104
DS3-established,G13,142,266.5,266.0,267.0,266.5,0.2920365035533905,0.19947801530361176
DS3-established,G13,143,267.0,266.5,267.5,267.0,0.3750743269920349,0.2725917398929596
DS3-established,G13,144,267.5,267.0,268.0,267.5,0.3415776491165161,0.2705448567867279
DS3-established,G13,145,268.0,267.5,268.5,268.0,0.28752630949020386,0.2236410528421402
DS3-established,G13,146,268.5,268.0,269.0,268.5,0.3212280571460724,0.22928564250469208
DS3-established,G13,147,269.0,268.5,269.5,269.0,0.27793067693710327,0.2121504247188568
DS3-established,G13,148,269.5,269.0,270.0,269.5,0.2581121623516083,0.19663472473621368
DS3-established,G13,149,270.0,269.5,270.5,270.0,0.2681880295276642,0.19914117455482483
DS3-established,G13,150,270.5,270.0,271.0,270.5,0.30226704478263855,0.2060389220714569
DS3-established,G13,151,271.0,270.5,271.5,271.0,0.30172422528266907,0.2292812615633011
DS3-established,G13,152,271.5,271.0,272.0,271.5,0.3110795319080353,0.23742927610874176
DS3-established,G13,153,272.0,271.5,272.5,272.0,0.29335200786590576,0.21934229135513306
DS3-established,G13,154,272.5,272.0,273.0,272.5,0.267057329416275,0.20185132324695587
DS3-established,G13,155,273.0,272.5,273.5,273.0,0.2568581998348236,0.20850451290607452
DS3-established,G13,156,273.5,273.0,274.0,273.5,0.26064762473106384,0.20901595056056976
DS3-established,G13,157,274.0,273.5,274.5,274.0,0.3198085129261017,0.2203918844461441
DS3-established,G13,158,274.5,274.0,275.0,274.5,0.28009575605392456,0.1986759752035141
DS3-established,G13,159,275.0,274.5,275.5,275.0,0.2598230838775635,0.18919797241687775
DS3-established,G13,160,275.5,275.0,276.0,275.5,0.29225197434425354,0.19979147613048553
DS3-established,G13,161,276.0,275.5,276.5,276.0,0.3130921423435211,0.23730643093585968
DS3-established,G13,162,276.5,276.0,277.0,276.5,0.2663000524044037,0.19943565130233765
DS3-established,G13,163,277.0,276.5,277.5,277.0,0.2796367406845093,0.21586987376213074
DS3-established,G13,164,277.5,277.0,278.0,277.5,0.29573673009872437,0.22458474338054657
DS3-established,G13,165,278.0,277.5,278.5,278.0,0.2582011818885803,0.17155350744724274
DS3-established,G13,166,278.5,278.0,279.0,278.5,0.2771720588207245,0.21511556208133698
DS3-established,G13,167,279.0,278.5,279.5,279.0,0.299170583486557,0.21948106586933136
DS3-established,G13,168,279.5,279.0,280.0,279.5,0.2786092758178711,0.2140120267868042
DS3-established,G13,169,280.0,279.5,280.5,280.0,0.2847271263599396,0.22605125606060028
DS3-established,G13,170,280.5,280.0,281.0,280.5,0.32064417004585266,0.25336506962776184
DS3-established,G13,171,281.0,280.5,281.5,281.0,0.2716354727745056,0.21032650768756866
DS3-established,G13,172,281.5,281.0,282.0,281.5,0.26251959800720215,0.19944894313812256
DS3-established,G13,173,282.0,281.5,282.5,282.0,0.3037262260913849,0.22418448328971863
DS3-established,G13,174,282.5,282.0,283.0,282.5,0.265429824590683,0.20079432427883148
DS3-established,G13,175,283.0,282.5,283.5,283.0,0.2734249234199524,0.18812306225299835
DS3-established,G13,176,283.5,283.0,284.0,283.5,0.31196340918540955,0.23879404366016388
DS3-established,G13,177,284.0,283.5,284.5,284.0,0.306878000497818,0.23264186084270477
DS3-established,G13,178,284.5,284.0,285.0,284.5,0.2934485673904419,0.22088134288787842
DS3-established,G13,179,285.0,284.5,285.5,285.0,0.2532506585121155,0.19749821722507477
DS3-established,G13,180,285.5,285.0,286.0,285.5,0.2583964467048645,0.21270926296710968
DS3-established,G13,181,286.0,285.5,286.5,286.0,0.2769816815853119,0.1937934011220932
DS3-established,G13,182,286.5,286.0,287.0,286.5,0.2986869513988495,0.20577405393123627
DS3-established,G13,183,287.0,286.5,287.5,287.0,0.29466938972473145,0.219283327460289
DS3-established,G13,184,287.5,287.0,288.0,287.5,0.2425660789012909,0.19552800059318542
DS3-established,G13,185,288.0,287.5,288.5,288.0,0.24012939631938934,0.15927956998348236
DS3-established,G13,186,288.5,288.0,289.0,288.5,0.2941162586212158,0.20646315813064575
DS3-established,G13,187,289.0,288.5,289.5,289.0,0.32755136489868164,0.21836481988430023
DS3-established,G13,188,289.5,289.0,290.0,289.5,0.32292407751083374,0.24400711059570312
DS3-established,G13,189,290.0,289.5,290.5,290.0,0.3120898902416229,0.2445831596851349
DS3-established,G13,190,290.5,290.0,291.0,290.5,0.248726949095726,0.196823388338089
DS3-established,G13,191,291.0,290.5,291.5,291.0,0.2909177243709564,0.21914584934711456
DS3-established,G13,192,291.5,291.0,292.0,291.5,0.3162401020526886,0.24228160083293915
DS3-established,G13,193,292.0,291.5,292.5,292.0,0.2886738181114197,0.20120438933372498
DS3-established,G13,194,292.5,292.0,293.0,292.5,0.3091484606266022,0.21806453168392181
DS3-established,G13,195,293.0,292.5,293.5,293.0,0.35631662607192993,0.26801130175590515
DS3-established,G13,196,293.5,293.0,294.0,293.5,0.31259405612945557,0.23163944482803345
DS3-established,G13,197,294.0,293.5,294.5,294.0,0.310249000787735,0.22604995965957642
DS3-established,G13,198,294.5,294.0,295.0,294.5,0.33641335368156433,0.25075456500053406
DS3-established,G13,199,295.0,294.5,295.5,295.0,0.3064924478530884,0.2193712741136551
DS3-established,G13,200,295.5,295.0,296.0,295.5,0.286753386259079,0.2132909744977951
DS3-established,G13,201,296.0,295.5,296.5,296.0,0.2775203287601471,0.19923649728298187
DS3-established,G13,202,296.5,296.0,297.0,296.5,0.2735861539840698,0.21494156122207642
DS3-established,G13,203,297.0,296.5,297.5,297.0,0.2745530605316162,0.20347321033477783
DS3-established,G13,204,297.5,297.0,298.0,297.5,0.2881084382534027,0.2083030641078949
DS3-established,G13,205,298.0,297.5,298.5,298.0,0.24856282770633698,0.16521234810352325
DS3-established,G13,206,298.5,298.0,299.0,298.5,0.2743472754955292,0.20031987130641937
DS3-established,G13,207,299.0,298.5,299.5,299.0,0.3301362991333008,0.248301699757576
DS3-established,G13,208,299.5,299.0,300.0,299.5,0.26032555103302,0.19949141144752502
DS3-established,G13,209,300.0,299.5,300.5,300.0,0.23995965719223022,0.1761639565229416
DS3-established,G13,210,300.5,300.0,301.0,300.5,0.2748786509037018,0.20928384363651276
DS3-established,G13,211,301.0,300.5,301.5,301.0,0.2748025059700012,0.21390308439731598
DS3-established,G13,212,301.5,301.0,302.0,301.5,0.3044886589050293,0.20112016797065735
DS3-established,G13,213,302.0,301.5,302.5,302.0,0.31746259331703186,0.25246280431747437
DS3-established,G13,214,302.5,302.0,303.0,302.5,0.26358169317245483,0.21244359016418457
DS3-established,G13,215,303.0,302.5,303.5,303.0,0.25746357440948486,0.19195957481861115
DS3-established,G13,216,303.5,303.0,304.0,303.5,0.29301944375038147,0.21511846780776978
DS3-established,G13,217,304.0,303.5,304.5,304.0,0.30307912826538086,0.22774958610534668
DS3-established,G13,218,304.5,304.0,305.0,304.5,0.3747158646583557,0.26410046219825745
DS3-established,G13,219,305.0,304.5,305.5,305.0,0.3006718158721924,0.2186625897884369
DS3-established,G13,220,305.5,305.0,306.0,305.5,0.2723282277584076,0.21847881376743317
DS3-established,G13,221,306.0,305.5,306.5,306.0,0.3253048360347748,0.23652487993240356
DS3-established,G13,222,306.5,306.0,307.0,306.5,0.25425833463668823,0.1968603879213333
DS3-established,G13,223,307.0,306.5,307.5,307.0,0.2682749629020691,0.19349810481071472
DS3-established,G13,224,307.5,307.0,308.0,307.5,0.28287172317504883,0.1849188655614853
DS3-established,G13,225,308.0,307.5,308.5,308.0,0.23876433074474335,0.18207038938999176
DS3-established,G13,226,308.5,308.0,309.0,308.5,0.27613916993141174,0.21105706691741943
DS3-established,G13,227,309.0,308.5,309.5,309.0,0.2567240297794342,0.18177884817123413
DS3-established,G13,228,309.5,309.0,310.0,309.5,0.32964974641799927,0.2522819936275482
DS3-established,G13,229,310.0,309.5,310.5,310.0,0.3725198805332184,0.305248886346817
DS3-established,G13,230,310.5,310.0,311.0,310.5,0.29523947834968567,0.23427779972553253
DS3-established,G13,231,311.0,310.5,311.5,311.0,0.28684911131858826,0.2055741846561432
DS3-established,G13,232,311.5,311.0,312.0,311.5,0.3149726092815399,0.21218456327915192
DS3-established,G13,233,312.0,311.5,312.5,312.0,0.3494018018245697,0.23149095475673676
DS3-established,G13,234,312.5,312.0,313.0,312.5,0.3417462706565857,0.2662501335144043
DS3-established,G13,235,313.0,312.5,313.5,313.0,0.294048011302948,0.2273520976305008
DS3-established,G13,236,313.5,313.0,314.0,313.5,0.3181229829788208,0.2480429857969284
DS3-established,G13,237,314.0,313.5,314.5,314.0,0.33020249009132385,0.238833487033844
DS3-established,G13,238,314.5,314.0,315.0,314.5,0.30698221921920776,0.22135257720947266
DS3-established,G13,239,315.0,314.5,315.5,315.0,0.317803293466568,0.2306196689605713
DS3-established,G13,240,315.5,315.0,316.0,315.5,0.3201327919960022,0.2368939220905304
DS3-established,G13,241,316.0,315.5,316.5,316.0,0.3234543800354004,0.23776480555534363
DS3-established,G13,242,316.5,316.0,317.0,316.5,0.24277466535568237,0.17150844633579254
DS3-established,G13,243,317.0,316.5,317.5,317.0,0.18408401310443878,0.16101452708244324
DS3-established,G13,244,317.5,317.0,318.0,317.5,0.26103827357292175,0.18978431820869446
DS3-established,G13,245,318.0,317.5,318.5,318.0,0.3150050938129425,0.2190016508102417
DS3-established,G13,246,318.5,318.0,319.0,318.5,0.3434745967388153,0.23948213458061218
DS3-established,G13,247,319.0,318.5,319.5,319.0,0.2773212492465973,0.20522384345531464
DS3-established,G13,248,319.5,319.0,320.0,319.5,0.2436673790216446,0.18713964521884918
DS3-established,G13,249,320.0,319.5,320.5,320.0,0.2786118984222412,0.20620934665203094
DS3-established,G13,250,320.5,320.0,321.0,320.5,0.24755840003490448,0.18667955696582794
DS3-established,G13,251,321.0,320.5,321.5,321.0,0.25368282198905945,0.20200780034065247
DS3-established,G13,252,321.5,321.0,322.0,321.5,0.3244609534740448,0.24454300105571747
DS3-established,G13,253,322.0,321.5,322.5,322.0,0.30179235339164734,0.21034635603427887
DS3-established,G13,254,322.5,322.0,323.0,322.5,0.31049689650535583,0.20051676034927368
DS3-established,G13,255,323.0,322.5,323.5,323.0,0.30216190218925476,0.21719343960285187
DS3-established,G13,256,323.5,323.0,324.0,323.5,0.26992300152778625,0.20154447853565216
DS3-established,G13,257,324.0,323.5,324.5,324.0,0.27088138461112976,0.208076611161232
DS3-established,G13,258,324.5,324.0,325.0,324.5,0.28708818554878235,0.19746573269367218
DS3-established,G13,259,325.0,324.5,325.5,325.0,0.29416683316230774,0.19928240776062012
DS3-established,G13,260,325.5,325.0,326.0,325.5,0.30225133895874023,0.22400853037834167
DS3-established,G13,261,326.0,325.5,326.5,326.0,0.2668766379356384,0.1853182166814804
DS3-established,G13,262,326.5,326.0,327.0,326.5,0.26200488209724426,0.19672557711601257
DS3-established,G13,263,327.0,326.5,327.5,327.0,0.288509339094162,0.22144009172916412
DS3-established,G13,264,327.5,327.0,328.0,327.5,0.3154643177986145,0.22995536029338837
DS3-established,G13,265,328.0,327.5,328.5,328.0,0.300300270318985,0.22299334406852722
DS3-established,G13,266,328.5,328.0,329.0,328.5,0.2698166072368622,0.21636226773262024
DS3-established,G13,267,329.0,328.5,329.5,329.0,0.2668432593345642,0.2077903151512146
DS3-established,G13,268,329.5,329.0,330.0,329.5,0.2682218849658966,0.19214922189712524
DS3-established,G13,269,330.0,329.5,330.5,330.0,0.26202520728111267,0.19057978689670563
DS3-established,G13,270,330.5,330.0,331.0,330.5,0.3030122220516205,0.2324056178331375
DS3-established,G13,271,331.0,330.5,331.5,331.0,0.34022268652915955,0.25488653779029846
DS3-established,G13,272,331.5,331.0,332.0,331.5,0.27624496817588806,0.20945391058921814
DS3-established,G13,273,332.0,331.5,332.5,332.0,0.2679138481616974,0.19504491984844208
DS3-established,G13,274,332.5,332.0,333.0,332.5,0.3022102415561676,0.1974451094865799
DS3-established,G13,275,333.0,332.5,333.5,333.0,0.2896900475025177,0.20327366888523102
DS3-established,G13,276,333.5,333.0,334.0,333.5,0.31980347633361816,0.24965249001979828
DS3-established,G13,277,334.0,333.5,334.5,334.0,0.29749318957328796,0.2021651715040207
DS3-established,G13,278,334.5,334.0,335.0,334.5,0.24903923273086548,0.18748827278614044
DS3-established,G13,279,335.0,334.5,335.5,335.0,0.28892982006073,0.21216458082199097
DS3-established,G13,280,335.5,335.0,336.0,335.5,0.2678612470626831,0.20679035782814026
DS3-established,G13,281,336.0,335.5,336.5,336.0,0.28610944747924805,0.22045713663101196
DS3-established,G13,282,336.5,336.0,337.0,336.5,0.2911239266395569,0.19582462310791016
DS3-established,G13,283,337.0,336.5,337.5,337.0,0.28568142652511597,0.22086112201213837
DS3-established,G13,284,337.5,337.0,338.0,337.5,0.31035125255584717,0.24013791978359222
DS3-established,G13,285,338.0,337.5,338.5,338.0,0.27232202887535095,0.19928649067878723
DS3-established,G13,286,338.5,338.0,339.0,338.5,0.2691550850868225,0.19696412980556488
DS3-established,G13,287,339.0,338.5,339.5,339.0,0.2537204325199127,0.1863468885421753
DS3-established,G13,288,339.5,339.0,340.0,339.5,0.19809867441654205,0.16335389018058777
DS3-established,G13,289,340.0,339.5,340.5,340.0,0.2542177736759186,0.18189798295497894
DS3-established,G13,290,340.5,340.0,341.0,340.5,0.31911101937294006,0.23777861893177032
DS3-established,G13,291,341.0,340.5,341.5,341.0,0.2869652211666107,0.23050597310066223
DS3-established,G13,292,341.5,341.0,342.0,341.5,0.2613789439201355,0.19679276645183563
DS3-established,G13,293,342.0,341.5,342.5,342.0,0.2616909146308899,0.19092528522014618
DS3-established,G13,294,342.5,342.0,343.0,342.5,0.2955124080181122,0.23568667471408844
DS3-established,G13,295,343.0,342.5,343.5,343.0,0.26382017135620117,0.19236023724079132
DS3-established,G13,296,343.5,343.0,344.0,343.5,0.27473461627960205,0.20119580626487732
DS3-established,G13,297,344.0,343.5,344.5,344.0,0.2941748797893524,0.22824770212173462
DS3-established,G13,298,344.5,344.0,345.0,344.5,0.26271727681159973,0.20108634233474731
DS3-established,G13,299,345.0,344.5,345.5,345.0,0.32611265778541565,0.23384475708007812
DS3-established,G13,300,345.5,345.0,346.0,345.5,0.38508906960487366,0.29375213384628296
DS3-established,G13,301,346.0,345.5,346.5,346.0,0.31033480167388916,0.2491489052772522
DS3-established,G13,302,346.5,346.0,347.0,346.5,0.24008147418498993,0.1867348849773407
DS3-established,G13,303,347.0,346.5,347.5,347.0,0.30986732244491577,0.2395504266023636
DS3-established,G13,304,347.5,347.0,348.0,347.5,0.2983855903148651,0.2155352383852005
DS3-established,G13,305,348.0,347.5,348.5,348.0,0.24242164194583893,0.18196649849414825
DS3-established,G13,306,348.5,348.0,349.0,348.5,0.2504981458187103,0.19486753642559052
DS3-established,G13,307,349.0,348.5,349.5,349.0,0.2642791271209717,0.20449620485305786
DS3-established,G13,308,349.5,349.0,350.0,349.5,0.31318506598472595,0.238638237118721
DS3-established,G13,309,350.0,349.5,350.5,350.0,0.283499151468277,0.21040719747543335
DS3-established,G13,310,350.5,350.0,351.0,350.5,0.2838481068611145,0.2213141918182373
DS3-established,G13,311,351.0,350.5,351.5,351.0,0.234094500541687,0.17298249900341034
DS3-established,G13,312,351.5,351.0,352.0,351.5,0.2571062743663788,0.21379466354846954
DS3-established,G13,313,352.0,351.5,352.5,352.0,0.2818329334259033,0.21504589915275574
DS3-established,G13,314,352.5,352.0,353.0,352.5,0.28761404752731323,0.22501114010810852
DS3-established,G13,315,353.0,352.5,353.5,353.0,0.30108457803726196,0.2546890079975128
DS3-established,G13,316,353.5,353.0,354.0,353.5,0.23792770504951477,0.1717185080051422
DS3-established,G13,317,354.0,353.5,354.5,354.0,0.2585395276546478,0.1762239634990692
DS3-established,G13,318,354.5,354.0,355.0,354.5,0.29666855931282043,0.21873484551906586
DS3-established,G13,319,355.0,354.5,355.5,355.0,0.316134512424469,0.2416210174560547
DS3-established,G13,320,355.5,355.0,356.0,355.5,0.2792419195175171,0.2052791714668274
DS3-established,G13,321,356.0,355.5,356.5,356.0,0.2904985845088959,0.21029144525527954
DS3-established,G13,322,356.5,356.0,357.0,356.5,0.2996557652950287,0.20043468475341797
DS3-established,G13,323,357.0,356.5,357.5,357.0,0.31859973073005676,0.2379472553730011
DS3-established,G13,324,357.5,357.0,358.0,357.5,0.31370630860328674,0.2412804514169693
DS3-established,G13,325,358.0,357.5,358.5,358.0,0.26925405859947205,0.19915984570980072
DS3-established,G13,326,358.5,358.0,359.0,358.5,0.2856227159500122,0.19159024953842163
DS3-established,G13,327,359.0,358.5,359.5,359.0,0.2446058839559555,0.1960647851228714
DS3-established,G13,328,359.5,359.0,360.0,359.5,0.2771081030368805,0.21579298377037048
DS3-established,G13,329,360.0,359.5,360.5,360.0,0.31201910972595215,0.24546316266059875
DS3-established,G13,330,360.5,360.0,361.0,360.5,0.27828389406204224,0.21729907393455505
DS3-established,G13,331,361.0,360.5,361.5,361.0,0.29270458221435547,0.22989501059055328
DS3-established,G13,332,361.5,361.0,362.0,361.5,0.3276435434818268,0.23853927850723267
DS3-established,G13,333,362.0,361.5,362.5,362.0,0.3384637236595154,0.2358327955007553
DS3-established,G13,334,362.5,362.0,363.0,362.5,0.29145923256874084,0.2170349359512329
DS3-established,G13,335,363.0,362.5,363.5,363.0,0.2689133882522583,0.21532903611660004
DS3-established,G13,336,363.5,363.0,364.0,363.5,0.33369243144989014,0.24689431488513947
DS3-established,G13,337,364.0,363.5,364.5,364.0,0.2893790006637573,0.21045316755771637
DS3-established,G13,338,364.5,364.0,365.0,364.5,0.28732362389564514,0.2150772362947464
DS3-established,G13,339,365.0,364.5,365.5,365.0,0.33810171484947205,0.22628217935562134
DS3-established,G13,340,365.5,365.0,366.0,365.5,0.31246310472488403,0.24363043904304504
DS3-established,G13,341,366.0,365.5,366.5,366.0,0.30492424964904785,0.23307545483112335
DS3-established,G13,342,366.5,366.0,367.0,366.5,0.29310792684555054,0.2194477617740631
DS3-established,G13,343,367.0,366.5,367.5,367.0,0.2661162316799164,0.20208139717578888
DS3-established,G13,344,367.5,367.0,368.0,367.5,0.2595781683921814,0.18900461494922638
DS3-established,G13,345,368.0,367.5,368.5,368.0,0.24802473187446594,0.18291880190372467
DS3-established,G13,346,368.5,368.0,369.0,368.5,0.24385590851306915,0.18513980507850647
DS3-established,G13,347,369.0,368.5,369.5,369.0,0.275985985994339,0.20347197353839874
DS3-established,G13,348,369.5,369.0,370.0,369.5,0.27346137166023254,0.1987830102443695
DS3-established,G13,349,370.0,369.5,370.5,370.0,0.27552884817123413,0.1986420899629593
DS3-established,G13,350,370.5,370.0,371.0,370.5,0.29966866970062256,0.21178017556667328
DS3-established,G13,351,371.0,370.5,371.5,371.0,0.3041662871837616,0.2267346978187561
DS3-established,G13,352,371.5,371.0,372.0,371.5,0.2834363877773285,0.21526026725769043
DS3-established,G13,353,372.0,371.5,372.5,372.0,0.29016387462615967,0.22839567065238953
DS3-established,G13,354,372.5,372.0,373.0,372.5,0.2567705810070038,0.19411495327949524
DS3-established,G13,355,373.0,372.5,373.5,373.0,0.24979065358638763,0.19755098223686218
DS3-established,G13,356,373.5,373.0,374.0,373.5,0.2500196695327759,0.1906697154045105
DS3-established,G13,357,374.0,373.5,374.5,374.0,0.24526828527450562,0.18716314435005188
DS3-established,G13,358,374.5,374.0,375.0,374.5,0.24176883697509766,0.1881040781736374
DS3-established,G13,359,375.0,374.5,375.5,375.0,0.2422531247138977,0.183833509683609
DS3-established,G13,360,375.5,375.0,376.0,375.5,0.2711769938468933,0.20582884550094604
DS3-established,G13,361,376.0,375.5,376.5,376.0,0.23846273124217987,0.1704234629869461
DS3-established,G13,362,376.5,376.0,377.0,376.5,0.2652839124202728,0.19268719851970673
DS3-established,G13,363,377.0,376.5,377.5,377.0,0.338457852602005,0.24849683046340942
DS3-established,G13,364,377.5,377.0,378.0,377.5,0.33351588249206543,0.2623397409915924
DS3-established,G13,365,378.0,377.5,378.5,378.0,0.29591822624206543,0.23769095540046692
DS3-established,G13,366,378.5,378.0,379.0,378.5,0.27297577261924744,0.19473418593406677
DS3-established,G13,367,379.0,378.5,379.5,379.0,0.28637057542800903,0.22050538659095764
DS3-established,G13,368,379.5,379.0,380.0,379.5,0.24840255081653595,0.18913979828357697
DS3-established,G13,369,380.0,379.5,380.5,380.0,0.290126234292984,0.21044602990150452
DS3-established,G13,370,380.5,380.0,381.0,380.5,0.3058571517467499,0.2247978001832962
DS3-established,G13,371,381.0,380.5,381.5,381.0,0.23488964140415192,0.18142791092395782
DS3-established,G13,372,381.5,381.0,382.0,381.5,0.25534144043922424,0.21007153391838074
DS3-established,G13,373,382.0,381.5,382.5,382.0,0.26762163639068604,0.19442617893218994
DS3-established,G13,374,382.5,382.0,383.0,382.5,0.2581833600997925,0.196772500872612
DS3-established,G13,375,383.0,382.5,383.5,383.0,0.28695446252822876,0.226021870970726
DS3-established,G13,376,383.5,383.0,384.0,383.5,0.26685214042663574,0.20288987457752228
DS3-established,G13,377,384.0,383.5,384.5,384.0,0.3040386140346527,0.24306876957416534
DS3-established,G13,378,384.5,384.0,385.0,384.5,0.32104918360710144,0.2620192766189575
DS3-established,G13,379,385.0,384.5,385.5,385.0,0.2998655438423157,0.21129824221134186
DS3-established,G13,380,385.5,385.0,386.0,385.5,0.34974151849746704,0.26047495007514954
DS3-established,G13,381,386.0,385.5,386.5,386.0,0.3473359942436218,0.2632828652858734
DS3-established,G13,382,386.5,386.0,387.0,386.5,0.2864235043525696,0.22388553619384766
DS3-established,G13,383,387.0,386.5,387.5,387.0,0.2727758288383484,0.18258902430534363
DS3-established,G13,384,387.5,387.0,388.0,387.5,0.2801472842693329,0.2121739685535431
DS3-established,G13,385,388.0,387.5,388.5,388.0,0.25760987401008606,0.19558623433113098
DS3-established,G13,386,388.5,388.0,389.0,388.5,0.24206003546714783,0.1799275428056717
DS3-established,G13,387,389.0,388.5,389.5,389.0,0.27162155508995056,0.2124907523393631
DS3-established,G13,388,389.5,389.0,390.0,389.5,0.2524058222770691,0.18634408712387085
DS3-established,G13,389,390.0,389.5,390.5,390.0,0.26828137040138245,0.20791493356227875
DS3-established,G13,390,390.5,390.0,391.0,390.5,0.32704290747642517,0.23863202333450317
DS3-established,G13,391,391.0,390.5,391.5,391.0,0.2538274824619293,0.19133123755455017
DS3-established,G13,392,391.5,391.0,392.0,391.5,0.22837711870670319,0.17704854905605316
DS3-established,G13,393,392.0,391.5,392.5,392.0,0.2843238413333893,0.2333861142396927
DS3-established,G13,394,392.5,392.0,393.0,392.5,0.31763026118278503,0.2559165954589844
DS3-established,G13,395,393.0,392.5,393.5,393.0,0.3123866319656372,0.20690611004829407
DS3-established,G13,396,393.5,393.0,394.0,393.5,0.2906189560890198,0.2076079398393631
DS3-established,G13,397,394.0,393.5,394.5,394.0,0.2687063217163086,0.2122063934803009
DS3-established,G13,398,394.5,394.0,395.0,394.5,0.3210586607456207,0.22374942898750305
DS3-established,G13,399,395.0,394.5,395.5,395.0,0.33704501390457153,0.2583896517753601
DS3-established,G13,400,395.5,395.0,396.0,395.5,0.3211212158203125,0.23853588104248047
DS3-established,G13,401,396.0,395.5,396.5,396.0,0.2924191355705261,0.21622098982334137
DS3-established,G13,402,396.5,396.0,397.0,396.5,0.29216375946998596,0.2294531911611557
DS3-established,G13,403,397.0,396.5,397.5,397.0,0.3271695673465729,0.2501968443393707
DS3-established,G13,404,397.5,397.0,398.0,397.5,0.29044121503829956,0.2103605568408966
DS3-established,G13,405,398.0,397.5,398.5,398.0,0.2978862226009369,0.22964127361774445
DS3-established,G13,406,398.5,398.0,399.0,398.5,0.3280157744884491,0.2423449158668518
DS3-established,G13,407,399.0,398.5,399.5,399.0,0.2966737449169159,0.22486059367656708
DS3-established,G13,408,399.5,399.0,400.0,399.5,0.2798333168029785,0.2163025140762329
DS3-established,G13,409,400.0,399.5,400.5,400.0,0.23363053798675537,0.18158696591854095
DS3-established,G13,410,400.5,400.0,401.0,400.5,0.20596854388713837,0.16133059561252594
DS3-established,G13,411,401.0,400.5,401.5,401.0,0.23091870546340942,0.16227006912231445
DS3-established,G13,412,401.5,401.0,402.0,401.5,0.28197452425956726,0.20894396305084229
DS3-established,G13,413,402.0,401.5,402.5,402.0,0.2729427218437195,0.2010013610124588
DS3-established,G13,414,402.5,402.0,403.0,402.5,0.2725900113582611,0.2085186243057251
DS3-established,G13,415,403.0,402.5,403.5,403.0,0.3261466920375824,0.2412753701210022
DS3-established,G13,416,403.5,403.0,404.0,403.5,0.2806951105594635,0.19773536920547485
DS3-established,G13,417,404.0,403.5,404.5,404.0,0.23339572548866272,0.1735488325357437
DS3-established,G13,418,404.5,404.0,405.0,404.5,0.26859474182128906,0.19836215674877167
DS3-established,G13,419,405.0,404.5,405.5,405.0,0.22533707320690155,0.16407455503940582
DS3-established,G13,420,405.5,405.0,406.0,405.5,0.2562960386276245,0.1856282353401184
DS3-established,G13,421,406.0,405.5,406.5,406.0,0.2613954544067383,0.19477050006389618
DS3-established,G13,422,406.5,406.0,407.0,406.5,0.24027100205421448,0.1869952231645584
DS3-established,G13,423,407.0,406.5,407.5,407.0,0.3232112526893616,0.2363610863685608
DS3-established,G13,424,407.5,407.0,408.0,407.5,0.28965508937835693,0.20477911829948425
DS3-established,G13,425,408.0,407.5,408.5,408.0,0.26233842968940735,0.17041002213954926
DS3-established,G13,426,408.5,408.0,409.0,408.5,0.26608747243881226,0.2041381150484085
DS3-established,G13,427,409.0,408.5,409.5,409.0,0.23708896338939667,0.19308967888355255
DS3-established,G13,428,409.5,409.0,410.0,409.5,0.2503686845302582,0.1720719337463379
DS3-established,G13,429,410.0,409.5,410.5,410.0,0.3159899413585663,0.2153039276599884
DS3-established,G13,430,410.5,410.0,411.0,410.5,0.27288031578063965,0.21314628422260284
DS3-established,G13,431,411.0,410.5,411.5,411.0,0.24719664454460144,0.19362659752368927
DS3-established,G13,432,411.5,411.0,412.0,411.5,0.28336262702941895,0.21698296070098877
DS3-established,G13,433,412.0,411.5,412.5,412.0,0.3038635551929474,0.22892819344997406
DS3-established,G13,434,412.5,412.0,413.0,412.5,0.3103257715702057,0.21629813313484192
DS3-established,G13,435,413.0,412.5,413.5,413.0,0.31883305311203003,0.22597816586494446
DS3-established,G13,436,413.5,413.0,414.0,413.5,0.33973708748817444,0.24500751495361328
DS3-established,G13,437,414.0,413.5,414.5,414.0,0.2786564230918884,0.20444852113723755
DS3-established,G13,438,414.5,414.0,415.0,414.5,0.26241934299468994,0.20569340884685516
DS3-established,G13,439,415.0,414.5,415.5,415.0,0.31489256024360657,0.2298528403043747
DS3-established,G13,440,415.5,415.0,416.0,415.5,0.28827908635139465,0.216766819357872
DS3-established,G13,441,416.0,415.5,416.5,416.0,0.26264694333076477,0.19965924322605133
DS3-established,G13,442,416.5,416.0,417.0,416.5,0.2913861572742462,0.22228866815567017
DS3-established,G13,443,417.0,416.5,417.5,417.0,0.28646668791770935,0.2275271713733673
DS3-established,G13,444,417.5,417.0,418.0,417.5,0.27159804105758667,0.19549646973609924
DS3-established,G13,445,418.0,417.5,418.5,418.0,0.272766649723053,0.21597515046596527
DS3-established,G13,446,418.5,418.0,419.0,418.5,0.28228411078453064,0.21037817001342773
DS3-established,G13,447,419.0,418.5,419.5,419.0,0.287445604801178,0.19532914459705353
DS3-established,G13,448,419.5,419.0,420.0,419.5,0.2706363797187805,0.20922136306762695
DS3-established,G13,449,420.0,419.5,420.5,420.0,0.2523557245731354,0.1863921582698822
DS3-established,G13,450,420.5,420.0,421.0,420.5,0.24723485112190247,0.1847296804189682
DS3-established,G13,451,421.0,420.5,421.5,421.0,0.3110876977443695,0.24282056093215942
DS3-established,G13,452,421.5,421.0,422.0,421.5,0.298495888710022,0.21731379628181458
DS3-established,G13,453,422.0,421.5,422.5,422.0,0.27566227316856384,0.21135775744915009
DS3-established,G13,454,422.5,422.0,423.0,422.5,0.2813987135887146,0.21729758381843567
DS3-established,G13,455,423.0,422.5,423.5,423.0,0.26973795890808105,0.20442631840705872
DS3-established,G13,456,423.5,423.0,424.0,423.5,0.3001628518104553,0.23520858585834503
DS3-established,G13,457,424.0,423.5,424.5,424.0,0.2728794813156128,0.19392040371894836
DS3-established,G13,458,424.5,424.0,425.0,424.5,0.25986355543136597,0.19186261296272278
DS3-established,G13,459,425.0,424.5,425.5,425.0,0.31221866607666016,0.23876111209392548
DS3-established,G13,460,425.5,425.0,426.0,425.5,0.27739840745925903,0.2089681625366211
DS3-established,G13,461,426.0,425.5,426.5,426.0,0.27749887108802795,0.21243120729923248
DS3-established,G13,462,426.5,426.0,427.0,426.5,0.3255290389060974,0.23212453722953796
DS3-established,G13,463,427.0,426.5,427.5,427.0,0.2793928384780884,0.2048100233078003
DS3-established,G13,464,427.5,427.0,428.0,427.5,0.3066818118095398,0.2310532182455063
DS3-established,G13,465,428.0,427.5,428.5,428.0,0.3371834456920624,0.252253919839859
DS3-established,G13,466,428.5,428.0,429.0,428.5,0.3022690713405609,0.22522112727165222
DS3-established,G13,467,429.0,428.5,429.5,429.0,0.2776394188404083,0.199274942278862
DS3-established,G13,468,429.5,429.0,430.0,429.5,0.22373782098293304,0.1660223752260208
DS3-established,G13,469,430.0,429.5,430.5,430.0,0.23973971605300903,0.17999513447284698
DS3-established,G13,470,430.5,430.0,431.0,430.5,0.26252686977386475,0.20393724739551544
DS3-established,G13,471,431.0,430.5,431.5,431.0,0.25680607557296753,0.1924072504043579
DS3-established,G13,472,431.5,431.0,432.0,431.5,0.30436843633651733,0.22543875873088837
DS3-established,G13,473,432.0,431.5,432.5,432.0,0.29040712118148804,0.22889573872089386
DS3-established,G13,474,432.5,432.0,433.0,432.5,0.24510443210601807,0.18547411262989044
DS3-established,G13,475,433.0,432.5,433.5,433.0,0.33569392561912537,0.26553428173065186
DS3-established,G13,476,433.5,433.0,434.0,433.5,0.3412303328514099,0.24141080677509308
DS3-established,G13,477,434.0,433.5,434.5,434.0,0.2660268247127533,0.19883768260478973
DS3-established,G13,478,434.5,434.0,435.0,434.5,0.26685822010040283,0.21085186302661896
DS3-established,G13,479,435.0,434.5,435.5,435.0,0.28390347957611084,0.19632859528064728
DS3-established,G13,480,435.5,435.0,436.0,435.5,0.2523564100265503,0.1863749772310257
DS3-established,G13,481,436.0,435.5,436.5,436.0,0.31329554319381714,0.2413911521434784
DS3-established,G13,482,436.5,436.0,437.0,436.5,0.3213517665863037,0.26067495346069336
DS3-established,G13,483,437.0,436.5,437.5,437.0,0.21587879955768585,0.1651964783668518
DS3-established,G13,484,437.5,437.0,438.0,437.5,0.2602267563343048,0.2048817276954651
DS3-established,G13,485,438.0,437.5,438.5,438.0,0.32117530703544617,0.2556403875350952
DS3-established,G13,486,438.5,438.0,439.0,438.5,0.2915761172771454,0.21568605303764343
DS3-established,G13,487,439.0,438.5,439.5,439.0,0.2793146073818207,0.203974187374115
DS3-established,G13,488,439.5,439.0,440.0,439.5,0.27901357412338257,0.2105633169412613
DS3-established,G13,489,440.0,439.5,440.5,440.0,0.2840888798236847,0.21200484037399292
DS3-established,G13,490,440.5,440.0,441.0,440.5,0.2289079874753952,0.17934249341487885
DS3-established,G13,491,441.0,440.5,441.5,441.0,0.2931748926639557,0.22256183624267578
DS3-established,G13,492,441.5,441.0,442.0,441.5,0.31935441493988037,0.22065822780132294
DS3-established,G13,493,442.0,441.5,442.5,442.0,0.3092968463897705,0.22456063330173492
DS3-established,G13,494,442.5,442.0,443.0,442.5,0.3031071126461029,0.22412200272083282
DS3-established,G13,495,443.0,442.5,443.5,443.0,0.32247692346572876,0.24614429473876953
DS3-established,G13,496,443.5,443.0,444.0,443.5,0.2745203673839569,0.21075935661792755
DS3-established,G13,497,444.0,443.5,444.5,444.0,0.26806640625,0.21043848991394043
DS3-established,G13,498,444.5,444.0,445.0,444.5,0.2551145851612091,0.18881630897521973
DS3-established,G13,499,445.0,444.5,445.5,445.0,0.24445120990276337,0.1841317117214203
DS3-established,G13,500,445.5,445.0,446.0,445.5,0.2539805471897125,0.19660821557044983
DS3-established,G13,501,446.0,445.5,446.5,446.0,0.26730749011039734,0.20068325102329254
DS3-established,G13,502,446.5,446.0,447.0,446.5,0.2754374146461487,0.1872902363538742
DS3-established,G13,503,447.0,446.5,447.5,447.0,0.29292312264442444,0.2311379462480545
DS3-established,G13,504,447.5,447.0,448.0,447.5,0.27845674753189087,0.21254155039787292
DS3-established,G13,505,448.0,447.5,448.5,448.0,0.2845316529273987,0.1967264711856842
DS3-established,G13,506,448.5,448.0,449.0,448.5,0.36071234941482544,0.2829538583755493
DS3-established,G13,507,449.0,448.5,449.5,449.0,0.3136877119541168,0.23355717957019806
DS3-established,G13,508,449.5,449.0,450.0,449.5,0.23929926753044128,0.1752128154039383
DS3-established,G13,509,450.0,449.5,450.5,450.0,0.23446668684482574,0.16961608827114105
DS3-established,G13,510,450.5,450.0,451.0,450.5,0.2796650528907776,0.20080991089344025
DS3-established,G13,511,451.0,450.5,451.5,451.0,0.2917723059654236,0.21207161247730255
DS3-established,G13,512,451.5,451.0,452.0,451.5,0.25571203231811523,0.18976159393787384
DS3-established,G13,513,452.0,451.5,452.5,452.0,0.22251898050308228,0.16625471413135529
DS3-established,G13,514,452.5,452.0,453.0,452.5,0.3295885920524597,0.226944237947464
DS3-established,G13,515,453.0,452.5,453.5,453.0,0.29539015889167786,0.22187788784503937
DS3-established,G13,516,453.5,453.0,454.0,453.5,0.2494925856590271,0.18867738544940948
DS3-established,G13,517,454.0,453.5,454.5,454.0,0.3177458643913269,0.2482067495584488
DS3-established,G13,518,454.5,454.0,455.0,454.5,0.3336716592311859,0.23598186671733856
DS3-established,G13,519,455.0,454.5,455.5,455.0,0.3228554129600525,0.23578721284866333
DS3-established,G13,520,455.5,455.0,456.0,455.5,0.2876405417919159,0.2145431935787201
DS3-established,G13,521,456.0,455.5,456.5,456.0,0.2659650146961212,0.20429880917072296
DS3-established,G13,522,456.5,456.0,457.0,456.5,0.25352463126182556,0.19192281365394592
DS3-established,G13,523,457.0,456.5,457.5,457.0,0.28552258014678955,0.21727043390274048
DS3-established,G13,524,457.5,457.0,458.0,457.5,0.2897534966468811,0.21383412182331085
DS3-established,G16,12,201.5,201.0,202.0,201.5,4.075008392333984,3.7161026000976562
DS3-established,G16,13,202.0,201.5,202.5,202.0,4.002466678619385,3.676408529281616
DS3-established,G16,14,202.5,202.0,203.0,202.5,4.074146747589111,3.730278968811035
DS3-established,G16,15,203.0,202.5,203.5,203.0,4.122035026550293,3.7857301235198975
DS3-established,G16,16,203.5,203.0,204.0,203.5,4.20808219909668,3.899583578109741
DS3-established,G16,17,204.0,203.5,204.5,204.0,4.378159523010254,4.072806358337402
DS3-established,G16,18,204.5,204.0,205.0,204.5,4.367403507232666,4.080747604370117
DS3-established,G16,19,205.0,204.5,205.5,205.0,4.392715930938721,4.113670349121094
DS3-established,G16,20,205.5,205.0,206.0,205.5,4.403094291687012,4.126784801483154
DS3-established,G16,21,206.0,205.5,206.5,206.0,4.393833160400391,4.121413230895996
DS3-established,G16,22,206.5,206.0,207.0,206.5,4.298425674438477,4.025117874145508
DS3-established,G16,23,207.0,206.5,207.5,207.0,4.195187091827393,3.927750825881958
DS3-established,G16,24,207.5,207.0,208.0,207.5,4.1957221031188965,3.928985595703125
DS3-established,G16,25,208.0,207.5,208.5,208.0,4.011133193969727,3.7460947036743164
DS3-established,G16,26,208.5,208.0,209.0,208.5,3.558436632156372,3.290266752243042
DS3-established,G16,27,209.0,208.5,209.5,209.0,2.7507317066192627,2.500314950942993
DS3-established,G16,28,209.5,209.0,210.0,209.5,2.0253512859344482,1.7852445840835571
DS3-established,G16,29,210.0,209.5,210.5,210.0,1.657670259475708,1.3792037963867188
DS3-established,G16,30,210.5,210.0,211.0,210.5,1.1949368715286255,0.9831069111824036
DS3-established,G16,31,211.0,210.5,211.5,211.0,0.9231865406036377,0.7784582376480103
DS3-established,G16,32,211.5,211.0,212.0,211.5,0.9484496712684631,0.7425511479377747
DS3-established,G16,33,212.0,211.5,212.5,212.0,0.9354811906814575,0.6966713070869446
DS3-established,G16,34,212.5,212.0,213.0,212.5,1.031729817390442,0.7021954655647278
DS3-established,G16,35,213.0,212.5,213.5,213.0,1.0131795406341553,0.7198298573493958
DS3-established,G16,36,213.5,213.0,214.0,213.5,1.1398754119873047,0.7950789332389832
DS3-established,G16,37,214.0,213.5,214.5,214.0,1.1851202249526978,0.8023566007614136
DS3-established,G16,38,214.5,214.0,215.0,214.5,1.0726923942565918,0.7373412847518921
DS3-established,G16,39,215.0,214.5,215.5,215.0,0.9943267703056335,0.6816023588180542
DS3-established,G16,40,215.5,215.0,216.0,215.5,0.9455599784851074,0.6410110592842102
DS3-established,G16,41,216.0,215.5,216.5,216.0,0.8258212208747864,0.5545077919960022
DS3-established,G16,42,216.5,216.0,217.0,216.5,0.7315558195114136,0.5180687308311462
DS3-established,G16,43,217.0,216.5,217.5,217.0,0.7953652143478394,0.5325500965118408
DS3-established,G16,44,217.5,217.0,218.0,217.5,0.6955363154411316,0.4709435701370239
DS3-established,G16,45,218.0,217.5,218.5,218.0,0.5886073112487793,0.44853487610816956
DS3-established,G16,46,218.5,218.0,219.0,218.5,0.4306221306324005,0.35449934005737305
DS3-established,G16,47,219.0,218.5,219.5,219.0,0.25852227210998535,0.20946012437343597
DS3-established,G16,48,219.5,219.0,220.0,219.5,0.2234867960214615,0.17374512553215027
DS3-established,G16,49,220.0,219.5,220.5,220.0,0.18463777005672455,0.14918462932109833
DS3-established,G16,50,220.5,220.0,221.0,220.5,0.19326065480709076,0.15436546504497528
DS3-established,G16,51,221.0,220.5,221.5,221.0,0.22761477530002594,0.17984771728515625
DS3-established,G16,52,221.5,221.0,222.0,221.5,0.37495267391204834,0.29507049918174744
DS3-established,G16,53,222.0,221.5,222.5,222.0,0.40983521938323975,0.33819541335105896
DS3-established,G16,54,222.5,222.0,223.0,222.5,0.43341347575187683,0.3765576183795929
DS3-established,G16,55,223.0,222.5,223.5,223.0,0.48934459686279297,0.4191642999649048
DS3-established,G16,56,223.5,223.0,224.0,223.5,0.40626099705696106,0.35142982006073
DS3-established,G16,57,224.0,223.5,224.5,224.0,0.48642733693122864,0.3990650177001953
DS3-established,G16,58,224.5,224.0,225.0,224.5,0.4836227297782898,0.3695274889469147
DS3-established,G16,59,225.0,224.5,225.5,225.0,1.1004562377929688,0.9719690680503845
DS3-established,G16,60,225.5,225.0,226.0,225.5,2.053596019744873,1.8944631814956665
DS3-established,G16,61,226.0,225.5,226.5,226.0,2.9593803882598877,2.751431703567505
DS3-established,G16,62,226.5,226.0,227.0,226.5,3.6375038623809814,3.3891074657440186
DS3-established,G16,63,227.0,226.5,227.5,227.0,3.93231201171875,3.654615640640259
DS3-established,G16,64,227.5,227.0,228.0,227.5,4.056276321411133,3.774566650390625
DS3-established,G16,65,228.0,227.5,228.5,228.0,4.308405876159668,4.0201592445373535
DS3-established,G16,66,228.5,228.0,229.0,228.5,4.4935455322265625,4.188660621643066
DS3-established,G16,67,229.0,228.5,229.5,229.0,4.51608943939209,4.199193954467773
DS3-established,G16,68,229.5,229.0,230.0,229.5,4.5080389976501465,4.183289051055908
DS3-established,G16,69,230.0,229.5,230.5,230.0,4.4746174812316895,4.1561598777771
DS3-established,G16,70,230.5,230.0,231.0,230.5,4.3492817878723145,4.033693313598633
DS3-established,G16,71,231.0,230.5,231.5,231.0,4.311864376068115,3.9964609146118164
DS3-established,G16,72,231.5,231.0,232.0,231.5,4.407207489013672,4.097670555114746
DS3-established,G16,73,232.0,231.5,232.5,232.0,4.379295825958252,4.083348751068115
DS3-established,G16,74,232.5,232.0,233.0,232.5,4.411076545715332,4.121459007263184
DS3-established,G16,75,233.0,232.5,233.5,233.0,4.549559116363525,4.2469987869262695
DS3-established,G16,76,233.5,233.0,234.0,233.5,4.490099906921387,4.188870906829834
DS3-established,G16,77,234.0,233.5,234.5,234.0,4.256721496582031,3.978010416030884
DS3-established,G16,78,234.5,234.0,235.0,234.5,4.110462188720703,3.8463127613067627
DS3-established,G16,79,235.0,234.5,235.5,235.0,4.299084186553955,4.034971237182617
DS3-established,G16,80,235.5,235.0,236.0,235.5,4.367953300476074,4.107973575592041
DS3-established,G16,81,236.0,235.5,236.5,236.0,3.6753199100494385,3.456296682357788
DS3-established,G16,82,236.5,236.0,237.0,236.5,3.159235954284668,2.9642364978790283
DS3-established,G16,83,237.0,236.5,237.5,237.0,2.4993598461151123,2.3399994373321533
DS3-established,G16,84,237.5,237.0,238.0,237.5,1.5760645866394043,1.452392339706421
DS3-established,G16,85,238.0,237.5,238.5,238.0,1.2409976720809937,1.1299718618392944
DS3-established,G16,86,238.5,238.0,239.0,238.5,0.9944565892219543,0.900285542011261
DS3-established,G16,87,239.0,238.5,239.5,239.0,0.6391358375549316,0.5388708710670471
DS3-established,G16,88,239.5,239.0,240.0,239.5,0.5308046340942383,0.4220302104949951
DS3-established,G16,89,240.0,239.5,240.5,240.0,0.38956066966056824,0.3185184895992279
DS3-established,G16,90,240.5,240.0,241.0,240.5,0.3272899091243744,0.2735012471675873
DS3-established,G16,91,241.0,240.5,241.5,241.0,0.2956075966358185,0.25141286849975586
DS3-established,G16,92,241.5,241.0,242.0,241.5,0.26207610964775085,0.21957945823669434
DS3-established,G16,93,242.0,241.5,242.5,242.0,0.28814369440078735,0.23789136111736298
DS3-established,G16,94,242.5,242.0,243.0,242.5,0.285552054643631,0.2236465960741043
DS3-established,G16,95,243.0,242.5,243.5,243.0,0.3341904878616333,0.23820693790912628
DS3-established,G16,96,243.5,243.0,244.0,243.5,0.37150952219963074,0.26515722274780273
DS3-established,G16,97,244.0,243.5,244.5,244.0,0.34721946716308594,0.2683524489402771
DS3-established,G16,98,244.5,244.0,245.0,244.5,0.3162732422351837,0.22637897729873657
DS3-established,G16,99,245.0,244.5,245.5,245.0,0.3674218952655792,0.25475549697875977
DS3-established,G16,100,245.5,245.0,246.0,245.5,0.35040608048439026,0.24551235139369965
DS3-established,G16,101,246.0,245.5,246.5,246.0,0.34538373351097107,0.24119748175144196
DS3-established,G16,102,246.5,246.0,247.0,246.5,0.32634472846984863,0.2522447407245636
DS3-established,G16,103,247.0,246.5,247.5,247.0,0.3637671172618866,0.24732033908367157
DS3-established,G16,104,247.5,247.0,248.0,247.5,0.33873456716537476,0.2508668601512909
DS3-established,G16,105,248.0,247.5,248.5,248.0,0.3013075292110443,0.2120378166437149
DS3-established,G16,106,248.5,248.0,249.0,248.5,0.3783794045448303,0.24818536639213562
DS3-established,G16,107,249.0,248.5,249.5,249.0,0.36108043789863586,0.26351198554039
DS3-established,G16,108,249.5,249.0,250.0,249.5,0.3260676860809326,0.2435213178396225
DS3-established,G16,109,250.0,249.5,250.5,250.0,0.31926265358924866,0.21631385385990143
DS3-established,G16,110,250.5,250.0,251.0,250.5,0.29370418190956116,0.21057458221912384
DS3-established,G16,111,251.0,250.5,251.5,251.0,0.365604966878891,0.25562137365341187
DS3-established,G16,112,251.5,251.0,252.0,251.5,0.3705645501613617,0.26456785202026367
DS3-established,G16,113,252.0,251.5,252.5,252.0,0.3085967004299164,0.2266949564218521
DS3-established,G16,114,252.5,252.0,253.0,252.5,0.314616858959198,0.22886398434638977
DS3-established,G16,115,253.0,252.5,253.5,253.0,0.3637476861476898,0.26697391271591187
DS3-established,G16,116,253.5,253.0,254.0,253.5,0.3379212021827698,0.21369746327400208
DS3-established,G16,117,254.0,253.5,254.5,254.0,0.3190087676048279,0.2223406881093979
DS3-established,G16,118,254.5,254.0,255.0,254.5,0.3360735774040222,0.22191296517848969
DS3-established,G16,119,255.0,254.5,255.5,255.0,0.27196311950683594,0.19330918788909912
DS3-established,G16,120,255.5,255.0,256.0,255.5,0.26478704810142517,0.19411078095436096
DS3-established,G16,121,256.0,255.5,256.5,256.0,0.24165783822536469,0.1796010285615921
DS3-established,G16,122,256.5,256.0,257.0,256.5,0.2597413957118988,0.18791066110134125
DS3-established,G16,123,257.0,256.5,257.5,257.0,0.4154306650161743,0.3164752423763275
DS3-established,G16,124,257.5,257.0,258.0,257.5,0.33125030994415283,0.22103744745254517
DS3-established,G16,125,258.0,257.5,258.5,258.0,0.2420637607574463,0.17803552746772766
DS3-established,G16,126,258.5,258.0,259.0,258.5,0.2861552834510803,0.2235289365053177
DS3-established,G16,127,259.0,258.5,259.5,259.0,0.2843683660030365,0.20226836204528809
DS3-established,G16,128,259.5,259.0,260.0,259.5,0.25933361053466797,0.19052834808826447
DS3-established,G16,129,260.0,259.5,260.5,260.0,0.28388720750808716,0.22081315517425537
DS3-established,G16,130,260.5,260.0,261.0,260.5,0.26083800196647644,0.2124205380678177
DS3-established,G16,131,261.0,260.5,261.5,261.0,0.2404538094997406,0.18002399802207947
DS3-established,G16,132,261.5,261.0,262.0,261.5,0.2839561700820923,0.20138300955295563
DS3-established,G16,133,262.0,261.5,262.5,262.0,0.2679092586040497,0.1824122965335846
DS3-established,G16,134,262.5,262.0,263.0,262.5,0.28474313020706177,0.20153923332691193
DS3-established,G16,135,263.0,262.5,263.5,263.0,0.25009608268737793,0.179035022854805
DS3-established,G16,136,263.5,263.0,264.0,263.5,0.2660228908061981,0.19546610116958618
DS3-established,G16,137,264.0,263.5,264.5,264.0,0.3283548653125763,0.26600542664527893
DS3-established,G16,138,264.5,264.0,265.0,264.5,0.2522849142551422,0.18782523274421692
DS3-established,G16,139,265.0,264.5,265.5,265.0,0.22461901605129242,0.15884153544902802
DS3-established,G16,140,265.5,265.0,266.0,265.5,0.23550982773303986,0.158938467502594
DS3-established,G16,141,266.0,265.5,266.5,266.0,0.23787462711334229,0.16557081043720245
DS3-established,G16,142,266.5,266.0,267.0,266.5,0.24167688190937042,0.1767973005771637
DS3-established,G16,143,267.0,266.5,267.5,267.0,0.1775808334350586,0.11713118106126785
DS3-established,G16,144,267.5,267.0,268.0,267.5,0.184640571475029,0.12764272093772888
DS3-established,G16,145,268.0,267.5,268.5,268.0,0.2450544536113739,0.16901861131191254
DS3-established,G16,146,268.5,268.0,269.0,268.5,0.2257215678691864,0.15982648730278015
DS3-established,G16,147,269.0,268.5,269.5,269.0,0.2970735430717468,0.24138838052749634
DS3-established,G16,148,269.5,269.0,270.0,269.5,0.3300516903400421,0.27989932894706726
DS3-established,G16,149,270.0,269.5,270.5,270.0,0.22816216945648193,0.1505633145570755
DS3-established,G16,150,270.5,270.0,271.0,270.5,0.23499976098537445,0.18720294535160065
DS3-established,G16,151,271.0,270.5,271.5,271.0,0.3200882077217102,0.26592719554901123
DS3-established,G16,152,271.5,271.0,272.0,271.5,0.2866760790348053,0.1884361058473587
DS3-established,G16,153,272.0,271.5,272.5,272.0,0.26410457491874695,0.18498094379901886
DS3-established,G16,154,272.5,272.0,273.0,272.5,0.2487388700246811,0.16752639412879944
DS3-established,G16,155,273.0,272.5,273.5,273.0,0.22697271406650543,0.190045565366745
DS3-established,G16,156,273.5,273.0,274.0,273.5,0.22926345467567444,0.18436844646930695
DS3-established,G16,157,274.0,273.5,274.5,274.0,0.2649385333061218,0.18688979744911194
DS3-established,G16,158,274.5,274.0,275.0,274.5,0.2707101106643677,0.22256135940551758
DS3-established,G16,159,275.0,274.5,275.5,275.0,0.25016868114471436,0.18420886993408203
DS3-established,G16,160,275.5,275.0,276.0,275.5,0.2453138530254364,0.19135838747024536
DS3-established,G16,161,276.0,275.5,276.5,276.0,0.23724687099456787,0.18565718829631805
DS3-established,G16,162,276.5,276.0,277.0,276.5,0.29812902212142944,0.23869667947292328
DS3-established,G16,163,277.0,276.5,277.5,277.0,0.2866232693195343,0.20093269646167755
DS3-established,G16,164,277.5,277.0,278.0,277.5,0.24554388225078583,0.17592519521713257
DS3-established,G16,165,278.0,277.5,278.5,278.0,0.2969874143600464,0.20798112452030182
DS3-established,G16,166,278.5,278.0,279.0,278.5,0.3063982427120209,0.21874067187309265
DS3-established,G16,167,279.0,278.5,279.5,279.0,0.2808346152305603,0.21342842280864716
DS3-established,G16,168,279.5,279.0,280.0,279.5,0.31512516736984253,0.24082745611667633
DS3-established,G16,169,280.0,279.5,280.5,280.0,0.35860052704811096,0.30294424295425415
DS3-established,G16,170,280.5,280.0,281.0,280.5,0.30268800258636475,0.2047405242919922
DS3-established,G16,171,281.0,280.5,281.5,281.0,0.3168491721153259,0.2300911247730255
DS3-established,G16,172,281.5,281.0,282.0,281.5,0.27177560329437256,0.2195027470588684
DS3-established,G16,173,282.0,281.5,282.5,282.0,0.2778785526752472,0.1961652934551239
DS3-established,G16,174,282.5,282.0,283.0,282.5,0.3137394189834595,0.23701374232769012
DS3-established,G16,175,283.0,282.5,283.5,283.0,0.23175176978111267,0.16085462272167206
DS3-established,G16,176,283.5,283.0,284.0,283.5,0.24441687762737274,0.16449709236621857
DS3-established,G16,177,284.0,283.5,284.5,284.0,0.2827504277229309,0.20695310831069946
DS3-established,G16,178,284.5,284.0,285.0,284.5,0.31798139214515686,0.21664606034755707
DS3-established,G16,179,285.0,284.5,285.5,285.0,0.32352110743522644,0.21481278538703918
DS3-established,G16,180,285.5,285.0,286.0,285.5,0.2766643762588501,0.20899330079555511
DS3-established,G16,181,286.0,285.5,286.5,286.0,0.32159680128097534,0.264628529548645
DS3-established,G16,182,286.5,286.0,287.0,286.5,0.30098670721054077,0.22477717697620392
DS3-established,G16,183,287.0,286.5,287.5,287.0,0.31038010120391846,0.21940398216247559
DS3-established,G16,184,287.5,287.0,288.0,287.5,0.33350059390068054,0.2574743330478668
DS3-established,G16,185,288.0,287.5,288.5,288.0,0.2888883352279663,0.21683369576931
DS3-established,G16,186,288.5,288.0,289.0,288.5,0.23288774490356445,0.1702057272195816
DS3-established,G16,187,289.0,288.5,289.5,289.0,0.22890497744083405,0.1672520637512207
DS3-established,G16,188,289.5,289.0,290.0,289.5,0.2629919648170471,0.20761199295520782
DS3-established,G16,189,290.0,289.5,290.5,290.0,0.2711382210254669,0.21391712129116058
DS3-established,G16,190,290.5,290.0,291.0,290.5,0.2566983699798584,0.20402246713638306
DS3-established,G16,191,291.0,290.5,291.5,291.0,0.2687422037124634,0.20597800612449646
DS3-established,G16,192,291.5,291.0,292.0,291.5,0.2966276705265045,0.18664106726646423
DS3-established,G16,193,292.0,291.5,292.5,292.0,0.26322460174560547,0.1774420589208603
DS3-established,G16,194,292.5,292.0,293.0,292.5,0.2925366163253784,0.2177295982837677
DS3-established,G16,195,293.0,292.5,293.5,293.0,0.28346166014671326,0.19306032359600067
DS3-established,G16,196,293.5,293.0,294.0,293.5,0.26938897371292114,0.19883963465690613
DS3-established,G16,197,294.0,293.5,294.5,294.0,0.27081120014190674,0.21808721125125885
DS3-established,G16,198,294.5,294.0,295.0,294.5,0.3233662247657776,0.24424399435520172
DS3-established,G16,199,295.0,294.5,295.5,295.0,0.31695660948753357,0.236164391040802
DS3-established,G16,200,295.5,295.0,296.0,295.5,0.26961731910705566,0.19355088472366333
DS3-established,G16,201,296.0,295.5,296.5,296.0,0.2979617714881897,0.21877890825271606
DS3-established,G16,202,296.5,296.0,297.0,296.5,0.3029402196407318,0.23778459429740906
DS3-established,G16,203,297.0,296.5,297.5,297.0,0.293442964553833,0.21435348689556122
DS3-established,G16,204,297.5,297.0,298.0,297.5,0.2821007966995239,0.21261624991893768
DS3-established,G16,205,298.0,297.5,298.5,298.0,0.2532746195793152,0.1990126669406891
DS3-established,G16,206,298.5,298.0,299.0,298.5,0.26294007897377014,0.18954411149024963
DS3-established,G16,207,299.0,298.5,299.5,299.0,0.3112103343009949,0.22556713223457336
DS3-established,G16,208,299.5,299.0,300.0,299.5,0.2817223370075226,0.20320220291614532
DS3-established,G16,209,300.0,299.5,300.5,300.0,0.3165033459663391,0.2048519253730774
DS3-established,G16,210,300.5,300.0,301.0,300.5,0.29849299788475037,0.2004694938659668
DS3-established,G16,211,301.0,300.5,301.5,301.0,0.29640325903892517,0.21030457317829132
DS3-established,G16,212,301.5,301.0,302.0,301.5,0.3480987846851349,0.2533177435398102
DS3-established,G16,213,302.0,301.5,302.5,302.0,0.39865541458129883,0.3069917857646942
DS3-established,G16,214,302.5,302.0,303.0,302.5,0.2890927195549011,0.2227478325366974
DS3-established,G16,215,303.0,302.5,303.5,303.0,0.25566011667251587,0.1971616894006729
DS3-established,G16,216,303.5,303.0,304.0,303.5,0.34034088253974915,0.26523175835609436
DS3-established,G16,217,304.0,303.5,304.5,304.0,0.3459647297859192,0.256317138671875
DS3-established,G16,218,304.5,304.0,305.0,304.5,0.32836976647377014,0.23188824951648712
DS3-established,G16,219,305.0,304.5,305.5,305.0,0.27836549282073975,0.20897634327411652
DS3-established,G16,220,305.5,305.0,306.0,305.5,0.279613196849823,0.1998022347688675
DS3-established,G16,221,306.0,305.5,306.5,306.0,0.27981993556022644,0.1960495561361313
DS3-established,G16,222,306.5,306.0,307.0,306.5,0.27604952454566956,0.19445738196372986
DS3-established,G16,223,307.0,306.5,307.5,307.0,0.372526615858078,0.27929845452308655
DS3-established,G16,224,307.5,307.0,308.0,307.5,0.36035865545272827,0.26879698038101196
DS3-established,G16,225,308.0,307.5,308.5,308.0,0.28316840529441833,0.22791463136672974
DS3-established,G16,226,308.5,308.0,309.0,308.5,0.2471235990524292,0.19675585627555847
DS3-established,G16,227,309.0,308.5,309.5,309.0,0.28674033284187317,0.2070685774087906
DS3-established,G16,228,309.5,309.0,310.0,309.5,0.3105361759662628,0.2500500977039337
DS3-established,G16,229,310.0,309.5,310.5,310.0,0.25798889994621277,0.17785987257957458
DS3-established,G16,230,310.5,310.0,311.0,310.5,0.26206469535827637,0.1834290474653244
DS3-established,G16,231,311.0,310.5,311.5,311.0,0.2665092945098877,0.1955018788576126
DS3-established,G16,232,311.5,311.0,312.0,311.5,0.253121942281723,0.18522702157497406
DS3-established,G16,233,312.0,311.5,312.5,312.0,0.29485073685646057,0.22439922392368317
DS3-established,G16,234,312.5,312.0,313.0,312.5,0.34518682956695557,0.26529186964035034
DS3-established,G16,235,313.0,312.5,313.5,313.0,0.308551549911499,0.21973536908626556
DS3-established,G16,236,313.5,313.0,314.0,313.5,0.3152865767478943,0.23239506781101227
DS3-established,G16,237,314.0,313.5,314.5,314.0,0.2655163109302521,0.1946437507867813
DS3-established,G16,238,314.5,314.0,315.0,314.5,0.21161720156669617,0.1554398238658905
DS3-established,G16,239,315.0,314.5,315.5,315.0,0.25119999051094055,0.20758067071437836
DS3-established,G16,240,315.5,315.0,316.0,315.5,0.2559052109718323,0.20443978905677795
DS3-established,G16,241,316.0,315.5,316.5,316.0,0.2676723003387451,0.19006535410881042
DS3-established,G16,242,316.5,316.0,317.0,316.5,0.27374836802482605,0.20964893698692322
DS3-established,G16,243,317.0,316.5,317.5,317.0,0.27954399585723877,0.21637827157974243
DS3-established,G16,244,317.5,317.0,318.0,317.5,0.3585735857486725,0.2140720933675766
DS3-established,G16,245,318.0,317.5,318.5,318.0,0.32964813709259033,0.2436634749174118
DS3-established,G16,246,318.5,318.0,319.0,318.5,0.29192638397216797,0.21663708984851837
DS3-established,G16,247,319.0,318.5,319.5,319.0,0.27994081377983093,0.21363025903701782
DS3-established,G16,248,319.5,319.0,320.0,319.5,0.30957210063934326,0.22777478396892548
DS3-established,G16,249,320.0,319.5,320.5,320.0,0.2784171998500824,0.21786260604858398
DS3-established,G16,250,320.5,320.0,321.0,320.5,0.30305027961730957,0.23792508244514465
DS3-established,G16,251,321.0,320.5,321.5,321.0,0.32103580236434937,0.22236299514770508
DS3-established,G16,252,321.5,321.0,322.0,321.5,0.2937624752521515,0.19365157186985016
DS3-established,G16,253,322.0,321.5,322.5,322.0,0.2535940706729889,0.18967534601688385
DS3-established,G16,254,322.5,322.0,323.0,322.5,0.26220276951789856,0.19696447253227234
DS3-established,G16,255,323.0,322.5,323.5,323.0,0.28409963846206665,0.21699802577495575
DS3-established,G16,256,323.5,323.0,324.0,323.5,0.3347924053668976,0.2509807050228119
DS3-established,G16,257,324.0,323.5,324.5,324.0,0.322333961725235,0.23001080751419067
DS3-established,G16,258,324.5,324.0,325.0,324.5,0.35908862948417664,0.2483816146850586
DS3-established,G16,259,325.0,324.5,325.5,325.0,0.37005355954170227,0.2731858789920807
DS3-established,G16,260,325.5,325.0,326.0,325.5,0.2848101854324341,0.2220821976661682
DS3-established,G16,261,326.0,325.5,326.5,326.0,0.2631767988204956,0.19783006608486176
DS3-established,G16,262,326.5,326.0,327.0,326.5,0.28781992197036743,0.21899475157260895
DS3-established,G16,263,327.0,326.5,327.5,327.0,0.30487650632858276,0.22164340317249298
DS3-established,G16,264,327.5,327.0,328.0,327.5,0.2502574026584625,0.1805868297815323
DS3-established,G16,265,328.0,327.5,328.5,328.0,0.26437193155288696,0.1846037209033966
DS3-established,G16,266,328.5,328.0,329.0,328.5,0.2925523817539215,0.2273065745830536
DS3-established,G16,267,329.0,328.5,329.5,329.0,0.25305333733558655,0.180474191904068
DS3-established,G16,268,329.5,329.0,330.0,329.5,0.2824385464191437,0.1959175020456314
DS3-established,G16,269,330.0,329.5,330.5,330.0,0.2881264090538025,0.2268507480621338
DS3-established,G16,270,330.5,330.0,331.0,330.5,0.28268492221832275,0.2184557020664215
DS3-established,G16,271,331.0,330.5,331.5,331.0,0.2777543067932129,0.19853094220161438
DS3-established,G16,272,331.5,331.0,332.0,331.5,0.28984954953193665,0.2198927104473114
DS3-established,G16,273,332.0,331.5,332.5,332.0,0.28380700945854187,0.21068745851516724
DS3-established,G16,274,332.5,332.0,333.0,332.5,0.2825835347175598,0.21839626133441925
DS3-established,G16,275,333.0,332.5,333.5,333.0,0.3071131110191345,0.23713605105876923
DS3-established,G16,276,333.5,333.0,334.0,333.5,0.32776349782943726,0.23219257593154907
DS3-established,G16,277,334.0,333.5,334.5,334.0,0.2912338972091675,0.2186201959848404
DS3-established,G16,278,334.5,334.0,335.0,334.5,0.24973514676094055,0.17091168463230133
DS3-established,G16,279,335.0,334.5,335.5,335.0,0.26533594727516174,0.18914562463760376
DS3-established,G16,280,335.5,335.0,336.0,335.5,0.26828768849372864,0.20071789622306824
DS3-established,G16,281,336.0,335.5,336.5,336.0,0.36234480142593384,0.2528183162212372
DS3-established,G16,282,336.5,336.0,337.0,336.5,0.32956793904304504,0.25480085611343384
DS3-established,G16,283,337.0,336.5,337.5,337.0,0.28755131363868713,0.21574008464813232
DS3-established,G16,284,337.5,337.0,338.0,337.5,0.2653144896030426,0.19553038477897644
DS3-established,G16,285,338.0,337.5,338.5,338.0,0.28766578435897827,0.21346382796764374
DS3-established,G16,286,338.5,338.0,339.0,338.5,0.3742210865020752,0.29067155718803406
DS3-established,G16,287,339.0,338.5,339.5,339.0,0.32384341955184937,0.23125344514846802
DS3-established,G16,288,339.5,339.0,340.0,339.5,0.293684184551239,0.20749282836914062
DS3-established,G16,289,340.0,339.5,340.5,340.0,0.2818792760372162,0.21260611712932587
DS3-established,G16,290,340.5,340.0,341.0,340.5,0.2830480635166168,0.2186231166124344
DS3-established,G16,291,341.0,340.5,341.5,341.0,0.33375677466392517,0.2513470947742462
DS3-established,G16,292,341.5,341.0,342.0,341.5,0.25866270065307617,0.18746022880077362
DS3-established,G16,293,342.0,341.5,342.5,342.0,0.2680337727069855,0.2025889903306961
DS3-established,G16,294,342.5,342.0,343.0,342.5,0.30889028310775757,0.21407125890254974
DS3-established,G16,295,343.0,342.5,343.5,343.0,0.30500829219818115,0.22514159977436066
DS3-established,G16,296,343.5,343.0,344.0,343.5,0.27189889550209045,0.1918438822031021
DS3-established,G16,297,344.0,343.5,344.5,344.0,0.24435214698314667,0.184152752161026
DS3-established,G16,298,344.5,344.0,345.0,344.5,0.2553284466266632,0.18812669813632965
DS3-established,G16,299,345.0,344.5,345.5,345.0,0.2711310386657715,0.195898175239563
DS3-established,G16,300,345.5,345.0,346.0,345.5,0.38285040855407715,0.29467546939849854
DS3-established,G16,301,346.0,345.5,346.5,346.0,0.37711939215660095,0.2751982510089874
DS3-established,G16,302,346.5,346.0,347.0,346.5,0.3085958957672119,0.19511254131793976
DS3-established,G16,303,347.0,346.5,347.5,347.0,0.27066025137901306,0.20668679475784302
DS3-established,G16,304,347.5,347.0,348.0,347.5,0.2841947674751282,0.2047794908285141
DS3-established,G16,305,348.0,347.5,348.5,348.0,0.30205127596855164,0.2349100112915039
DS3-established,G16,306,348.5,348.0,349.0,348.5,0.24828074872493744,0.1965738981962204
DS3-established,G16,307,349.0,348.5,349.5,349.0,0.20363077521324158,0.1474340558052063
DS3-established,G16,308,349.5,349.0,350.0,349.5,0.30424898862838745,0.20559965074062347
DS3-established,G16,309,350.0,349.5,350.5,350.0,0.29845908284187317,0.21054191887378693
DS3-established,G16,310,350.5,350.0,351.0,350.5,0.286532461643219,0.20065878331661224
DS3-established,G16,311,351.0,350.5,351.5,351.0,0.3306603729724884,0.2231755554676056
DS3-established,G16,312,351.5,351.0,352.0,351.5,0.29984408617019653,0.22695261240005493
DS3-established,G16,313,352.0,351.5,352.5,352.0,0.3723529279232025,0.28432953357696533
DS3-established,G16,314,352.5,352.0,353.0,352.5,0.29048478603363037,0.21721188724040985
DS3-established,G16,315,353.0,352.5,353.5,353.0,0.252618670463562,0.1900753229856491
DS3-established,G16,316,353.5,353.0,354.0,353.5,0.30291858315467834,0.23341920971870422
DS3-established,G16,317,354.0,353.5,354.5,354.0,0.3285917043685913,0.2603069543838501
DS3-established,G16,318,354.5,354.0,355.0,354.5,0.3719615042209625,0.2762957215309143
DS3-established,G16,319,355.0,354.5,355.5,355.0,0.3388213515281677,0.2478310763835907
DS3-established,G16,320,355.5,355.0,356.0,355.5,0.29419612884521484,0.21497003734111786
DS3-established,G16,321,356.0,355.5,356.5,356.0,0.33434218168258667,0.247447207570076
DS3-established,G16,322,356.5,356.0,357.0,356.5,0.31121501326560974,0.2458087056875229
DS3-established,G16,323,357.0,356.5,357.5,357.0,0.3230653405189514,0.2612744867801666
DS3-established,G16,324,357.5,357.0,358.0,357.5,0.2812980115413666,0.22246572375297546
DS3-established,G16,325,358.0,357.5,358.5,358.0,0.2481258362531662,0.1869717240333557
DS3-established,G16,326,358.5,358.0,359.0,358.5,0.30097830295562744,0.2222001552581787
DS3-established,G16,327,359.0,358.5,359.5,359.0,0.36461079120635986,0.25342926383018494
DS3-established,G16,328,359.5,359.0,360.0,359.5,0.3936658501625061,0.29336464405059814
DS3-established,G16,329,360.0,359.5,360.5,360.0,0.32922452688217163,0.24861563742160797
DS3-established,G16,330,360.5,360.0,361.0,360.5,0.30431801080703735,0.21982789039611816
DS3-established,G16,331,361.0,360.5,361.5,361.0,0.2725383937358856,0.20131762325763702
DS3-established,G16,332,361.5,361.0,362.0,361.5,0.2629181742668152,0.1962621510028839
DS3-established,G16,333,362.0,361.5,362.5,362.0,0.317877858877182,0.23270569741725922
DS3-established,G16,334,362.5,362.0,363.0,362.5,0.3031388521194458,0.22781902551651
DS3-established,G16,335,363.0,362.5,363.5,363.0,0.27778300642967224,0.21235114336013794
DS3-established,G16,336,363.5,363.0,364.0,363.5,0.3037740886211395,0.22842581570148468
DS3-established,G16,337,364.0,363.5,364.5,364.0,0.2801419794559479,0.2149570882320404
DS3-established,G16,338,364.5,364.0,365.0,364.5,0.26519742608070374,0.20989938080310822
DS3-established,G16,339,365.0,364.5,365.5,365.0,0.3066420257091522,0.22624635696411133
DS3-established,G16,340,365.5,365.0,366.0,365.5,0.3147830665111542,0.2223334014415741
DS3-established,G16,341,366.0,365.5,366.5,366.0,0.29603368043899536,0.21352434158325195
DS3-established,G16,342,366.5,366.0,367.0,366.5,0.2618962824344635,0.19217108190059662
DS3-established,G16,343,367.0,366.5,367.5,367.0,0.3340643048286438,0.25414934754371643
DS3-established,G16,344,367.5,367.0,368.0,367.5,0.34349897503852844,0.24543553590774536
DS3-established,G16,345,368.0,367.5,368.5,368.0,0.33088576793670654,0.2392367273569107
DS3-established,G16,346,368.5,368.0,369.0,368.5,0.31212422251701355,0.22093024849891663
DS3-established,G16,347,369.0,368.5,369.5,369.0,0.26838135719299316,0.1998395174741745
DS3-established,G16,348,369.5,369.0,370.0,369.5,0.25419875979423523,0.19551900029182434
DS3-established,G16,349,370.0,369.5,370.5,370.0,0.29228076338768005,0.20750844478607178
DS3-established,G16,350,370.5,370.0,371.0,370.5,0.29859158396720886,0.21763771772384644
DS3-established,G16,351,371.0,370.5,371.5,371.0,0.27391132712364197,0.20582759380340576
DS3-established,G16,352,371.5,371.0,372.0,371.5,0.2740940749645233,0.2034374177455902
DS3-established,G16,353,372.0,371.5,372.5,372.0,0.3202504515647888,0.25496071577072144
DS3-established,G16,354,372.5,372.0,373.0,372.5,0.31852421164512634,0.240280419588089
DS3-established,G16,355,373.0,372.5,373.5,373.0,0.2414385974407196,0.19117441773414612
DS3-established,G16,356,373.5,373.0,374.0,373.5,0.22524487972259521,0.1683330088853836
DS3-established,G16,357,374.0,373.5,374.5,374.0,0.2967151403427124,0.21484370529651642
DS3-established,G16,358,374.5,374.0,375.0,374.5,0.3241931200027466,0.2320246696472168
DS3-established,G16,359,375.0,374.5,375.5,375.0,0.306503564119339,0.22188352048397064
DS3-established,G16,360,375.5,375.0,376.0,375.5,0.28123757243156433,0.21174561977386475
DS3-established,G16,361,376.0,375.5,376.5,376.0,0.23840820789337158,0.1783592849969864
DS3-established,G16,362,376.5,376.0,377.0,376.5,0.28195813298225403,0.2111383080482483
DS3-established,G16,363,377.0,376.5,377.5,377.0,0.2708078920841217,0.18675772845745087
DS3-established,G16,364,377.5,377.0,378.0,377.5,0.2089865356683731,0.1596500426530838
DS3-established,G16,365,378.0,377.5,378.5,378.0,0.22039133310317993,0.15186206996440887
DS3-established,G16,366,378.5,378.0,379.0,378.5,0.25442880392074585,0.19210290908813477
DS3-established,G16,367,379.0,378.5,379.5,379.0,0.3016415238380432,0.2358531951904297
DS3-established,G16,368,379.5,379.0,380.0,379.5,0.34426137804985046,0.2539939284324646
DS3-established,G16,369,380.0,379.5,380.5,380.0,0.34709909558296204,0.2579461932182312
DS3-established,G16,370,380.5,380.0,381.0,380.5,0.23750938475131989,0.1591566503047943
DS3-established,G16,371,381.0,380.5,381.5,381.0,0.24166378378868103,0.17353256046772003
DS3-established,G16,372,381.5,381.0,382.0,381.5,0.3716239631175995,0.28118419647216797
DS3-established,G16,373,382.0,381.5,382.5,382.0,0.362826406955719,0.2713722288608551
DS3-established,G16,374,382.5,382.0,383.0,382.5,0.2664017677307129,0.19906635582447052
DS3-established,G16,375,383.0,382.5,383.5,383.0,0.2557992935180664,0.19592668116092682
DS3-established,G16,376,383.5,383.0,384.0,383.5,0.3182942271232605,0.2564789652824402
DS3-established,G16,377,384.0,383.5,384.5,384.0,0.29605376720428467,0.20264898240566254
DS3-established,G16,378,384.5,384.0,385.0,384.5,0.3130994737148285,0.22821858525276184
DS3-established,G16,379,385.0,384.5,385.5,385.0,0.3374214768409729,0.2585168778896332
DS3-established,G16,380,385.5,385.0,386.0,385.5,0.29533180594444275,0.2138562798500061
DS3-established,G16,381,386.0,385.5,386.5,386.0,0.3117283880710602,0.24154692888259888
DS3-established,G16,382,386.5,386.0,387.0,386.5,0.27799084782600403,0.21743600070476532
DS3-established,G16,383,387.0,386.5,387.5,387.0,0.28960415720939636,0.21467120945453644
DS3-established,G16,384,387.5,387.0,388.0,387.5,0.29082685708999634,0.21010322868824005
DS3-established,G16,385,388.0,387.5,388.5,388.0,0.28710755705833435,0.21359583735466003
DS3-established,G16,386,388.5,388.0,389.0,388.5,0.315467894077301,0.22473515570163727
DS3-established,G16,387,389.0,388.5,389.5,389.0,0.30754610896110535,0.22340556979179382
DS3-established,G16,388,389.5,389.0,390.0,389.5,0.2946189343929291,0.2152024358510971
DS3-established,G16,389,390.0,389.5,390.5,390.0,0.2708558738231659,0.20756633579730988
DS3-established,G16,390,390.5,390.0,391.0,390.5,0.31073811650276184,0.2226279377937317
DS3-established,G16,391,391.0,390.5,391.5,391.0,0.334013968706131,0.2530011534690857
DS3-established,G16,392,391.5,391.0,392.0,391.5,0.30041438341140747,0.2269982248544693
DS3-established,G16,393,392.0,391.5,392.5,392.0,0.275199830532074,0.2158808708190918
DS3-established,G16,394,392.5,392.0,393.0,392.5,0.24201010167598724,0.18678541481494904
DS3-established,G16,395,393.0,392.5,393.5,393.0,0.2924337685108185,0.21966278553009033
DS3-established,G16,396,393.5,393.0,394.0,393.5,0.31801727414131165,0.24060006439685822
DS3-established,G16,397,394.0,393.5,394.5,394.0,0.3060109317302704,0.22924081981182098
DS3-established,G16,398,394.5,394.0,395.0,394.5,0.31236299872398376,0.2332686334848404
DS3-established,G16,399,395.0,394.5,395.5,395.0,0.31391826272010803,0.22046270966529846
DS3-established,G16,400,395.5,395.0,396.0,395.5,0.26873549818992615,0.21038444340229034
DS3-established,G16,401,396.0,395.5,396.5,396.0,0.30192601680755615,0.23977480828762054
DS3-established,G16,402,396.5,396.0,397.0,396.5,0.36481747031211853,0.24283136427402496
DS3-established,G16,403,397.0,396.5,397.5,397.0,0.2549552619457245,0.2082042694091797
DS3-established,G16,404,397.5,397.0,398.0,397.5,0.26497167348861694,0.18102070689201355
DS3-established,G16,405,398.0,397.5,398.5,398.0,0.34375062584877014,0.22434575855731964
DS3-established,G16,406,398.5,398.0,399.0,398.5,0.346716046333313,0.272014319896698
DS3-established,G16,407,399.0,398.5,399.5,399.0,0.3196936249732971,0.25740888714790344
DS3-established,G16,408,399.5,399.0,400.0,399.5,0.2588387727737427,0.2033267617225647
DS3-established,G16,409,400.0,399.5,400.5,400.0,0.30369627475738525,0.24862156808376312
DS3-established,G16,410,400.5,400.0,401.0,400.5,0.3227551281452179,0.24927690625190735
DS3-established,G16,411,401.0,400.5,401.5,401.0,0.3308122456073761,0.24498438835144043
DS3-established,G16,412,401.5,401.0,402.0,401.5,0.3206251263618469,0.23474931716918945
DS3-established,G16,413,402.0,401.5,402.5,402.0,0.2624863386154175,0.19697320461273193
DS3-established,G16,414,402.5,402.0,403.0,402.5,0.26153284311294556,0.18329967558383942
DS3-established,G16,415,403.0,402.5,403.5,403.0,0.29281994700431824,0.21222956478595734
DS3-established,G16,416,403.5,403.0,404.0,403.5,0.31938180327415466,0.215849369764328
DS3-established,G16,417,404.0,403.5,404.5,404.0,0.29599687457084656,0.20468789339065552
DS3-established,G16,418,404.5,404.0,405.0,404.5,0.24664898216724396,0.18704088032245636
DS3-established,G16,419,405.0,404.5,405.5,405.0,0.3095102906227112,0.21735915541648865
DS3-established,G16,420,405.5,405.0,406.0,405.5,0.3294895589351654,0.2435271441936493
DS3-established,G16,421,406.0,405.5,406.5,406.0,0.32217466831207275,0.2356065958738327
DS3-established,G16,422,406.5,406.0,407.0,406.5,0.33660799264907837,0.2252526879310608
DS3-established,G16,423,407.0,406.5,407.5,407.0,0.33527541160583496,0.25650352239608765
DS3-established,G16,424,407.5,407.0,408.0,407.5,0.3562449812889099,0.28875771164894104
DS3-established,G16,425,408.0,407.5,408.5,408.0,0.31272658705711365,0.2339598834514618
DS3-established,G16,426,408.5,408.0,409.0,408.5,0.2730652093887329,0.20273812115192413
DS3-established,G16,427,409.0,408.5,409.5,409.0,0.3032767176628113,0.23808622360229492
DS3-established,G16,428,409.5,409.0,410.0,409.5,0.2998482882976532,0.22442547976970673
DS3-established,G16,429,410.0,409.5,410.5,410.0,0.32772940397262573,0.19149787724018097
DS3-established,G16,430,410.5,410.0,411.0,410.5,0.2740890383720398,0.1925104260444641
DS3-established,G16,431,411.0,410.5,411.5,411.0,0.25524014234542847,0.19850249588489532
DS3-established,G16,432,411.5,411.0,412.0,411.5,0.25565746426582336,0.1734541654586792
DS3-established,G16,433,412.0,411.5,412.5,412.0,0.24826453626155853,0.17387765645980835
DS3-established,G16,434,412.5,412.0,413.0,412.5,0.2812141180038452,0.19622839987277985
DS3-established,G16,435,413.0,412.5,413.5,413.0,0.2925921678543091,0.22185523808002472
DS3-established,G16,436,413.5,413.0,414.0,413.5,0.2834337055683136,0.19942127168178558
DS3-established,G16,437,414.0,413.5,414.5,414.0,0.27687859535217285,0.20586442947387695
DS3-established,G16,438,414.5,414.0,415.0,414.5,0.27794867753982544,0.21224255859851837
DS3-established,G16,439,415.0,414.5,415.5,415.0,0.3115183115005493,0.2253517061471939
DS3-established,G16,440,415.5,415.0,416.0,415.5,0.32968077063560486,0.2598368525505066
DS3-established,G16,441,416.0,415.5,416.5,416.0,0.2948357164859772,0.22400742769241333
DS3-established,G16,442,416.5,416.0,417.0,416.5,0.2794238030910492,0.22418726980686188
DS3-established,G16,443,417.0,416.5,417.5,417.0,0.22626857459545135,0.1660308986902237
DS3-established,G16,444,417.5,417.0,418.0,417.5,0.2343895584344864,0.17604562640190125
DS3-established,G16,445,418.0,417.5,418.5,418.0,0.3014562129974365,0.22053945064544678
DS3-established,G16,446,418.5,418.0,419.0,418.5,0.3423873484134674,0.2300151139497757
DS3-established,G16,447,419.0,418.5,419.5,419.0,0.32928523421287537,0.24089081585407257
DS3-established,G16,448,419.5,419.0,420.0,419.5,0.3185789883136749,0.24300676584243774
DS3-established,G16,449,420.0,419.5,420.5,420.0,0.26300299167633057,0.18818479776382446
DS3-established,G16,450,420.5,420.0,421.0,420.5,0.260692834854126,0.19370055198669434
DS3-established,G16,451,421.0,420.5,421.5,421.0,0.34590718150138855,0.25569963455200195
DS3-established,G16,452,421.5,421.0,422.0,421.5,0.3354736864566803,0.2537534236907959
DS3-established,G16,453,422.0,421.5,422.5,422.0,0.32878270745277405,0.26785042881965637
DS3-established,G16,454,422.5,422.0,423.0,422.5,0.26281505823135376,0.18848676979541779
DS3-established,G16,455,423.0,422.5,423.5,423.0,0.2986469268798828,0.22348853945732117
DS3-established,G16,456,423.5,423.0,424.0,423.5,0.2879523038864136,0.20863597095012665
DS3-established,G16,457,424.0,423.5,424.5,424.0,0.24795885384082794,0.17438840866088867
DS3-established,G16,458,424.5,424.0,425.0,424.5,0.24250084161758423,0.177577942609787
DS3-established,G16,459,425.0,424.5,425.5,425.0,0.24527998268604279,0.18836337327957153
DS3-established,G16,460,425.5,425.0,426.0,425.5,0.27434611320495605,0.20753593742847443
DS3-established,G16,461,426.0,425.5,426.5,426.0,0.33065709471702576,0.23913638293743134
DS3-established,G16,462,426.5,426.0,427.0,426.5,0.2968119978904724,0.2227632999420166
DS3-established,G16,463,427.0,426.5,427.5,427.0,0.2764609456062317,0.20668122172355652
DS3-established,G16,464,427.5,427.0,428.0,427.5,0.28690028190612793,0.22265945374965668
DS3-established,G16,465,428.0,427.5,428.5,428.0,0.26817065477371216,0.21213649213314056
DS3-established,G16,466,428.5,428.0,429.0,428.5,0.25177595019340515,0.18381713330745697
DS3-established,G16,467,429.0,428.5,429.5,429.0,0.3083108961582184,0.22764497995376587
DS3-established,G16,468,429.5,429.0,430.0,429.5,0.30083000659942627,0.20665472745895386
DS3-established,G16,469,430.0,429.5,430.5,430.0,0.24115560948848724,0.17234568297863007
DS3-established,G16,470,430.5,430.0,431.0,430.5,0.3326500952243805,0.2347782403230667
DS3-established,G16,471,431.0,430.5,431.5,431.0,0.3138737678527832,0.2075752317905426
DS3-established,G16,472,431.5,431.0,432.0,431.5,0.24310700595378876,0.17220866680145264
DS3-established,G16,473,432.0,431.5,432.5,432.0,0.29645025730133057,0.228748619556427
DS3-established,G16,474,432.5,432.0,433.0,432.5,0.3763063848018646,0.27943018078804016
DS3-established,G16,475,433.0,432.5,433.5,433.0,0.355497807264328,0.25710034370422363
DS3-established,G16,476,433.5,433.0,434.0,433.5,0.2977999746799469,0.2462824434041977
DS3-established,G16,477,434.0,433.5,434.5,434.0,0.2887452244758606,0.21076615154743195
DS3-established,G16,478,434.5,434.0,435.0,434.5,0.29972967505455017,0.23014166951179504
DS3-established,G16,479,435.0,434.5,435.5,435.0,0.30134716629981995,0.23356464505195618
DS3-established,G16,480,435.5,435.0,436.0,435.5,0.3012065887451172,0.22340889275074005
DS3-established,G16,481,436.0,435.5,436.5,436.0,0.26899057626724243,0.21234872937202454
DS3-established,G16,482,436.5,436.0,437.0,436.5,0.28361785411834717,0.20275099575519562
DS3-established,G16,483,437.0,436.5,437.5,437.0,0.33787253499031067,0.24955545365810394
DS3-established,G16,484,437.5,437.0,438.0,437.5,0.32251179218292236,0.22877083718776703
DS3-established,G16,485,438.0,437.5,438.5,438.0,0.3093222677707672,0.2182290107011795
DS3-established,G16,486,438.5,438.0,439.0,438.5,0.3190263509750366,0.234859898686409
DS3-established,G16,487,439.0,438.5,439.5,439.0,0.29656079411506653,0.22413529455661774
DS3-established,G16,488,439.5,439.0,440.0,439.5,0.2899537980556488,0.20541545748710632
DS3-established,G16,489,440.0,439.5,440.5,440.0,0.2642631232738495,0.18445219099521637
DS3-established,G16,490,440.5,440.0,441.0,440.5,0.29504814743995667,0.22567132115364075
DS3-established,G16,491,441.0,440.5,441.5,441.0,0.32985880970954895,0.24052521586418152
DS3-established,G16,492,441.5,441.0,442.0,441.5,0.26396840810775757,0.18840618431568146
DS3-established,G16,493,442.0,441.5,442.5,442.0,0.23786506056785583,0.1756855696439743
DS3-established,G16,494,442.5,442.0,443.0,442.5,0.25349193811416626,0.18117991089820862
DS3-established,G16,495,443.0,442.5,443.5,443.0,0.2805517315864563,0.1976877599954605
DS3-established,G16,496,443.5,443.0,444.0,443.5,0.272943377494812,0.22009912133216858
DS3-established,G16,497,444.0,443.5,444.5,444.0,0.2579081654548645,0.2144535332918167
DS3-established,G16,498,444.5,444.0,445.0,444.5,0.32541972398757935,0.25416073203086853
DS3-established,G16,499,445.0,444.5,445.5,445.0,0.33925724029541016,0.24902820587158203
DS3-established,G16,500,445.5,445.0,446.0,445.5,0.27511337399482727,0.19804136455059052
DS3-established,G16,501,446.0,445.5,446.5,446.0,0.2471383810043335,0.18978095054626465
DS3-established,G16,502,446.5,446.0,447.0,446.5,0.25652235746383667,0.1952276974916458
DS3-established,G16,503,447.0,446.5,447.5,447.0,0.2885372042655945,0.23443518579006195
DS3-established,G16,504,447.5,447.0,448.0,447.5,0.3335014879703522,0.24034950137138367
DS3-established,G16,505,448.0,447.5,448.5,448.0,0.3078738749027252,0.22048480808734894
DS3-established,G16,506,448.5,448.0,449.0,448.5,0.27774688601493835,0.17172770202159882
DS3-established,G16,507,449.0,448.5,449.5,449.0,0.2954261600971222,0.19737949967384338
DS3-established,G16,508,449.5,449.0,450.0,449.5,0.2892669439315796,0.20718832314014435
DS3-established,G16,509,450.0,449.5,450.5,450.0,0.28634941577911377,0.20287232100963593
DS3-established,G16,510,450.5,450.0,451.0,450.5,0.31233933568000793,0.2231479436159134
DS3-established,G16,511,451.0,450.5,451.5,451.0,0.35236236453056335,0.2511758804321289
DS3-established,G16,512,451.5,451.0,452.0,451.5,0.3070652186870575,0.2236229032278061
DS3-established,G16,513,452.0,451.5,452.5,452.0,0.2946794629096985,0.221756249666214
DS3-established,G16,514,452.5,452.0,453.0,452.5,0.3358820378780365,0.22839504480361938
DS3-established,G16,515,453.0,452.5,453.5,453.0,0.314422607421875,0.2325320541858673
DS3-established,G16,516,453.5,453.0,454.0,453.5,0.26846030354499817,0.2095118910074234
DS3-established,G16,517,454.0,453.5,454.5,454.0,0.2264624685049057,0.17602477967739105
DS3-established,G16,518,454.5,454.0,455.0,454.5,0.336172878742218,0.26397791504859924
DS3-established,G16,519,455.0,454.5,455.5,455.0,0.27735599875450134,0.20382621884346008
DS3-established,G16,520,455.5,455.0,456.0,455.5,0.2382594794034958,0.1699860841035843
DS3-established,G16,521,456.0,455.5,456.5,456.0,0.32724061608314514,0.25683650374412537
DS3-established,G16,522,456.5,456.0,457.0,456.5,0.3098044991493225,0.24388118088245392
DS3-established,G16,523,457.0,456.5,457.5,457.0,0.32099661231040955,0.20717574656009674
DS3-established,G16,524,457.5,457.0,458.0,457.5,0.30179738998413086,0.21977783739566803
DS3-established,G19,12,201.5,201.0,202.0,201.5,3.970858573913574,3.614359140396118
DS3-established,G19,13,202.0,201.5,202.5,202.0,3.963026762008667,3.6184420585632324
DS3-established,G19,14,202.5,202.0,203.0,202.5,3.984448194503784,3.6585071086883545
DS3-established,G19,15,203.0,202.5,203.5,203.0,4.119239330291748,3.78075909614563
DS3-established,G19,16,203.5,203.0,204.0,203.5,4.089639663696289,3.749077320098877
DS3-established,G19,17,204.0,203.5,204.5,204.0,4.10495662689209,3.7688751220703125
DS3-established,G19,18,204.5,204.0,205.0,204.5,4.114003658294678,3.806046485900879
DS3-established,G19,19,205.0,204.5,205.5,205.0,4.220824718475342,3.9205851554870605
DS3-established,G19,20,205.5,205.0,206.0,205.5,4.342807292938232,4.039610385894775
DS3-established,G19,21,206.0,205.5,206.5,206.0,4.383464336395264,4.0913310050964355
DS3-established,G19,22,206.5,206.0,207.0,206.5,4.51880407333374,4.241395950317383
DS3-established,G19,23,207.0,206.5,207.5,207.0,4.442576885223389,4.171164512634277
DS3-established,G19,24,207.5,207.0,208.0,207.5,4.008890151977539,3.7452807426452637
DS3-established,G19,25,208.0,207.5,208.5,208.0,3.6563897132873535,3.4105074405670166
DS3-established,G19,26,208.5,208.0,209.0,208.5,3.6037168502807617,3.3520071506500244
DS3-established,G19,27,209.0,208.5,209.5,209.0,2.9034101963043213,2.6588211059570312
DS3-established,G19,28,209.5,209.0,210.0,209.5,2.2054126262664795,1.9454666376113892
DS3-established,G19,29,210.0,209.5,210.5,210.0,1.7329679727554321,1.4667623043060303
DS3-established,G19,30,210.5,210.0,211.0,210.5,1.2755392789840698,1.0382415056228638
DS3-established,G19,31,211.0,210.5,211.5,211.0,1.1032729148864746,0.8542459607124329
DS3-established,G19,32,211.5,211.0,212.0,211.5,0.8553268909454346,0.6851274371147156
DS3-established,G19,33,212.0,211.5,212.5,212.0,0.7936846613883972,0.6356168389320374
DS3-established,G19,34,212.5,212.0,213.0,212.5,0.8385655283927917,0.6593388319015503
DS3-established,G19,35,213.0,212.5,213.5,213.0,0.9876938462257385,0.7134554982185364
DS3-established,G19,36,213.5,213.0,214.0,213.5,0.9477826952934265,0.6758163571357727
DS3-established,G19,37,214.0,213.5,214.5,214.0,0.9660102128982544,0.6790004372596741
DS3-established,G19,38,214.5,214.0,215.0,214.5,1.075412631034851,0.7309460639953613
DS3-established,G19,39,215.0,214.5,215.5,215.0,1.1506413221359253,0.7682880163192749
DS3-established,G19,40,215.5,215.0,216.0,215.5,1.124500036239624,0.7717939019203186
DS3-established,G19,41,216.0,215.5,216.5,216.0,1.1097259521484375,0.7403274774551392
DS3-established,G19,42,216.5,216.0,217.0,216.5,1.061277985572815,0.6666390299797058
DS3-established,G19,43,217.0,216.5,217.5,217.0,0.934423565864563,0.603649377822876
DS3-established,G19,44,217.5,217.0,218.0,217.5,0.9879003763198853,0.7249028086662292
DS3-established,G19,45,218.0,217.5,218.5,218.0,0.8969044089317322,0.608881950378418
DS3-established,G19,46,218.5,218.0,219.0,218.5,0.7097143530845642,0.4961444139480591
DS3-established,G19,47,219.0,218.5,219.5,219.0,0.5075182914733887,0.3980177342891693
DS3-established,G19,48,219.5,219.0,220.0,219.5,0.40815481543540955,0.32771673798561096
DS3-established,G19,49,220.0,219.5,220.5,220.0,0.3209153711795807,0.26373404264450073
DS3-established,G19,50,220.5,220.0,221.0,220.5,0.24454925954341888,0.19873566925525665
DS3-established,G19,51,221.0,220.5,221.5,221.0,0.24390409886837006,0.1801614761352539
DS3-established,G19,52,221.5,221.0,222.0,221.5,0.27567341923713684,0.21902483701705933
DS3-established,G19,53,222.0,221.5,222.5,222.0,0.3146224319934845,0.24532432854175568
DS3-established,G19,54,222.5,222.0,223.0,222.5,0.4775541126728058,0.3802991807460785
DS3-established,G19,55,223.0,222.5,223.5,223.0,0.5311262011528015,0.43989425897598267
DS3-established,G19,56,223.5,223.0,224.0,223.5,0.3631356656551361,0.30747583508491516
DS3-established,G19,57,224.0,223.5,224.5,224.0,0.43157705664634705,0.3518470227718353
DS3-established,G19,58,224.5,224.0,225.0,224.5,0.470607191324234,0.38883596658706665
DS3-established,G19,59,225.0,224.5,225.5,225.0,0.5534862875938416,0.40411192178726196
DS3-established,G19,60,225.5,225.0,226.0,225.5,0.826214611530304,0.6604479551315308
DS3-established,G19,61,226.0,225.5,226.5,226.0,1.527931571006775,1.373066782951355
DS3-established,G19,62,226.5,226.0,227.0,226.5,2.4241204261779785,2.219902515411377
DS3-established,G19,63,227.0,226.5,227.5,227.0,3.281891107559204,3.0435543060302734
DS3-established,G19,64,227.5,227.0,228.0,227.5,3.9391839504241943,3.675830364227295
DS3-established,G19,65,228.0,227.5,228.5,228.0,4.301604747772217,4.014209270477295
DS3-established,G19,66,228.5,228.0,229.0,228.5,4.3670244216918945,4.078376770019531
DS3-established,G19,67,229.0,228.5,229.5,229.0,4.362887382507324,4.079411029815674
DS3-established,G19,68,229.5,229.0,230.0,229.5,4.42812967300415,4.142775058746338
DS3-established,G19,69,230.0,229.5,230.5,230.0,4.494865894317627,4.198508262634277
DS3-established,G19,70,230.5,230.0,231.0,230.5,4.454532623291016,4.145179748535156
DS3-established,G19,71,231.0,230.5,231.5,231.0,4.399217128753662,4.088064193725586
DS3-established,G19,72,231.5,231.0,232.0,231.5,4.4412689208984375,4.130202770233154
DS3-established,G19,73,232.0,231.5,232.5,232.0,4.426135540008545,4.1189446449279785
DS3-established,G19,74,232.5,232.0,233.0,232.5,4.253062725067139,3.9638099670410156
DS3-established,G19,75,233.0,232.5,233.5,233.0,4.261744499206543,3.978626251220703
DS3-established,G19,76,233.5,233.0,234.0,233.5,4.413901329040527,4.12285041809082
DS3-established,G19,77,234.0,233.5,234.5,234.0,4.337175369262695,4.049731731414795
DS3-established,G19,78,234.5,234.0,235.0,234.5,4.241817951202393,3.9607882499694824
DS3-established,G19,79,235.0,234.5,235.5,235.0,4.055652141571045,3.790412187576294
DS3-established,G19,80,235.5,235.0,236.0,235.5,3.7145416736602783,3.4724438190460205
DS3-established,G19,81,236.0,235.5,236.5,236.0,3.266308307647705,3.0559988021850586
DS3-established,G19,82,236.5,236.0,237.0,236.5,3.1127736568450928,2.916074752807617
DS3-established,G19,83,237.0,236.5,237.5,237.0,3.3059098720550537,3.1030044555664062
DS3-established,G19,84,237.5,237.0,238.0,237.5,2.9666028022766113,2.783891439437866
DS3-established,G19,85,238.0,237.5,238.5,238.0,1.7796934843063354,1.6515138149261475
DS3-established,G19,86,238.5,238.0,239.0,238.5,1.234472632408142,1.1123839616775513
DS3-established,G19,87,239.0,238.5,239.5,239.0,1.1381570100784302,1.0367777347564697
DS3-established,G19,88,239.5,239.0,240.0,239.5,0.6541353464126587,0.5673786997795105
DS3-established,G19,89,240.0,239.5,240.5,240.0,0.44991350173950195,0.36336857080459595
DS3-established,G19,90,240.5,240.0,241.0,240.5,0.38522210717201233,0.3212384283542633
DS3-established,G19,91,241.0,240.5,241.5,241.0,0.2758452594280243,0.24416129291057587
DS3-established,G19,92,241.5,241.0,242.0,241.5,0.27644404768943787,0.24236883223056793
DS3-established,G19,93,242.0,241.5,242.5,242.0,0.2969813644886017,0.2606627941131592
DS3-established,G19,94,242.5,242.0,243.0,242.5,0.26622676849365234,0.1963830441236496
DS3-established,G19,95,243.0,242.5,243.5,243.0,0.3040767312049866,0.2190806120634079
DS3-established,G19,96,243.5,243.0,244.0,243.5,0.3448324501514435,0.23800505697727203
DS3-established,G19,97,244.0,243.5,244.5,244.0,0.3161642551422119,0.24643856287002563
DS3-established,G19,98,244.5,244.0,245.0,244.5,0.30155688524246216,0.23145416378974915
DS3-established,G19,99,245.0,244.5,245.5,245.0,0.3042370080947876,0.22518999874591827
DS3-established,G19,100,245.5,245.0,246.0,245.5,0.3435048758983612,0.2620018422603607
DS3-established,G19,101,246.0,245.5,246.5,246.0,0.4085058569908142,0.2989353537559509
DS3-established,G19,102,246.5,246.0,247.0,246.5,0.3544730544090271,0.2710379958152771
DS3-established,G19,103,247.0,246.5,247.5,247.0,0.3462084233760834,0.23795385658740997
DS3-established,G19,104,247.5,247.0,248.0,247.5,0.30865997076034546,0.23199664056301117
DS3-established,G19,105,248.0,247.5,248.5,248.0,0.2827128469944,0.2322823703289032
DS3-established,G19,106,248.5,248.0,249.0,248.5,0.3297543525695801,0.2378479689359665
DS3-established,G19,107,249.0,248.5,249.5,249.0,0.32974347472190857,0.2321147471666336
DS3-established,G19,108,249.5,249.0,250.0,249.5,0.29593005776405334,0.2021869421005249
DS3-established,G19,109,250.0,249.5,250.5,250.0,0.34118664264678955,0.23111660778522491
DS3-established,G19,110,250.5,250.0,251.0,250.5,0.37933313846588135,0.2760531008243561
DS3-established,G19,111,251.0,250.5,251.5,251.0,0.29057982563972473,0.2113872617483139
DS3-established,G19,112,251.5,251.0,252.0,251.5,0.2945444881916046,0.20095516741275787
DS3-established,G19,113,252.0,251.5,252.5,252.0,0.35273870825767517,0.25349244475364685
DS3-established,G19,114,252.5,252.0,253.0,252.5,0.36074456572532654,0.25536680221557617
DS3-established,G19,115,253.0,252.5,253.5,253.0,0.2795710563659668,0.20475544035434723
DS3-established,G19,116,253.5,253.0,254.0,253.5,0.2949906587600708,0.22075298428535461
DS3-established,G19,117,254.0,253.5,254.5,254.0,0.2777414321899414,0.19601494073867798
DS3-established,G19,118,254.5,254.0,255.0,254.5,0.2752811908721924,0.20450010895729065
DS3-established,G19,119,255.0,254.5,255.5,255.0,0.3528323471546173,0.25067535042762756
DS3-established,G19,120,255.5,255.0,256.0,255.5,0.28828659653663635,0.19917412102222443
DS3-established,G19,121,256.0,255.5,256.5,256.0,0.2812478840351105,0.2056482434272766
DS3-established,G19,122,256.5,256.0,257.0,256.5,0.3128530979156494,0.21994760632514954
DS3-established,G19,123,257.0,256.5,257.5,257.0,0.25011539459228516,0.16941523551940918
DS3-established,G19,124,257.5,257.0,258.0,257.5,0.24777360260486603,0.1861872375011444
DS3-established,G19,125,258.0,257.5,258.5,258.0,0.32092708349227905,0.25408831238746643
DS3-established,G19,126,258.5,258.0,259.0,258.5,0.3015934228897095,0.2283526510000229
DS3-established,G19,127,259.0,258.5,259.5,259.0,0.27350425720214844,0.2165265530347824
DS3-established,G19,128,259.5,259.0,260.0,259.5,0.2721956968307495,0.20419801771640778
DS3-established,G19,129,260.0,259.5,260.5,260.0,0.3100356459617615,0.2416001409292221
DS3-established,G19,130,260.5,260.0,261.0,260.5,0.4173852205276489,0.31879955530166626
DS3-established,G19,131,261.0,260.5,261.5,261.0,0.4032977223396301,0.28943172097206116
DS3-established,G19,132,261.5,261.0,262.0,261.5,0.27185067534446716,0.20805679261684418
DS3-established,G19,133,262.0,261.5,262.5,262.0,0.23719216883182526,0.17307259142398834
DS3-established,G19,134,262.5,262.0,263.0,262.5,0.3002612888813019,0.2259737104177475
DS3-established,G19,135,263.0,262.5,263.5,263.0,0.3189285099506378,0.2604917585849762
DS3-established,G19,136,263.5,263.0,264.0,263.5,0.2854153513908386,0.2323250025510788
DS3-established,G19,137,264.0,263.5,264.5,264.0,0.2013942003250122,0.15758773684501648
DS3-established,G19,138,264.5,264.0,265.0,264.5,0.1850430816411972,0.1368081122636795
DS3-established,G19,139,265.0,264.5,265.5,265.0,0.24212613701820374,0.20868843793869019
DS3-established,G19,140,265.5,265.0,266.0,265.5,0.3106999695301056,0.23260746896266937
DS3-established,G19,141,266.0,265.5,266.5,266.0,0.38090768456459045,0.2884318232536316
DS3-established,G19,142,266.5,266.0,267.0,266.5,0.29069626331329346,0.21790291368961334
DS3-established,G19,143,267.0,266.5,267.5,267.0,0.17278417944908142,0.10690196603536606
DS3-established,G19,144,267.5,267.0,268.0,267.5,0.22704213857650757,0.12912721931934357
DS3-established,G19,145,268.0,267.5,268.5,268.0,0.2754383981227875,0.2068708837032318
DS3-established,G19,146,268.5,268.0,269.0,268.5,0.26881396770477295,0.21060021221637726
DS3-established,G19,147,269.0,268.5,269.5,269.0,0.24370214343070984,0.17584030330181122
DS3-established,G19,148,269.5,269.0,270.0,269.5,0.23626336455345154,0.1618533879518509
DS3-established,G19,149,270.0,269.5,270.5,270.0,0.2488105446100235,0.1937422752380371
DS3-established,G19,150,270.5,270.0,271.0,270.5,0.2503332197666168,0.20487768948078156
DS3-established,G19,151,271.0,270.5,271.5,271.0,0.17772068083286285,0.1458568125963211
DS3-established,G19,152,271.5,271.0,272.0,271.5,0.1800999939441681,0.1166887953877449
DS3-established,G19,153,272.0,271.5,272.5,272.0,0.2985036075115204,0.21401776373386383
DS3-established,G19,154,272.5,272.0,273.0,272.5,0.2903406023979187,0.21233569085597992
DS3-established,G19,155,273.0,272.5,273.5,273.0,0.2672343850135803,0.17041641473770142
DS3-established,G19,156,273.5,273.0,274.0,273.5,0.26480817794799805,0.19720827043056488
DS3-established,G19,157,274.0,273.5,274.5,274.0,0.24883662164211273,0.16887934505939484
DS3-established,G19,158,274.5,274.0,275.0,274.5,0.20554772019386292,0.1444575935602188
DS3-established,G19,159,275.0,274.5,275.5,275.0,0.22667047381401062,0.15439456701278687
DS3-established,G19,160,275.5,275.0,276.0,275.5,0.22996261715888977,0.16202783584594727
DS3-established,G19,161,276.0,275.5,276.5,276.0,0.2871909439563751,0.21029989421367645
DS3-established,G19,162,276.5,276.0,277.0,276.5,0.36384105682373047,0.2661445736885071
DS3-established,G19,163,277.0,276.5,277.5,277.0,0.311906099319458,0.24199920892715454
DS3-established,G19,164,277.5,277.0,278.0,277.5,0.34785184264183044,0.24359600245952606
DS3-established,G19,165,278.0,277.5,278.5,278.0,0.33814331889152527,0.25377118587493896
DS3-established,G19,166,278.5,278.0,279.0,278.5,0.37012597918510437,0.262702614068985
DS3-established,G19,167,279.0,278.5,279.5,279.0,0.3445091247558594,0.2642756402492523
DS3-established,G19,168,279.5,279.0,280.0,279.5,0.27852708101272583,0.19698567688465118
DS3-established,G19,169,280.0,279.5,280.5,280.0,0.2531316578388214,0.18240702152252197
DS3-established,G19,170,280.5,280.0,281.0,280.5,0.36088457703590393,0.25767019391059875
DS3-established,G19,171,281.0,280.5,281.5,281.0,0.34961143136024475,0.23694385588169098
DS3-established,G19,172,281.5,281.0,282.0,281.5,0.272586464881897,0.21734517812728882
DS3-established,G19,173,282.0,281.5,282.5,282.0,0.31663718819618225,0.2408284693956375
DS3-established,G19,174,282.5,282.0,283.0,282.5,0.3401401937007904,0.2397010624408722
DS3-established,G19,175,283.0,282.5,283.5,283.0,0.3059356212615967,0.20648916065692902
DS3-established,G19,176,283.5,283.0,284.0,283.5,0.2713356614112854,0.20003774762153625
DS3-established,G19,177,284.0,283.5,284.5,284.0,0.2901504933834076,0.2280474305152893
DS3-established,G19,178,284.5,284.0,285.0,284.5,0.27683931589126587,0.2285471260547638
DS3-established,G19,179,285.0,284.5,285.5,285.0,0.30829039216041565,0.23919899761676788
DS3-established,G19,180,285.5,285.0,286.0,285.5,0.385174036026001,0.31092584133148193
DS3-established,G19,181,286.0,285.5,286.5,286.0,0.3719942271709442,0.3063443601131439
DS3-established,G19,182,286.5,286.0,287.0,286.5,0.27211424708366394,0.22198911011219025
DS3-established,G19,183,287.0,286.5,287.5,287.0,0.19461902976036072,0.14587649703025818
DS3-established,G19,184,287.5,287.0,288.0,287.5,0.21810707449913025,0.16221611201763153
DS3-established,G19,185,288.0,287.5,288.5,288.0,0.22813674807548523,0.16895703971385956
DS3-established,G19,186,288.5,288.0,289.0,288.5,0.2969469428062439,0.2431764155626297
DS3-established,G19,187,289.0,288.5,289.5,289.0,0.28590497374534607,0.20703139901161194
DS3-established,G19,188,289.5,289.0,290.0,289.5,0.27324244379997253,0.19357731938362122
DS3-established,G19,189,290.0,289.5,290.5,290.0,0.3256043493747711,0.2595311105251312
DS3-established,G19,190,290.5,290.0,291.0,290.5,0.31276416778564453,0.2375463992357254
DS3-established,G19,191,291.0,290.5,291.5,291.0,0.2670925557613373,0.209974467754364
DS3-established,G19,192,291.5,291.0,292.0,291.5,0.22036419808864594,0.16141414642333984
DS3-established,G19,193,292.0,291.5,292.5,292.0,0.23370537161827087,0.1919734627008438
DS3-established,G19,194,292.5,292.0,293.0,292.5,0.24032092094421387,0.19793564081192017
DS3-established,G19,195,293.0,292.5,293.5,293.0,0.282262921333313,0.20857132971286774
DS3-established,G19,196,293.5,293.0,294.0,293.5,0.27232131361961365,0.2166728526353836
DS3-established,G19,197,294.0,293.5,294.5,294.0,0.2564772069454193,0.1954711228609085
DS3-established,G19,198,294.5,294.0,295.0,294.5,0.25395360589027405,0.1905306726694107
DS3-established,G19,199,295.0,294.5,295.5,295.0,0.3169443905353546,0.24550311267375946
DS3-established,G19,200,295.5,295.0,296.0,295.5,0.2855006754398346,0.1956547647714615
DS3-established,G19,201,296.0,295.5,296.5,296.0,0.23506756126880646,0.17214231193065643
DS3-established,G19,202,296.5,296.0,297.0,296.5,0.2547634541988373,0.20198924839496613
DS3-established,G19,203,297.0,296.5,297.5,297.0,0.2542494237422943,0.16409486532211304
DS3-established,G19,204,297.5,297.0,298.0,297.5,0.271266907453537,0.21595609188079834
DS3-established,G19,205,298.0,297.5,298.5,298.0,0.30482199788093567,0.22734934091567993
DS3-established,G19,206,298.5,298.0,299.0,298.5,0.2776249051094055,0.1931399554014206
DS3-established,G19,207,299.0,298.5,299.5,299.0,0.24169886112213135,0.19814243912696838
DS3-established,G19,208,299.5,299.0,300.0,299.5,0.29092520475387573,0.18752175569534302
DS3-established,G19,209,300.0,299.5,300.5,300.0,0.3131208121776581,0.2500435709953308
DS3-established,G19,210,300.5,300.0,301.0,300.5,0.2546578347682953,0.19833475351333618
DS3-established,G19,211,301.0,300.5,301.5,301.0,0.27957165241241455,0.2141236811876297
DS3-established,G19,212,301.5,301.0,302.0,301.5,0.2686750888824463,0.17986026406288147
DS3-established,G19,213,302.0,301.5,302.5,302.0,0.2538006007671356,0.18838100135326385
DS3-established,G19,214,302.5,302.0,303.0,302.5,0.24973301589488983,0.1746903508901596
DS3-established,G19,215,303.0,302.5,303.5,303.0,0.25828608870506287,0.19692246615886688
DS3-established,G19,216,303.5,303.0,304.0,303.5,0.2969825565814972,0.2194051742553711
DS3-established,G19,217,304.0,303.5,304.5,304.0,0.31318339705467224,0.2318747341632843
DS3-established,G19,218,304.5,304.0,305.0,304.5,0.3183668255805969,0.24765102565288544
DS3-established,G19,219,305.0,304.5,305.5,305.0,0.30684715509414673,0.21764613687992096
DS3-established,G19,220,305.5,305.0,306.0,305.5,0.279399037361145,0.21107999980449677
DS3-established,G19,221,306.0,305.5,306.5,306.0,0.3116104304790497,0.23169037699699402
DS3-established,G19,222,306.5,306.0,307.0,306.5,0.3732345700263977,0.2619239091873169
DS3-established,G19,223,307.0,306.5,307.5,307.0,0.3764072060585022,0.2771831154823303
DS3-established,G19,224,307.5,307.0,308.0,307.5,0.2971428632736206,0.2314976304769516
DS3-established,G19,225,308.0,307.5,308.5,308.0,0.27749666571617126,0.21441921591758728
DS3-established,G19,226,308.5,308.0,309.0,308.5,0.3274272382259369,0.2533954679965973
DS3-established,G19,227,309.0,308.5,309.5,309.0,0.358551025390625,0.263268381357193
DS3-established,G19,228,309.5,309.0,310.0,309.5,0.27475491166114807,0.20526917278766632
DS3-established,G19,229,310.0,309.5,310.5,310.0,0.22706185281276703,0.1841200590133667
DS3-established,G19,230,310.5,310.0,311.0,310.5,0.2505054473876953,0.2043508142232895
DS3-established,G19,231,311.0,310.5,311.5,311.0,0.26019567251205444,0.18929269909858704
DS3-established,G19,232,311.5,311.0,312.0,311.5,0.302424818277359,0.21179607510566711
DS3-established,G19,233,312.0,311.5,312.5,312.0,0.2878417670726776,0.21524716913700104
DS3-established,G19,234,312.5,312.0,313.0,312.5,0.2925373315811157,0.22307835519313812
DS3-established,G19,235,313.0,312.5,313.5,313.0,0.29268917441368103,0.2139427214860916
DS3-established,G19,236,313.5,313.0,314.0,313.5,0.3039344549179077,0.22356070578098297
DS3-established,G19,237,314.0,313.5,314.5,314.0,0.3254264295101166,0.22415658831596375
DS3-established,G19,238,314.5,314.0,315.0,314.5,0.27880898118019104,0.1957855224609375
DS3-established,G19,239,315.0,314.5,315.5,315.0,0.2824409604072571,0.22457759082317352
DS3-established,G19,240,315.5,315.0,316.0,315.5,0.2966241240501404,0.2174622267484665
DS3-established,G19,241,316.0,315.5,316.5,316.0,0.2866499722003937,0.2098076343536377
DS3-established,G19,242,316.5,316.0,317.0,316.5,0.23092810809612274,0.17051543295383453
DS3-established,G19,243,317.0,316.5,317.5,317.0,0.27704647183418274,0.20593120157718658
DS3-established,G19,244,317.5,317.0,318.0,317.5,0.3907354772090912,0.3139358162879944
DS3-established,G19,245,318.0,317.5,318.5,318.0,0.33041852712631226,0.22102287411689758
DS3-established,G19,246,318.5,318.0,319.0,318.5,0.2944119870662689,0.20835967361927032
DS3-established,G19,247,319.0,318.5,319.5,319.0,0.366095632314682,0.29531997442245483
DS3-established,G19,248,319.5,319.0,320.0,319.5,0.28334635496139526,0.21157008409500122
DS3-established,G19,249,320.0,319.5,320.5,320.0,0.2664661705493927,0.20470783114433289
DS3-established,G19,250,320.5,320.0,321.0,320.5,0.2836742103099823,0.21452008187770844
DS3-established,G19,251,321.0,320.5,321.5,321.0,0.276481032371521,0.20807260274887085
DS3-established,G19,252,321.5,321.0,322.0,321.5,0.29392528533935547,0.1949315071105957
DS3-established,G19,253,322.0,321.5,322.5,322.0,0.263942152261734,0.1953393965959549
DS3-established,G19,254,322.5,322.0,323.0,322.5,0.26324906945228577,0.20163731276988983
DS3-established,G19,255,323.0,322.5,323.5,323.0,0.26510441303253174,0.198649600148201
DS3-established,G19,256,323.5,323.0,324.0,323.5,0.23984070122241974,0.18085844814777374
DS3-established,G19,257,324.0,323.5,324.5,324.0,0.2910006046295166,0.22839361429214478
DS3-established,G19,258,324.5,324.0,325.0,324.5,0.3047320544719696,0.22452609241008759
DS3-established,G19,259,325.0,324.5,325.5,325.0,0.29569703340530396,0.18849709630012512
DS3-established,G19,260,325.5,325.0,326.0,325.5,0.25838327407836914,0.1901765912771225
DS3-established,G19,261,326.0,325.5,326.5,326.0,0.27884337306022644,0.2012401968240738
DS3-established,G19,262,326.5,326.0,327.0,326.5,0.3151686489582062,0.2371913343667984
DS3-established,G19,263,327.0,326.5,327.5,327.0,0.2754027545452118,0.19938266277313232
DS3-established,G19,264,327.5,327.0,328.0,327.5,0.2888491153717041,0.20456263422966003
DS3-established,G19,265,328.0,327.5,328.5,328.0,0.25408273935317993,0.18260720372200012
DS3-established,G19,266,328.5,328.0,329.0,328.5,0.25857552886009216,0.19964201748371124
DS3-established,G19,267,329.0,328.5,329.5,329.0,0.31622177362442017,0.21327482163906097
DS3-established,G19,268,329.5,329.0,330.0,329.5,0.3307403326034546,0.2404605597257614
DS3-established,G19,269,330.0,329.5,330.5,330.0,0.3173231780529022,0.25212451815605164
DS3-established,G19,270,330.5,330.0,331.0,330.5,0.30860576033592224,0.22251823544502258
DS3-established,G19,271,331.0,330.5,331.5,331.0,0.2793343961238861,0.20968368649482727
DS3-established,G19,272,331.5,331.0,332.0,331.5,0.2849227488040924,0.22646859288215637
DS3-established,G19,273,332.0,331.5,332.5,332.0,0.29709944128990173,0.23228608071804047
DS3-established,G19,274,332.5,332.0,333.0,332.5,0.2606257200241089,0.18787463009357452
DS3-established,G19,275,333.0,332.5,333.5,333.0,0.35830157995224,0.3006148040294647
DS3-established,G19,276,333.5,333.0,334.0,333.5,0.32537925243377686,0.25068020820617676
DS3-established,G19,277,334.0,333.5,334.5,334.0,0.2950395345687866,0.20919819176197052
DS3-established,G19,278,334.5,334.0,335.0,334.5,0.27989694476127625,0.19956596195697784
DS3-established,G19,279,335.0,334.5,335.5,335.0,0.3084241449832916,0.2287047654390335
DS3-established,G19,280,335.5,335.0,336.0,335.5,0.31923696398735046,0.2379642128944397
DS3-established,G19,281,336.0,335.5,336.5,336.0,0.3218981623649597,0.24259063601493835
DS3-established,G19,282,336.5,336.0,337.0,336.5,0.2958272099494934,0.2252892702817917
DS3-established,G19,283,337.0,336.5,337.5,337.0,0.3019115626811981,0.21485649049282074
DS3-established,G19,284,337.5,337.0,338.0,337.5,0.3037536144256592,0.2159251570701599
DS3-established,G19,285,338.0,337.5,338.5,338.0,0.31253501772880554,0.24271975457668304
DS3-established,G19,286,338.5,338.0,339.0,338.5,0.27387112379074097,0.1989404708147049
DS3-established,G19,287,339.0,338.5,339.5,339.0,0.301183819770813,0.22331281006336212
DS3-established,G19,288,339.5,339.0,340.0,339.5,0.31074801087379456,0.22165913879871368
DS3-established,G19,289,340.0,339.5,340.5,340.0,0.26089057326316833,0.19606640934944153
DS3-established,G19,290,340.5,340.0,341.0,340.5,0.33216798305511475,0.2631320655345917
DS3-established,G19,291,341.0,340.5,341.5,341.0,0.28533244132995605,0.2073020488023758
DS3-established,G19,292,341.5,341.0,342.0,341.5,0.2361646294593811,0.1645064353942871
DS3-established,G19,293,342.0,341.5,342.5,342.0,0.30576092004776,0.22360478341579437
DS3-established,G19,294,342.5,342.0,343.0,342.5,0.36975663900375366,0.25845807790756226
DS3-established,G19,295,343.0,342.5,343.5,343.0,0.292696088552475,0.21848054230213165
DS3-established,G19,296,343.5,343.0,344.0,343.5,0.27880504727363586,0.2062726765871048
DS3-established,G19,297,344.0,343.5,344.5,344.0,0.3151489198207855,0.21852761507034302
DS3-established,G19,298,344.5,344.0,345.0,344.5,0.292240709066391,0.2306034117937088
DS3-established,G19,299,345.0,344.5,345.5,345.0,0.3013664484024048,0.21339432895183563
DS3-established,G19,300,345.5,345.0,346.0,345.5,0.29935213923454285,0.21168385446071625
DS3-established,G19,301,346.0,345.5,346.5,346.0,0.2873397469520569,0.2169644981622696
DS3-established,G19,302,346.5,346.0,347.0,346.5,0.2734520137310028,0.20313259959220886
DS3-established,G19,303,347.0,346.5,347.5,347.0,0.27322256565093994,0.2101510763168335
DS3-established,G19,304,347.5,347.0,348.0,347.5,0.2692555785179138,0.1994093954563141
DS3-established,G19,305,348.0,347.5,348.5,348.0,0.2844166159629822,0.20076020061969757
DS3-established,G19,306,348.5,348.0,349.0,348.5,0.3139747977256775,0.22212810814380646
DS3-established,G19,307,349.0,348.5,349.5,349.0,0.2966372072696686,0.220868781208992
DS3-established,G19,308,349.5,349.0,350.0,349.5,0.29998648166656494,0.2140006572008133
DS3-established,G19,309,350.0,349.5,350.5,350.0,0.3183627128601074,0.220927894115448
DS3-established,G19,310,350.5,350.0,351.0,350.5,0.40784716606140137,0.29424965381622314
DS3-established,G19,311,351.0,350.5,351.5,351.0,0.3944283127784729,0.30444857478141785
DS3-established,G19,312,351.5,351.0,352.0,351.5,0.30216842889785767,0.23223260045051575
DS3-established,G19,313,352.0,351.5,352.5,352.0,0.3471238315105438,0.2277528941631317
DS3-established,G19,314,352.5,352.0,353.0,352.5,0.34289827942848206,0.2552739381790161
DS3-established,G19,315,353.0,352.5,353.5,353.0,0.2668968439102173,0.20697742700576782
DS3-established,G19,316,353.5,353.0,354.0,353.5,0.2588231861591339,0.1980237513780594
DS3-established,G19,317,354.0,353.5,354.5,354.0,0.3070078492164612,0.22133080661296844
DS3-established,G19,318,354.5,354.0,355.0,354.5,0.3225449025630951,0.25311219692230225
DS3-established,G19,319,355.0,354.5,355.5,355.0,0.2713421583175659,0.2015901356935501
DS3-established,G19,320,355.5,355.0,356.0,355.5,0.27745068073272705,0.20623798668384552
DS3-established,G19,321,356.0,355.5,356.5,356.0,0.2840830087661743,0.20678651332855225
DS3-established,G19,322,356.5,356.0,357.0,356.5,0.28704899549484253,0.21854935586452484
DS3-established,G19,323,357.0,356.5,357.5,357.0,0.32314634323120117,0.24862416088581085
DS3-established,G19,324,357.5,357.0,358.0,357.5,0.31896576285362244,0.22578249871730804
DS3-established,G19,325,358.0,357.5,358.5,358.0,0.3164740204811096,0.24233680963516235
DS3-established,G19,326,358.5,358.0,359.0,358.5,0.2819552421569824,0.19621022045612335
DS3-established,G19,327,359.0,358.5,359.5,359.0,0.2456972748041153,0.1897018700838089
DS3-established,G19,328,359.5,359.0,360.0,359.5,0.26881328225135803,0.18852974474430084
DS3-established,G19,329,360.0,359.5,360.5,360.0,0.28080591559410095,0.19800621271133423
DS3-established,G19,330,360.5,360.0,361.0,360.5,0.3078860938549042,0.22565752267837524
DS3-established,G19,331,361.0,360.5,361.5,361.0,0.3314792513847351,0.23948904871940613
DS3-established,G19,332,361.5,361.0,362.0,361.5,0.27961719036102295,0.20342375338077545
DS3-established,G19,333,362.0,361.5,362.5,362.0,0.32796990871429443,0.2544860541820526
DS3-established,G19,334,362.5,362.0,363.0,362.5,0.3445778489112854,0.26215893030166626
DS3-established,G19,335,363.0,362.5,363.5,363.0,0.304167240858078,0.2373940497636795
DS3-established,G19,336,363.5,363.0,364.0,363.5,0.350492924451828,0.25951942801475525
DS3-established,G19,337,364.0,363.5,364.5,364.0,0.28234392404556274,0.2057296484708786
DS3-established,G19,338,364.5,364.0,365.0,364.5,0.22680088877677917,0.1690000742673874
DS3-established,G19,339,365.0,364.5,365.5,365.0,0.29256880283355713,0.19735248386859894
DS3-established,G19,340,365.5,365.0,366.0,365.5,0.2753852307796478,0.17955468595027924
DS3-established,G19,341,366.0,365.5,366.5,366.0,0.22968852519989014,0.1755279302597046
DS3-established,G19,342,366.5,366.0,367.0,366.5,0.2615170180797577,0.16518457233905792
DS3-established,G19,343,367.0,366.5,367.5,367.0,0.27525147795677185,0.19652730226516724
DS3-established,G19,344,367.5,367.0,368.0,367.5,0.2671433687210083,0.2066461592912674
DS3-established,G19,345,368.0,367.5,368.5,368.0,0.3069019317626953,0.22214356064796448
DS3-established,G19,346,368.5,368.0,369.0,368.5,0.3721552789211273,0.28606975078582764
DS3-established,G19,347,369.0,368.5,369.5,369.0,0.2934156060218811,0.21286268532276154
DS3-established,G19,348,369.5,369.0,370.0,369.5,0.2602388560771942,0.17602722346782684
DS3-established,G19,349,370.0,369.5,370.5,370.0,0.31482943892478943,0.2301861196756363
DS3-established,G19,350,370.5,370.0,371.0,370.5,0.3472919762134552,0.24513427913188934
DS3-established,G19,351,371.0,370.5,371.5,371.0,0.3722277879714966,0.2619485557079315
DS3-established,G19,352,371.5,371.0,372.0,371.5,0.36526209115982056,0.2644452154636383
DS3-established,G19,353,372.0,371.5,372.5,372.0,0.2860218584537506,0.20563995838165283
DS3-established,G19,354,372.5,372.0,373.0,372.5,0.274394690990448,0.21384777128696442
DS3-established,G19,355,373.0,372.5,373.5,373.0,0.28793299198150635,0.21170568466186523
DS3-established,G19,356,373.5,373.0,374.0,373.5,0.3396124243736267,0.2568000257015228
DS3-established,G19,357,374.0,373.5,374.5,374.0,0.4105174243450165,0.3365829885005951
DS3-established,G19,358,374.5,374.0,375.0,374.5,0.32559773325920105,0.26152023673057556
DS3-established,G19,359,375.0,374.5,375.5,375.0,0.3038792908191681,0.23896166682243347
DS3-established,G19,360,375.5,375.0,376.0,375.5,0.25499585270881653,0.20213304460048676
DS3-established,G19,361,376.0,375.5,376.5,376.0,0.252381294965744,0.1895124763250351
DS3-established,G19,362,376.5,376.0,377.0,376.5,0.24209719896316528,0.1719466596841812
DS3-established,G19,363,377.0,376.5,377.5,377.0,0.32723647356033325,0.22420525550842285
DS3-established,G19,364,377.5,377.0,378.0,377.5,0.2779223620891571,0.20813319087028503
DS3-established,G19,365,378.0,377.5,378.5,378.0,0.2875734865665436,0.21972639858722687
DS3-established,G19,366,378.5,378.0,379.0,378.5,0.30852246284484863,0.23655939102172852
DS3-established,G19,367,379.0,378.5,379.5,379.0,0.3487679958343506,0.26702240109443665
DS3-established,G19,368,379.5,379.0,380.0,379.5,0.338960200548172,0.2594475746154785
DS3-established,G19,369,380.0,379.5,380.5,380.0,0.30207395553588867,0.23167644441127777
DS3-established,G19,370,380.5,380.0,381.0,380.5,0.3255111277103424,0.23951080441474915
DS3-established,G19,371,381.0,380.5,381.5,381.0,0.3010554611682892,0.21903736889362335
DS3-established,G19,372,381.5,381.0,382.0,381.5,0.26950982213020325,0.1915632039308548
DS3-established,G19,373,382.0,381.5,382.5,382.0,0.27967292070388794,0.21092979609966278
DS3-established,G19,374,382.5,382.0,383.0,382.5,0.21356822550296783,0.17633433640003204
DS3-established,G19,375,383.0,382.5,383.5,383.0,0.2507275640964508,0.17388664186000824
DS3-established,G19,376,383.5,383.0,384.0,383.5,0.29317283630371094,0.2104548066854477
DS3-established,G19,377,384.0,383.5,384.5,384.0,0.25476935505867004,0.1805482804775238
DS3-established,G19,378,384.5,384.0,385.0,384.5,0.29047220945358276,0.21188315749168396
DS3-established,G19,379,385.0,384.5,385.5,385.0,0.2907663881778717,0.219639852643013
DS3-established,G19,380,385.5,385.0,386.0,385.5,0.28339579701423645,0.21238237619400024
DS3-established,G19,381,386.0,385.5,386.5,386.0,0.28704631328582764,0.21360012888908386
DS3-established,G19,382,386.5,386.0,387.0,386.5,0.29433387517929077,0.21487420797348022
DS3-established,G19,383,387.0,386.5,387.5,387.0,0.34755563735961914,0.2484716922044754
DS3-established,G19,384,387.5,387.0,388.0,387.5,0.32552585005760193,0.24982775747776031
DS3-established,G19,385,388.0,387.5,388.5,388.0,0.330438494682312,0.26116329431533813
DS3-established,G19,386,388.5,388.0,389.0,388.5,0.24242839217185974,0.17986515164375305
DS3-established,G19,387,389.0,388.5,389.5,389.0,0.20048685371875763,0.15659406781196594
DS3-established,G19,388,389.5,389.0,390.0,389.5,0.2983827590942383,0.2045280784368515
DS3-established,G19,389,390.0,389.5,390.5,390.0,0.3078243136405945,0.2489301860332489
DS3-established,G19,390,390.5,390.0,391.0,390.5,0.3164269030094147,0.22800101339817047
DS3-established,G19,391,391.0,390.5,391.5,391.0,0.35010799765586853,0.25807151198387146
DS3-established,G19,392,391.5,391.0,392.0,391.5,0.32891616225242615,0.2232753485441208
DS3-established,G19,393,392.0,391.5,392.5,392.0,0.3352747857570648,0.24170729517936707
DS3-established,G19,394,392.5,392.0,393.0,392.5,0.3141404092311859,0.2357507348060608
DS3-established,G19,395,393.0,392.5,393.5,393.0,0.309942364692688,0.21695934236049652
DS3-established,G19,396,393.5,393.0,394.0,393.5,0.2855185568332672,0.2059117704629898
DS3-established,G19,397,394.0,393.5,394.5,394.0,0.2861168086528778,0.20979496836662292
DS3-established,G19,398,394.5,394.0,395.0,394.5,0.31884780526161194,0.21878142654895782
DS3-established,G19,399,395.0,394.5,395.5,395.0,0.2854967713356018,0.2156323939561844
DS3-established,G19,400,395.5,395.0,396.0,395.5,0.262613445520401,0.177132710814476
DS3-established,G19,401,396.0,395.5,396.5,396.0,0.2612631320953369,0.18756935000419617
DS3-established,G19,402,396.5,396.0,397.0,396.5,0.33822351694107056,0.24848143756389618
DS3-established,G19,403,397.0,396.5,397.5,397.0,0.2759248614311218,0.19552741944789886
DS3-established,G19,404,397.5,397.0,398.0,397.5,0.23703113198280334,0.16855210065841675
DS3-established,G19,405,398.0,397.5,398.5,398.0,0.30904218554496765,0.21426820755004883
DS3-established,G19,406,398.5,398.0,399.0,398.5,0.3122464418411255,0.2395906001329422
DS3-established,G19,407,399.0,398.5,399.5,399.0,0.2991010248661041,0.22745108604431152
DS3-established,G19,408,399.5,399.0,400.0,399.5,0.3073478043079376,0.21284814178943634
DS3-established,G19,409,400.0,399.5,400.5,400.0,0.3011094331741333,0.2442861944437027
DS3-established,G19,410,400.5,400.0,401.0,400.5,0.369263231754303,0.3016777038574219
DS3-established,G19,411,401.0,400.5,401.5,401.0,0.29686060547828674,0.22988338768482208
DS3-established,G19,412,401.5,401.0,402.0,401.5,0.25908344984054565,0.2011021375656128
DS3-established,G19,413,402.0,401.5,402.5,402.0,0.31548649072647095,0.23647530376911163
DS3-established,G19,414,402.5,402.0,403.0,402.5,0.2954205572605133,0.1934814453125
DS3-established,G19,415,403.0,402.5,403.5,403.0,0.26048025488853455,0.19585281610488892
DS3-established,G19,416,403.5,403.0,404.0,403.5,0.2590239644050598,0.19386379420757294
DS3-established,G19,417,404.0,403.5,404.5,404.0,0.32139405608177185,0.2531542181968689
DS3-established,G19,418,404.5,404.0,405.0,404.5,0.30206093192100525,0.23169977962970734
DS3-established,G19,419,405.0,404.5,405.5,405.0,0.3114100396633148,0.21611274778842926
DS3-established,G19,420,405.5,405.0,406.0,405.5,0.32190462946891785,0.2219959944486618
DS3-established,G19,421,406.0,405.5,406.5,406.0,0.29342299699783325,0.213590607047081
DS3-established,G19,422,406.5,406.0,407.0,406.5,0.313669890165329,0.22840182483196259
DS3-established,G19,423,407.0,406.5,407.5,407.0,0.25436556339263916,0.18113836646080017
DS3-established,G19,424,407.5,407.0,408.0,407.5,0.24039322137832642,0.16249246895313263
DS3-established,G19,425,408.0,407.5,408.5,408.0,0.30704763531684875,0.2393815815448761
DS3-established,G19,426,408.5,408.0,409.0,408.5,0.2361762821674347,0.176148921251297
DS3-established,G19,427,409.0,408.5,409.5,409.0,0.22619925439357758,0.1523524671792984
DS3-established,G19,428,409.5,409.0,410.0,409.5,0.3200543522834778,0.261364609003067
DS3-established,G19,429,410.0,409.5,410.5,410.0,0.36953315138816833,0.27396202087402344
DS3-established,G19,430,410.5,410.0,411.0,410.5,0.3296302855014801,0.23907330632209778
DS3-established,G19,431,411.0,410.5,411.5,411.0,0.30740705132484436,0.23066891729831696
DS3-established,G19,432,411.5,411.0,412.0,411.5,0.32536524534225464,0.23636014759540558
DS3-established,G19,433,412.0,411.5,412.5,412.0,0.3264823853969574,0.24186642467975616
DS3-established,G19,434,412.5,412.0,413.0,412.5,0.3065229654312134,0.23057225346565247
DS3-established,G19,435,413.0,412.5,413.5,413.0,0.29605287313461304,0.2140398621559143
DS3-established,G19,436,413.5,413.0,414.0,413.5,0.2779678702354431,0.2187858372926712
DS3-established,G19,437,414.0,413.5,414.5,414.0,0.27840206027030945,0.2125522792339325
DS3-established,G19,438,414.5,414.0,415.0,414.5,0.31885826587677,0.21222594380378723
DS3-established,G19,439,415.0,414.5,415.5,415.0,0.26204997301101685,0.1983785629272461
DS3-established,G19,440,415.5,415.0,416.0,415.5,0.28384822607040405,0.21336163580417633
DS3-established,G19,441,416.0,415.5,416.5,416.0,0.3181268870830536,0.2440166473388672
DS3-established,G19,442,416.5,416.0,417.0,416.5,0.312499463558197,0.23501722514629364
DS3-established,G19,443,417.0,416.5,417.5,417.0,0.3029934763908386,0.20721979439258575
DS3-established,G19,444,417.5,417.0,418.0,417.5,0.297549843788147,0.21887432038784027
DS3-established,G19,445,418.0,417.5,418.5,418.0,0.280029296875,0.21024560928344727
DS3-established,G19,446,418.5,418.0,419.0,418.5,0.29481571912765503,0.21312864124774933
DS3-established,G19,447,419.0,418.5,419.5,419.0,0.31728169322013855,0.2448747456073761
DS3-established,G19,448,419.5,419.0,420.0,419.5,0.2722776532173157,0.20610520243644714
DS3-established,G19,449,420.0,419.5,420.5,420.0,0.3104889988899231,0.24045975506305695
DS3-established,G19,450,420.5,420.0,421.0,420.5,0.3534305691719055,0.25900977849960327
DS3-established,G19,451,421.0,420.5,421.5,421.0,0.3648935556411743,0.26912784576416016
DS3-established,G19,452,421.5,421.0,422.0,421.5,0.31441035866737366,0.24188466370105743
DS3-established,G19,453,422.0,421.5,422.5,422.0,0.2673409879207611,0.2160354107618332
DS3-established,G19,454,422.5,422.0,423.0,422.5,0.2825784683227539,0.21155574917793274
DS3-established,G19,455,423.0,422.5,423.5,423.0,0.3195693790912628,0.233221635222435
DS3-established,G19,456,423.5,423.0,424.0,423.5,0.3188744783401489,0.23984980583190918
DS3-established,G19,457,424.0,423.5,424.5,424.0,0.3113555312156677,0.23074504733085632
DS3-established,G19,458,424.5,424.0,425.0,424.5,0.35101500153541565,0.26237908005714417
DS3-established,G19,459,425.0,424.5,425.5,425.0,0.29308661818504333,0.2095474749803543
DS3-established,G19,460,425.5,425.0,426.0,425.5,0.32613101601600647,0.23100784420967102
DS3-established,G19,461,426.0,425.5,426.5,426.0,0.3386750817298889,0.233413964509964
DS3-established,G19,462,426.5,426.0,427.0,426.5,0.30063268542289734,0.24374480545520782
DS3-established,G19,463,427.0,426.5,427.5,427.0,0.25352492928504944,0.18896688520908356
DS3-established,G19,464,427.5,427.0,428.0,427.5,0.26160216331481934,0.21081097424030304
DS3-established,G19,465,428.0,427.5,428.5,428.0,0.29372674226760864,0.21766094863414764
DS3-established,G19,466,428.5,428.0,429.0,428.5,0.28360715508461,0.2153458297252655
DS3-established,G19,467,429.0,428.5,429.5,429.0,0.2395729422569275,0.17516708374023438
DS3-established,G19,468,429.5,429.0,430.0,429.5,0.2461242973804474,0.169819176197052
DS3-established,G19,469,430.0,429.5,430.5,430.0,0.30063071846961975,0.22372646629810333
DS3-established,G19,470,430.5,430.0,431.0,430.5,0.32370755076408386,0.23355378210544586
DS3-established,G19,471,431.0,430.5,431.5,431.0,0.3015535771846771,0.2228265404701233
DS3-established,G19,472,431.5,431.0,432.0,431.5,0.3250771164894104,0.2576717436313629
DS3-established,G19,473,432.0,431.5,432.5,432.0,0.25769010186195374,0.19036823511123657
DS3-established,G19,474,432.5,432.0,433.0,432.5,0.23969490826129913,0.19017073512077332
DS3-established,G19,475,433.0,432.5,433.5,433.0,0.27287545800209045,0.1967504620552063
DS3-established,G19,476,433.5,433.0,434.0,433.5,0.2376525104045868,0.17039445042610168
DS3-established,G19,477,434.0,433.5,434.5,434.0,0.29608118534088135,0.20241281390190125
DS3-established,G19,478,434.5,434.0,435.0,434.5,0.35417410731315613,0.26057302951812744
DS3-established,G19,479,435.0,434.5,435.5,435.0,0.29657843708992004,0.22362381219863892
DS3-established,G19,480,435.5,435.0,436.0,435.5,0.2117130011320114,0.16421304643154144
DS3-established,G19,481,436.0,435.5,436.5,436.0,0.2674176096916199,0.20973166823387146
DS3-established,G19,482,436.5,436.0,437.0,436.5,0.31154710054397583,0.22824756801128387
DS3-established,G19,483,437.0,436.5,437.5,437.0,0.23325733840465546,0.1909317523241043
DS3-established,G19,484,437.5,437.0,438.0,437.5,0.27743542194366455,0.20662608742713928
DS3-established,G19,485,438.0,437.5,438.5,438.0,0.3260551393032074,0.2284972369670868
DS3-established,G19,486,438.5,438.0,439.0,438.5,0.3233942985534668,0.22714993357658386
DS3-established,G19,487,439.0,438.5,439.5,439.0,0.34970569610595703,0.27686822414398193
DS3-established,G19,488,439.5,439.0,440.0,439.5,0.2989390194416046,0.21061792969703674
DS3-established,G19,489,440.0,439.5,440.5,440.0,0.29974085092544556,0.22122356295585632
DS3-established,G19,490,440.5,440.0,441.0,440.5,0.3169918358325958,0.24065075814723969
DS3-established,G19,491,441.0,440.5,441.5,441.0,0.30939626693725586,0.22171331942081451
DS3-established,G19,492,441.5,441.0,442.0,441.5,0.2628287076950073,0.20309598743915558
DS3-established,G19,493,442.0,441.5,442.5,442.0,0.2981100082397461,0.2270335704088211
DS3-established,G19,494,442.5,442.0,443.0,442.5,0.35602426528930664,0.27600786089897156
DS3-established,G19,495,443.0,442.5,443.5,443.0,0.2743990421295166,0.2056242972612381
DS3-established,G19,496,443.5,443.0,444.0,443.5,0.27696332335472107,0.2042248547077179
DS3-established,G19,497,444.0,443.5,444.5,444.0,0.2994033992290497,0.22933533787727356
DS3-established,G19,498,444.5,444.0,445.0,444.5,0.29896068572998047,0.22660282254219055
DS3-established,G19,499,445.0,444.5,445.5,445.0,0.28397494554519653,0.21535523235797882
DS3-established,G19,500,445.5,445.0,446.0,445.5,0.27514079213142395,0.18940840661525726
DS3-established,G19,501,446.0,445.5,446.5,446.0,0.2940311133861542,0.21595756709575653
DS3-established,G19,502,446.5,446.0,447.0,446.5,0.29010990262031555,0.20957918465137482
DS3-established,G19,503,447.0,446.5,447.5,447.0,0.3138347268104553,0.23510858416557312
DS3-established,G19,504,447.5,447.0,448.0,447.5,0.3083159625530243,0.21045269072055817
DS3-established,G19,505,448.0,447.5,448.5,448.0,0.2928417921066284,0.1984563171863556
DS3-established,G19,506,448.5,448.0,449.0,448.5,0.30652615427970886,0.22229327261447906
DS3-established,G19,507,449.0,448.5,449.5,449.0,0.26437899470329285,0.21632015705108643
DS3-established,G19,508,449.5,449.0,450.0,449.5,0.22134685516357422,0.1612476408481598
DS3-established,G19,509,450.0,449.5,450.5,450.0,0.32338544726371765,0.23956261575222015
DS3-established,G19,510,450.5,450.0,451.0,450.5,0.300354540348053,0.2050791233778
DS3-established,G19,511,451.0,450.5,451.5,451.0,0.28444424271583557,0.1975143402814865
DS3-established,G19,512,451.5,451.0,452.0,451.5,0.3517535328865051,0.26546984910964966
DS3-established,G19,513,452.0,451.5,452.5,452.0,0.3163808286190033,0.24352853000164032
DS3-established,G19,514,452.5,452.0,453.0,452.5,0.32825732231140137,0.2298748791217804
DS3-established,G19,515,453.0,452.5,453.5,453.0,0.3169891834259033,0.25729629397392273
DS3-established,G19,516,453.5,453.0,454.0,453.5,0.24914051592350006,0.18822284042835236
DS3-established,G19,517,454.0,453.5,454.5,454.0,0.2882165014743805,0.2054005116224289
DS3-established,G19,518,454.5,454.0,455.0,454.5,0.29331687092781067,0.2108755260705948
DS3-established,G19,519,455.0,454.5,455.5,455.0,0.2608381509780884,0.17616958916187286
DS3-established,G19,520,455.5,455.0,456.0,455.5,0.245564267039299,0.17381052672863007
DS3-established,G19,521,456.0,455.5,456.5,456.0,0.23195549845695496,0.17021618783473969
DS3-established,G19,522,456.5,456.0,457.0,456.5,0.2612815201282501,0.19118571281433105
DS3-established,G19,523,457.0,456.5,457.5,457.0,0.2509739100933075,0.17826031148433685
DS3-established,G19,524,457.5,457.0,458.0,457.5,0.20604164898395538,0.14216449856758118
DS3-established,G20,12,201.5,201.0,202.0,201.5,3.819577693939209,3.4081361293792725
DS3-established,G20,13,202.0,201.5,202.5,202.0,3.7794551849365234,3.3326661586761475
DS3-established,G20,14,202.5,202.0,203.0,202.5,2.919250011444092,2.4506218433380127
DS3-established,G20,15,203.0,202.5,203.5,203.0,3.044078826904297,2.701538562774658
DS3-established,G20,16,203.5,203.0,204.0,203.5,3.6287786960601807,3.3277268409729004
DS3-established,G20,17,204.0,203.5,204.5,204.0,3.8654592037200928,3.3899755477905273
DS3-established,G20,18,204.5,204.0,205.0,204.5,3.6407253742218018,3.1447622776031494
DS3-established,G20,19,205.0,204.5,205.5,205.0,3.412703275680542,3.0284242630004883
DS3-established,G20,20,205.5,205.0,206.0,205.5,3.5475945472717285,3.03204083442688
DS3-established,G20,21,206.0,205.5,206.5,206.0,3.53200626373291,2.9719018936157227
DS3-established,G20,22,206.5,206.0,207.0,206.5,3.6312155723571777,3.2135260105133057
DS3-established,G20,23,207.0,206.5,207.5,207.0,2.958756923675537,2.548560380935669
DS3-established,G20,24,207.5,207.0,208.0,207.5,2.8244900703430176,2.3413374423980713
DS3-established,G20,25,208.0,207.5,208.5,208.0,3.0234427452087402,2.661940813064575
DS3-established,G20,26,208.5,208.0,209.0,208.5,3.1829986572265625,2.937523126602173
DS3-established,G20,27,209.0,208.5,209.5,209.0,3.475214719772339,3.24066162109375
DS3-established,G20,28,209.5,209.0,210.0,209.5,3.258000135421753,3.0384182929992676
DS3-established,G20,29,210.0,209.5,210.5,210.0,2.3922500610351562,2.189575672149658
DS3-established,G20,30,210.5,210.0,211.0,210.5,1.538662314414978,1.3547735214233398
DS3-established,G20,31,211.0,210.5,211.5,211.0,2.3952786922454834,2.1240599155426025
DS3-established,G20,32,211.5,211.0,212.0,211.5,3.2069835662841797,2.9572486877441406
DS3-established,G20,33,212.0,211.5,212.5,212.0,2.948071002960205,2.6753132343292236
DS3-established,G20,34,212.5,212.0,213.0,212.5,2.3159384727478027,2.037717580795288
DS3-established,G20,35,213.0,212.5,213.5,213.0,1.5696029663085938,1.3545403480529785
DS3-established,G20,36,213.5,213.0,214.0,213.5,1.1852575540542603,1.0147618055343628
DS3-established,G20,37,214.0,213.5,214.5,214.0,1.0134989023208618,0.8831755518913269
DS3-established,G20,38,214.5,214.0,215.0,214.5,1.2058504819869995,1.04105544090271
DS3-established,G20,39,215.0,214.5,215.5,215.0,1.190109372138977,0.9240949749946594
DS3-established,G20,40,215.5,215.0,216.0,215.5,1.0065253973007202,0.8189430236816406
DS3-established,G20,41,216.0,215.5,216.5,216.0,1.1139589548110962,0.8782294392585754
DS3-established,G20,42,216.5,216.0,217.0,216.5,1.1099244356155396,0.9015852808952332
DS3-established,G20,43,217.0,216.5,217.5,217.0,1.0261647701263428,0.8505735397338867
DS3-established,G20,44,217.5,217.0,218.0,217.5,1.1247764825820923,0.9205914735794067
DS3-established,G20,45,218.0,217.5,218.5,218.0,0.7734507918357849,0.6584518551826477
DS3-established,G20,46,218.5,218.0,219.0,218.5,0.9416484832763672,0.7987387776374817
DS3-established,G20,47,219.0,218.5,219.5,219.0,1.2253538370132446,1.1093144416809082
DS3-established,G20,48,219.5,219.0,220.0,219.5,1.2945919036865234,1.1585428714752197
DS3-established,G20,49,220.0,219.5,220.5,220.0,1.2931368350982666,1.1480461359024048
DS3-established,G20,50,220.5,220.0,221.0,220.5,1.2261031866073608,1.1216063499450684
DS3-established,G20,51,221.0,220.5,221.5,221.0,1.1330000162124634,1.0410970449447632
DS3-established,G20,52,221.5,221.0,222.0,221.5,1.073986291885376,0.9870772957801819
DS3-established,G20,53,222.0,221.5,222.5,222.0,1.22287118434906,1.023297905921936
DS3-established,G20,54,222.5,222.0,223.0,222.5,1.501129150390625,1.2863848209381104
DS3-established,G20,55,223.0,222.5,223.5,223.0,1.3730525970458984,1.103259801864624
DS3-established,G20,56,223.5,223.0,224.0,223.5,1.0197588205337524,0.7837191820144653
DS3-established,G20,57,224.0,223.5,224.5,224.0,0.9742845892906189,0.7496931552886963
DS3-established,G20,58,224.5,224.0,225.0,224.5,0.8688293695449829,0.679851233959198
DS3-established,G20,59,225.0,224.5,225.5,225.0,1.075037956237793,0.8423969149589539
DS3-established,G20,60,225.5,225.0,226.0,225.5,1.478453278541565,1.1063976287841797
DS3-established,G20,61,226.0,225.5,226.5,226.0,1.3989014625549316,1.1279274225234985
DS3-established,G20,62,226.5,226.0,227.0,226.5,1.1586781740188599,0.8953170776367188
DS3-established,G20,63,227.0,226.5,227.5,227.0,0.8438974618911743,0.6462442874908447
DS3-established,G20,64,227.5,227.0,228.0,227.5,1.246091604232788,1.0243107080459595
DS3-established,G20,65,228.0,227.5,228.5,228.0,1.2859292030334473,1.0746926069259644
DS3-established,G20,66,228.5,228.0,229.0,228.5,0.8599183559417725,0.7344596982002258
DS3-established,G20,67,229.0,228.5,229.5,229.0,0.919072687625885,0.7950031757354736
DS3-established,G20,68,229.5,229.0,230.0,229.5,0.6379522681236267,0.5532455444335938
DS3-established,G20,69,230.0,229.5,230.5,230.0,0.6257391571998596,0.5015628933906555
DS3-established,G20,70,230.5,230.0,231.0,230.5,0.4903162717819214,0.429458349943161
DS3-established,G20,71,231.0,230.5,231.5,231.0,0.47929248213768005,0.39295369386672974
DS3-established,G20,72,231.5,231.0,232.0,231.5,0.43790167570114136,0.3370160162448883
DS3-established,G20,73,232.0,231.5,232.5,232.0,0.4660916030406952,0.39290258288383484
DS3-established,G20,74,232.5,232.0,233.0,232.5,0.5217931270599365,0.4345642924308777
DS3-established,G20,75,233.0,232.5,233.5,233.0,0.21106070280075073,0.15419957041740417
DS3-established,G20,76,233.5,233.0,234.0,233.5,0.14266330003738403,0.11391030251979828
DS3-established,G20,77,234.0,233.5,234.5,234.0,0.3071304261684418,0.240981787443161
DS3-established,G20,78,234.5,234.0,235.0,234.5,0.14627791941165924,0.1295289546251297
DS3-established,G20,79,235.0,234.5,235.5,235.0,0.17675219476222992,0.14106370508670807
DS3-established,G20,80,235.5,235.0,236.0,235.5,0.19677390158176422,0.16443639993667603
DS3-established,G20,81,236.0,235.5,236.5,236.0,0.3681422472000122,0.3339966833591461
DS3-established,G20,82,236.5,236.0,237.0,236.5,0.22461147606372833,0.17309169471263885
DS3-established,G20,83,237.0,236.5,237.5,237.0,0.4022144675254822,0.3487214148044586
DS3-established,G20,84,237.5,237.0,238.0,237.5,0.3688216805458069,0.3024834990501404
DS3-established,G20,85,238.0,237.5,238.5,238.0,0.23207837343215942,0.18019457161426544
DS3-established,G20,86,238.5,238.0,239.0,238.5,0.19099879264831543,0.15510272979736328
DS3-established,G20,87,239.0,238.5,239.5,239.0,0.24186620116233826,0.20218583941459656
DS3-established,G20,88,239.5,239.0,240.0,239.5,0.4356461763381958,0.3462764322757721
DS3-established,G20,89,240.0,239.5,240.5,240.0,0.34881195425987244,0.2951580584049225
DS3-established,G20,90,240.5,240.0,241.0,240.5,0.16958165168762207,0.14590011537075043
DS3-established,G20,91,241.0,240.5,241.5,241.0,0.16805385053157806,0.1324351280927658
DS3-established,G20,92,241.5,241.0,242.0,241.5,0.1936705857515335,0.15846706926822662
DS3-established,G20,93,242.0,241.5,242.5,242.0,0.17264871299266815,0.15132884681224823
DS3-established,G20,94,242.5,242.0,243.0,242.5,0.19231000542640686,0.16151566803455353
DS3-established,G20,95,243.0,242.5,243.5,243.0,0.2719806432723999,0.21851570904254913
DS3-established,G20,96,243.5,243.0,244.0,243.5,0.21718280017375946,0.16792921721935272
DS3-established,G20,97,244.0,243.5,244.5,244.0,0.2959572970867157,0.25520336627960205
DS3-established,G20,98,244.5,244.0,245.0,244.5,0.3864579200744629,0.3431820273399353
DS3-established,G20,99,245.0,244.5,245.5,245.0,0.34028640389442444,0.2910614311695099
DS3-established,G20,100,245.5,245.0,246.0,245.5,0.29228678345680237,0.24120767414569855
DS3-established,G20,101,246.0,245.5,246.5,246.0,0.20661474764347076,0.1536705195903778
DS3-established,G20,102,246.5,246.0,247.0,246.5,0.221294105052948,0.142967090010643
DS3-established,G20,103,247.0,246.5,247.5,247.0,0.15480075776576996,0.12411418557167053
DS3-established,G20,104,247.5,247.0,248.0,247.5,0.20162157714366913,0.16626755893230438
DS3-established,G20,105,248.0,247.5,248.5,248.0,0.06878314912319183,0.047546301037073135
DS3-established,G20,106,248.5,248.0,249.0,248.5,0.1691361516714096,0.14768587052822113
DS3-established,G20,107,249.0,248.5,249.5,249.0,0.20519493520259857,0.1674652248620987
DS3-established,G20,108,249.5,249.0,250.0,249.5,0.26353418827056885,0.23102831840515137
DS3-established,G20,109,250.0,249.5,250.5,250.0,0.19149291515350342,0.1555878072977066
DS3-established,G20,110,250.5,250.0,251.0,250.5,0.3086721897125244,0.26792603731155396
DS3-established,G20,111,251.0,250.5,251.5,251.0,0.32679328322410583,0.30385658144950867
DS3-established,G20,112,251.5,251.0,252.0,251.5,0.40261781215667725,0.369942307472229
DS3-established,G20,113,252.0,251.5,252.5,252.0,0.08890702575445175,0.0675644725561142
DS3-established,G20,114,252.5,252.0,253.0,252.5,0.19136515259742737,0.15317556262016296
DS3-established,G20,115,253.0,252.5,253.5,253.0,0.12411822378635406,0.11184363812208176
DS3-established,G20,116,253.5,253.0,254.0,253.5,0.21800337731838226,0.17053790390491486
DS3-established,G20,117,254.0,253.5,254.5,254.0,0.2807561457157135,0.21545381844043732
DS3-established,G20,118,254.5,254.0,255.0,254.5,0.17832864820957184,0.12256749719381332
DS3-established,G20,119,255.0,254.5,255.5,255.0,0.2577352523803711,0.19033214449882507
DS3-established,G20,120,255.5,255.0,256.0,255.5,0.35146456956863403,0.3068596124649048
DS3-established,G20,121,256.0,255.5,256.5,256.0,0.2797720730304718,0.22501227259635925
DS3-established,G20,122,256.5,256.0,257.0,256.5,0.23554134368896484,0.18476136028766632
DS3-established,G20,123,257.0,256.5,257.5,257.0,0.3077000379562378,0.2319456785917282
DS3-established,G20,124,257.5,257.0,258.0,257.5,0.1751023679971695,0.15217609703540802
DS3-established,G20,125,258.0,257.5,258.5,258.0,0.20342086255550385,0.1581970900297165
DS3-established,G20,126,258.5,258.0,259.0,258.5,0.13042539358139038,0.08210212737321854
DS3-established,G20,127,259.0,258.5,259.5,259.0,0.2080225646495819,0.15653248131275177
DS3-established,G20,128,259.5,259.0,260.0,259.5,0.11730815470218658,0.07627633213996887
DS3-established,G20,129,260.0,259.5,260.5,260.0,0.20690752565860748,0.1551724076271057
DS3-established,G20,130,260.5,260.0,261.0,260.5,0.30087071657180786,0.2680867314338684
DS3-established,G20,131,261.0,260.5,261.5,261.0,0.09968464821577072,0.08585409075021744
DS3-established,G20,132,261.5,261.0,262.0,261.5,0.2590186595916748,0.21415668725967407
DS3-established,G20,133,262.0,261.5,262.5,262.0,0.2683190703392029,0.2290223240852356
DS3-established,G20,134,262.5,262.0,263.0,262.5,0.334662526845932,0.3093533515930176
DS3-established,G20,135,263.0,262.5,263.5,263.0,0.1258106827735901,0.10084974765777588
DS3-established,G20,136,263.5,263.0,264.0,263.5,0.3019274175167084,0.22718630731105804
DS3-established,G20,137,264.0,263.5,264.5,264.0,0.25151196122169495,0.23044419288635254
DS3-established,G20,138,264.5,264.0,265.0,264.5,0.27910012006759644,0.22864733636379242
DS3-established,G20,139,265.0,264.5,265.5,265.0,0.18165433406829834,0.15688468515872955
DS3-established,G20,140,265.5,265.0,266.0,265.5,0.1355120688676834,0.08477256447076797
DS3-established,G20,141,266.0,265.5,266.5,266.0,0.1436653435230255,0.11168202012777328
DS3-established,G20,142,266.5,266.0,267.0,266.5,0.13596059381961823,0.10546011477708817
DS3-established,G20,143,267.0,266.5,267.5,267.0,0.1882311999797821,0.15199773013591766
DS3-established,G20,144,267.5,267.0,268.0,267.5,0.25922006368637085,0.19852609932422638
DS3-established,G20,145,268.0,267.5,268.5,268.0,0.20048314332962036,0.1661204844713211
DS3-established,G20,146,268.5,268.0,269.0,268.5,0.0947980135679245,0.08320432901382446
DS3-established,G20,147,269.0,268.5,269.5,269.0,0.2525630295276642,0.1985306292772293
DS3-established,G20,148,269.5,269.0,270.0,269.5,0.3098093867301941,0.27484920620918274
DS3-established,G20,149,270.0,269.5,270.5,270.0,0.1852601021528244,0.14285831153392792
DS3-established,G20,150,270.5,270.0,271.0,270.5,0.23644310235977173,0.14994052052497864
DS3-established,G20,151,271.0,270.5,271.5,271.0,0.33619824051856995,0.3120872676372528
DS3-established,G20,152,271.5,271.0,272.0,271.5,0.18867835402488708,0.16483350098133087
DS3-established,G20,153,272.0,271.5,272.5,272.0,0.13210582733154297,0.09876181185245514
DS3-established,G20,154,272.5,272.0,273.0,272.5,0.14935865998268127,0.12608470022678375
DS3-established,G20,155,273.0,272.5,273.5,273.0,0.19755001366138458,0.15366029739379883
DS3-established,G20,156,273.5,273.0,274.0,273.5,0.14149731397628784,0.11880474537611008
DS3-established,G20,157,274.0,273.5,274.5,274.0,0.266644686460495,0.21983064711093903
DS3-established,G20,158,274.5,274.0,275.0,274.5,0.1639648675918579,0.12908466160297394
DS3-established,G20,159,275.0,274.5,275.5,275.0,0.19944827258586884,0.1675599366426468
DS3-established,G20,160,275.5,275.0,276.0,275.5,0.08179955929517746,0.06186380609869957
DS3-established,G20,161,276.0,275.5,276.5,276.0,0.1890343874692917,0.16418173909187317
DS3-established,G20,162,276.5,276.0,277.0,276.5,0.16319943964481354,0.14666584134101868
DS3-established,G20,163,277.0,276.5,277.5,277.0,0.12901218235492706,0.10900842398405075
DS3-established,G20,164,277.5,277.0,278.0,277.5,0.1781819760799408,0.15830717980861664
DS3-established,G20,165,278.0,277.5,278.5,278.0,0.13327842950820923,0.09609613567590714
DS3-established,G20,166,278.5,278.0,279.0,278.5,0.15044225752353668,0.10021534562110901
DS3-established,G20,167,279.0,278.5,279.5,279.0,0.2540113031864166,0.21174056828022003
DS3-established,G20,168,279.5,279.0,280.0,279.5,0.12327602505683899,0.0944867804646492
DS3-established,G20,169,280.0,279.5,280.5,280.0,0.2926691770553589,0.23239199817180634
DS3-established,G20,170,280.5,280.0,281.0,280.5,0.13971829414367676,0.10320712625980377
DS3-established,G20,171,281.0,280.5,281.5,281.0,0.25682008266448975,0.1679581254720688
DS3-established,G20,172,281.5,281.0,282.0,281.5,0.13564248383045197,0.1085779145359993
DS3-established,G20,173,282.0,281.5,282.5,282.0,0.1190405935049057,0.09529002755880356
DS3-established,G20,174,282.5,282.0,283.0,282.5,0.1623409241437912,0.13294827938079834
DS3-established,G20,175,283.0,282.5,283.5,283.0,0.21624210476875305,0.16832223534584045
DS3-established,G20,176,283.5,283.0,284.0,283.5,0.352777898311615,0.2824294865131378
DS3-established,G20,177,284.0,283.5,284.5,284.0,0.4183121919631958,0.2922213077545166
DS3-established,G20,178,284.5,284.0,285.0,284.5,0.2542021572589874,0.22683477401733398
DS3-established,G20,179,285.0,284.5,285.5,285.0,0.3755027949810028,0.3322306275367737
DS3-established,G20,180,285.5,285.0,286.0,285.5,0.3242185115814209,0.24203531444072723
DS3-established,G20,181,286.0,285.5,286.5,286.0,0.26823464035987854,0.21630552411079407
DS3-established,G20,182,286.5,286.0,287.0,286.5,0.43067365884780884,0.33021077513694763
DS3-established,G20,183,287.0,286.5,287.5,287.0,0.26221176981925964,0.21957837045192719
DS3-established,G20,184,287.5,287.0,288.0,287.5,0.26653772592544556,0.20350167155265808
DS3-established,G20,185,288.0,287.5,288.5,288.0,0.250728577375412,0.1861588954925537
DS3-established,G20,186,288.5,288.0,289.0,288.5,0.2625523805618286,0.22941048443317413
DS3-established,G20,187,289.0,288.5,289.5,289.0,0.271487295627594,0.1971026211977005
DS3-established,G20,188,289.5,289.0,290.0,289.5,0.18093056976795197,0.1391688734292984
DS3-established,G20,189,290.0,289.5,290.5,290.0,0.1532239019870758,0.12030699849128723
DS3-established,G20,190,290.5,290.0,291.0,290.5,0.16829970479011536,0.1265086829662323
DS3-established,G20,191,291.0,290.5,291.5,291.0,0.051627833396196365,0.04843077436089516
DS3-established,G20,192,291.5,291.0,292.0,291.5,0.2197272628545761,0.17725926637649536
DS3-established,G20,193,292.0,291.5,292.5,292.0,0.15464484691619873,0.11346174776554108
DS3-established,G20,194,292.5,292.0,293.0,292.5,0.11565632373094559,0.08441084623336792
DS3-established,G20,195,293.0,292.5,293.5,293.0,0.1867467164993286,0.13473591208457947
DS3-established,G20,196,293.5,293.0,294.0,293.5,0.10524718463420868,0.08469091355800629
DS3-established,G20,197,294.0,293.5,294.5,294.0,0.2875288724899292,0.22725264728069305
DS3-established,G20,198,294.5,294.0,295.0,294.5,0.15099023282527924,0.1234356015920639
DS3-established,G20,199,295.0,294.5,295.5,295.0,0.20634062588214874,0.1698756217956543
DS3-established,G20,200,295.5,295.0,296.0,295.5,0.1428101807832718,0.10475107282400131
DS3-established,G20,201,296.0,295.5,296.5,296.0,0.27751195430755615,0.2320694923400879
DS3-established,G20,202,296.5,296.0,297.0,296.5,0.08751460909843445,0.06266427040100098
DS3-established,G20,203,297.0,296.5,297.5,297.0,0.1437363624572754,0.1216876283288002
DS3-established,G20,204,297.5,297.0,298.0,297.5,0.19385124742984772,0.1421712189912796
DS3-established,G20,205,298.0,297.5,298.5,298.0,0.3029713034629822,0.2378372699022293
DS3-established,G20,206,298.5,298.0,299.0,298.5,0.14736168086528778,0.1146911010146141
DS3-established,G20,207,299.0,298.5,299.5,299.0,0.17247432470321655,0.14536187052726746
DS3-established,G20,208,299.5,299.0,300.0,299.5,0.25537991523742676,0.22445160150527954
DS3-established,G20,209,300.0,299.5,300.5,300.0,0.14505380392074585,0.11465951055288315
DS3-established,G20,210,300.5,300.0,301.0,300.5,0.3038615882396698,0.24508288502693176
DS3-established,G20,211,301.0,300.5,301.5,301.0,0.2107117772102356,0.1670701801776886
DS3-established,G20,212,301.5,301.0,302.0,301.5,0.15888844430446625,0.12408242374658585
DS3-established,G20,213,302.0,301.5,302.5,302.0,0.2392084151506424,0.20685353875160217
DS3-established,G20,214,302.5,302.0,303.0,302.5,0.41930991411209106,0.2924858331680298
DS3-established,G20,215,303.0,302.5,303.5,303.0,0.11991660296916962,0.09948652982711792
DS3-established,G20,216,303.5,303.0,304.0,303.5,0.36535659432411194,0.2930006980895996
DS3-established,G20,217,304.0,303.5,304.5,304.0,0.22383302450180054,0.1726774126291275
DS3-established,G20,218,304.5,304.0,305.0,304.5,0.11684127897024155,0.09406603127717972
DS3-established,G20,219,305.0,304.5,305.5,305.0,0.3367316722869873,0.27054643630981445
DS3-established,G20,220,305.5,305.0,306.0,305.5,0.2841631770133972,0.23946189880371094
DS3-established,G20,221,306.0,305.5,306.5,306.0,0.17227987945079803,0.15508754551410675
DS3-established,G20,222,306.5,306.0,307.0,306.5,0.26805615425109863,0.152621790766716
DS3-established,G20,223,307.0,306.5,307.5,307.0,0.22996678948402405,0.1676933318376541
DS3-established,G20,224,307.5,307.0,308.0,307.5,0.21787923574447632,0.1828182488679886
DS3-established,G20,225,308.0,307.5,308.5,308.0,0.23836515843868256,0.18039965629577637
DS3-established,G20,226,308.5,308.0,309.0,308.5,0.17741994559764862,0.1256672888994217
DS3-established,G20,227,309.0,308.5,309.5,309.0,0.2806341350078583,0.24114666879177094
DS3-established,G20,228,309.5,309.0,310.0,309.5,0.14773865044116974,0.1110752522945404
DS3-established,G20,229,310.0,309.5,310.5,310.0,0.17278043925762177,0.10523853451013565
DS3-established,G20,230,310.5,310.0,311.0,310.5,0.27267223596572876,0.24119946360588074
DS3-established,G20,231,311.0,310.5,311.5,311.0,0.34725525975227356,0.2615523636341095
DS3-established,G20,232,311.5,311.0,312.0,311.5,0.18211710453033447,0.1601390838623047
DS3-established,G20,233,312.0,311.5,312.5,312.0,0.24880743026733398,0.20903068780899048
DS3-established,G20,234,312.5,312.0,313.0,312.5,0.24993066489696503,0.18479105830192566
DS3-established,G20,235,313.0,312.5,313.5,313.0,0.17209836840629578,0.15070600807666779
DS3-established,G20,236,313.5,313.0,314.0,313.5,0.2353670448064804,0.2007940113544464
DS3-established,G20,237,314.0,313.5,314.5,314.0,0.25703164935112,0.20309819281101227
DS3-established,G20,238,314.5,314.0,315.0,314.5,0.28531304001808167,0.22989371418952942
DS3-established,G20,239,315.0,314.5,315.5,315.0,0.2183697372674942,0.19177751243114471
DS3-established,G20,240,315.5,315.0,316.0,315.5,0.25767093896865845,0.18553680181503296
DS3-established,G20,241,316.0,315.5,316.5,316.0,0.28483134508132935,0.22547337412834167
DS3-established,G20,242,316.5,316.0,317.0,316.5,0.2850782871246338,0.22205288708209991
DS3-established,G20,243,317.0,316.5,317.5,317.0,0.15031591057777405,0.11086616665124893
DS3-established,G20,244,317.5,317.0,318.0,317.5,0.24058757722377777,0.17409725487232208
DS3-established,G20,245,318.0,317.5,318.5,318.0,0.3113575875759125,0.21887655556201935
DS3-established,G20,246,318.5,318.0,319.0,318.5,0.16456454992294312,0.12861230969429016
DS3-established,G20,247,319.0,318.5,319.5,319.0,0.200291246175766,0.1309928596019745
DS3-established,G20,248,319.5,319.0,320.0,319.5,0.1656782627105713,0.12095241993665695
DS3-established,G20,249,320.0,319.5,320.5,320.0,0.18547020852565765,0.14386168122291565
DS3-established,G20,250,320.5,320.0,321.0,320.5,0.1336512565612793,0.1006605252623558
DS3-established,G20,251,321.0,320.5,321.5,321.0,0.24985843896865845,0.22210808098316193
DS3-established,G20,252,321.5,321.0,322.0,321.5,0.2879471480846405,0.22070781886577606
DS3-established,G20,253,322.0,321.5,322.5,322.0,0.2021442949771881,0.14336207509040833
DS3-established,G20,254,322.5,322.0,323.0,322.5,0.21707206964492798,0.19287611544132233
DS3-established,G20,255,323.0,322.5,323.5,323.0,0.21411198377609253,0.17732244729995728
DS3-established,G20,256,323.5,323.0,324.0,323.5,0.1540176123380661,0.12839895486831665
DS3-established,G20,257,324.0,323.5,324.5,324.0,0.2329636812210083,0.21001669764518738
DS3-established,G20,258,324.5,324.0,325.0,324.5,0.2934936583042145,0.24096448719501495
DS3-established,G20,259,325.0,324.5,325.5,325.0,0.09982158243656158,0.0799284353852272
DS3-established,G20,260,325.5,325.0,326.0,325.5,0.1240561306476593,0.09470032900571823
DS3-established,G20,261,326.0,325.5,326.5,326.0,0.2173839807510376,0.15619128942489624
DS3-established,G20,262,326.5,326.0,327.0,326.5,0.16639205813407898,0.12227058410644531
DS3-established,G20,263,327.0,326.5,327.5,327.0,0.4496494233608246,0.37775304913520813
DS3-established,G20,264,327.5,327.0,328.0,327.5,0.1395816057920456,0.10957925021648407
DS3-established,G20,265,328.0,327.5,328.5,328.0,0.25637087225914,0.20136724412441254
DS3-established,G20,266,328.5,328.0,329.0,328.5,0.11328257620334625,0.08905700594186783
DS3-established,G20,267,329.0,328.5,329.5,329.0,0.20089438557624817,0.15904417634010315
DS3-established,G20,268,329.5,329.0,330.0,329.5,0.12845759093761444,0.09903895109891891
DS3-established,G20,269,330.0,329.5,330.5,330.0,0.24087443947792053,0.18987591564655304
DS3-established,G20,270,330.5,330.0,331.0,330.5,0.2283783257007599,0.20417557656764984
DS3-established,G20,271,331.0,330.5,331.5,331.0,0.2355855256319046,0.20642630755901337
DS3-established,G20,272,331.5,331.0,332.0,331.5,0.22689779102802277,0.1901874840259552
DS3-established,G20,273,332.0,331.5,332.5,332.0,0.34271466732025146,0.3001324236392975
DS3-established,G20,274,332.5,332.0,333.0,332.5,0.1211220920085907,0.09177575260400772
DS3-established,G20,275,333.0,332.5,333.5,333.0,0.13429801166057587,0.09476767480373383
DS3-established,G20,276,333.5,333.0,334.0,333.5,0.23724402487277985,0.17359165847301483
DS3-established,G20,277,334.0,333.5,334.5,334.0,0.24304334819316864,0.184172585606575
DS3-established,G20,278,334.5,334.0,335.0,334.5,0.1680103987455368,0.14383210241794586
DS3-established,G20,279,335.0,334.5,335.5,335.0,0.32228073477745056,0.28141531348228455
DS3-established,G20,280,335.5,335.0,336.0,335.5,0.26034581661224365,0.20927520096302032
DS3-established,G20,281,336.0,335.5,336.5,336.0,0.1670733541250229,0.12760339677333832
DS3-established,G20,282,336.5,336.0,337.0,336.5,0.2534724175930023,0.15409377217292786
DS3-established,G20,283,337.0,336.5,337.5,337.0,0.22077028453350067,0.16662955284118652
DS3-established,G20,284,337.5,337.0,338.0,337.5,0.14330033957958221,0.11201686412096024
DS3-established,G20,285,338.0,337.5,338.5,338.0,0.2803589403629303,0.2232378125190735
DS3-established,G20,286,338.5,338.0,339.0,338.5,0.07789357751607895,0.06369557976722717
DS3-established,G20,287,339.0,338.5,339.5,339.0,0.1880100667476654,0.14913420379161835
DS3-established,G20,288,339.5,339.0,340.0,339.5,0.18069173395633698,0.15165849030017853
DS3-established,G20,289,340.0,339.5,340.5,340.0,0.19124449789524078,0.15491443872451782
DS3-established,G20,290,340.5,340.0,341.0,340.5,0.09380564838647842,0.07900021970272064
DS3-established,G20,291,341.0,340.5,341.5,341.0,0.19169668853282928,0.15842825174331665
DS3-established,G20,292,341.5,341.0,342.0,341.5,0.17062053084373474,0.11558951437473297
DS3-established,G20,293,342.0,341.5,342.5,342.0,0.23230387270450592,0.17383064329624176
DS3-established,G20,294,342.5,342.0,343.0,342.5,0.2478722184896469,0.2175193727016449
DS3-established,G20,295,343.0,342.5,343.5,343.0,0.27851369976997375,0.24786318838596344
DS3-established,G20,296,343.5,343.0,344.0,343.5,0.16525399684906006,0.12579494714736938
DS3-established,G20,297,344.0,343.5,344.5,344.0,0.3153161108493805,0.2894574701786041
DS3-established,G20,298,344.5,344.0,345.0,344.5,0.2203800529241562,0.180993914604187
DS3-established,G20,299,345.0,344.5,345.5,345.0,0.3609434962272644,0.29334115982055664
DS3-established,G20,300,345.5,345.0,346.0,345.5,0.06377749890089035,0.050354693084955215
DS3-established,G20,301,346.0,345.5,346.5,346.0,0.2239796221256256,0.1823786348104477
DS3-established,G20,302,346.5,346.0,347.0,346.5,0.21901513636112213,0.1739603877067566
DS3-established,G20,303,347.0,346.5,347.5,347.0,0.20410442352294922,0.15871533751487732
DS3-established,G20,304,347.5,347.0,348.0,347.5,0.2462785392999649,0.18948490917682648
DS3-established,G20,305,348.0,347.5,348.5,348.0,0.13164961338043213,0.08787915855646133
DS3-established,G20,306,348.5,348.0,349.0,348.5,0.1474345326423645,0.12007379531860352
DS3-established,G20,307,349.0,348.5,349.5,349.0,0.19964289665222168,0.16452835500240326
DS3-established,G20,308,349.5,349.0,350.0,349.5,0.09161339700222015,0.07926494628190994
DS3-established,G20,309,350.0,349.5,350.5,350.0,0.3087211549282074,0.25376760959625244
DS3-established,G20,310,350.5,350.0,351.0,350.5,0.306208997964859,0.2706669867038727
DS3-established,G20,311,351.0,350.5,351.5,351.0,0.15719902515411377,0.12566466629505157
DS3-established,G20,312,351.5,351.0,352.0,351.5,0.15642380714416504,0.11914745718240738
DS3-established,G20,313,352.0,351.5,352.5,352.0,0.2182590365409851,0.19082863628864288
DS3-established,G20,314,352.5,352.0,353.0,352.5,0.31626659631729126,0.268083393573761
DS3-established,G20,315,353.0,352.5,353.5,353.0,0.1317826211452484,0.10986896604299545
DS3-established,G20,316,353.5,353.0,354.0,353.5,0.2882203757762909,0.24966423213481903
DS3-established,G20,317,354.0,353.5,354.5,354.0,0.16162554919719696,0.129031240940094
DS3-established,G20,318,354.5,354.0,355.0,354.5,0.18243762850761414,0.13613833487033844
DS3-established,G20,319,355.0,354.5,355.5,355.0,0.23948349058628082,0.16287024319171906
DS3-established,G20,320,355.5,355.0,356.0,355.5,0.2533815801143646,0.21916790306568146
DS3-established,G20,321,356.0,355.5,356.5,356.0,0.1304299235343933,0.09810478240251541
DS3-established,G20,322,356.5,356.0,357.0,356.5,0.21114476025104523,0.18458126485347748
DS3-established,G20,323,357.0,356.5,357.5,357.0,0.2343454509973526,0.18079224228858948
DS3-established,G20,324,357.5,357.0,358.0,357.5,0.178770050406456,0.15424993634223938
DS3-established,G20,325,358.0,357.5,358.5,358.0,0.24478913843631744,0.19963601231575012
DS3-established,G20,326,358.5,358.0,359.0,358.5,0.18616487085819244,0.1529410481452942
DS3-established,G20,327,359.0,358.5,359.5,359.0,0.1154986321926117,0.0819300189614296
DS3-established,G20,328,359.5,359.0,360.0,359.5,0.32665205001831055,0.283903032541275
DS3-established,G20,329,360.0,359.5,360.5,360.0,0.12448342144489288,0.09753429889678955
DS3-established,G20,330,360.5,360.0,361.0,360.5,0.16962820291519165,0.13129086792469025
DS3-established,G20,331,361.0,360.5,361.5,361.0,0.21235696971416473,0.18842025101184845
DS3-established,G20,332,361.5,361.0,362.0,361.5,0.2659652829170227,0.19130919873714447
DS3-established,G20,333,362.0,361.5,362.5,362.0,0.270903617143631,0.23527128994464874
DS3-established,G20,334,362.5,362.0,363.0,362.5,0.22356122732162476,0.18293388187885284
DS3-established,G20,335,363.0,362.5,363.5,363.0,0.13026000559329987,0.09600092470645905
DS3-established,G20,336,363.5,363.0,364.0,363.5,0.09462521970272064,0.07375530153512955
DS3-established,G20,337,364.0,363.5,364.5,364.0,0.23051393032073975,0.1907605677843094
DS3-established,G20,338,364.5,364.0,365.0,364.5,0.30693092942237854,0.2469504177570343
DS3-established,G20,339,365.0,364.5,365.5,365.0,0.30714741349220276,0.2383965402841568
DS3-established,G20,340,365.5,365.0,366.0,365.5,0.25969356298446655,0.20831350982189178
DS3-established,G20,341,366.0,365.5,366.5,366.0,0.22307170927524567,0.17110095918178558
DS3-established,G20,342,366.5,366.0,367.0,366.5,0.22769388556480408,0.13298927247524261
DS3-established,G20,343,367.0,366.5,367.5,367.0,0.11430835723876953,0.08838832378387451
DS3-established,G20,344,367.5,367.0,368.0,367.5,0.3547067940235138,0.2650844156742096
DS3-established,G20,345,368.0,367.5,368.5,368.0,0.14406903088092804,0.09790358692407608
DS3-established,G20,346,368.5,368.0,369.0,368.5,0.16737478971481323,0.13012492656707764
DS3-established,G20,347,369.0,368.5,369.5,369.0,0.23588228225708008,0.20587877929210663
DS3-established,G20,348,369.5,369.0,370.0,369.5,0.10766901075839996,0.08466468006372452
DS3-established,G20,349,370.0,369.5,370.5,370.0,0.22357633709907532,0.17155800759792328
DS3-established,G20,350,370.5,370.0,371.0,370.5,0.1689085215330124,0.14649924635887146
DS3-established,G20,351,371.0,370.5,371.5,371.0,0.4021652936935425,0.32513126730918884
DS3-established,G20,352,371.5,371.0,372.0,371.5,0.3608095347881317,0.3089842200279236
DS3-established,G20,353,372.0,371.5,372.5,372.0,0.27804243564605713,0.18530552089214325
DS3-established,G20,354,372.5,372.0,373.0,372.5,0.06732738018035889,0.047884661704301834
DS3-established,G20,355,373.0,372.5,373.5,373.0,0.2945255935192108,0.2522076964378357
DS3-established,G20,356,373.5,373.0,374.0,373.5,0.2641233205795288,0.2055717557668686
DS3-established,G20,357,374.0,373.5,374.5,374.0,0.208332821726799,0.1347550004720688
DS3-established,G20,358,374.5,374.0,375.0,374.5,0.07258278131484985,0.04926468804478645
DS3-established,G20,359,375.0,374.5,375.5,375.0,0.1842987984418869,0.15219108760356903
DS3-established,G20,360,375.5,375.0,376.0,375.5,0.14680148661136627,0.11380206048488617
DS3-established,G20,361,376.0,375.5,376.5,376.0,0.1947033703327179,0.1547742635011673
DS3-established,G20,362,376.5,376.0,377.0,376.5,0.15058927237987518,0.10486328601837158
DS3-established,G20,363,377.0,376.5,377.5,377.0,0.16218136250972748,0.1376580446958542
DS3-established,G20,364,377.5,377.0,378.0,377.5,0.1465161293745041,0.10857095569372177
DS3-established,G20,365,378.0,377.5,378.5,378.0,0.517095148563385,0.45645347237586975
DS3-established,G20,366,378.5,378.0,379.0,378.5,0.1617058366537094,0.12587983906269073
DS3-established,G20,367,379.0,378.5,379.5,379.0,0.15406131744384766,0.1233859732747078
DS3-established,G20,368,379.5,379.0,380.0,379.5,0.148314967751503,0.12289559841156006
DS3-established,G20,369,380.0,379.5,380.5,380.0,0.2312975376844406,0.19967810809612274
DS3-established,G20,370,380.5,380.0,381.0,380.5,0.21384450793266296,0.13475100696086884
DS3-established,G20,371,381.0,380.5,381.5,381.0,0.25645044445991516,0.21721693873405457
DS3-established,G20,372,381.5,381.0,382.0,381.5,0.3885457515716553,0.2776888310909271
DS3-established,G20,373,382.0,381.5,382.5,382.0,0.37736839056015015,0.30625706911087036
DS3-established,G20,374,382.5,382.0,383.0,382.5,0.3140876591205597,0.2617551386356354
DS3-established,G20,375,383.0,382.5,383.5,383.0,0.160068541765213,0.1193016767501831
DS3-established,G20,376,383.5,383.0,384.0,383.5,0.27523353695869446,0.174157977104187
DS3-established,G20,377,384.0,383.5,384.5,384.0,0.1376057118177414,0.08641450852155685
DS3-established,G20,378,384.5,384.0,385.0,384.5,0.15858016908168793,0.138222798705101
DS3-established,G20,379,385.0,384.5,385.5,385.0,0.17595846951007843,0.11767517030239105
DS3-established,G20,380,385.5,385.0,386.0,385.5,0.06799273937940598,0.05333607271313667
DS3-established,G20,381,386.0,385.5,386.5,386.0,0.1587502807378769,0.1342923939228058
DS3-established,G20,382,386.5,386.0,387.0,386.5,0.20727457106113434,0.13541816174983978
DS3-established,G20,383,387.0,386.5,387.5,387.0,0.4103676974773407,0.33888816833496094
DS3-established,G20,384,387.5,387.0,388.0,387.5,0.26015016436576843,0.2200600802898407
DS3-established,G20,385,388.0,387.5,388.5,388.0,0.2758590877056122,0.23644807934761047
DS3-established,G20,386,388.5,388.0,389.0,388.5,0.21942952275276184,0.17442266643047333
DS3-established,G20,387,389.0,388.5,389.5,389.0,0.24178728461265564,0.21157492697238922
DS3-established,G20,388,389.5,389.0,390.0,389.5,0.28303271532058716,0.23595288395881653
DS3-established,G20,389,390.0,389.5,390.5,390.0,0.16584031283855438,0.13914646208286285
DS3-established,G20,390,390.5,390.0,391.0,390.5,0.3248591423034668,0.28339025378227234
DS3-established,G20,391,391.0,390.5,391.5,391.0,0.12582705914974213,0.10338345170021057
DS3-established,G20,392,391.5,391.0,392.0,391.5,0.3083314895629883,0.27730095386505127
DS3-established,G20,393,392.0,391.5,392.5,392.0,0.20069169998168945,0.1463044285774231
DS3-established,G20,394,392.5,392.0,393.0,392.5,0.12057111412286758,0.09079254418611526
DS3-established,G20,395,393.0,392.5,393.5,393.0,0.3883320987224579,0.3505615293979645
DS3-established,G20,396,393.5,393.0,394.0,393.5,0.1825365573167801,0.147785022854805
DS3-established,G20,397,394.0,393.5,394.5,394.0,0.4209420084953308,0.33776018023490906
DS3-established,G20,398,394.5,394.0,395.0,394.5,0.1851717084646225,0.1203213781118393
DS3-established,G20,399,395.0,394.5,395.5,395.0,0.1800970584154129,0.14975950121879578
DS3-established,G20,400,395.5,395.0,396.0,395.5,0.2901502251625061,0.24489286541938782
DS3-established,G20,401,396.0,395.5,396.5,396.0,0.29325640201568604,0.23866765201091766
DS3-established,G20,402,396.5,396.0,397.0,396.5,0.1974402517080307,0.13836050033569336
DS3-established,G20,403,397.0,396.5,397.5,397.0,0.2128296196460724,0.18419843912124634
DS3-established,G20,404,397.5,397.0,398.0,397.5,0.15984399616718292,0.13252763450145721
DS3-established,G20,405,398.0,397.5,398.5,398.0,0.2516690492630005,0.16454699635505676
DS3-established,G20,406,398.5,398.0,399.0,398.5,0.12034279853105545,0.09760958701372147
DS3-established,G20,407,399.0,398.5,399.5,399.0,0.4737664759159088,0.36180779337882996
DS3-established,G20,408,399.5,399.0,400.0,399.5,0.2639180123806,0.19275882840156555
DS3-established,G20,409,400.0,399.5,400.5,400.0,0.1329582929611206,0.1077892929315567
DS3-established,G20,410,400.5,400.0,401.0,400.5,0.20500004291534424,0.1733165830373764
DS3-established,G20,411,401.0,400.5,401.5,401.0,0.1016516163945198,0.07586952298879623
DS3-established,G20,412,401.5,401.0,402.0,401.5,0.16332827508449554,0.1329929381608963
DS3-established,G20,413,402.0,401.5,402.5,402.0,0.11627616733312607,0.0981060042977333
DS3-established,G20,414,402.5,402.0,403.0,402.5,0.23357051610946655,0.16812384128570557
DS3-established,G20,415,403.0,402.5,403.5,403.0,0.18312567472457886,0.14367957413196564
DS3-established,G20,416,403.5,403.0,404.0,403.5,0.10384176671504974,0.07224173098802567
DS3-established,G20,417,404.0,403.5,404.5,404.0,0.24018968641757965,0.19995494186878204
DS3-established,G20,418,404.5,404.0,405.0,404.5,0.22042527794837952,0.16444285213947296
DS3-established,G20,419,405.0,404.5,405.5,405.0,0.10992566496133804,0.08712007850408554
DS3-established,G20,420,405.5,405.0,406.0,405.5,0.09233319759368896,0.06820407509803772
DS3-established,G20,421,406.0,405.5,406.5,406.0,0.2837441563606262,0.2471056580543518
DS3-established,G20,422,406.5,406.0,407.0,406.5,0.22332626581192017,0.15228430926799774
DS3-established,G20,423,407.0,406.5,407.5,407.0,0.17615944147109985,0.12542615830898285
DS3-established,G20,424,407.5,407.0,408.0,407.5,0.20730820298194885,0.16024149954319
DS3-established,G20,425,408.0,407.5,408.5,408.0,0.17917262017726898,0.1506596952676773
DS3-established,G20,426,408.5,408.0,409.0,408.5,0.17684973776340485,0.11324069648981094
DS3-established,G20,427,409.0,408.5,409.5,409.0,0.19833819568157196,0.1441151648759842
DS3-established,G20,428,409.5,409.0,410.0,409.5,0.16052448749542236,0.13139568269252777
DS3-established,G20,429,410.0,409.5,410.5,410.0,0.07484859228134155,0.05887974798679352
DS3-established,G20,430,410.5,410.0,411.0,410.5,0.17652162909507751,0.1359882354736328
DS3-established,G20,431,411.0,410.5,411.5,411.0,0.1672631949186325,0.13000698387622833
DS3-established,G20,432,411.5,411.0,412.0,411.5,0.1224992424249649,0.08892561495304108
DS3-established,G20,433,412.0,411.5,412.5,412.0,0.27161580324172974,0.18639880418777466
DS3-established,G20,434,412.5,412.0,413.0,412.5,0.16174083948135376,0.13221196830272675
DS3-established,G20,435,413.0,412.5,413.5,413.0,0.1997348815202713,0.17093650996685028
DS3-established,G20,436,413.5,413.0,414.0,413.5,0.11516384780406952,0.09701802581548691
DS3-established,G20,437,414.0,413.5,414.5,414.0,0.10798266530036926,0.08713278919458389
DS3-established,G20,438,414.5,414.0,415.0,414.5,0.12885957956314087,0.10716845095157623
DS3-established,G20,439,415.0,414.5,415.5,415.0,0.34031423926353455,0.2455768585205078
DS3-established,G20,440,415.5,415.0,416.0,415.5,0.23484422266483307,0.17861874401569366
DS3-established,G20,441,416.0,415.5,416.5,416.0,0.22945405542850494,0.16538633406162262
DS3-established,G20,442,416.5,416.0,417.0,416.5,0.22681087255477905,0.17531640827655792
DS3-established,G20,443,417.0,416.5,417.5,417.0,0.1841641068458557,0.14257192611694336
DS3-established,G20,444,417.5,417.0,418.0,417.5,0.1730305403470993,0.12670202553272247
DS3-established,G20,445,418.0,417.5,418.5,418.0,0.3018491864204407,0.238140270113945
DS3-established,G20,446,418.5,418.0,419.0,418.5,0.4223938584327698,0.36313602328300476
DS3-established,G20,447,419.0,418.5,419.5,419.0,0.2153034210205078,0.1807037889957428
DS3-established,G20,448,419.5,419.0,420.0,419.5,0.21972498297691345,0.16009756922721863
DS3-established,G20,449,420.0,419.5,420.5,420.0,0.15787342190742493,0.13004957139492035
DS3-established,G20,450,420.5,420.0,421.0,420.5,0.17810223996639252,0.13952088356018066
DS3-established,G20,451,421.0,420.5,421.5,421.0,0.09906858950853348,0.0648094043135643
DS3-established,G20,452,421.5,421.0,422.0,421.5,0.2465209662914276,0.2040317952632904
DS3-established,G20,453,422.0,421.5,422.5,422.0,0.2819536328315735,0.23763057589530945
DS3-established,G20,454,422.5,422.0,423.0,422.5,0.2288001924753189,0.18301211297512054
DS3-established,G20,455,423.0,422.5,423.5,423.0,0.07944150269031525,0.06518511474132538
DS3-established,G20,456,423.5,423.0,424.0,423.5,0.20472930371761322,0.187599316239357
DS3-established,G20,457,424.0,423.5,424.5,424.0,0.15175749361515045,0.1185334250330925
DS3-established,G20,458,424.5,424.0,425.0,424.5,0.3373086154460907,0.25384941697120667
DS3-established,G20,459,425.0,424.5,425.5,425.0,0.09422558546066284,0.0743965283036232
DS3-established,G20,460,425.5,425.0,426.0,425.5,0.09862089157104492,0.07432737946510315
DS3-established,G20,461,426.0,425.5,426.5,426.0,0.2964378893375397,0.20314230024814606
DS3-established,G20,462,426.5,426.0,427.0,426.5,0.15255099534988403,0.11544439941644669
DS3-established,G20,463,427.0,426.5,427.5,427.0,0.21080873906612396,0.1912541687488556
DS3-established,G20,464,427.5,427.0,428.0,427.5,0.3273128569126129,0.2787993550300598
DS3-established,G20,465,428.0,427.5,428.5,428.0,0.09442518651485443,0.0766623392701149
DS3-established,G20,466,428.5,428.0,429.0,428.5,0.25289133191108704,0.18749427795410156
DS3-established,G20,467,429.0,428.5,429.5,429.0,0.28701165318489075,0.2301301509141922
DS3-established,G20,468,429.5,429.0,430.0,429.5,0.3082110583782196,0.27129724621772766
DS3-established,G20,469,430.0,429.5,430.5,430.0,0.2180180549621582,0.15966708958148956
DS3-established,G20,470,430.5,430.0,431.0,430.5,0.2245183140039444,0.1970939189195633
DS3-established,G20,471,431.0,430.5,431.5,431.0,0.2667907178401947,0.23606859147548676
DS3-established,G20,472,431.5,431.0,432.0,431.5,0.30814895033836365,0.2508963644504547
DS3-established,G20,473,432.0,431.5,432.5,432.0,0.22991785407066345,0.17684786021709442
DS3-established,G20,474,432.5,432.0,433.0,432.5,0.16202208399772644,0.1223275437951088
DS3-established,G20,475,433.0,432.5,433.5,433.0,0.14803819358348846,0.10854516178369522
DS3-established,G20,476,433.5,433.0,434.0,433.5,0.2795711159706116,0.20361416041851044
DS3-established,G20,477,434.0,433.5,434.5,434.0,0.28788262605667114,0.2445964813232422
DS3-established,G20,478,434.5,434.0,435.0,434.5,0.2497122883796692,0.20282089710235596
DS3-established,G20,479,435.0,434.5,435.5,435.0,0.2142229676246643,0.15759463608264923
DS3-established,G20,480,435.5,435.0,436.0,435.5,0.22094100713729858,0.1745590716600418
DS3-established,G20,481,436.0,435.5,436.5,436.0,0.1814221739768982,0.14612002670764923
DS3-established,G20,482,436.5,436.0,437.0,436.5,0.226698100566864,0.1814308762550354
DS3-established,G20,483,437.0,436.5,437.5,437.0,0.48406755924224854,0.3474682867527008
DS3-established,G20,484,437.5,437.0,438.0,437.5,0.1540478616952896,0.12667031586170197
DS3-established,G20,485,438.0,437.5,438.5,438.0,0.30670979619026184,0.25394460558891296
DS3-established,G20,486,438.5,438.0,439.0,438.5,0.14359186589717865,0.10879959166049957
DS3-established,G20,487,439.0,438.5,439.5,439.0,0.20221999287605286,0.17480765283107758
DS3-established,G20,488,439.5,439.0,440.0,439.5,0.2502564489841461,0.19491542875766754
DS3-established,G20,489,440.0,439.5,440.5,440.0,0.15101318061351776,0.11399479955434799
DS3-established,G20,490,440.5,440.0,441.0,440.5,0.22924870252609253,0.1920490860939026
DS3-established,G20,491,441.0,440.5,441.5,441.0,0.10170593857765198,0.0834052637219429
DS3-established,G20,492,441.5,441.0,442.0,441.5,0.24198982119560242,0.15809577703475952
DS3-established,G20,493,442.0,441.5,442.5,442.0,0.2609788477420807,0.21892888844013214
DS3-established,G20,494,442.5,442.0,443.0,442.5,0.1486164778470993,0.10095514357089996
DS3-established,G20,495,443.0,442.5,443.5,443.0,0.1693686842918396,0.1174531802535057
DS3-established,G20,496,443.5,443.0,444.0,443.5,0.2396148294210434,0.1793200820684433
DS3-established,G20,497,444.0,443.5,444.5,444.0,0.1506764441728592,0.10536763817071915
DS3-established,G20,498,444.5,444.0,445.0,444.5,0.5314384698867798,0.4729501008987427
DS3-established,G20,499,445.0,444.5,445.5,445.0,0.23276063799858093,0.19265057146549225
DS3-established,G20,500,445.5,445.0,446.0,445.5,0.08349228650331497,0.0607924722135067
DS3-established,G20,501,446.0,445.5,446.5,446.0,0.3353169858455658,0.30256277322769165
DS3-established,G20,502,446.5,446.0,447.0,446.5,0.16608165204524994,0.11855493485927582
DS3-established,G20,503,447.0,446.5,447.5,447.0,0.2766081988811493,0.22976946830749512
DS3-established,G20,504,447.5,447.0,448.0,447.5,0.25944823026657104,0.22721147537231445
DS3-established,G20,505,448.0,447.5,448.5,448.0,0.21962524950504303,0.1660996526479721
DS3-established,G20,506,448.5,448.0,449.0,448.5,0.19990187883377075,0.11445564776659012
DS3-established,G20,507,449.0,448.5,449.5,449.0,0.09776509553194046,0.06881517171859741
DS3-established,G20,508,449.5,449.0,450.0,449.5,0.28618645668029785,0.2276630401611328
DS3-established,G20,509,450.0,449.5,450.5,450.0,0.433280885219574,0.3623228669166565
DS3-established,G20,510,450.5,450.0,451.0,450.5,0.2661563456058502,0.23341114819049835
DS3-established,G20,511,451.0,450.5,451.5,451.0,0.29556968808174133,0.2588374614715576
DS3-established,G20,512,451.5,451.0,452.0,451.5,0.09975000470876694,0.09365776181221008
DS3-established,G20,513,452.0,451.5,452.5,452.0,0.08838891983032227,0.0650736391544342
DS3-established,G20,514,452.5,452.0,453.0,452.5,0.23265469074249268,0.1910712718963623
DS3-established,G20,515,453.0,452.5,453.5,453.0,0.1300753653049469,0.10819447040557861
DS3-established,G20,516,453.5,453.0,454.0,453.5,0.2130960077047348,0.16951115429401398
DS3-established,G20,517,454.0,453.5,454.5,454.0,0.11902180314064026,0.07959488034248352
DS3-established,G20,518,454.5,454.0,455.0,454.5,0.2533269226551056,0.2255951315164566
DS3-established,G20,519,455.0,454.5,455.5,455.0,0.21172218024730682,0.16144530475139618
DS3-established,G20,520,455.5,455.0,456.0,455.5,0.11030266433954239,0.09601298719644547
DS3-established,G20,521,456.0,455.5,456.5,456.0,0.3317846357822418,0.2382907122373581
DS3-established,G20,522,456.5,456.0,457.0,456.5,0.3232087790966034,0.2574249804019928
DS3-established,G20,523,457.0,456.5,457.5,457.0,0.262339323759079,0.21357832849025726
DS3-established,G20,524,457.5,457.0,458.0,457.5,0.22421219944953918,0.17681463062763214
DS3-established,G23,12,201.5,201.0,202.0,201.5,4.226801872253418,3.866673707962036
DS3-established,G23,13,202.0,201.5,202.5,202.0,4.261195659637451,3.899946451187134
DS3-established,G23,14,202.5,202.0,203.0,202.5,4.209879398345947,3.8601558208465576
DS3-established,G23,15,203.0,202.5,203.5,203.0,4.1446380615234375,3.7788679599761963
DS3-established,G23,16,203.5,203.0,204.0,203.5,4.1199517250061035,3.74292254447937
DS3-established,G23,17,204.0,203.5,204.5,204.0,4.091582775115967,3.6979801654815674
DS3-established,G23,18,204.5,204.0,205.0,204.5,4.007267475128174,3.6108508110046387
DS3-established,G23,19,205.0,204.5,205.5,205.0,3.97053861618042,3.5836079120635986
DS3-established,G23,20,205.5,205.0,206.0,205.5,3.9778757095336914,3.5889430046081543
DS3-established,G23,21,206.0,205.5,206.5,206.0,3.9395973682403564,3.55723237991333
DS3-established,G23,22,206.5,206.0,207.0,206.5,3.9318737983703613,3.5486176013946533
DS3-established,G23,23,207.0,206.5,207.5,207.0,3.880366802215576,3.517857551574707
DS3-established,G23,24,207.5,207.0,208.0,207.5,3.866142511367798,3.509002447128296
DS3-established,G23,25,208.0,207.5,208.5,208.0,3.910900354385376,3.557795286178589
DS3-established,G23,26,208.5,208.0,209.0,208.5,3.913640022277832,3.562640428543091
DS3-established,G23,27,209.0,208.5,209.5,209.0,3.8868892192840576,3.5182480812072754
DS3-established,G23,28,209.5,209.0,210.0,209.5,3.77642560005188,3.4261245727539062
DS3-established,G23,29,210.0,209.5,210.5,210.0,3.8240089416503906,3.4793620109558105
DS3-established,G23,30,210.5,210.0,211.0,210.5,3.884921073913574,3.551388740539551
DS3-established,G23,31,211.0,210.5,211.5,211.0,3.921682119369507,3.600748300552368
DS3-established,G23,32,211.5,211.0,212.0,211.5,3.9740231037139893,3.6386728286743164
DS3-established,G23,33,212.0,211.5,212.5,212.0,3.878910541534424,3.5499024391174316
DS3-established,G23,34,212.5,212.0,213.0,212.5,3.887930393218994,3.5838699340820312
DS3-established,G23,35,213.0,212.5,213.5,213.0,3.9575977325439453,3.6549556255340576
DS3-established,G23,36,213.5,213.0,214.0,213.5,3.987122058868408,3.677001953125
DS3-established,G23,37,214.0,213.5,214.5,214.0,4.05872917175293,3.75216007232666
DS3-established,G23,38,214.5,214.0,215.0,214.5,4.1358537673950195,3.8352017402648926
DS3-established,G23,39,215.0,214.5,215.5,215.0,4.209054946899414,3.90881609916687
DS3-established,G23,40,215.5,215.0,216.0,215.5,4.335755348205566,4.041625022888184
DS3-established,G23,41,216.0,215.5,216.5,216.0,4.429059982299805,4.145239353179932
DS3-established,G23,42,216.5,216.0,217.0,216.5,4.4399847984313965,4.156100749969482
DS3-established,G23,43,217.0,216.5,217.5,217.0,4.476772785186768,4.196386814117432
DS3-established,G23,44,217.5,217.0,218.0,217.5,4.525481224060059,4.247763156890869
DS3-established,G23,45,218.0,217.5,218.5,218.0,4.489837169647217,4.217164516448975
DS3-established,G23,46,218.5,218.0,219.0,218.5,4.257964134216309,4.005695819854736
DS3-established,G23,47,219.0,218.5,219.5,219.0,3.784771203994751,3.5647616386413574
DS3-established,G23,48,219.5,219.0,220.0,219.5,3.0374934673309326,2.862687826156616
DS3-established,G23,49,220.0,219.5,220.5,220.0,1.7555056810379028,1.639078974723816
DS3-established,G23,50,220.5,220.0,221.0,220.5,0.765981912612915,0.6813782453536987
DS3-established,G23,51,221.0,220.5,221.5,221.0,0.5765350461006165,0.45735523104667664
DS3-established,G23,52,221.5,221.0,222.0,221.5,0.5692514181137085,0.45291370153427124
DS3-established,G23,53,222.0,221.5,222.5,222.0,0.5601189732551575,0.4211193323135376
DS3-established,G23,54,222.5,222.0,223.0,222.5,0.616129994392395,0.4606704115867615
DS3-established,G23,55,223.0,222.5,223.5,223.0,0.7087644934654236,0.5253543853759766
DS3-established,G23,56,223.5,223.0,224.0,223.5,0.7444745898246765,0.5389789938926697
DS3-established,G23,57,224.0,223.5,224.5,224.0,0.7827385067939758,0.578856348991394
DS3-established,G23,58,224.5,224.0,225.0,224.5,0.8323841094970703,0.6204580664634705
DS3-established,G23,59,225.0,224.5,225.5,225.0,0.9374008178710938,0.6918222904205322
DS3-established,G23,60,225.5,225.0,226.0,225.5,1.0278061628341675,0.7546459436416626
DS3-established,G23,61,226.0,225.5,226.5,226.0,1.110606074333191,0.8191643953323364
DS3-established,G23,62,226.5,226.0,227.0,226.5,1.1091949939727783,0.8484581112861633
DS3-established,G23,63,227.0,226.5,227.5,227.0,1.0796213150024414,0.8439215421676636
DS3-established,G23,64,227.5,227.0,228.0,227.5,1.0473350286483765,0.7784169316291809
DS3-established,G23,65,228.0,227.5,228.5,228.0,1.0261255502700806,0.7463621497154236
DS3-established,G23,66,228.5,228.0,229.0,228.5,1.002274751663208,0.773452639579773
DS3-established,G23,67,229.0,228.5,229.5,229.0,0.8816395401954651,0.6712334156036377
DS3-established,G23,68,229.5,229.0,230.0,229.5,0.8238927721977234,0.6317400336265564
DS3-established,G23,69,230.0,229.5,230.5,230.0,0.7759466767311096,0.599697470664978
DS3-established,G23,70,230.5,230.0,231.0,230.5,0.692842960357666,0.5335543751716614
DS3-established,G23,71,231.0,230.5,231.5,231.0,0.6307088136672974,0.49608081579208374
DS3-established,G23,72,231.5,231.0,232.0,231.5,0.5473500490188599,0.43473854660987854
DS3-established,G23,73,232.0,231.5,232.5,232.0,0.48682212829589844,0.3887439966201782
DS3-established,G23,74,232.5,232.0,233.0,232.5,0.37958329916000366,0.30127373337745667
DS3-established,G23,75,233.0,232.5,233.5,233.0,0.32528939843177795,0.25940728187561035
DS3-established,G23,76,233.5,233.0,234.0,233.5,0.3366403579711914,0.25697198510169983
DS3-established,G23,77,234.0,233.5,234.5,234.0,0.3149544894695282,0.2347644418478012
DS3-established,G23,78,234.5,234.0,235.0,234.5,0.31824228167533875,0.22871680557727814
DS3-established,G23,79,235.0,234.5,235.5,235.0,0.27864161133766174,0.19625817239284515
DS3-established,G23,80,235.5,235.0,236.0,235.5,0.2820431590080261,0.209817036986351
DS3-established,G23,81,236.0,235.5,236.5,236.0,0.2782292068004608,0.2364654839038849
DS3-established,G23,82,236.5,236.0,237.0,236.5,0.2920393645763397,0.2395579069852829
DS3-established,G23,83,237.0,236.5,237.5,237.0,0.32927051186561584,0.2751213312149048
DS3-established,G23,84,237.5,237.0,238.0,237.5,0.3377055525779724,0.28363198041915894
DS3-established,G23,85,238.0,237.5,238.5,238.0,0.32373949885368347,0.2623498737812042
DS3-established,G23,86,238.5,238.0,239.0,238.5,0.330523818731308,0.26582369208335876
DS3-established,G23,87,239.0,238.5,239.5,239.0,0.31800132989883423,0.2514851689338684
DS3-established,G23,88,239.5,239.0,240.0,239.5,0.281663715839386,0.22069202363491058
DS3-established,G23,89,240.0,239.5,240.5,240.0,0.2957187294960022,0.2422056496143341
DS3-established,G23,90,240.5,240.0,241.0,240.5,0.2717057168483734,0.2193601429462433
DS3-established,G23,91,241.0,240.5,241.5,241.0,0.31042876839637756,0.2402411550283432
DS3-established,G23,92,241.5,241.0,242.0,241.5,0.314048707485199,0.24585647881031036
DS3-established,G23,93,242.0,241.5,242.5,242.0,0.284656822681427,0.23603735864162445
DS3-established,G23,94,242.5,242.0,243.0,242.5,0.27516719698905945,0.23547880351543427
DS3-established,G23,95,243.0,242.5,243.5,243.0,0.2988887131214142,0.24085211753845215
DS3-established,G23,96,243.5,243.0,244.0,243.5,0.30761054158210754,0.24931199848651886
DS3-established,G23,97,244.0,243.5,244.5,244.0,0.2970049977302551,0.2415974885225296
DS3-established,G23,98,244.5,244.0,245.0,244.5,0.27519363164901733,0.2293107509613037
DS3-established,G23,99,245.0,244.5,245.5,245.0,0.3028413653373718,0.25139474868774414
DS3-established,G23,100,245.5,245.0,246.0,245.5,0.2981163561344147,0.23886819183826447
DS3-established,G23,101,246.0,245.5,246.5,246.0,0.2565745711326599,0.1952400803565979
DS3-established,G23,102,246.5,246.0,247.0,246.5,0.24688255786895752,0.19217559695243835
DS3-established,G23,103,247.0,246.5,247.5,247.0,0.25978347659111023,0.18923282623291016
DS3-established,G23,104,247.5,247.0,248.0,247.5,0.25790905952453613,0.1899145394563675
DS3-established,G23,105,248.0,247.5,248.5,248.0,0.2533075511455536,0.19086690247058868
DS3-established,G23,106,248.5,248.0,249.0,248.5,0.26197680830955505,0.18882332742214203
DS3-established,G23,107,249.0,248.5,249.5,249.0,0.27094757556915283,0.20968720316886902
DS3-established,G23,108,249.5,249.0,250.0,249.5,0.26861771941185,0.20307117700576782
DS3-established,G23,109,250.0,249.5,250.5,250.0,0.2712670564651489,0.20708900690078735
DS3-established,G23,110,250.5,250.0,251.0,250.5,0.28551965951919556,0.20755505561828613
DS3-established,G23,111,251.0,250.5,251.5,251.0,0.26533839106559753,0.19401931762695312
DS3-established,G23,112,251.5,251.0,252.0,251.5,0.26557794213294983,0.20544131100177765
DS3-established,G23,113,252.0,251.5,252.5,252.0,0.29181990027427673,0.23216912150382996
DS3-established,G23,114,252.5,252.0,253.0,252.5,0.3076796531677246,0.21785962581634521
DS3-established,G23,115,253.0,252.5,253.5,253.0,0.3051389753818512,0.22968292236328125
DS3-established,G23,116,253.5,253.0,254.0,253.5,0.31876787543296814,0.24322891235351562
DS3-established,G23,117,254.0,253.5,254.5,254.0,0.3055180013179779,0.24217960238456726
DS3-established,G23,118,254.5,254.0,255.0,254.5,0.270153671503067,0.20422838628292084
DS3-established,G23,119,255.0,254.5,255.5,255.0,0.2637284994125366,0.20144863426685333
DS3-established,G23,120,255.5,255.0,256.0,255.5,0.2809058725833893,0.2171105295419693
DS3-established,G23,121,256.0,255.5,256.5,256.0,0.32947638630867004,0.24245691299438477
DS3-established,G23,122,256.5,256.0,257.0,256.5,0.3017723560333252,0.22230781614780426
DS3-established,G23,123,257.0,256.5,257.5,257.0,0.2776542901992798,0.20917995274066925
DS3-established,G23,124,257.5,257.0,258.0,257.5,0.29102811217308044,0.21053706109523773
DS3-established,G23,125,258.0,257.5,258.5,258.0,0.3007151186466217,0.2310573309659958
DS3-established,G23,126,258.5,258.0,259.0,258.5,0.27702048420906067,0.21103699505329132
DS3-established,G23,127,259.0,258.5,259.5,259.0,0.2327418476343155,0.1773720532655716
DS3-established,G23,128,259.5,259.0,260.0,259.5,0.2591991126537323,0.19682738184928894
DS3-established,G23,129,260.0,259.5,260.5,260.0,0.25631555914878845,0.19422443211078644
DS3-established,G23,130,260.5,260.0,261.0,260.5,0.2643168568611145,0.1938939392566681
DS3-established,G23,131,261.0,260.5,261.5,261.0,0.3115081787109375,0.22495169937610626
DS3-established,G23,132,261.5,261.0,262.0,261.5,0.27232491970062256,0.2001824527978897
DS3-established,G23,133,262.0,261.5,262.5,262.0,0.2730891704559326,0.21006977558135986
DS3-established,G23,134,262.5,262.0,263.0,262.5,0.3078342080116272,0.21730443835258484
DS3-established,G23,135,263.0,262.5,263.5,263.0,0.2741694748401642,0.18979111313819885
DS3-established,G23,136,263.5,263.0,264.0,263.5,0.3036649227142334,0.23870256543159485
DS3-established,G23,137,264.0,263.5,264.5,264.0,0.2870839536190033,0.2322549819946289
DS3-established,G23,138,264.5,264.0,265.0,264.5,0.24604350328445435,0.18281693756580353
DS3-established,G23,139,265.0,264.5,265.5,265.0,0.2787853479385376,0.20446626842021942
DS3-established,G23,140,265.5,265.0,266.0,265.5,0.2568090260028839,0.19074442982673645
DS3-established,G23,141,266.0,265.5,266.5,266.0,0.29753512144088745,0.19956085085868835
DS3-established,G23,142,266.5,266.0,267.0,266.5,0.24443967640399933,0.18041308224201202
DS3-established,G23,143,267.0,266.5,267.5,267.0,0.24560624361038208,0.19495174288749695
DS3-established,G23,144,267.5,267.0,268.0,267.5,0.2820914387702942,0.20390905439853668
DS3-established,G23,145,268.0,267.5,268.5,268.0,0.26615607738494873,0.19340501725673676
DS3-established,G23,146,268.5,268.0,269.0,268.5,0.2583243250846863,0.1949077844619751
DS3-established,G23,147,269.0,268.5,269.5,269.0,0.29390329122543335,0.2155108004808426
DS3-established,G23,148,269.5,269.0,270.0,269.5,0.2923019230365753,0.23322169482707977
DS3-established,G23,149,270.0,269.5,270.5,270.0,0.2806958556175232,0.20380853116512299
DS3-established,G23,150,270.5,270.0,271.0,270.5,0.2804007828235626,0.20018522441387177
DS3-established,G23,151,271.0,270.5,271.5,271.0,0.30063992738723755,0.21039853990077972
DS3-established,G23,152,271.5,271.0,272.0,271.5,0.294483482837677,0.21673589944839478
DS3-established,G23,153,272.0,271.5,272.5,272.0,0.311052143573761,0.22947104275226593
DS3-established,G23,154,272.5,272.0,273.0,272.5,0.31279101967811584,0.23698312044143677
DS3-established,G23,155,273.0,272.5,273.5,273.0,0.2843382954597473,0.20673300325870514
DS3-established,G23,156,273.5,273.0,274.0,273.5,0.2768845856189728,0.21186387538909912
DS3-established,G23,157,274.0,273.5,274.5,274.0,0.2949153482913971,0.2163362056016922
DS3-established,G23,158,274.5,274.0,275.0,274.5,0.3096410036087036,0.23688067495822906
DS3-established,G23,159,275.0,274.5,275.5,275.0,0.2883228063583374,0.21366971731185913
DS3-established,G23,160,275.5,275.0,276.0,275.5,0.2740525007247925,0.20422564446926117
DS3-established,G23,161,276.0,275.5,276.5,276.0,0.31011489033699036,0.22101612389087677
DS3-established,G23,162,276.5,276.0,277.0,276.5,0.31857171654701233,0.23242861032485962
DS3-established,G23,163,277.0,276.5,277.5,277.0,0.30908113718032837,0.24727603793144226
DS3-established,G23,164,277.5,277.0,278.0,277.5,0.27124032378196716,0.20583407580852509
DS3-established,G23,165,278.0,277.5,278.5,278.0,0.2510497570037842,0.19685256481170654
DS3-established,G23,166,278.5,278.0,279.0,278.5,0.2638077735900879,0.18161146342754364
DS3-established,G23,167,279.0,278.5,279.5,279.0,0.2637428641319275,0.20765477418899536
DS3-established,G23,168,279.5,279.0,280.0,279.5,0.31307336688041687,0.2528024911880493
DS3-established,G23,169,280.0,279.5,280.5,280.0,0.28197911381721497,0.20784002542495728
DS3-established,G23,170,280.5,280.0,281.0,280.5,0.23402805626392365,0.17922718822956085
DS3-established,G23,171,281.0,280.5,281.5,281.0,0.2571352422237396,0.18733404576778412
DS3-established,G23,172,281.5,281.0,282.0,281.5,0.27457395195961,0.20028720796108246
DS3-established,G23,173,282.0,281.5,282.5,282.0,0.28876471519470215,0.2106332629919052
DS3-established,G23,174,282.5,282.0,283.0,282.5,0.33991605043411255,0.2397594153881073
DS3-established,G23,175,283.0,282.5,283.5,283.0,0.32804572582244873,0.24194802343845367
DS3-established,G23,176,283.5,283.0,284.0,283.5,0.327447772026062,0.2262638360261917
DS3-established,G23,177,284.0,283.5,284.5,284.0,0.28548184037208557,0.2174634486436844
DS3-established,G23,178,284.5,284.0,285.0,284.5,0.2189640998840332,0.16657358407974243
DS3-established,G23,179,285.0,284.5,285.5,285.0,0.2260652482509613,0.16350044310092926
DS3-established,G23,180,285.5,285.0,286.0,285.5,0.218284010887146,0.15552851557731628
DS3-established,G23,181,286.0,285.5,286.5,286.0,0.24488034844398499,0.15788182616233826
DS3-established,G23,182,286.5,286.0,287.0,286.5,0.26990580558776855,0.20742523670196533
DS3-established,G23,183,287.0,286.5,287.5,287.0,0.2638064920902252,0.19833295047283173
DS3-established,G23,184,287.5,287.0,288.0,287.5,0.2614482045173645,0.20915886759757996
DS3-established,G23,185,288.0,287.5,288.5,288.0,0.22642768919467926,0.17349010705947876
DS3-established,G23,186,288.5,288.0,289.0,288.5,0.27755963802337646,0.2051101177930832
DS3-established,G23,187,289.0,288.5,289.5,289.0,0.33010512590408325,0.24093593657016754
DS3-established,G23,188,289.5,289.0,290.0,289.5,0.29991084337234497,0.2376672923564911
DS3-established,G23,189,290.0,289.5,290.5,290.0,0.26774442195892334,0.20293422043323517
DS3-established,G23,190,290.5,290.0,291.0,290.5,0.27203717827796936,0.21193741261959076
DS3-established,G23,191,291.0,290.5,291.5,291.0,0.2996152639389038,0.2396964281797409
DS3-established,G23,192,291.5,291.0,292.0,291.5,0.2699222266674042,0.19926805794239044
DS3-established,G23,193,292.0,291.5,292.5,292.0,0.3028305172920227,0.22172555327415466
DS3-established,G23,194,292.5,292.0,293.0,292.5,0.322285920381546,0.22957134246826172
DS3-established,G23,195,293.0,292.5,293.5,293.0,0.2625410854816437,0.19173794984817505
DS3-established,G23,196,293.5,293.0,294.0,293.5,0.2656848430633545,0.20239922404289246
DS3-established,G23,197,294.0,293.5,294.5,294.0,0.28683632612228394,0.2236136645078659
DS3-established,G23,198,294.5,294.0,295.0,294.5,0.2731821835041046,0.2172643095254898
DS3-established,G23,199,295.0,294.5,295.5,295.0,0.2568697929382324,0.1906609982252121
DS3-established,G23,200,295.5,295.0,296.0,295.5,0.2889367938041687,0.20683078467845917
DS3-established,G23,201,296.0,295.5,296.5,296.0,0.297172874212265,0.22669273614883423
DS3-established,G23,202,296.5,296.0,297.0,296.5,0.30864885449409485,0.22396554052829742
DS3-established,G23,203,297.0,296.5,297.5,297.0,0.2673153281211853,0.19757600128650665
DS3-established,G23,204,297.5,297.0,298.0,297.5,0.2540386915206909,0.18688255548477173
DS3-established,G23,205,298.0,297.5,298.5,298.0,0.3327525854110718,0.25935155153274536
DS3-established,G23,206,298.5,298.0,299.0,298.5,0.33150428533554077,0.23323602974414825
DS3-established,G23,207,299.0,298.5,299.5,299.0,0.33584317564964294,0.2428705394268036
DS3-established,G23,208,299.5,299.0,300.0,299.5,0.28492191433906555,0.21508295834064484
DS3-established,G23,209,300.0,299.5,300.5,300.0,0.2710942327976227,0.1747056096792221
DS3-established,G23,210,300.5,300.0,301.0,300.5,0.2859366238117218,0.2109702229499817
DS3-established,G23,211,301.0,300.5,301.5,301.0,0.28013479709625244,0.2134074866771698
DS3-established,G23,212,301.5,301.0,302.0,301.5,0.27707022428512573,0.20566926896572113
DS3-established,G23,213,302.0,301.5,302.5,302.0,0.29394012689590454,0.20415277779102325
DS3-established,G23,214,302.5,302.0,303.0,302.5,0.2727191746234894,0.21338839828968048
DS3-established,G23,215,303.0,302.5,303.5,303.0,0.2758607268333435,0.2128981202840805
DS3-established,G23,216,303.5,303.0,304.0,303.5,0.33053648471832275,0.23129282891750336
DS3-established,G23,217,304.0,303.5,304.5,304.0,0.34582391381263733,0.2562571167945862
DS3-established,G23,218,304.5,304.0,305.0,304.5,0.2873748540878296,0.21655310690402985
DS3-established,G23,219,305.0,304.5,305.5,305.0,0.2746243476867676,0.20384828746318817
DS3-established,G23,220,305.5,305.0,306.0,305.5,0.27963656187057495,0.2064094990491867
DS3-established,G23,221,306.0,305.5,306.5,306.0,0.24094685912132263,0.18949556350708008
DS3-established,G23,222,306.5,306.0,307.0,306.5,0.2407722920179367,0.16218845546245575
DS3-established,G23,223,307.0,306.5,307.5,307.0,0.247484490275383,0.1738898605108261
DS3-established,G23,224,307.5,307.0,308.0,307.5,0.22210583090782166,0.17818960547447205
DS3-established,G23,225,308.0,307.5,308.5,308.0,0.22945386171340942,0.17103154957294464
DS3-established,G23,226,308.5,308.0,309.0,308.5,0.26066577434539795,0.17262771725654602
DS3-established,G23,227,309.0,308.5,309.5,309.0,0.244797483086586,0.17145539820194244
DS3-established,G23,228,309.5,309.0,310.0,309.5,0.2815867066383362,0.2155347615480423
DS3-established,G23,229,310.0,309.5,310.5,310.0,0.29840368032455444,0.22014737129211426
DS3-established,G23,230,310.5,310.0,311.0,310.5,0.2842925786972046,0.2055969387292862
DS3-established,G23,231,311.0,310.5,311.5,311.0,0.29134809970855713,0.22318609058856964
DS3-established,G23,232,311.5,311.0,312.0,311.5,0.2683562636375427,0.20536331832408905
DS3-established,G23,233,312.0,311.5,312.5,312.0,0.24839824438095093,0.1886785626411438
DS3-established,G23,234,312.5,312.0,313.0,312.5,0.2796723544597626,0.21616823971271515
DS3-established,G23,235,313.0,312.5,313.5,313.0,0.2759774923324585,0.21489755809307098
DS3-established,G23,236,313.5,313.0,314.0,313.5,0.2533372640609741,0.18199601769447327
DS3-established,G23,237,314.0,313.5,314.5,314.0,0.254582017660141,0.17550623416900635
DS3-established,G23,238,314.5,314.0,315.0,314.5,0.2705640196800232,0.20910029113292694
DS3-established,G23,239,315.0,314.5,315.5,315.0,0.28351029753685,0.22196243703365326
DS3-established,G23,240,315.5,315.0,316.0,315.5,0.2891850471496582,0.2189106047153473
DS3-established,G23,241,316.0,315.5,316.5,316.0,0.2977113425731659,0.21940799057483673
DS3-established,G23,242,316.5,316.0,317.0,316.5,0.276706337928772,0.204125314950943
DS3-established,G23,243,317.0,316.5,317.5,317.0,0.2879064381122589,0.18724431097507477
DS3-established,G23,244,317.5,317.0,318.0,317.5,0.2723473608493805,0.19254474341869354
DS3-established,G23,245,318.0,317.5,318.5,318.0,0.2696191072463989,0.1944267749786377
DS3-established,G23,246,318.5,318.0,319.0,318.5,0.24666759371757507,0.18354006111621857
DS3-established,G23,247,319.0,318.5,319.5,319.0,0.23815472424030304,0.18414877355098724
DS3-established,G23,248,319.5,319.0,320.0,319.5,0.2526821494102478,0.18646438419818878
DS3-established,G23,249,320.0,319.5,320.5,320.0,0.2495347261428833,0.18978901207447052
DS3-established,G23,250,320.5,320.0,321.0,320.5,0.2521315813064575,0.19184349477291107
DS3-established,G23,251,321.0,320.5,321.5,321.0,0.25781551003456116,0.19615653157234192
DS3-established,G23,252,321.5,321.0,322.0,321.5,0.2600253224372864,0.19665244221687317
DS3-established,G23,253,322.0,321.5,322.5,322.0,0.2680637538433075,0.19083455204963684
DS3-established,G23,254,322.5,322.0,323.0,322.5,0.24657027423381805,0.17944666743278503
DS3-established,G23,255,323.0,322.5,323.5,323.0,0.251651793718338,0.1810234636068344
DS3-established,G23,256,323.5,323.0,324.0,323.5,0.27734994888305664,0.1986677646636963
DS3-established,G23,257,324.0,323.5,324.5,324.0,0.28548336029052734,0.2066878080368042
DS3-established,G23,258,324.5,324.0,325.0,324.5,0.26828113198280334,0.20502696931362152
DS3-established,G23,259,325.0,324.5,325.5,325.0,0.27329665422439575,0.20156531035900116
DS3-established,G23,260,325.5,325.0,326.0,325.5,0.2950713038444519,0.21725153923034668
DS3-established,G23,261,326.0,325.5,326.5,326.0,0.32263556122779846,0.25483596324920654
DS3-established,G23,262,326.5,326.0,327.0,326.5,0.24938762187957764,0.1897742748260498
DS3-established,G23,263,327.0,326.5,327.5,327.0,0.2346019148826599,0.18792255222797394
DS3-established,G23,264,327.5,327.0,328.0,327.5,0.30436256527900696,0.22420300543308258
DS3-established,G23,265,328.0,327.5,328.5,328.0,0.28684771060943604,0.18831045925617218
DS3-established,G23,266,328.5,328.0,329.0,328.5,0.2581523060798645,0.19427545368671417
DS3-established,G23,267,329.0,328.5,329.5,329.0,0.3327825665473938,0.2476191520690918
DS3-established,G23,268,329.5,329.0,330.0,329.5,0.2892138361930847,0.21990035474300385
DS3-established,G23,269,330.0,329.5,330.5,330.0,0.26907727122306824,0.21234865486621857
DS3-established,G23,270,330.5,330.0,331.0,330.5,0.2703140377998352,0.20811083912849426
DS3-established,G23,271,331.0,330.5,331.5,331.0,0.25669267773628235,0.20024237036705017
DS3-established,G23,272,331.5,331.0,332.0,331.5,0.28022751212120056,0.19601504504680634
DS3-established,G23,273,332.0,331.5,332.5,332.0,0.2680149972438812,0.1834457665681839
DS3-established,G23,274,332.5,332.0,333.0,332.5,0.2590876519680023,0.1875135600566864
DS3-established,G23,275,333.0,332.5,333.5,333.0,0.3166901767253876,0.25828817486763
DS3-established,G23,276,333.5,333.0,334.0,333.5,0.308023065328598,0.2404589205980301
DS3-established,G23,277,334.0,333.5,334.5,334.0,0.27988800406455994,0.2037150263786316
DS3-established,G23,278,334.5,334.0,335.0,334.5,0.2886449098587036,0.18458625674247742
DS3-established,G23,279,335.0,334.5,335.5,335.0,0.3047539293766022,0.21278303861618042
DS3-established,G23,280,335.5,335.0,336.0,335.5,0.28573378920555115,0.20808188617229462
DS3-established,G23,281,336.0,335.5,336.5,336.0,0.23521862924098969,0.1831762045621872
DS3-established,G23,282,336.5,336.0,337.0,336.5,0.29470449686050415,0.21550294756889343
DS3-established,G23,283,337.0,336.5,337.5,337.0,0.3108828663825989,0.23883825540542603
DS3-established,G23,284,337.5,337.0,338.0,337.5,0.2619076073169708,0.19645057618618011
DS3-established,G23,285,338.0,337.5,338.5,338.0,0.2486107498407364,0.17560677230358124
DS3-established,G23,286,338.5,338.0,339.0,338.5,0.30321764945983887,0.24369297921657562
DS3-established,G23,287,339.0,338.5,339.5,339.0,0.27938780188560486,0.19978483021259308
DS3-established,G23,288,339.5,339.0,340.0,339.5,0.2494886815547943,0.1837216019630432
DS3-established,G23,289,340.0,339.5,340.5,340.0,0.23318132758140564,0.17344121634960175
DS3-established,G23,290,340.5,340.0,341.0,340.5,0.22635690867900848,0.15597893297672272
DS3-established,G23,291,341.0,340.5,341.5,341.0,0.273999959230423,0.20627184212207794
DS3-established,G23,292,341.5,341.0,342.0,341.5,0.2846766412258148,0.21379444003105164
DS3-established,G23,293,342.0,341.5,342.5,342.0,0.2647257149219513,0.20278292894363403
DS3-established,G23,294,342.5,342.0,343.0,342.5,0.24504417181015015,0.18719445168972015
DS3-established,G23,295,343.0,342.5,343.5,343.0,0.23291027545928955,0.16557800769805908
DS3-established,G23,296,343.5,343.0,344.0,343.5,0.3017771244049072,0.21703849732875824
DS3-established,G23,297,344.0,343.5,344.5,344.0,0.31683552265167236,0.24621078372001648
DS3-established,G23,298,344.5,344.0,345.0,344.5,0.2427690029144287,0.18482720851898193
DS3-established,G23,299,345.0,344.5,345.5,345.0,0.278373658657074,0.21165592968463898
DS3-established,G23,300,345.5,345.0,346.0,345.5,0.26747816801071167,0.21034251153469086
DS3-established,G23,301,346.0,345.5,346.5,346.0,0.3073490262031555,0.2251284420490265
DS3-established,G23,302,346.5,346.0,347.0,346.5,0.3332335650920868,0.24872857332229614
DS3-established,G23,303,347.0,346.5,347.5,347.0,0.2796687185764313,0.20769748091697693
DS3-established,G23,304,347.5,347.0,348.0,347.5,0.2890557646751404,0.22382958233356476
DS3-established,G23,305,348.0,347.5,348.5,348.0,0.3256065845489502,0.24947725236415863
DS3-established,G23,306,348.5,348.0,349.0,348.5,0.33669528365135193,0.26021623611450195
DS3-established,G23,307,349.0,348.5,349.5,349.0,0.29906874895095825,0.2300361543893814
DS3-established,G23,308,349.5,349.0,350.0,349.5,0.27882784605026245,0.2063545137643814
DS3-established,G23,309,350.0,349.5,350.5,350.0,0.2855629324913025,0.20707809925079346
DS3-established,G23,310,350.5,350.0,351.0,350.5,0.25909867882728577,0.19140563905239105
DS3-established,G23,311,351.0,350.5,351.5,351.0,0.2716284990310669,0.19091255962848663
DS3-established,G23,312,351.5,351.0,352.0,351.5,0.30089330673217773,0.2195376753807068
DS3-established,G23,313,352.0,351.5,352.5,352.0,0.30348944664001465,0.22632773220539093
DS3-established,G23,314,352.5,352.0,353.0,352.5,0.28198298811912537,0.2123437523841858
DS3-established,G23,315,353.0,352.5,353.5,353.0,0.25463929772377014,0.20220528542995453
DS3-established,G23,316,353.5,353.0,354.0,353.5,0.23248760402202606,0.18862557411193848
DS3-established,G23,317,354.0,353.5,354.5,354.0,0.2789496183395386,0.21198689937591553
DS3-established,G23,318,354.5,354.0,355.0,354.5,0.2813062071800232,0.20006021857261658
DS3-established,G23,319,355.0,354.5,355.5,355.0,0.259061723947525,0.1932089775800705
DS3-established,G23,320,355.5,355.0,356.0,355.5,0.2813403010368347,0.22031500935554504
DS3-established,G23,321,356.0,355.5,356.5,356.0,0.3241845965385437,0.22430266439914703
DS3-established,G23,322,356.5,356.0,357.0,356.5,0.2876023054122925,0.2080868035554886
DS3-established,G23,323,357.0,356.5,357.5,357.0,0.31648069620132446,0.23791980743408203
DS3-established,G23,324,357.5,357.0,358.0,357.5,0.3359329402446747,0.2559033930301666
DS3-established,G23,325,358.0,357.5,358.5,358.0,0.29444417357444763,0.21888047456741333
DS3-established,G23,326,358.5,358.0,359.0,358.5,0.2651170492172241,0.19164253771305084
DS3-established,G23,327,359.0,358.5,359.5,359.0,0.26778122782707214,0.19636814296245575
DS3-established,G23,328,359.5,359.0,360.0,359.5,0.28937140107154846,0.21981720626354218
DS3-established,G23,329,360.0,359.5,360.5,360.0,0.3183257281780243,0.2375907450914383
DS3-established,G23,330,360.5,360.0,361.0,360.5,0.2815166115760803,0.21077418327331543
DS3-established,G23,331,361.0,360.5,361.5,361.0,0.24055631458759308,0.1799878627061844
DS3-established,G23,332,361.5,361.0,362.0,361.5,0.2509630620479584,0.1801963895559311
DS3-established,G23,333,362.0,361.5,362.5,362.0,0.2836548388004303,0.226359024643898
DS3-established,G23,334,362.5,362.0,363.0,362.5,0.3043234348297119,0.19577214121818542
DS3-established,G23,335,363.0,362.5,363.5,363.0,0.29172787070274353,0.20938608050346375
DS3-established,G23,336,363.5,363.0,364.0,363.5,0.315268337726593,0.23789088428020477
DS3-established,G23,337,364.0,363.5,364.5,364.0,0.2623952031135559,0.20098520815372467
DS3-established,G23,338,364.5,364.0,365.0,364.5,0.3022032380104065,0.24106332659721375
DS3-established,G23,339,365.0,364.5,365.5,365.0,0.3108639717102051,0.22132423520088196
DS3-established,G23,340,365.5,365.0,366.0,365.5,0.32640206813812256,0.24472872912883759
DS3-established,G23,341,366.0,365.5,366.5,366.0,0.2805119752883911,0.22005438804626465
DS3-established,G23,342,366.5,366.0,367.0,366.5,0.2650706171989441,0.20750564336776733
DS3-established,G23,343,367.0,366.5,367.5,367.0,0.3261420428752899,0.24063773453235626
DS3-established,G23,344,367.5,367.0,368.0,367.5,0.28378725051879883,0.20596034824848175
DS3-established,G23,345,368.0,367.5,368.5,368.0,0.2596743702888489,0.19760887324810028
DS3-established,G23,346,368.5,368.0,369.0,368.5,0.2915504574775696,0.2118813693523407
DS3-established,G23,347,369.0,368.5,369.5,369.0,0.2652472257614136,0.1920674592256546
DS3-established,G23,348,369.5,369.0,370.0,369.5,0.22808903455734253,0.17533090710639954
DS3-established,G23,349,370.0,369.5,370.5,370.0,0.25606679916381836,0.19442173838615417
DS3-established,G23,350,370.5,370.0,371.0,370.5,0.2803618013858795,0.20155014097690582
DS3-established,G23,351,371.0,370.5,371.5,371.0,0.2865602672100067,0.2214859127998352
DS3-established,G23,352,371.5,371.0,372.0,371.5,0.24882052838802338,0.17963337898254395
DS3-established,G23,353,372.0,371.5,372.5,372.0,0.273879736661911,0.19207262992858887
DS3-established,G23,354,372.5,372.0,373.0,372.5,0.25309500098228455,0.1786542683839798
DS3-established,G23,355,373.0,372.5,373.5,373.0,0.2325855791568756,0.16639120876789093
DS3-established,G23,356,373.5,373.0,374.0,373.5,0.290416419506073,0.2135128527879715
DS3-established,G23,357,374.0,373.5,374.5,374.0,0.2871120572090149,0.21433047950267792
DS3-established,G23,358,374.5,374.0,375.0,374.5,0.27480876445770264,0.1944172978401184
DS3-established,G23,359,375.0,374.5,375.5,375.0,0.2534865140914917,0.1982576549053192
DS3-established,G23,360,375.5,375.0,376.0,375.5,0.24578489363193512,0.18545421957969666
DS3-established,G23,361,376.0,375.5,376.5,376.0,0.24018068611621857,0.1641065627336502
DS3-established,G23,362,376.5,376.0,377.0,376.5,0.2312462478876114,0.1634102612733841
DS3-established,G23,363,377.0,376.5,377.5,377.0,0.2322000116109848,0.17606593668460846
DS3-established,G23,364,377.5,377.0,378.0,377.5,0.2541297674179077,0.18619219958782196
DS3-established,G23,365,378.0,377.5,378.5,378.0,0.2596811354160309,0.17775081098079681
DS3-established,G23,366,378.5,378.0,379.0,378.5,0.2803370952606201,0.20273099839687347
DS3-established,G23,367,379.0,378.5,379.5,379.0,0.2934732735157013,0.22968769073486328
DS3-established,G23,368,379.5,379.0,380.0,379.5,0.2952200174331665,0.23574969172477722
DS3-established,G23,369,380.0,379.5,380.5,380.0,0.26578137278556824,0.19524675607681274
DS3-established,G23,370,380.5,380.0,381.0,380.5,0.2602240741252899,0.20025531947612762
DS3-established,G23,371,381.0,380.5,381.5,381.0,0.282954603433609,0.20680268108844757
DS3-established,G23,372,381.5,381.0,382.0,381.5,0.25810980796813965,0.18971861898899078
DS3-established,G23,373,382.0,381.5,382.5,382.0,0.27634915709495544,0.209621399641037
DS3-established,G23,374,382.5,382.0,383.0,382.5,0.2884068787097931,0.22985903918743134
DS3-established,G23,375,383.0,382.5,383.5,383.0,0.24698305130004883,0.19140231609344482
DS3-established,G23,376,383.5,383.0,384.0,383.5,0.24177569150924683,0.17133496701717377
DS3-established,G23,377,384.0,383.5,384.5,384.0,0.27064815163612366,0.20516423881053925
DS3-established,G23,378,384.5,384.0,385.0,384.5,0.3232230246067047,0.2530352771282196
DS3-established,G23,379,385.0,384.5,385.5,385.0,0.33478760719299316,0.25553831458091736
DS3-established,G23,380,385.5,385.0,386.0,385.5,0.2701030969619751,0.1919524371623993
DS3-established,G23,381,386.0,385.5,386.5,386.0,0.25404196977615356,0.18471360206604004
DS3-established,G23,382,386.5,386.0,387.0,386.5,0.29833072423934937,0.22446127235889435
DS3-established,G23,383,387.0,386.5,387.5,387.0,0.26081928610801697,0.20179815590381622
DS3-established,G23,384,387.5,387.0,388.0,387.5,0.2643161416053772,0.20939232409000397
DS3-established,G23,385,388.0,387.5,388.5,388.0,0.2942749261856079,0.21252036094665527
DS3-established,G23,386,388.5,388.0,389.0,388.5,0.24440689384937286,0.18312257528305054
DS3-established,G23,387,389.0,388.5,389.5,389.0,0.2635066509246826,0.20333042740821838
DS3-established,G23,388,389.5,389.0,390.0,389.5,0.29591017961502075,0.22055009007453918
DS3-established,G23,389,390.0,389.5,390.5,390.0,0.27996259927749634,0.21069741249084473
DS3-established,G23,390,390.5,390.0,391.0,390.5,0.2719305753707886,0.2141985297203064
DS3-established,G23,391,391.0,390.5,391.5,391.0,0.2889195680618286,0.21703343093395233
DS3-established,G23,392,391.5,391.0,392.0,391.5,0.34364181756973267,0.2552255392074585
DS3-established,G23,393,392.0,391.5,392.5,392.0,0.29301244020462036,0.2251904010772705
DS3-established,G23,394,392.5,392.0,393.0,392.5,0.2704891562461853,0.21079958975315094
DS3-established,G23,395,393.0,392.5,393.5,393.0,0.29174837470054626,0.21417313814163208
DS3-established,G23,396,393.5,393.0,394.0,393.5,0.2750941514968872,0.1939573436975479
DS3-established,G23,397,394.0,393.5,394.5,394.0,0.22987395524978638,0.1662139892578125
DS3-established,G23,398,394.5,394.0,395.0,394.5,0.23916243016719818,0.17302165925502777
DS3-established,G23,399,395.0,394.5,395.5,395.0,0.30629611015319824,0.2353028804063797
DS3-established,G23,400,395.5,395.0,396.0,395.5,0.27840784192085266,0.214503213763237
DS3-established,G23,401,396.0,395.5,396.5,396.0,0.21555793285369873,0.16978245973587036
DS3-established,G23,402,396.5,396.0,397.0,396.5,0.23264732956886292,0.1710492968559265
DS3-established,G23,403,397.0,396.5,397.5,397.0,0.24340860545635223,0.19015534222126007
DS3-established,G23,404,397.5,397.0,398.0,397.5,0.24450960755348206,0.18874743580818176
DS3-established,G23,405,398.0,397.5,398.5,398.0,0.3424585461616516,0.2275703251361847
DS3-established,G23,406,398.5,398.0,399.0,398.5,0.3418456017971039,0.25379520654678345
DS3-established,G23,407,399.0,398.5,399.5,399.0,0.2871127724647522,0.21728698909282684
DS3-established,G23,408,399.5,399.0,400.0,399.5,0.29420244693756104,0.2087569534778595
DS3-established,G23,409,400.0,399.5,400.5,400.0,0.2762385308742523,0.22134460508823395
DS3-established,G23,410,400.5,400.0,401.0,400.5,0.27229657769203186,0.20548692345619202
DS3-established,G23,411,401.0,400.5,401.5,401.0,0.2622493505477905,0.19379083812236786
DS3-established,G23,412,401.5,401.0,402.0,401.5,0.21296045184135437,0.17033198475837708
DS3-established,G23,413,402.0,401.5,402.5,402.0,0.2493138462305069,0.1680831015110016
DS3-established,G23,414,402.5,402.0,403.0,402.5,0.33230534195899963,0.24114568531513214
DS3-established,G23,415,403.0,402.5,403.5,403.0,0.27312543988227844,0.20218606293201447
DS3-established,G23,416,403.5,403.0,404.0,403.5,0.2244883030653,0.1685975044965744
DS3-established,G23,417,404.0,403.5,404.5,404.0,0.24669718742370605,0.17692899703979492
DS3-established,G23,418,404.5,404.0,405.0,404.5,0.26409876346588135,0.20618663728237152
DS3-established,G23,419,405.0,404.5,405.5,405.0,0.29184019565582275,0.22345025837421417
DS3-established,G23,420,405.5,405.0,406.0,405.5,0.2910170257091522,0.20892663300037384
DS3-established,G23,421,406.0,405.5,406.5,406.0,0.27235087752342224,0.2044517695903778
DS3-established,G23,422,406.5,406.0,407.0,406.5,0.23455733060836792,0.16656652092933655
DS3-established,G23,423,407.0,406.5,407.5,407.0,0.2575048506259918,0.19220025837421417
DS3-established,G23,424,407.5,407.0,408.0,407.5,0.31280481815338135,0.23372316360473633
DS3-established,G23,425,408.0,407.5,408.5,408.0,0.28993991017341614,0.20556962490081787
DS3-established,G23,426,408.5,408.0,409.0,408.5,0.2688490152359009,0.1996830403804779
DS3-established,G23,427,409.0,408.5,409.5,409.0,0.2930748462677002,0.22263990342617035
DS3-established,G23,428,409.5,409.0,410.0,409.5,0.2944873571395874,0.21820516884326935
DS3-established,G23,429,410.0,409.5,410.5,410.0,0.2978612184524536,0.2205636352300644
DS3-established,G23,430,410.5,410.0,411.0,410.5,0.27029967308044434,0.19759762287139893
DS3-established,G23,431,411.0,410.5,411.5,411.0,0.29879966378211975,0.21069148182868958
DS3-established,G23,432,411.5,411.0,412.0,411.5,0.3151797652244568,0.2353496104478836
DS3-established,G23,433,412.0,411.5,412.5,412.0,0.28021594882011414,0.20812588930130005
DS3-established,G23,434,412.5,412.0,413.0,412.5,0.308058500289917,0.22587305307388306
DS3-established,G23,435,413.0,412.5,413.5,413.0,0.29047542810440063,0.20484210550785065
DS3-established,G23,436,413.5,413.0,414.0,413.5,0.2681768536567688,0.18381762504577637
DS3-established,G23,437,414.0,413.5,414.5,414.0,0.2741928696632385,0.2047557532787323
DS3-established,G23,438,414.5,414.0,415.0,414.5,0.2867927551269531,0.21186275780200958
DS3-established,G23,439,415.0,414.5,415.5,415.0,0.30217960476875305,0.23330651223659515
DS3-established,G23,440,415.5,415.0,416.0,415.5,0.274596631526947,0.20614184439182281
DS3-established,G23,441,416.0,415.5,416.5,416.0,0.30798429250717163,0.2417769730091095
DS3-established,G23,442,416.5,416.0,417.0,416.5,0.2825217843055725,0.19785626232624054
DS3-established,G23,443,417.0,416.5,417.5,417.0,0.25612515211105347,0.18745547533035278
DS3-established,G23,444,417.5,417.0,418.0,417.5,0.25113749504089355,0.19227081537246704
DS3-established,G23,445,418.0,417.5,418.5,418.0,0.28517478704452515,0.22075144946575165
DS3-established,G23,446,418.5,418.0,419.0,418.5,0.2950078547000885,0.2196449488401413
DS3-established,G23,447,419.0,418.5,419.5,419.0,0.24712654948234558,0.18574045598506927
DS3-established,G23,448,419.5,419.0,420.0,419.5,0.28718820214271545,0.21560154855251312
DS3-established,G23,449,420.0,419.5,420.5,420.0,0.31784743070602417,0.22009018063545227
DS3-established,G23,450,420.5,420.0,421.0,420.5,0.32664555311203003,0.2458849996328354
DS3-established,G23,451,421.0,420.5,421.5,421.0,0.3169088065624237,0.2400272637605667
DS3-established,G23,452,421.5,421.0,422.0,421.5,0.27633562684059143,0.21877528727054596
DS3-established,G23,453,422.0,421.5,422.5,422.0,0.27382218837738037,0.19235588610172272
DS3-established,G23,454,422.5,422.0,423.0,422.5,0.2959786355495453,0.21680296957492828
DS3-established,G23,455,423.0,422.5,423.5,423.0,0.28283342719078064,0.21385417878627777
DS3-established,G23,456,423.5,423.0,424.0,423.5,0.2647519111633301,0.19832339882850647
DS3-established,G23,457,424.0,423.5,424.5,424.0,0.25227826833724976,0.18654438853263855
DS3-established,G23,458,424.5,424.0,425.0,424.5,0.2478783279657364,0.18121689558029175
DS3-established,G23,459,425.0,424.5,425.5,425.0,0.27177321910858154,0.18500682711601257
DS3-established,G23,460,425.5,425.0,426.0,425.5,0.24102723598480225,0.18800802528858185
DS3-established,G23,461,426.0,425.5,426.5,426.0,0.3104153871536255,0.24427631497383118
DS3-established,G23,462,426.5,426.0,427.0,426.5,0.3470989763736725,0.2539178431034088
DS3-established,G23,463,427.0,426.5,427.5,427.0,0.28593572974205017,0.20275017619132996
DS3-established,G23,464,427.5,427.0,428.0,427.5,0.2513473331928253,0.18955554068088531
DS3-established,G23,465,428.0,427.5,428.5,428.0,0.2927780747413635,0.22077447175979614
DS3-established,G23,466,428.5,428.0,429.0,428.5,0.29215797781944275,0.21129556000232697
DS3-established,G23,467,429.0,428.5,429.5,429.0,0.24427257478237152,0.1862102448940277
DS3-established,G23,468,429.5,429.0,430.0,429.5,0.2795911729335785,0.21575762331485748
DS3-established,G23,469,430.0,429.5,430.5,430.0,0.2844861149787903,0.2186349630355835
DS3-established,G23,470,430.5,430.0,431.0,430.5,0.25949788093566895,0.1918434053659439
DS3-established,G23,471,431.0,430.5,431.5,431.0,0.27456244826316833,0.20911814272403717
DS3-established,G23,472,431.5,431.0,432.0,431.5,0.30407509207725525,0.2172737866640091
DS3-established,G23,473,432.0,431.5,432.5,432.0,0.26310086250305176,0.186963751912117
DS3-established,G23,474,432.5,432.0,433.0,432.5,0.270460307598114,0.19447800517082214
DS3-established,G23,475,433.0,432.5,433.5,433.0,0.3203635513782501,0.24531963467597961
DS3-established,G23,476,433.5,433.0,434.0,433.5,0.28874537348747253,0.2190806269645691
DS3-established,G23,477,434.0,433.5,434.5,434.0,0.2523050904273987,0.17337666451931
DS3-established,G23,478,434.5,434.0,435.0,434.5,0.2726218104362488,0.20690277218818665
DS3-established,G23,479,435.0,434.5,435.5,435.0,0.317311555147171,0.23252911865711212
DS3-established,G23,480,435.5,435.0,436.0,435.5,0.30577903985977173,0.23201341927051544
DS3-established,G23,481,436.0,435.5,436.5,436.0,0.29901742935180664,0.2332211136817932
DS3-established,G23,482,436.5,436.0,437.0,436.5,0.28281208872795105,0.21312479674816132
DS3-established,G23,483,437.0,436.5,437.5,437.0,0.27896061539649963,0.21848542988300323
DS3-established,G23,484,437.5,437.0,438.0,437.5,0.3405606150627136,0.2600775361061096
DS3-established,G23,485,438.0,437.5,438.5,438.0,0.30116719007492065,0.22725015878677368
DS3-established,G23,486,438.5,438.0,439.0,438.5,0.23917195200920105,0.18738040328025818
DS3-established,G23,487,439.0,438.5,439.5,439.0,0.21749621629714966,0.15607516467571259
DS3-established,G23,488,439.5,439.0,440.0,439.5,0.2375611811876297,0.17625170946121216
DS3-established,G23,489,440.0,439.5,440.5,440.0,0.23426102101802826,0.17941416800022125
DS3-established,G23,490,440.5,440.0,441.0,440.5,0.2547561526298523,0.1896052211523056
DS3-established,G23,491,441.0,440.5,441.5,441.0,0.28066250681877136,0.1953447163105011
DS3-established,G23,492,441.5,441.0,442.0,441.5,0.2760040760040283,0.20538650453090668
DS3-established,G23,493,442.0,441.5,442.5,442.0,0.29723212122917175,0.2178094983100891
DS3-established,G23,494,442.5,442.0,443.0,442.5,0.2863730192184448,0.18546941876411438
DS3-established,G23,495,443.0,442.5,443.5,443.0,0.22766607999801636,0.16878469288349152
DS3-established,G23,496,443.5,443.0,444.0,443.5,0.27754199504852295,0.20939843356609344
DS3-established,G23,497,444.0,443.5,444.5,444.0,0.26482656598091125,0.19419695436954498
DS3-established,G23,498,444.5,444.0,445.0,444.5,0.2839270830154419,0.21645286679267883
DS3-established,G23,499,445.0,444.5,445.5,445.0,0.30794885754585266,0.24213552474975586
DS3-established,G23,500,445.5,445.0,446.0,445.5,0.28680354356765747,0.21187931299209595
DS3-established,G23,501,446.0,445.5,446.5,446.0,0.288252055644989,0.21101878583431244
DS3-established,G23,502,446.5,446.0,447.0,446.5,0.32172486186027527,0.24251291155815125
DS3-established,G23,503,447.0,446.5,447.5,447.0,0.31017178297042847,0.23378801345825195
DS3-established,G23,504,447.5,447.0,448.0,447.5,0.2622213661670685,0.19026415050029755
DS3-established,G23,505,448.0,447.5,448.5,448.0,0.2686377763748169,0.2086387723684311
DS3-established,G23,506,448.5,448.0,449.0,448.5,0.28628501296043396,0.21868911385536194
DS3-established,G23,507,449.0,448.5,449.5,449.0,0.285873681306839,0.2038198560476303
DS3-established,G23,508,449.5,449.0,450.0,449.5,0.28019654750823975,0.22298632562160492
DS3-established,G23,509,450.0,449.5,450.5,450.0,0.26501765847206116,0.2093912810087204
DS3-established,G23,510,450.5,450.0,451.0,450.5,0.2528144419193268,0.18282866477966309
DS3-established,G23,511,451.0,450.5,451.5,451.0,0.23102043569087982,0.15568296611309052
DS3-established,G23,512,451.5,451.0,452.0,451.5,0.2790834903717041,0.19963574409484863
DS3-established,G23,513,452.0,451.5,452.5,452.0,0.3433440029621124,0.26039353013038635
DS3-established,G23,514,452.5,452.0,453.0,452.5,0.32789909839630127,0.24929006397724152
DS3-established,G23,515,453.0,452.5,453.5,453.0,0.29275304079055786,0.2157321572303772
DS3-established,G23,516,453.5,453.0,454.0,453.5,0.2845456302165985,0.215449258685112
DS3-established,G23,517,454.0,453.5,454.5,454.0,0.24883395433425903,0.18093453347682953
DS3-established,G23,518,454.5,454.0,455.0,454.5,0.24213573336601257,0.17837479710578918
DS3-established,G23,519,455.0,454.5,455.5,455.0,0.27217912673950195,0.2057623565196991
DS3-established,G23,520,455.5,455.0,456.0,455.5,0.2999561131000519,0.21352437138557434
DS3-established,G23,521,456.0,455.5,456.5,456.0,0.2803751528263092,0.219131737947464
DS3-established,G23,522,456.5,456.0,457.0,456.5,0.24014434218406677,0.17680378258228302
DS3-established,G23,523,457.0,456.5,457.5,457.0,0.2609156370162964,0.20023438334465027
DS3-established,G23,524,457.5,457.0,458.0,457.5,0.2780594527721405,0.20102234184741974
DS3-established,G30,12,241.0,240.5,241.5,241.0,0.2722611129283905,0.22045083343982697
DS3-established,G30,13,241.5,241.0,242.0,241.5,0.27925002574920654,0.22587138414382935
DS3-established,G30,14,242.0,241.5,242.5,242.0,0.29206010699272156,0.20416051149368286
DS3-established,G30,15,242.5,242.0,243.0,242.5,0.3203926980495453,0.24653932452201843
DS3-established,G30,16,243.0,242.5,243.5,243.0,0.3359856903553009,0.2594323754310608
DS3-established,G30,17,243.5,243.0,244.0,243.5,0.34042513370513916,0.28748074173927307
DS3-established,G30,18,244.0,243.5,244.5,244.0,0.3173142969608307,0.2549668848514557
DS3-established,G30,19,244.5,244.0,245.0,244.5,0.3202618360519409,0.27060747146606445
DS3-established,G30,20,245.0,244.5,245.5,245.0,0.28115421533584595,0.2417692393064499
DS3-established,G30,21,245.5,245.0,246.0,245.5,0.2922709882259369,0.20022565126419067
DS3-established,G30,22,246.0,245.5,246.5,246.0,0.3193410336971283,0.2115112990140915
DS3-established,G30,23,246.5,246.0,247.0,246.5,0.32102280855178833,0.21542984247207642
DS3-established,G30,24,247.0,246.5,247.5,247.0,0.28291046619415283,0.22149257361888885
DS3-established,G30,25,247.5,247.0,248.0,247.5,0.26963168382644653,0.19829638302326202
DS3-established,G30,26,248.0,247.5,248.5,248.0,0.2835066318511963,0.21930037438869476
DS3-established,G30,27,248.5,248.0,249.0,248.5,0.30623072385787964,0.24945741891860962
DS3-established,G30,28,249.0,248.5,249.5,249.0,0.3093115985393524,0.20809975266456604
DS3-established,G30,29,249.5,249.0,250.0,249.5,0.30906179547309875,0.21329815685749054
DS3-established,G30,30,250.0,249.5,250.5,250.0,0.30668240785598755,0.2272052764892578
DS3-established,G30,31,250.5,250.0,251.0,250.5,0.30559489130973816,0.2049047350883484
DS3-established,G30,32,251.0,250.5,251.5,251.0,0.29510071873664856,0.2439935952425003
DS3-established,G30,33,251.5,251.0,252.0,251.5,0.3058663308620453,0.17368637025356293
DS3-established,G30,34,252.0,251.5,252.5,252.0,0.29463016986846924,0.23056776821613312
DS3-established,G30,35,252.5,252.0,253.0,252.5,0.23679158091545105,0.19803814589977264
DS3-established,G30,36,253.0,252.5,253.5,253.0,0.37864404916763306,0.3177933096885681
DS3-established,G30,37,253.5,253.0,254.0,253.5,0.3799794912338257,0.30520328879356384
DS3-established,G30,38,254.0,253.5,254.5,254.0,0.30962833762168884,0.21136529743671417
DS3-established,G30,39,254.5,254.0,255.0,254.5,0.3043038249015808,0.24403095245361328
DS3-established,G30,40,255.0,254.5,255.5,255.0,0.3019982874393463,0.2134089171886444
DS3-established,G30,41,255.5,255.0,256.0,255.5,0.3833700716495514,0.24310509860515594
DS3-established,G30,42,256.0,255.5,256.5,256.0,0.36760321259498596,0.25154390931129456
DS3-established,G30,43,256.5,256.0,257.0,256.5,0.3653569221496582,0.2724663317203522
DS3-established,G30,44,257.0,256.5,257.5,257.0,0.2930091917514801,0.23978935182094574
DS3-established,G30,45,257.5,257.0,258.0,257.5,0.39020851254463196,0.3237232267856598
DS3-established,G30,46,258.0,257.5,258.5,258.0,0.21619591116905212,0.17111511528491974
DS3-established,G30,47,258.5,258.0,259.0,258.5,0.3168916404247284,0.2309110462665558
DS3-established,G30,48,259.0,258.5,259.5,259.0,0.3849690854549408,0.29767921566963196
DS3-established,G30,49,259.5,259.0,260.0,259.5,0.35051992535591125,0.29340431094169617
DS3-established,G30,50,260.0,259.5,260.5,260.0,0.36775094270706177,0.22270695865154266
DS3-established,G30,51,260.5,260.0,261.0,260.5,0.5566927194595337,0.45141416788101196
DS3-established,G30,52,261.0,260.5,261.5,261.0,0.3692619204521179,0.2827037274837494
DS3-established,G30,53,261.5,261.0,262.0,261.5,0.49951478838920593,0.38512110710144043
DS3-established,G30,54,262.0,261.5,262.5,262.0,0.49225202202796936,0.3972666561603546
DS3-established,G30,55,262.5,262.0,263.0,262.5,0.6587700843811035,0.6039468050003052
DS3-established,G30,56,263.0,262.5,263.5,263.0,0.7137468457221985,0.6120879054069519
DS3-established,G30,57,263.5,263.0,264.0,263.5,0.7364820837974548,0.6199966073036194
DS3-established,G30,58,264.0,263.5,264.5,264.0,0.8314816355705261,0.7091710567474365
DS3-established,G30,59,264.5,264.0,265.0,264.5,0.398997962474823,0.3474237024784088
DS3-established,G30,60,265.0,264.5,265.5,265.0,0.262008398771286,0.20447766780853271
DS3-established,G30,61,265.5,265.0,266.0,265.5,0.16727863252162933,0.1343832015991211
DS3-established,G30,62,266.0,265.5,266.5,266.0,0.24992667138576508,0.19204457104206085
DS3-established,G30,63,266.5,266.0,267.0,266.5,0.21375614404678345,0.16712532937526703
DS3-established,G30,64,267.0,266.5,267.5,267.0,0.3845610022544861,0.3252629339694977
DS3-established,G30,65,267.5,267.0,268.0,267.5,0.3257335424423218,0.2050548940896988
DS3-established,G30,66,268.0,267.5,268.5,268.0,0.25494566559791565,0.19672760367393494
DS3-established,G30,67,268.5,268.0,269.0,268.5,0.11264453828334808,0.08525168150663376
DS3-established,G30,68,269.0,268.5,269.5,269.0,0.3054366409778595,0.22195880115032196
DS3-established,G30,69,269.5,269.0,270.0,269.5,0.3310537338256836,0.20650871098041534
DS3-established,G30,70,270.0,269.5,270.5,270.0,0.3714512288570404,0.2939785420894623
DS3-established,G30,71,270.5,270.0,271.0,270.5,0.32411354780197144,0.2599714398384094
DS3-established,G30,72,271.0,270.5,271.5,271.0,0.4643211364746094,0.38893550634384155
DS3-established,G30,73,271.5,271.0,272.0,271.5,0.2070157378911972,0.16179855167865753
DS3-established,G30,74,272.0,271.5,272.5,272.0,0.31045249104499817,0.2329673320055008
DS3-established,G30,75,272.5,272.0,273.0,272.5,0.34263285994529724,0.28863516449928284
DS3-established,G30,76,273.0,272.5,273.5,273.0,0.28153857588768005,0.2243824005126953
DS3-established,G30,77,273.5,273.0,274.0,273.5,0.3745790421962738,0.26860299706459045
DS3-established,G30,78,274.0,273.5,274.5,274.0,0.5532063841819763,0.43332332372665405
DS3-established,G30,79,274.5,274.0,275.0,274.5,0.3991074860095978,0.2963279187679291
DS3-established,G30,80,275.0,274.5,275.5,275.0,0.3579069972038269,0.23931248486042023
DS3-established,G30,81,275.5,275.0,276.0,275.5,0.4782651662826538,0.37752023339271545
DS3-established,G30,82,276.0,275.5,276.5,276.0,0.3150307238101959,0.24590273201465607
DS3-established,G30,83,276.5,276.0,277.0,276.5,0.3837299644947052,0.2965726852416992
DS3-established,G30,84,277.0,276.5,277.5,277.0,0.5467631816864014,0.3727063238620758
DS3-established,G30,85,277.5,277.0,278.0,277.5,0.5556256771087646,0.46040821075439453
DS3-established,G30,86,278.0,277.5,278.5,278.0,0.2095079869031906,0.16586902737617493
DS3-established,G30,87,278.5,278.0,279.0,278.5,0.24550992250442505,0.2055671066045761
DS3-established,G30,88,279.0,278.5,279.5,279.0,0.32043635845184326,0.20464690029621124
DS3-established,G30,89,279.5,279.0,280.0,279.5,0.44330212473869324,0.32751092314720154
DS3-established,G30,90,280.0,279.5,280.5,280.0,0.36981457471847534,0.27108487486839294
DS3-established,G30,91,280.5,280.0,281.0,280.5,0.30727487802505493,0.23590832948684692
DS3-established,G30,92,281.0,280.5,281.5,281.0,0.20445378124713898,0.15063878893852234
DS3-established,G30,93,281.5,281.0,282.0,281.5,0.2736267149448395,0.2196083664894104
DS3-established,G30,94,282.0,281.5,282.5,282.0,0.2935931980609894,0.1903957575559616
DS3-established,G30,95,282.5,282.0,283.0,282.5,0.5594679713249207,0.3873545825481415
DS3-established,G30,96,283.0,282.5,283.5,283.0,0.297536164522171,0.23244233429431915
DS3-established,G30,97,283.5,283.0,284.0,283.5,0.4249586760997772,0.3535631000995636
DS3-established,G30,98,284.0,283.5,284.5,284.0,0.22588174045085907,0.18472740054130554
DS3-established,G30,99,284.5,284.0,285.0,284.5,0.31438663601875305,0.2333029955625534
DS3-established,G30,100,285.0,284.5,285.5,285.0,0.4520100951194763,0.36275988817214966
DS3-established,G30,101,285.5,285.0,286.0,285.5,0.3816864490509033,0.3092835247516632
DS3-established,G30,102,286.0,285.5,286.5,286.0,0.335035502910614,0.2520142197608948
DS3-established,G30,103,286.5,286.0,287.0,286.5,0.30803680419921875,0.2205512672662735
DS3-established,G30,104,287.0,286.5,287.5,287.0,0.46639004349708557,0.4050337076187134
DS3-established,G30,105,287.5,287.0,288.0,287.5,0.317546546459198,0.28279909491539
DS3-established,G30,106,288.0,287.5,288.5,288.0,0.30064988136291504,0.2395889014005661
DS3-established,G30,107,288.5,288.0,289.0,288.5,0.3291642665863037,0.2529629170894623
DS3-established,G30,108,289.0,288.5,289.5,289.0,0.32994604110717773,0.28931429982185364
DS3-established,G30,109,289.5,289.0,290.0,289.5,0.37892210483551025,0.3201684355735779
DS3-established,G30,110,290.0,289.5,290.5,290.0,0.29666751623153687,0.19441382586956024
DS3-established,G30,111,290.5,290.0,291.0,290.5,0.40830135345458984,0.2706604301929474
DS3-established,G30,112,291.0,290.5,291.5,291.0,0.29113486409187317,0.20938469469547272
DS3-established,G30,113,291.5,291.0,292.0,291.5,0.2906080186367035,0.2157626748085022
DS3-established,G30,114,292.0,291.5,292.5,292.0,0.4195455014705658,0.2582702338695526
DS3-established,G30,115,292.5,292.0,293.0,292.5,0.3530016541481018,0.20585592091083527
DS3-established,G30,116,293.0,292.5,293.5,293.0,0.435543954372406,0.3709239065647125
DS3-established,G30,117,293.5,293.0,294.0,293.5,0.4173177182674408,0.32849210500717163
DS3-established,G30,118,294.0,293.5,294.5,294.0,0.33827540278434753,0.26102685928344727
DS3-established,G30,119,294.5,294.0,295.0,294.5,0.2817394435405731,0.2315075695514679
DS3-established,G30,120,295.0,294.5,295.5,295.0,0.30536818504333496,0.23412789404392242
DS3-established,G30,121,295.5,295.0,296.0,295.5,0.1584474891424179,0.13195398449897766
DS3-established,G30,122,296.0,295.5,296.5,296.0,0.331844687461853,0.23224182426929474
DS3-established,G30,123,296.5,296.0,297.0,296.5,0.3758811950683594,0.25417816638946533
DS3-established,G30,124,297.0,296.5,297.5,297.0,0.26801007986068726,0.22010773420333862
DS3-established,G30,125,297.5,297.0,298.0,297.5,0.23870578408241272,0.18738241493701935
DS3-established,G30,126,298.0,297.5,298.5,298.0,0.4108920395374298,0.29434385895729065
DS3-established,G30,127,298.5,298.0,299.0,298.5,0.34199953079223633,0.257538765668869
DS3-established,G30,128,299.0,298.5,299.5,299.0,0.32339587807655334,0.19730280339717865
DS3-established,G30,129,299.5,299.0,300.0,299.5,0.2946036159992218,0.21147412061691284
DS3-established,G30,130,300.0,299.5,300.5,300.0,0.18105849623680115,0.15789327025413513
DS3-established,G30,131,300.5,300.0,301.0,300.5,0.23626795411109924,0.1691329926252365
DS3-established,G30,132,301.0,300.5,301.5,301.0,0.4547637403011322,0.3372633755207062
DS3-established,G30,133,301.5,301.0,302.0,301.5,0.3258605897426605,0.20039507746696472
DS3-established,G30,134,302.0,301.5,302.5,302.0,0.26776790618896484,0.21823054552078247
DS3-established,G30,135,302.5,302.0,303.0,302.5,0.4302572011947632,0.3430044949054718
DS3-established,G30,136,303.0,302.5,303.5,303.0,0.3952411413192749,0.31047526001930237
DS3-established,G30,137,303.5,303.0,304.0,303.5,0.38104936480522156,0.28242379426956177
DS3-established,G30,138,304.0,303.5,304.5,304.0,0.5515316128730774,0.4252326190471649
DS3-established,G30,139,304.5,304.0,305.0,304.5,0.4789144694805145,0.30989643931388855
DS3-established,G30,140,305.0,304.5,305.5,305.0,0.41652920842170715,0.3100501298904419
DS3-established,G30,141,305.5,305.0,306.0,305.5,0.3990733325481415,0.30408695340156555
DS3-established,G30,142,306.0,305.5,306.5,306.0,0.27010756731033325,0.21496367454528809
DS3-established,G30,143,306.5,306.0,307.0,306.5,0.23215064406394958,0.1781851202249527
DS3-established,G30,144,307.0,306.5,307.5,307.0,0.20999875664710999,0.17300935089588165
DS3-established,G30,145,307.5,307.0,308.0,307.5,0.2707001566886902,0.2069845199584961
DS3-established,G30,146,308.0,307.5,308.5,308.0,0.30849599838256836,0.24242745339870453
DS3-established,G30,147,308.5,308.0,309.0,308.5,0.3642076849937439,0.27450576424598694
DS3-established,G30,148,309.0,308.5,309.5,309.0,0.21125929057598114,0.13456636667251587
DS3-established,G30,149,309.5,309.0,310.0,309.5,0.25491514801979065,0.18346431851387024
DS3-established,G30,150,310.0,309.5,310.5,310.0,0.35936835408210754,0.2886265218257904
DS3-established,G30,151,310.5,310.0,311.0,310.5,0.26271942257881165,0.17433470487594604
DS3-established,G30,152,311.0,310.5,311.5,311.0,0.2286357581615448,0.19308626651763916
DS3-established,G30,153,311.5,311.0,312.0,311.5,0.44126641750335693,0.35001659393310547
DS3-established,G30,154,312.0,311.5,312.5,312.0,0.6329925060272217,0.4389025866985321
DS3-established,G30,155,312.5,312.0,313.0,312.5,0.5576428174972534,0.3721882998943329
DS3-established,G30,156,313.0,312.5,313.5,313.0,0.3050874173641205,0.22372286021709442
DS3-established,G30,157,313.5,313.0,314.0,313.5,0.44654953479766846,0.33276042342185974
DS3-established,G30,158,314.0,313.5,314.5,314.0,0.4075336456298828,0.32243815064430237
DS3-established,G30,159,314.5,314.0,315.0,314.5,0.4651646912097931,0.3595739006996155
DS3-established,G30,160,315.0,314.5,315.5,315.0,0.37241166830062866,0.29657307267189026
DS3-established,G30,161,315.5,315.0,316.0,315.5,0.3964693546295166,0.3168571889400482
DS3-established,G30,162,316.0,315.5,316.5,316.0,0.40362483263015747,0.30436083674430847
DS3-established,G30,163,316.5,316.0,317.0,316.5,0.6136536002159119,0.42671096324920654
DS3-established,G30,164,317.0,316.5,317.5,317.0,0.3841218054294586,0.2853006422519684
DS3-established,G30,165,317.5,317.0,318.0,317.5,0.3291640281677246,0.251924991607666
DS3-established,G30,166,318.0,317.5,318.5,318.0,0.3535480499267578,0.26690271496772766
DS3-established,G30,167,318.5,318.0,319.0,318.5,0.43687179684638977,0.35010531544685364
DS3-established,G30,168,319.0,318.5,319.5,319.0,0.571410059928894,0.4400028586387634
DS3-established,G30,169,319.5,319.0,320.0,319.5,0.45035430788993835,0.32230129837989807
DS3-established,G30,170,320.0,319.5,320.5,320.0,0.8254373669624329,0.7220905423164368
DS3-established,G30,171,320.5,320.0,321.0,320.5,0.92161625623703,0.7791351675987244
DS3-established,G30,172,321.0,320.5,321.5,321.0,0.5467810034751892,0.4426584839820862
DS3-established,G30,173,321.5,321.0,322.0,321.5,0.4621979296207428,0.38667622208595276
DS3-established,G30,174,322.0,321.5,322.5,322.0,0.29486390948295593,0.2352195829153061
DS3-established,G30,175,322.5,322.0,323.0,322.5,0.3192257881164551,0.27622970938682556
DS3-established,G30,176,323.0,322.5,323.5,323.0,0.5336671471595764,0.4550110101699829
DS3-established,G30,177,323.5,323.0,324.0,323.5,0.571739673614502,0.5029684901237488
DS3-established,G30,178,324.0,323.5,324.5,324.0,0.2955551743507385,0.2619827687740326
DS3-established,G30,179,324.5,324.0,325.0,324.5,0.37105292081832886,0.30954456329345703
DS3-established,G30,180,325.0,324.5,325.5,325.0,0.3934949040412903,0.3229146897792816
DS3-established,G30,181,325.5,325.0,326.0,325.5,0.44432106614112854,0.37441229820251465
DS3-established,G30,182,326.0,325.5,326.5,326.0,0.46121272444725037,0.3881024718284607
DS3-established,G30,183,326.5,326.0,327.0,326.5,0.41563311219215393,0.34406816959381104
DS3-established,G30,184,327.0,326.5,327.5,327.0,0.38658612966537476,0.30506986379623413
DS3-established,G30,185,327.5,327.0,328.0,327.5,0.4488028287887573,0.3997596204280853
DS3-established,G30,186,328.0,327.5,328.5,328.0,0.302680104970932,0.22335542738437653
DS3-established,G30,187,328.5,328.0,329.0,328.5,0.41980159282684326,0.37303590774536133
DS3-established,G30,188,329.0,328.5,329.5,329.0,0.4389335811138153,0.35892757773399353
DS3-established,G30,189,329.5,329.0,330.0,329.5,0.3164665102958679,0.2465450018644333
DS3-established,G30,190,330.0,329.5,330.5,330.0,0.3700171709060669,0.26427721977233887
DS3-established,G30,191,330.5,330.0,331.0,330.5,0.630761981010437,0.48565658926963806
DS3-established,G30,192,331.0,330.5,331.5,331.0,0.31106144189834595,0.26240280270576477
DS3-established,G30,193,331.5,331.0,332.0,331.5,0.3234260678291321,0.2507758140563965
DS3-established,G30,194,332.0,331.5,332.5,332.0,0.5177484750747681,0.3752412497997284
DS3-established,G30,195,332.5,332.0,333.0,332.5,0.39503970742225647,0.29839998483657837
DS3-established,G30,196,333.0,332.5,333.5,333.0,0.4333641529083252,0.3190115988254547
DS3-established,G30,197,333.5,333.0,334.0,333.5,0.4000959098339081,0.2675279676914215
DS3-established,G30,198,334.0,333.5,334.5,334.0,0.47410112619400024,0.35701844096183777
DS3-established,G30,199,334.5,334.0,335.0,334.5,0.36132317781448364,0.29294076561927795
DS3-established,G30,200,335.0,334.5,335.5,335.0,0.2952421009540558,0.2325735092163086
DS3-established,G30,201,335.5,335.0,336.0,335.5,0.43083569407463074,0.3612557649612427
DS3-established,G30,202,336.0,335.5,336.5,336.0,0.3933064043521881,0.34635093808174133
DS3-established,G30,203,336.5,336.0,337.0,336.5,0.3775814473628998,0.3026261031627655
DS3-established,G30,204,337.0,336.5,337.5,337.0,0.5640335083007812,0.48439449071884155
DS3-established,G30,205,337.5,337.0,338.0,337.5,0.6873586177825928,0.5389341115951538
DS3-established,G30,206,338.0,337.5,338.5,338.0,0.3689732551574707,0.31868258118629456
DS3-established,G30,207,338.5,338.0,339.0,338.5,0.25715357065200806,0.18491311371326447
DS3-established,G30,208,339.0,338.5,339.5,339.0,0.3331179916858673,0.23537631332874298
DS3-established,G30,209,339.5,339.0,340.0,339.5,0.41564345359802246,0.2969704270362854
DS3-established,G30,210,340.0,339.5,340.5,340.0,0.4730716049671173,0.42269366979599
DS3-established,G30,211,340.5,340.0,341.0,340.5,0.3701629936695099,0.30783310532569885
DS3-established,G30,212,341.0,340.5,341.5,341.0,0.378905326128006,0.30328917503356934
DS3-established,G30,213,341.5,341.0,342.0,341.5,0.20593465864658356,0.16479505598545074
DS3-established,G30,214,342.0,341.5,342.5,342.0,0.5074900984764099,0.3848778307437897
DS3-established,G30,215,342.5,342.0,343.0,342.5,0.4651987850666046,0.3610040843486786
DS3-established,G30,216,343.0,342.5,343.5,343.0,0.45882317423820496,0.3771127164363861
DS3-established,G30,217,343.5,343.0,344.0,343.5,0.32606086134910583,0.245078906416893
DS3-established,G30,218,344.0,343.5,344.5,344.0,0.313503235578537,0.231112539768219
DS3-established,G30,219,344.5,344.0,345.0,344.5,0.3314569592475891,0.2666437029838562
DS3-established,G30,220,345.0,344.5,345.5,345.0,0.47358936071395874,0.3718770742416382
DS3-established,G30,221,345.5,345.0,346.0,345.5,0.3877853453159332,0.2949853837490082
DS3-established,G30,222,346.0,345.5,346.5,346.0,0.40177443623542786,0.3405638337135315
DS3-established,G30,223,346.5,346.0,347.0,346.5,0.2807824909687042,0.19064950942993164
DS3-established,G30,224,347.0,346.5,347.5,347.0,0.2568720579147339,0.19055777788162231
DS3-established,G30,225,347.5,347.0,348.0,347.5,0.23177379369735718,0.17012248933315277
DS3-established,G30,226,348.0,347.5,348.5,348.0,0.3737313151359558,0.24334760010242462
DS3-established,G30,227,348.5,348.0,349.0,348.5,0.48250818252563477,0.3748244345188141
DS3-established,G30,228,349.0,348.5,349.5,349.0,0.37932780385017395,0.3357422649860382
DS3-established,G30,229,349.5,349.0,350.0,349.5,0.3566538393497467,0.2598699927330017
DS3-established,G30,230,350.0,349.5,350.5,350.0,0.6119323968887329,0.4882582724094391
DS3-established,G30,231,350.5,350.0,351.0,350.5,0.4411899149417877,0.32190752029418945
DS3-established,G30,232,351.0,350.5,351.5,351.0,0.2474021315574646,0.20150457322597504
DS3-established,G30,233,351.5,351.0,352.0,351.5,0.2785791754722595,0.22945918142795563
DS3-established,G30,234,352.0,351.5,352.5,352.0,0.3860033452510834,0.3462284505367279
DS3-established,G30,235,352.5,352.0,353.0,352.5,0.32475244998931885,0.29145747423171997
DS3-established,G30,236,353.0,352.5,353.5,353.0,0.22579355537891388,0.18129359185695648
DS3-established,G30,237,353.5,353.0,354.0,353.5,0.31236037611961365,0.24304907023906708
DS3-established,G30,238,354.0,353.5,354.5,354.0,0.34411871433258057,0.2246575653553009
DS3-established,G30,239,354.5,354.0,355.0,354.5,0.2962366044521332,0.23850281536579132
DS3-established,G30,240,355.0,354.5,355.5,355.0,0.3507700562477112,0.24020396173000336
DS3-established,G30,241,355.5,355.0,356.0,355.5,0.3323300778865814,0.22793306410312653
DS3-established,G30,242,356.0,355.5,356.5,356.0,0.22244800627231598,0.17074771225452423
DS3-established,G30,243,356.5,356.0,357.0,356.5,0.21473735570907593,0.16728635132312775
DS3-established,G30,244,357.0,356.5,357.5,357.0,0.3171173632144928,0.2244553118944168
DS3-established,G30,245,357.5,357.0,358.0,357.5,0.3375903069972992,0.2301148623228073
DS3-established,G30,246,358.0,357.5,358.5,358.0,0.3982448875904083,0.225298672914505
DS3-established,G30,247,358.5,358.0,359.0,358.5,0.2795321047306061,0.21795864403247833
DS3-established,G30,248,359.0,358.5,359.5,359.0,0.3151145577430725,0.22829607129096985
DS3-established,G30,249,359.5,359.0,360.0,359.5,0.4366915822029114,0.3482924699783325
DS3-established,G30,250,360.0,359.5,360.5,360.0,0.2639521360397339,0.2023773193359375
DS3-established,G30,251,360.5,360.0,361.0,360.5,0.20558065176010132,0.16538740694522858
DS3-established,G30,252,361.0,360.5,361.5,361.0,0.23830100893974304,0.1955767422914505
DS3-established,G30,253,361.5,361.0,362.0,361.5,0.32313913106918335,0.23158185184001923
DS3-established,G30,254,362.0,361.5,362.5,362.0,0.31478098034858704,0.23885788023471832
DS3-established,G30,255,362.5,362.0,363.0,362.5,0.28927913308143616,0.2014826387166977
DS3-established,G30,256,363.0,362.5,363.5,363.0,0.3538515567779541,0.27512797713279724
DS3-established,G30,257,363.5,363.0,364.0,363.5,0.34198829531669617,0.24376381933689117
DS3-established,G30,258,364.0,363.5,364.5,364.0,0.33400100469589233,0.2500676214694977
DS3-established,G30,259,364.5,364.0,365.0,364.5,0.323057621717453,0.2671225368976593
DS3-established,G30,260,365.0,364.5,365.5,365.0,0.35429176688194275,0.25867968797683716
DS3-established,G30,261,365.5,365.0,366.0,365.5,0.43608373403549194,0.3597988486289978
DS3-established,G30,262,366.0,365.5,366.5,366.0,0.3426072895526886,0.25183501839637756
DS3-established,G30,263,366.5,366.0,367.0,366.5,0.3363623321056366,0.25169432163238525
DS3-established,G30,264,367.0,366.5,367.5,367.0,0.41662323474884033,0.3636738955974579
DS3-established,G30,265,367.5,367.0,368.0,367.5,0.23342251777648926,0.19986578822135925
DS3-established,G30,266,368.0,367.5,368.5,368.0,0.21756704151630402,0.1560518890619278
DS3-established,G30,267,368.5,368.0,369.0,368.5,0.3756382167339325,0.29155483841896057
DS3-established,G30,268,369.0,368.5,369.5,369.0,0.486685186624527,0.419303834438324
DS3-established,G30,269,369.5,369.0,370.0,369.5,0.4573526382446289,0.40908282995224
DS3-established,G30,270,370.0,369.5,370.5,370.0,0.43619707226753235,0.32455864548683167
DS3-established,G30,271,370.5,370.0,371.0,370.5,0.6370554566383362,0.5198220014572144
DS3-established,G30,272,371.0,370.5,371.5,371.0,0.4780755937099457,0.3935871124267578
DS3-established,G30,273,371.5,371.0,372.0,371.5,0.5119708776473999,0.40205371379852295
DS3-established,G30,274,372.0,371.5,372.5,372.0,0.4620579481124878,0.38252562284469604
DS3-established,G30,275,372.5,372.0,373.0,372.5,0.37165817618370056,0.2923198938369751
DS3-established,G30,276,373.0,372.5,373.5,373.0,0.32444506883621216,0.2740631699562073
DS3-established,G30,277,373.5,373.0,374.0,373.5,0.2871814966201782,0.2428545206785202
DS3-established,G30,278,374.0,373.5,374.5,374.0,0.243014395236969,0.19024048745632172
DS3-established,G30,279,374.5,374.0,375.0,374.5,0.47117680311203003,0.35816866159439087
DS3-established,G30,280,375.0,374.5,375.5,375.0,0.2568180561065674,0.21158303320407867
DS3-established,G30,281,375.5,375.0,376.0,375.5,0.31677189469337463,0.24405182898044586
DS3-established,G30,282,376.0,375.5,376.5,376.0,0.3127468228340149,0.24076424539089203
DS3-established,G30,283,376.5,376.0,377.0,376.5,0.4056912064552307,0.31129565834999084
DS3-established,G30,284,377.0,376.5,377.5,377.0,0.34791961312294006,0.22655650973320007
DS3-established,G30,285,377.5,377.0,378.0,377.5,0.2976852357387543,0.22118860483169556
DS3-established,G30,286,378.0,377.5,378.5,378.0,0.37292400002479553,0.2835421860218048
DS3-established,G30,287,378.5,378.0,379.0,378.5,0.48699647188186646,0.39969930052757263
DS3-established,G30,288,379.0,378.5,379.5,379.0,0.3938966989517212,0.28170672059059143
DS3-established,G30,289,379.5,379.0,380.0,379.5,0.5602484941482544,0.3169194459915161
DS3-established,G30,290,380.0,379.5,380.5,380.0,0.4523949921131134,0.40343767404556274
DS3-established,G30,291,380.5,380.0,381.0,380.5,0.4739922881126404,0.3768535554409027
DS3-established,G30,292,381.0,380.5,381.5,381.0,0.3437846302986145,0.26350918412208557
DS3-established,G30,293,381.5,381.0,382.0,381.5,0.27054286003112793,0.20442959666252136
DS3-established,G30,294,382.0,381.5,382.5,382.0,0.4328464865684509,0.3203134536743164
DS3-established,G30,295,382.5,382.0,383.0,382.5,0.6969243884086609,0.5310447812080383
DS3-established,G30,296,383.0,382.5,383.5,383.0,0.7046565413475037,0.6100878119468689
DS3-established,G30,297,383.5,383.0,384.0,383.5,0.4447557032108307,0.3859608471393585
DS3-established,G30,298,384.0,383.5,384.5,384.0,0.5295407176017761,0.47477054595947266
DS3-established,G30,299,384.5,384.0,385.0,384.5,0.3308489918708801,0.24548403918743134
DS3-established,G30,300,385.0,384.5,385.5,385.0,0.3016713559627533,0.22035053372383118
DS3-established,G30,301,385.5,385.0,386.0,385.5,0.45335137844085693,0.34348931908607483
DS3-established,G30,302,386.0,385.5,386.5,386.0,0.4712790548801422,0.4132358431816101
DS3-established,G30,303,386.5,386.0,387.0,386.5,0.31633836030960083,0.2671166956424713
DS3-established,G30,304,387.0,386.5,387.5,387.0,0.2754148244857788,0.2223915010690689
DS3-established,G30,305,387.5,387.0,388.0,387.5,0.3538832366466522,0.283590167760849
DS3-established,G30,306,388.0,387.5,388.5,388.0,0.4985269010066986,0.4271637201309204
DS3-established,G30,307,388.5,388.0,389.0,388.5,0.42371878027915955,0.33316728472709656
DS3-established,G30,308,389.0,388.5,389.5,389.0,0.41883328557014465,0.3103795647621155
DS3-established,G30,309,389.5,389.0,390.0,389.5,0.3066888451576233,0.22423620522022247
DS3-established,G30,310,390.0,389.5,390.5,390.0,0.2535361349582672,0.19702892005443573
DS3-established,G30,311,390.5,390.0,391.0,390.5,0.20703044533729553,0.1700119972229004
DS3-established,G30,312,391.0,390.5,391.5,391.0,0.4513449966907501,0.37345123291015625
DS3-established,G30,313,391.5,391.0,392.0,391.5,0.4285677969455719,0.3721006512641907
DS3-established,G30,314,392.0,391.5,392.5,392.0,0.3689512610435486,0.25018641352653503
DS3-established,G30,315,392.5,392.0,393.0,392.5,0.5184690952301025,0.32546722888946533
DS3-established,G30,316,393.0,392.5,393.5,393.0,0.3626728057861328,0.2682337164878845
DS3-established,G30,317,393.5,393.0,394.0,393.5,0.29775434732437134,0.2330363392829895
DS3-established,G30,318,394.0,393.5,394.5,394.0,0.2691524028778076,0.21287938952445984
DS3-established,G30,319,394.5,394.0,395.0,394.5,0.35371196269989014,0.24092061817646027
DS3-established,G30,320,395.0,394.5,395.5,395.0,0.44426098465919495,0.29801246523857117
DS3-established,G30,321,395.5,395.0,396.0,395.5,0.32683080434799194,0.28684723377227783
DS3-established,G30,322,396.0,395.5,396.5,396.0,0.3200623393058777,0.2228289246559143
DS3-established,G30,323,396.5,396.0,397.0,396.5,0.39376509189605713,0.24428939819335938
DS3-established,G30,324,397.0,396.5,397.5,397.0,0.47890615463256836,0.3153473734855652
DS3-established,G30,325,397.5,397.0,398.0,397.5,0.3244610130786896,0.24067460000514984
DS3-established,G30,326,398.0,397.5,398.5,398.0,0.3509417474269867,0.2852957248687744
DS3-established,G30,327,398.5,398.0,399.0,398.5,0.3626791834831238,0.27611827850341797
DS3-established,G30,328,399.0,398.5,399.5,399.0,0.3378854990005493,0.25594431161880493
DS3-established,G30,329,399.5,399.0,400.0,399.5,0.3263080418109894,0.2231798768043518
DS3-established,G30,330,400.0,399.5,400.5,400.0,0.3887902796268463,0.30124518275260925
DS3-established,G30,331,400.5,400.0,401.0,400.5,0.2854268252849579,0.2120184451341629
DS3-established,G30,332,401.0,400.5,401.5,401.0,0.27302196621894836,0.202093705534935
DS3-established,G30,333,401.5,401.0,402.0,401.5,0.26331159472465515,0.20379944145679474
DS3-established,G30,334,402.0,401.5,402.5,402.0,0.3197234272956848,0.23552533984184265
DS3-established,G30,335,402.5,402.0,403.0,402.5,0.4789857864379883,0.29555976390838623
DS3-established,G30,336,403.0,402.5,403.5,403.0,0.44873958826065063,0.34179797768592834
DS3-established,G30,337,403.5,403.0,404.0,403.5,0.3974372148513794,0.26939308643341064
DS3-established,G30,338,404.0,403.5,404.5,404.0,0.40210986137390137,0.30718836188316345
DS3-established,G30,339,404.5,404.0,405.0,404.5,0.30498796701431274,0.23790468275547028
DS3-established,G30,340,405.0,404.5,405.5,405.0,0.3025076389312744,0.204663947224617
DS3-established,G30,341,405.5,405.0,406.0,405.5,0.4040558636188507,0.3195890188217163
DS3-established,G30,342,406.0,405.5,406.5,406.0,0.2987290620803833,0.21936596930027008
DS3-established,G30,343,406.5,406.0,407.0,406.5,0.35641229152679443,0.26300233602523804
DS3-established,G30,344,407.0,406.5,407.5,407.0,0.34457290172576904,0.24408841133117676
DS3-established,G30,345,407.5,407.0,408.0,407.5,0.23814652860164642,0.18222671747207642
DS3-established,G30,346,408.0,407.5,408.5,408.0,0.22969979047775269,0.20164288580417633
DS3-established,G30,347,408.5,408.0,409.0,408.5,0.23543478548526764,0.16899771988391876
DS3-established,G30,348,409.0,408.5,409.5,409.0,0.35575833916664124,0.24795839190483093
DS3-established,G30,349,409.5,409.0,410.0,409.5,0.3593907058238983,0.2840237319469452
DS3-established,G30,350,410.0,409.5,410.5,410.0,0.33296650648117065,0.2428411990404129
DS3-established,G30,351,410.5,410.0,411.0,410.5,0.39004290103912354,0.28987228870391846
DS3-established,G30,352,411.0,410.5,411.5,411.0,0.31158247590065,0.23885782063007355
DS3-established,G30,353,411.5,411.0,412.0,411.5,0.4306629002094269,0.37478241324424744
DS3-established,G30,354,412.0,411.5,412.5,412.0,0.29054954648017883,0.23125627636909485
DS3-established,G30,355,412.5,412.0,413.0,412.5,0.2431277334690094,0.17577405273914337
DS3-established,G30,356,413.0,412.5,413.5,413.0,0.3402884602546692,0.28565746545791626
DS3-established,G30,357,413.5,413.0,414.0,413.5,0.33149588108062744,0.24969489872455597
DS3-established,G30,358,414.0,413.5,414.5,414.0,0.3762182295322418,0.30441194772720337
DS3-established,G30,359,414.5,414.0,415.0,414.5,0.3090350925922394,0.24975667893886566
DS3-established,G30,360,415.0,414.5,415.5,415.0,0.21372468769550323,0.15633456408977509
DS3-established,G30,361,415.5,415.0,416.0,415.5,0.20558598637580872,0.16841769218444824
DS3-established,G30,362,416.0,415.5,416.5,416.0,0.3765636086463928,0.30265435576438904
DS3-established,G30,363,416.5,416.0,417.0,416.5,0.5511646270751953,0.33869072794914246
DS3-established,G30,364,417.0,416.5,417.5,417.0,0.40157586336135864,0.33174648880958557
DS3-established,G30,365,417.5,417.0,418.0,417.5,0.36947885155677795,0.2885833978652954
DS3-established,G30,366,418.0,417.5,418.5,418.0,0.47799035906791687,0.38289138674736023
DS3-established,G30,367,418.5,418.0,419.0,418.5,0.39715349674224854,0.2778741717338562
DS3-established,G30,368,419.0,418.5,419.5,419.0,0.31393012404441833,0.2414376437664032
DS3-established,G30,369,419.5,419.0,420.0,419.5,0.2926740050315857,0.2360871583223343
DS3-established,G30,370,420.0,419.5,420.5,420.0,0.3163410425186157,0.2601955831050873
DS3-established,G30,371,420.5,420.0,421.0,420.5,0.2033241242170334,0.15958459675312042
DS3-established,G30,372,421.0,420.5,421.5,421.0,0.31604263186454773,0.23185038566589355
DS3-established,G30,373,421.5,421.0,422.0,421.5,0.43502554297447205,0.3809106945991516
DS3-established,G30,374,422.0,421.5,422.5,422.0,0.34386497735977173,0.23815008997917175
DS3-established,G30,375,422.5,422.0,423.0,422.5,0.4944661557674408,0.44277501106262207
DS3-established,G30,376,423.0,422.5,423.5,423.0,0.497473806142807,0.3874436914920807
DS3-established,G30,377,423.5,423.0,424.0,423.5,0.39038363099098206,0.2975369989871979
DS3-established,G30,378,424.0,423.5,424.5,424.0,0.4809716045856476,0.35845592617988586
DS3-established,G30,379,424.5,424.0,425.0,424.5,0.5884096026420593,0.4349611699581146
DS3-established,G30,380,425.0,424.5,425.5,425.0,0.3322764039039612,0.28064727783203125
DS3-established,G30,381,425.5,425.0,426.0,425.5,0.24020706117153168,0.2119593322277069
DS3-established,G30,382,426.0,425.5,426.5,426.0,0.3192543387413025,0.25401782989501953
DS3-established,G30,383,426.5,426.0,427.0,426.5,0.45655643939971924,0.3460206985473633
DS3-established,G30,384,427.0,426.5,427.5,427.0,0.7043322920799255,0.5710811614990234
DS3-established,G30,385,427.5,427.0,428.0,427.5,0.3985859751701355,0.29301369190216064
DS3-established,G30,386,428.0,427.5,428.5,428.0,0.5015332102775574,0.4411982595920563
DS3-established,G30,387,428.5,428.0,429.0,428.5,0.3101491928100586,0.27215415239334106
DS3-established,G30,388,429.0,428.5,429.5,429.0,0.22848281264305115,0.12897273898124695
DS3-established,G30,389,429.5,429.0,430.0,429.5,0.4254319965839386,0.3487243056297302
DS3-established,G30,390,430.0,429.5,430.5,430.0,0.828676700592041,0.63909912109375
DS3-established,G30,391,430.5,430.0,431.0,430.5,0.4925193190574646,0.40708738565444946
DS3-established,G30,392,431.0,430.5,431.5,431.0,0.5921039581298828,0.5231683850288391
DS3-established,G30,393,431.5,431.0,432.0,431.5,0.5434688925743103,0.4392606019973755
DS3-established,G30,394,432.0,431.5,432.5,432.0,0.5548809170722961,0.4426575005054474
DS3-established,G30,395,432.5,432.0,433.0,432.5,0.2905123233795166,0.24358320236206055
DS3-established,G30,396,433.0,432.5,433.5,433.0,0.23408031463623047,0.20011089742183685
DS3-established,G30,397,433.5,433.0,434.0,433.5,0.18838275969028473,0.15876504778862
DS3-established,G30,398,434.0,433.5,434.5,434.0,0.27520138025283813,0.22457239031791687
DS3-established,G30,399,434.5,434.0,435.0,434.5,0.23195387423038483,0.17804788053035736
DS3-established,G30,400,435.0,434.5,435.5,435.0,0.3514990508556366,0.29855185747146606
DS3-established,G30,401,435.5,435.0,436.0,435.5,0.2735869586467743,0.18467698991298676
DS3-established,G30,402,436.0,435.5,436.5,436.0,0.2928938865661621,0.2122652232646942
DS3-established,G30,403,436.5,436.0,437.0,436.5,0.36337146162986755,0.2430606484413147
DS3-established,G30,404,437.0,436.5,437.5,437.0,0.30571186542510986,0.1953119933605194
DS3-established,G30,405,437.5,437.0,438.0,437.5,0.27941185235977173,0.20930971205234528
DS3-established,G30,406,438.0,437.5,438.5,438.0,0.31040158867836,0.2529233992099762
DS3-established,G30,407,438.5,438.0,439.0,438.5,0.38063615560531616,0.27619799971580505
DS3-established,G30,408,439.0,438.5,439.5,439.0,0.39651674032211304,0.3160994350910187
DS3-established,G30,409,439.5,439.0,440.0,439.5,0.33977073431015015,0.26415199041366577
DS3-established,G30,410,440.0,439.5,440.5,440.0,0.3626141846179962,0.27553075551986694
DS3-established,G30,411,440.5,440.0,441.0,440.5,0.33981114625930786,0.28103652596473694
DS3-established,G30,412,441.0,440.5,441.5,441.0,0.26322421431541443,0.1793420910835266
DS3-established,G30,413,441.5,441.0,442.0,441.5,0.4985390603542328,0.2602230906486511
DS3-established,G30,414,442.0,441.5,442.5,442.0,0.5293319821357727,0.40425077080726624
DS3-established,G30,415,442.5,442.0,443.0,442.5,0.5040459036827087,0.407193124294281
DS3-established,G30,416,443.0,442.5,443.5,443.0,0.6049554347991943,0.4772469699382782
DS3-established,G30,417,443.5,443.0,444.0,443.5,0.33081260323524475,0.28618454933166504
DS3-established,G30,418,444.0,443.5,444.5,444.0,0.29940903186798096,0.26303133368492126
DS3-established,G30,419,444.5,444.0,445.0,444.5,0.30588287115097046,0.2391347587108612
DS3-established,G30,420,445.0,444.5,445.5,445.0,0.29596012830734253,0.2077973634004593
DS3-established,G30,421,445.5,445.0,446.0,445.5,0.26314958930015564,0.2274264544248581
DS3-established,G30,422,446.0,445.5,446.5,446.0,0.3300584554672241,0.2813877463340759
DS3-established,G30,423,446.5,446.0,447.0,446.5,0.2828459143638611,0.2287861555814743
DS3-established,G30,424,447.0,446.5,447.5,447.0,0.24655066430568695,0.18803845345973969
DS3-established,G30,425,447.5,447.0,448.0,447.5,0.3596799969673157,0.30428409576416016
DS3-established,G30,426,448.0,447.5,448.5,448.0,0.38866809010505676,0.3327553868293762
DS3-established,G30,427,448.5,448.0,449.0,448.5,0.4348672032356262,0.3539641201496124
DS3-established,G30,428,449.0,448.5,449.5,449.0,0.5874757170677185,0.4639177918434143
DS3-established,G30,429,449.5,449.0,450.0,449.5,0.4336133599281311,0.35800638794898987
DS3-established,G30,430,450.0,449.5,450.5,450.0,0.3005279004573822,0.20124636590480804
DS3-established,G30,431,450.5,450.0,451.0,450.5,0.5359122157096863,0.44176286458969116
DS3-established,G30,432,451.0,450.5,451.5,451.0,0.3502998948097229,0.2822907865047455
DS3-established,G30,433,451.5,451.0,452.0,451.5,0.24598468840122223,0.1784253716468811
DS3-established,G30,434,452.0,451.5,452.5,452.0,0.315276175737381,0.2826055884361267
DS3-established,G30,435,452.5,452.0,453.0,452.5,0.3604428172111511,0.23637938499450684
DS3-established,G30,436,453.0,452.5,453.5,453.0,0.27813220024108887,0.21368207037448883
DS3-established,G30,437,453.5,453.0,454.0,453.5,0.3780890703201294,0.32170554995536804
DS3-established,G30,438,454.0,453.5,454.5,454.0,0.30873575806617737,0.2780276834964752
DS3-established,G30,439,454.5,454.0,455.0,454.5,0.4214067757129669,0.23739682137966156
DS3-established,G30,440,455.0,454.5,455.5,455.0,0.3574068546295166,0.29737722873687744
DS3-established,G30,441,455.5,455.0,456.0,455.5,0.5792462229728699,0.46459856629371643
DS3-established,G30,442,456.0,455.5,456.5,456.0,0.21177402138710022,0.1550648808479309
DS3-established,G30,443,456.5,456.0,457.0,456.5,0.31834524869918823,0.20373432338237762
DS3-established,G30,444,457.0,456.5,457.5,457.0,0.34978678822517395,0.2755657732486725
DS3-established,G30,445,457.5,457.0,458.0,457.5,0.40658530592918396,0.3324345648288727
DS3-pre_onset,G01,12,6.5,6.0,7.0,6.5,0.4104255735874176,0.3204547166824341
DS3-pre_onset,G01,13,7.0,6.5,7.5,7.0,0.8099787831306458,0.6533835530281067
DS3-pre_onset,G01,14,7.5,7.0,8.0,7.5,0.5899287462234497,0.4961371421813965
DS3-pre_onset,G01,15,8.0,7.5,8.5,8.0,1.5873085260391235,1.4289518594741821
DS3-pre_onset,G01,16,8.5,8.0,9.0,8.5,0.8395474553108215,0.7300127744674683
DS3-pre_onset,G01,17,9.0,8.5,9.5,9.0,1.2011346817016602,1.1140776872634888
DS3-pre_onset,G01,18,9.5,9.0,10.0,9.5,1.102251410484314,0.9857815504074097
DS3-pre_onset,G01,19,10.0,9.5,10.5,10.0,0.7444076538085938,0.5594124794006348
DS3-pre_onset,G01,20,10.5,10.0,11.0,10.5,0.662429690361023,0.5690072774887085
DS3-pre_onset,G01,21,11.0,10.5,11.5,11.0,0.8123120665550232,0.6487372517585754
DS3-pre_onset,G01,22,11.5,11.0,12.0,11.5,0.8319849967956543,0.6950067281723022
DS3-pre_onset,G01,23,12.0,11.5,12.5,12.0,0.47126907110214233,0.3868425190448761
DS3-pre_onset,G01,24,12.5,12.0,13.0,12.5,0.8139637112617493,0.6915112137794495
DS3-pre_onset,G01,25,13.0,12.5,13.5,13.0,0.3105635643005371,0.2605186998844147
DS3-pre_onset,G01,26,13.5,13.0,14.0,13.5,0.6389234066009521,0.561596691608429
DS3-pre_onset,G01,27,14.0,13.5,14.5,14.0,0.9535300731658936,0.8596823811531067
DS3-pre_onset,G01,28,14.5,14.0,15.0,14.5,1.9328073263168335,1.7165077924728394
DS3-pre_onset,G01,29,15.0,14.5,15.5,15.0,1.448992371559143,1.3030519485473633
DS3-pre_onset,G01,30,15.5,15.0,16.0,15.5,0.9786727428436279,0.7702767252922058
DS3-pre_onset,G01,31,16.0,15.5,16.5,16.0,0.6667664051055908,0.517936646938324
DS3-pre_onset,G01,32,16.5,16.0,17.0,16.5,1.0075132846832275,0.8695641160011292
DS3-pre_onset,G03,12,6.5,6.0,7.0,6.5,0.01639396883547306,0.009468484669923782
DS3-pre_onset,G03,13,7.0,6.5,7.5,7.0,0.015214909799396992,0.009685109369456768
DS3-pre_onset,G03,14,7.5,7.0,8.0,7.5,0.00935371033847332,0.008128325454890728
DS3-pre_onset,G03,15,8.0,7.5,8.5,8.0,0.0261736661195755,0.019591035321354866
DS3-pre_onset,G03,16,8.5,8.0,9.0,8.5,0.017078189179301262,0.014171549119055271
DS3-pre_onset,G03,17,9.0,8.5,9.5,9.0,0.021338963881134987,0.01647482067346573
DS3-pre_onset,G03,18,9.5,9.0,10.0,9.5,0.014188695698976517,0.011759700253605843
DS3-pre_onset,G03,19,10.0,9.5,10.5,10.0,0.020240584388375282,0.016821036115288734
DS3-pre_onset,G03,20,10.5,10.0,11.0,10.5,0.024787740781903267,0.022218279540538788
DS3-pre_onset,G03,21,11.0,10.5,11.5,11.0,0.021874450147151947,0.017371809110045433
DS3-pre_onset,G03,22,11.5,11.0,12.0,11.5,0.016238613054156303,0.013729472644627094
DS3-pre_onset,G03,23,12.0,11.5,12.5,12.0,0.014237401075661182,0.012132659554481506
DS3-pre_onset,G03,24,12.5,12.0,13.0,12.5,0.014495737850666046,0.012604773044586182
DS3-pre_onset,G03,25,13.0,12.5,13.5,13.0,0.02509487234055996,0.01965649053454399
DS3-pre_onset,G03,26,13.5,13.0,14.0,13.5,0.03860614821314812,0.02944829687476158
DS3-pre_onset,G03,27,14.0,13.5,14.5,14.0,0.04890450835227966,0.03929887339472771
DS3-pre_onset,G03,28,14.5,14.0,15.0,14.5,0.07028999924659729,0.053219735622406006
DS3-pre_onset,G03,29,15.0,14.5,15.5,15.0,0.035855766385793686,0.02651682123541832
DS3-pre_onset,G03,30,15.5,15.0,16.0,15.5,0.07720796018838882,0.06161389872431755
DS3-pre_onset,G03,31,16.0,15.5,16.5,16.0,0.04038052633404732,0.034538619220256805
DS3-pre_onset,G03,32,16.5,16.0,17.0,16.5,0.04618526250123978,0.03563198819756508
DS3-pre_onset,G03,33,17.0,16.5,17.5,17.0,0.024119185283780098,0.019530687481164932
DS3-pre_onset,G03,34,17.5,17.0,18.0,17.5,0.047105737030506134,0.036894746124744415
DS3-pre_onset,G03,35,18.0,17.5,18.5,18.0,0.04005885124206543,0.030890455469489098
DS3-pre_onset,G03,36,18.5,18.0,19.0,18.5,0.060195110738277435,0.04423949867486954
DS3-pre_onset,G03,37,19.0,18.5,19.5,19.0,0.04214012995362282,0.03213569149374962
DS3-pre_onset,G03,38,19.5,19.0,20.0,19.5,0.10661931335926056,0.08331902325153351
DS3-pre_onset,G03,39,20.0,19.5,20.5,20.0,0.05359692871570587,0.042364250868558884
DS3-pre_onset,G03,40,20.5,20.0,21.0,20.5,0.07652005553245544,0.05572279170155525
DS3-pre_onset,G03,41,21.0,20.5,21.5,21.0,0.046729106456041336,0.03772049397230148
DS3-pre_onset,G03,42,21.5,21.0,22.0,21.5,0.08112454414367676,0.06466131657361984
DS3-pre_onset,G03,43,22.0,21.5,22.5,22.0,0.06453726440668106,0.04343134164810181
DS3-pre_onset,G03,44,22.5,22.0,23.0,22.5,0.0710698738694191,0.055694811046123505
DS3-pre_onset,G03,45,23.0,22.5,23.5,23.0,0.04333062097430229,0.03820507973432541
DS3-pre_onset,G03,46,23.5,23.0,24.0,23.5,0.03252191096544266,0.024263979867100716
DS3-pre_onset,G03,47,24.0,23.5,24.5,24.0,0.05569573491811752,0.04270106554031372
DS3-pre_onset,G03,48,24.5,24.0,25.0,24.5,0.050138335675001144,0.04211994633078575
DS3-pre_onset,G03,49,25.0,24.5,25.5,25.0,0.03873354196548462,0.03351133316755295
DS3-pre_onset,G03,50,25.5,25.0,26.0,25.5,0.04607350379228592,0.04000614583492279
DS3-pre_onset,G03,51,26.0,25.5,26.5,26.0,0.029769163578748703,0.01956239715218544
DS3-pre_onset,G03,52,26.5,26.0,27.0,26.5,0.07825906574726105,0.06291348487138748
DS3-pre_onset,G03,53,27.0,26.5,27.5,27.0,0.07666253298521042,0.035621412098407745
DS3-pre_onset,G03,54,27.5,27.0,28.0,27.5,0.06545193493366241,0.05083471164107323
DS3-pre_onset,G03,55,28.0,27.5,28.5,28.0,0.050187114626169205,0.038247305899858475
DS3-pre_onset,G03,56,28.5,28.0,29.0,28.5,0.1017472967505455,0.07739797234535217
DS3-pre_onset,G03,57,29.0,28.5,29.5,29.0,0.05468954145908356,0.0434085950255394
DS3-pre_onset,G03,58,29.5,29.0,30.0,29.5,0.05975467339158058,0.04415616765618324
DS3-pre_onset,G03,59,30.0,29.5,30.5,30.0,0.039978548884391785,0.031042179092764854
DS3-pre_onset,G03,60,30.5,30.0,31.0,30.5,0.07825905829668045,0.05573560297489166
DS3-pre_onset,G03,61,31.0,30.5,31.5,31.0,0.03245861455798149,0.025861727073788643
DS3-pre_onset,G03,62,31.5,31.0,32.0,31.5,0.05463481694459915,0.042462900280952454
DS3-pre_onset,G03,63,32.0,31.5,32.5,32.0,0.03237931802868843,0.02437056228518486
DS3-pre_onset,G03,64,32.5,32.0,33.0,32.5,0.062243446707725525,0.04825731739401817
DS3-pre_onset,G03,65,33.0,32.5,33.5,33.0,0.07508556544780731,0.059873513877391815
DS3-pre_onset,G03,66,33.5,33.0,34.0,33.5,0.1091993972659111,0.08746334165334702
DS3-pre_onset,G03,67,34.0,33.5,34.5,34.0,0.04475376382470131,0.03247033804655075
DS3-pre_onset,G03,68,34.5,34.0,35.0,34.5,0.04063761979341507,0.032224733382463455
DS3-pre_onset,G03,69,35.0,34.5,35.5,35.0,0.062018781900405884,0.05104311183094978
DS3-pre_onset,G03,70,35.5,35.0,36.0,35.5,0.09739141166210175,0.07796792685985565
DS3-pre_onset,G03,71,36.0,35.5,36.5,36.0,0.04530525207519531,0.03659244254231453
DS3-pre_onset,G03,72,36.5,36.0,37.0,36.5,0.06440231949090958,0.04976532235741615
DS3-pre_onset,G03,73,37.0,36.5,37.5,37.0,0.04417788237333298,0.03636743128299713
DS3-pre_onset,G03,74,37.5,37.0,38.0,37.5,0.058283329010009766,0.04796868562698364
DS3-pre_onset,G03,75,38.0,37.5,38.5,38.0,0.03548825904726982,0.024143101647496223
DS3-pre_onset,G03,76,38.5,38.0,39.0,38.5,0.04126645252108574,0.03496154397726059
DS3-pre_onset,G03,77,39.0,38.5,39.5,39.0,0.021073907613754272,0.015130653977394104
DS3-pre_onset,G03,78,39.5,39.0,40.0,39.5,0.0969405397772789,0.058633286505937576
DS3-pre_onset,G03,79,40.0,39.5,40.5,40.0,0.048290446400642395,0.03609544038772583
DS3-pre_onset,G03,80,40.5,40.0,41.0,40.5,0.030140778049826622,0.021045636385679245
DS3-pre_onset,G03,81,41.0,40.5,41.5,41.0,0.08531969040632248,0.07148769497871399
DS3-pre_onset,G03,82,41.5,41.0,42.0,41.5,0.07680384814739227,0.0640946626663208
DS3-pre_onset,G03,83,42.0,41.5,42.5,42.0,0.035395823419094086,0.028157144784927368
DS3-pre_onset,G03,84,42.5,42.0,43.0,42.5,0.057845089584589005,0.04074368625879288
DS3-pre_onset,G03,85,43.0,42.5,43.5,43.0,0.05200623720884323,0.037964608520269394
DS3-pre_onset,G03,86,43.5,43.0,44.0,43.5,0.09319083392620087,0.07020625472068787
DS3-pre_onset,G03,87,44.0,43.5,44.5,44.0,0.0750604048371315,0.06644203513860703
DS3-pre_onset,G03,88,44.5,44.0,45.0,44.5,0.037279799580574036,0.031178779900074005
DS3-pre_onset,G03,89,45.0,44.5,45.5,45.0,0.04074777662754059,0.03449128195643425
DS3-pre_onset,G03,90,45.5,45.0,46.0,45.5,0.02914983034133911,0.022911781445145607
DS3-pre_onset,G03,91,46.0,45.5,46.5,46.0,0.04928763210773468,0.04242606461048126
DS3-pre_onset,G03,92,46.5,46.0,47.0,46.5,0.04539875313639641,0.029367323964834213
DS3-pre_onset,G03,93,47.0,46.5,47.5,47.0,0.12577597796916962,0.1060759648680687
DS3-pre_onset,G03,94,47.5,47.0,48.0,47.5,0.060138873755931854,0.04953570291399956
DS3-pre_onset,G03,95,48.0,47.5,48.5,48.0,0.05282703414559364,0.04496287554502487
DS3-pre_onset,G03,96,48.5,48.0,49.0,48.5,0.06028667092323303,0.04382984712719917
DS3-pre_onset,G03,97,49.0,48.5,49.5,49.0,0.08066794276237488,0.06499224156141281
DS3-pre_onset,G03,98,49.5,49.0,50.0,49.5,0.049368783831596375,0.034809812903404236
DS3-pre_onset,G03,99,50.0,49.5,50.5,50.0,0.05666372552514076,0.04617546871304512
DS3-pre_onset,G03,100,50.5,50.0,51.0,50.5,0.03556297719478607,0.028295649215579033
DS3-pre_onset,G03,101,51.0,50.5,51.5,51.0,0.04071148484945297,0.025535065680742264
DS3-pre_onset,G03,102,51.5,51.0,52.0,51.5,0.030407829210162163,0.02431354857981205
DS3-pre_onset,G03,103,52.0,51.5,52.5,52.0,0.03953181579709053,0.023163704201579094
DS3-pre_onset,G03,104,52.5,52.0,53.0,52.5,0.0719914436340332,0.06185225024819374
DS3-pre_onset,G03,105,53.0,52.5,53.5,53.0,0.03818259760737419,0.02985074184834957
DS3-pre_onset,G03,106,53.5,53.0,54.0,53.5,0.045405760407447815,0.037067022174596786
DS3-pre_onset,G03,107,54.0,53.5,54.5,54.0,0.08039368689060211,0.07140973955392838
DS3-pre_onset,G03,108,54.5,54.0,55.0,54.5,0.07863384485244751,0.06535611301660538
DS3-pre_onset,G03,109,55.0,54.5,55.5,55.0,0.04251891374588013,0.03339696303009987
DS3-pre_onset,G03,110,55.5,55.0,56.0,55.5,0.04711499065160751,0.0391717366874218
DS3-pre_onset,G03,111,56.0,55.5,56.5,56.0,0.10386437922716141,0.09002014249563217
DS3-pre_onset,G03,112,56.5,56.0,57.0,56.5,0.057153698056936264,0.049611758440732956
DS3-pre_onset,G03,113,57.0,56.5,57.5,57.0,0.04437321051955223,0.0343976654112339
DS3-pre_onset,G03,114,57.5,57.0,58.0,57.5,0.04204800724983215,0.034662798047065735
DS3-pre_onset,G03,115,58.0,57.5,58.5,58.0,0.09062626212835312,0.07893475145101547
DS3-pre_onset,G03,116,58.5,58.0,59.0,58.5,0.04990534856915474,0.04147818312048912
DS3-pre_onset,G03,117,59.0,58.5,59.5,59.0,0.09172641485929489,0.0762096717953682
DS3-pre_onset,G03,118,59.5,59.0,60.0,59.5,0.021466918289661407,0.019293496385216713
DS3-pre_onset,G03,119,60.0,59.5,60.5,60.0,0.05182972177863121,0.04057268053293228
DS3-pre_onset,G03,120,60.5,60.0,61.0,60.5,0.09604062885046005,0.07678844034671783
DS3-pre_onset,G03,121,61.0,60.5,61.5,61.0,0.08283983170986176,0.07466696202754974
DS3-pre_onset,G03,122,61.5,61.0,62.0,61.5,0.062040213495492935,0.05165975168347359
DS3-pre_onset,G03,123,62.0,61.5,62.5,62.0,0.07203066349029541,0.05088357999920845
DS3-pre_onset,G03,124,62.5,62.0,63.0,62.5,0.03751254826784134,0.03079497255384922
DS3-pre_onset,G03,125,63.0,62.5,63.5,63.0,0.0437474250793457,0.037984538823366165
DS3-pre_onset,G03,126,63.5,63.0,64.0,63.5,0.05734509974718094,0.04959505796432495
DS3-pre_onset,G03,127,64.0,63.5,64.5,64.0,0.06991592794656754,0.05744808167219162
DS3-pre_onset,G03,128,64.5,64.0,65.0,64.5,0.03330504521727562,0.026465293020009995
DS3-pre_onset,G03,129,65.0,64.5,65.5,65.0,0.055595513433218,0.04605184122920036
DS3-pre_onset,G03,130,65.5,65.0,66.0,65.5,0.029194701462984085,0.020980216562747955
DS3-pre_onset,G03,131,66.0,65.5,66.5,66.0,0.04896092787384987,0.03746616840362549
DS3-pre_onset,G03,132,66.5,66.0,67.0,66.5,0.07119668275117874,0.06210189312696457
DS3-pre_onset,G03,133,67.0,66.5,67.5,67.0,0.07479454576969147,0.061548519879579544
DS3-pre_onset,G03,134,67.5,67.0,68.0,67.5,0.05657442659139633,0.04465118795633316
DS3-pre_onset,G03,135,68.0,67.5,68.5,68.0,0.033966295421123505,0.025218358263373375
DS3-pre_onset,G03,136,68.5,68.0,69.0,68.5,0.0551220066845417,0.04725048691034317
DS3-pre_onset,G03,137,69.0,68.5,69.5,69.0,0.02206149511039257,0.017805850133299828
DS3-pre_onset,G03,138,69.5,69.0,70.0,69.5,0.05255141481757164,0.043577663600444794
DS3-pre_onset,G03,139,70.0,69.5,70.5,70.0,0.08082975447177887,0.06755577027797699
DS3-pre_onset,G03,140,70.5,70.0,71.0,70.5,0.056147243827581406,0.04035162925720215
DS3-pre_onset,G03,141,71.0,70.5,71.5,71.0,0.06731583923101425,0.05263660475611687
DS3-pre_onset,G03,142,71.5,71.0,72.0,71.5,0.06013688072562218,0.04793466255068779
DS3-pre_onset,G03,143,72.0,71.5,72.5,72.0,0.0494438000023365,0.039274267852306366
DS3-pre_onset,G03,144,72.5,72.0,73.0,72.5,0.1260817050933838,0.09642361104488373
DS3-pre_onset,G03,145,73.0,72.5,73.5,73.0,0.05058518052101135,0.04392298683524132
DS3-pre_onset,G03,146,73.5,73.0,74.0,73.5,0.04985431209206581,0.0395900197327137
DS3-pre_onset,G03,147,74.0,73.5,74.5,74.0,0.05423140525817871,0.04073341563344002
DS3-pre_onset,G03,148,74.5,74.0,75.0,74.5,0.03307030349969864,0.02396027185022831
DS3-pre_onset,G03,149,75.0,74.5,75.5,75.0,0.07706444710493088,0.06618513911962509
DS3-pre_onset,G03,150,75.5,75.0,76.0,75.5,0.018954366445541382,0.016160089522600174
DS3-pre_onset,G03,151,76.0,75.5,76.5,76.0,0.04011189192533493,0.03476222604513168
DS3-pre_onset,G03,152,76.5,76.0,77.0,76.5,0.05226011201739311,0.04200580716133118
DS3-pre_onset,G03,153,77.0,76.5,77.5,77.0,0.0698200985789299,0.05263279750943184
DS3-pre_onset,G03,154,77.5,77.0,78.0,77.5,0.06810391694307327,0.04687892273068428
DS3-pre_onset,G03,155,78.0,77.5,78.5,78.0,0.040027204900979996,0.02897966280579567
DS3-pre_onset,G03,156,78.5,78.0,79.0,78.5,0.03035741113126278,0.021600186824798584
DS3-pre_onset,G03,157,79.0,78.5,79.5,79.0,0.04529961198568344,0.037646953016519547
DS3-pre_onset,G03,158,79.5,79.0,80.0,79.5,0.03595057874917984,0.02662319503724575
DS3-pre_onset,G03,159,80.0,79.5,80.5,80.0,0.038840945810079575,0.029989540576934814
DS3-pre_onset,G03,160,80.5,80.0,81.0,80.5,0.0297958143055439,0.021957838907837868
DS3-pre_onset,G03,161,81.0,80.5,81.5,81.0,0.025477813556790352,0.01657245308160782
DS3-pre_onset,G03,162,81.5,81.0,82.0,81.5,0.0613662488758564,0.05407664552330971
DS3-pre_onset,G03,163,82.0,81.5,82.5,82.0,0.08330003172159195,0.06383489072322845
DS3-pre_onset,G03,164,82.5,82.0,83.0,82.5,0.05897636339068413,0.048898763954639435
DS3-pre_onset,G03,165,83.0,82.5,83.5,83.0,0.054594479501247406,0.04420458897948265
DS3-pre_onset,G03,166,83.5,83.0,84.0,83.5,0.045275188982486725,0.03887715935707092
DS3-pre_onset,G03,167,84.0,83.5,84.5,84.0,0.03129586577415466,0.025296255946159363
DS3-pre_onset,G03,168,84.5,84.0,85.0,84.5,0.07473806291818619,0.06091776117682457
DS3-pre_onset,G03,169,85.0,84.5,85.5,85.0,0.06017030403017998,0.05125735327601433
DS3-pre_onset,G03,170,85.5,85.0,86.0,85.5,0.05179516226053238,0.041268859058618546
DS3-pre_onset,G03,171,86.0,85.5,86.5,86.0,0.043538693338632584,0.0337991826236248
DS3-pre_onset,G03,172,86.5,86.0,87.0,86.5,0.06755775213241577,0.0563981868326664
DS3-pre_onset,G03,173,87.0,86.5,87.5,87.0,0.0742746964097023,0.0653827115893364
DS3-pre_onset,G03,174,87.5,87.0,88.0,87.5,0.09113437682390213,0.07059783488512039
DS3-pre_onset,G03,175,88.0,87.5,88.5,88.0,0.045641712844371796,0.032126180827617645
DS3-pre_onset,G03,176,88.5,88.0,89.0,88.5,0.1035449355840683,0.07654958963394165
DS3-pre_onset,G03,177,89.0,88.5,89.5,89.0,0.07000532001256943,0.058561112731695175
DS3-pre_onset,G03,178,89.5,89.0,90.0,89.5,0.0407550185918808,0.0312519334256649
DS3-pre_onset,G03,179,90.0,89.5,90.5,90.0,0.04029609262943268,0.024900849908590317
DS3-pre_onset,G03,180,90.5,90.0,91.0,90.5,0.05191463604569435,0.04072486609220505
DS3-pre_onset,G03,181,91.0,90.5,91.5,91.0,0.0641966387629509,0.04843508079648018
DS3-pre_onset,G03,182,91.5,91.0,92.0,91.5,0.02018287032842636,0.013696319423615932
DS3-pre_onset,G03,183,92.0,91.5,92.5,92.0,0.04018698260188103,0.030437972396612167
DS3-pre_onset,G03,184,92.5,92.0,93.0,92.5,0.07869312167167664,0.07189670950174332
DS3-pre_onset,G03,185,93.0,92.5,93.5,93.0,0.03303394839167595,0.029055152088403702
DS3-pre_onset,G03,186,93.5,93.0,94.0,93.5,0.05384509265422821,0.03292834013700485
DS3-pre_onset,G03,187,94.0,93.5,94.5,94.0,0.052044712007045746,0.04031607508659363
DS3-pre_onset,G03,188,94.5,94.0,95.0,94.5,0.04785441234707832,0.035154569894075394
DS3-pre_onset,G03,189,95.0,94.5,95.5,95.0,0.020998593419790268,0.01415995229035616
DS3-pre_onset,G03,190,95.5,95.0,96.0,95.5,0.05366110801696777,0.04213421419262886
DS3-pre_onset,G03,191,96.0,95.5,96.5,96.0,0.10018178075551987,0.08706448972225189
DS3-pre_onset,G03,192,96.5,96.0,97.0,96.5,0.04383242502808571,0.030898548662662506
DS3-pre_onset,G03,193,97.0,96.5,97.5,97.0,0.04056232422590256,0.032351475208997726
DS3-pre_onset,G03,194,97.5,97.0,98.0,97.5,0.06076887249946594,0.04305221512913704
DS3-pre_onset,G03,195,98.0,97.5,98.5,98.0,0.05418478697538376,0.0464785061776638
DS3-pre_onset,G03,196,98.5,98.0,99.0,98.5,0.07492417097091675,0.05834761634469032
DS3-pre_onset,G03,197,99.0,98.5,99.5,99.0,0.05128517746925354,0.038597363978624344
DS3-pre_onset,G03,198,99.5,99.0,100.0,99.5,0.03918005898594856,0.032165560871362686
DS3-pre_onset,G03,199,100.0,99.5,100.5,100.0,0.06561486423015594,0.047202691435813904
DS3-pre_onset,G03,200,100.5,100.0,101.0,100.5,0.03663128241896629,0.030107391998171806
DS3-pre_onset,G03,201,101.0,100.5,101.5,101.0,0.05523582547903061,0.04448523372411728
DS3-pre_onset,G03,202,101.5,101.0,102.0,101.5,0.06364867836236954,0.05167399346828461
DS3-pre_onset,G03,203,102.0,101.5,102.5,102.0,0.046208783984184265,0.03725643455982208
DS3-pre_onset,G03,204,102.5,102.0,103.0,102.5,0.10193675756454468,0.08452920615673065
DS3-pre_onset,G03,205,103.0,102.5,103.5,103.0,0.07078485935926437,0.06425538659095764
DS3-pre_onset,G03,206,103.5,103.0,104.0,103.5,0.015973227098584175,0.012819034047424793
DS3-pre_onset,G03,207,104.0,103.5,104.5,104.0,0.0792163759469986,0.06274747848510742
DS3-pre_onset,G03,208,104.5,104.0,105.0,104.5,0.02788511849939823,0.02287241816520691
DS3-pre_onset,G03,209,105.0,104.5,105.5,105.0,0.07381414622068405,0.05757303908467293
DS3-pre_onset,G03,210,105.5,105.0,106.0,105.5,0.03288282826542854,0.025089457631111145
DS3-pre_onset,G03,211,106.0,105.5,106.5,106.0,0.11930003762245178,0.09762586653232574
DS3-pre_onset,G03,212,106.5,106.0,107.0,106.5,0.029951682314276695,0.02540864609181881
DS3-pre_onset,G03,213,107.0,106.5,107.5,107.0,0.03740115091204643,0.0312756709754467
DS3-pre_onset,G03,214,107.5,107.0,108.0,107.5,0.058667052537202835,0.05291749909520149
DS3-pre_onset,G03,215,108.0,107.5,108.5,108.0,0.07689014077186584,0.059706516563892365
DS3-pre_onset,G03,216,108.5,108.0,109.0,108.5,0.13083241879940033,0.10713325440883636
DS3-pre_onset,G03,217,109.0,108.5,109.5,109.0,0.04773840680718422,0.043243665248155594
DS3-pre_onset,G03,218,109.5,109.0,110.0,109.5,0.10013873130083084,0.07181709259748459
DS3-pre_onset,G03,219,110.0,109.5,110.5,110.0,0.0722036212682724,0.05890580639243126
DS3-pre_onset,G03,220,110.5,110.0,111.0,110.5,0.0438915379345417,0.03757806494832039
DS3-pre_onset,G03,221,111.0,110.5,111.5,111.0,0.036446619778871536,0.03061211109161377
DS3-pre_onset,G03,222,111.5,111.0,112.0,111.5,0.05186273530125618,0.04191453382372856
DS3-pre_onset,G03,223,112.0,111.5,112.5,112.0,0.03698326274752617,0.027876146137714386
DS3-pre_onset,G03,224,112.5,112.0,113.0,112.5,0.045730508863925934,0.03990050032734871
DS3-pre_onset,G03,225,113.0,112.5,113.5,113.0,0.07117193192243576,0.058976318687200546
DS3-pre_onset,G03,226,113.5,113.0,114.0,113.5,0.044363733381032944,0.03736235573887825
DS3-pre_onset,G03,227,114.0,113.5,114.5,114.0,0.04156124219298363,0.03179960325360298
DS3-pre_onset,G03,228,114.5,114.0,115.0,114.5,0.04636603593826294,0.035828106105327606
DS3-pre_onset,G03,229,115.0,114.5,115.5,115.0,0.04017220810055733,0.025313789024949074
DS3-pre_onset,G03,230,115.5,115.0,116.0,115.5,0.08481062203645706,0.058293238282203674
DS3-pre_onset,G03,231,116.0,115.5,116.5,116.0,0.053360678255558014,0.04254307225346565
DS3-pre_onset,G03,232,116.5,116.0,117.0,116.5,0.06592050194740295,0.05796525254845619
DS3-pre_onset,G03,233,117.0,116.5,117.5,117.0,0.061818331480026245,0.0495603047311306
DS3-pre_onset,G03,234,117.5,117.0,118.0,117.5,0.08286430686712265,0.06312703341245651
DS3-pre_onset,G03,235,118.0,117.5,118.5,118.0,0.029721474274992943,0.02144506573677063
DS3-pre_onset,G03,236,118.5,118.0,119.0,118.5,0.07395406812429428,0.06597619503736496
DS3-pre_onset,G04,12,22.0,21.5,22.5,22.0,0.2038905769586563,0.14865677058696747
DS3-pre_onset,G04,13,22.5,22.0,23.0,22.5,0.31228503584861755,0.21908129751682281
DS3-pre_onset,G04,14,23.0,22.5,23.5,23.0,0.5010228753089905,0.4498697519302368
DS3-pre_onset,G04,15,23.5,23.0,24.0,23.5,0.12237756699323654,0.1007586196064949
DS3-pre_onset,G04,16,24.0,23.5,24.5,24.0,0.2593769133090973,0.21613729000091553
DS3-pre_onset,G04,17,24.5,24.0,25.0,24.5,0.380141019821167,0.3030800521373749
DS3-pre_onset,G04,18,25.0,24.5,25.5,25.0,1.0106855630874634,0.8477258086204529
DS3-pre_onset,G04,19,25.5,25.0,26.0,25.5,0.9779635071754456,0.9016920924186707
DS3-pre_onset,G04,20,26.0,25.5,26.5,26.0,0.8720317482948303,0.781199038028717
DS3-pre_onset,G04,21,26.5,26.0,27.0,26.5,1.3189889192581177,1.1947780847549438
DS3-pre_onset,G04,22,27.0,26.5,27.5,27.0,1.2845652103424072,1.1817771196365356
DS3-pre_onset,G04,23,27.5,27.0,28.0,27.5,0.5128173828125,0.44958215951919556
DS3-pre_onset,G04,24,28.0,27.5,28.5,28.0,0.40459883213043213,0.32454559206962585
DS3-pre_onset,G04,25,28.5,28.0,29.0,28.5,1.2725739479064941,1.0124268531799316
DS3-pre_onset,G04,26,29.0,28.5,29.5,29.0,1.6441075801849365,1.4044448137283325
DS3-pre_onset,G04,27,29.5,29.0,30.0,29.5,0.5633228421211243,0.4491331875324249
DS3-pre_onset,G04,28,30.0,29.5,30.5,30.0,1.0421416759490967,0.9156773090362549
DS3-pre_onset,G04,29,30.5,30.0,31.0,30.5,2.5719540119171143,2.353130340576172
DS3-pre_onset,G04,30,31.0,30.5,31.5,31.0,1.8213309049606323,1.680571436882019
DS3-pre_onset,G04,31,31.5,31.0,32.0,31.5,0.5229647755622864,0.3868015706539154
DS3-pre_onset,G04,32,32.0,31.5,32.5,32.0,0.7138161063194275,0.6360763907432556
DS3-pre_onset,G04,33,32.5,32.0,33.0,32.5,0.7644480466842651,0.6554959416389465
DS3-pre_onset,G06,12,6.5,6.0,7.0,6.5,0.011981350369751453,0.009855416603386402
DS3-pre_onset,G06,13,7.0,6.5,7.5,7.0,0.014811818487942219,0.008894165977835655
DS3-pre_onset,G06,14,7.5,7.0,8.0,7.5,0.02214815840125084,0.017607569694519043
DS3-pre_onset,G06,15,8.0,7.5,8.5,8.0,0.016054606065154076,0.012272728607058525
DS3-pre_onset,G06,16,8.5,8.0,9.0,8.5,0.013856964185833931,0.009969481267035007
DS3-pre_onset,G06,17,9.0,8.5,9.5,9.0,0.022051338106393814,0.014899177476763725
DS3-pre_onset,G06,18,9.5,9.0,10.0,9.5,0.01929125376045704,0.015571930445730686
DS3-pre_onset,G06,19,10.0,9.5,10.5,10.0,0.016742879524827003,0.010641250759363174
DS3-pre_onset,G06,20,10.5,10.0,11.0,10.5,0.022875379770994186,0.01723637245595455
DS3-pre_onset,G06,21,11.0,10.5,11.5,11.0,0.015256605111062527,0.012022529728710651
DS3-pre_onset,G06,22,11.5,11.0,12.0,11.5,0.01393158733844757,0.010007131844758987
DS3-pre_onset,G06,23,12.0,11.5,12.5,12.0,0.03433731198310852,0.027992017567157745
DS3-pre_onset,G06,24,12.5,12.0,13.0,12.5,0.029388725757598877,0.02144804038107395
DS3-pre_onset,G06,25,13.0,12.5,13.5,13.0,0.04159587621688843,0.03127170354127884
DS3-pre_onset,G06,26,13.5,13.0,14.0,13.5,0.03633556142449379,0.02523326501250267
DS3-pre_onset,G06,27,14.0,13.5,14.5,14.0,0.09028466045856476,0.06139414757490158
DS3-pre_onset,G06,28,14.5,14.0,15.0,14.5,0.07254090905189514,0.05005849152803421
DS3-pre_onset,G06,29,15.0,14.5,15.5,15.0,0.16985031962394714,0.1529535949230194
DS3-pre_onset,G06,30,15.5,15.0,16.0,15.5,0.049266424030065536,0.04179255664348602
DS3-pre_onset,G06,31,16.0,15.5,16.5,16.0,0.07446090131998062,0.062317173928022385
DS3-pre_onset,G06,32,16.5,16.0,17.0,16.5,0.08184786885976791,0.07284874469041824
DS3-pre_onset,G06,33,17.0,16.5,17.5,17.0,0.0399673730134964,0.0288285743445158
DS3-pre_onset,G06,34,17.5,17.0,18.0,17.5,0.09119810163974762,0.06519191712141037
DS3-pre_onset,G06,35,18.0,17.5,18.5,18.0,0.13079188764095306,0.11331244558095932
DS3-pre_onset,G06,36,18.5,18.0,19.0,18.5,0.09234372526407242,0.07739569246768951
DS3-pre_onset,G06,37,19.0,18.5,19.5,19.0,0.10152395069599152,0.08051317185163498
DS3-pre_onset,G06,38,19.5,19.0,20.0,19.5,0.04947798699140549,0.03520224615931511
DS3-pre_onset,G06,39,20.0,19.5,20.5,20.0,0.07565533369779587,0.0603715181350708
DS3-pre_onset,G06,40,20.5,20.0,21.0,20.5,0.10076127201318741,0.07272692769765854
DS3-pre_onset,G06,41,21.0,20.5,21.5,21.0,0.07341403514146805,0.05330275371670723
DS3-pre_onset,G06,42,21.5,21.0,22.0,21.5,0.15072551369667053,0.12433997541666031
DS3-pre_onset,G06,43,22.0,21.5,22.5,22.0,0.059966620057821274,0.05124450474977493
DS3-pre_onset,G06,44,22.5,22.0,23.0,22.5,0.0454409159719944,0.03569786995649338
DS3-pre_onset,G06,45,23.0,22.5,23.5,23.0,0.04423347860574722,0.037934575229883194
DS3-pre_onset,G06,46,23.5,23.0,24.0,23.5,0.047219038009643555,0.039216332137584686
DS3-pre_onset,G06,47,24.0,23.5,24.5,24.0,0.0712510272860527,0.059951502829790115
DS3-pre_onset,G06,48,24.5,24.0,25.0,24.5,0.0928802564740181,0.07462092489004135
DS3-pre_onset,G06,49,25.0,24.5,25.5,25.0,0.061338573694229126,0.04354207590222359
DS3-pre_onset,G06,50,25.5,25.0,26.0,25.5,0.054952941834926605,0.04112856835126877
DS3-pre_onset,G06,51,26.0,25.5,26.5,26.0,0.07465610653162003,0.05310122296214104
DS3-pre_onset,G06,52,26.5,26.0,27.0,26.5,0.11617439240217209,0.0815574899315834
DS3-pre_onset,G06,53,27.0,26.5,27.5,27.0,0.05023585632443428,0.034091148525476456
DS3-pre_onset,G06,54,27.5,27.0,28.0,27.5,0.09949550777673721,0.08051653206348419
DS3-pre_onset,G06,55,28.0,27.5,28.5,28.0,0.05846608430147171,0.0457657128572464
DS3-pre_onset,G06,56,28.5,28.0,29.0,28.5,0.08300021290779114,0.055822405964136124
DS3-pre_onset,G06,57,29.0,28.5,29.5,29.0,0.07793422043323517,0.06822231411933899
DS3-pre_onset,G06,58,29.5,29.0,30.0,29.5,0.039607178419828415,0.03381019085645676
DS3-pre_onset,G06,59,30.0,29.5,30.5,30.0,0.04541623964905739,0.03281455487012863
DS3-pre_onset,G06,60,30.5,30.0,31.0,30.5,0.08245223015546799,0.056291911751031876
DS3-pre_onset,G06,61,31.0,30.5,31.5,31.0,0.13790060579776764,0.12054327875375748
DS3-pre_onset,G06,62,31.5,31.0,32.0,31.5,0.09229303151369095,0.07262347638607025
DS3-pre_onset,G06,63,32.0,31.5,32.5,32.0,0.11045298725366592,0.09387379884719849
DS3-pre_onset,G06,64,32.5,32.0,33.0,32.5,0.07102759182453156,0.05828114226460457
DS3-pre_onset,G06,65,33.0,32.5,33.5,33.0,0.08127333223819733,0.06269335746765137
DS3-pre_onset,G06,66,33.5,33.0,34.0,33.5,0.07883293926715851,0.05704936012625694
DS3-pre_onset,G06,67,34.0,33.5,34.5,34.0,0.10098692774772644,0.08157119899988174
DS3-pre_onset,G06,68,34.5,34.0,35.0,34.5,0.09302646666765213,0.07191101461648941
DS3-pre_onset,G06,69,35.0,34.5,35.5,35.0,0.11681841313838959,0.10239128023386002
DS3-pre_onset,G06,70,35.5,35.0,36.0,35.5,0.11649104207754135,0.10877183824777603
DS3-pre_onset,G06,71,36.0,35.5,36.5,36.0,0.0413067527115345,0.0348450243473053
DS3-pre_onset,G06,72,36.5,36.0,37.0,36.5,0.07983612269163132,0.0671968162059784
DS3-pre_onset,G06,73,37.0,36.5,37.5,37.0,0.07335459440946579,0.05488210916519165
DS3-pre_onset,G06,74,37.5,37.0,38.0,37.5,0.06904782354831696,0.057523053139448166
DS3-pre_onset,G06,75,38.0,37.5,38.5,38.0,0.04872719943523407,0.04365609958767891
DS3-pre_onset,G06,76,38.5,38.0,39.0,38.5,0.053038351237773895,0.043226197361946106
DS3-pre_onset,G06,77,39.0,38.5,39.5,39.0,0.046523839235305786,0.038365524262189865
DS3-pre_onset,G06,78,39.5,39.0,40.0,39.5,0.07906445115804672,0.06999517977237701
DS3-pre_onset,G06,79,40.0,39.5,40.5,40.0,0.09501675516366959,0.07083917409181595
DS3-pre_onset,G06,80,40.5,40.0,41.0,40.5,0.07172729074954987,0.06545598059892654
DS3-pre_onset,G06,81,41.0,40.5,41.5,41.0,0.04637002944946289,0.03890399634838104
DS3-pre_onset,G06,82,41.5,41.0,42.0,41.5,0.060998495668172836,0.04691826552152634
DS3-pre_onset,G06,83,42.0,41.5,42.5,42.0,0.026084253564476967,0.02027924545109272
DS3-pre_onset,G06,84,42.5,42.0,43.0,42.5,0.08544445037841797,0.058632832020521164
DS3-pre_onset,G06,85,43.0,42.5,43.5,43.0,0.06621132791042328,0.053927112370729446
DS3-pre_onset,G06,86,43.5,43.0,44.0,43.5,0.056255973875522614,0.04435209557414055
DS3-pre_onset,G06,87,44.0,43.5,44.5,44.0,0.03978338837623596,0.035748425871133804
DS3-pre_onset,G06,88,44.5,44.0,45.0,44.5,0.06399480998516083,0.050579607486724854
DS3-pre_onset,G06,89,45.0,44.5,45.5,45.0,0.043503329157829285,0.035016655921936035
DS3-pre_onset,G06,90,45.5,45.0,46.0,45.5,0.07338645309209824,0.05925342068076134
DS3-pre_onset,G06,91,46.0,45.5,46.5,46.0,0.12891240417957306,0.10215861350297928
DS3-pre_onset,G06,92,46.5,46.0,47.0,46.5,0.07868999987840652,0.050394829362630844
DS3-pre_onset,G06,93,47.0,46.5,47.5,47.0,0.05523370951414108,0.04561325162649155
DS3-pre_onset,G06,94,47.5,47.0,48.0,47.5,0.07852543890476227,0.0617942288517952
DS3-pre_onset,G06,95,48.0,47.5,48.5,48.0,0.09136516600847244,0.0646187886595726
DS3-pre_onset,G06,96,48.5,48.0,49.0,48.5,0.07079477608203888,0.052410710602998734
DS3-pre_onset,G06,97,49.0,48.5,49.5,49.0,0.10326587408781052,0.07925651967525482
DS3-pre_onset,G06,98,49.5,49.0,50.0,49.5,0.050419870764017105,0.0442645438015461
DS3-pre_onset,G06,99,50.0,49.5,50.5,50.0,0.09533275663852692,0.07609188556671143
DS3-pre_onset,G06,100,50.5,50.0,51.0,50.5,0.13167376816272736,0.1034371629357338
DS3-pre_onset,G06,101,51.0,50.5,51.5,51.0,0.05131566897034645,0.04147520288825035
DS3-pre_onset,G06,102,51.5,51.0,52.0,51.5,0.07410909235477448,0.05973305180668831
DS3-pre_onset,G06,103,52.0,51.5,52.5,52.0,0.07256250828504562,0.060924530029296875
DS3-pre_onset,G06,104,52.5,52.0,53.0,52.5,0.07325250655412674,0.0631050243973732
DS3-pre_onset,G06,105,53.0,52.5,53.5,53.0,0.10006213933229446,0.07341547310352325
DS3-pre_onset,G06,106,53.5,53.0,54.0,53.5,0.060438673943281174,0.033246349543333054
DS3-pre_onset,G06,107,54.0,53.5,54.5,54.0,0.0629357174038887,0.04618019238114357
DS3-pre_onset,G06,108,54.5,54.0,55.0,54.5,0.09669072926044464,0.07463099807500839
DS3-pre_onset,G06,109,55.0,54.5,55.5,55.0,0.055082909762859344,0.042730946093797684
DS3-pre_onset,G06,110,55.5,55.0,56.0,55.5,0.04545619338750839,0.037229105830192566
DS3-pre_onset,G06,111,56.0,55.5,56.5,56.0,0.056831419467926025,0.04732564464211464
DS3-pre_onset,G06,112,56.5,56.0,57.0,56.5,0.02097433991730213,0.017151793465018272
DS3-pre_onset,G06,113,57.0,56.5,57.5,57.0,0.1314554214477539,0.12127665430307388
DS3-pre_onset,G06,114,57.5,57.0,58.0,57.5,0.07890406996011734,0.06224195286631584
DS3-pre_onset,G06,115,58.0,57.5,58.5,58.0,0.11040398478507996,0.09931311011314392
DS3-pre_onset,G06,116,58.5,58.0,59.0,58.5,0.15261900424957275,0.12138210237026215
DS3-pre_onset,G06,117,59.0,58.5,59.5,59.0,0.05460119619965553,0.04202214628458023
DS3-pre_onset,G06,118,59.5,59.0,60.0,59.5,0.10448849946260452,0.09381506592035294
DS3-pre_onset,G06,119,60.0,59.5,60.5,60.0,0.11824087053537369,0.08728104829788208
DS3-pre_onset,G06,120,60.5,60.0,61.0,60.5,0.09165451675653458,0.06263978034257889
DS3-pre_onset,G06,121,61.0,60.5,61.5,61.0,0.0883970856666565,0.06391838937997818
DS3-pre_onset,G06,122,61.5,61.0,62.0,61.5,0.049554113298654556,0.03860495984554291
DS3-pre_onset,G06,123,62.0,61.5,62.5,62.0,0.11467557400465012,0.08563940227031708
DS3-pre_onset,G06,124,62.5,62.0,63.0,62.5,0.06646182388067245,0.055498916655778885
DS3-pre_onset,G06,125,63.0,62.5,63.5,63.0,0.18002775311470032,0.16087491810321808
DS3-pre_onset,G06,126,63.5,63.0,64.0,63.5,0.06686709076166153,0.05387238413095474
DS3-pre_onset,G06,127,64.0,63.5,64.5,64.0,0.05831054225564003,0.046433113515377045
DS3-pre_onset,G06,128,64.5,64.0,65.0,64.5,0.08390559256076813,0.06707727164030075
DS3-pre_onset,G06,129,65.0,64.5,65.5,65.0,0.07758131623268127,0.058969803154468536
DS3-pre_onset,G06,130,65.5,65.0,66.0,65.5,0.11214922368526459,0.08403680473566055
DS3-pre_onset,G06,131,66.0,65.5,66.5,66.0,0.06845320016145706,0.049176961183547974
DS3-pre_onset,G06,132,66.5,66.0,67.0,66.5,0.07056193798780441,0.05689382553100586
DS3-pre_onset,G06,133,67.0,66.5,67.5,67.0,0.03468067944049835,0.025120530277490616
DS3-pre_onset,G06,134,67.5,67.0,68.0,67.5,0.0646485686302185,0.0580112487077713
DS3-pre_onset,G06,135,68.0,67.5,68.5,68.0,0.05756301432847977,0.0458962507545948
DS3-pre_onset,G06,136,68.5,68.0,69.0,68.5,0.08513177931308746,0.06181934103369713
DS3-pre_onset,G06,137,69.0,68.5,69.5,69.0,0.07337686419487,0.06170323118567467
DS3-pre_onset,G06,138,69.5,69.0,70.0,69.5,0.05111614987254143,0.03652828931808472
DS3-pre_onset,G06,139,70.0,69.5,70.5,70.0,0.06541822850704193,0.0507156141102314
DS3-pre_onset,G06,140,70.5,70.0,71.0,70.5,0.048703812062740326,0.03372456133365631
DS3-pre_onset,G06,141,71.0,70.5,71.5,71.0,0.06810151785612106,0.05814121291041374
DS3-pre_onset,G06,142,71.5,71.0,72.0,71.5,0.10376729816198349,0.0828050747513771
DS3-pre_onset,G06,143,72.0,71.5,72.5,72.0,0.16944700479507446,0.15004105865955353
DS3-pre_onset,G06,144,72.5,72.0,73.0,72.5,0.05340932682156563,0.040676552802324295
DS3-pre_onset,G06,145,73.0,72.5,73.5,73.0,0.12005727738142014,0.09027092158794403
DS3-pre_onset,G06,146,73.5,73.0,74.0,73.5,0.05417779088020325,0.04699242115020752
DS3-pre_onset,G06,147,74.0,73.5,74.5,74.0,0.06517826020717621,0.055574338883161545
DS3-pre_onset,G06,148,74.5,74.0,75.0,74.5,0.08498503267765045,0.06746850907802582
DS3-pre_onset,G06,149,75.0,74.5,75.5,75.0,0.13880403339862823,0.11193712800741196
DS3-pre_onset,G06,150,75.5,75.0,76.0,75.5,0.04280736669898033,0.035675667226314545
DS3-pre_onset,G06,151,76.0,75.5,76.5,76.0,0.10620035231113434,0.0999082699418068
DS3-pre_onset,G06,152,76.5,76.0,77.0,76.5,0.11129772663116455,0.08809801936149597
DS3-pre_onset,G06,153,77.0,76.5,77.5,77.0,0.06866011768579483,0.06001398339867592
DS3-pre_onset,G06,154,77.5,77.0,78.0,77.5,0.0721730887889862,0.05745599791407585
DS3-pre_onset,G06,155,78.0,77.5,78.5,78.0,0.05255598947405815,0.04184180498123169
DS3-pre_onset,G06,156,78.5,78.0,79.0,78.5,0.057030677795410156,0.041742078959941864
DS3-pre_onset,G06,157,79.0,78.5,79.5,79.0,0.061778854578733444,0.054268479347229004
DS3-pre_onset,G06,158,79.5,79.0,80.0,79.5,0.06116433069109917,0.044293470680713654
DS3-pre_onset,G06,159,80.0,79.5,80.5,80.0,0.07386969774961472,0.06528913229703903
DS3-pre_onset,G06,160,80.5,80.0,81.0,80.5,0.03390555828809738,0.027005990967154503
DS3-pre_onset,G06,161,81.0,80.5,81.5,81.0,0.046234600245952606,0.03603179007768631
DS3-pre_onset,G06,162,81.5,81.0,82.0,81.5,0.04952511191368103,0.03824407607316971
DS3-pre_onset,G06,163,82.0,81.5,82.5,82.0,0.08086933940649033,0.07010723650455475
DS3-pre_onset,G06,164,82.5,82.0,83.0,82.5,0.04396819695830345,0.03598405793309212
DS3-pre_onset,G06,165,83.0,82.5,83.5,83.0,0.13301828503608704,0.10689122974872589
DS3-pre_onset,G06,166,83.5,83.0,84.0,83.5,0.09767420589923859,0.06968658417463303
DS3-pre_onset,G06,167,84.0,83.5,84.5,84.0,0.1702757179737091,0.12396272271871567
DS3-pre_onset,G06,168,84.5,84.0,85.0,84.5,0.062166083604097366,0.048846594989299774
DS3-pre_onset,G06,169,85.0,84.5,85.5,85.0,0.07082067430019379,0.057323746383190155
DS3-pre_onset,G06,170,85.5,85.0,86.0,85.5,0.07897013425827026,0.0665191262960434
DS3-pre_onset,G06,171,86.0,85.5,86.5,86.0,0.07256118953227997,0.05490048602223396
DS3-pre_onset,G06,172,86.5,86.0,87.0,86.5,0.0318666435778141,0.027147000655531883
DS3-pre_onset,G06,173,87.0,86.5,87.5,87.0,0.04840927571058273,0.042936477810144424
DS3-pre_onset,G06,174,87.5,87.0,88.0,87.5,0.10992520302534103,0.08314304798841476
DS3-pre_onset,G06,175,88.0,87.5,88.5,88.0,0.052354417741298676,0.044180978089571
DS3-pre_onset,G06,176,88.5,88.0,89.0,88.5,0.059383638203144073,0.05282800272107124
DS3-pre_onset,G06,177,89.0,88.5,89.5,89.0,0.07524373382329941,0.05802829936146736
DS3-pre_onset,G06,178,89.5,89.0,90.0,89.5,0.05410976707935333,0.039919834583997726
DS3-pre_onset,G06,179,90.0,89.5,90.5,90.0,0.04392443597316742,0.030199283733963966
DS3-pre_onset,G06,180,90.5,90.0,91.0,90.5,0.07728448510169983,0.06555050611495972
DS3-pre_onset,G06,181,91.0,90.5,91.5,91.0,0.09802757203578949,0.06746843457221985
DS3-pre_onset,G06,182,91.5,91.0,92.0,91.5,0.028233280405402184,0.021209754049777985
DS3-pre_onset,G06,183,92.0,91.5,92.5,92.0,0.07617831975221634,0.06605160236358643
DS3-pre_onset,G06,184,92.5,92.0,93.0,92.5,0.03884052112698555,0.02841758169233799
DS3-pre_onset,G06,185,93.0,92.5,93.5,93.0,0.16630814969539642,0.13847023248672485
DS3-pre_onset,G06,186,93.5,93.0,94.0,93.5,0.07597821205854416,0.058107443153858185
DS3-pre_onset,G06,187,94.0,93.5,94.5,94.0,0.03632752224802971,0.030719803646206856
DS3-pre_onset,G06,188,94.5,94.0,95.0,94.5,0.0758775845170021,0.060560524463653564
DS3-pre_onset,G06,189,95.0,94.5,95.5,95.0,0.10131710767745972,0.08538930863142014
DS3-pre_onset,G06,190,95.5,95.0,96.0,95.5,0.07921062409877777,0.06818177551031113
DS3-pre_onset,G06,191,96.0,95.5,96.5,96.0,0.08720990270376205,0.07381394505500793
DS3-pre_onset,G06,192,96.5,96.0,97.0,96.5,0.05935267359018326,0.04555033519864082
DS3-pre_onset,G06,193,97.0,96.5,97.5,97.0,0.04952825605869293,0.04178186133503914
DS3-pre_onset,G06,194,97.5,97.0,98.0,97.5,0.03988554701209068,0.03472231701016426
DS3-pre_onset,G06,195,98.0,97.5,98.5,98.0,0.15946932137012482,0.1462550312280655
DS3-pre_onset,G06,196,98.5,98.0,99.0,98.5,0.06746537983417511,0.058334920555353165
DS3-pre_onset,G06,197,99.0,98.5,99.5,99.0,0.08749351650476456,0.07391820847988129
DS3-pre_onset,G06,198,99.5,99.0,100.0,99.5,0.0837448239326477,0.07248290628194809
DS3-pre_onset,G06,199,100.0,99.5,100.5,100.0,0.09552524238824844,0.07516145706176758
DS3-pre_onset,G06,200,100.5,100.0,101.0,100.5,0.08063691854476929,0.0562189482152462
DS3-pre_onset,G06,201,101.0,100.5,101.5,101.0,0.0819208100438118,0.07496237754821777
DS3-pre_onset,G06,202,101.5,101.0,102.0,101.5,0.05672898888587952,0.04985710605978966
DS3-pre_onset,G06,203,102.0,101.5,102.5,102.0,0.04082008823752403,0.03484158590435982
DS3-pre_onset,G06,204,102.5,102.0,103.0,102.5,0.03638206422328949,0.025026431307196617
DS3-pre_onset,G06,205,103.0,102.5,103.5,103.0,0.047658588737249374,0.03245436027646065
DS3-pre_onset,G06,206,103.5,103.0,104.0,103.5,0.030218306928873062,0.026484081521630287
DS3-pre_onset,G06,207,104.0,103.5,104.5,104.0,0.12990349531173706,0.10241895169019699
DS3-pre_onset,G06,208,104.5,104.0,105.0,104.5,0.11801405251026154,0.0822574645280838
DS3-pre_onset,G06,209,105.0,104.5,105.5,105.0,0.0569993294775486,0.04886874184012413
DS3-pre_onset,G06,210,105.5,105.0,106.0,105.5,0.0887988954782486,0.07058336585760117
DS3-pre_onset,G06,211,106.0,105.5,106.5,106.0,0.039015479385852814,0.028976235538721085
DS3-pre_onset,G06,212,106.5,106.0,107.0,106.5,0.06714341044425964,0.05931181460618973
DS3-pre_onset,G06,213,107.0,106.5,107.5,107.0,0.11545982211828232,0.09815942496061325
DS3-pre_onset,G06,214,107.5,107.0,108.0,107.5,0.09664753079414368,0.08113149553537369
DS3-pre_onset,G06,215,108.0,107.5,108.5,108.0,0.13459137082099915,0.10500989109277725
DS3-pre_onset,G06,216,108.5,108.0,109.0,108.5,0.056562211364507675,0.050149962306022644
DS3-pre_onset,G06,217,109.0,108.5,109.5,109.0,0.027275994420051575,0.02075403369963169
DS3-pre_onset,G06,218,109.5,109.0,110.0,109.5,0.18252982199192047,0.1497323215007782
DS3-pre_onset,G06,219,110.0,109.5,110.5,110.0,0.034241683781147,0.02777733840048313
DS3-pre_onset,G06,220,110.5,110.0,111.0,110.5,0.056426938623189926,0.042704276740550995
DS3-pre_onset,G06,221,111.0,110.5,111.5,111.0,0.09195369482040405,0.07069188356399536
DS3-pre_onset,G06,222,111.5,111.0,112.0,111.5,0.05872536450624466,0.04405390843749046
DS3-pre_onset,G06,223,112.0,111.5,112.5,112.0,0.03785468637943268,0.03073246218264103
DS3-pre_onset,G06,224,112.5,112.0,113.0,112.5,0.10409791767597198,0.08399210125207901
DS3-pre_onset,G06,225,113.0,112.5,113.5,113.0,0.04427110031247139,0.038150280714035034
DS3-pre_onset,G06,226,113.5,113.0,114.0,113.5,0.06472714990377426,0.04988021031022072
DS3-pre_onset,G06,227,114.0,113.5,114.5,114.0,0.04803810641169548,0.03563398867845535
DS3-pre_onset,G06,228,114.5,114.0,115.0,114.5,0.0909290537238121,0.0651838406920433
DS3-pre_onset,G06,229,115.0,114.5,115.5,115.0,0.06543580442667007,0.052398499101400375
DS3-pre_onset,G06,230,115.5,115.0,116.0,115.5,0.0860634595155716,0.07095438987016678
DS3-pre_onset,G06,231,116.0,115.5,116.5,116.0,0.07867752015590668,0.05049630627036095
DS3-pre_onset,G06,232,116.5,116.0,117.0,116.5,0.04591411352157593,0.031144943088293076
DS3-pre_onset,G06,233,117.0,116.5,117.5,117.0,0.06129661947488785,0.056071121245622635
DS3-pre_onset,G06,234,117.5,117.0,118.0,117.5,0.08536422997713089,0.07343542575836182
DS3-pre_onset,G06,235,118.0,117.5,118.5,118.0,0.07197696715593338,0.06338820606470108
DS3-pre_onset,G06,236,118.5,118.0,119.0,118.5,0.030335290357470512,0.024587908759713173
DS3-pre_onset,G07,12,6.5,6.0,7.0,6.5,0.05159873887896538,0.03999362140893936
DS3-pre_onset,G07,13,7.0,6.5,7.5,7.0,0.06941524893045425,0.053532931953668594
DS3-pre_onset,G07,14,7.5,7.0,8.0,7.5,0.03531071916222572,0.020915955305099487
DS3-pre_onset,G07,15,8.0,7.5,8.5,8.0,0.02629985474050045,0.021869424730539322
DS3-pre_onset,G07,16,8.5,8.0,9.0,8.5,0.04240459203720093,0.03389560431241989
DS3-pre_onset,G07,17,9.0,8.5,9.5,9.0,0.04555565491318703,0.037739839404821396
DS3-pre_onset,G07,18,9.5,9.0,10.0,9.5,0.03583935648202896,0.03007841855287552
DS3-pre_onset,G07,19,10.0,9.5,10.5,10.0,0.029355112463235855,0.02527048997581005
DS3-pre_onset,G07,20,10.5,10.0,11.0,10.5,0.0356990285217762,0.03199714422225952
DS3-pre_onset,G07,21,11.0,10.5,11.5,11.0,0.0580737441778183,0.05049880966544151
DS3-pre_onset,G07,22,11.5,11.0,12.0,11.5,0.05128950625658035,0.044261593371629715
DS3-pre_onset,G07,23,12.0,11.5,12.5,12.0,0.03665991500020027,0.032160136848688126
DS3-pre_onset,G07,24,12.5,12.0,13.0,12.5,0.05026871711015701,0.04560885950922966
DS3-pre_onset,G07,25,13.0,12.5,13.5,13.0,0.06475148350000381,0.05871620401740074
DS3-pre_onset,G07,26,13.5,13.0,14.0,13.5,0.14787079393863678,0.13101328909397125
DS3-pre_onset,G07,27,14.0,13.5,14.5,14.0,0.1532045304775238,0.13187383115291595
DS3-pre_onset,G07,28,14.5,14.0,15.0,14.5,0.07496713101863861,0.055168505758047104
DS3-pre_onset,G07,29,15.0,14.5,15.5,15.0,0.23097380995750427,0.21370382606983185
DS3-pre_onset,G07,30,15.5,15.0,16.0,15.5,0.10959707200527191,0.09053299576044083
DS3-pre_onset,G07,31,16.0,15.5,16.5,16.0,0.04882773756980896,0.039403777569532394
DS3-pre_onset,G07,32,16.5,16.0,17.0,16.5,0.08904272317886353,0.07301902770996094
DS3-pre_onset,G07,33,17.0,16.5,17.5,17.0,0.09371747821569443,0.07935789227485657
DS3-pre_onset,G07,34,17.5,17.0,18.0,17.5,0.1004808098077774,0.08113760501146317
DS3-pre_onset,G07,35,18.0,17.5,18.5,18.0,0.05511404946446419,0.042200345546007156
DS3-pre_onset,G07,36,18.5,18.0,19.0,18.5,0.04355127364397049,0.034015901386737823
DS3-pre_onset,G07,37,19.0,18.5,19.5,19.0,0.09564455598592758,0.07741914689540863
DS3-pre_onset,G07,38,19.5,19.0,20.0,19.5,0.07901287078857422,0.06118800863623619
DS3-pre_onset,G07,39,20.0,19.5,20.5,20.0,0.07174697518348694,0.05630425736308098
DS3-pre_onset,G07,40,20.5,20.0,21.0,20.5,0.09630680084228516,0.07887062430381775
DS3-pre_onset,G07,41,21.0,20.5,21.5,21.0,0.07793468981981277,0.0642876997590065
DS3-pre_onset,G07,42,21.5,21.0,22.0,21.5,0.05325670167803764,0.04225646331906319
DS3-pre_onset,G07,43,22.0,21.5,22.5,22.0,0.03980382904410362,0.03491061180830002
DS3-pre_onset,G07,44,22.5,22.0,23.0,22.5,0.12298417091369629,0.11195250600576401
DS3-pre_onset,G07,45,23.0,22.5,23.5,23.0,0.13147538900375366,0.08798707276582718
DS3-pre_onset,G07,46,23.5,23.0,24.0,23.5,0.026169490069150925,0.02150549925863743
DS3-pre_onset,G07,47,24.0,23.5,24.5,24.0,0.1287899613380432,0.09995882958173752
DS3-pre_onset,G07,48,24.5,24.0,25.0,24.5,0.10607243329286575,0.08014664798974991
DS3-pre_onset,G07,49,25.0,24.5,25.5,25.0,0.09449926018714905,0.0831693559885025
DS3-pre_onset,G07,50,25.5,25.0,26.0,25.5,0.08295046538114548,0.07438119500875473
DS3-pre_onset,G07,51,26.0,25.5,26.5,26.0,0.10538697242736816,0.08174946904182434
DS3-pre_onset,G07,52,26.5,26.0,27.0,26.5,0.06222164258360863,0.053343795239925385
DS3-pre_onset,G07,53,27.0,26.5,27.5,27.0,0.12237588316202164,0.09656161069869995
DS3-pre_onset,G07,54,27.5,27.0,28.0,27.5,0.10853422433137894,0.10112178325653076
DS3-pre_onset,G07,55,28.0,27.5,28.5,28.0,0.05185699090361595,0.04249333590269089
DS3-pre_onset,G07,56,28.5,28.0,29.0,28.5,0.08662405610084534,0.07010176032781601
DS3-pre_onset,G07,57,29.0,28.5,29.5,29.0,0.09109161049127579,0.07381153106689453
DS3-pre_onset,G07,58,29.5,29.0,30.0,29.5,0.11847075074911118,0.10106454789638519
DS3-pre_onset,G07,59,30.0,29.5,30.5,30.0,0.05330260097980499,0.04138471558690071
DS3-pre_onset,G07,60,30.5,30.0,31.0,30.5,0.06127803772687912,0.03943130746483803
DS3-pre_onset,G07,61,31.0,30.5,31.5,31.0,0.09675764292478561,0.08798455446958542
DS3-pre_onset,G07,62,31.5,31.0,32.0,31.5,0.09915339946746826,0.06589619070291519
DS3-pre_onset,G07,63,32.0,31.5,32.5,32.0,0.11078003793954849,0.08750808238983154
DS3-pre_onset,G07,64,32.5,32.0,33.0,32.5,0.08296418935060501,0.07145121693611145
DS3-pre_onset,G07,65,33.0,32.5,33.5,33.0,0.06601878255605698,0.04851863905787468
DS3-pre_onset,G07,66,33.5,33.0,34.0,33.5,0.059573158621788025,0.045561447739601135
DS3-pre_onset,G07,67,34.0,33.5,34.5,34.0,0.13669748604297638,0.1267891228199005
DS3-pre_onset,G07,68,34.5,34.0,35.0,34.5,0.03909086436033249,0.03123512491583824
DS3-pre_onset,G07,69,35.0,34.5,35.5,35.0,0.04743427038192749,0.04037194699048996
DS3-pre_onset,G07,70,35.5,35.0,36.0,35.5,0.06064758822321892,0.051589954644441605
DS3-pre_onset,G07,71,36.0,35.5,36.5,36.0,0.09925764054059982,0.08024372905492783
DS3-pre_onset,G07,72,36.5,36.0,37.0,36.5,0.0551120899617672,0.04447315260767937
DS3-pre_onset,G07,73,37.0,36.5,37.5,37.0,0.12760266661643982,0.10888297110795975
DS3-pre_onset,G07,74,37.5,37.0,38.0,37.5,0.10551733523607254,0.091082863509655
DS3-pre_onset,G07,75,38.0,37.5,38.5,38.0,0.0646633505821228,0.048642028123140335
DS3-pre_onset,G07,76,38.5,38.0,39.0,38.5,0.09239429980516434,0.08339864015579224
DS3-pre_onset,G07,77,39.0,38.5,39.5,39.0,0.092464879155159,0.0806969627737999
DS3-pre_onset,G07,78,39.5,39.0,40.0,39.5,0.045323051512241364,0.03179944306612015
DS3-pre_onset,G07,79,40.0,39.5,40.5,40.0,0.10329822450876236,0.0752781555056572
DS3-pre_onset,G07,80,40.5,40.0,41.0,40.5,0.06513534486293793,0.050094783306121826
DS3-pre_onset,G07,81,41.0,40.5,41.5,41.0,0.09861476719379425,0.07256507873535156
DS3-pre_onset,G07,82,41.5,41.0,42.0,41.5,0.13876593112945557,0.11683881282806396
DS3-pre_onset,G07,83,42.0,41.5,42.5,42.0,0.06818114966154099,0.055339451879262924
DS3-pre_onset,G07,84,42.5,42.0,43.0,42.5,0.1043967753648758,0.09093377739191055
DS3-pre_onset,G07,85,43.0,42.5,43.5,43.0,0.07953542470932007,0.06829152256250381
DS3-pre_onset,G07,86,43.5,43.0,44.0,43.5,0.05097058042883873,0.04307376220822334
DS3-pre_onset,G07,87,44.0,43.5,44.5,44.0,0.03296751156449318,0.025232749059796333
DS3-pre_onset,G07,88,44.5,44.0,45.0,44.5,0.04274751618504524,0.03104344941675663
DS3-pre_onset,G07,89,45.0,44.5,45.5,45.0,0.07966594398021698,0.0638381764292717
DS3-pre_onset,G07,90,45.5,45.0,46.0,45.5,0.06576766073703766,0.04867415875196457
DS3-pre_onset,G07,91,46.0,45.5,46.5,46.0,0.09515063464641571,0.06614051014184952
DS3-pre_onset,G07,92,46.5,46.0,47.0,46.5,0.08751865476369858,0.07975948601961136
DS3-pre_onset,G07,93,47.0,46.5,47.5,47.0,0.10007292777299881,0.07871061563491821
DS3-pre_onset,G07,94,47.5,47.0,48.0,47.5,0.056426648050546646,0.04705674946308136
DS3-pre_onset,G07,95,48.0,47.5,48.5,48.0,0.041158270090818405,0.031836748123168945
DS3-pre_onset,G07,96,48.5,48.0,49.0,48.5,0.08117960393428802,0.06937821209430695
DS3-pre_onset,G07,97,49.0,48.5,49.5,49.0,0.11877189576625824,0.111225925385952
DS3-pre_onset,G07,98,49.5,49.0,50.0,49.5,0.07909803837537766,0.06860289722681046
DS3-pre_onset,G07,99,50.0,49.5,50.5,50.0,0.11874929815530777,0.09423144906759262
DS3-pre_onset,G07,100,50.5,50.0,51.0,50.5,0.03636300563812256,0.030199434608221054
DS3-pre_onset,G07,101,51.0,50.5,51.5,51.0,0.09075924009084702,0.07799647748470306
DS3-pre_onset,G07,102,51.5,51.0,52.0,51.5,0.052086010575294495,0.03926175832748413
DS3-pre_onset,G07,103,52.0,51.5,52.5,52.0,0.07202482968568802,0.06421563774347305
DS3-pre_onset,G07,104,52.5,52.0,53.0,52.5,0.1115531176328659,0.09394638985395432
DS3-pre_onset,G07,105,53.0,52.5,53.5,53.0,0.06626959145069122,0.049267079681158066
DS3-pre_onset,G07,106,53.5,53.0,54.0,53.5,0.12040209025144577,0.08259635418653488
DS3-pre_onset,G07,107,54.0,53.5,54.5,54.0,0.1819313019514084,0.15825527906417847
DS3-pre_onset,G07,108,54.5,54.0,55.0,54.5,0.18967461585998535,0.17023269832134247
DS3-pre_onset,G07,109,55.0,54.5,55.5,55.0,0.13807366788387299,0.08639083057641983
DS3-pre_onset,G07,110,55.5,55.0,56.0,55.5,0.07572253048419952,0.0666852816939354
DS3-pre_onset,G07,111,56.0,55.5,56.5,56.0,0.06693917512893677,0.055908747017383575
DS3-pre_onset,G07,112,56.5,56.0,57.0,56.5,0.05270284414291382,0.0371842235326767
DS3-pre_onset,G07,113,57.0,56.5,57.5,57.0,0.1689099669456482,0.13617075979709625
DS3-pre_onset,G07,114,57.5,57.0,58.0,57.5,0.03736189380288124,0.0325024276971817
DS3-pre_onset,G07,115,58.0,57.5,58.5,58.0,0.05951076000928879,0.030052078887820244
DS3-pre_onset,G07,116,58.5,58.0,59.0,58.5,0.04735108092427254,0.04163322597742081
DS3-pre_onset,G07,117,59.0,58.5,59.5,59.0,0.09849764406681061,0.08064941316843033
DS3-pre_onset,G07,118,59.5,59.0,60.0,59.5,0.1447940617799759,0.1136099100112915
DS3-pre_onset,G07,119,60.0,59.5,60.5,60.0,0.09394407272338867,0.06998670101165771
DS3-pre_onset,G07,120,60.5,60.0,61.0,60.5,0.08281239867210388,0.07246432453393936
DS3-pre_onset,G07,121,61.0,60.5,61.5,61.0,0.10747885704040527,0.08865988254547119
DS3-pre_onset,G07,122,61.5,61.0,62.0,61.5,0.0929277315735817,0.08488249778747559
DS3-pre_onset,G07,123,62.0,61.5,62.5,62.0,0.18322347104549408,0.16352960467338562
DS3-pre_onset,G07,124,62.5,62.0,63.0,62.5,0.0894278734922409,0.07254914194345474
DS3-pre_onset,G07,125,63.0,62.5,63.5,63.0,0.059540122747421265,0.04646193981170654
DS3-pre_onset,G07,126,63.5,63.0,64.0,63.5,0.14077213406562805,0.12178315222263336
DS3-pre_onset,G07,127,64.0,63.5,64.5,64.0,0.12745891511440277,0.10751356184482574
DS3-pre_onset,G07,128,64.5,64.0,65.0,64.5,0.04477069526910782,0.03485676646232605
DS3-pre_onset,G07,129,65.0,64.5,65.5,65.0,0.03074485808610916,0.026251306757330894
DS3-pre_onset,G07,130,65.5,65.0,66.0,65.5,0.060612499713897705,0.042296845465898514
DS3-pre_onset,G07,131,66.0,65.5,66.5,66.0,0.09630824625492096,0.07066801190376282
DS3-pre_onset,G07,132,66.5,66.0,67.0,66.5,0.036510925740003586,0.026462867856025696
DS3-pre_onset,G07,133,67.0,66.5,67.5,67.0,0.025738433003425598,0.020956257358193398
DS3-pre_onset,G07,134,67.5,67.0,68.0,67.5,0.04156346991658211,0.029218919575214386
DS3-pre_onset,G07,135,68.0,67.5,68.5,68.0,0.052174437791109085,0.0439428947865963
DS3-pre_onset,G07,136,68.5,68.0,69.0,68.5,0.07824576646089554,0.06267313659191132
DS3-pre_onset,G07,137,69.0,68.5,69.5,69.0,0.16605527698993683,0.1384517401456833
DS3-pre_onset,G07,138,69.5,69.0,70.0,69.5,0.09230654686689377,0.07311242073774338
DS3-pre_onset,G07,139,70.0,69.5,70.5,70.0,0.03915649279952049,0.030200954526662827
DS3-pre_onset,G07,140,70.5,70.0,71.0,70.5,0.06830673664808273,0.05436646565794945
DS3-pre_onset,G07,141,71.0,70.5,71.5,71.0,0.09755700826644897,0.08154628425836563
DS3-pre_onset,G07,142,71.5,71.0,72.0,71.5,0.07839952409267426,0.07242737710475922
DS3-pre_onset,G07,143,72.0,71.5,72.5,72.0,0.04970236495137215,0.04110236093401909
DS3-pre_onset,G07,144,72.5,72.0,73.0,72.5,0.033081140369176865,0.025172870606184006
DS3-pre_onset,G07,145,73.0,72.5,73.5,73.0,0.045875146985054016,0.02851877361536026
DS3-pre_onset,G07,146,73.5,73.0,74.0,73.5,0.06264092773199081,0.049054235219955444
DS3-pre_onset,G07,147,74.0,73.5,74.5,74.0,0.08320298790931702,0.04419479891657829
DS3-pre_onset,G07,148,74.5,74.0,75.0,74.5,0.050740111619234085,0.04057684913277626
DS3-pre_onset,G07,149,75.0,74.5,75.5,75.0,0.1083889752626419,0.08747466653585434
DS3-pre_onset,G07,150,75.5,75.0,76.0,75.5,0.12524324655532837,0.10405386984348297
DS3-pre_onset,G07,151,76.0,75.5,76.5,76.0,0.07597038149833679,0.06097830832004547
DS3-pre_onset,G07,152,76.5,76.0,77.0,76.5,0.08458158373832703,0.06273354589939117
DS3-pre_onset,G07,153,77.0,76.5,77.5,77.0,0.08925438672304153,0.07919440418481827
DS3-pre_onset,G07,154,77.5,77.0,78.0,77.5,0.09493698924779892,0.07870075106620789
DS3-pre_onset,G07,155,78.0,77.5,78.5,78.0,0.05116847902536392,0.04002341255545616
DS3-pre_onset,G07,156,78.5,78.0,79.0,78.5,0.08040554821491241,0.0664137750864029
DS3-pre_onset,G07,157,79.0,78.5,79.5,79.0,0.03714180737733841,0.03069421276450157
DS3-pre_onset,G07,158,79.5,79.0,80.0,79.5,0.10868285596370697,0.07483699172735214
DS3-pre_onset,G07,159,80.0,79.5,80.5,80.0,0.048683200031518936,0.037299081683158875
DS3-pre_onset,G07,160,80.5,80.0,81.0,80.5,0.09274604171514511,0.06444988399744034
DS3-pre_onset,G07,161,81.0,80.5,81.5,81.0,0.09592686593532562,0.0830577090382576
DS3-pre_onset,G07,162,81.5,81.0,82.0,81.5,0.10357241332530975,0.08599944412708282
DS3-pre_onset,G07,163,82.0,81.5,82.5,82.0,0.09889812022447586,0.08934588730335236
DS3-pre_onset,G07,164,82.5,82.0,83.0,82.5,0.05079498887062073,0.03412899747490883
DS3-pre_onset,G07,165,83.0,82.5,83.5,83.0,0.05289832502603531,0.04331164062023163
DS3-pre_onset,G07,166,83.5,83.0,84.0,83.5,0.09881135821342468,0.08580092340707779
DS3-pre_onset,G07,167,84.0,83.5,84.5,84.0,0.09216129034757614,0.0774303451180458
DS3-pre_onset,G07,168,84.5,84.0,85.0,84.5,0.09007885307073593,0.06880710273981094
DS3-pre_onset,G07,169,85.0,84.5,85.5,85.0,0.07662265747785568,0.05777696892619133
DS3-pre_onset,G07,170,85.5,85.0,86.0,85.5,0.06940107047557831,0.055553484708070755
DS3-pre_onset,G07,171,86.0,85.5,86.5,86.0,0.0628286600112915,0.05031859874725342
DS3-pre_onset,G07,172,86.5,86.0,87.0,86.5,0.056179411709308624,0.04952756687998772
DS3-pre_onset,G07,173,87.0,86.5,87.5,87.0,0.1413220763206482,0.12219301611185074
DS3-pre_onset,G07,174,87.5,87.0,88.0,87.5,0.06754900515079498,0.051881734281778336
DS3-pre_onset,G07,175,88.0,87.5,88.5,88.0,0.07579749077558517,0.059141941368579865
DS3-pre_onset,G07,176,88.5,88.0,89.0,88.5,0.04828393831849098,0.040055904537439346
DS3-pre_onset,G07,177,89.0,88.5,89.5,89.0,0.04699365794658661,0.03616943210363388
DS3-pre_onset,G07,178,89.5,89.0,90.0,89.5,0.07093966752290726,0.05015559867024422
DS3-pre_onset,G07,179,90.0,89.5,90.5,90.0,0.09503038227558136,0.056684765964746475
DS3-pre_onset,G07,180,90.5,90.0,91.0,90.5,0.05572448670864105,0.043277472257614136
DS3-pre_onset,G07,181,91.0,90.5,91.5,91.0,0.062138255685567856,0.044091109186410904
DS3-pre_onset,G07,182,91.5,91.0,92.0,91.5,0.0504990890622139,0.030921919271349907
DS3-pre_onset,G07,183,92.0,91.5,92.5,92.0,0.08579644560813904,0.0622139498591423
DS3-pre_onset,G07,184,92.5,92.0,93.0,92.5,0.031968433409929276,0.023290706798434258
DS3-pre_onset,G07,185,93.0,92.5,93.5,93.0,0.05035474896430969,0.038554687052965164
DS3-pre_onset,G07,186,93.5,93.0,94.0,93.5,0.1618417650461197,0.14617972075939178
DS3-pre_onset,G07,187,94.0,93.5,94.5,94.0,0.15891920030117035,0.14396007359027863
DS3-pre_onset,G07,188,94.5,94.0,95.0,94.5,0.037969209253787994,0.03194485977292061
DS3-pre_onset,G07,189,95.0,94.5,95.5,95.0,0.04406743869185448,0.0375208780169487
DS3-pre_onset,G07,190,95.5,95.0,96.0,95.5,0.08587421476840973,0.07140503078699112
DS3-pre_onset,G07,191,96.0,95.5,96.5,96.0,0.11433915048837662,0.08978748321533203
DS3-pre_onset,G07,192,96.5,96.0,97.0,96.5,0.08264032751321793,0.06733471900224686
DS3-pre_onset,G07,193,97.0,96.5,97.5,97.0,0.051006611436605453,0.04197554662823677
DS3-pre_onset,G07,194,97.5,97.0,98.0,97.5,0.14812348783016205,0.12227523326873779
DS3-pre_onset,G07,195,98.0,97.5,98.5,98.0,0.04332590103149414,0.03311704844236374
DS3-pre_onset,G07,196,98.5,98.0,99.0,98.5,0.13258104026317596,0.11876996606588364
DS3-pre_onset,G07,197,99.0,98.5,99.5,99.0,0.1580774039030075,0.13342076539993286
DS3-pre_onset,G07,198,99.5,99.0,100.0,99.5,0.11944232136011124,0.10072226822376251
DS3-pre_onset,G07,199,100.0,99.5,100.5,100.0,0.04152986407279968,0.033140819519758224
DS3-pre_onset,G07,200,100.5,100.0,101.0,100.5,0.09583324939012527,0.07017693668603897
DS3-pre_onset,G07,201,101.0,100.5,101.5,101.0,0.13803856074810028,0.10305498540401459
DS3-pre_onset,G07,202,101.5,101.0,102.0,101.5,0.052047137171030045,0.0433332659304142
DS3-pre_onset,G07,203,102.0,101.5,102.5,102.0,0.07119534909725189,0.056919947266578674
DS3-pre_onset,G07,204,102.5,102.0,103.0,102.5,0.09068357944488525,0.07710496336221695
DS3-pre_onset,G07,205,103.0,102.5,103.5,103.0,0.05783119052648544,0.03841138631105423
DS3-pre_onset,G07,206,103.5,103.0,104.0,103.5,0.12436378747224808,0.10971890389919281
DS3-pre_onset,G07,207,104.0,103.5,104.5,104.0,0.06333024799823761,0.05280730128288269
DS3-pre_onset,G07,208,104.5,104.0,105.0,104.5,0.07601409405469894,0.061628375202417374
DS3-pre_onset,G07,209,105.0,104.5,105.5,105.0,0.16297276318073273,0.1389024704694748
DS3-pre_onset,G07,210,105.5,105.0,106.0,105.5,0.08796676248311996,0.06667227298021317
DS3-pre_onset,G07,211,106.0,105.5,106.5,106.0,0.0783035159111023,0.052767928689718246
DS3-pre_onset,G07,212,106.5,106.0,107.0,106.5,0.10979919135570526,0.09329667687416077
DS3-pre_onset,G07,213,107.0,106.5,107.5,107.0,0.10625458508729935,0.09297814965248108
DS3-pre_onset,G07,214,107.5,107.0,108.0,107.5,0.054260946810245514,0.046760912984609604
DS3-pre_onset,G07,215,108.0,107.5,108.5,108.0,0.03192204609513283,0.02819140814244747
DS3-pre_onset,G07,216,108.5,108.0,109.0,108.5,0.09682707488536835,0.07806222885847092
DS3-pre_onset,G07,217,109.0,108.5,109.5,109.0,0.12714757025241852,0.10683073103427887
DS3-pre_onset,G07,218,109.5,109.0,110.0,109.5,0.04151841998100281,0.02912137657403946
DS3-pre_onset,G07,219,110.0,109.5,110.5,110.0,0.07795684039592743,0.06061556562781334
DS3-pre_onset,G07,220,110.5,110.0,111.0,110.5,0.05039961636066437,0.039100583642721176
DS3-pre_onset,G07,221,111.0,110.5,111.5,111.0,0.04666462913155556,0.033039554953575134
DS3-pre_onset,G07,222,111.5,111.0,112.0,111.5,0.10389183461666107,0.09076829254627228
DS3-pre_onset,G07,223,112.0,111.5,112.5,112.0,0.07559794187545776,0.03945188596844673
DS3-pre_onset,G07,224,112.5,112.0,113.0,112.5,0.0708354115486145,0.06108535826206207
DS3-pre_onset,G07,225,113.0,112.5,113.5,113.0,0.08768793195486069,0.07755536586046219
DS3-pre_onset,G07,226,113.5,113.0,114.0,113.5,0.14335213601589203,0.11362727731466293
DS3-pre_onset,G07,227,114.0,113.5,114.5,114.0,0.060879241675138474,0.05180133879184723
DS3-pre_onset,G07,228,114.5,114.0,115.0,114.5,0.07712145894765854,0.0711180567741394
DS3-pre_onset,G07,229,115.0,114.5,115.5,115.0,0.14770057797431946,0.11480453610420227
DS3-pre_onset,G07,230,115.5,115.0,116.0,115.5,0.10358930379152298,0.0806722342967987
DS3-pre_onset,G07,231,116.0,115.5,116.5,116.0,0.09774437546730042,0.08326046168804169
DS3-pre_onset,G07,232,116.5,116.0,117.0,116.5,0.10346781462430954,0.08568468689918518
DS3-pre_onset,G07,233,117.0,116.5,117.5,117.0,0.1410873681306839,0.12571236491203308
DS3-pre_onset,G07,234,117.5,117.0,118.0,117.5,0.08801871538162231,0.06241415813565254
DS3-pre_onset,G07,235,118.0,117.5,118.5,118.0,0.0565151609480381,0.044890690594911575
DS3-pre_onset,G07,236,118.5,118.0,119.0,118.5,0.12331908196210861,0.10828153043985367
DS3-pre_onset,G08,12,70.0,69.5,70.5,70.0,0.15640848875045776,0.120768703520298
DS3-pre_onset,G08,13,70.5,70.0,71.0,70.5,0.08604791760444641,0.06345514208078384
DS3-pre_onset,G08,14,71.0,70.5,71.5,71.0,0.08774657547473907,0.06461373716592789
DS3-pre_onset,G08,15,71.5,71.0,72.0,71.5,0.0828317403793335,0.066435307264328
DS3-pre_onset,G08,16,72.0,71.5,72.5,72.0,0.073123499751091,0.0550457201898098
DS3-pre_onset,G08,17,72.5,72.0,73.0,72.5,0.08024125546216965,0.06407076865434647
DS3-pre_onset,G08,18,73.0,72.5,73.5,73.0,0.16001074016094208,0.13440832495689392
DS3-pre_onset,G08,19,73.5,73.0,74.0,73.5,0.08205357939004898,0.06274770200252533
DS3-pre_onset,G08,20,74.0,73.5,74.5,74.0,0.08996367454528809,0.06793797016143799
DS3-pre_onset,G08,21,74.5,74.0,75.0,74.5,0.11236007511615753,0.08115044981241226
DS3-pre_onset,G08,22,75.0,74.5,75.5,75.0,0.1095469743013382,0.07793932408094406
DS3-pre_onset,G08,23,75.5,75.0,76.0,75.5,0.08269010484218597,0.06920015811920166
DS3-pre_onset,G08,24,76.0,75.5,76.5,76.0,0.06455529481172562,0.054428357630968094
DS3-pre_onset,G08,25,76.5,76.0,77.0,76.5,0.09388556331396103,0.07436516880989075
DS3-pre_onset,G08,26,77.0,76.5,77.5,77.0,0.37563809752464294,0.21901178359985352
DS3-pre_onset,G08,27,77.5,77.0,78.0,77.5,0.18339718878269196,0.13092681765556335
DS3-pre_onset,G08,28,78.0,77.5,78.5,78.0,0.17809250950813293,0.13957543671131134
DS3-pre_onset,G08,29,78.5,78.0,79.0,78.5,0.23302488029003143,0.17619732022285461
DS3-pre_onset,G08,30,79.0,78.5,79.5,79.0,0.3409152626991272,0.2640310525894165
DS3-pre_onset,G08,31,79.5,79.0,80.0,79.5,0.19986358284950256,0.17202019691467285
DS3-pre_onset,G08,32,80.0,79.5,80.5,80.0,0.4524904489517212,0.361788809299469
DS3-pre_onset,G08,33,80.5,80.0,81.0,80.5,0.3656318187713623,0.28412163257598877
DS3-pre_onset,G08,34,81.0,80.5,81.5,81.0,0.15193790197372437,0.10955514013767242
DS3-pre_onset,G08,35,81.5,81.0,82.0,81.5,0.09161081910133362,0.05589005723595619
DS3-pre_onset,G08,36,82.0,81.5,82.5,82.0,0.14057035744190216,0.1196087971329689
DS3-pre_onset,G08,37,82.5,82.0,83.0,82.5,0.14087218046188354,0.10129307955503464
DS3-pre_onset,G08,38,83.0,82.5,83.5,83.0,0.20282533764839172,0.17061828076839447
DS3-pre_onset,G08,39,83.5,83.0,84.0,83.5,0.08882177621126175,0.07145444303750992
DS3-pre_onset,G08,40,84.0,83.5,84.5,84.0,0.28525659441947937,0.2251230627298355
DS3-pre_onset,G08,41,84.5,84.0,85.0,84.5,0.20937417447566986,0.19640576839447021
DS3-pre_onset,G08,42,85.0,84.5,85.5,85.0,0.21985097229480743,0.16543221473693848
DS3-pre_onset,G08,43,85.5,85.0,86.0,85.5,0.2685268223285675,0.24027949571609497
DS3-pre_onset,G08,44,86.0,85.5,86.5,86.0,0.22111135721206665,0.19915771484375
DS3-pre_onset,G08,45,86.5,86.0,87.0,86.5,0.23440265655517578,0.19032900035381317
DS3-pre_onset,G08,46,87.0,86.5,87.5,87.0,0.2374936193227768,0.20336869359016418
DS3-pre_onset,G08,47,87.5,87.0,88.0,87.5,0.09260986000299454,0.07433023303747177
DS3-pre_onset,G08,48,88.0,87.5,88.5,88.0,0.1207008808851242,0.09018582850694656
DS3-pre_onset,G08,49,88.5,88.0,89.0,88.5,0.3896200656890869,0.3546728193759918
DS3-pre_onset,G08,50,89.0,88.5,89.5,89.0,0.3362753093242645,0.27912190556526184
DS3-pre_onset,G08,51,89.5,89.0,90.0,89.5,0.21579930186271667,0.184658020734787
DS3-pre_onset,G08,52,90.0,89.5,90.5,90.0,0.2423558533191681,0.18627016246318817
DS3-pre_onset,G08,53,90.5,90.0,91.0,90.5,0.1947614848613739,0.1667877584695816
DS3-pre_onset,G08,54,91.0,90.5,91.5,91.0,0.20510368049144745,0.14664173126220703
DS3-pre_onset,G08,55,91.5,91.0,92.0,91.5,0.1341433972120285,0.11169441789388657
DS3-pre_onset,G08,56,92.0,91.5,92.5,92.0,0.16879409551620483,0.12242960929870605
DS3-pre_onset,G08,57,92.5,92.0,93.0,92.5,0.2323414832353592,0.14935848116874695
DS3-pre_onset,G08,58,93.0,92.5,93.5,93.0,0.2968309223651886,0.2445656955242157
DS3-pre_onset,G08,59,93.5,93.0,94.0,93.5,0.1716199666261673,0.11501908302307129
DS3-pre_onset,G08,60,94.0,93.5,94.5,94.0,0.15187041461467743,0.11520955711603165
DS3-pre_onset,G08,61,94.5,94.0,95.0,94.5,0.13150645792484283,0.10750431567430496
DS3-pre_onset,G08,62,95.0,94.5,95.5,95.0,0.23154717683792114,0.19230365753173828
DS3-pre_onset,G08,63,95.5,95.0,96.0,95.5,0.18316063284873962,0.1298135668039322
DS3-pre_onset,G08,64,96.0,95.5,96.5,96.0,0.2841161787509918,0.21518327295780182
DS3-pre_onset,G08,65,96.5,96.0,97.0,96.5,0.17700500786304474,0.1415538787841797
DS3-pre_onset,G08,66,97.0,96.5,97.5,97.0,0.21721164882183075,0.18203981220722198
DS3-pre_onset,G08,67,97.5,97.0,98.0,97.5,0.20079578459262848,0.15936090052127838
DS3-pre_onset,G08,68,98.0,97.5,98.5,98.0,0.17546844482421875,0.15220074355602264
DS3-pre_onset,G08,69,98.5,98.0,99.0,98.5,0.2167973518371582,0.1718498170375824
DS3-pre_onset,G08,70,99.0,98.5,99.5,99.0,0.19945450127124786,0.1548835188150406
DS3-pre_onset,G08,71,99.5,99.0,100.0,99.5,0.11787967383861542,0.10191574692726135
DS3-pre_onset,G08,72,100.0,99.5,100.5,100.0,0.0852445438504219,0.0633409395813942
DS3-pre_onset,G08,73,100.5,100.0,101.0,100.5,0.21427282691001892,0.165896475315094
DS3-pre_onset,G08,74,101.0,100.5,101.5,101.0,0.16161951422691345,0.12538857758045197
DS3-pre_onset,G08,75,101.5,101.0,102.0,101.5,0.2264196276664734,0.20266802608966827
DS3-pre_onset,G08,76,102.0,101.5,102.5,102.0,0.32391199469566345,0.23056279122829437
DS3-pre_onset,G08,77,102.5,102.0,103.0,102.5,0.2829698324203491,0.23559565842151642
DS3-pre_onset,G08,78,103.0,102.5,103.5,103.0,0.2927049696445465,0.22643108665943146
DS3-pre_onset,G08,79,103.5,103.0,104.0,103.5,0.35126224160194397,0.3261035978794098
DS3-pre_onset,G08,80,104.0,103.5,104.5,104.0,0.09182867407798767,0.07201478630304337
DS3-pre_onset,G08,81,104.5,104.0,105.0,104.5,0.3692340850830078,0.3142065107822418
DS3-pre_onset,G08,82,105.0,104.5,105.5,105.0,0.121140256524086,0.10323435813188553
DS3-pre_onset,G08,83,105.5,105.0,106.0,105.5,0.19799646735191345,0.14845316112041473
DS3-pre_onset,G08,84,106.0,105.5,106.5,106.0,0.14859701693058014,0.1315872222185135
DS3-pre_onset,G08,85,106.5,106.0,107.0,106.5,0.04753223434090614,0.038267236202955246
DS3-pre_onset,G08,86,107.0,106.5,107.5,107.0,0.12917646765708923,0.09003061056137085
DS3-pre_onset,G08,87,107.5,107.0,108.0,107.5,0.0810561329126358,0.06013568118214607
DS3-pre_onset,G08,88,108.0,107.5,108.5,108.0,0.2344588339328766,0.16599221527576447
DS3-pre_onset,G08,89,108.5,108.0,109.0,108.5,0.15689897537231445,0.10399322956800461
DS3-pre_onset,G08,90,109.0,108.5,109.5,109.0,0.1400415003299713,0.11172384768724442
DS3-pre_onset,G08,91,109.5,109.0,110.0,109.5,0.09655006229877472,0.07661888748407364
DS3-pre_onset,G08,92,110.0,109.5,110.5,110.0,0.2428557276725769,0.15421877801418304
DS3-pre_onset,G08,93,110.5,110.0,111.0,110.5,0.21673740446567535,0.19625544548034668
DS3-pre_onset,G08,94,111.0,110.5,111.5,111.0,0.22811341285705566,0.18870078027248383
DS3-pre_onset,G08,95,111.5,111.0,112.0,111.5,0.12363649904727936,0.09309864044189453
DS3-pre_onset,G08,96,112.0,111.5,112.5,112.0,0.19962386786937714,0.1574379950761795
DS3-pre_onset,G08,97,112.5,112.0,113.0,112.5,0.2147320955991745,0.1763118952512741
DS3-pre_onset,G08,98,113.0,112.5,113.5,113.0,0.27655020356178284,0.20191533863544464
DS3-pre_onset,G08,99,113.5,113.0,114.0,113.5,0.21466466784477234,0.1650925874710083
DS3-pre_onset,G08,100,114.0,113.5,114.5,114.0,0.11183502525091171,0.09592834860086441
DS3-pre_onset,G08,101,114.5,114.0,115.0,114.5,0.31566300988197327,0.26607146859169006
DS3-pre_onset,G08,102,115.0,114.5,115.5,115.0,0.15867821872234344,0.12232015281915665
DS3-pre_onset,G08,103,115.5,115.0,116.0,115.5,0.2185540497303009,0.16655713319778442
DS3-pre_onset,G08,104,116.0,115.5,116.5,116.0,0.17776423692703247,0.1302531510591507
DS3-pre_onset,G08,105,116.5,116.0,117.0,116.5,0.25625479221343994,0.20620596408843994
DS3-pre_onset,G08,106,117.0,116.5,117.5,117.0,0.12382772564888,0.10475696623325348
DS3-pre_onset,G08,107,117.5,117.0,118.0,117.5,0.20999059081077576,0.1697075515985489
DS3-pre_onset,G08,108,118.0,117.5,118.5,118.0,0.2757355570793152,0.20295339822769165
DS3-pre_onset,G08,109,118.5,118.0,119.0,118.5,0.11289915442466736,0.09444057941436768
DS3-pre_onset,G10,12,6.5,6.0,7.0,6.5,0.07597505301237106,0.0699218139052391
DS3-pre_onset,G10,13,7.0,6.5,7.5,7.0,0.03392234072089195,0.02495632879436016
DS3-pre_onset,G10,14,7.5,7.0,8.0,7.5,0.02094365656375885,0.018304023891687393
DS3-pre_onset,G10,15,8.0,7.5,8.5,8.0,0.03525399789214134,0.030836576595902443
DS3-pre_onset,G10,16,8.5,8.0,9.0,8.5,0.028841646388173103,0.024007882922887802
DS3-pre_onset,G10,17,9.0,8.5,9.5,9.0,0.02593689039349556,0.021245310083031654
DS3-pre_onset,G10,18,9.5,9.0,10.0,9.5,0.03550438955426216,0.029597515240311623
DS3-pre_onset,G10,19,10.0,9.5,10.5,10.0,0.04173494875431061,0.02803800441324711
DS3-pre_onset,G10,20,10.5,10.0,11.0,10.5,0.02937181107699871,0.02261493168771267
DS3-pre_onset,G10,21,11.0,10.5,11.5,11.0,0.04538651183247566,0.03674488887190819
DS3-pre_onset,G10,22,11.5,11.0,12.0,11.5,0.023982523009181023,0.01772313006222248
DS3-pre_onset,G10,23,12.0,11.5,12.5,12.0,0.017628269270062447,0.014763012528419495
DS3-pre_onset,G10,24,12.5,12.0,13.0,12.5,0.02808634378015995,0.02203780971467495
DS3-pre_onset,G10,25,13.0,12.5,13.5,13.0,0.08692081272602081,0.07374200969934464
DS3-pre_onset,G10,26,13.5,13.0,14.0,13.5,0.2511838376522064,0.22961336374282837
DS3-pre_onset,G10,27,14.0,13.5,14.5,14.0,0.22251951694488525,0.1780359447002411
DS3-pre_onset,G10,28,14.5,14.0,15.0,14.5,0.1436758190393448,0.12268272787332535
DS3-pre_onset,G10,29,15.0,14.5,15.5,15.0,0.21292345225811005,0.1511201709508896
DS3-pre_onset,G10,30,15.5,15.0,16.0,15.5,0.13677385449409485,0.1108739897608757
DS3-pre_onset,G10,31,16.0,15.5,16.5,16.0,0.0895833671092987,0.06784811615943909
DS3-pre_onset,G10,32,16.5,16.0,17.0,16.5,0.05228361114859581,0.04172303155064583
DS3-pre_onset,G10,33,17.0,16.5,17.5,17.0,0.13275809586048126,0.11915221810340881
DS3-pre_onset,G10,34,17.5,17.0,18.0,17.5,0.0952724739909172,0.07332836836576462
DS3-pre_onset,G10,35,18.0,17.5,18.5,18.0,0.17279331386089325,0.13797397911548615
DS3-pre_onset,G10,36,18.5,18.0,19.0,18.5,0.12189313024282455,0.10132046788930893
DS3-pre_onset,G10,37,19.0,18.5,19.5,19.0,0.16360034048557281,0.1361151784658432
DS3-pre_onset,G10,38,19.5,19.0,20.0,19.5,0.21967019140720367,0.19673500955104828
DS3-pre_onset,G10,39,20.0,19.5,20.5,20.0,0.07592221349477768,0.0585697703063488
DS3-pre_onset,G10,40,20.5,20.0,21.0,20.5,0.20453107357025146,0.1409917175769806
DS3-pre_onset,G10,41,21.0,20.5,21.5,21.0,0.17065514624118805,0.10668323934078217
DS3-pre_onset,G10,42,21.5,21.0,22.0,21.5,0.20520681142807007,0.182097390294075
DS3-pre_onset,G10,43,22.0,21.5,22.5,22.0,0.12723948061466217,0.09022638946771622
DS3-pre_onset,G10,44,22.5,22.0,23.0,22.5,0.09209348261356354,0.07963718473911285
DS3-pre_onset,G10,45,23.0,22.5,23.5,23.0,0.22942456603050232,0.16223709285259247
DS3-pre_onset,G10,46,23.5,23.0,24.0,23.5,0.10155448317527771,0.07326499372720718
DS3-pre_onset,G10,47,24.0,23.5,24.5,24.0,0.19489043951034546,0.13668324053287506
DS3-pre_onset,G10,48,24.5,24.0,25.0,24.5,0.08986984938383102,0.0742328017950058
DS3-pre_onset,G10,49,25.0,24.5,25.5,25.0,0.09311403334140778,0.08574046939611435
DS3-pre_onset,G10,50,25.5,25.0,26.0,25.5,0.13827066123485565,0.11544593423604965
DS3-pre_onset,G10,51,26.0,25.5,26.5,26.0,0.0738309770822525,0.050320010632276535
DS3-pre_onset,G10,52,26.5,26.0,27.0,26.5,0.2328794151544571,0.19761359691619873
DS3-pre_onset,G10,53,27.0,26.5,27.5,27.0,0.2378692328929901,0.18058107793331146
DS3-pre_onset,G10,54,27.5,27.0,28.0,27.5,0.09621688723564148,0.08251103013753891
DS3-pre_onset,G10,55,28.0,27.5,28.5,28.0,0.06337672472000122,0.03565027192234993
DS3-pre_onset,G10,56,28.5,28.0,29.0,28.5,0.16444097459316254,0.12374695390462875
DS3-pre_onset,G10,57,29.0,28.5,29.5,29.0,0.0625397264957428,0.0518961139023304
DS3-pre_onset,G10,58,29.5,29.0,30.0,29.5,0.16371306777000427,0.12563732266426086
DS3-pre_onset,G10,59,30.0,29.5,30.5,30.0,0.08342421054840088,0.06894221901893616
DS3-pre_onset,G10,60,30.5,30.0,31.0,30.5,0.18614527583122253,0.13454130291938782
DS3-pre_onset,G10,61,31.0,30.5,31.5,31.0,0.05003751441836357,0.03153512254357338
DS3-pre_onset,G10,62,31.5,31.0,32.0,31.5,0.15046757459640503,0.11231797188520432
DS3-pre_onset,G10,63,32.0,31.5,32.5,32.0,0.14829021692276,0.12969708442687988
DS3-pre_onset,G10,64,32.5,32.0,33.0,32.5,0.11896862089633942,0.09008266031742096
DS3-pre_onset,G10,65,33.0,32.5,33.5,33.0,0.1806158870458603,0.14423544704914093
DS3-pre_onset,G10,66,33.5,33.0,34.0,33.5,0.16745510697364807,0.13939981162548065
DS3-pre_onset,G10,67,34.0,33.5,34.5,34.0,0.1341899186372757,0.10114294290542603
DS3-pre_onset,G10,68,34.5,34.0,35.0,34.5,0.09318109601736069,0.06951931118965149
DS3-pre_onset,G10,69,35.0,34.5,35.5,35.0,0.20682011544704437,0.14097915589809418
DS3-pre_onset,G10,70,35.5,35.0,36.0,35.5,0.17072071135044098,0.1410152018070221
DS3-pre_onset,G10,71,36.0,35.5,36.5,36.0,0.052733417600393295,0.043813370168209076
DS3-pre_onset,G10,72,36.5,36.0,37.0,36.5,0.23117078840732574,0.21246272325515747
DS3-pre_onset,G10,73,37.0,36.5,37.5,37.0,0.27522653341293335,0.23557311296463013
DS3-pre_onset,G10,74,37.5,37.0,38.0,37.5,0.11426156014204025,0.08300939202308655
DS3-pre_onset,G10,75,38.0,37.5,38.5,38.0,0.11329759657382965,0.08023804426193237
DS3-pre_onset,G10,76,38.5,38.0,39.0,38.5,0.13997700810432434,0.10976435989141464
DS3-pre_onset,G10,77,39.0,38.5,39.5,39.0,0.16393010318279266,0.11952836066484451
DS3-pre_onset,G10,78,39.5,39.0,40.0,39.5,0.0768558606505394,0.06743055582046509
DS3-pre_onset,G10,79,40.0,39.5,40.5,40.0,0.1315971165895462,0.0899016261100769
DS3-pre_onset,G10,80,40.5,40.0,41.0,40.5,0.07353346794843674,0.05314495041966438
DS3-pre_onset,G10,81,41.0,40.5,41.5,41.0,0.10224514454603195,0.07945886999368668
DS3-pre_onset,G10,82,41.5,41.0,42.0,41.5,0.1697079986333847,0.12570884823799133
DS3-pre_onset,G10,83,42.0,41.5,42.5,42.0,0.3955814838409424,0.331077516078949
DS3-pre_onset,G10,84,42.5,42.0,43.0,42.5,0.1323438435792923,0.10946334153413773
DS3-pre_onset,G10,85,43.0,42.5,43.5,43.0,0.05996079742908478,0.0472206249833107
DS3-pre_onset,G10,86,43.5,43.0,44.0,43.5,0.1552923321723938,0.12339098006486893
DS3-pre_onset,G10,87,44.0,43.5,44.5,44.0,0.15253068506717682,0.10197010636329651
DS3-pre_onset,G10,88,44.5,44.0,45.0,44.5,0.11698541790246964,0.1007530465722084
DS3-pre_onset,G10,89,45.0,44.5,45.5,45.0,0.15147094428539276,0.10791721940040588
DS3-pre_onset,G10,90,45.5,45.0,46.0,45.5,0.09315358847379684,0.07523443549871445
DS3-pre_onset,G10,91,46.0,45.5,46.5,46.0,0.1125025823712349,0.08449695259332657
DS3-pre_onset,G10,92,46.5,46.0,47.0,46.5,0.13920490443706512,0.08679802715778351
DS3-pre_onset,G10,93,47.0,46.5,47.5,47.0,0.07237493246793747,0.058962881565093994
DS3-pre_onset,G10,94,47.5,47.0,48.0,47.5,0.16784515976905823,0.12362150102853775
DS3-pre_onset,G10,95,48.0,47.5,48.5,48.0,0.11534580588340759,0.08659093827009201
DS3-pre_onset,G10,96,48.5,48.0,49.0,48.5,0.1310245841741562,0.1063833013176918
DS3-pre_onset,G10,97,49.0,48.5,49.5,49.0,0.197794571518898,0.17308254539966583
DS3-pre_onset,G10,98,49.5,49.0,50.0,49.5,0.15205055475234985,0.1208418607711792
DS3-pre_onset,G10,99,50.0,49.5,50.5,50.0,0.10831435769796371,0.08779660612344742
DS3-pre_onset,G10,100,50.5,50.0,51.0,50.5,0.0705997571349144,0.05761779844760895
DS3-pre_onset,G10,101,51.0,50.5,51.5,51.0,0.2101765275001526,0.15520034730434418
DS3-pre_onset,G10,102,51.5,51.0,52.0,51.5,0.10241331160068512,0.07825996726751328
DS3-pre_onset,G10,103,52.0,51.5,52.5,52.0,0.2581362724304199,0.216704323887825
DS3-pre_onset,G10,104,52.5,52.0,53.0,52.5,0.12975569069385529,0.10827203094959259
DS3-pre_onset,G10,105,53.0,52.5,53.5,53.0,0.1341211348772049,0.11544341593980789
DS3-pre_onset,G10,106,53.5,53.0,54.0,53.5,0.22813589870929718,0.19318318367004395
DS3-pre_onset,G10,107,54.0,53.5,54.5,54.0,0.15990886092185974,0.12739306688308716
DS3-pre_onset,G10,108,54.5,54.0,55.0,54.5,0.11102516949176788,0.09700358659029007
DS3-pre_onset,G10,109,55.0,54.5,55.5,55.0,0.1424574851989746,0.11460932344198227
DS3-pre_onset,G10,110,55.5,55.0,56.0,55.5,0.07809945940971375,0.06535401940345764
DS3-pre_onset,G10,111,56.0,55.5,56.5,56.0,0.17994056642055511,0.11281619966030121
DS3-pre_onset,G10,112,56.5,56.0,57.0,56.5,0.13367033004760742,0.09754151850938797
DS3-pre_onset,G10,113,57.0,56.5,57.5,57.0,0.09838835895061493,0.07098115980625153
DS3-pre_onset,G10,114,57.5,57.0,58.0,57.5,0.19700658321380615,0.17671187222003937
DS3-pre_onset,G10,115,58.0,57.5,58.5,58.0,0.10631607472896576,0.08648379147052765
DS3-pre_onset,G10,116,58.5,58.0,59.0,58.5,0.1473180651664734,0.09938496351242065
DS3-pre_onset,G10,117,59.0,58.5,59.5,59.0,0.14997129142284393,0.12044015526771545
DS3-pre_onset,G10,118,59.5,59.0,60.0,59.5,0.18345554172992706,0.11947435885667801
DS3-pre_onset,G10,119,60.0,59.5,60.5,60.0,0.12396160513162613,0.07925444096326828
DS3-pre_onset,G10,120,60.5,60.0,61.0,60.5,0.0810733363032341,0.07048797607421875
DS3-pre_onset,G10,121,61.0,60.5,61.5,61.0,0.1384054273366928,0.09055333584547043
DS3-pre_onset,G10,122,61.5,61.0,62.0,61.5,0.10267336666584015,0.09012351185083389
DS3-pre_onset,G10,123,62.0,61.5,62.5,62.0,0.08604224771261215,0.07197271287441254
DS3-pre_onset,G10,124,62.5,62.0,63.0,62.5,0.07523375749588013,0.05386072024703026
DS3-pre_onset,G10,125,63.0,62.5,63.5,63.0,0.08829537034034729,0.0652991458773613
DS3-pre_onset,G10,126,63.5,63.0,64.0,63.5,0.17045220732688904,0.1270761489868164
DS3-pre_onset,G10,127,64.0,63.5,64.5,64.0,0.18563522398471832,0.1521274298429489
DS3-pre_onset,G10,128,64.5,64.0,65.0,64.5,0.1273668110370636,0.10983773320913315
DS3-pre_onset,G10,129,65.0,64.5,65.5,65.0,0.07990933209657669,0.06336606293916702
DS3-pre_onset,G10,130,65.5,65.0,66.0,65.5,0.11033947765827179,0.08757499605417252
DS3-pre_onset,G10,131,66.0,65.5,66.5,66.0,0.10961060225963593,0.08061511069536209
DS3-pre_onset,G10,132,66.5,66.0,67.0,66.5,0.12331868708133698,0.09844277054071426
DS3-pre_onset,G10,133,67.0,66.5,67.5,67.0,0.14863793551921844,0.12555895745754242
DS3-pre_onset,G10,134,67.5,67.0,68.0,67.5,0.13863787055015564,0.09955550730228424
DS3-pre_onset,G10,135,68.0,67.5,68.5,68.0,0.2077900916337967,0.12686805427074432
DS3-pre_onset,G10,136,68.5,68.0,69.0,68.5,0.13657347857952118,0.1061583012342453
DS3-pre_onset,G10,137,69.0,68.5,69.5,69.0,0.21258386969566345,0.18168586492538452
DS3-pre_onset,G10,138,69.5,69.0,70.0,69.5,0.11248403042554855,0.08026229590177536
DS3-pre_onset,G10,139,70.0,69.5,70.5,70.0,0.07270058989524841,0.05245155841112137
DS3-pre_onset,G10,140,70.5,70.0,71.0,70.5,0.1261766105890274,0.09110380709171295
DS3-pre_onset,G10,141,71.0,70.5,71.5,71.0,0.11806380748748779,0.09565220028162003
DS3-pre_onset,G10,142,71.5,71.0,72.0,71.5,0.16928423941135406,0.13787657022476196
DS3-pre_onset,G10,143,72.0,71.5,72.5,72.0,0.08053480833768845,0.06409177929162979
DS3-pre_onset,G10,144,72.5,72.0,73.0,72.5,0.1098850667476654,0.08823953568935394
DS3-pre_onset,G10,145,73.0,72.5,73.5,73.0,0.12040580809116364,0.1033816859126091
DS3-pre_onset,G10,146,73.5,73.0,74.0,73.5,0.16187416017055511,0.1265815645456314
DS3-pre_onset,G10,147,74.0,73.5,74.5,74.0,0.13996082544326782,0.10818452388048172
DS3-pre_onset,G10,148,74.5,74.0,75.0,74.5,0.08266255259513855,0.061702702194452286
DS3-pre_onset,G10,149,75.0,74.5,75.5,75.0,0.09639635682106018,0.0821598693728447
DS3-pre_onset,G10,150,75.5,75.0,76.0,75.5,0.24661409854888916,0.19706912338733673
DS3-pre_onset,G10,151,76.0,75.5,76.5,76.0,0.09881634265184402,0.08137138187885284
DS3-pre_onset,G10,152,76.5,76.0,77.0,76.5,0.06865119934082031,0.04479680210351944
DS3-pre_onset,G10,153,77.0,76.5,77.5,77.0,0.20747368037700653,0.17050132155418396
DS3-pre_onset,G10,154,77.5,77.0,78.0,77.5,0.12090170383453369,0.09475329518318176
DS3-pre_onset,G10,155,78.0,77.5,78.5,78.0,0.3224852979183197,0.27668312191963196
DS3-pre_onset,G10,156,78.5,78.0,79.0,78.5,0.203799307346344,0.13051767647266388
DS3-pre_onset,G10,157,79.0,78.5,79.5,79.0,0.15834005177021027,0.11548914015293121
DS3-pre_onset,G10,158,79.5,79.0,80.0,79.5,0.07472364604473114,0.05986785888671875
DS3-pre_onset,G10,159,80.0,79.5,80.5,80.0,0.1302291601896286,0.11111871153116226
DS3-pre_onset,G10,160,80.5,80.0,81.0,80.5,0.06267647445201874,0.05415425822138786
DS3-pre_onset,G10,161,81.0,80.5,81.5,81.0,0.25784119963645935,0.1842278093099594
DS3-pre_onset,G10,162,81.5,81.0,82.0,81.5,0.17738430202007294,0.15577128529548645
DS3-pre_onset,G10,163,82.0,81.5,82.5,82.0,0.12094934284687042,0.10288330167531967
DS3-pre_onset,G10,164,82.5,82.0,83.0,82.5,0.11069142818450928,0.08710762858390808
DS3-pre_onset,G10,165,83.0,82.5,83.5,83.0,0.1270681619644165,0.09675733000040054
DS3-pre_onset,G10,166,83.5,83.0,84.0,83.5,0.1753036379814148,0.1599990874528885
DS3-pre_onset,G10,167,84.0,83.5,84.5,84.0,0.1764294058084488,0.15516576170921326
DS3-pre_onset,G10,168,84.5,84.0,85.0,84.5,0.15819117426872253,0.13169214129447937
DS3-pre_onset,G10,169,85.0,84.5,85.5,85.0,0.164592906832695,0.14681246876716614
DS3-pre_onset,G10,170,85.5,85.0,86.0,85.5,0.07401150465011597,0.051760975271463394
DS3-pre_onset,G10,171,86.0,85.5,86.5,86.0,0.17199373245239258,0.11549580097198486
DS3-pre_onset,G10,172,86.5,86.0,87.0,86.5,0.1077980250120163,0.08217896521091461
DS3-pre_onset,G10,173,87.0,86.5,87.5,87.0,0.09134749323129654,0.07408080995082855
DS3-pre_onset,G10,174,87.5,87.0,88.0,87.5,0.20424336194992065,0.17602498829364777
DS3-pre_onset,G10,175,88.0,87.5,88.5,88.0,0.1919528841972351,0.14238440990447998
DS3-pre_onset,G10,176,88.5,88.0,89.0,88.5,0.09681270271539688,0.0838509351015091
DS3-pre_onset,G10,177,89.0,88.5,89.5,89.0,0.09921090304851532,0.08330326527357101
DS3-pre_onset,G10,178,89.5,89.0,90.0,89.5,0.051765479147434235,0.04002392292022705
DS3-pre_onset,G10,179,90.0,89.5,90.5,90.0,0.0679735392332077,0.04811691865324974
DS3-pre_onset,G10,180,90.5,90.0,91.0,90.5,0.20822016894817352,0.14228057861328125
DS3-pre_onset,G10,181,91.0,90.5,91.5,91.0,0.14806614816188812,0.1159726232290268
DS3-pre_onset,G10,182,91.5,91.0,92.0,91.5,0.16113273799419403,0.14131855964660645
DS3-pre_onset,G10,183,92.0,91.5,92.5,92.0,0.07442755252122879,0.05811968073248863
DS3-pre_onset,G10,184,92.5,92.0,93.0,92.5,0.1367165446281433,0.11495230346918106
DS3-pre_onset,G10,185,93.0,92.5,93.5,93.0,0.0712069571018219,0.056610286235809326
DS3-pre_onset,G10,186,93.5,93.0,94.0,93.5,0.22568932175636292,0.19041992723941803
DS3-pre_onset,G10,187,94.0,93.5,94.5,94.0,0.07808645069599152,0.0645127221941948
DS3-pre_onset,G10,188,94.5,94.0,95.0,94.5,0.12034916132688522,0.10120309144258499
DS3-pre_onset,G10,189,95.0,94.5,95.5,95.0,0.2661368250846863,0.21138755977153778
DS3-pre_onset,G10,190,95.5,95.0,96.0,95.5,0.15251632034778595,0.11417349427938461
DS3-pre_onset,G10,191,96.0,95.5,96.5,96.0,0.11348601430654526,0.09611891210079193
DS3-pre_onset,G10,192,96.5,96.0,97.0,96.5,0.22583965957164764,0.17196078598499298
DS3-pre_onset,G10,193,97.0,96.5,97.5,97.0,0.011876366101205349,0.00944200623780489
DS3-pre_onset,G10,194,97.5,97.0,98.0,97.5,0.11063472181558609,0.06350845843553543
DS3-pre_onset,G10,195,98.0,97.5,98.5,98.0,0.1524484008550644,0.11175092309713364
DS3-pre_onset,G10,196,98.5,98.0,99.0,98.5,0.2456292361021042,0.19355124235153198
DS3-pre_onset,G10,197,99.0,98.5,99.5,99.0,0.07894217222929001,0.06718442589044571
DS3-pre_onset,G10,198,99.5,99.0,100.0,99.5,0.12551942467689514,0.09753958135843277
DS3-pre_onset,G10,199,100.0,99.5,100.5,100.0,0.23290538787841797,0.182589590549469
DS3-pre_onset,G10,200,100.5,100.0,101.0,100.5,0.10993560403585434,0.08769306540489197
DS3-pre_onset,G10,201,101.0,100.5,101.5,101.0,0.12467154115438461,0.08849863708019257
DS3-pre_onset,G10,202,101.5,101.0,102.0,101.5,0.19796977937221527,0.17851924896240234
DS3-pre_onset,G10,203,102.0,101.5,102.5,102.0,0.1378515064716339,0.11642348766326904
DS3-pre_onset,G10,204,102.5,102.0,103.0,102.5,0.12373238801956177,0.09656877815723419
DS3-pre_onset,G10,205,103.0,102.5,103.5,103.0,0.30628183484077454,0.2429581731557846
DS3-pre_onset,G10,206,103.5,103.0,104.0,103.5,0.22478394210338593,0.1932712197303772
DS3-pre_onset,G10,207,104.0,103.5,104.5,104.0,0.16572192311286926,0.13728761672973633
DS3-pre_onset,G10,208,104.5,104.0,105.0,104.5,0.1535985767841339,0.09290505945682526
DS3-pre_onset,G10,209,105.0,104.5,105.5,105.0,0.19587071239948273,0.16294723749160767
DS3-pre_onset,G10,210,105.5,105.0,106.0,105.5,0.1889086663722992,0.15446551144123077
DS3-pre_onset,G10,211,106.0,105.5,106.5,106.0,0.18840773403644562,0.16442158818244934
DS3-pre_onset,G10,212,106.5,106.0,107.0,106.5,0.10090574622154236,0.07747414708137512
DS3-pre_onset,G10,213,107.0,106.5,107.5,107.0,0.1311073899269104,0.10772023350000381
DS3-pre_onset,G10,214,107.5,107.0,108.0,107.5,0.0603194423019886,0.053213898092508316
DS3-pre_onset,G10,215,108.0,107.5,108.5,108.0,0.1298874318599701,0.09510514885187149
DS3-pre_onset,G10,216,108.5,108.0,109.0,108.5,0.17200030386447906,0.15693718194961548
DS3-pre_onset,G10,217,109.0,108.5,109.5,109.0,0.07434844970703125,0.06300634890794754
DS3-pre_onset,G10,218,109.5,109.0,110.0,109.5,0.15736395120620728,0.1255064755678177
DS3-pre_onset,G10,219,110.0,109.5,110.5,110.0,0.07796486467123032,0.06178528070449829
DS3-pre_onset,G10,220,110.5,110.0,111.0,110.5,0.1886308491230011,0.15221579372882843
DS3-pre_onset,G10,221,111.0,110.5,111.5,111.0,0.13086111843585968,0.09670673310756683
DS3-pre_onset,G10,222,111.5,111.0,112.0,111.5,0.06632927060127258,0.05247412994503975
DS3-pre_onset,G10,223,112.0,111.5,112.5,112.0,0.1654786765575409,0.11708354949951172
DS3-pre_onset,G10,224,112.5,112.0,113.0,112.5,0.18267621099948883,0.16292628645896912
DS3-pre_onset,G10,225,113.0,112.5,113.5,113.0,0.22994892299175262,0.17402459681034088
DS3-pre_onset,G10,226,113.5,113.0,114.0,113.5,0.1197335496544838,0.10655775666236877
DS3-pre_onset,G10,227,114.0,113.5,114.5,114.0,0.15771424770355225,0.09539740532636642
DS3-pre_onset,G10,228,114.5,114.0,115.0,114.5,0.17313605546951294,0.13563387095928192
DS3-pre_onset,G10,229,115.0,114.5,115.5,115.0,0.20185549557209015,0.1585308164358139
DS3-pre_onset,G10,230,115.5,115.0,116.0,115.5,0.13620834052562714,0.10371565073728561
DS3-pre_onset,G10,231,116.0,115.5,116.5,116.0,0.08018497377634048,0.05866124853491783
DS3-pre_onset,G10,232,116.5,116.0,117.0,116.5,0.16032682359218597,0.1219501793384552
DS3-pre_onset,G10,233,117.0,116.5,117.5,117.0,0.14544890820980072,0.11578270047903061
DS3-pre_onset,G10,234,117.5,117.0,118.0,117.5,0.2719661295413971,0.19486388564109802
DS3-pre_onset,G10,235,118.0,117.5,118.5,118.0,0.1773556023836136,0.12129545211791992
DS3-pre_onset,G10,236,118.5,118.0,119.0,118.5,0.15122027695178986,0.11056139320135117
DS3-pre_onset,G13,12,6.5,6.0,7.0,6.5,0.03771248459815979,0.03045997954905033
DS3-pre_onset,G13,13,7.0,6.5,7.5,7.0,0.022021133452653885,0.017816904932260513
DS3-pre_onset,G13,14,7.5,7.0,8.0,7.5,0.022524196654558182,0.017009878531098366
DS3-pre_onset,G13,15,8.0,7.5,8.5,8.0,0.02681122161448002,0.021503694355487823
DS3-pre_onset,G13,16,8.5,8.0,9.0,8.5,0.02464904449880123,0.02197182923555374
DS3-pre_onset,G13,17,9.0,8.5,9.5,9.0,0.03570621460676193,0.029682815074920654
DS3-pre_onset,G13,18,9.5,9.0,10.0,9.5,0.02722851373255253,0.023059574887156487
DS3-pre_onset,G13,19,10.0,9.5,10.5,10.0,0.027386847883462906,0.023009732365608215
DS3-pre_onset,G13,20,10.5,10.0,11.0,10.5,0.0237602386623621,0.02152409218251705
DS3-pre_onset,G13,21,11.0,10.5,11.5,11.0,0.021914374083280563,0.019267449155449867
DS3-pre_onset,G13,22,11.5,11.0,12.0,11.5,0.02641107328236103,0.01734015718102455
DS3-pre_onset,G13,23,12.0,11.5,12.5,12.0,0.020719975233078003,0.0155693544074893
DS3-pre_onset,G13,24,12.5,12.0,13.0,12.5,0.016217125579714775,0.013523352332413197
DS3-pre_onset,G13,25,13.0,12.5,13.5,13.0,0.013216029852628708,0.01136995479464531
DS3-pre_onset,G13,26,13.5,13.0,14.0,13.5,0.02538834698498249,0.01764732226729393
DS3-pre_onset,G13,27,14.0,13.5,14.5,14.0,0.020464295521378517,0.018563764169812202
DS3-pre_onset,G13,28,14.5,14.0,15.0,14.5,0.016869837418198586,0.01439704466611147
DS3-pre_onset,G13,29,15.0,14.5,15.5,15.0,0.017696009948849678,0.011863256804645061
DS3-pre_onset,G13,30,15.5,15.0,16.0,15.5,0.01451814454048872,0.009536107070744038
DS3-pre_onset,G13,31,16.0,15.5,16.5,16.0,0.018613236024975777,0.01413839589804411
DS3-pre_onset,G13,32,16.5,16.0,17.0,16.5,0.024145711213350296,0.01832900196313858
DS3-pre_onset,G13,33,17.0,16.5,17.5,17.0,0.020272009074687958,0.013769400306046009
DS3-pre_onset,G13,34,17.5,17.0,18.0,17.5,0.024166321381926537,0.018384883180260658
DS3-pre_onset,G13,35,18.0,17.5,18.5,18.0,0.014987040311098099,0.010957732796669006
DS3-pre_onset,G13,36,18.5,18.0,19.0,18.5,0.01640266925096512,0.013511172495782375
DS3-pre_onset,G13,37,19.0,18.5,19.5,19.0,0.018037576228380203,0.012737922370433807
DS3-pre_onset,G13,38,19.5,19.0,20.0,19.5,0.01650230400264263,0.012180694378912449
DS3-pre_onset,G13,39,20.0,19.5,20.5,20.0,0.012512565590441227,0.007822474464774132
DS3-pre_onset,G13,40,20.5,20.0,21.0,20.5,0.015365470200777054,0.009706771932542324
DS3-pre_onset,G13,41,21.0,20.5,21.5,21.0,0.37749478220939636,0.24890634417533875
DS3-pre_onset,G13,42,21.5,21.0,22.0,21.5,0.17496038973331451,0.11577948182821274
DS3-pre_onset,G13,43,22.0,21.5,22.5,22.0,0.22051317989826202,0.15208297967910767
DS3-pre_onset,G13,44,22.5,22.0,23.0,22.5,0.0727986991405487,0.05278431996703148
DS3-pre_onset,G13,45,23.0,22.5,23.5,23.0,0.04557570442557335,0.03282296657562256
DS3-pre_onset,G13,46,23.5,23.0,24.0,23.5,0.08000021427869797,0.06476133316755295
DS3-pre_onset,G13,47,24.0,23.5,24.5,24.0,0.041246771812438965,0.03225158900022507
DS3-pre_onset,G13,48,24.5,24.0,25.0,24.5,0.05055350065231323,0.03572075814008713
DS3-pre_onset,G13,49,25.0,24.5,25.5,25.0,0.042300205677747726,0.03505723178386688
DS3-pre_onset,G13,50,25.5,25.0,26.0,25.5,0.041059356182813644,0.03611529618501663
DS3-pre_onset,G13,51,26.0,25.5,26.5,26.0,0.01814465969800949,0.014801274053752422
DS3-pre_onset,G13,52,26.5,26.0,27.0,26.5,0.023427216336131096,0.017644647508859634
DS3-pre_onset,G13,53,27.0,26.5,27.5,27.0,0.03140478953719139,0.028722459450364113
DS3-pre_onset,G13,54,27.5,27.0,28.0,27.5,0.029091190546751022,0.0222765039652586
DS3-pre_onset,G13,55,28.0,27.5,28.5,28.0,0.022189024835824966,0.018995434045791626
DS3-pre_onset,G13,56,28.5,28.0,29.0,28.5,0.02313869632780552,0.018308956176042557
DS3-pre_onset,G13,57,29.0,28.5,29.5,29.0,0.01360816229134798,0.011435727588832378
DS3-pre_onset,G13,58,29.5,29.0,30.0,29.5,0.01381461601704359,0.011133641935884953
DS3-pre_onset,G13,59,30.0,29.5,30.5,30.0,0.016737204045057297,0.012692335993051529
DS3-pre_onset,G13,60,30.5,30.0,31.0,30.5,0.014536109752953053,0.011877945624291897
DS3-pre_onset,G13,61,31.0,30.5,31.5,31.0,0.013239896856248379,0.00938919372856617
DS3-pre_onset,G13,62,31.5,31.0,32.0,31.5,0.011202382855117321,0.009221125394105911
DS3-pre_onset,G13,63,32.0,31.5,32.5,32.0,0.02120257169008255,0.0160774327814579
DS3-pre_onset,G13,64,32.5,32.0,33.0,32.5,0.01671367697417736,0.014581014402210712
DS3-pre_onset,G13,65,33.0,32.5,33.5,33.0,0.012057635001838207,0.009730209596455097
DS3-pre_onset,G13,66,33.5,33.0,34.0,33.5,0.010513481684029102,0.008829933591187
DS3-pre_onset,G13,67,34.0,33.5,34.5,34.0,0.01769673451781273,0.013574170880019665
DS3-pre_onset,G13,68,34.5,34.0,35.0,34.5,0.014776265248656273,0.011772677302360535
DS3-pre_onset,G13,69,35.0,34.5,35.5,35.0,0.014034297317266464,0.011451082304120064
DS3-pre_onset,G13,70,35.5,35.0,36.0,35.5,0.026192322373390198,0.01946319080889225
DS3-pre_onset,G13,71,36.0,35.5,36.5,36.0,0.03790256381034851,0.02681678533554077
DS3-pre_onset,G13,72,36.5,36.0,37.0,36.5,0.049439262598752975,0.042528677731752396
DS3-pre_onset,G13,73,37.0,36.5,37.5,37.0,0.04009007662534714,0.034013792872428894
DS3-pre_onset,G13,74,37.5,37.0,38.0,37.5,0.043070029467344284,0.0358770377933979
DS3-pre_onset,G13,75,38.0,37.5,38.5,38.0,0.02201317809522152,0.01766328327357769
DS3-pre_onset,G13,76,38.5,38.0,39.0,38.5,0.0563649944961071,0.050046324729919434
DS3-pre_onset,G13,77,39.0,38.5,39.5,39.0,0.043930742889642715,0.028788043186068535
DS3-pre_onset,G13,78,39.5,39.0,40.0,39.5,0.08374349772930145,0.0754750445485115
DS3-pre_onset,G13,79,40.0,39.5,40.5,40.0,0.09410995244979858,0.08092938363552094
DS3-pre_onset,G13,80,40.5,40.0,41.0,40.5,0.032812654972076416,0.024640236049890518
DS3-pre_onset,G13,81,41.0,40.5,41.5,41.0,0.038192179054021835,0.02991374395787716
DS3-pre_onset,G13,82,41.5,41.0,42.0,41.5,0.05974999815225601,0.04423360899090767
DS3-pre_onset,G13,83,42.0,41.5,42.5,42.0,0.05017215386033058,0.03715852275490761
DS3-pre_onset,G13,84,42.5,42.0,43.0,42.5,0.055050309747457504,0.0428856797516346
DS3-pre_onset,G13,85,43.0,42.5,43.5,43.0,0.052679985761642456,0.042193636298179626
DS3-pre_onset,G13,86,43.5,43.0,44.0,43.5,0.06870963424444199,0.04190048575401306
DS3-pre_onset,G13,87,44.0,43.5,44.5,44.0,0.06087194010615349,0.04938279464840889
DS3-pre_onset,G13,88,44.5,44.0,45.0,44.5,0.08778756111860275,0.07778501510620117
DS3-pre_onset,G13,89,45.0,44.5,45.5,45.0,0.07212624698877335,0.05606832727789879
DS3-pre_onset,G13,90,45.5,45.0,46.0,45.5,0.06431229412555695,0.04153062030673027
DS3-pre_onset,G13,91,46.0,45.5,46.5,46.0,0.02553035318851471,0.020472267642617226
DS3-pre_onset,G13,92,46.5,46.0,47.0,46.5,0.04902876168489456,0.03650440648198128
DS3-pre_onset,G13,93,47.0,46.5,47.5,47.0,0.08483137935400009,0.07414187490940094
DS3-pre_onset,G13,94,47.5,47.0,48.0,47.5,0.06295285373926163,0.04881215840578079
DS3-pre_onset,G13,95,48.0,47.5,48.5,48.0,0.046915844082832336,0.03766552731394768
DS3-pre_onset,G13,96,48.5,48.0,49.0,48.5,0.09840454906225204,0.08625773340463638
DS3-pre_onset,G13,97,49.0,48.5,49.5,49.0,0.06418952345848083,0.048005152493715286
DS3-pre_onset,G13,98,49.5,49.0,50.0,49.5,0.02331860363483429,0.01818891242146492
DS3-pre_onset,G13,99,50.0,49.5,50.5,50.0,0.03838689625263214,0.02984641306102276
DS3-pre_onset,G13,100,50.5,50.0,51.0,50.5,0.07023013383150101,0.0621052123606205
DS3-pre_onset,G13,101,51.0,50.5,51.5,51.0,0.013951331377029419,0.011106466874480247
DS3-pre_onset,G13,102,51.5,51.0,52.0,51.5,0.04501105099916458,0.038416698575019836
DS3-pre_onset,G13,103,52.0,51.5,52.5,52.0,0.08871153742074966,0.06090405210852623
DS3-pre_onset,G13,104,52.5,52.0,53.0,52.5,0.0318254716694355,0.02833786979317665
DS3-pre_onset,G13,105,53.0,52.5,53.5,53.0,0.0698838010430336,0.04881714656949043
DS3-pre_onset,G13,106,53.5,53.0,54.0,53.5,0.08099432289600372,0.07102881371974945
DS3-pre_onset,G13,107,54.0,53.5,54.5,54.0,0.047624748200178146,0.03894103318452835
DS3-pre_onset,G13,108,54.5,54.0,55.0,54.5,0.06751900166273117,0.05781455338001251
DS3-pre_onset,G13,109,55.0,54.5,55.5,55.0,0.06792174279689789,0.06029094010591507
DS3-pre_onset,G13,110,55.5,55.0,56.0,55.5,0.04471832513809204,0.03378811478614807
DS3-pre_onset,G13,111,56.0,55.5,56.5,56.0,0.04551766440272331,0.03997044637799263
DS3-pre_onset,G13,112,56.5,56.0,57.0,56.5,0.056123893707990646,0.03762231394648552
DS3-pre_onset,G13,113,57.0,56.5,57.5,57.0,0.06897009164094925,0.050820134580135345
DS3-pre_onset,G13,114,57.5,57.0,58.0,57.5,0.037927720695734024,0.033821359276771545
DS3-pre_onset,G13,115,58.0,57.5,58.5,58.0,0.04634064435958862,0.04235423356294632
DS3-pre_onset,G13,116,58.5,58.0,59.0,58.5,0.06669140607118607,0.061792902648448944
DS3-pre_onset,G13,117,59.0,58.5,59.5,59.0,0.03870820999145508,0.03423522785305977
DS3-pre_onset,G13,118,59.5,59.0,60.0,59.5,0.039342835545539856,0.035996925085783005
DS3-pre_onset,G13,119,60.0,59.5,60.5,60.0,0.059587832540273666,0.04771183058619499
DS3-pre_onset,G13,120,60.5,60.0,61.0,60.5,0.058821551501750946,0.03511260449886322
DS3-pre_onset,G13,121,61.0,60.5,61.5,61.0,0.06457456201314926,0.039959441870450974
DS3-pre_onset,G13,122,61.5,61.0,62.0,61.5,0.04517142102122307,0.03464789688587189
DS3-pre_onset,G13,123,62.0,61.5,62.5,62.0,0.05221199244260788,0.03972424566745758
DS3-pre_onset,G13,124,62.5,62.0,63.0,62.5,0.04033771902322769,0.03476884588599205
DS3-pre_onset,G13,125,63.0,62.5,63.5,63.0,0.0593474879860878,0.050688911229372025
DS3-pre_onset,G13,126,63.5,63.0,64.0,63.5,0.07318836450576782,0.05441858246922493
DS3-pre_onset,G13,127,64.0,63.5,64.5,64.0,0.04340142384171486,0.03568984568119049
DS3-pre_onset,G13,128,64.5,64.0,65.0,64.5,0.022378426045179367,0.013898387551307678
DS3-pre_onset,G13,129,65.0,64.5,65.5,65.0,0.04576951265335083,0.028832728043198586
DS3-pre_onset,G13,130,65.5,65.0,66.0,65.5,0.0781317874789238,0.05993512645363808
DS3-pre_onset,G13,131,66.0,65.5,66.5,66.0,0.04710596427321434,0.03705628588795662
DS3-pre_onset,G13,132,66.5,66.0,67.0,66.5,0.07288004457950592,0.05403069034218788
DS3-pre_onset,G13,133,67.0,66.5,67.5,67.0,0.04013775661587715,0.03162520378828049
DS3-pre_onset,G13,134,67.5,67.0,68.0,67.5,0.028646299615502357,0.020938405767083168
DS3-pre_onset,G13,135,68.0,67.5,68.5,68.0,0.059467900544404984,0.04183752089738846
DS3-pre_onset,G13,136,68.5,68.0,69.0,68.5,0.06464432924985886,0.051413554698228836
DS3-pre_onset,G13,137,69.0,68.5,69.5,69.0,0.07097148150205612,0.06010972708463669
DS3-pre_onset,G13,138,69.5,69.0,70.0,69.5,0.03062509559094906,0.026400765404105186
DS3-pre_onset,G13,139,70.0,69.5,70.5,70.0,0.036775119602680206,0.025436174124479294
DS3-pre_onset,G13,140,70.5,70.0,71.0,70.5,0.0478283166885376,0.033563945442438126
DS3-pre_onset,G13,141,71.0,70.5,71.5,71.0,0.11744396388530731,0.10651091486215591
DS3-pre_onset,G13,142,71.5,71.0,72.0,71.5,0.052091073244810104,0.03159875050187111
DS3-pre_onset,G13,143,72.0,71.5,72.5,72.0,0.03986579179763794,0.028032805770635605
DS3-pre_onset,G13,144,72.5,72.0,73.0,72.5,0.03690280020236969,0.030027886852622032
DS3-pre_onset,G13,145,73.0,72.5,73.5,73.0,0.033942412585020065,0.026642460376024246
DS3-pre_onset,G13,146,73.5,73.0,74.0,73.5,0.04285689815878868,0.029821911826729774
DS3-pre_onset,G13,147,74.0,73.5,74.5,74.0,0.06026570498943329,0.051430005580186844
DS3-pre_onset,G13,148,74.5,74.0,75.0,74.5,0.06465952098369598,0.0548204705119133
DS3-pre_onset,G13,149,75.0,74.5,75.5,75.0,0.029537735506892204,0.020004749298095703
DS3-pre_onset,G13,150,75.5,75.0,76.0,75.5,0.030694633722305298,0.025913124904036522
DS3-pre_onset,G13,151,76.0,75.5,76.5,76.0,0.08907409012317657,0.06169800087809563
DS3-pre_onset,G13,152,76.5,76.0,77.0,76.5,0.031004484742879868,0.024327175691723824
DS3-pre_onset,G13,153,77.0,76.5,77.5,77.0,0.028382660821080208,0.02090328559279442
DS3-pre_onset,G13,154,77.5,77.0,78.0,77.5,0.04055684804916382,0.030686259269714355
DS3-pre_onset,G13,155,78.0,77.5,78.5,78.0,0.05735692009329796,0.040759921073913574
DS3-pre_onset,G13,156,78.5,78.0,79.0,78.5,0.05469908565282822,0.03397243469953537
DS3-pre_onset,G13,157,79.0,78.5,79.5,79.0,0.06353861838579178,0.05300062149763107
DS3-pre_onset,G13,158,79.5,79.0,80.0,79.5,0.09473694115877151,0.07829175889492035
DS3-pre_onset,G13,159,80.0,79.5,80.5,80.0,0.041341137140989304,0.03572879731655121
DS3-pre_onset,G13,160,80.5,80.0,81.0,80.5,0.07495296746492386,0.05446598306298256
DS3-pre_onset,G13,161,81.0,80.5,81.5,81.0,0.06880573183298111,0.0528981015086174
DS3-pre_onset,G13,162,81.5,81.0,82.0,81.5,0.07253658026456833,0.05062711238861084
DS3-pre_onset,G13,163,82.0,81.5,82.5,82.0,0.029055651277303696,0.022199688479304314
DS3-pre_onset,G13,164,82.5,82.0,83.0,82.5,0.06765345484018326,0.04452361911535263
DS3-pre_onset,G13,165,83.0,82.5,83.5,83.0,0.035634156316518784,0.029124565422534943
DS3-pre_onset,G13,166,83.5,83.0,84.0,83.5,0.06447045505046844,0.047159481793642044
DS3-pre_onset,G13,167,84.0,83.5,84.5,84.0,0.07132527977228165,0.05733226612210274
DS3-pre_onset,G13,168,84.5,84.0,85.0,84.5,0.04254790395498276,0.02818366512656212
DS3-pre_onset,G13,169,85.0,84.5,85.5,85.0,0.06618765741586685,0.05729990452528
DS3-pre_onset,G13,170,85.5,85.0,86.0,85.5,0.03749380260705948,0.02958490140736103
DS3-pre_onset,G13,171,86.0,85.5,86.5,86.0,0.07000994682312012,0.05640135332942009
DS3-pre_onset,G13,172,86.5,86.0,87.0,86.5,0.03295426815748215,0.025226185098290443
DS3-pre_onset,G13,173,87.0,86.5,87.5,87.0,0.07215727865695953,0.0650952011346817
DS3-pre_onset,G13,174,87.5,87.0,88.0,87.5,0.10768980532884598,0.0828683152794838
DS3-pre_onset,G13,175,88.0,87.5,88.5,88.0,0.06233459711074829,0.05362677574157715
DS3-pre_onset,G13,176,88.5,88.0,89.0,88.5,0.11347077041864395,0.09609702229499817
DS3-pre_onset,G13,177,89.0,88.5,89.5,89.0,0.1012389063835144,0.0903288722038269
DS3-pre_onset,G13,178,89.5,89.0,90.0,89.5,0.08267613500356674,0.061059024184942245
DS3-pre_onset,G13,179,90.0,89.5,90.5,90.0,0.08610501885414124,0.06849168241024017
DS3-pre_onset,G13,180,90.5,90.0,91.0,90.5,0.045945409685373306,0.03756576403975487
DS3-pre_onset,G13,181,91.0,90.5,91.5,91.0,0.08542874455451965,0.06794487684965134
DS3-pre_onset,G13,182,91.5,91.0,92.0,91.5,0.053715821355581284,0.04620698466897011
DS3-pre_onset,G13,183,92.0,91.5,92.5,92.0,0.09316746890544891,0.08520824462175369
DS3-pre_onset,G13,184,92.5,92.0,93.0,92.5,0.042765866965055466,0.035280779004096985
DS3-pre_onset,G13,185,93.0,92.5,93.5,93.0,0.030065158382058144,0.022489873692393303
DS3-pre_onset,G13,186,93.5,93.0,94.0,93.5,0.07014983892440796,0.06286913901567459
DS3-pre_onset,G13,187,94.0,93.5,94.5,94.0,0.041655540466308594,0.030249709263443947
DS3-pre_onset,G13,188,94.5,94.0,95.0,94.5,0.06967119872570038,0.05672011151909828
DS3-pre_onset,G13,189,95.0,94.5,95.5,95.0,0.029682233929634094,0.020090073347091675
DS3-pre_onset,G13,190,95.5,95.0,96.0,95.5,0.0639537125825882,0.05215436592698097
DS3-pre_onset,G13,191,96.0,95.5,96.5,96.0,0.022953877225518227,0.017950933426618576
DS3-pre_onset,G13,192,96.5,96.0,97.0,96.5,0.06442010402679443,0.048678480088710785
DS3-pre_onset,G13,193,97.0,96.5,97.5,97.0,0.0445067472755909,0.03505300357937813
DS3-pre_onset,G13,194,97.5,97.0,98.0,97.5,0.025327950716018677,0.020879607647657394
DS3-pre_onset,G13,195,98.0,97.5,98.5,98.0,0.06428229063749313,0.04743245989084244
DS3-pre_onset,G13,196,98.5,98.0,99.0,98.5,0.043388787657022476,0.02987489476799965
DS3-pre_onset,G13,197,99.0,98.5,99.5,99.0,0.0375969372689724,0.032033804804086685
DS3-pre_onset,G13,198,99.5,99.0,100.0,99.5,0.019058430567383766,0.016361134126782417
DS3-pre_onset,G13,199,100.0,99.5,100.5,100.0,0.06589217483997345,0.058632057160139084
DS3-pre_onset,G13,200,100.5,100.0,101.0,100.5,0.06561607122421265,0.04945218563079834
DS3-pre_onset,G13,201,101.0,100.5,101.5,101.0,0.032864734530448914,0.02493526227772236
DS3-pre_onset,G13,202,101.5,101.0,102.0,101.5,0.04526069387793541,0.03558041527867317
DS3-pre_onset,G13,203,102.0,101.5,102.5,102.0,0.10845325887203217,0.09154562652111053
DS3-pre_onset,G13,204,102.5,102.0,103.0,102.5,0.02897297777235508,0.022992856800556183
DS3-pre_onset,G13,205,103.0,102.5,103.5,103.0,0.08960694074630737,0.07092516869306564
DS3-pre_onset,G13,206,103.5,103.0,104.0,103.5,0.0558982715010643,0.03565607964992523
DS3-pre_onset,G13,207,104.0,103.5,104.5,104.0,0.09806283563375473,0.0841532051563263
DS3-pre_onset,G13,208,104.5,104.0,105.0,104.5,0.0725269541144371,0.0619218684732914
DS3-pre_onset,G13,209,105.0,104.5,105.5,105.0,0.06388556957244873,0.04573608562350273
DS3-pre_onset,G13,210,105.5,105.0,106.0,105.5,0.05372199788689613,0.038943734019994736
DS3-pre_onset,G13,211,106.0,105.5,106.5,106.0,0.025425132364034653,0.0212280061095953
DS3-pre_onset,G13,212,106.5,106.0,107.0,106.5,0.03431249409914017,0.022359972819685936
DS3-pre_onset,G13,213,107.0,106.5,107.5,107.0,0.027332786470651627,0.0197535902261734
DS3-pre_onset,G13,214,107.5,107.0,108.0,107.5,0.08584956079721451,0.06110488250851631
DS3-pre_onset,G13,215,108.0,107.5,108.5,108.0,0.06435171514749527,0.04655371233820915
DS3-pre_onset,G13,216,108.5,108.0,109.0,108.5,0.04862595722079277,0.04021795466542244
DS3-pre_onset,G13,217,109.0,108.5,109.5,109.0,0.044134434312582016,0.03744088485836983
DS3-pre_onset,G13,218,109.5,109.0,110.0,109.5,0.0434601828455925,0.03142387792468071
DS3-pre_onset,G13,219,110.0,109.5,110.5,110.0,0.043525874614715576,0.0332217738032341
DS3-pre_onset,G13,220,110.5,110.0,111.0,110.5,0.06753960996866226,0.04772110655903816
DS3-pre_onset,G13,221,111.0,110.5,111.5,111.0,0.0667063519358635,0.057046014815568924
DS3-pre_onset,G13,222,111.5,111.0,112.0,111.5,0.0202376339584589,0.017796359956264496
DS3-pre_onset,G13,223,112.0,111.5,112.5,112.0,0.06862825900316238,0.05859443172812462
DS3-pre_onset,G13,224,112.5,112.0,113.0,112.5,0.02510123886168003,0.017338044941425323
DS3-pre_onset,G13,225,113.0,112.5,113.5,113.0,0.0363113209605217,0.0316353477537632
DS3-pre_onset,G13,226,113.5,113.0,114.0,113.5,0.04521685466170311,0.038711708039045334
DS3-pre_onset,G13,227,114.0,113.5,114.5,114.0,0.026431800797581673,0.02153187431395054
DS3-pre_onset,G13,228,114.5,114.0,115.0,114.5,0.030085047706961632,0.025421468541026115
DS3-pre_onset,G13,229,115.0,114.5,115.5,115.0,0.05150039866566658,0.03818792104721069
DS3-pre_onset,G13,230,115.5,115.0,116.0,115.5,0.03585689887404442,0.029783064499497414
DS3-pre_onset,G13,231,116.0,115.5,116.5,116.0,0.07304756343364716,0.05039201304316521
DS3-pre_onset,G13,232,116.5,116.0,117.0,116.5,0.06101883202791214,0.040466584265232086
DS3-pre_onset,G13,233,117.0,116.5,117.5,117.0,0.039367031306028366,0.029507815837860107
DS3-pre_onset,G13,234,117.5,117.0,118.0,117.5,0.04678620770573616,0.03606618940830231
DS3-pre_onset,G13,235,118.0,117.5,118.5,118.0,0.03409595787525177,0.023611553013324738
DS3-pre_onset,G13,236,118.5,118.0,119.0,118.5,0.07578901201486588,0.055529143661260605
DS3-pre_onset,G16,12,6.5,6.0,7.0,6.5,0.038328152149915695,0.03433092311024666
DS3-pre_onset,G16,13,7.0,6.5,7.5,7.0,0.03531791269779205,0.02621147409081459
DS3-pre_onset,G16,14,7.5,7.0,8.0,7.5,0.08500069379806519,0.06419653445482254
DS3-pre_onset,G16,15,8.0,7.5,8.5,8.0,0.10589685291051865,0.0837402492761612
DS3-pre_onset,G16,16,8.5,8.0,9.0,8.5,0.06588921695947647,0.053795184940099716
DS3-pre_onset,G16,17,9.0,8.5,9.5,9.0,0.048233624547719955,0.04358673095703125
DS3-pre_onset,G16,18,9.5,9.0,10.0,9.5,0.07637573778629303,0.06847025454044342
DS3-pre_onset,G16,19,10.0,9.5,10.5,10.0,0.0821172222495079,0.06568322330713272
DS3-pre_onset,G16,20,10.5,10.0,11.0,10.5,0.01982945203781128,0.015095985494554043
DS3-pre_onset,G16,21,11.0,10.5,11.5,11.0,0.02105838991701603,0.01746518723666668
DS3-pre_onset,G16,22,11.5,11.0,12.0,11.5,0.02861741930246353,0.022907203063368797
DS3-pre_onset,G16,23,12.0,11.5,12.5,12.0,0.03509199246764183,0.028634442016482353
DS3-pre_onset,G16,24,12.5,12.0,13.0,12.5,0.0329781137406826,0.021420802921056747
DS3-pre_onset,G16,25,13.0,12.5,13.5,13.0,0.02831941284239292,0.023826397955417633
DS3-pre_onset,G16,26,13.5,13.0,14.0,13.5,0.027615200728178024,0.022076556459069252
DS3-pre_onset,G16,27,14.0,13.5,14.5,14.0,0.02146189846098423,0.017429020255804062
DS3-pre_onset,G16,28,14.5,14.0,15.0,14.5,0.031959619373083115,0.026891035959124565
DS3-pre_onset,G16,29,15.0,14.5,15.5,15.0,0.027606630697846413,0.02092413790524006
DS3-pre_onset,G16,30,15.5,15.0,16.0,15.5,0.028813257813453674,0.022555191069841385
DS3-pre_onset,G16,31,16.0,15.5,16.5,16.0,0.025636808946728706,0.023344477638602257
DS3-pre_onset,G16,32,16.5,16.0,17.0,16.5,0.02052897959947586,0.017662426456809044
DS3-pre_onset,G16,33,17.0,16.5,17.5,17.0,0.015896448865532875,0.013039660640060902
DS3-pre_onset,G16,34,17.5,17.0,18.0,17.5,0.02036106027662754,0.014718059450387955
DS3-pre_onset,G16,35,18.0,17.5,18.5,18.0,0.023199038580060005,0.019880184903740883
DS3-pre_onset,G16,36,18.5,18.0,19.0,18.5,0.026793889701366425,0.020843327045440674
DS3-pre_onset,G16,37,19.0,18.5,19.5,19.0,0.01846206746995449,0.015574602410197258
DS3-pre_onset,G16,38,19.5,19.0,20.0,19.5,0.020380899310112,0.016132159158587456
DS3-pre_onset,G16,39,20.0,19.5,20.5,20.0,0.031082473695278168,0.027917752042412758
DS3-pre_onset,G16,40,20.5,20.0,21.0,20.5,0.027783574536442757,0.023869046941399574
DS3-pre_onset,G16,41,21.0,20.5,21.5,21.0,0.047775521874427795,0.04117806255817413
DS3-pre_onset,G16,42,21.5,21.0,22.0,21.5,0.061897046864032745,0.05389611795544624
DS3-pre_onset,G16,43,22.0,21.5,22.5,22.0,0.034354470670223236,0.029515478760004044
DS3-pre_onset,G16,44,22.5,22.0,23.0,22.5,0.03274080902338028,0.025637943297624588
DS3-pre_onset,G16,45,23.0,22.5,23.5,23.0,0.023547766730189323,0.019312867894768715
DS3-pre_onset,G16,46,23.5,23.0,24.0,23.5,0.019680900499224663,0.014679172076284885
DS3-pre_onset,G16,47,24.0,23.5,24.5,24.0,0.031236007809638977,0.023054391145706177
DS3-pre_onset,G16,48,24.5,24.0,25.0,24.5,0.03162723779678345,0.02485755831003189
DS3-pre_onset,G16,49,25.0,24.5,25.5,25.0,0.02031564712524414,0.01845383644104004
DS3-pre_onset,G16,50,25.5,25.0,26.0,25.5,0.01960633136332035,0.01493123359978199
DS3-pre_onset,G16,51,26.0,25.5,26.5,26.0,0.02685702033340931,0.017610525712370872
DS3-pre_onset,G16,52,26.5,26.0,27.0,26.5,0.018409691751003265,0.015951605513691902
DS3-pre_onset,G16,53,27.0,26.5,27.5,27.0,0.030229372903704643,0.02088133618235588
DS3-pre_onset,G16,54,27.5,27.0,28.0,27.5,0.01761016622185707,0.016093024984002113
DS3-pre_onset,G16,55,28.0,27.5,28.5,28.0,0.04199082776904106,0.03665115311741829
DS3-pre_onset,G16,56,28.5,28.0,29.0,28.5,0.023071827366948128,0.018521033227443695
DS3-pre_onset,G16,57,29.0,28.5,29.5,29.0,0.029190342873334885,0.022463880479335785
DS3-pre_onset,G16,58,29.5,29.0,30.0,29.5,0.02418636530637741,0.01865905337035656
DS3-pre_onset,G16,59,30.0,29.5,30.5,30.0,0.012795086950063705,0.010767430067062378
DS3-pre_onset,G16,60,30.5,30.0,31.0,30.5,0.02055951952934265,0.015803497284650803
DS3-pre_onset,G16,61,31.0,30.5,31.5,31.0,0.01702011562883854,0.01207900419831276
DS3-pre_onset,G16,62,31.5,31.0,32.0,31.5,0.016939658671617508,0.011813309974968433
DS3-pre_onset,G16,63,32.0,31.5,32.5,32.0,0.026262439787387848,0.02125540003180504
DS3-pre_onset,G16,64,32.5,32.0,33.0,32.5,0.023727767169475555,0.018220894038677216
DS3-pre_onset,G16,65,33.0,32.5,33.5,33.0,0.019811196252703667,0.01338755339384079
DS3-pre_onset,G16,66,33.5,33.0,34.0,33.5,0.023853996768593788,0.016850918531417847
DS3-pre_onset,G16,67,34.0,33.5,34.5,34.0,0.014282679185271263,0.010732822120189667
DS3-pre_onset,G16,68,34.5,34.0,35.0,34.5,0.0872686430811882,0.07272478193044662
DS3-pre_onset,G16,69,35.0,34.5,35.5,35.0,0.03212500363588333,0.02278975397348404
DS3-pre_onset,G16,70,35.5,35.0,36.0,35.5,0.08926921337842941,0.07245462387800217
DS3-pre_onset,G16,71,36.0,35.5,36.5,36.0,0.07361327111721039,0.061177559196949005
DS3-pre_onset,G16,72,36.5,36.0,37.0,36.5,0.04369523376226425,0.0351514108479023
DS3-pre_onset,G16,73,37.0,36.5,37.5,37.0,0.02976340614259243,0.02633518911898136
DS3-pre_onset,G16,74,37.5,37.0,38.0,37.5,0.02857699804008007,0.017905810847878456
DS3-pre_onset,G16,75,38.0,37.5,38.5,38.0,0.05575622618198395,0.04123703017830849
DS3-pre_onset,G16,76,38.5,38.0,39.0,38.5,0.07408210635185242,0.061662305146455765
DS3-pre_onset,G16,77,39.0,38.5,39.5,39.0,0.038404177874326706,0.03300941362977028
DS3-pre_onset,G16,78,39.5,39.0,40.0,39.5,0.07119107991456985,0.05335637181997299
DS3-pre_onset,G16,79,40.0,39.5,40.5,40.0,0.07479187101125717,0.055474378168582916
DS3-pre_onset,G16,80,40.5,40.0,41.0,40.5,0.047039762139320374,0.03949061036109924
DS3-pre_onset,G16,81,41.0,40.5,41.5,41.0,0.025701332837343216,0.020804638043045998
DS3-pre_onset,G16,82,41.5,41.0,42.0,41.5,0.06555787473917007,0.05304757133126259
DS3-pre_onset,G16,83,42.0,41.5,42.5,42.0,0.026018133386969566,0.016042137518525124
DS3-pre_onset,G16,84,42.5,42.0,43.0,42.5,0.07753076404333115,0.06447277963161469
DS3-pre_onset,G16,85,43.0,42.5,43.5,43.0,0.06862667948007584,0.06077500060200691
DS3-pre_onset,G16,86,43.5,43.0,44.0,43.5,0.0766017958521843,0.06527788192033768
DS3-pre_onset,G16,87,44.0,43.5,44.5,44.0,0.058138035237789154,0.0492575503885746
DS3-pre_onset,G16,88,44.5,44.0,45.0,44.5,0.07676016539335251,0.06749109923839569
DS3-pre_onset,G16,89,45.0,44.5,45.5,45.0,0.046419449150562286,0.035133156925439835
DS3-pre_onset,G16,90,45.5,45.0,46.0,45.5,0.03836958482861519,0.031635869294404984
DS3-pre_onset,G16,91,46.0,45.5,46.5,46.0,0.01843646541237831,0.014739728532731533
DS3-pre_onset,G16,92,46.5,46.0,47.0,46.5,0.048831380903720856,0.03526679798960686
DS3-pre_onset,G16,93,47.0,46.5,47.5,47.0,0.11379605531692505,0.09082066267728806
DS3-pre_onset,G16,94,47.5,47.0,48.0,47.5,0.05677545815706253,0.0456058643758297
DS3-pre_onset,G16,95,48.0,47.5,48.5,48.0,0.05758089944720268,0.04907483980059624
DS3-pre_onset,G16,96,48.5,48.0,49.0,48.5,0.07031065970659256,0.055700235068798065
DS3-pre_onset,G16,97,49.0,48.5,49.5,49.0,0.10441242903470993,0.09300720691680908
DS3-pre_onset,G16,98,49.5,49.0,50.0,49.5,0.0796198919415474,0.06854546070098877
DS3-pre_onset,G16,99,50.0,49.5,50.5,50.0,0.054459910839796066,0.04222704470157623
DS3-pre_onset,G16,100,50.5,50.0,51.0,50.5,0.04240669682621956,0.03093733824789524
DS3-pre_onset,G16,101,51.0,50.5,51.5,51.0,0.058934736996889114,0.04811519384384155
DS3-pre_onset,G16,102,51.5,51.0,52.0,51.5,0.054352372884750366,0.039983585476875305
DS3-pre_onset,G16,103,52.0,51.5,52.5,52.0,0.12914103269577026,0.11451264470815659
DS3-pre_onset,G16,104,52.5,52.0,53.0,52.5,0.07785320281982422,0.05527712032198906
DS3-pre_onset,G16,105,53.0,52.5,53.5,53.0,0.041539620608091354,0.03430071845650673
DS3-pre_onset,G16,106,53.5,53.0,54.0,53.5,0.051425255835056305,0.03625943884253502
DS3-pre_onset,G16,107,54.0,53.5,54.5,54.0,0.123659648001194,0.09643857926130295
DS3-pre_onset,G16,108,54.5,54.0,55.0,54.5,0.040710534900426865,0.031992457807064056
DS3-pre_onset,G16,109,55.0,54.5,55.5,55.0,0.03317853435873985,0.02628599852323532
DS3-pre_onset,G16,110,55.5,55.0,56.0,55.5,0.04587847366929054,0.04072315990924835
DS3-pre_onset,G16,111,56.0,55.5,56.5,56.0,0.07050986588001251,0.06263162195682526
DS3-pre_onset,G16,112,56.5,56.0,57.0,56.5,0.07469639927148819,0.05871715769171715
DS3-pre_onset,G16,113,57.0,56.5,57.5,57.0,0.07382933050394058,0.05791720375418663
DS3-pre_onset,G16,114,57.5,57.0,58.0,57.5,0.06658454239368439,0.057687316089868546
DS3-pre_onset,G16,115,58.0,57.5,58.5,58.0,0.09268653392791748,0.07322680950164795
DS3-pre_onset,G16,116,58.5,58.0,59.0,58.5,0.05502436310052872,0.041827525943517685
DS3-pre_onset,G16,117,59.0,58.5,59.5,59.0,0.09365921467542648,0.07505784928798676
DS3-pre_onset,G16,118,59.5,59.0,60.0,59.5,0.08516685664653778,0.06550248712301254
DS3-pre_onset,G16,119,60.0,59.5,60.5,60.0,0.11699532717466354,0.08464957773685455
DS3-pre_onset,G16,120,60.5,60.0,61.0,60.5,0.11983884125947952,0.11126378178596497
DS3-pre_onset,G16,121,61.0,60.5,61.5,61.0,0.04438934475183487,0.03680321201682091
DS3-pre_onset,G16,122,61.5,61.0,62.0,61.5,0.07699676603078842,0.06406936794519424
DS3-pre_onset,G16,123,62.0,61.5,62.5,62.0,0.05476948618888855,0.03828030824661255
DS3-pre_onset,G16,124,62.5,62.0,63.0,62.5,0.058278925716876984,0.05151541531085968
DS3-pre_onset,G16,125,63.0,62.5,63.5,63.0,0.03498039022088051,0.026303201913833618
DS3-pre_onset,G16,126,63.5,63.0,64.0,63.5,0.036159541457891464,0.02806403674185276
DS3-pre_onset,G16,127,64.0,63.5,64.5,64.0,0.0322674997150898,0.025985732674598694
DS3-pre_onset,G16,128,64.5,64.0,65.0,64.5,0.08488154411315918,0.06534985452890396
DS3-pre_onset,G16,129,65.0,64.5,65.5,65.0,0.11467687785625458,0.09566996246576309
DS3-pre_onset,G16,130,65.5,65.0,66.0,65.5,0.09669554978609085,0.07705957442522049
DS3-pre_onset,G16,131,66.0,65.5,66.5,66.0,0.0806877613067627,0.06602535396814346
DS3-pre_onset,G16,132,66.5,66.0,67.0,66.5,0.07774551957845688,0.061428241431713104
DS3-pre_onset,G16,133,67.0,66.5,67.5,67.0,0.07742110639810562,0.05788575857877731
DS3-pre_onset,G16,134,67.5,67.0,68.0,67.5,0.059419043362140656,0.04276014491915703
DS3-pre_onset,G16,135,68.0,67.5,68.5,68.0,0.037466518580913544,0.029601408168673515
DS3-pre_onset,G16,136,68.5,68.0,69.0,68.5,0.023074520751833916,0.016272813081741333
DS3-pre_onset,G16,137,69.0,68.5,69.5,69.0,0.08226557821035385,0.06956861913204193
DS3-pre_onset,G16,138,69.5,69.0,70.0,69.5,0.07864560931921005,0.06490565091371536
DS3-pre_onset,G16,139,70.0,69.5,70.5,70.0,0.016833897680044174,0.014680306427180767
DS3-pre_onset,G16,140,70.5,70.0,71.0,70.5,0.050848107784986496,0.04344649612903595
DS3-pre_onset,G16,141,71.0,70.5,71.5,71.0,0.04321388155221939,0.026884930208325386
DS3-pre_onset,G16,142,71.5,71.0,72.0,71.5,0.07982443273067474,0.06870371103286743
DS3-pre_onset,G16,143,72.0,71.5,72.5,72.0,0.05902770534157753,0.048465926200151443
DS3-pre_onset,G16,144,72.5,72.0,73.0,72.5,0.05458537116646767,0.04729636013507843
DS3-pre_onset,G16,145,73.0,72.5,73.5,73.0,0.042070966213941574,0.032715942710638046
DS3-pre_onset,G16,146,73.5,73.0,74.0,73.5,0.045419931411743164,0.03540235757827759
DS3-pre_onset,G16,147,74.0,73.5,74.5,74.0,0.07237553596496582,0.05801916867494583
DS3-pre_onset,G16,148,74.5,74.0,75.0,74.5,0.07967700809240341,0.05888457968831062
DS3-pre_onset,G16,149,75.0,74.5,75.5,75.0,0.07466310262680054,0.044954221695661545
DS3-pre_onset,G16,150,75.5,75.0,76.0,75.5,0.05728527531027794,0.04305234178900719
DS3-pre_onset,G16,151,76.0,75.5,76.5,76.0,0.06834393739700317,0.05495740845799446
DS3-pre_onset,G16,152,76.5,76.0,77.0,76.5,0.04936863109469414,0.040288038551807404
DS3-pre_onset,G16,153,77.0,76.5,77.5,77.0,0.0478387251496315,0.03181201219558716
DS3-pre_onset,G16,154,77.5,77.0,78.0,77.5,0.09553969651460648,0.0821165218949318
DS3-pre_onset,G16,155,78.0,77.5,78.5,78.0,0.055585332214832306,0.04647892341017723
DS3-pre_onset,G16,156,78.5,78.0,79.0,78.5,0.049245964735746384,0.03928466513752937
DS3-pre_onset,G16,157,79.0,78.5,79.5,79.0,0.08634808659553528,0.06320643424987793
DS3-pre_onset,G16,158,79.5,79.0,80.0,79.5,0.03230433911085129,0.02440657652914524
DS3-pre_onset,G16,159,80.0,79.5,80.5,80.0,0.08576475828886032,0.07313031703233719
DS3-pre_onset,G16,160,80.5,80.0,81.0,80.5,0.07531001418828964,0.06089373305439949
DS3-pre_onset,G16,161,81.0,80.5,81.5,81.0,0.0574302040040493,0.047212619334459305
DS3-pre_onset,G16,162,81.5,81.0,82.0,81.5,0.09147093445062637,0.07558957487344742
DS3-pre_onset,G16,163,82.0,81.5,82.5,82.0,0.04988124594092369,0.04099533334374428
DS3-pre_onset,G16,164,82.5,82.0,83.0,82.5,0.04194539412856102,0.033153992146253586
DS3-pre_onset,G16,165,83.0,82.5,83.5,83.0,0.049831975251436234,0.034103650599718094
DS3-pre_onset,G16,166,83.5,83.0,84.0,83.5,0.04466160759329796,0.034766875207424164
DS3-pre_onset,G16,167,84.0,83.5,84.5,84.0,0.05670091137290001,0.04638299718499184
DS3-pre_onset,G16,168,84.5,84.0,85.0,84.5,0.06199566274881363,0.05033024027943611
DS3-pre_onset,G16,169,85.0,84.5,85.5,85.0,0.0464702770113945,0.03706786781549454
DS3-pre_onset,G16,170,85.5,85.0,86.0,85.5,0.0433010533452034,0.03625805675983429
DS3-pre_onset,G16,171,86.0,85.5,86.5,86.0,0.055483318865299225,0.044888801872730255
DS3-pre_onset,G16,172,86.5,86.0,87.0,86.5,0.13935939967632294,0.12128493934869766
DS3-pre_onset,G16,173,87.0,86.5,87.5,87.0,0.04362333565950394,0.03434766083955765
DS3-pre_onset,G16,174,87.5,87.0,88.0,87.5,0.028686584904789925,0.021269086748361588
DS3-pre_onset,G16,175,88.0,87.5,88.5,88.0,0.11044969409704208,0.09975925087928772
DS3-pre_onset,G16,176,88.5,88.0,89.0,88.5,0.10108406841754913,0.09024380892515182
DS3-pre_onset,G16,177,89.0,88.5,89.5,89.0,0.06790735572576523,0.060805123299360275
DS3-pre_onset,G16,178,89.5,89.0,90.0,89.5,0.0349104143679142,0.023818517103791237
DS3-pre_onset,G16,179,90.0,89.5,90.5,90.0,0.08174952119588852,0.06386822462081909
DS3-pre_onset,G16,180,90.5,90.0,91.0,90.5,0.07813902944326401,0.05331440269947052
DS3-pre_onset,G16,181,91.0,90.5,91.5,91.0,0.1042628288269043,0.0818924754858017
DS3-pre_onset,G16,182,91.5,91.0,92.0,91.5,0.08298946171998978,0.06496204435825348
DS3-pre_onset,G16,183,92.0,91.5,92.5,92.0,0.04962195083498955,0.041866984218358994
DS3-pre_onset,G16,184,92.5,92.0,93.0,92.5,0.027525711804628372,0.017638210207223892
DS3-pre_onset,G16,185,93.0,92.5,93.5,93.0,0.12446330487728119,0.10102895647287369
DS3-pre_onset,G16,186,93.5,93.0,94.0,93.5,0.05706355348229408,0.04570863023400307
DS3-pre_onset,G16,187,94.0,93.5,94.5,94.0,0.07756295055150986,0.06003497913479805
DS3-pre_onset,G16,188,94.5,94.0,95.0,94.5,0.030769232660531998,0.02028598263859749
DS3-pre_onset,G16,189,95.0,94.5,95.5,95.0,0.07709690183401108,0.06002363935112953
DS3-pre_onset,G16,190,95.5,95.0,96.0,95.5,0.08459727466106415,0.06812050938606262
DS3-pre_onset,G16,191,96.0,95.5,96.5,96.0,0.08945563435554504,0.08086158335208893
DS3-pre_onset,G16,192,96.5,96.0,97.0,96.5,0.07963787019252777,0.06707058846950531
DS3-pre_onset,G16,193,97.0,96.5,97.5,97.0,0.047072798013687134,0.03576289117336273
DS3-pre_onset,G16,194,97.5,97.0,98.0,97.5,0.052151359617710114,0.0328831672668457
DS3-pre_onset,G16,195,98.0,97.5,98.5,98.0,0.10553553700447083,0.09012340754270554
DS3-pre_onset,G16,196,98.5,98.0,99.0,98.5,0.14375364780426025,0.12510600686073303
DS3-pre_onset,G16,197,99.0,98.5,99.5,99.0,0.048235271126031876,0.041102632880210876
DS3-pre_onset,G16,198,99.5,99.0,100.0,99.5,0.06092643737792969,0.04704142361879349
DS3-pre_onset,G16,199,100.0,99.5,100.5,100.0,0.06463829427957535,0.05539685860276222
DS3-pre_onset,G16,200,100.5,100.0,101.0,100.5,0.05034838244318962,0.04248402640223503
DS3-pre_onset,G16,201,101.0,100.5,101.5,101.0,0.03926616162061691,0.031145334243774414
DS3-pre_onset,G16,202,101.5,101.0,102.0,101.5,0.028222473338246346,0.02315569296479225
DS3-pre_onset,G16,203,102.0,101.5,102.5,102.0,0.052930425852537155,0.04076997935771942
DS3-pre_onset,G16,204,102.5,102.0,103.0,102.5,0.07294682413339615,0.06210683658719063
DS3-pre_onset,G16,205,103.0,102.5,103.5,103.0,0.07919225096702576,0.06240542605519295
DS3-pre_onset,G16,206,103.5,103.0,104.0,103.5,0.07115212827920914,0.05613333731889725
DS3-pre_onset,G16,207,104.0,103.5,104.5,104.0,0.10849383473396301,0.08553554117679596
DS3-pre_onset,G16,208,104.5,104.0,105.0,104.5,0.10403061658143997,0.07183854281902313
DS3-pre_onset,G16,209,105.0,104.5,105.5,105.0,0.05966610461473465,0.05003952234983444
DS3-pre_onset,G16,210,105.5,105.0,106.0,105.5,0.10735351592302322,0.09831435233354568
DS3-pre_onset,G16,211,106.0,105.5,106.5,106.0,0.03328403830528259,0.028607752174139023
DS3-pre_onset,G16,212,106.5,106.0,107.0,106.5,0.06683457642793655,0.044097140431404114
DS3-pre_onset,G16,213,107.0,106.5,107.5,107.0,0.04602210223674774,0.037072714418172836
DS3-pre_onset,G16,214,107.5,107.0,108.0,107.5,0.11731024086475372,0.08355025947093964
DS3-pre_onset,G16,215,108.0,107.5,108.5,108.0,0.043608926236629486,0.03483938053250313
DS3-pre_onset,G16,216,108.5,108.0,109.0,108.5,0.06929614394903183,0.04863610863685608
DS3-pre_onset,G16,217,109.0,108.5,109.5,109.0,0.06348855793476105,0.04571961238980293
DS3-pre_onset,G16,218,109.5,109.0,110.0,109.5,0.09389451891183853,0.07895958423614502
DS3-pre_onset,G16,219,110.0,109.5,110.5,110.0,0.0474434569478035,0.03814564272761345
DS3-pre_onset,G16,220,110.5,110.0,111.0,110.5,0.050397150218486786,0.04409490153193474
DS3-pre_onset,G16,221,111.0,110.5,111.5,111.0,0.05498509109020233,0.04261567071080208
DS3-pre_onset,G16,222,111.5,111.0,112.0,111.5,0.04130656272172928,0.02910573221743107
DS3-pre_onset,G16,223,112.0,111.5,112.5,112.0,0.04289786517620087,0.030762169510126114
DS3-pre_onset,G16,224,112.5,112.0,113.0,112.5,0.13067229092121124,0.11488384753465652
DS3-pre_onset,G16,225,113.0,112.5,113.5,113.0,0.046822719275951385,0.037395648658275604
DS3-pre_onset,G16,226,113.5,113.0,114.0,113.5,0.05873008817434311,0.04663004353642464
DS3-pre_onset,G16,227,114.0,113.5,114.5,114.0,0.13634738326072693,0.10258711129426956
DS3-pre_onset,G16,228,114.5,114.0,115.0,114.5,0.10196007043123245,0.08647901564836502
DS3-pre_onset,G16,229,115.0,114.5,115.5,115.0,0.0702609196305275,0.057024307548999786
DS3-pre_onset,G16,230,115.5,115.0,116.0,115.5,0.04741274192929268,0.02857160195708275
DS3-pre_onset,G16,231,116.0,115.5,116.5,116.0,0.040132150053977966,0.03190505504608154
DS3-pre_onset,G16,232,116.5,116.0,117.0,116.5,0.10005691647529602,0.08671925961971283
DS3-pre_onset,G16,233,117.0,116.5,117.5,117.0,0.04758742079138756,0.02847076766192913
DS3-pre_onset,G16,234,117.5,117.0,118.0,117.5,0.0306598711758852,0.02259156107902527
DS3-pre_onset,G16,235,118.0,117.5,118.5,118.0,0.09345768392086029,0.06583930552005768
DS3-pre_onset,G16,236,118.5,118.0,119.0,118.5,0.055289264768362045,0.04666567221283913
DS3-pre_onset,G19,12,6.5,6.0,7.0,6.5,0.0536826066672802,0.040665071457624435
DS3-pre_onset,G19,13,7.0,6.5,7.5,7.0,0.0705728679895401,0.06106850877404213
DS3-pre_onset,G19,14,7.5,7.0,8.0,7.5,0.045260313898324966,0.03351472690701485
DS3-pre_onset,G19,15,8.0,7.5,8.5,8.0,0.034719474613666534,0.0289420485496521
DS3-pre_onset,G19,16,8.5,8.0,9.0,8.5,0.02964395098388195,0.02219296433031559
DS3-pre_onset,G19,17,9.0,8.5,9.5,9.0,0.024366293102502823,0.019543016329407692
DS3-pre_onset,G19,18,9.5,9.0,10.0,9.5,0.04238370060920715,0.033639080822467804
DS3-pre_onset,G19,19,10.0,9.5,10.5,10.0,0.030802495777606964,0.02385743521153927
DS3-pre_onset,G19,20,10.5,10.0,11.0,10.5,0.02463274635374546,0.021503550931811333
DS3-pre_onset,G19,21,11.0,10.5,11.5,11.0,0.031264565885066986,0.021122856065630913
DS3-pre_onset,G19,22,11.5,11.0,12.0,11.5,0.018179461359977722,0.016353026032447815
DS3-pre_onset,G19,23,12.0,11.5,12.5,12.0,0.034552861005067825,0.029660042375326157
DS3-pre_onset,G19,24,12.5,12.0,13.0,12.5,0.017109565436840057,0.01370288897305727
DS3-pre_onset,G19,25,13.0,12.5,13.5,13.0,0.02915152907371521,0.02006085403263569
DS3-pre_onset,G19,26,13.5,13.0,14.0,13.5,0.023666733875870705,0.019242746755480766
DS3-pre_onset,G19,27,14.0,13.5,14.5,14.0,0.014706547372043133,0.010049794800579548
DS3-pre_onset,G19,28,14.5,14.0,15.0,14.5,0.022550273686647415,0.016239577904343605
DS3-pre_onset,G19,29,15.0,14.5,15.5,15.0,0.03292367607355118,0.027341553941369057
DS3-pre_onset,G19,30,15.5,15.0,16.0,15.5,0.03147232532501221,0.021757252514362335
DS3-pre_onset,G19,31,16.0,15.5,16.5,16.0,0.02007138542830944,0.013494040817022324
DS3-pre_onset,G19,32,16.5,16.0,17.0,16.5,0.03101489320397377,0.024478739127516747
DS3-pre_onset,G19,33,17.0,16.5,17.5,17.0,0.028138289228081703,0.023951219394803047
DS3-pre_onset,G19,34,17.5,17.0,18.0,17.5,0.026424262672662735,0.02268182672560215
DS3-pre_onset,G19,35,18.0,17.5,18.5,18.0,0.03283217176795006,0.02282882109284401
DS3-pre_onset,G19,36,18.5,18.0,19.0,18.5,0.016644233837723732,0.012767515145242214
DS3-pre_onset,G19,37,19.0,18.5,19.5,19.0,0.02832775004208088,0.020122649148106575
DS3-pre_onset,G19,38,19.5,19.0,20.0,19.5,0.01948697865009308,0.015451043844223022
DS3-pre_onset,G19,39,20.0,19.5,20.5,20.0,0.02865353226661682,0.021168699488043785
DS3-pre_onset,G19,40,20.5,20.0,21.0,20.5,0.04245885834097862,0.03113490715622902
DS3-pre_onset,G19,41,21.0,20.5,21.5,21.0,0.23765838146209717,0.1626356840133667
DS3-pre_onset,G19,42,21.5,21.0,22.0,21.5,0.167411208152771,0.12194095551967621
DS3-pre_onset,G19,43,22.0,21.5,22.5,22.0,0.11138909310102463,0.08069724589586258
DS3-pre_onset,G19,44,22.5,22.0,23.0,22.5,0.08610360324382782,0.062434807419776917
DS3-pre_onset,G19,45,23.0,22.5,23.5,23.0,0.04886399582028389,0.039277225732803345
DS3-pre_onset,G19,46,23.5,23.0,24.0,23.5,0.057609040290117264,0.05339654162526131
DS3-pre_onset,G19,47,24.0,23.5,24.5,24.0,0.043964993208646774,0.030218029394745827
DS3-pre_onset,G19,48,24.5,24.0,25.0,24.5,0.042279358953237534,0.03961729630827904
DS3-pre_onset,G19,49,25.0,24.5,25.5,25.0,0.02801539935171604,0.020163485780358315
DS3-pre_onset,G19,50,25.5,25.0,26.0,25.5,0.034431084990501404,0.028741419315338135
DS3-pre_onset,G19,51,26.0,25.5,26.5,26.0,0.04419494420289993,0.035374607890844345
DS3-pre_onset,G19,52,26.5,26.0,27.0,26.5,0.03151983022689819,0.021986404433846474
DS3-pre_onset,G19,53,27.0,26.5,27.5,27.0,0.026721645146608353,0.022160695865750313
DS3-pre_onset,G19,54,27.5,27.0,28.0,27.5,0.025085236877202988,0.020211616531014442
DS3-pre_onset,G19,55,28.0,27.5,28.5,28.0,0.0262239258736372,0.01755523309111595
DS3-pre_onset,G19,56,28.5,28.0,29.0,28.5,0.028058400377631187,0.0225510336458683
DS3-pre_onset,G19,57,29.0,28.5,29.5,29.0,0.02696593664586544,0.021684439852833748
DS3-pre_onset,G19,58,29.5,29.0,30.0,29.5,0.04121798276901245,0.03567389026284218
DS3-pre_onset,G19,59,30.0,29.5,30.5,30.0,0.034784212708473206,0.03114033117890358
DS3-pre_onset,G19,60,30.5,30.0,31.0,30.5,0.028387567028403282,0.02270285040140152
DS3-pre_onset,G19,61,31.0,30.5,31.5,31.0,0.014670678414404392,0.01201001275330782
DS3-pre_onset,G19,62,31.5,31.0,32.0,31.5,0.029592081904411316,0.023282479494810104
DS3-pre_onset,G19,63,32.0,31.5,32.5,32.0,0.032548125833272934,0.026173347607254982
DS3-pre_onset,G19,64,32.5,32.0,33.0,32.5,0.03720643371343613,0.034028906375169754
DS3-pre_onset,G19,65,33.0,32.5,33.5,33.0,0.060381725430488586,0.04560199752449989
DS3-pre_onset,G19,66,33.5,33.0,34.0,33.5,0.042139776051044464,0.033631522208452225
DS3-pre_onset,G19,67,34.0,33.5,34.5,34.0,0.1302284598350525,0.10099522769451141
DS3-pre_onset,G19,68,34.5,34.0,35.0,34.5,0.06122159957885742,0.05011138692498207
DS3-pre_onset,G19,69,35.0,34.5,35.5,35.0,0.07851089537143707,0.06693535298109055
DS3-pre_onset,G19,70,35.5,35.0,36.0,35.5,0.041576776653528214,0.030515654012560844
DS3-pre_onset,G19,71,36.0,35.5,36.5,36.0,0.03591541573405266,0.028381384909152985
DS3-pre_onset,G19,72,36.5,36.0,37.0,36.5,0.03202192485332489,0.02741347998380661
DS3-pre_onset,G19,73,37.0,36.5,37.5,37.0,0.10405917465686798,0.08352385461330414
DS3-pre_onset,G19,74,37.5,37.0,38.0,37.5,0.059955038130283356,0.049056194722652435
DS3-pre_onset,G19,75,38.0,37.5,38.5,38.0,0.05047401413321495,0.04350575804710388
DS3-pre_onset,G19,76,38.5,38.0,39.0,38.5,0.036924105137586594,0.031626876443624496
DS3-pre_onset,G19,77,39.0,38.5,39.5,39.0,0.07206264138221741,0.056385330855846405
DS3-pre_onset,G19,78,39.5,39.0,40.0,39.5,0.0340566411614418,0.027321524918079376
DS3-pre_onset,G19,79,40.0,39.5,40.5,40.0,0.04087701439857483,0.030416373163461685
DS3-pre_onset,G19,80,40.5,40.0,41.0,40.5,0.08771194517612457,0.07308095693588257
DS3-pre_onset,G19,81,41.0,40.5,41.5,41.0,0.037779275327920914,0.033246759325265884
DS3-pre_onset,G19,82,41.5,41.0,42.0,41.5,0.058239590376615524,0.04996185377240181
DS3-pre_onset,G19,83,42.0,41.5,42.5,42.0,0.09940933436155319,0.08986861258745193
DS3-pre_onset,G19,84,42.5,42.0,43.0,42.5,0.1534060537815094,0.13632170855998993
DS3-pre_onset,G19,85,43.0,42.5,43.5,43.0,0.047933485358953476,0.03548792004585266
DS3-pre_onset,G19,86,43.5,43.0,44.0,43.5,0.1253303587436676,0.11271982640028
DS3-pre_onset,G19,87,44.0,43.5,44.5,44.0,0.08397484570741653,0.06103995069861412
DS3-pre_onset,G19,88,44.5,44.0,45.0,44.5,0.10664309561252594,0.09071232378482819
DS3-pre_onset,G19,89,45.0,44.5,45.5,45.0,0.04433584213256836,0.03319701552391052
DS3-pre_onset,G19,90,45.5,45.0,46.0,45.5,0.049548856914043427,0.04141823574900627
DS3-pre_onset,G19,91,46.0,45.5,46.5,46.0,0.07258901000022888,0.05923687666654587
DS3-pre_onset,G19,92,46.5,46.0,47.0,46.5,0.09497998654842377,0.07587473839521408
DS3-pre_onset,G19,93,47.0,46.5,47.5,47.0,0.10543369501829147,0.09405071288347244
DS3-pre_onset,G19,94,47.5,47.0,48.0,47.5,0.11838576942682266,0.08415456116199493
DS3-pre_onset,G19,95,48.0,47.5,48.5,48.0,0.06360791623592377,0.046735525131225586
DS3-pre_onset,G19,96,48.5,48.0,49.0,48.5,0.06840993463993073,0.04517482966184616
DS3-pre_onset,G19,97,49.0,48.5,49.5,49.0,0.03507008031010628,0.029738856479525566
DS3-pre_onset,G19,98,49.5,49.0,50.0,49.5,0.09070241451263428,0.07469691336154938
DS3-pre_onset,G19,99,50.0,49.5,50.5,50.0,0.07349026203155518,0.05718298256397247
DS3-pre_onset,G19,100,50.5,50.0,51.0,50.5,0.08293573558330536,0.06736573576927185
DS3-pre_onset,G19,101,51.0,50.5,51.5,51.0,0.1132553368806839,0.09144388139247894
DS3-pre_onset,G19,102,51.5,51.0,52.0,51.5,0.09371016174554825,0.08103262633085251
DS3-pre_onset,G19,103,52.0,51.5,52.5,52.0,0.08275610208511353,0.0674421638250351
DS3-pre_onset,G19,104,52.5,52.0,53.0,52.5,0.04243689402937889,0.03415248170495033
DS3-pre_onset,G19,105,53.0,52.5,53.5,53.0,0.05560219660401344,0.04319562390446663
DS3-pre_onset,G19,106,53.5,53.0,54.0,53.5,0.02673042006790638,0.018353279680013657
DS3-pre_onset,G19,107,54.0,53.5,54.5,54.0,0.07431121170520782,0.05394117534160614
DS3-pre_onset,G19,108,54.5,54.0,55.0,54.5,0.08920131623744965,0.06048989295959473
DS3-pre_onset,G19,109,55.0,54.5,55.5,55.0,0.04420201852917671,0.03520834445953369
DS3-pre_onset,G19,110,55.5,55.0,56.0,55.5,0.09050878137350082,0.06089654937386513
DS3-pre_onset,G19,111,56.0,55.5,56.5,56.0,0.0668845847249031,0.05268986150622368
DS3-pre_onset,G19,112,56.5,56.0,57.0,56.5,0.08527299016714096,0.0662899762392044
DS3-pre_onset,G19,113,57.0,56.5,57.5,57.0,0.07443275302648544,0.05880402401089668
DS3-pre_onset,G19,114,57.5,57.0,58.0,57.5,0.11812302470207214,0.10407862067222595
DS3-pre_onset,G19,115,58.0,57.5,58.5,58.0,0.049380917102098465,0.03898750990629196
DS3-pre_onset,G19,116,58.5,58.0,59.0,58.5,0.08123712241649628,0.06362619251012802
DS3-pre_onset,G19,117,59.0,58.5,59.5,59.0,0.06442634761333466,0.04466790705919266
DS3-pre_onset,G19,118,59.5,59.0,60.0,59.5,0.03486771881580353,0.026479966938495636
DS3-pre_onset,G19,119,60.0,59.5,60.5,60.0,0.07025834172964096,0.048908792436122894
DS3-pre_onset,G19,120,60.5,60.0,61.0,60.5,0.13322189450263977,0.1219094842672348
DS3-pre_onset,G19,121,61.0,60.5,61.5,61.0,0.04314666986465454,0.03575773909687996
DS3-pre_onset,G19,122,61.5,61.0,62.0,61.5,0.1663152575492859,0.1169804185628891
DS3-pre_onset,G19,123,62.0,61.5,62.5,62.0,0.13332301378250122,0.10689551383256912
DS3-pre_onset,G19,124,62.5,62.0,63.0,62.5,0.0666642114520073,0.05254984647035599
DS3-pre_onset,G19,125,63.0,62.5,63.5,63.0,0.06440816074609756,0.047282468527555466
DS3-pre_onset,G19,126,63.5,63.0,64.0,63.5,0.10299009084701538,0.08492076396942139
DS3-pre_onset,G19,127,64.0,63.5,64.5,64.0,0.1265367567539215,0.1050843670964241
DS3-pre_onset,G19,128,64.5,64.0,65.0,64.5,0.04676993191242218,0.04194996878504753
DS3-pre_onset,G19,129,65.0,64.5,65.5,65.0,0.09500987827777863,0.0644102394580841
DS3-pre_onset,G19,130,65.5,65.0,66.0,65.5,0.13406361639499664,0.11962991207838058
DS3-pre_onset,G19,131,66.0,65.5,66.5,66.0,0.11745766550302505,0.10370603948831558
DS3-pre_onset,G19,132,66.5,66.0,67.0,66.5,0.052162934094667435,0.044256795197725296
DS3-pre_onset,G19,133,67.0,66.5,67.5,67.0,0.09471970796585083,0.07073336094617844
DS3-pre_onset,G19,134,67.5,67.0,68.0,67.5,0.1545167863368988,0.13568952679634094
DS3-pre_onset,G19,135,68.0,67.5,68.5,68.0,0.14449955523014069,0.11403179168701172
DS3-pre_onset,G19,136,68.5,68.0,69.0,68.5,0.08433230966329575,0.06299624592065811
DS3-pre_onset,G19,137,69.0,68.5,69.5,69.0,0.05115511640906334,0.041602808982133865
DS3-pre_onset,G19,138,69.5,69.0,70.0,69.5,0.11443640291690826,0.10248266160488129
DS3-pre_onset,G19,139,70.0,69.5,70.5,70.0,0.10432971268892288,0.0821281224489212
DS3-pre_onset,G19,140,70.5,70.0,71.0,70.5,0.0440264530479908,0.03515659645199776
DS3-pre_onset,G19,141,71.0,70.5,71.5,71.0,0.13728013634681702,0.11764667183160782
DS3-pre_onset,G19,142,71.5,71.0,72.0,71.5,0.04791666194796562,0.03939061239361763
DS3-pre_onset,G19,143,72.0,71.5,72.5,72.0,0.025923656299710274,0.019925029948353767
DS3-pre_onset,G19,144,72.5,72.0,73.0,72.5,0.06946266442537308,0.05556279420852661
DS3-pre_onset,G19,145,73.0,72.5,73.5,73.0,0.1257212609052658,0.07748738676309586
DS3-pre_onset,G19,146,73.5,73.0,74.0,73.5,0.026020878925919533,0.019649645313620567
DS3-pre_onset,G19,147,74.0,73.5,74.5,74.0,0.04347047954797745,0.03368457779288292
DS3-pre_onset,G19,148,74.5,74.0,75.0,74.5,0.1322338581085205,0.10963024199008942
DS3-pre_onset,G19,149,75.0,74.5,75.5,75.0,0.03633567690849304,0.025258710607886314
DS3-pre_onset,G19,150,75.5,75.0,76.0,75.5,0.06306570023298264,0.051816873252391815
DS3-pre_onset,G19,151,76.0,75.5,76.5,76.0,0.05442258343100548,0.041544366627931595
DS3-pre_onset,G19,152,76.5,76.0,77.0,76.5,0.1310020238161087,0.10715213418006897
DS3-pre_onset,G19,153,77.0,76.5,77.5,77.0,0.06296207010746002,0.055625069886446
DS3-pre_onset,G19,154,77.5,77.0,78.0,77.5,0.03671817108988762,0.02299392968416214
DS3-pre_onset,G19,155,78.0,77.5,78.5,78.0,0.0716007873415947,0.054548587650060654
DS3-pre_onset,G19,156,78.5,78.0,79.0,78.5,0.060686126351356506,0.046969275921583176
DS3-pre_onset,G19,157,79.0,78.5,79.5,79.0,0.069582000374794,0.045190442353487015
DS3-pre_onset,G19,158,79.5,79.0,80.0,79.5,0.14959341287612915,0.13094966113567352
DS3-pre_onset,G19,159,80.0,79.5,80.5,80.0,0.09325803071260452,0.0700448751449585
DS3-pre_onset,G19,160,80.5,80.0,81.0,80.5,0.07467202842235565,0.04705348610877991
DS3-pre_onset,G19,161,81.0,80.5,81.5,81.0,0.1159043163061142,0.10290692746639252
DS3-pre_onset,G19,162,81.5,81.0,82.0,81.5,0.06430590897798538,0.04395309090614319
DS3-pre_onset,G19,163,82.0,81.5,82.5,82.0,0.06508184969425201,0.0593012310564518
DS3-pre_onset,G19,164,82.5,82.0,83.0,82.5,0.06614379584789276,0.04932131618261337
DS3-pre_onset,G19,165,83.0,82.5,83.5,83.0,0.07126681506633759,0.0526096411049366
DS3-pre_onset,G19,166,83.5,83.0,84.0,83.5,0.06626438349485397,0.04650929942727089
DS3-pre_onset,G19,167,84.0,83.5,84.5,84.0,0.10705427080392838,0.07952968031167984
DS3-pre_onset,G19,168,84.5,84.0,85.0,84.5,0.09440767019987106,0.07931344956159592
DS3-pre_onset,G19,169,85.0,84.5,85.5,85.0,0.06598382443189621,0.05775003880262375
DS3-pre_onset,G19,170,85.5,85.0,86.0,85.5,0.11060580611228943,0.0959942489862442
DS3-pre_onset,G19,171,86.0,85.5,86.5,86.0,0.0588245764374733,0.04311579465866089
DS3-pre_onset,G19,172,86.5,86.0,87.0,86.5,0.05830666050314903,0.04501252621412277
DS3-pre_onset,G19,173,87.0,86.5,87.5,87.0,0.05166561156511307,0.02619211934506893
DS3-pre_onset,G19,174,87.5,87.0,88.0,87.5,0.09085556864738464,0.07159753888845444
DS3-pre_onset,G19,175,88.0,87.5,88.5,88.0,0.06114658713340759,0.05162474885582924
DS3-pre_onset,G19,176,88.5,88.0,89.0,88.5,0.08363070338964462,0.06776730716228485
DS3-pre_onset,G19,177,89.0,88.5,89.5,89.0,0.15461140871047974,0.13862255215644836
DS3-pre_onset,G19,178,89.5,89.0,90.0,89.5,0.06529462337493896,0.05987377464771271
DS3-pre_onset,G19,179,90.0,89.5,90.5,90.0,0.057256732136011124,0.047040216624736786
DS3-pre_onset,G19,180,90.5,90.0,91.0,90.5,0.0603608638048172,0.04578779265284538
DS3-pre_onset,G19,181,91.0,90.5,91.5,91.0,0.04921823367476463,0.037045616656541824
DS3-pre_onset,G19,182,91.5,91.0,92.0,91.5,0.08718456327915192,0.06802444905042648
DS3-pre_onset,G19,183,92.0,91.5,92.5,92.0,0.08821911364793777,0.07265065610408783
DS3-pre_onset,G19,184,92.5,92.0,93.0,92.5,0.05146363377571106,0.03870505839586258
DS3-pre_onset,G19,185,93.0,92.5,93.5,93.0,0.04929844290018082,0.04263417795300484
DS3-pre_onset,G19,186,93.5,93.0,94.0,93.5,0.1134726032614708,0.09399816393852234
DS3-pre_onset,G19,187,94.0,93.5,94.5,94.0,0.08304985612630844,0.06875377148389816
DS3-pre_onset,G19,188,94.5,94.0,95.0,94.5,0.04869283363223076,0.03404302895069122
DS3-pre_onset,G19,189,95.0,94.5,95.5,95.0,0.0779857486486435,0.0654442310333252
DS3-pre_onset,G19,190,95.5,95.0,96.0,95.5,0.10402759164571762,0.07957903295755386
DS3-pre_onset,G19,191,96.0,95.5,96.5,96.0,0.0737224668264389,0.05815194919705391
DS3-pre_onset,G19,192,96.5,96.0,97.0,96.5,0.0535266175866127,0.048035528510808945
DS3-pre_onset,G19,193,97.0,96.5,97.5,97.0,0.03014465793967247,0.025784533470869064
DS3-pre_onset,G19,194,97.5,97.0,98.0,97.5,0.05752024054527283,0.041057340800762177
DS3-pre_onset,G19,195,98.0,97.5,98.5,98.0,0.06546709686517715,0.056599635630846024
DS3-pre_onset,G19,196,98.5,98.0,99.0,98.5,0.0724533423781395,0.05788028985261917
DS3-pre_onset,G19,197,99.0,98.5,99.5,99.0,0.054608024656772614,0.04554159939289093
DS3-pre_onset,G19,198,99.5,99.0,100.0,99.5,0.04857611283659935,0.03964820131659508
DS3-pre_onset,G19,199,100.0,99.5,100.5,100.0,0.053267721086740494,0.046747226268053055
DS3-pre_onset,G19,200,100.5,100.0,101.0,100.5,0.07754058390855789,0.06494808197021484
DS3-pre_onset,G19,201,101.0,100.5,101.5,101.0,0.059734195470809937,0.04495596885681152
DS3-pre_onset,G19,202,101.5,101.0,102.0,101.5,0.05202857404947281,0.04211923107504845
DS3-pre_onset,G19,203,102.0,101.5,102.5,102.0,0.07587943226099014,0.06557559967041016
DS3-pre_onset,G19,204,102.5,102.0,103.0,102.5,0.09032025933265686,0.0739501565694809
DS3-pre_onset,G19,205,103.0,102.5,103.5,103.0,0.03162708505988121,0.02871212735772133
DS3-pre_onset,G19,206,103.5,103.0,104.0,103.5,0.035214863717556,0.028545783832669258
DS3-pre_onset,G19,207,104.0,103.5,104.5,104.0,0.09548261016607285,0.07990998774766922
DS3-pre_onset,G19,208,104.5,104.0,105.0,104.5,0.03470294922590256,0.02942291833460331
DS3-pre_onset,G19,209,105.0,104.5,105.5,105.0,0.0514051653444767,0.03732132166624069
DS3-pre_onset,G19,210,105.5,105.0,106.0,105.5,0.08227770775556564,0.06478406488895416
DS3-pre_onset,G19,211,106.0,105.5,106.5,106.0,0.07464668154716492,0.06063929572701454
DS3-pre_onset,G19,212,106.5,106.0,107.0,106.5,0.1320919543504715,0.11048611998558044
DS3-pre_onset,G19,213,107.0,106.5,107.5,107.0,0.05254872888326645,0.045300260186195374
DS3-pre_onset,G19,214,107.5,107.0,108.0,107.5,0.07397804409265518,0.06094985455274582
DS3-pre_onset,G19,215,108.0,107.5,108.5,108.0,0.05580113083124161,0.046814363449811935
DS3-pre_onset,G19,216,108.5,108.0,109.0,108.5,0.04061290621757507,0.03315000608563423
DS3-pre_onset,G19,217,109.0,108.5,109.5,109.0,0.06092148646712303,0.05115300789475441
DS3-pre_onset,G19,218,109.5,109.0,110.0,109.5,0.09235309809446335,0.08459387719631195
DS3-pre_onset,G19,219,110.0,109.5,110.5,110.0,0.0717693492770195,0.05663274601101875
DS3-pre_onset,G19,220,110.5,110.0,111.0,110.5,0.05209292098879814,0.04388461634516716
DS3-pre_onset,G19,221,111.0,110.5,111.5,111.0,0.0939302146434784,0.08105137944221497
DS3-pre_onset,G19,222,111.5,111.0,112.0,111.5,0.037703439593315125,0.03150548040866852
DS3-pre_onset,G19,223,112.0,111.5,112.5,112.0,0.062453966587781906,0.054011669009923935
DS3-pre_onset,G19,224,112.5,112.0,113.0,112.5,0.10315368324518204,0.09313700348138809
DS3-pre_onset,G19,225,113.0,112.5,113.5,113.0,0.10944100469350815,0.09261471778154373
DS3-pre_onset,G19,226,113.5,113.0,114.0,113.5,0.07707028090953827,0.05969533696770668
DS3-pre_onset,G19,227,114.0,113.5,114.5,114.0,0.10214415937662125,0.07674131542444229
DS3-pre_onset,G19,228,114.5,114.0,115.0,114.5,0.10124608874320984,0.08652026951313019
DS3-pre_onset,G19,229,115.0,114.5,115.5,115.0,0.14319339394569397,0.12581348419189453
DS3-pre_onset,G19,230,115.5,115.0,116.0,115.5,0.09322087466716766,0.06916714459657669
DS3-pre_onset,G19,231,116.0,115.5,116.5,116.0,0.09173385798931122,0.06761518120765686
DS3-pre_onset,G19,232,116.5,116.0,117.0,116.5,0.045210838317871094,0.03951354697346687
DS3-pre_onset,G19,233,117.0,116.5,117.5,117.0,0.0515330508351326,0.041196368634700775
DS3-pre_onset,G19,234,117.5,117.0,118.0,117.5,0.038856182247400284,0.028647253289818764
DS3-pre_onset,G19,235,118.0,117.5,118.5,118.0,0.048427943140268326,0.034962914884090424
DS3-pre_onset,G19,236,118.5,118.0,119.0,118.5,0.05736815556883812,0.043035972863435745
DS3-pre_onset,G20,12,9.5,9.0,10.0,9.5,0.025825820863246918,0.01976197399199009
DS3-pre_onset,G20,13,10.0,9.5,10.5,10.0,0.042834047228097916,0.03548431023955345
DS3-pre_onset,G20,14,10.5,10.0,11.0,10.5,0.037491388618946075,0.03293556720018387
DS3-pre_onset,G20,15,11.0,10.5,11.5,11.0,0.05958225578069687,0.051413942128419876
DS3-pre_onset,G20,16,11.5,11.0,12.0,11.5,0.0625254362821579,0.05211428925395012
DS3-pre_onset,G20,17,12.0,11.5,12.5,12.0,0.06881382316350937,0.0560917854309082
DS3-pre_onset,G20,18,12.5,12.0,13.0,12.5,0.05323502793908119,0.04756196215748787
DS3-pre_onset,G20,19,13.0,12.5,13.5,13.0,0.03808392584323883,0.029838034883141518
DS3-pre_onset,G20,20,13.5,13.0,14.0,13.5,0.0396270751953125,0.02903863415122032
DS3-pre_onset,G20,21,14.0,13.5,14.5,14.0,0.047452788800001144,0.03656719997525215
DS3-pre_onset,G20,22,14.5,14.0,15.0,14.5,0.038311589509248734,0.03162447363138199
DS3-pre_onset,G20,23,15.0,14.5,15.5,15.0,0.05390283092856407,0.04743963107466698
DS3-pre_onset,G20,24,15.5,15.0,16.0,15.5,0.04203913360834122,0.032728370279073715
DS3-pre_onset,G20,25,16.0,15.5,16.5,16.0,0.03524576500058174,0.02915838733315468
DS3-pre_onset,G20,26,16.5,16.0,17.0,16.5,0.10832080245018005,0.0930764302611351
DS3-pre_onset,G20,27,17.0,16.5,17.5,17.0,0.07355797290802002,0.05234524980187416
DS3-pre_onset,G20,28,17.5,17.0,18.0,17.5,0.08242394775152206,0.05767985060811043
DS3-pre_onset,G20,29,18.0,17.5,18.5,18.0,0.05275440588593483,0.046904660761356354
DS3-pre_onset,G20,30,18.5,18.0,19.0,18.5,0.04506135731935501,0.03565337881445885
DS3-pre_onset,G20,31,19.0,18.5,19.5,19.0,0.29518985748291016,0.22784914076328278
DS3-pre_onset,G20,32,19.5,19.0,20.0,19.5,0.13606546819210052,0.11301239579916
DS3-pre_onset,G20,33,20.0,19.5,20.5,20.0,0.08382798731327057,0.07001505047082901
DS3-pre_onset,G20,34,20.5,20.0,21.0,20.5,0.11431219428777695,0.07259577512741089
DS3-pre_onset,G20,35,21.0,20.5,21.5,21.0,0.23337438702583313,0.18884630501270294
DS3-pre_onset,G20,36,21.5,21.0,22.0,21.5,0.12939773499965668,0.10129835456609726
DS3-pre_onset,G20,37,22.0,21.5,22.5,22.0,0.2918379008769989,0.23423443734645844
DS3-pre_onset,G20,38,22.5,22.0,23.0,22.5,0.1442328244447708,0.13215957581996918
DS3-pre_onset,G20,39,23.0,22.5,23.5,23.0,0.15051783621311188,0.12512804567813873
DS3-pre_onset,G20,40,23.5,23.0,24.0,23.5,0.20280061662197113,0.17915384471416473
DS3-pre_onset,G20,41,24.0,23.5,24.5,24.0,0.1450161337852478,0.10560822486877441
DS3-pre_onset,G20,42,24.5,24.0,25.0,24.5,0.13508684933185577,0.12488359957933426
DS3-pre_onset,G20,43,25.0,24.5,25.5,25.0,0.08587656915187836,0.07681754976511002
DS3-pre_onset,G20,44,25.5,25.0,26.0,25.5,0.1724368780851364,0.13229212164878845
DS3-pre_onset,G20,45,26.0,25.5,26.5,26.0,0.09915746748447418,0.08418206125497818
DS3-pre_onset,G20,46,26.5,26.0,27.0,26.5,0.18012845516204834,0.16105446219444275
DS3-pre_onset,G20,47,27.0,26.5,27.5,27.0,0.14758552610874176,0.12287616729736328
DS3-pre_onset,G20,48,27.5,27.0,28.0,27.5,0.19479058682918549,0.147695854306221
DS3-pre_onset,G20,49,28.0,27.5,28.5,28.0,0.11380963772535324,0.09281354397535324
DS3-pre_onset,G20,50,28.5,28.0,29.0,28.5,0.1428697258234024,0.10521826893091202
DS3-pre_onset,G20,51,29.0,28.5,29.5,29.0,0.19565406441688538,0.14607465267181396
DS3-pre_onset,G20,52,29.5,29.0,30.0,29.5,0.19496536254882812,0.15186746418476105
DS3-pre_onset,G20,53,30.0,29.5,30.5,30.0,0.35454973578453064,0.3268141746520996
DS3-pre_onset,G20,54,30.5,30.0,31.0,30.5,0.11755738407373428,0.08365104347467422
DS3-pre_onset,G20,55,31.0,30.5,31.5,31.0,0.1789882928133011,0.15475678443908691
DS3-pre_onset,G20,56,31.5,31.0,32.0,31.5,0.15845909714698792,0.12753628194332123
DS3-pre_onset,G20,57,32.0,31.5,32.5,32.0,0.14304828643798828,0.11484873294830322
DS3-pre_onset,G20,58,32.5,32.0,33.0,32.5,0.46227768063545227,0.4122053384780884
DS3-pre_onset,G20,59,33.0,32.5,33.5,33.0,0.21014414727687836,0.16596664488315582
DS3-pre_onset,G20,60,33.5,33.0,34.0,33.5,0.22889122366905212,0.18035610020160675
DS3-pre_onset,G20,61,34.0,33.5,34.5,34.0,0.16681623458862305,0.1295926570892334
DS3-pre_onset,G20,62,34.5,34.0,35.0,34.5,0.12807174026966095,0.0943535715341568
DS3-pre_onset,G20,63,35.0,34.5,35.5,35.0,0.2091766595840454,0.18466730415821075
DS3-pre_onset,G20,64,35.5,35.0,36.0,35.5,0.14817558228969574,0.12238558381795883
DS3-pre_onset,G20,65,36.0,35.5,36.5,36.0,0.07679732888936996,0.06179780513048172
DS3-pre_onset,G20,66,36.5,36.0,37.0,36.5,0.12215553969144821,0.10845166444778442
DS3-pre_onset,G20,67,37.0,36.5,37.5,37.0,0.24949103593826294,0.19611632823944092
DS3-pre_onset,G20,68,37.5,37.0,38.0,37.5,0.20335017144680023,0.18406732380390167
DS3-pre_onset,G20,69,38.0,37.5,38.5,38.0,0.2445811778306961,0.21513371169567108
DS3-pre_onset,G20,70,38.5,38.0,39.0,38.5,0.1164492592215538,0.08975034952163696
DS3-pre_onset,G20,71,39.0,38.5,39.5,39.0,0.10159055888652802,0.07000903785228729
DS3-pre_onset,G20,72,39.5,39.0,40.0,39.5,0.2641178071498871,0.2293703258037567
DS3-pre_onset,G20,73,40.0,39.5,40.5,40.0,0.06427288055419922,0.05034707859158516
DS3-pre_onset,G20,74,40.5,40.0,41.0,40.5,0.24982890486717224,0.1509983092546463
DS3-pre_onset,G20,75,41.0,40.5,41.5,41.0,0.0917058065533638,0.0677134320139885
DS3-pre_onset,G20,76,41.5,41.0,42.0,41.5,0.08402656763792038,0.06467276066541672
DS3-pre_onset,G20,77,42.0,41.5,42.5,42.0,0.15840470790863037,0.10853803902864456
DS3-pre_onset,G20,78,42.5,42.0,43.0,42.5,0.11386514455080032,0.09238004684448242
DS3-pre_onset,G20,79,43.0,42.5,43.5,43.0,0.10306304693222046,0.08280835300683975
DS3-pre_onset,G20,80,43.5,43.0,44.0,43.5,0.11000006645917892,0.086653932929039
DS3-pre_onset,G20,81,44.0,43.5,44.5,44.0,0.12850207090377808,0.09226398169994354
DS3-pre_onset,G20,82,44.5,44.0,45.0,44.5,0.0840981975197792,0.061775803565979004
DS3-pre_onset,G20,83,45.0,44.5,45.5,45.0,0.16181109845638275,0.13694949448108673
DS3-pre_onset,G20,84,45.5,45.0,46.0,45.5,0.16894041001796722,0.1248696893453598
DS3-pre_onset,G20,85,46.0,45.5,46.5,46.0,0.20523294806480408,0.17935781180858612
DS3-pre_onset,G20,86,46.5,46.0,47.0,46.5,0.17239545285701752,0.1316775530576706
DS3-pre_onset,G20,87,47.0,46.5,47.5,47.0,0.16965708136558533,0.1472851186990738
DS3-pre_onset,G20,88,47.5,47.0,48.0,47.5,0.2131379246711731,0.17984502017498016
DS3-pre_onset,G20,89,48.0,47.5,48.5,48.0,0.16800367832183838,0.1439422369003296
DS3-pre_onset,G20,90,48.5,48.0,49.0,48.5,0.12754589319229126,0.09944210946559906
DS3-pre_onset,G20,91,49.0,48.5,49.5,49.0,0.1257658749818802,0.10547719895839691
DS3-pre_onset,G20,92,49.5,49.0,50.0,49.5,0.2582203149795532,0.18437708914279938
DS3-pre_onset,G20,93,50.0,49.5,50.5,50.0,0.1791330724954605,0.14586837589740753
DS3-pre_onset,G20,94,50.5,50.0,51.0,50.5,0.29433515667915344,0.2429649531841278
DS3-pre_onset,G20,95,51.0,50.5,51.5,51.0,0.1325318068265915,0.09311171621084213
DS3-pre_onset,G20,96,51.5,51.0,52.0,51.5,0.10396862030029297,0.08039789646863937
DS3-pre_onset,G20,97,52.0,51.5,52.5,52.0,0.103786401450634,0.08369047194719315
DS3-pre_onset,G20,98,52.5,52.0,53.0,52.5,0.2353675663471222,0.17603985965251923
DS3-pre_onset,G20,99,53.0,52.5,53.5,53.0,0.08419419825077057,0.07485853880643845
DS3-pre_onset,G20,100,53.5,53.0,54.0,53.5,0.2612612545490265,0.2177855521440506
DS3-pre_onset,G20,101,54.0,53.5,54.5,54.0,0.1400732696056366,0.11280427128076553
DS3-pre_onset,G20,102,54.5,54.0,55.0,54.5,0.135239377617836,0.0939493328332901
DS3-pre_onset,G20,103,55.0,54.5,55.5,55.0,0.18757569789886475,0.16270583868026733
DS3-pre_onset,G20,104,55.5,55.0,56.0,55.5,0.09679775685071945,0.08542772382497787
DS3-pre_onset,G20,105,56.0,55.5,56.5,56.0,0.2547699511051178,0.22669818997383118
DS3-pre_onset,G20,106,56.5,56.0,57.0,56.5,0.22402384877204895,0.18623490631580353
DS3-pre_onset,G20,107,57.0,56.5,57.5,57.0,0.13541878759860992,0.10677728801965714
DS3-pre_onset,G20,108,57.5,57.0,58.0,57.5,0.17990742623806,0.1461145579814911
DS3-pre_onset,G20,109,58.0,57.5,58.5,58.0,0.1825273334980011,0.1294308304786682
DS3-pre_onset,G20,110,58.5,58.0,59.0,58.5,0.11244538426399231,0.09513098001480103
DS3-pre_onset,G20,111,59.0,58.5,59.5,59.0,0.16652259230613708,0.12312594801187515
DS3-pre_onset,G20,112,59.5,59.0,60.0,59.5,0.20075848698616028,0.17609578371047974
DS3-pre_onset,G20,113,60.0,59.5,60.5,60.0,0.1475861817598343,0.11437586694955826
DS3-pre_onset,G20,114,60.5,60.0,61.0,60.5,0.14060257375240326,0.12315060198307037
DS3-pre_onset,G20,115,61.0,60.5,61.5,61.0,0.09468677639961243,0.06674450635910034
DS3-pre_onset,G20,116,61.5,61.0,62.0,61.5,0.16288027167320251,0.14097554981708527
DS3-pre_onset,G20,117,62.0,61.5,62.5,62.0,0.1346406638622284,0.1011115238070488
DS3-pre_onset,G20,118,62.5,62.0,63.0,62.5,0.1707647740840912,0.12941095232963562
DS3-pre_onset,G20,119,63.0,62.5,63.5,63.0,0.14089815318584442,0.12133561074733734
DS3-pre_onset,G20,120,63.5,63.0,64.0,63.5,0.09172578155994415,0.07628752291202545
DS3-pre_onset,G20,121,64.0,63.5,64.5,64.0,0.15330660343170166,0.13110150396823883
DS3-pre_onset,G20,122,64.5,64.0,65.0,64.5,0.07090440392494202,0.05782163888216019
DS3-pre_onset,G20,123,65.0,64.5,65.5,65.0,0.09054578840732574,0.07781964540481567
DS3-pre_onset,G20,124,65.5,65.0,66.0,65.5,0.11751406639814377,0.09994343668222427
DS3-pre_onset,G20,125,66.0,65.5,66.5,66.0,0.13307242095470428,0.1013714000582695
DS3-pre_onset,G20,126,66.5,66.0,67.0,66.5,0.0820266455411911,0.06430719047784805
DS3-pre_onset,G20,127,67.0,66.5,67.5,67.0,0.163400799036026,0.1341400444507599
DS3-pre_onset,G20,128,67.5,67.0,68.0,67.5,0.2575204372406006,0.1870742291212082
DS3-pre_onset,G20,129,68.0,67.5,68.5,68.0,0.08788570016622543,0.07032504677772522
DS3-pre_onset,G20,130,68.5,68.0,69.0,68.5,0.1743602305650711,0.13596372306346893
DS3-pre_onset,G20,131,69.0,68.5,69.5,69.0,0.17654460668563843,0.14832854270935059
DS3-pre_onset,G20,132,69.5,69.0,70.0,69.5,0.08182025700807571,0.06531020253896713
DS3-pre_onset,G20,133,70.0,69.5,70.5,70.0,0.14815525710582733,0.13076668977737427
DS3-pre_onset,G20,134,70.5,70.0,71.0,70.5,0.11193336546421051,0.09252125769853592
DS3-pre_onset,G20,135,71.0,70.5,71.5,71.0,0.14692656695842743,0.13218021392822266
DS3-pre_onset,G20,136,71.5,71.0,72.0,71.5,0.12536457180976868,0.10117644816637039
DS3-pre_onset,G20,137,72.0,71.5,72.5,72.0,0.16401509940624237,0.11338424682617188
DS3-pre_onset,G20,138,72.5,72.0,73.0,72.5,0.0757480040192604,0.05217156931757927
DS3-pre_onset,G20,139,73.0,72.5,73.5,73.0,0.08796390891075134,0.057563357055187225
DS3-pre_onset,G20,140,73.5,73.0,74.0,73.5,0.10313955694437027,0.08040530979633331
DS3-pre_onset,G20,141,74.0,73.5,74.5,74.0,0.08492857217788696,0.06534268707036972
DS3-pre_onset,G20,142,74.5,74.0,75.0,74.5,0.1735561192035675,0.14034491777420044
DS3-pre_onset,G20,143,75.0,74.5,75.5,75.0,0.059202663600444794,0.049341458827257156
DS3-pre_onset,G20,144,75.5,75.0,76.0,75.5,0.10951771587133408,0.08130167424678802
DS3-pre_onset,G20,145,76.0,75.5,76.5,76.0,0.12149066478013992,0.0880238488316536
DS3-pre_onset,G20,146,76.5,76.0,77.0,76.5,0.0855020135641098,0.06776150315999985
DS3-pre_onset,G20,147,77.0,76.5,77.5,77.0,0.13225500285625458,0.1049487367272377
DS3-pre_onset,G20,148,77.5,77.0,78.0,77.5,0.11791285127401352,0.09715500473976135
DS3-pre_onset,G20,149,78.0,77.5,78.5,78.0,0.20535893738269806,0.16619324684143066
DS3-pre_onset,G20,150,78.5,78.0,79.0,78.5,0.1755569726228714,0.1501103639602661
DS3-pre_onset,G20,151,79.0,78.5,79.5,79.0,0.08092253655195236,0.06654335558414459
DS3-pre_onset,G20,152,79.5,79.0,80.0,79.5,0.08041952550411224,0.0629894807934761
DS3-pre_onset,G20,153,80.0,79.5,80.5,80.0,0.1541110724210739,0.11882667988538742
DS3-pre_onset,G20,154,80.5,80.0,81.0,80.5,0.14586105942726135,0.12168987840414047
DS3-pre_onset,G20,155,81.0,80.5,81.5,81.0,0.09606803953647614,0.07746532559394836
DS3-pre_onset,G20,156,81.5,81.0,82.0,81.5,0.16600410640239716,0.14578230679035187
DS3-pre_onset,G20,157,82.0,81.5,82.5,82.0,0.15213434398174286,0.10469923913478851
DS3-pre_onset,G20,158,82.5,82.0,83.0,82.5,0.15567506849765778,0.1260804384946823
DS3-pre_onset,G20,159,83.0,82.5,83.5,83.0,0.30967220664024353,0.2826681435108185
DS3-pre_onset,G20,160,83.5,83.0,84.0,83.5,0.12757253646850586,0.10241802781820297
DS3-pre_onset,G20,161,84.0,83.5,84.5,84.0,0.12412761896848679,0.07866538316011429
DS3-pre_onset,G20,162,84.5,84.0,85.0,84.5,0.09150762110948563,0.07344560325145721
DS3-pre_onset,G20,163,85.0,84.5,85.5,85.0,0.137214794754982,0.1263340562582016
DS3-pre_onset,G20,164,85.5,85.0,86.0,85.5,0.14975188672542572,0.11856087297201157
DS3-pre_onset,G20,165,86.0,85.5,86.5,86.0,0.22746378183364868,0.18423035740852356
DS3-pre_onset,G20,166,86.5,86.0,87.0,86.5,0.13650862872600555,0.11353913694620132
DS3-pre_onset,G20,167,87.0,86.5,87.5,87.0,0.15667645633220673,0.12600111961364746
DS3-pre_onset,G20,168,87.5,87.0,88.0,87.5,0.2371484935283661,0.1874912977218628
DS3-pre_onset,G20,169,88.0,87.5,88.5,88.0,0.12835046648979187,0.09730145335197449
DS3-pre_onset,G20,170,88.5,88.0,89.0,88.5,0.1200137510895729,0.10567605495452881
DS3-pre_onset,G20,171,89.0,88.5,89.5,89.0,0.060431066900491714,0.048129837960004807
DS3-pre_onset,G20,172,89.5,89.0,90.0,89.5,0.15914128720760345,0.11522624641656876
DS3-pre_onset,G20,173,90.0,89.5,90.5,90.0,0.12246154248714447,0.09944751858711243
DS3-pre_onset,G20,174,90.5,90.0,91.0,90.5,0.12197413295507431,0.09645917266607285
DS3-pre_onset,G20,175,91.0,90.5,91.5,91.0,0.19585199654102325,0.1413140445947647
DS3-pre_onset,G20,176,91.5,91.0,92.0,91.5,0.16263113915920258,0.132407546043396
DS3-pre_onset,G20,177,92.0,91.5,92.5,92.0,0.22136755287647247,0.19100138545036316
DS3-pre_onset,G20,178,92.5,92.0,93.0,92.5,0.29209738969802856,0.25380197167396545
DS3-pre_onset,G20,179,93.0,92.5,93.5,93.0,0.1883234828710556,0.1355166733264923
DS3-pre_onset,G20,180,93.5,93.0,94.0,93.5,0.06519247591495514,0.04880001023411751
DS3-pre_onset,G20,181,94.0,93.5,94.5,94.0,0.09201943874359131,0.06153110787272453
DS3-pre_onset,G20,182,94.5,94.0,95.0,94.5,0.08240009844303131,0.07013526558876038
DS3-pre_onset,G20,183,95.0,94.5,95.5,95.0,0.17063310742378235,0.14880028367042542
DS3-pre_onset,G20,184,95.5,95.0,96.0,95.5,0.29592666029930115,0.21916182339191437
DS3-pre_onset,G20,185,96.0,95.5,96.5,96.0,0.15535853803157806,0.12662126123905182
DS3-pre_onset,G20,186,96.5,96.0,97.0,96.5,0.24467432498931885,0.1924087256193161
DS3-pre_onset,G20,187,97.0,96.5,97.5,97.0,0.20667503774166107,0.16702969372272491
DS3-pre_onset,G20,188,97.5,97.0,98.0,97.5,0.42337149381637573,0.36874476075172424
DS3-pre_onset,G20,189,98.0,97.5,98.5,98.0,0.21688257157802582,0.19119414687156677
DS3-pre_onset,G20,190,98.5,98.0,99.0,98.5,0.24903994798660278,0.22074489295482635
DS3-pre_onset,G20,191,99.0,98.5,99.5,99.0,0.30350300669670105,0.2129431813955307
DS3-pre_onset,G20,192,99.5,99.0,100.0,99.5,0.29550808668136597,0.24030299484729767
DS3-pre_onset,G20,193,100.0,99.5,100.5,100.0,0.3017592430114746,0.2631797194480896
DS3-pre_onset,G20,194,100.5,100.0,101.0,100.5,0.12283016741275787,0.09144943207502365
DS3-pre_onset,G20,195,101.0,100.5,101.5,101.0,0.21127307415008545,0.15894335508346558
DS3-pre_onset,G20,196,101.5,101.0,102.0,101.5,0.11664978414773941,0.08710043132305145
DS3-pre_onset,G20,197,102.0,101.5,102.5,102.0,0.19532614946365356,0.16822905838489532
DS3-pre_onset,G20,198,102.5,102.0,103.0,102.5,0.21407967805862427,0.1872454732656479
DS3-pre_onset,G20,199,103.0,102.5,103.5,103.0,0.13293230533599854,0.09966401010751724
DS3-pre_onset,G20,200,103.5,103.0,104.0,103.5,0.1074092835187912,0.08350647240877151
DS3-pre_onset,G20,201,104.0,103.5,104.5,104.0,0.15117567777633667,0.11193690448999405
DS3-pre_onset,G20,202,104.5,104.0,105.0,104.5,0.10794518887996674,0.07762464135885239
DS3-pre_onset,G20,203,105.0,104.5,105.5,105.0,0.08930694311857224,0.06084586679935455
DS3-pre_onset,G20,204,105.5,105.0,106.0,105.5,0.08138777315616608,0.06531325727701187
DS3-pre_onset,G20,205,106.0,105.5,106.5,106.0,0.11306145042181015,0.0986509844660759
DS3-pre_onset,G20,206,106.5,106.0,107.0,106.5,0.22296249866485596,0.15617454051971436
DS3-pre_onset,G20,207,107.0,106.5,107.5,107.0,0.24605678021907806,0.21577729284763336
DS3-pre_onset,G20,208,107.5,107.0,108.0,107.5,0.13861730694770813,0.10762173682451248
DS3-pre_onset,G20,209,108.0,107.5,108.5,108.0,0.21136493980884552,0.1823839247226715
DS3-pre_onset,G20,210,108.5,108.0,109.0,108.5,0.16642680764198303,0.1172473207116127
DS3-pre_onset,G20,211,109.0,108.5,109.5,109.0,0.20335759222507477,0.1671801060438156
DS3-pre_onset,G20,212,109.5,109.0,110.0,109.5,0.24500173330307007,0.19283591210842133
DS3-pre_onset,G20,213,110.0,109.5,110.5,110.0,0.10633362829685211,0.08225955069065094
DS3-pre_onset,G20,214,110.5,110.0,111.0,110.5,0.18544510006904602,0.12102924287319183
DS3-pre_onset,G20,215,111.0,110.5,111.5,111.0,0.11504503339529037,0.09708815068006516
DS3-pre_onset,G20,216,111.5,111.0,112.0,111.5,0.24781693518161774,0.21109992265701294
DS3-pre_onset,G20,217,112.0,111.5,112.5,112.0,0.14653195440769196,0.11872997879981995
DS3-pre_onset,G20,218,112.5,112.0,113.0,112.5,0.23084621131420135,0.2105645090341568
DS3-pre_onset,G20,219,113.0,112.5,113.5,113.0,0.1772880107164383,0.1428094208240509
DS3-pre_onset,G20,220,113.5,113.0,114.0,113.5,0.14363768696784973,0.10647499561309814
DS3-pre_onset,G20,221,114.0,113.5,114.5,114.0,0.13755252957344055,0.1245323047041893
DS3-pre_onset,G20,222,114.5,114.0,115.0,114.5,0.11392446607351303,0.08351380378007889
DS3-pre_onset,G20,223,115.0,114.5,115.5,115.0,0.21105273067951202,0.15665386617183685
DS3-pre_onset,G20,224,115.5,115.0,116.0,115.5,0.19593793153762817,0.14312881231307983
DS3-pre_onset,G20,225,116.0,115.5,116.5,116.0,0.15547168254852295,0.11456773430109024
DS3-pre_onset,G20,226,116.5,116.0,117.0,116.5,0.15706749260425568,0.12140515446662903
DS3-pre_onset,G20,227,117.0,116.5,117.5,117.0,0.179059699177742,0.1368141770362854
DS3-pre_onset,G20,228,117.5,117.0,118.0,117.5,0.2678621709346771,0.20513403415679932
DS3-pre_onset,G20,229,118.0,117.5,118.5,118.0,0.29875385761260986,0.2013382464647293
DS3-pre_onset,G20,230,118.5,118.0,119.0,118.5,0.15165963768959045,0.11921475827693939
DS3-pre_onset,G23,12,6.5,6.0,7.0,6.5,0.013211739249527454,0.008766846731305122
DS3-pre_onset,G23,13,7.0,6.5,7.5,7.0,0.013731047511100769,0.009996426291763783
DS3-pre_onset,G23,14,7.5,7.0,8.0,7.5,0.013492098078131676,0.010466630570590496
DS3-pre_onset,G23,15,8.0,7.5,8.5,8.0,0.025392834097146988,0.020817870274186134
DS3-pre_onset,G23,16,8.5,8.0,9.0,8.5,0.021578898653388023,0.01725088618695736
DS3-pre_onset,G23,17,9.0,8.5,9.5,9.0,0.020840467885136604,0.013878855854272842
DS3-pre_onset,G23,18,9.5,9.0,10.0,9.5,0.017556577920913696,0.013895915821194649
DS3-pre_onset,G23,19,10.0,9.5,10.5,10.0,0.020954513922333717,0.015928633511066437
DS3-pre_onset,G23,20,10.5,10.0,11.0,10.5,0.01859782263636589,0.013328004628419876
DS3-pre_onset,G23,21,11.0,10.5,11.5,11.0,0.0235055610537529,0.01754462718963623
DS3-pre_onset,G23,22,11.5,11.0,12.0,11.5,0.025110146030783653,0.018708208575844765
DS3-pre_onset,G23,23,12.0,11.5,12.5,12.0,0.01786595582962036,0.014507492072880268
DS3-pre_onset,G23,24,12.5,12.0,13.0,12.5,0.0238129124045372,0.020074209198355675
DS3-pre_onset,G23,25,13.0,12.5,13.5,13.0,0.028404606506228447,0.02391660213470459
DS3-pre_onset,G23,26,13.5,13.0,14.0,13.5,0.033507511019706726,0.020267199724912643
DS3-pre_onset,G23,27,14.0,13.5,14.5,14.0,0.05592856556177139,0.04060595482587814
DS3-pre_onset,G23,28,14.5,14.0,15.0,14.5,0.10428734868764877,0.08846187591552734
DS3-pre_onset,G23,29,15.0,14.5,15.5,15.0,0.03407621011137962,0.022878497838974
DS3-pre_onset,G23,30,15.5,15.0,16.0,15.5,0.06623443216085434,0.05928991362452507
DS3-pre_onset,G23,31,16.0,15.5,16.5,16.0,0.04061519354581833,0.03286271169781685
DS3-pre_onset,G23,32,16.5,16.0,17.0,16.5,0.08476980030536652,0.061293840408325195
DS3-pre_onset,G23,33,17.0,16.5,17.5,17.0,0.06557954102754593,0.05272199213504791
DS3-pre_onset,G23,34,17.5,17.0,18.0,17.5,0.06742556393146515,0.05401970446109772
DS3-pre_onset,G23,35,18.0,17.5,18.5,18.0,0.04131925106048584,0.033207960426807404
DS3-pre_onset,G23,36,18.5,18.0,19.0,18.5,0.05364019051194191,0.04559289291501045
DS3-pre_onset,G23,37,19.0,18.5,19.5,19.0,0.10700011998414993,0.09430497884750366
DS3-pre_onset,G23,38,19.5,19.0,20.0,19.5,0.03672187402844429,0.030996212735772133
DS3-pre_onset,G23,39,20.0,19.5,20.5,20.0,0.06458040326833725,0.04368897154927254
DS3-pre_onset,G23,40,20.5,20.0,21.0,20.5,0.04458170011639595,0.03599247336387634
DS3-pre_onset,G23,41,21.0,20.5,21.5,21.0,0.07261219620704651,0.06422840803861618
DS3-pre_onset,G23,42,21.5,21.0,22.0,21.5,0.06055207923054695,0.044979341328144073
DS3-pre_onset,G23,43,22.0,21.5,22.5,22.0,0.060702890157699585,0.053564149886369705
DS3-pre_onset,G23,44,22.5,22.0,23.0,22.5,0.05929558351635933,0.03906982019543648
DS3-pre_onset,G23,45,23.0,22.5,23.5,23.0,0.03574454411864281,0.02818036451935768
DS3-pre_onset,G23,46,23.5,23.0,24.0,23.5,0.06435073167085648,0.04082725569605827
DS3-pre_onset,G23,47,24.0,23.5,24.5,24.0,0.029081780463457108,0.020564520731568336
DS3-pre_onset,G23,48,24.5,24.0,25.0,24.5,0.05946601554751396,0.040535226464271545
DS3-pre_onset,G23,49,25.0,24.5,25.5,25.0,0.09888852387666702,0.08593300729990005
DS3-pre_onset,G23,50,25.5,25.0,26.0,25.5,0.039982471615076065,0.033665429800748825
DS3-pre_onset,G23,51,26.0,25.5,26.5,26.0,0.05526815354824066,0.04151451960206032
DS3-pre_onset,G23,52,26.5,26.0,27.0,26.5,0.09287461638450623,0.08266200870275497
DS3-pre_onset,G23,53,27.0,26.5,27.5,27.0,0.02926839143037796,0.023585554212331772
DS3-pre_onset,G23,54,27.5,27.0,28.0,27.5,0.028057919815182686,0.022373845800757408
DS3-pre_onset,G23,55,28.0,27.5,28.5,28.0,0.04881932586431503,0.04526844993233681
DS3-pre_onset,G23,56,28.5,28.0,29.0,28.5,0.042878810316324234,0.03503022715449333
DS3-pre_onset,G23,57,29.0,28.5,29.5,29.0,0.07635098695755005,0.06347586214542389
DS3-pre_onset,G23,58,29.5,29.0,30.0,29.5,0.03507146239280701,0.025556834414601326
DS3-pre_onset,G23,59,30.0,29.5,30.5,30.0,0.05697442963719368,0.04358372837305069
DS3-pre_onset,G23,60,30.5,30.0,31.0,30.5,0.0534856952726841,0.04723164066672325
DS3-pre_onset,G23,61,31.0,30.5,31.5,31.0,0.0455402247607708,0.03821565583348274
DS3-pre_onset,G23,62,31.5,31.0,32.0,31.5,0.08424758911132812,0.06725812703371048
DS3-pre_onset,G23,63,32.0,31.5,32.5,32.0,0.0394117496907711,0.03153463825583458
DS3-pre_onset,G23,64,32.5,32.0,33.0,32.5,0.07096869498491287,0.05746994540095329
DS3-pre_onset,G23,65,33.0,32.5,33.5,33.0,0.03885349631309509,0.031908512115478516
DS3-pre_onset,G23,66,33.5,33.0,34.0,33.5,0.043285612016916275,0.040488351136446
DS3-pre_onset,G23,67,34.0,33.5,34.5,34.0,0.08491837233304977,0.07214782387018204
DS3-pre_onset,G23,68,34.5,34.0,35.0,34.5,0.05583002418279648,0.04493037983775139
DS3-pre_onset,G23,69,35.0,34.5,35.5,35.0,0.04578336700797081,0.035935793071985245
DS3-pre_onset,G23,70,35.5,35.0,36.0,35.5,0.027507439255714417,0.019623393192887306
DS3-pre_onset,G23,71,36.0,35.5,36.5,36.0,0.06558763980865479,0.06068197265267372
DS3-pre_onset,G23,72,36.5,36.0,37.0,36.5,0.038264598697423935,0.032386794686317444
DS3-pre_onset,G23,73,37.0,36.5,37.5,37.0,0.050071656703948975,0.03954077884554863
DS3-pre_onset,G23,74,37.5,37.0,38.0,37.5,0.08987798541784286,0.06485046446323395
DS3-pre_onset,G23,75,38.0,37.5,38.5,38.0,0.06843379884958267,0.050307437777519226
DS3-pre_onset,G23,76,38.5,38.0,39.0,38.5,0.052938416600227356,0.04422445595264435
DS3-pre_onset,G23,77,39.0,38.5,39.5,39.0,0.06976699084043503,0.05961360037326813
DS3-pre_onset,G23,78,39.5,39.0,40.0,39.5,0.06451161205768585,0.04213844984769821
DS3-pre_onset,G23,79,40.0,39.5,40.5,40.0,0.03224837779998779,0.028038330376148224
DS3-pre_onset,G23,80,40.5,40.0,41.0,40.5,0.038898419588804245,0.03042679652571678
DS3-pre_onset,G23,81,41.0,40.5,41.5,41.0,0.03126170486211777,0.024650856852531433
DS3-pre_onset,G23,82,41.5,41.0,42.0,41.5,0.06659118831157684,0.0426107719540596
DS3-pre_onset,G23,83,42.0,41.5,42.5,42.0,0.04440031945705414,0.04043157771229744
DS3-pre_onset,G23,84,42.5,42.0,43.0,42.5,0.038322001695632935,0.033332157880067825
DS3-pre_onset,G23,85,43.0,42.5,43.5,43.0,0.07073687762022018,0.058522649109363556
DS3-pre_onset,G23,86,43.5,43.0,44.0,43.5,0.03956469148397446,0.028623798862099648
DS3-pre_onset,G23,87,44.0,43.5,44.5,44.0,0.026593966409564018,0.020467394962906837
DS3-pre_onset,G23,88,44.5,44.0,45.0,44.5,0.01894671842455864,0.016658538952469826
DS3-pre_onset,G23,89,45.0,44.5,45.5,45.0,0.0954374223947525,0.066692054271698
DS3-pre_onset,G23,90,45.5,45.0,46.0,45.5,0.09730534255504608,0.07222200930118561
DS3-pre_onset,G23,91,46.0,45.5,46.5,46.0,0.02374550886452198,0.016590461134910583
DS3-pre_onset,G23,92,46.5,46.0,47.0,46.5,0.030178474262356758,0.023437973111867905
DS3-pre_onset,G23,93,47.0,46.5,47.5,47.0,0.06675435602664948,0.05428710952401161
DS3-pre_onset,G23,94,47.5,47.0,48.0,47.5,0.027622031047940254,0.02123074419796467
DS3-pre_onset,G23,95,48.0,47.5,48.5,48.0,0.03895740211009979,0.028774026781320572
DS3-pre_onset,G23,96,48.5,48.0,49.0,48.5,0.07560906559228897,0.06211800128221512
DS3-pre_onset,G23,97,49.0,48.5,49.5,49.0,0.13489674031734467,0.10374847799539566
DS3-pre_onset,G23,98,49.5,49.0,50.0,49.5,0.024276601150631905,0.020662574097514153
DS3-pre_onset,G23,99,50.0,49.5,50.5,50.0,0.044622793793678284,0.03725132346153259
DS3-pre_onset,G23,100,50.5,50.0,51.0,50.5,0.02024037204682827,0.01419225987046957
DS3-pre_onset,G23,101,51.0,50.5,51.5,51.0,0.05679453909397125,0.04746242240071297
DS3-pre_onset,G23,102,51.5,51.0,52.0,51.5,0.10982111841440201,0.09623934328556061
DS3-pre_onset,G23,103,52.0,51.5,52.5,52.0,0.09672077000141144,0.08407185226678848
DS3-pre_onset,G23,104,52.5,52.0,53.0,52.5,0.029482543468475342,0.024336911737918854
DS3-pre_onset,G23,105,53.0,52.5,53.5,53.0,0.04380359873175621,0.03380421921610832
DS3-pre_onset,G23,106,53.5,53.0,54.0,53.5,0.03366813808679581,0.026632171124219894
DS3-pre_onset,G23,107,54.0,53.5,54.5,54.0,0.09590549767017365,0.08414479345083237
DS3-pre_onset,G23,108,54.5,54.0,55.0,54.5,0.09073710441589355,0.07833659648895264
DS3-pre_onset,G23,109,55.0,54.5,55.5,55.0,0.1430945247411728,0.1249457448720932
DS3-pre_onset,G23,110,55.5,55.0,56.0,55.5,0.09040288627147675,0.07576011121273041
DS3-pre_onset,G23,111,56.0,55.5,56.5,56.0,0.042694807052612305,0.0305930208414793
DS3-pre_onset,G23,112,56.5,56.0,57.0,56.5,0.03535350039601326,0.024479718878865242
DS3-pre_onset,G23,113,57.0,56.5,57.5,57.0,0.04264809936285019,0.029223918914794922
DS3-pre_onset,G23,114,57.5,57.0,58.0,57.5,0.0533747524023056,0.04081696271896362
DS3-pre_onset,G23,115,58.0,57.5,58.5,58.0,0.031421009451150894,0.025443121790885925
DS3-pre_onset,G23,116,58.5,58.0,59.0,58.5,0.05039551481604576,0.042546968907117844
DS3-pre_onset,G23,117,59.0,58.5,59.5,59.0,0.03238944336771965,0.026479700580239296
DS3-pre_onset,G23,118,59.5,59.0,60.0,59.5,0.039143286645412445,0.03152899071574211
DS3-pre_onset,G23,119,60.0,59.5,60.5,60.0,0.10471709817647934,0.0906258150935173
DS3-pre_onset,G23,120,60.5,60.0,61.0,60.5,0.08165954798460007,0.06072521209716797
DS3-pre_onset,G23,121,61.0,60.5,61.5,61.0,0.049188654869794846,0.04176260530948639
DS3-pre_onset,G23,122,61.5,61.0,62.0,61.5,0.03249901160597801,0.027923133224248886
DS3-pre_onset,G23,123,62.0,61.5,62.5,62.0,0.03275107219815254,0.024217188358306885
DS3-pre_onset,G23,124,62.5,62.0,63.0,62.5,0.032670460641384125,0.025324083864688873
DS3-pre_onset,G23,125,63.0,62.5,63.5,63.0,0.04710153490304947,0.03602307289838791
DS3-pre_onset,G23,126,63.5,63.0,64.0,63.5,0.08949658274650574,0.07373274862766266
DS3-pre_onset,G23,127,64.0,63.5,64.5,64.0,0.04735754802823067,0.03468577191233635
DS3-pre_onset,G23,128,64.5,64.0,65.0,64.5,0.10081399232149124,0.09037642180919647
DS3-pre_onset,G23,129,65.0,64.5,65.5,65.0,0.034526363015174866,0.027197284623980522
DS3-pre_onset,G23,130,65.5,65.0,66.0,65.5,0.05584397539496422,0.046104274690151215
DS3-pre_onset,G23,131,66.0,65.5,66.5,66.0,0.10927554965019226,0.09285374730825424
DS3-pre_onset,G23,132,66.5,66.0,67.0,66.5,0.04876209795475006,0.03748233616352081
DS3-pre_onset,G23,133,67.0,66.5,67.5,67.0,0.07456333190202713,0.06062469258904457
DS3-pre_onset,G23,134,67.5,67.0,68.0,67.5,0.05730091407895088,0.04809798672795296
DS3-pre_onset,G23,135,68.0,67.5,68.5,68.0,0.05709225684404373,0.046438027173280716
DS3-pre_onset,G23,136,68.5,68.0,69.0,68.5,0.07205265015363693,0.0562586784362793
DS3-pre_onset,G23,137,69.0,68.5,69.5,69.0,0.07095967233181,0.050981707870960236
DS3-pre_onset,G23,138,69.5,69.0,70.0,69.5,0.05289354547858238,0.038811106234788895
DS3-pre_onset,G23,139,70.0,69.5,70.5,70.0,0.039972275495529175,0.03153950721025467
DS3-pre_onset,G23,140,70.5,70.0,71.0,70.5,0.04162910580635071,0.031201835721731186
DS3-pre_onset,G23,141,71.0,70.5,71.5,71.0,0.04481048136949539,0.032395053654909134
DS3-pre_onset,G23,142,71.5,71.0,72.0,71.5,0.06423089653253555,0.048508498817682266
DS3-pre_onset,G23,143,72.0,71.5,72.5,72.0,0.04025007784366608,0.026401495561003685
DS3-pre_onset,G23,144,72.5,72.0,73.0,72.5,0.05470599606633186,0.0469684936106205
DS3-pre_onset,G23,145,73.0,72.5,73.5,73.0,0.04919492080807686,0.03178498148918152
DS3-pre_onset,G23,146,73.5,73.0,74.0,73.5,0.055983416736125946,0.03760645166039467
DS3-pre_onset,G23,147,74.0,73.5,74.5,74.0,0.0433696024119854,0.03277299925684929
DS3-pre_onset,G23,148,74.5,74.0,75.0,74.5,0.02778732031583786,0.018688632175326347
DS3-pre_onset,G23,149,75.0,74.5,75.5,75.0,0.035176362842321396,0.027921054512262344
DS3-pre_onset,G23,150,75.5,75.0,76.0,75.5,0.04397164285182953,0.03331422060728073
DS3-pre_onset,G23,151,76.0,75.5,76.5,76.0,0.05083582550287247,0.04390058293938637
DS3-pre_onset,G23,152,76.5,76.0,77.0,76.5,0.09765581041574478,0.09064934402704239
DS3-pre_onset,G23,153,77.0,76.5,77.5,77.0,0.051693305373191833,0.03619549795985222
DS3-pre_onset,G23,154,77.5,77.0,78.0,77.5,0.01643836311995983,0.012926449067890644
DS3-pre_onset,G23,155,78.0,77.5,78.5,78.0,0.0555780865252018,0.039362337440252304
DS3-pre_onset,G23,156,78.5,78.0,79.0,78.5,0.045554257929325104,0.03726194426417351
DS3-pre_onset,G23,157,79.0,78.5,79.5,79.0,0.07688367366790771,0.059635452926158905
DS3-pre_onset,G23,158,79.5,79.0,80.0,79.5,0.05862807482481003,0.04351412504911423
DS3-pre_onset,G23,159,80.0,79.5,80.5,80.0,0.07048485428094864,0.06275402009487152
DS3-pre_onset,G23,160,80.5,80.0,81.0,80.5,0.07254356145858765,0.0640464723110199
DS3-pre_onset,G23,161,81.0,80.5,81.5,81.0,0.028889892622828484,0.023969000205397606
DS3-pre_onset,G23,162,81.5,81.0,82.0,81.5,0.029584897682070732,0.024004997685551643
DS3-pre_onset,G23,163,82.0,81.5,82.5,82.0,0.029155902564525604,0.026108697056770325
DS3-pre_onset,G23,164,82.5,82.0,83.0,82.5,0.04194847494363785,0.03329910710453987
DS3-pre_onset,G23,165,83.0,82.5,83.5,83.0,0.03306332975625992,0.023666569963097572
DS3-pre_onset,G23,166,83.5,83.0,84.0,83.5,0.060279715806245804,0.04813363030552864
DS3-pre_onset,G23,167,84.0,83.5,84.5,84.0,0.04572098329663277,0.030036695301532745
DS3-pre_onset,G23,168,84.5,84.0,85.0,84.5,0.03390810638666153,0.02390334941446781
DS3-pre_onset,G23,169,85.0,84.5,85.5,85.0,0.03325914591550827,0.028825223445892334
DS3-pre_onset,G23,170,85.5,85.0,86.0,85.5,0.050226446241140366,0.03936849161982536
DS3-pre_onset,G23,171,86.0,85.5,86.5,86.0,0.03141598775982857,0.02633267641067505
DS3-pre_onset,G23,172,86.5,86.0,87.0,86.5,0.05837704986333847,0.048925478011369705
DS3-pre_onset,G23,173,87.0,86.5,87.5,87.0,0.06653158366680145,0.057999055832624435
DS3-pre_onset,G23,174,87.5,87.0,88.0,87.5,0.054269395768642426,0.04655088484287262
DS3-pre_onset,G23,175,88.0,87.5,88.5,88.0,0.02637438476085663,0.021772509440779686
DS3-pre_onset,G23,176,88.5,88.0,89.0,88.5,0.06702296435832977,0.0450858473777771
DS3-pre_onset,G23,177,89.0,88.5,89.5,89.0,0.07974918186664581,0.06692606955766678
DS3-pre_onset,G23,178,89.5,89.0,90.0,89.5,0.04683854058384895,0.03773191198706627
DS3-pre_onset,G23,179,90.0,89.5,90.5,90.0,0.026616964489221573,0.023441016674041748
DS3-pre_onset,G23,180,90.5,90.0,91.0,90.5,0.03953744098544121,0.029483867809176445
DS3-pre_onset,G23,181,91.0,90.5,91.5,91.0,0.029300296679139137,0.022764530032873154
DS3-pre_onset,G23,182,91.5,91.0,92.0,91.5,0.07277239114046097,0.04988405480980873
DS3-pre_onset,G23,183,92.0,91.5,92.5,92.0,0.05858132243156433,0.04617263749241829
DS3-pre_onset,G23,184,92.5,92.0,93.0,92.5,0.04299645498394966,0.03602113202214241
DS3-pre_onset,G23,185,93.0,92.5,93.5,93.0,0.04110463708639145,0.03430209681391716
DS3-pre_onset,G23,186,93.5,93.0,94.0,93.5,0.08178350329399109,0.07186613976955414
DS3-pre_onset,G23,187,94.0,93.5,94.5,94.0,0.03765375539660454,0.03137366846203804
DS3-pre_onset,G23,188,94.5,94.0,95.0,94.5,0.026391398161649704,0.01993575692176819
DS3-pre_onset,G23,189,95.0,94.5,95.5,95.0,0.06042611598968506,0.03843704238533974
DS3-pre_onset,G23,190,95.5,95.0,96.0,95.5,0.016325177624821663,0.012767912819981575
DS3-pre_onset,G23,191,96.0,95.5,96.5,96.0,0.06878192722797394,0.05685659125447273
DS3-pre_onset,G23,192,96.5,96.0,97.0,96.5,0.10368750244379044,0.09200763702392578
DS3-pre_onset,G23,193,97.0,96.5,97.5,97.0,0.023902280256152153,0.018253199756145477
DS3-pre_onset,G23,194,97.5,97.0,98.0,97.5,0.02501905895769596,0.018863940611481667
DS3-pre_onset,G23,195,98.0,97.5,98.5,98.0,0.06417269259691238,0.05401267483830452
DS3-pre_onset,G23,196,98.5,98.0,99.0,98.5,0.05212672799825668,0.043418534100055695
DS3-pre_onset,G23,197,99.0,98.5,99.5,99.0,0.027773946523666382,0.022171596065163612
DS3-pre_onset,G23,198,99.5,99.0,100.0,99.5,0.04514823108911514,0.029947420582175255
DS3-pre_onset,G23,199,100.0,99.5,100.5,100.0,0.0881257876753807,0.06559019535779953
DS3-pre_onset,G23,200,100.5,100.0,101.0,100.5,0.04015514627099037,0.03041532263159752
DS3-pre_onset,G23,201,101.0,100.5,101.5,101.0,0.06150466576218605,0.04527438431978226
DS3-pre_onset,G23,202,101.5,101.0,102.0,101.5,0.05105983838438988,0.037734437733888626
DS3-pre_onset,G23,203,102.0,101.5,102.5,102.0,0.014943668618798256,0.011066299863159657
DS3-pre_onset,G23,204,102.5,102.0,103.0,102.5,0.03249549865722656,0.02805413119494915
DS3-pre_onset,G23,205,103.0,102.5,103.5,103.0,0.05864637345075607,0.04450247809290886
DS3-pre_onset,G23,206,103.5,103.0,104.0,103.5,0.0488315150141716,0.036643221974372864
DS3-pre_onset,G23,207,104.0,103.5,104.5,104.0,0.06883310526609421,0.06089659407734871
DS3-pre_onset,G23,208,104.5,104.0,105.0,104.5,0.039032142609357834,0.030525727197527885
DS3-pre_onset,G23,209,105.0,104.5,105.5,105.0,0.057946231216192245,0.04343988373875618
DS3-pre_onset,G23,210,105.5,105.0,106.0,105.5,0.05179142579436302,0.03471548110246658
DS3-pre_onset,G23,211,106.0,105.5,106.5,106.0,0.044302672147750854,0.029283616691827774
DS3-pre_onset,G23,212,106.5,106.0,107.0,106.5,0.025072233751416206,0.01953313499689102
DS3-pre_onset,G23,213,107.0,106.5,107.5,107.0,0.036781515926122665,0.027722859755158424
DS3-pre_onset,G23,214,107.5,107.0,108.0,107.5,0.04845581203699112,0.04124739393591881
DS3-pre_onset,G23,215,108.0,107.5,108.5,108.0,0.040369343012571335,0.03207801654934883
DS3-pre_onset,G23,216,108.5,108.0,109.0,108.5,0.05657879263162613,0.044428713619709015
DS3-pre_onset,G23,217,109.0,108.5,109.5,109.0,0.07022197544574738,0.05791964754462242
DS3-pre_onset,G23,218,109.5,109.0,110.0,109.5,0.03973165154457092,0.028297079727053642
DS3-pre_onset,G23,219,110.0,109.5,110.5,110.0,0.06792376190423965,0.05317132920026779
DS3-pre_onset,G23,220,110.5,110.0,111.0,110.5,0.08140462636947632,0.06677062064409256
DS3-pre_onset,G23,221,111.0,110.5,111.5,111.0,0.04861476644873619,0.03102889657020569
DS3-pre_onset,G23,222,111.5,111.0,112.0,111.5,0.0455789752304554,0.034828949719667435
DS3-pre_onset,G23,223,112.0,111.5,112.5,112.0,0.08209644258022308,0.05340588465332985
DS3-pre_onset,G23,224,112.5,112.0,113.0,112.5,0.0411570705473423,0.029300997033715248
DS3-pre_onset,G23,225,113.0,112.5,113.5,113.0,0.04342324659228325,0.033793855458498
DS3-pre_onset,G23,226,113.5,113.0,114.0,113.5,0.015366061590611935,0.012259544804692268
DS3-pre_onset,G23,227,114.0,113.5,114.5,114.0,0.04231366887688637,0.03761940449476242
DS3-pre_onset,G23,228,114.5,114.0,115.0,114.5,0.04082777351140976,0.03432971611618996
DS3-pre_onset,G23,229,115.0,114.5,115.5,115.0,0.06527632474899292,0.055517032742500305
DS3-pre_onset,G23,230,115.5,115.0,116.0,115.5,0.08003384619951248,0.06557811051607132
DS3-pre_onset,G23,231,116.0,115.5,116.5,116.0,0.051541607826948166,0.039922330528497696
DS3-pre_onset,G23,232,116.5,116.0,117.0,116.5,0.024327024817466736,0.017360759899020195
DS3-pre_onset,G23,233,117.0,116.5,117.5,117.0,0.06388609856367111,0.05276206135749817
DS3-pre_onset,G23,234,117.5,117.0,118.0,117.5,0.032562270760536194,0.023072030395269394
DS3-pre_onset,G23,235,118.0,117.5,118.5,118.0,0.07127945870161057,0.057772446423769
DS3-pre_onset,G23,236,118.5,118.0,119.0,118.5,0.07724098861217499,0.06326297670602798
DS3-pre_onset,G30,12,10.0,9.5,10.5,10.0,0.033333588391542435,0.025909194722771645
DS3-pre_onset,G30,13,10.5,10.0,11.0,10.5,0.027610376477241516,0.020143896341323853
DS3-pre_onset,G30,14,11.0,10.5,11.5,11.0,0.05976731702685356,0.05024014040827751
DS3-pre_onset,G30,15,11.5,11.0,12.0,11.5,0.030041610822081566,0.0212465301156044
DS3-pre_onset,G30,16,12.0,11.5,12.5,12.0,0.044730044901371,0.04071997478604317
DS3-pre_onset,G30,17,12.5,12.0,13.0,12.5,0.051796261221170425,0.04588848352432251
DS3-pre_onset,G30,18,13.0,12.5,13.5,13.0,0.08083000034093857,0.06607311218976974
DS3-pre_onset,G30,19,13.5,13.0,14.0,13.5,0.04794095829129219,0.038515668362379074
DS3-pre_onset,G30,20,14.0,13.5,14.5,14.0,0.04270528256893158,0.036806512624025345
DS3-pre_onset,G30,21,14.5,14.0,15.0,14.5,0.0798712968826294,0.07093063741922379
DS3-pre_onset,G30,22,15.0,14.5,15.5,15.0,0.034752968698740005,0.029199067503213882
DS3-pre_onset,G30,23,15.5,15.0,16.0,15.5,0.022589590400457382,0.018609339371323586
DS3-pre_onset,G30,24,16.0,15.5,16.5,16.0,0.06884951144456863,0.05881406366825104
DS3-pre_onset,G30,25,16.5,16.0,17.0,16.5,0.03509113937616348,0.030796080827713013
DS3-pre_onset,G30,26,17.0,16.5,17.5,17.0,0.02338053472340107,0.018841419368982315
DS3-pre_onset,G30,27,17.5,17.0,18.0,17.5,0.038306377828121185,0.02919786609709263
DS3-pre_onset,G30,28,18.0,17.5,18.5,18.0,0.0207830760627985,0.016267333179712296
DS3-pre_onset,G30,29,18.5,18.0,19.0,18.5,0.032349374145269394,0.028115289285779
DS3-pre_onset,G30,30,19.0,18.5,19.5,19.0,0.10005701333284378,0.07845243066549301
DS3-pre_onset,G30,31,19.5,19.0,20.0,19.5,0.38666868209838867,0.33250945806503296
DS3-pre_onset,G30,32,20.0,19.5,20.5,20.0,0.06692809611558914,0.05574074760079384
DS3-pre_onset,G30,33,20.5,20.0,21.0,20.5,0.1154441311955452,0.09043628722429276
DS3-pre_onset,G30,34,21.0,20.5,21.5,21.0,0.22335860133171082,0.14705343544483185
DS3-pre_onset,G30,35,21.5,21.0,22.0,21.5,0.20228107273578644,0.1860666573047638
DS3-pre_onset,G30,36,22.0,21.5,22.5,22.0,0.2514689564704895,0.1968955248594284
DS3-pre_onset,G30,37,22.5,22.0,23.0,22.5,0.12027689069509506,0.1023743748664856
DS3-pre_onset,G30,38,23.0,22.5,23.5,23.0,0.12447285652160645,0.09282428026199341
DS3-pre_onset,G30,39,23.5,23.0,24.0,23.5,0.1646319180727005,0.12022055685520172
DS3-pre_onset,G30,40,24.0,23.5,24.5,24.0,0.13916631042957306,0.11067647486925125
DS3-pre_onset,G30,41,24.5,24.0,25.0,24.5,0.06944457441568375,0.058141786605119705
DS3-pre_onset,G30,42,25.0,24.5,25.5,25.0,0.06947534531354904,0.05787904933094978
DS3-pre_onset,G30,43,25.5,25.0,26.0,25.5,0.27958863973617554,0.23811480402946472
DS3-pre_onset,G30,44,26.0,25.5,26.5,26.0,0.206228107213974,0.17488642036914825
DS3-pre_onset,G30,45,26.5,26.0,27.0,26.5,0.20258352160453796,0.175120547413826
DS3-pre_onset,G30,46,27.0,26.5,27.5,27.0,0.14210402965545654,0.09884408861398697
DS3-pre_onset,G30,47,27.5,27.0,28.0,27.5,0.10049591958522797,0.0758100152015686
DS3-pre_onset,G30,48,28.0,27.5,28.5,28.0,0.13100333511829376,0.11309359222650528
DS3-pre_onset,G30,49,28.5,28.0,29.0,28.5,0.2119254320859909,0.17086553573608398
DS3-pre_onset,G30,50,29.0,28.5,29.5,29.0,0.13057516515254974,0.10528799891471863
DS3-pre_onset,G30,51,29.5,29.0,30.0,29.5,0.16496609151363373,0.13074029982089996
DS3-pre_onset,G30,52,30.0,29.5,30.5,30.0,0.22402915358543396,0.20068155229091644
DS3-pre_onset,G30,53,30.5,30.0,31.0,30.5,0.23903241753578186,0.1868293285369873
DS3-pre_onset,G30,54,31.0,30.5,31.5,31.0,0.1858091652393341,0.13363221287727356
DS3-pre_onset,G30,55,31.5,31.0,32.0,31.5,0.1946752518415451,0.1481805294752121
DS3-pre_onset,G30,56,32.0,31.5,32.5,32.0,0.19216640293598175,0.1687500923871994
DS3-pre_onset,G30,57,32.5,32.0,33.0,32.5,0.24305595457553864,0.22050543129444122
DS3-pre_onset,G30,58,33.0,32.5,33.5,33.0,0.13317212462425232,0.088135726749897
DS3-pre_onset,G30,59,33.5,33.0,34.0,33.5,0.14536014199256897,0.1152447834610939
DS3-pre_onset,G30,60,34.0,33.5,34.5,34.0,0.19691890478134155,0.15716464817523956
DS3-pre_onset,G30,61,34.5,34.0,35.0,34.5,0.20703862607479095,0.1599746197462082
DS3-pre_onset,G30,62,35.0,34.5,35.5,35.0,0.1927129030227661,0.17435410618782043
DS3-pre_onset,G30,63,35.5,35.0,36.0,35.5,0.13716843724250793,0.11383134871721268
DS3-pre_onset,G30,64,36.0,35.5,36.5,36.0,0.2597077786922455,0.21273596584796906
DS3-pre_onset,G30,65,36.5,36.0,37.0,36.5,0.2520506680011749,0.1839088648557663
DS3-pre_onset,G30,66,37.0,36.5,37.5,37.0,0.20888398587703705,0.16857971251010895
DS3-pre_onset,G30,67,37.5,37.0,38.0,37.5,0.18917158246040344,0.1396506130695343
DS3-pre_onset,G30,68,38.0,37.5,38.5,38.0,0.18945631384849548,0.12257814407348633
DS3-pre_onset,G30,69,38.5,38.0,39.0,38.5,0.13353753089904785,0.10289214551448822
DS3-pre_onset,G30,70,39.0,38.5,39.5,39.0,0.2554028630256653,0.2152586728334427
DS3-pre_onset,G30,71,39.5,39.0,40.0,39.5,0.22360919415950775,0.1783769428730011
DS3-pre_onset,G30,72,40.0,39.5,40.5,40.0,0.16051259636878967,0.13703322410583496
DS3-pre_onset,G30,73,40.5,40.0,41.0,40.5,0.25191530585289,0.2110094279050827
DS3-pre_onset,G30,74,41.0,40.5,41.5,41.0,0.17414319515228271,0.1269262284040451
DS3-pre_onset,G30,75,41.5,41.0,42.0,41.5,0.12774433195590973,0.11768511682748795
DS3-pre_onset,G30,76,42.0,41.5,42.5,42.0,0.24750837683677673,0.1948021650314331
DS3-pre_onset,G30,77,42.5,42.0,43.0,42.5,0.23031315207481384,0.16627255082130432
DS3-pre_onset,G30,78,43.0,42.5,43.5,43.0,0.13611406087875366,0.11364805698394775
DS3-pre_onset,G30,79,43.5,43.0,44.0,43.5,0.2217419594526291,0.15210330486297607
DS3-pre_onset,G30,80,44.0,43.5,44.5,44.0,0.19013865292072296,0.14961004257202148
DS3-pre_onset,G30,81,44.5,44.0,45.0,44.5,0.22066380083560944,0.19149425625801086
DS3-pre_onset,G30,82,45.0,44.5,45.5,45.0,0.16757774353027344,0.12833145260810852
DS3-pre_onset,G30,83,45.5,45.0,46.0,45.5,0.14277283847332,0.10915348678827286
DS3-pre_onset,G30,84,46.0,45.5,46.5,46.0,0.24974235892295837,0.22702135145664215
DS3-pre_onset,G30,85,46.5,46.0,47.0,46.5,0.23929354548454285,0.19046050310134888
DS3-pre_onset,G30,86,47.0,46.5,47.5,47.0,0.27704760432243347,0.21933473646640778
DS3-pre_onset,G30,87,47.5,47.0,48.0,47.5,0.07117220014333725,0.05281253531575203
DS3-pre_onset,G30,88,48.0,47.5,48.5,48.0,0.085735023021698,0.05866500362753868
DS3-pre_onset,G30,89,48.5,48.0,49.0,48.5,0.08786728978157043,0.06302384287118912
DS3-pre_onset,G30,90,49.0,48.5,49.5,49.0,0.1433001011610031,0.11602907627820969
DS3-pre_onset,G30,91,49.5,49.0,50.0,49.5,0.1361086517572403,0.11755412071943283
DS3-pre_onset,G30,92,50.0,49.5,50.5,50.0,0.14821310341358185,0.11399398744106293
DS3-pre_onset,G30,93,50.5,50.0,51.0,50.5,0.1600477546453476,0.1279958039522171
DS3-pre_onset,G30,94,51.0,50.5,51.5,51.0,0.07920414209365845,0.05754945054650307
DS3-pre_onset,G30,95,51.5,51.0,52.0,51.5,0.09245383739471436,0.07899454236030579
DS3-pre_onset,G30,96,52.0,51.5,52.5,52.0,0.10469198226928711,0.07516331225633621
DS3-pre_onset,G30,97,52.5,52.0,53.0,52.5,0.10738573968410492,0.06179528683423996
DS3-pre_onset,G30,98,53.0,52.5,53.5,53.0,0.13732995092868805,0.12296310812234879
DS3-pre_onset,G30,99,53.5,53.0,54.0,53.5,0.11660080403089523,0.0843723863363266
DS3-pre_onset,G30,100,54.0,53.5,54.5,54.0,0.28033143281936646,0.21068258583545685
DS3-pre_onset,G30,101,54.5,54.0,55.0,54.5,0.18247069418430328,0.1251140832901001
DS3-pre_onset,G30,102,55.0,54.5,55.5,55.0,0.2040359228849411,0.1664867401123047
DS3-pre_onset,G30,103,55.5,55.0,56.0,55.5,0.21494364738464355,0.15203163027763367
DS3-pre_onset,G30,104,56.0,55.5,56.5,56.0,0.153249591588974,0.1155557930469513
DS3-pre_onset,G30,105,56.5,56.0,57.0,56.5,0.15378035604953766,0.09199605137109756
DS3-pre_onset,G30,106,57.0,56.5,57.5,57.0,0.21900154650211334,0.18449172377586365
DS3-pre_onset,G30,107,57.5,57.0,58.0,57.5,0.1151120513677597,0.08989319950342178
DS3-pre_onset,G30,108,58.0,57.5,58.5,58.0,0.1359279453754425,0.116392120718956
DS3-pre_onset,G30,109,58.5,58.0,59.0,58.5,0.46025294065475464,0.3918828070163727
DS3-pre_onset,G30,110,59.0,58.5,59.5,59.0,0.21944653987884521,0.17796380817890167
DS3-pre_onset,G30,111,59.5,59.0,60.0,59.5,0.21156547963619232,0.1753675490617752
DS3-pre_onset,G30,112,60.0,59.5,60.5,60.0,0.17511220276355743,0.14948444068431854
DS3-pre_onset,G30,113,60.5,60.0,61.0,60.5,0.15993408858776093,0.11126180738210678
DS3-pre_onset,G30,114,61.0,60.5,61.5,61.0,0.20215599238872528,0.15922872722148895
DS3-pre_onset,G30,115,61.5,61.0,62.0,61.5,0.130130797624588,0.11199226975440979
DS3-pre_onset,G30,116,62.0,61.5,62.5,62.0,0.14473563432693481,0.1209682896733284
DS3-pre_onset,G30,117,62.5,62.0,63.0,62.5,0.19163599610328674,0.16720125079154968
DS3-pre_onset,G30,118,63.0,62.5,63.5,63.0,0.1944102942943573,0.1294727921485901
DS3-pre_onset,G30,119,63.5,63.0,64.0,63.5,0.1552376002073288,0.13745830953121185
DS3-pre_onset,G30,120,64.0,63.5,64.5,64.0,0.43026745319366455,0.3850209414958954
DS3-pre_onset,G30,121,64.5,64.0,65.0,64.5,0.15134122967720032,0.12633271515369415
DS3-pre_onset,G30,122,65.0,64.5,65.5,65.0,0.14099161326885223,0.12157881259918213
DS3-pre_onset,G30,123,65.5,65.0,66.0,65.5,0.18007828295230865,0.1411152333021164
DS3-pre_onset,G30,124,66.0,65.5,66.5,66.0,0.09761730581521988,0.07520295679569244
DS3-pre_onset,G30,125,66.5,66.0,67.0,66.5,0.20472826063632965,0.1624184101819992
DS3-pre_onset,G30,126,67.0,66.5,67.5,67.0,0.1555808186531067,0.11965196579694748
DS3-pre_onset,G30,127,67.5,67.0,68.0,67.5,0.30175065994262695,0.2625359892845154
DS3-pre_onset,G30,128,68.0,67.5,68.5,68.0,0.24116332828998566,0.21733365952968597
DS3-pre_onset,G30,129,68.5,68.0,69.0,68.5,0.16930580139160156,0.1264878362417221
DS3-pre_onset,G30,130,69.0,68.5,69.5,69.0,0.06981240957975388,0.0584971122443676
DS3-pre_onset,G30,131,69.5,69.0,70.0,69.5,0.0874018520116806,0.060539696365594864
DS3-pre_onset,G30,132,70.0,69.5,70.5,70.0,0.170660600066185,0.1367780715227127
DS3-pre_onset,G30,133,70.5,70.0,71.0,70.5,0.1470218300819397,0.1136825755238533
DS3-pre_onset,G30,134,71.0,70.5,71.5,71.0,0.08630336076021194,0.07346434146165848
DS3-pre_onset,G30,135,71.5,71.0,72.0,71.5,0.2368634194135666,0.18187201023101807
DS3-pre_onset,G30,136,72.0,71.5,72.5,72.0,0.09805881977081299,0.07398916780948639
DS3-pre_onset,G30,137,72.5,72.0,73.0,72.5,0.17421990633010864,0.14246805012226105
DS3-pre_onset,G30,138,73.0,72.5,73.5,73.0,0.18762092292308807,0.15984705090522766
DS3-pre_onset,G30,139,73.5,73.0,74.0,73.5,0.28340137004852295,0.25827333331108093
DS3-pre_onset,G30,140,74.0,73.5,74.5,74.0,0.15723787248134613,0.12200392782688141
DS3-pre_onset,G30,141,74.5,74.0,75.0,74.5,0.19059154391288757,0.14208246767520905
DS3-pre_onset,G30,142,75.0,74.5,75.5,75.0,0.10525920242071152,0.0758625715970993
DS3-pre_onset,G30,143,75.5,75.0,76.0,75.5,0.2786204218864441,0.2562694847583771
DS3-pre_onset,G30,144,76.0,75.5,76.5,76.0,0.15404340624809265,0.11970535665750504
DS3-pre_onset,G30,145,76.5,76.0,77.0,76.5,0.1296098381280899,0.10700014978647232
DS3-pre_onset,G30,146,77.0,76.5,77.5,77.0,0.21133317053318024,0.1784142702817917
DS3-pre_onset,G30,147,77.5,77.0,78.0,77.5,0.18623106181621552,0.13244867324829102
DS3-pre_onset,G30,148,78.0,77.5,78.5,78.0,0.11658839136362076,0.09260503202676773
DS3-pre_onset,G30,149,78.5,78.0,79.0,78.5,0.21360909938812256,0.16842807829380035
DS3-pre_onset,G30,150,79.0,78.5,79.5,79.0,0.17382189631462097,0.13908548653125763
DS3-pre_onset,G30,151,79.5,79.0,80.0,79.5,0.10613227635622025,0.09461207687854767
DS3-pre_onset,G30,152,80.0,79.5,80.5,80.0,0.0997634306550026,0.07357331365346909
DS3-pre_onset,G30,153,80.5,80.0,81.0,80.5,0.2241976112127304,0.19464951753616333
DS3-pre_onset,G30,154,81.0,80.5,81.5,81.0,0.10123426467180252,0.08124729245901108
DS3-pre_onset,G30,155,81.5,81.0,82.0,81.5,0.11378104984760284,0.08786287903785706
DS3-pre_onset,G30,156,82.0,81.5,82.5,82.0,0.17495889961719513,0.14059710502624512
DS3-pre_onset,G30,157,82.5,82.0,83.0,82.5,0.1821637898683548,0.13371919095516205
DS3-pre_onset,G30,158,83.0,82.5,83.5,83.0,0.15202602744102478,0.11476496607065201
DS3-pre_onset,G30,159,83.5,83.0,84.0,83.5,0.18783807754516602,0.13078291714191437
DS3-pre_onset,G30,160,84.0,83.5,84.5,84.0,0.18760916590690613,0.15295380353927612
DS3-pre_onset,G30,161,84.5,84.0,85.0,84.5,0.097810760140419,0.07464943081140518
DS3-pre_onset,G30,162,85.0,84.5,85.5,85.0,0.1410338133573532,0.09046076238155365
DS3-pre_onset,G30,163,85.5,85.0,86.0,85.5,0.13838866353034973,0.11110913008451462
DS3-pre_onset,G30,164,86.0,85.5,86.5,86.0,0.2462504655122757,0.17701949179172516
DS3-pre_onset,G30,165,86.5,86.0,87.0,86.5,0.08886197209358215,0.0749572291970253
DS3-pre_onset,G30,166,87.0,86.5,87.5,87.0,0.2055746167898178,0.1828266978263855
DS3-pre_onset,G30,167,87.5,87.0,88.0,87.5,0.15230238437652588,0.09202319383621216
DS3-pre_onset,G30,168,88.0,87.5,88.5,88.0,0.05839250981807709,0.04388594627380371
DS3-pre_onset,G30,169,88.5,88.0,89.0,88.5,0.21119295060634613,0.1872757226228714
DS3-pre_onset,G30,170,89.0,88.5,89.5,89.0,0.1968197226524353,0.1549409180879593
DS3-pre_onset,G30,171,89.5,89.0,90.0,89.5,0.1718888133764267,0.13899286091327667
DS3-pre_onset,G30,172,90.0,89.5,90.5,90.0,0.15745483338832855,0.13574117422103882
DS3-pre_onset,G30,173,90.5,90.0,91.0,90.5,0.09993788599967957,0.0806928500533104
DS3-pre_onset,G30,174,91.0,90.5,91.5,91.0,0.31895583868026733,0.2533821165561676
DS3-pre_onset,G30,175,91.5,91.0,92.0,91.5,0.277803897857666,0.2470812350511551
DS3-pre_onset,G30,176,92.0,91.5,92.5,92.0,0.15654435753822327,0.12959496676921844
DS3-pre_onset,G30,177,92.5,92.0,93.0,92.5,0.2910493314266205,0.2564249634742737
DS3-pre_onset,G30,178,93.0,92.5,93.5,93.0,0.16549286246299744,0.13969001173973083
DS3-pre_onset,G30,179,93.5,93.0,94.0,93.5,0.12223192304372787,0.09909503906965256
DS3-pre_onset,G30,180,94.0,93.5,94.5,94.0,0.2510603070259094,0.2195710688829422
DS3-pre_onset,G30,181,94.5,94.0,95.0,94.5,0.25354552268981934,0.21945373713970184
DS3-pre_onset,G30,182,95.0,94.5,95.5,95.0,0.043443989008665085,0.03694889321923256
DS3-pre_onset,G30,183,95.5,95.0,96.0,95.5,0.11744554340839386,0.10315050929784775
DS3-pre_onset,G30,184,96.0,95.5,96.5,96.0,0.13115078210830688,0.09447750449180603
DS3-pre_onset,G30,185,96.5,96.0,97.0,96.5,0.10810151696205139,0.08809559792280197
DS3-pre_onset,G30,186,97.0,96.5,97.5,97.0,0.2253265380859375,0.18801818788051605
DS3-pre_onset,G30,187,97.5,97.0,98.0,97.5,0.1576019674539566,0.12882693111896515
DS3-pre_onset,G30,188,98.0,97.5,98.5,98.0,0.2406015396118164,0.19248493015766144
DS3-pre_onset,G30,189,98.5,98.0,99.0,98.5,0.13408328592777252,0.08799654990434647
DS3-pre_onset,G30,190,99.0,98.5,99.5,99.0,0.15668973326683044,0.13533194363117218
DS3-pre_onset,G30,191,99.5,99.0,100.0,99.5,0.11842096596956253,0.08825025707483292
DS3-pre_onset,G30,192,100.0,99.5,100.5,100.0,0.11991816014051437,0.09679525345563889
DS3-pre_onset,G30,193,100.5,100.0,101.0,100.5,0.12750430405139923,0.09462115913629532
DS3-pre_onset,G30,194,101.0,100.5,101.5,101.0,0.13248924911022186,0.11897747963666916
DS3-pre_onset,G30,195,101.5,101.0,102.0,101.5,0.0806879848241806,0.070954330265522
DS3-pre_onset,G30,196,102.0,101.5,102.5,102.0,0.08710405975580215,0.06327758729457855
DS3-pre_onset,G30,197,102.5,102.0,103.0,102.5,0.15188565850257874,0.09899066388607025
DS3-pre_onset,G30,198,103.0,102.5,103.5,103.0,0.280558317899704,0.24286127090454102
DS3-pre_onset,G30,199,103.5,103.0,104.0,103.5,0.2938435673713684,0.24623818695545197
DS3-pre_onset,G30,200,104.0,103.5,104.5,104.0,0.18558241426944733,0.134988933801651
DS3-pre_onset,G30,201,104.5,104.0,105.0,104.5,0.1365135908126831,0.12050679326057434
DS3-pre_onset,G30,202,105.0,104.5,105.5,105.0,0.21383918821811676,0.18369711935520172
DS3-pre_onset,G30,203,105.5,105.0,106.0,105.5,0.12288378179073334,0.09908821433782578
DS3-pre_onset,G30,204,106.0,105.5,106.5,106.0,0.22706957161426544,0.18734470009803772
DS3-pre_onset,G30,205,106.5,106.0,107.0,106.5,0.18058644235134125,0.143230602145195
DS3-pre_onset,G30,206,107.0,106.5,107.5,107.0,0.13276754319667816,0.11166071891784668
DS3-pre_onset,G30,207,107.5,107.0,108.0,107.5,0.13118143379688263,0.09752525389194489
DS3-pre_onset,G30,208,108.0,107.5,108.5,108.0,0.09537427127361298,0.07339011132717133
DS3-pre_onset,G30,209,108.5,108.0,109.0,108.5,0.24178077280521393,0.2130238264799118
DS3-pre_onset,G30,210,109.0,108.5,109.5,109.0,0.09541197121143341,0.07617293298244476
DS3-pre_onset,G30,211,109.5,109.0,110.0,109.5,0.14314541220664978,0.10680205374956131
DS3-pre_onset,G30,212,110.0,109.5,110.5,110.0,0.07707181572914124,0.06270558387041092
DS3-pre_onset,G30,213,110.5,110.0,111.0,110.5,0.057450663298368454,0.04379836842417717
DS3-pre_onset,G30,214,111.0,110.5,111.5,111.0,0.17096281051635742,0.13892528414726257
DS3-pre_onset,G30,215,111.5,111.0,112.0,111.5,0.1990596354007721,0.17505806684494019
DS3-pre_onset,G30,216,112.0,111.5,112.5,112.0,0.19287502765655518,0.1585526019334793
DS3-pre_onset,G30,217,112.5,112.0,113.0,112.5,0.20148412883281708,0.15317551791667938
DS3-pre_onset,G30,218,113.0,112.5,113.5,113.0,0.07633935660123825,0.051061682403087616
DS3-pre_onset,G30,219,113.5,113.0,114.0,113.5,0.2682620584964752,0.23504015803337097
DS3-pre_onset,G30,220,114.0,113.5,114.5,114.0,0.19017459452152252,0.14862440526485443
DS3-pre_onset,G30,221,114.5,114.0,115.0,114.5,0.18327926099300385,0.13509787619113922
DS3-pre_onset,G30,222,115.0,114.5,115.5,115.0,0.25000903010368347,0.1979653537273407
DS3-pre_onset,G30,223,115.5,115.0,116.0,115.5,0.1364799290895462,0.0932760089635849
DS3-pre_onset,G30,224,116.0,115.5,116.5,116.0,0.2728230357170105,0.24630536139011383
DS3-pre_onset,G30,225,116.5,116.0,117.0,116.5,0.22036045789718628,0.1708306223154068
DS3-pre_onset,G30,226,117.0,116.5,117.5,117.0,0.16374696791172028,0.13077250123023987
DS3-pre_onset,G30,227,117.5,117.0,118.0,117.5,0.22269512712955475,0.19948621094226837
DS3-pre_onset,G30,228,118.0,117.5,118.5,118.0,0.1943815052509308,0.12655986845493317
DS3-pre_onset,G30,229,118.5,118.0,119.0,118.5,0.3190528154373169,0.2829299569129944
DS3-transition,G03,12,125.4,124.9,125.9,125.4,0.22728611528873444,0.1777264028787613
DS3-transition,G03,13,125.9,125.4,126.4,125.9,0.2506016194820404,0.16812682151794434
DS3-transition,G03,14,126.4,125.9,126.9,126.4,0.23421727120876312,0.16541129350662231
DS3-transition,G03,15,126.9,126.4,127.4,126.9,0.23763728141784668,0.16714322566986084
DS3-transition,G03,16,127.4,126.9,127.9,127.4,0.2450810670852661,0.18395519256591797
DS3-transition,G03,17,127.9,127.4,128.4,127.9,0.2471686154603958,0.19092495739459991
DS3-transition,G03,18,128.4,127.9,128.9,128.4,0.24367915093898773,0.18241992592811584
DS3-transition,G03,19,128.9,128.4,129.4,128.9,0.2723972201347351,0.20770831406116486
DS3-transition,G03,20,129.4,128.9,129.9,129.4,0.250619500875473,0.1701020747423172
DS3-transition,G03,21,129.9,129.4,130.4,129.9,0.21502229571342468,0.15152603387832642
DS3-transition,G03,22,130.4,129.9,130.9,130.4,0.18915145099163055,0.1369437873363495
DS3-transition,G03,23,130.9,130.4,131.4,130.9,0.17090526223182678,0.11320105940103531
DS3-transition,G03,24,131.4,130.9,131.9,131.4,0.19052210450172424,0.1378806233406067
DS3-transition,G03,25,131.9,131.4,132.4,131.9,0.2069111317396164,0.16300304234027863
DS3-transition,G03,26,132.4,131.9,132.9,132.4,0.15641890466213226,0.10451943427324295
DS3-transition,G03,27,132.9,132.4,133.4,132.9,0.1622958481311798,0.12497203797101974
DS3-transition,G03,28,133.4,132.9,133.9,133.4,0.17007800936698914,0.11890024691820145
DS3-transition,G03,29,133.9,133.4,134.4,133.9,0.16876503825187683,0.11333485692739487
DS3-transition,G03,30,134.4,133.9,134.9,134.4,0.16725727915763855,0.12923629581928253
DS3-transition,G03,31,134.9,134.4,135.4,134.9,0.15180839598178864,0.11753347516059875
DS3-transition,G03,32,135.4,134.9,135.9,135.4,0.17600445449352264,0.12599578499794006
DS3-transition,G03,33,135.9,135.4,136.4,135.9,0.21790339052677155,0.15233565866947174
DS3-transition,G03,34,136.4,135.9,136.9,136.4,0.20980627834796906,0.14526411890983582
DS3-transition,G03,35,136.9,136.4,137.4,136.9,0.20115983486175537,0.14039389789104462
DS3-transition,G03,36,137.4,136.9,137.9,137.4,0.19707165658473969,0.15173117816448212
DS3-transition,G03,37,137.9,137.4,138.4,137.9,0.20285744965076447,0.13425154983997345
DS3-transition,G03,38,138.4,137.9,138.9,138.4,0.21821020543575287,0.14894212782382965
DS3-transition,G03,39,138.9,138.4,139.4,138.9,0.20963996648788452,0.1416378766298294
DS3-transition,G03,40,139.4,138.9,139.9,139.4,0.16867749392986298,0.11426780372858047
DS3-transition,G03,41,139.9,139.4,140.4,139.9,0.19557009637355804,0.1568429172039032
DS3-transition,G03,42,140.4,139.9,140.9,140.4,0.22442813217639923,0.16532869637012482
DS3-transition,G03,43,140.9,140.4,141.4,140.9,0.22603212296962738,0.15047700703144073
DS3-transition,G03,44,141.4,140.9,141.9,141.4,0.21981441974639893,0.15356016159057617
DS3-transition,G03,45,141.9,141.4,142.4,141.9,0.19327743351459503,0.1424647569656372
DS3-transition,G03,46,142.4,141.9,142.9,142.4,0.23059804737567902,0.17077644169330597
DS3-transition,G03,47,142.9,142.4,143.4,142.9,0.21812646090984344,0.15853609144687653
DS3-transition,G03,48,143.4,142.9,143.9,143.4,0.20618359744548798,0.13660818338394165
DS3-transition,G03,49,143.9,143.4,144.4,143.9,0.21177884936332703,0.14268732070922852
DS3-transition,G03,50,144.4,143.9,144.9,144.4,0.21397124230861664,0.15179014205932617
DS3-transition,G03,51,144.9,144.4,145.4,144.9,0.24311703443527222,0.17635111510753632
DS3-transition,G03,52,145.4,144.9,145.9,145.4,0.24404682219028473,0.17774935066699982
DS3-transition,G03,53,145.9,145.4,146.4,145.9,0.22799226641654968,0.16686758399009705
DS3-transition,G03,54,146.4,145.9,146.9,146.4,0.24172471463680267,0.18336547911167145
DS3-transition,G03,55,146.9,146.4,147.4,146.9,0.23670808970928192,0.1679275780916214
DS3-transition,G03,56,147.4,146.9,147.9,147.4,0.20826946198940277,0.14458556473255157
DS3-transition,G03,57,147.9,147.4,148.4,147.9,0.1872258335351944,0.13166344165802002
DS3-transition,G03,58,148.4,147.9,148.9,148.4,0.19549332559108734,0.13970375061035156
DS3-transition,G03,59,148.9,148.4,149.4,148.9,0.18782730400562286,0.13887432217597961
DS3-transition,G03,60,149.4,148.9,149.9,149.4,0.20538713037967682,0.1300353705883026
DS3-transition,G03,61,149.9,149.4,150.4,149.9,0.2537382245063782,0.19363361597061157
DS3-transition,G03,62,150.4,149.9,150.9,150.4,0.24784085154533386,0.1717468649148941
DS3-transition,G03,63,150.9,150.4,151.4,150.9,0.26156264543533325,0.1810210794210434
DS3-transition,G03,64,151.4,150.9,151.9,151.4,0.26640304923057556,0.19316992163658142
DS3-transition,G03,65,151.9,151.4,152.4,151.9,0.24655123054981232,0.18591070175170898
DS3-transition,G03,66,152.4,151.9,152.9,152.4,0.2607744634151459,0.18386724591255188
DS3-transition,G03,67,152.9,152.4,153.4,152.9,0.26253876090049744,0.1900031864643097
DS3-transition,G03,68,153.4,152.9,153.9,153.4,0.26035574078559875,0.1944344937801361
DS3-transition,G03,69,153.9,153.4,154.4,153.9,0.26248282194137573,0.19211417436599731
DS3-transition,G03,70,154.4,153.9,154.9,154.4,0.27543380856513977,0.20701611042022705
DS3-transition,G03,71,154.9,154.4,155.4,154.9,0.2753855884075165,0.18309950828552246
DS3-transition,G03,72,155.4,154.9,155.9,155.4,0.28337207436561584,0.1995253711938858
DS3-transition,G03,73,155.9,155.4,156.4,155.9,0.33215388655662537,0.23872439563274384
DS3-transition,G03,74,156.4,155.9,156.9,156.4,0.3130422830581665,0.22375351190567017
DS3-transition,G03,75,156.9,156.4,157.4,156.9,0.32866400480270386,0.2243809700012207
DS3-transition,G03,76,157.4,156.9,157.9,157.4,0.3604501187801361,0.2538778781890869
DS3-transition,G03,77,157.9,157.4,158.4,157.9,0.3869200348854065,0.2582675516605377
DS3-transition,G03,78,158.4,157.9,158.9,158.4,0.4118432402610779,0.2865222990512848
DS3-transition,G03,79,158.9,158.4,159.4,158.9,0.37589478492736816,0.26891788840293884
DS3-transition,G03,80,159.4,158.9,159.9,159.4,0.3789445161819458,0.2684856057167053
DS3-transition,G03,81,159.9,159.4,160.4,159.9,0.4107125401496887,0.28824833035469055
DS3-transition,G03,82,160.4,159.9,160.9,160.4,0.38794076442718506,0.281705766916275
DS3-transition,G03,83,160.9,160.4,161.4,160.9,0.3972681164741516,0.28899601101875305
DS3-transition,G03,84,161.4,160.9,161.9,161.4,0.42292922735214233,0.29471099376678467
DS3-transition,G03,85,161.9,161.4,162.4,161.9,0.4070931077003479,0.291260302066803
DS3-transition,G03,86,162.4,161.9,162.9,162.4,0.41326186060905457,0.29661932587623596
DS3-transition,G03,87,162.9,162.4,163.4,162.9,0.43694746494293213,0.303941935300827
DS3-transition,G03,88,163.4,162.9,163.9,163.4,0.4721783995628357,0.32558807730674744
DS3-transition,G03,89,163.9,163.4,164.4,163.9,0.4662393033504486,0.32709795236587524
DS3-transition,G03,90,164.4,163.9,164.9,164.4,0.45792847871780396,0.32340237498283386
DS3-transition,G03,91,164.9,164.4,165.4,164.9,0.5112304091453552,0.3568921685218811
DS3-transition,G03,92,165.4,164.9,165.9,165.4,0.5207554697990417,0.37042951583862305
DS3-transition,G03,93,165.9,165.4,166.4,165.9,0.4758845567703247,0.33809104561805725
DS3-transition,G03,94,166.4,165.9,166.9,166.4,0.5060746669769287,0.3641292154788971
DS3-transition,G03,95,166.9,166.4,167.4,166.9,0.5411683917045593,0.38616934418678284
DS3-transition,G03,96,167.4,166.9,167.9,167.4,0.5555375814437866,0.39805617928504944
DS3-transition,G03,97,167.9,167.4,168.4,167.9,0.5851565599441528,0.4132123291492462
DS3-transition,G03,98,168.4,167.9,168.9,168.4,0.5878005623817444,0.4159663915634155
DS3-transition,G03,99,168.9,168.4,169.4,168.9,0.6250604391098022,0.4405621886253357
DS3-transition,G03,100,169.4,168.9,169.9,169.4,0.6587632298469543,0.4587976634502411
DS3-transition,G03,101,169.9,169.4,170.4,169.9,0.6353522539138794,0.4557706117630005
DS3-transition,G03,102,170.4,169.9,170.9,170.4,0.6514758467674255,0.4603711664676666
DS3-transition,G03,103,170.9,170.4,171.4,170.9,0.6668615937232971,0.4694257378578186
DS3-transition,G03,104,171.4,170.9,171.9,171.4,0.6903326511383057,0.49129316210746765
DS3-transition,G03,105,171.9,171.4,172.4,171.9,0.7222697734832764,0.5096542239189148
DS3-transition,G03,106,172.4,171.9,172.9,172.4,0.7530447244644165,0.5334944128990173
DS3-transition,G03,107,172.9,172.4,173.4,172.9,0.7496193647384644,0.5401883125305176
DS3-transition,G03,108,173.4,172.9,173.9,173.4,0.7372040748596191,0.5460132360458374
DS3-transition,G03,109,173.9,173.4,174.4,173.9,0.7389079332351685,0.5497384667396545
DS3-transition,G03,110,174.4,173.9,174.9,174.4,0.7443767786026001,0.5415729880332947
DS3-transition,G03,111,174.9,174.4,175.4,174.9,0.7709554433822632,0.5509766340255737
DS3-transition,G03,112,175.4,174.9,175.9,175.4,0.7556754946708679,0.5526741743087769
DS3-transition,G03,113,175.9,175.4,176.4,175.9,0.7319416403770447,0.5614932179450989
DS3-transition,G03,114,176.4,175.9,176.9,176.4,0.7273648381233215,0.5524676442146301
DS3-transition,G03,115,176.9,176.4,177.4,176.9,0.7491914629936218,0.566152811050415
DS3-transition,G03,116,177.4,176.9,177.9,177.4,0.7711120843887329,0.5502927303314209
DS3-transition,G03,117,177.9,177.4,178.4,177.9,0.8295120000839233,0.5746076703071594
DS3-transition,G03,118,178.4,177.9,178.9,178.4,0.8777087926864624,0.6200416088104248
DS3-transition,G03,119,178.9,178.4,179.4,178.9,0.8938120603561401,0.6223654747009277
DS3-transition,G03,120,179.4,178.9,179.9,179.4,0.8809942603111267,0.609212338924408
DS3-transition,G03,121,179.9,179.4,180.4,179.9,0.8448721170425415,0.6204396486282349
DS3-transition,G03,122,180.4,179.9,180.9,180.4,0.8579455614089966,0.6309708952903748
DS3-transition,G03,123,180.9,180.4,181.4,180.9,0.8711814880371094,0.6399409174919128
DS3-transition,G03,124,181.4,180.9,181.9,181.4,0.9192239046096802,0.6433976292610168
DS3-transition,G03,125,181.9,181.4,182.4,181.9,0.9574315547943115,0.6987924575805664
DS3-transition,G03,126,182.4,181.9,182.9,182.4,1.002069354057312,0.7816840410232544
DS3-transition,G03,127,182.9,182.4,183.4,182.9,1.0196034908294678,0.8080130219459534
DS3-transition,G03,128,183.4,182.9,183.9,183.4,1.0175701379776,0.8450680375099182
DS3-transition,G03,129,183.9,183.4,184.4,183.9,1.0077898502349854,0.8595938086509705
DS3-transition,G03,130,184.4,183.9,184.9,184.4,0.9852914214134216,0.8658568263053894
DS3-transition,G03,131,184.9,184.4,185.4,184.9,1.0498725175857544,0.928187906742096
DS3-transition,G03,132,185.4,184.9,185.9,185.4,1.105851411819458,0.9721964597702026
DS3-transition,G03,133,185.9,185.4,186.4,185.9,1.2655220031738281,1.1376415491104126
DS3-transition,G03,134,186.4,185.9,186.9,186.4,1.5058177709579468,1.3148595094680786
DS3-transition,G03,135,186.9,186.4,187.4,186.9,1.662000060081482,1.5124505758285522
DS3-transition,G03,136,187.4,186.9,187.9,187.4,1.8240646123886108,1.6236530542373657
DS3-transition,G03,137,187.9,187.4,188.4,187.9,2.5905611515045166,2.159069538116455
DS3-transition,G03,138,188.4,187.9,188.9,188.4,3.0152428150177,2.428853750228882
DS3-transition,G03,139,188.9,188.4,189.4,188.9,3.223952293395996,2.7309391498565674
DS3-transition,G03,140,189.4,188.9,189.9,189.4,3.9504003524780273,3.5799543857574463
DS3-transition,G03,141,189.9,189.4,190.4,189.9,4.128256320953369,3.6047868728637695
DS3-transition,G03,142,190.4,189.9,190.9,190.4,2.8128058910369873,2.0667693614959717
DS3-transition,G03,143,190.9,190.4,191.4,190.9,1.890035629272461,1.5750616788864136
DS3-transition,G03,144,191.4,190.9,191.9,191.4,1.6235195398330688,1.4485832452774048
DS3-transition,G03,145,191.9,191.4,192.4,191.9,1.529906988143921,1.3491615056991577
DS3-transition,G03,146,192.4,191.9,192.9,192.4,1.5023874044418335,1.2232962846755981
DS3-transition,G03,147,192.9,192.4,193.4,192.9,1.1503348350524902,0.8836033940315247
DS3-transition,G03,148,193.4,192.9,193.9,193.4,1.1368237733840942,0.7732770442962646
DS3-transition,G03,149,193.9,193.4,194.4,193.9,1.9597970247268677,1.715859055519104
DS3-transition,G03,150,194.4,193.9,194.9,194.4,2.3631207942962646,2.069380283355713
DS3-transition,G03,151,194.9,194.4,195.4,194.9,2.8345768451690674,2.485919237136841
DS3-transition,G05,12,139.4,138.9,139.9,139.4,1.5059456825256348,1.344226598739624
DS3-transition,G05,13,139.9,139.4,140.4,139.9,1.0335536003112793,0.8976501822471619
DS3-transition,G05,14,140.4,139.9,140.9,140.4,0.6487147212028503,0.5033405423164368
DS3-transition,G05,15,140.9,140.4,141.4,140.9,0.49584153294563293,0.3636038601398468
DS3-transition,G05,16,141.4,140.9,141.9,141.4,0.9614851474761963,0.8459405899047852
DS3-transition,G05,17,141.9,141.4,142.4,141.9,1.6854074001312256,1.5340800285339355
DS3-transition,G05,18,142.4,141.9,142.9,142.4,3.360726833343506,3.009716033935547
DS3-transition,G05,19,142.9,142.4,143.4,142.9,2.2533459663391113,1.9605655670166016
DS3-transition,G05,20,143.4,142.9,143.9,143.4,0.36103248596191406,0.23115211725234985
DS3-transition,G05,21,143.9,143.4,144.4,143.9,0.44403210282325745,0.35802629590034485
DS3-transition,G05,22,144.4,143.9,144.9,144.4,0.6694501638412476,0.38532721996307373
DS3-transition,G05,23,144.9,144.4,145.4,144.9,1.012463092803955,0.8166967630386353
DS3-transition,G05,24,145.4,144.9,145.9,145.4,0.43705886602401733,0.3193763196468353
DS3-transition,G05,25,145.9,145.4,146.4,145.9,0.48601168394088745,0.4042644798755646
DS3-transition,G05,26,146.4,145.9,146.9,146.4,0.3454052805900574,0.29703059792518616
DS3-transition,G05,27,146.9,146.4,147.4,146.9,0.2813838720321655,0.21524915099143982
DS3-transition,G05,28,147.4,146.9,147.9,147.4,0.43785321712493896,0.35258951783180237
DS3-transition,G05,29,147.9,147.4,148.4,147.9,0.5096297860145569,0.39608001708984375
DS3-transition,G05,30,148.4,147.9,148.9,148.4,0.2662454843521118,0.1873835325241089
DS3-transition,G05,31,148.9,148.4,149.4,148.9,1.4992430210113525,1.3442641496658325
DS3-transition,G05,32,149.4,148.9,149.9,149.4,2.266291618347168,2.070934534072876
DS3-transition,G05,33,149.9,149.4,150.4,149.9,1.0711920261383057,0.9287628531455994
DS3-transition,G06,12,125.4,124.9,125.9,125.4,0.22836080193519592,0.14761577546596527
DS3-transition,G06,13,125.9,125.4,126.4,125.9,0.23767231404781342,0.1830356866121292
DS3-transition,G06,14,126.4,125.9,126.9,126.4,0.2232503890991211,0.18045853078365326
DS3-transition,G06,15,126.9,126.4,127.4,126.9,0.216739222407341,0.16995657980442047
DS3-transition,G06,16,127.4,126.9,127.9,127.4,0.26739490032196045,0.2191651314496994
DS3-transition,G06,17,127.9,127.4,128.4,127.9,0.3207133114337921,0.2585625648498535
DS3-transition,G06,18,128.4,127.9,128.9,128.4,0.3470408618450165,0.29182469844818115
DS3-transition,G06,19,128.9,128.4,129.4,128.9,0.2677129805088043,0.20566602051258087
DS3-transition,G06,20,129.4,128.9,129.9,129.4,0.30864831805229187,0.24202370643615723
DS3-transition,G06,21,129.9,129.4,130.4,129.9,0.20397596061229706,0.15709741413593292
DS3-transition,G06,22,130.4,129.9,130.9,130.4,0.2679663598537445,0.22512467205524445
DS3-transition,G06,23,130.9,130.4,131.4,130.9,0.2615857720375061,0.2286868691444397
DS3-transition,G06,24,131.4,130.9,131.9,131.4,0.1510593295097351,0.1393454670906067
DS3-transition,G06,25,131.9,131.4,132.4,131.9,0.22437292337417603,0.18686015903949738
DS3-transition,G06,26,132.4,131.9,132.9,132.4,0.16395322978496552,0.13755756616592407
DS3-transition,G06,27,132.9,132.4,133.4,132.9,0.11083820462226868,0.08692990243434906
DS3-transition,G06,28,133.4,132.9,133.9,133.4,0.17593678832054138,0.14742977917194366
DS3-transition,G06,29,133.9,133.4,134.4,133.9,0.28981900215148926,0.2265276461839676
DS3-transition,G06,30,134.4,133.9,134.9,134.4,0.14624235033988953,0.09033016860485077
DS3-transition,G06,31,134.9,134.4,135.4,134.9,0.11288084089756012,0.09013210237026215
DS3-transition,G06,32,135.4,134.9,135.9,135.4,0.2218197137117386,0.18337218463420868
DS3-transition,G06,33,135.9,135.4,136.4,135.9,0.08921404182910919,0.0797688439488411
DS3-transition,G06,34,136.4,135.9,136.9,136.4,0.21229659020900726,0.1675104796886444
DS3-transition,G06,35,136.9,136.4,137.4,136.9,0.16171513497829437,0.12821674346923828
DS3-transition,G06,36,137.4,136.9,137.9,137.4,0.14410603046417236,0.12512125074863434
DS3-transition,G06,37,137.9,137.4,138.4,137.9,0.22908008098602295,0.2097894847393036
DS3-transition,G06,38,138.4,137.9,138.9,138.4,0.12601467967033386,0.10655752569437027
DS3-transition,G06,39,138.9,138.4,139.4,138.9,0.23865145444869995,0.18889403343200684
DS3-transition,G06,40,139.4,138.9,139.9,139.4,0.2081907093524933,0.16507811844348907
DS3-transition,G06,41,139.9,139.4,140.4,139.9,0.17996585369110107,0.16076616942882538
DS3-transition,G06,42,140.4,139.9,140.9,140.4,0.16319286823272705,0.1291615515947342
DS3-transition,G06,43,140.9,140.4,141.4,140.9,0.23590895533561707,0.20167413353919983
DS3-transition,G06,44,141.4,140.9,141.9,141.4,0.2173616886138916,0.17642751336097717
DS3-transition,G06,45,141.9,141.4,142.4,141.9,0.16920603811740875,0.13530811667442322
DS3-transition,G06,46,142.4,141.9,142.9,142.4,0.2543407678604126,0.21844477951526642
DS3-transition,G06,47,142.9,142.4,143.4,142.9,0.20871607959270477,0.15355904400348663
DS3-transition,G06,48,143.4,142.9,143.9,143.4,0.28694164752960205,0.23696395754814148
DS3-transition,G06,49,143.9,143.4,144.4,143.9,0.27953484654426575,0.22317974269390106
DS3-transition,G06,50,144.4,143.9,144.9,144.4,0.2182386964559555,0.1867629736661911
DS3-transition,G06,51,144.9,144.4,145.4,144.9,0.2039911299943924,0.14337460696697235
DS3-transition,G06,52,145.4,144.9,145.9,145.4,0.22609126567840576,0.17144696414470673
DS3-transition,G06,53,145.9,145.4,146.4,145.9,0.24394451081752777,0.20416021347045898
DS3-transition,G06,54,146.4,145.9,146.9,146.4,0.11375178396701813,0.09691350907087326
DS3-transition,G06,55,146.9,146.4,147.4,146.9,0.2618485987186432,0.2056705504655838
DS3-transition,G06,56,147.4,146.9,147.9,147.4,0.35325607657432556,0.30113014578819275
DS3-transition,G06,57,147.9,147.4,148.4,147.9,0.27541378140449524,0.21354492008686066
DS3-transition,G06,58,148.4,147.9,148.9,148.4,0.37013018131256104,0.2953741252422333
DS3-transition,G06,59,148.9,148.4,149.4,148.9,0.19750666618347168,0.1588251143693924
DS3-transition,G06,60,149.4,148.9,149.9,149.4,0.2872397303581238,0.2495855987071991
DS3-transition,G06,61,149.9,149.4,150.4,149.9,0.4004068076610565,0.31153881549835205
DS3-transition,G06,62,150.4,149.9,150.9,150.4,0.3782379627227783,0.28893864154815674
DS3-transition,G06,63,150.9,150.4,151.4,150.9,0.35804349184036255,0.30676156282424927
DS3-transition,G06,64,151.4,150.9,151.9,151.4,0.5206477046012878,0.46559396386146545
DS3-transition,G06,65,151.9,151.4,152.4,151.9,0.43083295226097107,0.37551891803741455
DS3-transition,G06,66,152.4,151.9,152.9,152.4,0.24556782841682434,0.17844028770923615
DS3-transition,G06,67,152.9,152.4,153.4,152.9,0.5521814823150635,0.48447492718696594
DS3-transition,G06,68,153.4,152.9,153.9,153.4,0.4304448068141937,0.35695770382881165
DS3-transition,G06,69,153.9,153.4,154.4,153.9,0.4824633002281189,0.35614171624183655
DS3-transition,G06,70,154.4,153.9,154.9,154.4,1.0568922758102417,0.9763872623443604
DS3-transition,G06,71,154.9,154.4,155.4,154.9,1.0892159938812256,0.9590086340904236
DS3-transition,G06,72,155.4,154.9,155.9,155.4,1.279444694519043,0.881721019744873
DS3-transition,G06,73,155.9,155.4,156.4,155.9,1.5307389497756958,1.1125710010528564
DS3-transition,G06,74,156.4,155.9,156.9,156.4,1.3834176063537598,1.0612499713897705
DS3-transition,G06,75,156.9,156.4,157.4,156.9,0.7666825652122498,0.56421959400177
DS3-transition,G06,76,157.4,156.9,157.9,157.4,0.8955526947975159,0.6408312916755676
DS3-transition,G06,77,157.9,157.4,158.4,157.9,1.9328279495239258,1.5057294368743896
DS3-transition,G06,78,158.4,157.9,158.9,158.4,1.6763964891433716,1.2962415218353271
DS3-transition,G06,79,158.9,158.4,159.4,158.9,2.1467673778533936,1.861391305923462
DS3-transition,G06,80,159.4,158.9,159.9,159.4,2.836782693862915,2.495424747467041
DS3-transition,G06,81,159.9,159.4,160.4,159.9,3.895235538482666,3.6079342365264893
DS3-transition,G06,82,160.4,159.9,160.9,160.4,4.440414905548096,3.9621222019195557
DS3-transition,G06,83,160.9,160.4,161.4,160.9,2.237584114074707,1.9325798749923706
DS3-transition,G06,84,161.4,160.9,161.9,161.4,1.9915457963943481,1.742173194885254
DS3-transition,G06,85,161.9,161.4,162.4,161.9,3.6548092365264893,2.875821113586426
DS3-transition,G06,86,162.4,161.9,162.9,162.4,3.144618272781372,2.5760278701782227
DS3-transition,G06,87,162.9,162.4,163.4,162.9,2.3082714080810547,1.7792952060699463
DS3-transition,G06,88,167.9,167.4,168.4,167.9,2.427337408065796,2.0633704662323
DS3-transition,G06,89,168.4,167.9,168.9,168.4,1.8176504373550415,1.685005784034729
DS3-transition,G06,90,168.9,168.4,169.4,168.9,1.9467593431472778,1.8016310930252075
DS3-transition,G06,91,169.4,168.9,169.9,169.4,2.062023401260376,1.908964991569519
DS3-transition,G06,92,169.9,169.4,170.4,169.9,2.4254400730133057,2.2484934329986572
DS3-transition,G06,93,170.4,169.9,170.9,170.4,2.491691827774048,2.302715301513672
DS3-transition,G06,94,170.9,170.4,171.4,170.9,2.6720151901245117,2.4743053913116455
DS3-transition,G06,95,171.4,170.9,171.9,171.4,3.214871406555176,2.9925949573516846
DS3-transition,G06,96,171.9,171.4,172.4,171.9,3.4339187145233154,3.1939804553985596
DS3-transition,G06,97,172.4,171.9,172.9,172.4,3.535320520401001,3.2851316928863525
DS3-transition,G06,98,172.9,172.4,173.4,172.9,3.7596819400787354,3.499465227127075
DS3-transition,G06,99,173.4,172.9,173.9,173.4,3.9440090656280518,3.6702864170074463
DS3-transition,G06,100,173.9,173.4,174.4,173.9,3.9828073978424072,3.7032463550567627
DS3-transition,G06,101,174.4,173.9,174.9,174.4,3.975606679916382,3.6911327838897705
DS3-transition,G06,102,174.9,174.4,175.4,174.9,3.9974799156188965,3.7041642665863037
DS3-transition,G06,103,175.4,174.9,175.9,175.4,3.991590976715088,3.692519426345825
DS3-transition,G06,104,175.9,175.4,176.4,175.9,3.9654953479766846,3.661370277404785
DS3-transition,G06,105,176.4,175.9,176.9,176.4,3.9219350814819336,3.6170337200164795
DS3-transition,G06,106,176.9,176.4,177.4,176.9,3.881770610809326,3.5744693279266357
DS3-transition,G06,107,177.4,176.9,177.9,177.4,3.859180450439453,3.549659013748169
DS3-transition,G06,108,177.9,177.4,178.4,177.9,3.8171958923339844,3.508389472961426
DS3-transition,G06,109,178.4,177.9,178.9,178.4,3.7621240615844727,3.453756809234619
DS3-transition,G06,110,178.9,178.4,179.4,178.9,3.7607686519622803,3.452364683151245
DS3-transition,G06,111,179.4,178.9,179.9,179.4,3.8088905811309814,3.493070125579834
DS3-transition,G06,112,179.9,179.4,180.4,179.9,3.8061697483062744,3.4865782260894775
DS3-transition,G06,113,180.4,179.9,180.9,180.4,3.7915194034576416,3.471646785736084
DS3-transition,G06,114,180.9,180.4,181.4,180.9,3.7930026054382324,3.4707822799682617
DS3-transition,G06,115,181.4,180.9,181.9,181.4,3.689948320388794,3.374152660369873
DS3-transition,G06,116,181.9,181.4,182.4,181.9,3.7368924617767334,3.4128856658935547
DS3-transition,G06,117,182.4,181.9,182.9,182.4,3.7847723960876465,3.4610941410064697
DS3-transition,G06,118,182.9,182.4,183.4,182.9,3.7062249183654785,3.3898603916168213
DS3-transition,G06,119,183.4,182.9,183.9,183.4,3.697244644165039,3.374833106994629
DS3-transition,G06,120,183.9,183.4,184.4,183.9,3.7303733825683594,3.402143716812134
DS3-transition,G06,121,184.4,183.9,184.9,184.4,3.7060515880584717,3.3789570331573486
DS3-transition,G06,122,184.9,184.4,185.4,184.9,3.652064323425293,3.3355143070220947
DS3-transition,G06,123,185.4,184.9,185.9,185.4,3.6387195587158203,3.3265974521636963
DS3-transition,G06,124,185.9,185.4,186.4,185.9,3.6893863677978516,3.3794054985046387
DS3-transition,G06,125,186.4,185.9,186.9,186.4,3.7481794357299805,3.4280757904052734
DS3-transition,G06,126,186.9,186.4,187.4,186.9,3.805629014968872,3.4792861938476562
DS3-transition,G06,127,187.4,186.9,187.9,187.4,3.75769305229187,3.4386236667633057
DS3-transition,G06,128,187.9,187.4,188.4,187.9,3.753878355026245,3.435319185256958
DS3-transition,G06,129,188.4,187.9,188.9,188.4,3.758798360824585,3.4468328952789307
DS3-transition,G06,130,188.9,188.4,189.4,188.9,3.6672465801239014,3.357396125793457
DS3-transition,G06,131,189.4,188.9,189.9,189.4,3.6357080936431885,3.3369357585906982
DS3-transition,G06,132,189.9,189.4,190.4,189.9,3.629619598388672,3.3380823135375977
DS3-transition,G06,133,190.4,189.9,190.9,190.4,3.690530300140381,3.3931148052215576
DS3-transition,G06,134,190.9,190.4,191.4,190.9,3.7271652221679688,3.417834520339966
DS3-transition,G06,135,191.4,190.9,191.9,191.4,3.7296478748321533,3.4074323177337646
DS3-transition,G06,136,191.9,191.4,192.4,191.9,3.8180670738220215,3.4830098152160645
DS3-transition,G06,137,192.4,191.9,192.9,192.4,3.8796818256378174,3.5423927307128906
DS3-transition,G06,138,192.9,192.4,193.4,192.9,3.922250509262085,3.5816166400909424
DS3-transition,G06,139,193.4,192.9,193.9,193.4,3.8370795249938965,3.499250650405884
DS3-transition,G06,140,193.9,193.4,194.4,193.9,3.796177387237549,3.4279277324676514
DS3-transition,G06,141,194.4,193.9,194.9,194.4,3.7803735733032227,3.4021551609039307
DS3-transition,G06,142,194.9,194.4,195.4,194.9,3.7039401531219482,3.345764398574829
DS3-transition,G07,12,161.4,160.9,161.9,161.4,5.23131799697876,4.466434955596924
DS3-transition,G07,13,161.9,161.4,162.4,161.9,2.9668779373168945,2.7192656993865967
DS3-transition,G07,14,162.4,161.9,162.9,162.4,2.712693452835083,2.406803846359253
DS3-transition,G07,15,162.9,162.4,163.4,162.9,2.9449844360351562,2.658223867416382
DS3-transition,G07,16,163.4,162.9,163.9,163.4,3.2553460597991943,3.0102920532226562
DS3-transition,G07,17,163.9,163.4,164.4,163.9,3.127493381500244,2.893507719039917
DS3-transition,G07,18,164.4,163.9,164.9,164.4,2.6927902698516846,2.4778950214385986
DS3-transition,G07,19,164.9,164.4,165.4,164.9,2.3854422569274902,2.1721835136413574
DS3-transition,G07,20,165.4,164.9,165.9,165.4,2.0874481201171875,1.8697433471679688
DS3-transition,G07,21,165.9,165.4,166.4,165.9,2.022186040878296,1.7893753051757812
DS3-transition,G07,22,166.4,165.9,166.9,166.4,1.980860948562622,1.74203622341156
DS3-transition,G07,23,166.9,166.4,167.4,166.9,1.7622044086456299,1.5148839950561523
DS3-transition,G07,24,167.4,166.9,167.9,167.4,1.4480223655700684,1.1812630891799927
DS3-transition,G07,25,167.9,167.4,168.4,167.9,1.5600227117538452,1.301120400428772
DS3-transition,G07,26,168.4,167.9,168.9,168.4,1.5548040866851807,1.2919442653656006
DS3-transition,G07,27,168.9,168.4,169.4,168.9,1.4897280931472778,1.2229880094528198
DS3-transition,G07,28,169.4,168.9,169.9,169.4,1.4496349096298218,1.1844072341918945
DS3-transition,G07,29,169.9,169.4,170.4,169.9,1.447646141052246,1.183359980583191
DS3-transition,G07,30,170.4,169.9,170.9,170.4,1.4562835693359375,1.1922762393951416
DS3-transition,G07,31,170.9,170.4,171.4,170.9,1.5194412469863892,1.24320650100708
DS3-transition,G07,32,171.4,170.9,171.9,171.4,1.623294711112976,1.353567361831665
DS3-transition,G07,33,171.9,171.4,172.4,171.9,1.7093833684921265,1.4408228397369385
DS3-transition,G07,34,172.4,171.9,172.9,172.4,1.7980830669403076,1.5301519632339478
DS3-transition,G07,35,172.9,172.4,173.4,172.9,1.8912698030471802,1.6250735521316528
DS3-transition,G07,36,173.4,172.9,173.9,173.4,1.9741822481155396,1.7058366537094116
DS3-transition,G07,37,173.9,173.4,174.4,173.9,2.0203356742858887,1.7504812479019165
DS3-transition,G07,38,174.4,173.9,174.9,174.4,2.0883171558380127,1.823906421661377
DS3-transition,G07,39,174.9,174.4,175.4,174.9,2.175963878631592,1.918224811553955
DS3-transition,G07,40,175.4,174.9,175.9,175.4,2.2550160884857178,1.995890736579895
DS3-transition,G07,41,175.9,175.4,176.4,175.9,2.372443437576294,2.115138292312622
DS3-transition,G07,42,176.4,175.9,176.9,176.4,2.548332452774048,2.296823740005493
DS3-transition,G07,43,176.9,176.4,177.4,176.9,2.6927170753479004,2.4368298053741455
DS3-transition,G07,44,177.4,176.9,177.9,177.4,2.7960283756256104,2.5325889587402344
DS3-transition,G07,45,177.9,177.4,178.4,177.9,2.9140727519989014,2.6432011127471924
DS3-transition,G07,46,178.4,177.9,178.9,178.4,2.777261734008789,2.506061553955078
DS3-transition,G07,47,178.9,178.4,179.4,178.9,2.6064794063568115,2.3432438373565674
DS3-transition,G07,48,179.4,178.9,179.9,179.4,2.5737550258636475,2.3064377307891846
DS3-transition,G07,49,179.9,179.4,180.4,179.9,2.490007162094116,2.20162034034729
DS3-transition,G07,50,180.4,179.9,180.9,180.4,2.4013142585754395,2.108790159225464
DS3-transition,G07,51,180.9,180.4,181.4,180.9,2.3442318439483643,2.0770819187164307
DS3-transition,G07,52,181.4,180.9,181.9,181.4,2.281876802444458,2.0120396614074707
DS3-transition,G07,53,181.9,181.4,182.4,181.9,2.340047597885132,2.0747063159942627
DS3-transition,G07,54,182.4,181.9,182.9,182.4,2.5419716835021973,2.281658172607422
DS3-transition,G07,55,182.9,182.4,183.4,182.9,2.766603946685791,2.5102860927581787
DS3-transition,G07,56,183.4,182.9,183.9,183.4,3.0456032752990723,2.781639575958252
DS3-transition,G07,57,183.9,183.4,184.4,183.9,3.3124964237213135,3.0360302925109863
DS3-transition,G07,58,184.4,183.9,184.9,184.4,3.482449769973755,3.203779935836792
DS3-transition,G07,59,184.9,184.4,185.4,184.9,3.5662689208984375,3.274066209793091
DS3-transition,G07,60,185.4,184.9,185.9,185.4,3.6063432693481445,3.3066067695617676
DS3-transition,G07,61,185.9,185.4,186.4,185.9,3.508680820465088,3.2169747352600098
DS3-transition,G07,62,186.4,185.9,186.9,186.4,3.510488271713257,3.2148027420043945
DS3-transition,G07,63,186.9,186.4,187.4,186.9,3.574643850326538,3.2818078994750977
DS3-transition,G07,64,187.4,186.9,187.9,187.4,3.564497709274292,3.278621196746826
DS3-transition,G07,65,187.9,187.4,188.4,187.9,3.60554575920105,3.3165535926818848
DS3-transition,G07,66,188.4,187.9,188.9,188.4,3.6594836711883545,3.374626874923706
DS3-transition,G07,67,188.9,188.4,189.4,188.9,3.7130513191223145,3.4258227348327637
DS3-transition,G07,68,189.4,188.9,189.9,189.4,3.710238218307495,3.4223196506500244
DS3-transition,G07,69,189.9,189.4,190.4,189.9,3.6760668754577637,3.3800952434539795
DS3-transition,G07,70,190.4,189.9,190.9,190.4,3.598088502883911,3.3049652576446533
DS3-transition,G07,71,190.9,190.4,191.4,190.9,3.5366370677948,3.249817371368408
DS3-transition,G07,72,191.4,190.9,191.9,191.4,3.4567830562591553,3.1439969539642334
DS3-transition,G07,73,191.9,191.4,192.4,191.9,3.4960122108459473,3.1844775676727295
DS3-transition,G07,74,192.4,191.9,192.9,192.4,3.5792722702026367,3.293128252029419
DS3-transition,G07,75,192.9,192.4,193.4,192.9,3.687372922897339,3.3879177570343018
DS3-transition,G07,76,193.4,192.9,193.9,193.4,3.8995201587677,3.574432373046875
DS3-transition,G07,77,193.9,193.4,194.4,193.9,3.8526225090026855,3.5484163761138916
DS3-transition,G07,78,194.4,193.9,194.9,194.4,3.840425968170166,3.527294158935547
DS3-transition,G07,79,194.9,194.4,195.4,194.9,4.002374172210693,3.6837430000305176
DS3-transition,G08,12,125.4,124.9,125.9,125.4,0.2037515491247177,0.1569029837846756
DS3-transition,G08,13,125.9,125.4,126.4,125.9,0.1715090423822403,0.12785549461841583
DS3-transition,G08,14,126.4,125.9,126.9,126.4,0.15551355481147766,0.1307370364665985
DS3-transition,G08,15,126.9,126.4,127.4,126.9,0.2630652189254761,0.19108404219150543
DS3-transition,G08,16,127.4,126.9,127.9,127.4,0.17532342672348022,0.12493337690830231
DS3-transition,G08,17,127.9,127.4,128.4,127.9,0.24719281494617462,0.17448921501636505
DS3-transition,G08,18,128.4,127.9,128.9,128.4,0.27465328574180603,0.19690151512622833
DS3-transition,G08,19,128.9,128.4,129.4,128.9,0.19874919950962067,0.13759255409240723
DS3-transition,G08,20,129.4,128.9,129.9,129.4,0.22832919657230377,0.2082260400056839
DS3-transition,G08,21,129.9,129.4,130.4,129.9,0.19148212671279907,0.14530089497566223
DS3-transition,G08,22,130.4,129.9,130.9,130.4,0.6029349565505981,0.41437438130378723
DS3-transition,G08,23,130.9,130.4,131.4,130.9,0.5532798171043396,0.4521505534648895
DS3-transition,G08,24,131.4,130.9,131.9,131.4,0.2803543508052826,0.18831248581409454
DS3-transition,G08,25,131.9,131.4,132.4,131.9,0.14115376770496368,0.11492583900690079
DS3-transition,G08,26,132.4,131.9,132.9,132.4,0.2696189880371094,0.1941835582256317
DS3-transition,G08,27,132.9,132.4,133.4,132.9,0.15912452340126038,0.12615981698036194
DS3-transition,G08,28,133.4,132.9,133.9,133.4,0.26153329014778137,0.23477226495742798
DS3-transition,G08,29,133.9,133.4,134.4,133.9,0.14793342351913452,0.12065023928880692
DS3-transition,G08,30,134.4,133.9,134.9,134.4,0.17779193818569183,0.15264688432216644
DS3-transition,G08,31,134.9,134.4,135.4,134.9,0.36902591586112976,0.3217056095600128
DS3-transition,G08,32,135.4,134.9,135.9,135.4,0.490899920463562,0.41592955589294434
DS3-transition,G08,33,135.9,135.4,136.4,135.9,0.29865577816963196,0.2506464421749115
DS3-transition,G08,34,136.4,135.9,136.9,136.4,0.4573066830635071,0.3779398500919342
DS3-transition,G08,35,136.9,136.4,137.4,136.9,0.45847105979919434,0.398510605096817
DS3-transition,G08,36,137.4,136.9,137.9,137.4,0.22217856347560883,0.19978435337543488
DS3-transition,G08,37,137.9,137.4,138.4,137.9,0.31837597489356995,0.24697452783584595
DS3-transition,G08,38,138.4,137.9,138.9,138.4,0.17078551650047302,0.14212609827518463
DS3-transition,G08,39,138.9,138.4,139.4,138.9,0.2920648157596588,0.26438918709754944
DS3-transition,G08,40,139.4,138.9,139.9,139.4,0.16460667550563812,0.14517804980278015
DS3-transition,G08,41,139.9,139.4,140.4,139.9,0.1292523294687271,0.09641960263252258
DS3-transition,G08,42,140.4,139.9,140.9,140.4,0.09692539274692535,0.08324608951807022
DS3-transition,G08,43,140.9,140.4,141.4,140.9,0.22623100876808167,0.17816531658172607
DS3-transition,G08,44,141.4,140.9,141.9,141.4,0.240083247423172,0.1899130940437317
DS3-transition,G08,45,141.9,141.4,142.4,141.9,0.30453407764434814,0.2501664161682129
DS3-transition,G08,46,142.4,141.9,142.9,142.4,0.3140321671962738,0.2529505789279938
DS3-transition,G08,47,142.9,142.4,143.4,142.9,0.3598625957965851,0.31612661480903625
DS3-transition,G08,48,143.4,142.9,143.9,143.4,0.1754147708415985,0.13758261501789093
DS3-transition,G08,49,143.9,143.4,144.4,143.9,0.20893928408622742,0.1487436294555664
DS3-transition,G08,50,144.4,143.9,144.9,144.4,0.2199355661869049,0.1716272383928299
DS3-transition,G08,51,144.9,144.4,145.4,144.9,0.216344952583313,0.18527370691299438
DS3-transition,G08,52,145.4,144.9,145.9,145.4,0.25876009464263916,0.22032606601715088
DS3-transition,G08,53,145.9,145.4,146.4,145.9,0.2967751622200012,0.26069211959838867
DS3-transition,G08,54,146.4,145.9,146.9,146.4,0.25251054763793945,0.15542608499526978
DS3-transition,G08,55,146.9,146.4,147.4,146.9,0.42469504475593567,0.28056201338768005
DS3-transition,G08,56,147.4,146.9,147.9,147.4,0.27785056829452515,0.19867298007011414
DS3-transition,G08,57,147.9,147.4,148.4,147.9,0.6258911490440369,0.5190249681472778
DS3-transition,G08,58,148.4,147.9,148.9,148.4,0.2399422526359558,0.20923474431037903
DS3-transition,G08,59,148.9,148.4,149.4,148.9,0.39504125714302063,0.28453999757766724
DS3-transition,G08,60,149.4,148.9,149.9,149.4,0.3582034111022949,0.26694098114967346
DS3-transition,G08,61,149.9,149.4,150.4,149.9,0.4746910631656647,0.3993164300918579
DS3-transition,G08,62,150.4,149.9,150.9,150.4,0.2220974564552307,0.17942632734775543
DS3-transition,G08,63,150.9,150.4,151.4,150.9,0.2466137707233429,0.22229215502738953
DS3-transition,G08,64,151.4,150.9,151.9,151.4,0.22557631134986877,0.19111786782741547
DS3-transition,G08,65,151.9,151.4,152.4,151.9,0.27538856863975525,0.2093968391418457
DS3-transition,G08,66,152.4,151.9,152.9,152.4,0.35263893008232117,0.26110613346099854
DS3-transition,G08,67,152.9,152.4,153.4,152.9,0.16830268502235413,0.1404705047607422
DS3-transition,G08,68,153.4,152.9,153.9,153.4,0.4407012462615967,0.35868990421295166
DS3-transition,G08,69,153.9,153.4,154.4,153.9,0.290933221578598,0.22036948800086975
DS3-transition,G08,70,154.4,153.9,154.9,154.4,0.6345077753067017,0.44451332092285156
DS3-transition,G08,71,154.9,154.4,155.4,154.9,0.4470241069793701,0.34688374400138855
DS3-transition,G08,72,155.4,154.9,155.9,155.4,0.4532250165939331,0.34742915630340576
DS3-transition,G08,73,155.9,155.4,156.4,155.9,0.229315847158432,0.17227673530578613
DS3-transition,G08,74,156.4,155.9,156.9,156.4,0.20140761137008667,0.1307058334350586
DS3-transition,G08,75,156.9,156.4,157.4,156.9,0.31860169768333435,0.2790399193763733
DS3-transition,G08,76,157.4,156.9,157.9,157.4,0.4286986291408539,0.3290633261203766
DS3-transition,G08,77,157.9,157.4,158.4,157.9,0.4481795132160187,0.37647804617881775
DS3-transition,G08,78,158.4,157.9,158.9,158.4,0.32108983397483826,0.27420780062675476
DS3-transition,G08,79,158.9,158.4,159.4,158.9,0.26794329285621643,0.1972620040178299
DS3-transition,G08,80,159.4,158.9,159.9,159.4,0.2337123453617096,0.17028099298477173
DS3-transition,G08,81,159.9,159.4,160.4,159.9,0.27165108919143677,0.22782976925373077
DS3-transition,G08,82,160.4,159.9,160.9,160.4,0.48746824264526367,0.410895973443985
DS3-transition,G08,83,160.9,160.4,161.4,160.9,0.4582863748073578,0.3860433101654053
DS3-transition,G08,84,161.4,160.9,161.9,161.4,0.5876808166503906,0.529612123966217
DS3-transition,G08,85,161.9,161.4,162.4,161.9,1.4264500141143799,1.334562063217163
DS3-transition,G08,86,162.4,161.9,162.9,162.4,1.655077338218689,1.5424665212631226
DS3-transition,G08,87,162.9,162.4,163.4,162.9,0.9471549391746521,0.7793038487434387
DS3-transition,G08,88,163.4,162.9,163.9,163.4,1.0441343784332275,0.8747209906578064
DS3-transition,G08,89,163.9,163.4,164.4,163.9,0.7930678725242615,0.6509903073310852
DS3-transition,G08,90,164.4,163.9,164.9,164.4,0.5214794278144836,0.41575655341148376
DS3-transition,G08,91,164.9,164.4,165.4,164.9,0.6077641844749451,0.5157604217529297
DS3-transition,G08,92,165.4,164.9,165.9,165.4,0.7847063541412354,0.512207567691803
DS3-transition,G08,93,165.9,165.4,166.4,165.9,0.6249716281890869,0.48907408118247986
DS3-transition,G08,94,166.4,165.9,166.9,166.4,0.7966539263725281,0.6248343586921692
DS3-transition,G08,95,166.9,166.4,167.4,166.9,0.7183946967124939,0.5810101628303528
DS3-transition,G08,96,167.4,166.9,167.9,167.4,0.6133342385292053,0.5267333984375
DS3-transition,G08,97,167.9,167.4,168.4,167.9,0.6159283518791199,0.4467872977256775
DS3-transition,G08,98,168.4,167.9,168.9,168.4,0.9789919853210449,0.681195080280304
DS3-transition,G08,99,168.9,168.4,169.4,168.9,0.8510885834693909,0.7140681743621826
DS3-transition,G08,100,169.4,168.9,169.9,169.4,1.7176427841186523,1.562640905380249
DS3-transition,G08,101,169.9,169.4,170.4,169.9,0.8618031740188599,0.7085484266281128
DS3-transition,G08,102,170.4,169.9,170.9,170.4,0.6969175934791565,0.6162910461425781
DS3-transition,G08,103,170.9,170.4,171.4,170.9,0.5117775201797485,0.44271862506866455
DS3-transition,G08,104,171.4,170.9,171.9,171.4,1.8759273290634155,1.358370065689087
DS3-transition,G08,105,171.9,171.4,172.4,171.9,1.2877600193023682,0.998992919921875
DS3-transition,G08,106,172.4,171.9,172.9,172.4,2.4428255558013916,2.2051188945770264
DS3-transition,G08,107,172.9,172.4,173.4,172.9,2.4466869831085205,2.137941598892212
DS3-transition,G08,108,173.4,172.9,173.9,173.4,2.036729097366333,1.6053504943847656
DS3-transition,G08,109,173.9,173.4,174.4,173.9,2.6400198936462402,2.4537668228149414
DS3-transition,G08,110,174.4,173.9,174.9,174.4,1.7718058824539185,1.5110929012298584
DS3-transition,G08,111,174.9,174.4,175.4,174.9,1.0214424133300781,0.8588506579399109
DS3-transition,G08,112,175.4,174.9,175.9,175.4,2.1585052013397217,1.9848905801773071
DS3-transition,G08,113,175.9,175.4,176.4,175.9,1.9015904664993286,1.6972719430923462
DS3-transition,G08,114,176.4,175.9,176.9,176.4,2.001862049102783,1.826256275177002
DS3-transition,G08,115,176.9,176.4,177.4,176.9,3.3686890602111816,2.6165313720703125
DS3-transition,G10,12,125.4,124.9,125.9,125.4,0.24981266260147095,0.2151583880186081
DS3-transition,G10,13,125.9,125.4,126.4,125.9,0.10425285249948502,0.06813016533851624
DS3-transition,G10,14,126.4,125.9,126.9,126.4,0.10263368487358093,0.08229012787342072
DS3-transition,G10,15,126.9,126.4,127.4,126.9,0.05378543213009834,0.04096002131700516
DS3-transition,G10,16,127.4,126.9,127.9,127.4,0.13577918708324432,0.1201687678694725
DS3-transition,G10,17,127.9,127.4,128.4,127.9,0.21453700959682465,0.16707246005535126
DS3-transition,G10,18,128.4,127.9,128.9,128.4,0.23020508885383606,0.17345815896987915
DS3-transition,G10,19,128.9,128.4,129.4,128.9,0.14541469514369965,0.11767490953207016
DS3-transition,G10,20,129.4,128.9,129.9,129.4,0.07731492817401886,0.0616469532251358
DS3-transition,G10,21,129.9,129.4,130.4,129.9,0.06996124237775803,0.05614515766501427
DS3-transition,G10,22,130.4,129.9,130.9,130.4,0.17507630586624146,0.1189604327082634
DS3-transition,G10,23,130.9,130.4,131.4,130.9,0.18893112242221832,0.15753914415836334
DS3-transition,G10,24,131.4,130.9,131.9,131.4,0.09366157650947571,0.06134314090013504
DS3-transition,G10,25,131.9,131.4,132.4,131.9,0.08257215470075607,0.06941507011651993
DS3-transition,G10,26,132.4,131.9,132.9,132.4,0.1410057693719864,0.11000046879053116
DS3-transition,G10,27,132.9,132.4,133.4,132.9,0.1913605034351349,0.17364057898521423
DS3-transition,G10,28,133.4,132.9,133.9,133.4,0.1103474572300911,0.09158295392990112
DS3-transition,G10,29,133.9,133.4,134.4,133.9,0.09033016860485077,0.06180335953831673
DS3-transition,G10,30,134.4,133.9,134.9,134.4,0.22048208117485046,0.17737030982971191
DS3-transition,G10,31,134.9,134.4,135.4,134.9,0.2548021972179413,0.19940465688705444
DS3-transition,G10,32,135.4,134.9,135.9,135.4,0.10876747220754623,0.08334558457136154
DS3-transition,G10,33,135.9,135.4,136.4,135.9,0.218837708234787,0.135098397731781
DS3-transition,G10,34,136.4,135.9,136.9,136.4,0.27631497383117676,0.17813317477703094
DS3-transition,G10,35,136.9,136.4,137.4,136.9,0.22667819261550903,0.15277323126792908
DS3-transition,G10,36,137.4,136.9,137.9,137.4,0.20571528375148773,0.16367299854755402
DS3-transition,G10,37,137.9,137.4,138.4,137.9,0.1936705857515335,0.14328019320964813
DS3-transition,G10,38,138.4,137.9,138.9,138.4,0.20915766060352325,0.14510512351989746
DS3-transition,G10,39,138.9,138.4,139.4,138.9,0.2074355036020279,0.1537613868713379
DS3-transition,G10,40,139.4,138.9,139.9,139.4,0.20491772890090942,0.16216939687728882
DS3-transition,G10,41,139.9,139.4,140.4,139.9,0.16043426096439362,0.1232815608382225
DS3-transition,G10,42,140.4,139.9,140.9,140.4,0.13302621245384216,0.10436616092920303
DS3-transition,G10,43,140.9,140.4,141.4,140.9,0.19335642457008362,0.12329350411891937
DS3-transition,G10,44,141.4,140.9,141.9,141.4,0.10401443392038345,0.0846637412905693
DS3-transition,G10,45,141.9,141.4,142.4,141.9,0.1387159377336502,0.1108403205871582
DS3-transition,G10,46,142.4,141.9,142.9,142.4,0.21043772995471954,0.16565153002738953
DS3-transition,G10,47,142.9,142.4,143.4,142.9,0.1093653067946434,0.08841650933027267
DS3-transition,G10,48,143.4,142.9,143.9,143.4,0.14057308435440063,0.12140745669603348
DS3-transition,G10,49,143.9,143.4,144.4,143.9,0.07025372982025146,0.05241804197430611
DS3-transition,G10,50,144.4,143.9,144.9,144.4,0.10911720991134644,0.0807177796959877
DS3-transition,G10,51,144.9,144.4,145.4,144.9,0.13160493969917297,0.10763488709926605
DS3-transition,G10,52,145.4,144.9,145.9,145.4,0.08819014579057693,0.06409742683172226
DS3-transition,G10,53,145.9,145.4,146.4,145.9,0.06698553264141083,0.05345720425248146
DS3-transition,G10,54,146.4,145.9,146.9,146.4,0.21964101493358612,0.1603725701570511
DS3-transition,G10,55,146.9,146.4,147.4,146.9,0.26618659496307373,0.19691428542137146
DS3-transition,G10,56,147.4,146.9,147.9,147.4,0.10944787412881851,0.09151506423950195
DS3-transition,G10,57,147.9,147.4,148.4,147.9,0.1407642662525177,0.09016389399766922
DS3-transition,G10,58,148.4,147.9,148.9,148.4,0.21104583144187927,0.17065538465976715
DS3-transition,G10,59,148.9,148.4,149.4,148.9,0.1060502678155899,0.07993636280298233
DS3-transition,G10,60,149.4,148.9,149.9,149.4,0.1521710455417633,0.11593683809041977
DS3-transition,G10,61,149.9,149.4,150.4,149.9,0.06869687139987946,0.05538510903716087
DS3-transition,G10,62,150.4,149.9,150.9,150.4,0.09796973317861557,0.07572858780622482
DS3-transition,G10,63,150.9,150.4,151.4,150.9,0.1570211797952652,0.12169557064771652
DS3-transition,G10,64,151.4,150.9,151.9,151.4,0.16102343797683716,0.12088978290557861
DS3-transition,G10,65,151.9,151.4,152.4,151.9,0.20660388469696045,0.16111600399017334
DS3-transition,G10,66,152.4,151.9,152.9,152.4,0.2146105170249939,0.15600769221782684
DS3-transition,G10,67,152.9,152.4,153.4,152.9,0.16635218262672424,0.13434000313282013
DS3-transition,G10,68,153.4,152.9,153.9,153.4,0.15085017681121826,0.1172504723072052
DS3-transition,G10,69,153.9,153.4,154.4,153.9,0.16713795065879822,0.11460348218679428
DS3-transition,G10,70,154.4,153.9,154.9,154.4,0.07892682403326035,0.05057108774781227
DS3-transition,G10,71,154.9,154.4,155.4,154.9,0.19242073595523834,0.14969821274280548
DS3-transition,G10,72,155.4,154.9,155.9,155.4,0.35903602838516235,0.23133201897144318
DS3-transition,G10,73,155.9,155.4,156.4,155.9,0.22990268468856812,0.15332920849323273
DS3-transition,G10,74,156.4,155.9,156.9,156.4,0.1953648030757904,0.1586674004793167
DS3-transition,G10,75,156.9,156.4,157.4,156.9,0.16442199051380157,0.12813106179237366
DS3-transition,G10,76,157.4,156.9,157.9,157.4,0.26041436195373535,0.2103845775127411
DS3-transition,G10,77,157.9,157.4,158.4,157.9,0.26089388132095337,0.20224152505397797
DS3-transition,G10,78,158.4,157.9,158.9,158.4,0.21753911674022675,0.17964951694011688
DS3-transition,G10,79,158.9,158.4,159.4,158.9,0.35372501611709595,0.3036726117134094
DS3-transition,G10,80,159.4,158.9,159.9,159.4,0.3420756161212921,0.27713051438331604
DS3-transition,G10,81,159.9,159.4,160.4,159.9,0.19059696793556213,0.1552480012178421
DS3-transition,G10,82,160.4,159.9,160.9,160.4,0.2693682014942169,0.1877610683441162
DS3-transition,G10,83,160.9,160.4,161.4,160.9,0.2853527069091797,0.18377892673015594
DS3-transition,G10,84,161.4,160.9,161.9,161.4,0.3273293375968933,0.2611159384250641
DS3-transition,G10,85,161.9,161.4,162.4,161.9,0.1798153817653656,0.13163313269615173
DS3-transition,G10,86,162.4,161.9,162.9,162.4,0.189856618642807,0.16281434893608093
DS3-transition,G10,87,162.9,162.4,163.4,162.9,0.20008273422718048,0.11847829818725586
DS3-transition,G10,88,163.4,162.9,163.9,163.4,0.2778448760509491,0.18982979655265808
DS3-transition,G10,89,163.9,163.4,164.4,163.9,0.3843216896057129,0.27476266026496887
DS3-transition,G10,90,164.4,163.9,164.9,164.4,0.2595493495464325,0.18218310177326202
DS3-transition,G10,91,164.9,164.4,165.4,164.9,0.46628105640411377,0.3659431040287018
DS3-transition,G10,92,165.4,164.9,165.9,165.4,0.5252935886383057,0.45233121514320374
DS3-transition,G10,93,165.9,165.4,166.4,165.9,0.3992753028869629,0.3466927111148834
DS3-transition,G10,94,166.4,165.9,166.9,166.4,0.35344263911247253,0.24077150225639343
DS3-transition,G10,95,166.9,166.4,167.4,166.9,0.18057501316070557,0.15754595398902893
DS3-transition,G10,96,167.4,166.9,167.9,167.4,0.3310898244380951,0.24595887959003448
DS3-transition,G10,97,167.9,167.4,168.4,167.9,0.8476914167404175,0.7703715562820435
DS3-transition,G10,98,168.4,167.9,168.9,168.4,0.9506263136863708,0.8546834588050842
DS3-transition,G10,99,168.9,168.4,169.4,168.9,0.9781370759010315,0.6813880205154419
DS3-transition,G10,100,169.4,168.9,169.9,169.4,1.667671799659729,1.39034903049469
DS3-transition,G10,101,169.9,169.4,170.4,169.9,1.3114955425262451,1.1241700649261475
DS3-transition,G10,102,170.4,169.9,170.9,170.4,1.4913970232009888,1.17283034324646
DS3-transition,G10,103,170.9,170.4,171.4,170.9,2.631962299346924,2.342517137527466
DS3-transition,G10,104,171.4,170.9,171.9,171.4,3.686877727508545,2.8128483295440674
DS3-transition,G10,105,171.9,171.4,172.4,171.9,3.4941656589508057,2.5908377170562744
DS3-transition,G10,106,172.4,171.9,172.9,172.4,9.161613464355469,6.317820072174072
DS3-transition,G10,107,172.9,172.4,173.4,172.9,8.353541374206543,6.1288909912109375
DS3-transition,G10,108,173.4,172.9,173.9,173.4,2.3118996620178223,1.659968376159668
DS3-transition,G10,109,173.9,173.4,174.4,173.9,1.7838034629821777,1.4957841634750366
DS3-transition,G10,110,174.4,173.9,174.9,174.4,2.4761669635772705,2.0111072063446045
DS3-transition,G10,111,174.9,174.4,175.4,174.9,2.9472756385803223,2.2301526069641113
DS3-transition,G10,112,175.4,174.9,175.9,175.4,3.104515790939331,2.566333055496216
DS3-transition,G10,113,175.9,175.4,176.4,175.9,3.546339750289917,2.944892406463623
DS3-transition,G10,114,176.4,175.9,176.9,176.4,4.119802474975586,3.806562662124634
DS3-transition,G10,115,186.4,185.9,186.9,186.4,3.747979164123535,3.27384877204895
DS3-transition,G10,116,186.9,186.4,187.4,186.9,2.6413326263427734,2.1417529582977295
DS3-transition,G10,117,187.4,186.9,187.9,187.4,1.8590450286865234,1.315763235092163
DS3-transition,G10,118,187.9,187.4,188.4,187.9,1.4130936861038208,1.0050402879714966
DS3-transition,G10,119,188.4,187.9,188.9,188.4,1.2557284832000732,0.9560560584068298
DS3-transition,G10,120,188.9,188.4,189.4,188.9,1.1748316287994385,0.913106381893158
DS3-transition,G10,121,189.4,188.9,189.9,189.4,1.153886079788208,0.918354868888855
DS3-transition,G10,122,189.9,189.4,190.4,189.9,1.1519659757614136,0.9275462031364441
DS3-transition,G10,123,190.4,189.9,190.9,190.4,1.0949143171310425,0.888475239276886
DS3-transition,G10,124,190.9,190.4,191.4,190.9,0.9714568853378296,0.7864692807197571
DS3-transition,G10,125,191.4,190.9,191.9,191.4,0.8688027858734131,0.7488257884979248
DS3-transition,G10,126,191.9,191.4,192.4,191.9,0.7858169674873352,0.6938489079475403
DS3-transition,G10,127,192.4,191.9,192.9,192.4,1.197172999382019,0.8631177544593811
DS3-transition,G10,128,192.9,192.4,193.4,192.9,2.30782413482666,1.9834128618240356
DS3-transition,G10,129,193.4,192.9,193.9,193.4,3.349407196044922,2.973419666290283
DS3-transition,G10,130,193.9,193.4,194.4,193.9,3.7861568927764893,3.3746180534362793
DS3-transition,G10,131,194.4,193.9,194.9,194.4,3.818039655685425,3.4139320850372314
DS3-transition,G10,132,194.9,194.4,195.4,194.9,3.7499356269836426,3.363110065460205
DS3-transition,G13,12,125.4,124.9,125.9,125.4,0.07625960558652878,0.06086807698011398
DS3-transition,G13,13,125.9,125.4,126.4,125.9,0.08040895313024521,0.06074260547757149
DS3-transition,G13,14,126.4,125.9,126.9,126.4,0.1031450629234314,0.07856760174036026
DS3-transition,G13,15,126.9,126.4,127.4,126.9,0.0998830646276474,0.0741749182343483
DS3-transition,G13,16,127.4,126.9,127.9,127.4,0.0958472192287445,0.07132692635059357
DS3-transition,G13,17,127.9,127.4,128.4,127.9,0.05831998959183693,0.04492518678307533
DS3-transition,G13,18,128.4,127.9,128.9,128.4,0.08062940090894699,0.05006043240427971
DS3-transition,G13,19,128.9,128.4,129.4,128.9,0.111097551882267,0.08298741281032562
DS3-transition,G13,20,129.4,128.9,129.9,129.4,0.09024883806705475,0.07275725901126862
DS3-transition,G13,21,129.9,129.4,130.4,129.9,0.060617852956056595,0.04933746159076691
DS3-transition,G13,22,130.4,129.9,130.9,130.4,0.09003892540931702,0.0677613914012909
DS3-transition,G13,23,130.9,130.4,131.4,130.9,0.07912785559892654,0.05376557633280754
DS3-transition,G13,24,131.4,130.9,131.9,131.4,0.08443430811166763,0.05917412042617798
DS3-transition,G13,25,131.9,131.4,132.4,131.9,0.12324730306863785,0.09574906527996063
DS3-transition,G13,26,132.4,131.9,132.9,132.4,0.08172128349542618,0.06641913950443268
DS3-transition,G13,27,132.9,132.4,133.4,132.9,0.10554825514554977,0.08114365488290787
DS3-transition,G13,28,133.4,132.9,133.9,133.4,0.12129200249910355,0.09586240351200104
DS3-transition,G13,29,133.9,133.4,134.4,133.9,0.1151580736041069,0.0925900936126709
DS3-transition,G13,30,134.4,133.9,134.9,134.4,0.13184277713298798,0.10041297972202301
DS3-transition,G13,31,134.9,134.4,135.4,134.9,0.11971049755811691,0.08709082752466202
DS3-transition,G13,32,135.4,134.9,135.9,135.4,0.09883883595466614,0.07699517905712128
DS3-transition,G13,33,135.9,135.4,136.4,135.9,0.11404120177030563,0.09418092668056488
DS3-transition,G13,34,136.4,135.9,136.9,136.4,0.10192764550447464,0.08109275251626968
DS3-transition,G13,35,136.9,136.4,137.4,136.9,0.15457302331924438,0.11967518925666809
DS3-transition,G13,36,137.4,136.9,137.9,137.4,0.1287020742893219,0.09992582350969315
DS3-transition,G13,37,137.9,137.4,138.4,137.9,0.13122329115867615,0.09584221988916397
DS3-transition,G13,38,138.4,137.9,138.9,138.4,0.1641601324081421,0.12383074313402176
DS3-transition,G13,39,138.9,138.4,139.4,138.9,0.13005070388317108,0.09655105322599411
DS3-transition,G13,40,139.4,138.9,139.9,139.4,0.12643131613731384,0.09757626056671143
DS3-transition,G13,41,139.9,139.4,140.4,139.9,0.10981445014476776,0.07684971392154694
DS3-transition,G13,42,140.4,139.9,140.9,140.4,0.11941362172365189,0.08629456907510757
DS3-transition,G13,43,140.9,140.4,141.4,140.9,0.1322641670703888,0.10138968378305435
DS3-transition,G13,44,141.4,140.9,141.9,141.4,0.1322864443063736,0.09485006332397461
DS3-transition,G13,45,141.9,141.4,142.4,141.9,0.1030949056148529,0.07278072834014893
DS3-transition,G13,46,142.4,141.9,142.9,142.4,0.08577927201986313,0.06351424753665924
DS3-transition,G13,47,142.9,142.4,143.4,142.9,0.04974642023444176,0.04067714139819145
DS3-transition,G13,48,143.4,142.9,143.9,143.4,0.07191301882266998,0.051210131496191025
DS3-transition,G13,49,143.9,143.4,144.4,143.9,0.0857091173529625,0.06254668533802032
DS3-transition,G13,50,144.4,143.9,144.9,144.4,0.06752550601959229,0.05126655474305153
DS3-transition,G13,51,144.9,144.4,145.4,144.9,0.09702638536691666,0.0714142695069313
DS3-transition,G13,52,145.4,144.9,145.9,145.4,0.0932370275259018,0.06918369978666306
DS3-transition,G13,53,145.9,145.4,146.4,145.9,0.09505176544189453,0.07530294358730316
DS3-transition,G13,54,146.4,145.9,146.9,146.4,0.07693170011043549,0.0619688555598259
DS3-transition,G13,55,146.9,146.4,147.4,146.9,0.12279712408781052,0.10113473981618881
DS3-transition,G13,56,147.4,146.9,147.9,147.4,0.06439141184091568,0.0500066839158535
DS3-transition,G13,57,147.9,147.4,148.4,147.9,0.04437421262264252,0.03565961495041847
DS3-transition,G13,58,148.4,147.9,148.9,148.4,0.11053358018398285,0.09221871197223663
DS3-transition,G13,59,148.9,148.4,149.4,148.9,0.060881126672029495,0.04811238497495651
DS3-transition,G13,60,149.4,148.9,149.9,149.4,0.06296815723180771,0.05541267246007919
DS3-transition,G13,61,149.9,149.4,150.4,149.9,0.049570273607969284,0.04076772928237915
DS3-transition,G13,62,150.4,149.9,150.9,150.4,0.11748039722442627,0.0832526683807373
DS3-transition,G13,63,150.9,150.4,151.4,150.9,0.12438495457172394,0.1051977276802063
DS3-transition,G13,64,151.4,150.9,151.9,151.4,0.05979001149535179,0.05270465090870857
DS3-transition,G13,65,151.9,151.4,152.4,151.9,0.12161741405725479,0.0877816453576088
DS3-transition,G13,66,152.4,151.9,152.9,152.4,0.1432594507932663,0.12069541960954666
DS3-transition,G13,67,152.9,152.4,153.4,152.9,0.16293664276599884,0.13938327133655548
DS3-transition,G13,68,153.4,152.9,153.9,153.4,0.17195811867713928,0.1430765688419342
DS3-transition,G13,69,153.9,153.4,154.4,153.9,0.1205848902463913,0.07940835505723953
DS3-transition,G13,70,154.4,153.9,154.9,154.4,0.15589213371276855,0.13394367694854736
DS3-transition,G13,71,154.9,154.4,155.4,154.9,0.15089623630046844,0.12705041468143463
DS3-transition,G13,72,155.4,154.9,155.9,155.4,0.16260816156864166,0.13087551295757294
DS3-transition,G13,73,155.9,155.4,156.4,155.9,0.16834880411624908,0.14119555056095123
DS3-transition,G13,74,156.4,155.9,156.9,156.4,0.25855281949043274,0.21395361423492432
DS3-transition,G13,75,156.9,156.4,157.4,156.9,0.225340336561203,0.1768028438091278
DS3-transition,G13,76,157.4,156.9,157.9,157.4,0.132400244474411,0.09934046119451523
DS3-transition,G13,77,157.9,157.4,158.4,157.9,0.2576679289340973,0.212445467710495
DS3-transition,G13,78,158.4,157.9,158.9,158.4,0.3296284079551697,0.28630346059799194
DS3-transition,G13,79,158.9,158.4,159.4,158.9,0.21250328421592712,0.18188291788101196
DS3-transition,G13,80,159.4,158.9,159.9,159.4,0.2779126465320587,0.19471155107021332
DS3-transition,G13,81,159.9,159.4,160.4,159.9,0.4299970269203186,0.37172117829322815
DS3-transition,G13,82,160.4,159.9,160.9,160.4,0.35682201385498047,0.30386701226234436
DS3-transition,G13,83,160.9,160.4,161.4,160.9,0.3191334009170532,0.23051516711711884
DS3-transition,G13,84,161.4,160.9,161.9,161.4,0.3674163520336151,0.2950838506221771
DS3-transition,G13,85,161.9,161.4,162.4,161.9,0.3700999319553375,0.30619990825653076
DS3-transition,G13,86,162.4,161.9,162.9,162.4,0.36362093687057495,0.25118404626846313
DS3-transition,G13,87,162.9,162.4,163.4,162.9,0.36715638637542725,0.25746771693229675
DS3-transition,G13,88,163.4,162.9,163.9,163.4,0.4463219940662384,0.3499627113342285
DS3-transition,G13,89,163.9,163.4,164.4,163.9,0.5597886443138123,0.4470829367637634
DS3-transition,G13,90,164.4,163.9,164.9,164.4,0.6753778457641602,0.5581879019737244
DS3-transition,G13,91,164.9,164.4,165.4,164.9,0.668775737285614,0.524848997592926
DS3-transition,G13,92,165.4,164.9,165.9,165.4,0.5505654215812683,0.440358430147171
DS3-transition,G13,93,165.9,165.4,166.4,165.9,0.37881162762641907,0.27498045563697815
DS3-transition,G13,94,166.4,165.9,166.9,166.4,0.5151402354240417,0.4142128527164459
DS3-transition,G13,95,166.9,166.4,167.4,166.9,0.5811158418655396,0.43947961926460266
DS3-transition,G13,96,167.4,166.9,167.9,167.4,0.8479293584823608,0.6426199078559875
DS3-transition,G13,97,167.9,167.4,168.4,167.9,0.5001863241195679,0.39048463106155396
DS3-transition,G13,98,168.4,167.9,168.9,168.4,1.8398939371109009,1.66189706325531
DS3-transition,G13,99,168.9,168.4,169.4,168.9,3.3233165740966797,3.1247828006744385
DS3-transition,G13,100,169.4,168.9,169.9,169.4,3.937681198120117,3.5775113105773926
DS3-transition,G13,101,169.9,169.4,170.4,169.9,3.610290765762329,3.2536122798919678
DS3-transition,G13,102,170.4,169.9,170.9,170.4,3.0118699073791504,2.5936999320983887
DS3-transition,G13,103,170.9,170.4,171.4,170.9,2.459674119949341,1.5332508087158203
DS3-transition,G13,104,171.4,170.9,171.9,171.4,2.0620012283325195,1.196973204612732
DS3-transition,G13,105,171.9,171.4,172.4,171.9,1.6856660842895508,1.0349270105361938
DS3-transition,G13,106,172.4,171.9,172.9,172.4,1.5551702976226807,1.0555384159088135
DS3-transition,G13,107,172.9,172.4,173.4,172.9,1.3625766038894653,0.9089235663414001
DS3-transition,G13,108,173.4,172.9,173.9,173.4,0.9554596543312073,0.5610509514808655
DS3-transition,G13,109,173.9,173.4,174.4,173.9,0.6799511313438416,0.4147263765335083
DS3-transition,G13,110,174.4,173.9,174.9,174.4,0.6673092246055603,0.46136772632598877
DS3-transition,G13,111,174.9,174.4,175.4,174.9,0.5832929015159607,0.421897828578949
DS3-transition,G13,112,175.4,174.9,175.9,175.4,0.46912410855293274,0.37375175952911377
DS3-transition,G13,113,175.9,175.4,176.4,175.9,0.4477460980415344,0.35452476143836975
DS3-transition,G13,114,176.4,175.9,176.9,176.4,0.45320287346839905,0.35158056020736694
DS3-transition,G13,115,176.9,176.4,177.4,176.9,0.5143026113510132,0.36170488595962524
DS3-transition,G13,116,177.4,176.9,177.9,177.4,0.7462055683135986,0.6276634931564331
DS3-transition,G13,117,177.9,177.4,178.4,177.9,1.5017893314361572,1.2735811471939087
DS3-transition,G13,118,178.4,177.9,178.9,178.4,1.808193325996399,1.6393896341323853
DS3-transition,G13,119,178.9,178.4,179.4,178.9,2.5629420280456543,2.3704299926757812
DS3-transition,G13,120,179.4,178.9,179.9,179.4,3.3425381183624268,3.083301544189453
DS3-transition,G13,121,179.9,179.4,180.4,179.9,3.6528782844543457,3.379801034927368
DS3-transition,G13,122,180.4,179.9,180.9,180.4,3.988924503326416,3.7044994831085205
DS3-transition,G13,123,180.9,180.4,181.4,180.9,4.213027000427246,3.8914196491241455
DS3-transition,G13,124,181.4,180.9,181.9,181.4,4.064085006713867,3.744135618209839
DS3-transition,G13,125,181.9,181.4,182.4,181.9,4.10599422454834,3.7863175868988037
DS3-transition,G13,126,182.4,181.9,182.9,182.4,4.163618564605713,3.8347253799438477
DS3-transition,G13,127,182.9,182.4,183.4,182.9,4.058004379272461,3.734342336654663
DS3-transition,G13,128,183.4,182.9,183.9,183.4,4.1191325187683105,3.78706693649292
DS3-transition,G13,129,183.9,183.4,184.4,183.9,4.170869827270508,3.8198864459991455
DS3-transition,G13,130,184.4,183.9,184.9,184.4,4.070112228393555,3.7159318923950195
DS3-transition,G13,131,184.9,184.4,185.4,184.9,3.934113025665283,3.5950775146484375
DS3-transition,G13,132,185.4,184.9,185.9,185.4,3.9337902069091797,3.5956506729125977
DS3-transition,G13,133,185.9,185.4,186.4,185.9,3.987208366394043,3.6548352241516113
DS3-transition,G13,134,186.4,185.9,186.9,186.4,3.9713668823242188,3.6382980346679688
DS3-transition,G13,135,186.9,186.4,187.4,186.9,3.9736979007720947,3.6366989612579346
DS3-transition,G13,136,187.4,186.9,187.9,187.4,3.972654342651367,3.630408525466919
DS3-transition,G13,137,187.9,187.4,188.4,187.9,3.942551612854004,3.6006033420562744
DS3-transition,G13,138,188.4,187.9,188.9,188.4,3.910788059234619,3.574083089828491
DS3-transition,G13,139,188.9,188.4,189.4,188.9,3.812513828277588,3.4746997356414795
DS3-transition,G13,140,189.4,188.9,189.9,189.4,3.804088592529297,3.467630624771118
DS3-transition,G13,141,189.9,189.4,190.4,189.9,3.8203749656677246,3.4850821495056152
DS3-transition,G13,142,190.4,189.9,190.9,190.4,3.8030760288238525,3.4671852588653564
DS3-transition,G13,143,190.9,190.4,191.4,190.9,3.8108911514282227,3.4749207496643066
DS3-transition,G13,144,191.4,190.9,191.9,191.4,3.7969841957092285,3.46258544921875
DS3-transition,G13,145,191.9,191.4,192.4,191.9,3.7670743465423584,3.43581223487854
DS3-transition,G13,146,192.4,191.9,192.9,192.4,3.754699230194092,3.4247124195098877
DS3-transition,G13,147,192.9,192.4,193.4,192.9,3.792412281036377,3.4585490226745605
DS3-transition,G13,148,193.4,192.9,193.9,193.4,3.7920401096343994,3.458555221557617
DS3-transition,G13,149,193.9,193.4,194.4,193.9,3.7645158767700195,3.429805040359497
DS3-transition,G13,150,194.4,193.9,194.9,194.4,3.728452682495117,3.3819611072540283
DS3-transition,G13,151,194.9,194.4,195.4,194.9,3.737853765487671,3.399470090866089
DS3-transition,G16,12,125.4,124.9,125.9,125.4,0.10344915091991425,0.08717498928308487
DS3-transition,G16,13,125.9,125.4,126.4,125.9,0.10531950742006302,0.08506137877702713
DS3-transition,G16,14,126.4,125.9,126.9,126.4,0.09544280916452408,0.07224834710359573
DS3-transition,G16,15,126.9,126.4,127.4,126.9,0.10482235252857208,0.07371324300765991
DS3-transition,G16,16,127.4,126.9,127.9,127.4,0.14152199029922485,0.1052185669541359
DS3-transition,G16,17,127.9,127.4,128.4,127.9,0.09701520204544067,0.06443559378385544
DS3-transition,G16,18,128.4,127.9,128.9,128.4,0.09360453486442566,0.06823062896728516
DS3-transition,G16,19,128.9,128.4,129.4,128.9,0.10398412495851517,0.07244345545768738
DS3-transition,G16,20,129.4,128.9,129.9,129.4,0.15175147354602814,0.11698879301548004
DS3-transition,G16,21,129.9,129.4,130.4,129.9,0.15751220285892487,0.12199694663286209
DS3-transition,G16,22,130.4,129.9,130.9,130.4,0.13042578101158142,0.08436969667673111
DS3-transition,G16,23,130.9,130.4,131.4,130.9,0.1137460246682167,0.08619009703397751
DS3-transition,G16,24,131.4,130.9,131.9,131.4,0.14468736946582794,0.09871695190668106
DS3-transition,G16,25,131.9,131.4,132.4,131.9,0.09741944074630737,0.07761961966753006
DS3-transition,G16,26,132.4,131.9,132.9,132.4,0.0707445740699768,0.06139954552054405
DS3-transition,G16,27,132.9,132.4,133.4,132.9,0.06282122433185577,0.0461740680038929
DS3-transition,G16,28,133.4,132.9,133.9,133.4,0.053621869534254074,0.04397067800164223
DS3-transition,G16,29,133.9,133.4,134.4,133.9,0.11379174143075943,0.08140889555215836
DS3-transition,G16,30,134.4,133.9,134.9,134.4,0.1537262201309204,0.12777192890644073
DS3-transition,G16,31,134.9,134.4,135.4,134.9,0.08112575113773346,0.06434319168329239
DS3-transition,G16,32,135.4,134.9,135.9,135.4,0.04903189465403557,0.03906687721610069
DS3-transition,G16,33,135.9,135.4,136.4,135.9,0.1083320677280426,0.09013766795396805
DS3-transition,G16,34,136.4,135.9,136.9,136.4,0.11960764974355698,0.08535152673721313
DS3-transition,G16,35,136.9,136.4,137.4,136.9,0.09161384403705597,0.06498529762029648
DS3-transition,G16,36,137.4,136.9,137.9,137.4,0.1307508647441864,0.08826391398906708
DS3-transition,G16,37,137.9,137.4,138.4,137.9,0.09241721034049988,0.06501231342554092
DS3-transition,G16,38,138.4,137.9,138.9,138.4,0.10197462886571884,0.07620508223772049
DS3-transition,G16,39,138.9,138.4,139.4,138.9,0.12015921622514725,0.09083965420722961
DS3-transition,G16,40,139.4,138.9,139.9,139.4,0.1510242223739624,0.11756469309329987
DS3-transition,G16,41,139.9,139.4,140.4,139.9,0.097538523375988,0.07410309463739395
DS3-transition,G16,42,140.4,139.9,140.9,140.4,0.06711996346712112,0.056068334728479385
DS3-transition,G16,43,140.9,140.4,141.4,140.9,0.0907626524567604,0.0663255974650383
DS3-transition,G16,44,141.4,140.9,141.9,141.4,0.10661748796701431,0.0825669914484024
DS3-transition,G16,45,141.9,141.4,142.4,141.9,0.12714853882789612,0.09936556965112686
DS3-transition,G16,46,142.4,141.9,142.9,142.4,0.11855670064687729,0.08406937122344971
DS3-transition,G16,47,142.9,142.4,143.4,142.9,0.11011244356632233,0.079032763838768
DS3-transition,G16,48,143.4,142.9,143.9,143.4,0.1207779198884964,0.08328450471162796
DS3-transition,G16,49,143.9,143.4,144.4,143.9,0.10423862934112549,0.07767187058925629
DS3-transition,G16,50,144.4,143.9,144.9,144.4,0.06948622316122055,0.05649375170469284
DS3-transition,G16,51,144.9,144.4,145.4,144.9,0.08594334125518799,0.0587756372988224
DS3-transition,G16,52,145.4,144.9,145.9,145.4,0.11971547454595566,0.08844635635614395
DS3-transition,G16,53,145.9,145.4,146.4,145.9,0.14486105740070343,0.11513001471757889
DS3-transition,G16,54,146.4,145.9,146.9,146.4,0.13659816980361938,0.10747314244508743
DS3-transition,G16,55,146.9,146.4,147.4,146.9,0.13371187448501587,0.09878969192504883
DS3-transition,G16,56,147.4,146.9,147.9,147.4,0.13599173724651337,0.0924614891409874
DS3-transition,G16,57,147.9,147.4,148.4,147.9,0.12156188488006592,0.09132678806781769
DS3-transition,G16,58,148.4,147.9,148.9,148.4,0.16359780728816986,0.12022528797388077
DS3-transition,G16,59,148.9,148.4,149.4,148.9,0.1715603768825531,0.12460885941982269
DS3-transition,G16,60,149.4,148.9,149.9,149.4,0.1255098283290863,0.09020616114139557
DS3-transition,G16,61,149.9,149.4,150.4,149.9,0.16105040907859802,0.11277956515550613
DS3-transition,G16,62,150.4,149.9,150.9,150.4,0.16650190949440002,0.11649134755134583
DS3-transition,G16,63,150.9,150.4,151.4,150.9,0.17254412174224854,0.123336061835289
DS3-transition,G16,64,151.4,150.9,151.9,151.4,0.247588112950325,0.18437501788139343
DS3-transition,G16,65,151.9,151.4,152.4,151.9,0.26759040355682373,0.19500942528247833
DS3-transition,G16,66,152.4,151.9,152.9,152.4,0.28633537888526917,0.2005043774843216
DS3-transition,G16,67,152.9,152.4,153.4,152.9,0.29477459192276,0.21361500024795532
DS3-transition,G16,68,153.4,152.9,153.9,153.4,0.2891866862773895,0.19933803379535675
DS3-transition,G16,69,153.9,153.4,154.4,153.9,0.26558899879455566,0.1818864643573761
DS3-transition,G16,70,154.4,153.9,154.9,154.4,0.23388664424419403,0.15850621461868286
DS3-transition,G16,71,154.9,154.4,155.4,154.9,0.2477901428937912,0.16723111271858215
DS3-transition,G16,72,155.4,154.9,155.9,155.4,0.2598903477191925,0.17984648048877716
DS3-transition,G16,73,155.9,155.4,156.4,155.9,0.2392604649066925,0.16498062014579773
DS3-transition,G16,74,156.4,155.9,156.9,156.4,0.20696885883808136,0.1429099291563034
DS3-transition,G16,75,156.9,156.4,157.4,156.9,0.2212674468755722,0.16714303195476532
DS3-transition,G16,76,157.4,156.9,157.9,157.4,0.2635653614997864,0.19017501175403595
DS3-transition,G16,77,157.9,157.4,158.4,157.9,0.2760959267616272,0.20852579176425934
DS3-transition,G16,78,158.4,157.9,158.9,158.4,0.27034103870391846,0.1828799992799759
DS3-transition,G16,79,158.9,158.4,159.4,158.9,0.31389671564102173,0.23865440487861633
DS3-transition,G16,80,159.4,158.9,159.9,159.4,0.3421747088432312,0.27415433526039124
DS3-transition,G16,81,159.9,159.4,160.4,159.9,0.3125414550304413,0.24056529998779297
DS3-transition,G16,82,160.4,159.9,160.9,160.4,0.35991406440734863,0.26635313034057617
DS3-transition,G16,83,160.9,160.4,161.4,160.9,0.3908001184463501,0.28539958596229553
DS3-transition,G16,84,161.4,160.9,161.9,161.4,0.40434885025024414,0.29322710633277893
DS3-transition,G16,85,161.9,161.4,162.4,161.9,0.3371801972389221,0.2282303124666214
DS3-transition,G16,86,162.4,161.9,162.9,162.4,0.28332647681236267,0.1912136822938919
DS3-transition,G16,87,162.9,162.4,163.4,162.9,0.37168264389038086,0.2570546567440033
DS3-transition,G16,88,163.4,162.9,163.9,163.4,0.35397061705589294,0.27677080035209656
DS3-transition,G16,89,163.9,163.4,164.4,163.9,0.37074095010757446,0.26479578018188477
DS3-transition,G16,90,164.4,163.9,164.9,164.4,0.46915367245674133,0.32748714089393616
DS3-transition,G16,91,164.9,164.4,165.4,164.9,0.4281246066093445,0.3331421911716461
DS3-transition,G16,92,165.4,164.9,165.9,165.4,0.35637417435646057,0.2303188145160675
DS3-transition,G16,93,165.9,165.4,166.4,165.9,0.5034236311912537,0.374635249376297
DS3-transition,G16,94,166.4,165.9,166.9,166.4,0.5117619633674622,0.40646088123321533
DS3-transition,G16,95,166.9,166.4,167.4,166.9,0.505347728729248,0.3713096082210541
DS3-transition,G16,96,167.4,166.9,167.9,167.4,0.49248185753822327,0.31529679894447327
DS3-transition,G16,97,167.9,167.4,168.4,167.9,0.4455556273460388,0.32634299993515015
DS3-transition,G16,98,168.4,167.9,168.9,168.4,0.5511539578437805,0.4169488549232483
DS3-transition,G16,99,168.9,168.4,169.4,168.9,0.5661789178848267,0.30669593811035156
DS3-transition,G16,100,169.4,168.9,169.9,169.4,0.7051786184310913,0.37915968894958496
DS3-transition,G16,101,169.9,169.4,170.4,169.9,0.8632056713104248,0.6673357486724854
DS3-transition,G16,102,170.4,169.9,170.9,170.4,1.0493258237838745,0.8589838147163391
DS3-transition,G16,103,170.9,170.4,171.4,170.9,0.7928555607795715,0.5693945288658142
DS3-transition,G16,104,171.4,170.9,171.9,171.4,0.7157886028289795,0.6069123148918152
DS3-transition,G16,105,171.9,171.4,172.4,171.9,2.676379680633545,2.4770610332489014
DS3-transition,G16,106,172.4,171.9,172.9,172.4,3.7735636234283447,3.4923276901245117
DS3-transition,G16,107,172.9,172.4,173.4,172.9,3.541574239730835,3.2379584312438965
DS3-transition,G16,108,173.4,172.9,173.9,173.4,2.7510464191436768,2.420189142227173
DS3-transition,G16,109,173.9,173.4,174.4,173.9,2.671705961227417,2.0226871967315674
DS3-transition,G16,110,174.4,173.9,174.9,174.4,2.3960137367248535,1.544181227684021
DS3-transition,G16,111,174.9,174.4,175.4,174.9,1.8352946043014526,1.1744939088821411
DS3-transition,G16,112,175.4,174.9,175.9,175.4,1.8052895069122314,1.3941981792449951
DS3-transition,G16,113,175.9,175.4,176.4,175.9,1.504638910293579,1.24335777759552
DS3-transition,G16,114,176.4,175.9,176.9,176.4,1.2212742567062378,0.9596941471099854
DS3-transition,G16,115,176.9,176.4,177.4,176.9,0.9652686715126038,0.7224211096763611
DS3-transition,G16,116,177.4,176.9,177.9,177.4,0.8072070479393005,0.6797637939453125
DS3-transition,G16,117,177.9,177.4,178.4,177.9,0.7279707193374634,0.5832493305206299
DS3-transition,G16,118,178.4,177.9,178.9,178.4,0.603908896446228,0.4535309970378876
DS3-transition,G16,119,178.9,178.4,179.4,178.9,0.6160188317298889,0.4871304929256439
DS3-transition,G16,120,179.4,178.9,179.9,179.4,0.8723050951957703,0.7803279161453247
DS3-transition,G16,121,179.9,179.4,180.4,179.9,0.9353486895561218,0.7988761067390442
DS3-transition,G16,122,180.4,179.9,180.9,180.4,1.5094839334487915,1.2804502248764038
DS3-transition,G16,123,180.9,180.4,181.4,180.9,2.3471133708953857,2.0802409648895264
DS3-transition,G16,124,181.4,180.9,181.9,181.4,3.1581428050994873,2.8830044269561768
DS3-transition,G16,125,181.9,181.4,182.4,181.9,3.803328514099121,3.4974513053894043
DS3-transition,G16,126,182.4,181.9,182.9,182.4,4.089659214019775,3.765803813934326
DS3-transition,G16,127,182.9,182.4,183.4,182.9,4.169185161590576,3.8585963249206543
DS3-transition,G16,128,183.4,182.9,183.9,183.4,4.281716823577881,3.9660584926605225
DS3-transition,G16,129,183.9,183.4,184.4,183.9,4.330202102661133,4.020607948303223
DS3-transition,G16,130,184.4,183.9,184.9,184.4,4.348116874694824,4.009148597717285
DS3-transition,G16,131,184.9,184.4,185.4,184.9,4.270291805267334,3.919145345687866
DS3-transition,G16,132,185.4,184.9,185.9,185.4,4.198963642120361,3.87018084526062
DS3-transition,G16,133,185.9,185.4,186.4,185.9,4.220789432525635,3.8639721870422363
DS3-transition,G16,134,186.4,185.9,186.9,186.4,4.063104152679443,3.7117390632629395
DS3-transition,G16,135,186.9,186.4,187.4,186.9,3.990967273712158,3.66275954246521
DS3-transition,G16,136,187.4,186.9,187.9,187.4,4.057290077209473,3.7153515815734863
DS3-transition,G16,137,187.9,187.4,188.4,187.9,4.083717346191406,3.7213172912597656
DS3-transition,G16,138,188.4,187.9,188.9,188.4,4.0694050788879395,3.703437328338623
DS3-transition,G16,139,188.9,188.4,189.4,188.9,3.9639062881469727,3.6115031242370605
DS3-transition,G16,140,189.4,188.9,189.9,189.4,3.912266492843628,3.559251546859741
DS3-transition,G16,141,189.9,189.4,190.4,189.9,3.934690475463867,3.5636699199676514
DS3-transition,G16,142,190.4,189.9,190.9,190.4,3.8912298679351807,3.53591251373291
DS3-transition,G16,143,190.9,190.4,191.4,190.9,3.827531576156616,3.476639986038208
DS3-transition,G16,144,191.4,190.9,191.9,191.4,3.803079128265381,3.450160264968872
DS3-transition,G16,145,191.9,191.4,192.4,191.9,3.7925784587860107,3.4468607902526855
DS3-transition,G16,146,192.4,191.9,192.9,192.4,3.7515101432800293,3.3994529247283936
DS3-transition,G16,147,192.9,192.4,193.4,192.9,3.7887604236602783,3.4300150871276855
DS3-transition,G16,148,193.4,192.9,193.9,193.4,3.7601935863494873,3.411756992340088
DS3-transition,G16,149,193.9,193.4,194.4,193.9,3.7685279846191406,3.4130847454071045
DS3-transition,G16,150,194.4,193.9,194.9,194.4,3.7655274868011475,3.406616449356079
DS3-transition,G16,151,194.9,194.4,195.4,194.9,3.7380073070526123,3.3995988368988037
DS3-transition,G18,12,185.9,185.4,186.4,185.9,2.170447587966919,2.0381710529327393
DS3-transition,G18,13,186.4,185.9,186.9,186.4,0.49312078952789307,0.311322420835495
DS3-transition,G18,14,186.9,186.4,187.4,186.9,0.3959977626800537,0.3556639850139618
DS3-transition,G18,15,187.4,186.9,187.9,187.4,1.328324794769287,1.227148413658142
DS3-transition,G18,16,187.9,187.4,188.4,187.9,1.0070875883102417,0.8981068134307861
DS3-transition,G18,17,188.4,187.9,188.9,188.4,0.3995530605316162,0.3221839368343353
DS3-transition,G18,18,188.9,188.4,189.4,188.9,0.5451679825782776,0.44565948843955994
DS3-transition,G18,19,189.4,188.9,189.9,189.4,0.6662755608558655,0.5598700642585754
DS3-transition,G18,20,189.9,189.4,190.4,189.9,0.5382553935050964,0.4553811848163605
DS3-transition,G18,21,190.4,189.9,190.9,190.4,0.4543355405330658,0.3668380379676819
DS3-transition,G18,22,190.9,190.4,191.4,190.9,0.3209761083126068,0.2377164661884308
DS3-transition,G18,23,191.4,190.9,191.9,191.4,0.3969849944114685,0.3180496096611023
DS3-transition,G18,24,191.9,191.4,192.4,191.9,0.5797037482261658,0.36523187160491943
DS3-transition,G18,25,192.4,191.9,192.9,192.4,0.5779922008514404,0.42471176385879517
DS3-transition,G18,26,192.9,192.4,193.4,192.9,0.4421303868293762,0.28228873014450073
DS3-transition,G18,27,193.4,192.9,193.9,193.4,0.4106440842151642,0.3334404528141022
DS3-transition,G18,28,193.9,193.4,194.4,193.9,0.5370649099349976,0.4922676086425781
DS3-transition,G18,29,194.4,193.9,194.9,194.4,1.337889552116394,1.2267940044403076
DS3-transition,G18,30,194.9,194.4,195.4,194.9,0.6632981300354004,0.552448570728302
DS3-transition,G19,12,125.4,124.9,125.9,125.4,0.20854300260543823,0.1484151929616928
DS3-transition,G19,13,125.9,125.4,126.4,125.9,0.16933861374855042,0.12411896139383316
DS3-transition,G19,14,126.4,125.9,126.9,126.4,0.15076005458831787,0.11702799797058105
DS3-transition,G19,15,126.9,126.4,127.4,126.9,0.13850530982017517,0.09713349491357803
DS3-transition,G19,16,127.4,126.9,127.9,127.4,0.1368706226348877,0.10479535162448883
DS3-transition,G19,17,127.9,127.4,128.4,127.9,0.14856092631816864,0.11664608120918274
DS3-transition,G19,18,128.4,127.9,128.9,128.4,0.09898066520690918,0.08186808228492737
DS3-transition,G19,19,128.9,128.4,129.4,128.9,0.08346670866012573,0.06673803180456161
DS3-transition,G19,20,129.4,128.9,129.9,129.4,0.13359856605529785,0.10538626462221146
DS3-transition,G19,21,129.9,129.4,130.4,129.9,0.1465526670217514,0.1112707182765007
DS3-transition,G19,22,130.4,129.9,130.9,130.4,0.08820924162864685,0.07213559746742249
DS3-transition,G19,23,130.9,130.4,131.4,130.9,0.12640380859375,0.08766280114650726
DS3-transition,G19,24,131.4,130.9,131.9,131.4,0.13819719851016998,0.09652046114206314
DS3-transition,G19,25,131.9,131.4,132.4,131.9,0.14001266658306122,0.09323655068874359
DS3-transition,G19,26,132.4,131.9,132.9,132.4,0.11940906196832657,0.09305420517921448
DS3-transition,G19,27,132.9,132.4,133.4,132.9,0.11758389323949814,0.08127461373806
DS3-transition,G19,28,133.4,132.9,133.9,133.4,0.13175557553768158,0.09542448073625565
DS3-transition,G19,29,133.9,133.4,134.4,133.9,0.14538834989070892,0.10020824521780014
DS3-transition,G19,30,134.4,133.9,134.9,134.4,0.1329648643732071,0.09359810501337051
DS3-transition,G19,31,134.9,134.4,135.4,134.9,0.08135958015918732,0.05388142541050911
DS3-transition,G19,32,135.4,134.9,135.9,135.4,0.13786226511001587,0.10494493693113327
DS3-transition,G19,33,135.9,135.4,136.4,135.9,0.11104704439640045,0.08119779080152512
DS3-transition,G19,34,136.4,135.9,136.9,136.4,0.07197578996419907,0.06098069250583649
DS3-transition,G19,35,136.9,136.4,137.4,136.9,0.07904881238937378,0.04985566437244415
DS3-transition,G19,36,137.4,136.9,137.9,137.4,0.10164622217416763,0.06879700720310211
DS3-transition,G19,37,137.9,137.4,138.4,137.9,0.13630394637584686,0.09614026546478271
DS3-transition,G19,38,138.4,137.9,138.9,138.4,0.11289907991886139,0.0812479630112648
DS3-transition,G19,39,138.9,138.4,139.4,138.9,0.11182498186826706,0.08487023413181305
DS3-transition,G19,40,139.4,138.9,139.9,139.4,0.11887660622596741,0.09130493551492691
DS3-transition,G19,41,139.9,139.4,140.4,139.9,0.10534858703613281,0.08849769085645676
DS3-transition,G19,42,140.4,139.9,140.9,140.4,0.10608376562595367,0.09272490441799164
DS3-transition,G19,43,140.9,140.4,141.4,140.9,0.11170746386051178,0.09402157366275787
DS3-transition,G19,44,141.4,140.9,141.9,141.4,0.12080644816160202,0.09463822841644287
DS3-transition,G19,45,141.9,141.4,142.4,141.9,0.06401731818914413,0.0462445467710495
DS3-transition,G19,46,142.4,141.9,142.9,142.4,0.08660595118999481,0.06069539114832878
DS3-transition,G19,47,142.9,142.4,143.4,142.9,0.09944118559360504,0.06487385928630829
DS3-transition,G19,48,143.4,142.9,143.9,143.4,0.09993508458137512,0.07537959516048431
DS3-transition,G19,49,143.9,143.4,144.4,143.9,0.17189711332321167,0.1368403136730194
DS3-transition,G19,50,144.4,143.9,144.9,144.4,0.1529005467891693,0.10888045281171799
DS3-transition,G19,51,144.9,144.4,145.4,144.9,0.15466204285621643,0.10991883277893066
DS3-transition,G19,52,145.4,144.9,145.9,145.4,0.141166552901268,0.09562919288873672
DS3-transition,G19,53,145.9,145.4,146.4,145.9,0.11285541951656342,0.0840047299861908
DS3-transition,G19,54,146.4,145.9,146.9,146.4,0.1269281804561615,0.09121480584144592
DS3-transition,G19,55,146.9,146.4,147.4,146.9,0.1219290941953659,0.08801010251045227
DS3-transition,G19,56,147.4,146.9,147.9,147.4,0.11787252128124237,0.08630156517028809
DS3-transition,G19,57,147.9,147.4,148.4,147.9,0.11294665932655334,0.09935212135314941
DS3-transition,G19,58,148.4,147.9,148.9,148.4,0.09959287941455841,0.07222416251897812
DS3-transition,G19,59,148.9,148.4,149.4,148.9,0.09902239590883255,0.07341301441192627
DS3-transition,G19,60,149.4,148.9,149.9,149.4,0.10276713222265244,0.0723658949136734
DS3-transition,G19,61,149.9,149.4,150.4,149.9,0.15923906862735748,0.12586434185504913
DS3-transition,G19,62,150.4,149.9,150.9,150.4,0.11380311101675034,0.08820033818483353
DS3-transition,G19,63,150.9,150.4,151.4,150.9,0.06948912143707275,0.04770967364311218
DS3-transition,G19,64,151.4,150.9,151.9,151.4,0.1354115605354309,0.1052279993891716
DS3-transition,G19,65,151.9,151.4,152.4,151.9,0.1341082602739334,0.08852881193161011
DS3-transition,G19,66,152.4,151.9,152.9,152.4,0.07882417738437653,0.04798245057463646
DS3-transition,G19,67,152.9,152.4,153.4,152.9,0.08474375307559967,0.06840089708566666
DS3-transition,G19,68,153.4,152.9,153.9,153.4,0.1474464386701584,0.11178121715784073
DS3-transition,G19,69,153.9,153.4,154.4,153.9,0.07467758655548096,0.06065905839204788
DS3-transition,G19,70,154.4,153.9,154.9,154.4,0.08015476912260056,0.060725025832653046
DS3-transition,G19,71,154.9,154.4,155.4,154.9,0.08852525800466537,0.0749143660068512
DS3-transition,G19,72,155.4,154.9,155.9,155.4,0.11057301610708237,0.09225014597177505
DS3-transition,G19,73,155.9,155.4,156.4,155.9,0.12888595461845398,0.0778418481349945
DS3-transition,G19,74,156.4,155.9,156.9,156.4,0.13240516185760498,0.10231046378612518
DS3-transition,G19,75,156.9,156.4,157.4,156.9,0.11997419595718384,0.08116534352302551
DS3-transition,G19,76,157.4,156.9,157.9,157.4,0.10827076435089111,0.08399395644664764
DS3-transition,G19,77,157.9,157.4,158.4,157.9,0.10517621040344238,0.07388211786746979
DS3-transition,G19,78,158.4,157.9,158.9,158.4,0.11408551037311554,0.07663436979055405
DS3-transition,G19,79,158.9,158.4,159.4,158.9,0.14346706867218018,0.10222151130437851
DS3-transition,G19,80,159.4,158.9,159.9,159.4,0.1640833020210266,0.12158031016588211
DS3-transition,G19,81,159.9,159.4,160.4,159.9,0.15947510302066803,0.1345045119524002
DS3-transition,G19,82,160.4,159.9,160.9,160.4,0.12075458467006683,0.0935242548584938
DS3-transition,G19,83,160.9,160.4,161.4,160.9,0.23701748251914978,0.17041015625
DS3-transition,G19,84,161.4,160.9,161.9,161.4,0.2619909346103668,0.2040824443101883
DS3-transition,G19,85,161.9,161.4,162.4,161.9,0.21144025027751923,0.17248894274234772
DS3-transition,G19,86,162.4,161.9,162.9,162.4,0.17975318431854248,0.125454381108284
DS3-transition,G19,87,162.9,162.4,163.4,162.9,0.24682773649692535,0.17180564999580383
DS3-transition,G19,88,163.4,162.9,163.9,163.4,0.3993959426879883,0.30365294218063354
DS3-transition,G19,89,163.9,163.4,164.4,163.9,0.3099146783351898,0.23802198469638824
DS3-transition,G19,90,164.4,163.9,164.9,164.4,0.3616669774055481,0.26967287063598633
DS3-transition,G19,91,164.9,164.4,165.4,164.9,0.37268316745758057,0.27928516268730164
DS3-transition,G19,92,165.4,164.9,165.9,165.4,0.4116852879524231,0.30291858315467834
DS3-transition,G19,93,165.9,165.4,166.4,165.9,0.47327616810798645,0.34193721413612366
DS3-transition,G19,94,166.4,165.9,166.9,166.4,0.5050747990608215,0.33991751074790955
DS3-transition,G19,95,166.9,166.4,167.4,166.9,0.5515859723091125,0.40230098366737366
DS3-transition,G19,96,167.4,166.9,167.9,167.4,0.5507413744926453,0.375256210565567
DS3-transition,G19,97,167.9,167.4,168.4,167.9,0.540740430355072,0.40352657437324524
DS3-transition,G19,98,168.4,167.9,168.9,168.4,0.4966944754123688,0.35681432485580444
DS3-transition,G19,99,168.9,168.4,169.4,168.9,0.6202108263969421,0.4596097767353058
DS3-transition,G19,100,169.4,168.9,169.9,169.4,0.5789985656738281,0.41639798879623413
DS3-transition,G19,101,169.9,169.4,170.4,169.9,0.6302372813224792,0.43561238050460815
DS3-transition,G19,102,170.4,169.9,170.9,170.4,0.5989869236946106,0.433122843503952
DS3-transition,G19,103,170.9,170.4,171.4,170.9,0.6494424939155579,0.5115911364555359
DS3-transition,G19,104,171.4,170.9,171.9,171.4,0.9187800884246826,0.7614577412605286
DS3-transition,G19,105,171.9,171.4,172.4,171.9,1.6035559177398682,1.386883020401001
DS3-transition,G19,106,172.4,171.9,172.9,172.4,2.3062496185302734,2.0680031776428223
DS3-transition,G19,107,172.9,172.4,173.4,172.9,2.127979040145874,1.931918740272522
DS3-transition,G19,108,173.4,172.9,173.9,173.4,2.0805177688598633,1.5791422128677368
DS3-transition,G19,109,173.9,173.4,174.4,173.9,2.4830315113067627,1.8371778726577759
DS3-transition,G19,110,174.4,173.9,174.9,174.4,3.073255777359009,2.469935178756714
DS3-transition,G19,111,174.9,174.4,175.4,174.9,3.6697800159454346,3.3207590579986572
DS3-transition,G19,112,175.4,174.9,175.9,175.4,3.6169960498809814,2.8177413940429688
DS3-transition,G19,113,175.9,175.4,176.4,175.9,1.9500329494476318,1.4229073524475098
DS3-transition,G19,114,176.4,175.9,176.9,176.4,1.4778448343276978,1.3157014846801758
DS3-transition,G19,115,176.9,176.4,177.4,176.9,1.9689159393310547,1.7031984329223633
DS3-transition,G19,116,177.4,176.9,177.9,177.4,2.6340785026550293,2.150628089904785
DS3-transition,G19,117,177.9,177.4,178.4,177.9,2.3034181594848633,1.6675736904144287
DS3-transition,G19,118,178.4,177.9,178.9,178.4,1.8081871271133423,1.2307299375534058
DS3-transition,G19,119,178.9,178.4,179.4,178.9,1.0919188261032104,0.9038578867912292
DS3-transition,G19,120,179.4,178.9,179.9,179.4,2.266947031021118,2.019629716873169
DS3-transition,G19,121,179.9,179.4,180.4,179.9,3.1073789596557617,2.6060447692871094
DS3-transition,G19,122,180.4,179.9,180.9,180.4,1.9771778583526611,1.797741413116455
DS3-transition,G19,123,180.9,180.4,181.4,180.9,2.056924343109131,1.8544069528579712
DS3-transition,G19,124,181.4,180.9,181.9,181.4,2.7571663856506348,2.5110244750976562
DS3-transition,G19,125,181.9,181.4,182.4,181.9,3.3814001083374023,3.1044275760650635
DS3-transition,G19,126,182.4,181.9,182.9,182.4,3.8944661617279053,3.57256817817688
DS3-transition,G19,127,182.9,182.4,183.4,182.9,4.197506904602051,3.8611443042755127
DS3-transition,G19,128,183.4,182.9,183.9,183.4,4.251865863800049,3.930128335952759
DS3-transition,G19,129,183.9,183.4,184.4,183.9,4.191168785095215,3.861860513687134
DS3-transition,G19,130,184.4,183.9,184.9,184.4,4.159067153930664,3.8097331523895264
DS3-transition,G19,131,184.9,184.4,185.4,184.9,4.247372627258301,3.886037588119507
DS3-transition,G19,132,185.4,184.9,185.9,185.4,4.131258010864258,3.7647883892059326
DS3-transition,G19,133,185.9,185.4,186.4,185.9,4.016872882843018,3.6616690158843994
DS3-transition,G19,134,186.4,185.9,186.9,186.4,4.080576419830322,3.7483437061309814
DS3-transition,G19,135,186.9,186.4,187.4,186.9,4.185147285461426,3.8518099784851074
DS3-transition,G19,136,187.4,186.9,187.9,187.4,4.137240886688232,3.7838258743286133
DS3-transition,G19,137,187.9,187.4,188.4,187.9,4.020731449127197,3.6709086894989014
DS3-transition,G19,138,188.4,187.9,188.9,188.4,4.00383996963501,3.659355640411377
DS3-transition,G19,139,188.9,188.4,189.4,188.9,4.002190113067627,3.6680636405944824
DS3-transition,G19,140,189.4,188.9,189.9,189.4,4.025484085083008,3.676386594772339
DS3-transition,G19,141,189.9,189.4,190.4,189.9,3.9969632625579834,3.635906219482422
DS3-transition,G19,142,190.4,189.9,190.9,190.4,3.9256341457366943,3.582881212234497
DS3-transition,G19,143,190.9,190.4,191.4,190.9,3.9889638423919678,3.644364356994629
DS3-transition,G19,144,191.4,190.9,191.9,191.4,3.97963809967041,3.6183323860168457
DS3-transition,G19,145,191.9,191.4,192.4,191.9,3.8341472148895264,3.4774715900421143
DS3-transition,G19,146,192.4,191.9,192.9,192.4,3.802112102508545,3.4650938510894775
DS3-transition,G19,147,192.9,192.4,193.4,192.9,3.798046588897705,3.4548861980438232
DS3-transition,G19,148,193.4,192.9,193.9,193.4,3.783745288848877,3.425487995147705
DS3-transition,G19,149,193.9,193.4,194.4,193.9,3.7682645320892334,3.416707754135132
DS3-transition,G19,150,194.4,193.9,194.9,194.4,3.751356601715088,3.4176218509674072
DS3-transition,G19,151,194.9,194.4,195.4,194.9,3.793626070022583,3.463780641555786
DS3-transition,G20,12,178.9,178.4,179.4,178.9,4.273704528808594,3.918109893798828
DS3-transition,G20,13,179.4,178.9,179.9,179.4,3.7401983737945557,3.4266765117645264
DS3-transition,G20,14,179.9,179.4,180.4,179.9,3.4722225666046143,3.1695034503936768
DS3-transition,G20,15,180.4,179.9,180.9,180.4,3.271874189376831,2.971113920211792
DS3-transition,G20,16,180.9,180.4,181.4,180.9,3.079688549041748,2.757164716720581
DS3-transition,G20,17,181.4,180.9,181.9,181.4,2.7505993843078613,2.3907840251922607
DS3-transition,G20,18,181.9,181.4,182.4,181.9,2.3055126667022705,1.9008756875991821
DS3-transition,G20,19,182.4,181.9,182.9,182.4,1.788740873336792,1.3330174684524536
DS3-transition,G20,20,182.9,182.4,183.4,182.9,1.3945631980895996,1.044795036315918
DS3-transition,G20,21,183.4,182.9,183.9,183.4,1.1819281578063965,0.9545133709907532
DS3-transition,G20,22,183.9,183.4,184.4,183.9,1.0812180042266846,0.8879309296607971
DS3-transition,G20,23,184.4,183.9,184.9,184.4,1.1056551933288574,0.8896202445030212
DS3-transition,G20,24,184.9,184.4,185.4,184.9,1.2409175634384155,0.9411906003952026
DS3-transition,G20,25,185.4,184.9,185.9,185.4,1.644309401512146,1.3141618967056274
DS3-transition,G20,26,185.9,185.4,186.4,185.9,2.101033926010132,1.812052845954895
DS3-transition,G20,27,186.4,185.9,186.9,186.4,2.456066608428955,2.1813690662384033
DS3-transition,G20,28,186.9,186.4,187.4,186.9,2.740727424621582,2.4687771797180176
DS3-transition,G20,29,187.4,186.9,187.9,187.4,2.8633012771606445,2.583420753479004
DS3-transition,G20,30,187.9,187.4,188.4,187.9,2.855450391769409,2.5693302154541016
DS3-transition,G20,31,188.4,187.9,188.9,188.4,2.874825954437256,2.591604471206665
DS3-transition,G20,32,188.9,188.4,189.4,188.9,2.8659512996673584,2.5812113285064697
DS3-transition,G20,33,189.4,188.9,189.9,189.4,2.730198860168457,2.4292614459991455
DS3-transition,G20,34,189.9,189.4,190.4,189.9,2.479058265686035,2.123337984085083
DS3-transition,G20,35,190.4,189.9,190.9,190.4,2.0917892456054688,1.6557334661483765
DS3-transition,G20,36,190.9,190.4,191.4,190.9,1.712147831916809,1.2060487270355225
DS3-transition,G20,37,191.4,190.9,191.9,191.4,1.411679744720459,0.9360756278038025
DS3-transition,G20,38,191.9,191.4,192.4,191.9,1.1381081342697144,0.8440304398536682
DS3-transition,G20,39,192.4,191.9,192.9,192.4,1.0208029747009277,0.8517866134643555
DS3-transition,G20,40,192.9,192.4,193.4,192.9,0.995560348033905,0.8900097608566284
DS3-transition,G20,41,193.4,192.9,193.9,193.4,1.0945730209350586,0.9859533309936523
DS3-transition,G20,42,193.9,193.4,194.4,193.9,1.349313497543335,1.1562124490737915
DS3-transition,G20,43,194.4,193.9,194.9,194.4,1.3807810544967651,1.1985703706741333
DS3-transition,G20,44,194.9,194.4,195.4,194.9,1.208946704864502,1.0373914241790771
DS3-transition,G23,12,125.4,124.9,125.9,125.4,0.22153659164905548,0.1634141057729721
DS3-transition,G23,13,125.9,125.4,126.4,125.9,0.24055258929729462,0.18808454275131226
DS3-transition,G23,14,126.4,125.9,126.9,126.4,0.2222670018672943,0.16904696822166443
DS3-transition,G23,15,126.9,126.4,127.4,126.9,0.18703648447990417,0.13236446678638458
DS3-transition,G23,16,127.4,126.9,127.9,127.4,0.181512251496315,0.13398592174053192
DS3-transition,G23,17,127.9,127.4,128.4,127.9,0.16536058485507965,0.12182453274726868
DS3-transition,G23,18,128.4,127.9,128.9,128.4,0.199379563331604,0.17321549355983734
DS3-transition,G23,19,128.9,128.4,129.4,128.9,0.18956460058689117,0.1439886838197708
DS3-transition,G23,20,129.4,128.9,129.9,129.4,0.1706852912902832,0.1317577213048935
DS3-transition,G23,21,129.9,129.4,130.4,129.9,0.16076399385929108,0.10933975130319595
DS3-transition,G23,22,130.4,129.9,130.9,130.4,0.17082011699676514,0.11393781751394272
DS3-transition,G23,23,130.9,130.4,131.4,130.9,0.2013087421655655,0.13307669758796692
DS3-transition,G23,24,131.4,130.9,131.9,131.4,0.1973203718662262,0.14604975283145905
DS3-transition,G23,25,131.9,131.4,132.4,131.9,0.2047095149755478,0.14437614381313324
DS3-transition,G23,26,132.4,131.9,132.9,132.4,0.17573225498199463,0.11993753910064697
DS3-transition,G23,27,132.9,132.4,133.4,132.9,0.1798618584871292,0.14110960066318512
DS3-transition,G23,28,133.4,132.9,133.9,133.4,0.18416829407215118,0.13310524821281433
DS3-transition,G23,29,133.9,133.4,134.4,133.9,0.1875694990158081,0.13286828994750977
DS3-transition,G23,30,134.4,133.9,134.9,134.4,0.20822472870349884,0.1511346697807312
DS3-transition,G23,31,134.9,134.4,135.4,134.9,0.212140753865242,0.15974757075309753
DS3-transition,G23,32,135.4,134.9,135.9,135.4,0.2132018655538559,0.1518634408712387
DS3-transition,G23,33,135.9,135.4,136.4,135.9,0.18551620841026306,0.13318295776844025
DS3-transition,G23,34,136.4,135.9,136.9,136.4,0.19031719863414764,0.1317666620016098
DS3-transition,G23,35,136.9,136.4,137.4,136.9,0.21969430148601532,0.14423495531082153
DS3-transition,G23,36,137.4,136.9,137.9,137.4,0.21556951105594635,0.16229669749736786
DS3-transition,G23,37,137.9,137.4,138.4,137.9,0.21191982924938202,0.15606796741485596
DS3-transition,G23,38,138.4,137.9,138.9,138.4,0.21043740212917328,0.1537575125694275
DS3-transition,G23,39,138.9,138.4,139.4,138.9,0.17294566333293915,0.11880914121866226
DS3-transition,G23,40,139.4,138.9,139.9,139.4,0.1515340507030487,0.10590674728155136
DS3-transition,G23,41,139.9,139.4,140.4,139.9,0.16395826637744904,0.12115976959466934
DS3-transition,G23,42,140.4,139.9,140.9,140.4,0.15588520467281342,0.11247801780700684
DS3-transition,G23,43,140.9,140.4,141.4,140.9,0.15800218284130096,0.10784592479467392
DS3-transition,G23,44,141.4,140.9,141.9,141.4,0.18407292664051056,0.12546467781066895
DS3-transition,G23,45,141.9,141.4,142.4,141.9,0.17917026579380035,0.13198593258857727
DS3-transition,G23,46,142.4,141.9,142.9,142.4,0.19478048384189606,0.15395578742027283
DS3-transition,G23,47,142.9,142.4,143.4,142.9,0.17549920082092285,0.12790267169475555
DS3-transition,G23,48,143.4,142.9,143.9,143.4,0.18278494477272034,0.12822161614894867
DS3-transition,G23,49,143.9,143.4,144.4,143.9,0.22191999852657318,0.16186846792697906
DS3-transition,G23,50,144.4,143.9,144.9,144.4,0.22379648685455322,0.145472913980484
DS3-transition,G23,51,144.9,144.4,145.4,144.9,0.21741022169589996,0.15085555613040924
DS3-transition,G23,52,145.4,144.9,145.9,145.4,0.2269836664199829,0.167798712849617
DS3-transition,G23,53,145.9,145.4,146.4,145.9,0.2180601805448532,0.1553119719028473
DS3-transition,G23,54,146.4,145.9,146.9,146.4,0.22942696511745453,0.16921669244766235
DS3-transition,G23,55,146.9,146.4,147.4,146.9,0.21316014230251312,0.15486043691635132
DS3-transition,G23,56,147.4,146.9,147.9,147.4,0.189736008644104,0.1316360980272293
DS3-transition,G23,57,147.9,147.4,148.4,147.9,0.2329399436712265,0.17003440856933594
DS3-transition,G23,58,148.4,147.9,148.9,148.4,0.2416512370109558,0.17155584692955017
DS3-transition,G23,59,148.9,148.4,149.4,148.9,0.23743106424808502,0.16903696954250336
DS3-transition,G23,60,149.4,148.9,149.9,149.4,0.23879632353782654,0.1796056479215622
DS3-transition,G23,61,149.9,149.4,150.4,149.9,0.22685907781124115,0.1635611355304718
DS3-transition,G23,62,150.4,149.9,150.9,150.4,0.24999722838401794,0.1824161559343338
DS3-transition,G23,63,150.9,150.4,151.4,150.9,0.27724581956863403,0.1960877925157547
DS3-transition,G23,64,151.4,150.9,151.9,151.4,0.27874425053596497,0.19518843293190002
DS3-transition,G23,65,151.9,151.4,152.4,151.9,0.2489093691110611,0.17302758991718292
DS3-transition,G23,66,152.4,151.9,152.9,152.4,0.281747967004776,0.19646628201007843
DS3-transition,G23,67,152.9,152.4,153.4,152.9,0.2962774634361267,0.2040167599916458
DS3-transition,G23,68,153.4,152.9,153.9,153.4,0.29531097412109375,0.20223382115364075
DS3-transition,G23,69,153.9,153.4,154.4,153.9,0.3170621693134308,0.2213107794523239
DS3-transition,G23,70,154.4,153.9,154.9,154.4,0.3166086673736572,0.21559181809425354
DS3-transition,G23,71,154.9,154.4,155.4,154.9,0.3277494013309479,0.22297027707099915
DS3-transition,G23,72,155.4,154.9,155.9,155.4,0.3106924295425415,0.21830061078071594
DS3-transition,G23,73,155.9,155.4,156.4,155.9,0.30984365940093994,0.22256790101528168
DS3-transition,G23,74,156.4,155.9,156.9,156.4,0.32191261649131775,0.22847843170166016
DS3-transition,G23,75,156.9,156.4,157.4,156.9,0.3119625151157379,0.22188229858875275
DS3-transition,G23,76,157.4,156.9,157.9,157.4,0.31874701380729675,0.22802308201789856
DS3-transition,G23,77,157.9,157.4,158.4,157.9,0.3606814444065094,0.24991236627101898
DS3-transition,G23,78,158.4,157.9,158.9,158.4,0.36886531114578247,0.26256459951400757
DS3-transition,G23,79,158.9,158.4,159.4,158.9,0.3714905381202698,0.26356640458106995
DS3-transition,G23,80,159.4,158.9,159.9,159.4,0.3790910542011261,0.26375383138656616
DS3-transition,G23,81,159.9,159.4,160.4,159.9,0.3719620704650879,0.25950437784194946
DS3-transition,G23,82,160.4,159.9,160.9,160.4,0.4288395643234253,0.2917390763759613
DS3-transition,G23,83,160.9,160.4,161.4,160.9,0.4600069522857666,0.3126890957355499
DS3-transition,G23,84,161.4,160.9,161.9,161.4,0.4351975917816162,0.3057866394519806
DS3-transition,G23,85,161.9,161.4,162.4,161.9,0.435352087020874,0.3035517632961273
DS3-transition,G23,86,162.4,161.9,162.9,162.4,0.47211578488349915,0.32101407647132874
DS3-transition,G23,87,162.9,162.4,163.4,162.9,0.49117639660835266,0.3461487889289856
DS3-transition,G23,88,163.4,162.9,163.9,163.4,0.46660250425338745,0.33912187814712524
DS3-transition,G23,89,163.9,163.4,164.4,163.9,0.4780160188674927,0.3402448296546936
DS3-transition,G23,90,164.4,163.9,164.9,164.4,0.4815676808357239,0.34051376581192017
DS3-transition,G23,91,164.9,164.4,165.4,164.9,0.4885057508945465,0.34780192375183105
DS3-transition,G23,92,165.4,164.9,165.9,165.4,0.5115107297897339,0.3640640676021576
DS3-transition,G23,93,165.9,165.4,166.4,165.9,0.5016081929206848,0.35309550166130066
DS3-transition,G23,94,166.4,165.9,166.9,166.4,0.4920750558376312,0.3473396897315979
DS3-transition,G23,95,166.9,166.4,167.4,166.9,0.511797308921814,0.37538841366767883
DS3-transition,G23,96,167.4,166.9,167.9,167.4,0.5258845686912537,0.38817232847213745
DS3-transition,G23,97,167.9,167.4,168.4,167.9,0.5296747088432312,0.38215476274490356
DS3-transition,G23,98,168.4,167.9,168.9,168.4,0.5748150944709778,0.3994695246219635
DS3-transition,G23,99,168.9,168.4,169.4,168.9,0.5778517723083496,0.4106999337673187
DS3-transition,G23,100,169.4,168.9,169.9,169.4,0.5655121207237244,0.4158563017845154
DS3-transition,G23,101,169.9,169.4,170.4,169.9,0.5950236916542053,0.43237510323524475
DS3-transition,G23,102,170.4,169.9,170.9,170.4,0.6171368360519409,0.4431445598602295
DS3-transition,G23,103,170.9,170.4,171.4,170.9,0.6591257452964783,0.46441376209259033
DS3-transition,G23,104,171.4,170.9,171.9,171.4,0.6656288504600525,0.4790216088294983
DS3-transition,G23,105,171.9,171.4,172.4,171.9,0.6765947937965393,0.4895087480545044
DS3-transition,G23,106,172.4,171.9,172.9,172.4,0.716442883014679,0.5113070011138916
DS3-transition,G23,107,172.9,172.4,173.4,172.9,0.7034880518913269,0.5111764073371887
DS3-transition,G23,108,173.4,172.9,173.9,173.4,0.7031315565109253,0.5211789011955261
DS3-transition,G23,109,173.9,173.4,174.4,173.9,0.6606475710868835,0.49681153893470764
DS3-transition,G23,110,174.4,173.9,174.9,174.4,0.6682503819465637,0.5066079497337341
DS3-transition,G23,111,174.9,174.4,175.4,174.9,0.7453613877296448,0.5487949848175049
DS3-transition,G23,112,175.4,174.9,175.9,175.4,0.7377143502235413,0.5455620884895325
DS3-transition,G23,113,175.9,175.4,176.4,175.9,0.741342306137085,0.5385414958000183
DS3-transition,G23,114,176.4,175.9,176.9,176.4,0.7604988813400269,0.5510404109954834
DS3-transition,G23,115,176.9,176.4,177.4,176.9,0.8006855249404907,0.579113781452179
DS3-transition,G23,116,177.4,176.9,177.9,177.4,0.82203209400177,0.5959014892578125
DS3-transition,G23,117,177.9,177.4,178.4,177.9,0.8217995166778564,0.5990512371063232
DS3-transition,G23,118,178.4,177.9,178.9,178.4,0.8383071422576904,0.6241796612739563
DS3-transition,G23,119,178.9,178.4,179.4,178.9,0.8140019178390503,0.6236961483955383
DS3-transition,G23,120,179.4,178.9,179.9,179.4,0.7820594310760498,0.6170887351036072
DS3-transition,G23,121,179.9,179.4,180.4,179.9,0.7870815992355347,0.6348992586135864
DS3-transition,G23,122,180.4,179.9,180.9,180.4,0.841159462928772,0.6977383494377136
DS3-transition,G23,123,180.9,180.4,181.4,180.9,0.8999978303909302,0.767863392829895
DS3-transition,G23,124,181.4,180.9,181.9,181.4,0.9528174996376038,0.8244299292564392
DS3-transition,G23,125,181.9,181.4,182.4,181.9,1.0346072912216187,0.8736920952796936
DS3-transition,G23,126,182.4,181.9,182.9,182.4,1.1674832105636597,0.9280064702033997
DS3-transition,G23,127,182.9,182.4,183.4,182.9,1.3055634498596191,1.0612452030181885
DS3-transition,G23,128,183.4,182.9,183.9,183.4,1.7237493991851807,1.4614853858947754
DS3-transition,G23,129,183.9,183.4,184.4,183.9,2.803562879562378,2.606297731399536
DS3-transition,G23,130,184.4,183.9,184.9,184.4,3.7346208095550537,3.483285903930664
DS3-transition,G23,131,184.9,184.4,185.4,184.9,3.8367350101470947,3.564443349838257
DS3-transition,G23,132,185.4,184.9,185.9,185.4,3.7506096363067627,3.495875358581543
DS3-transition,G23,133,185.9,185.4,186.4,185.9,3.781737804412842,3.520843029022217
DS3-transition,G23,134,186.4,185.9,186.9,186.4,3.8774380683898926,3.610339641571045
DS3-transition,G23,135,186.9,186.4,187.4,186.9,3.9490931034088135,3.64182448387146
DS3-transition,G23,136,187.4,186.9,187.9,187.4,2.9545140266418457,2.5845742225646973
DS3-transition,G23,137,187.9,187.4,188.4,187.9,2.0462934970855713,1.5542566776275635
DS3-transition,G23,138,188.4,187.9,188.9,188.4,1.7282711267471313,1.281625747680664
DS3-transition,G23,139,188.9,188.4,189.4,188.9,1.546926498413086,1.216310739517212
DS3-transition,G23,140,189.4,188.9,189.9,189.4,1.636488914489746,1.3197004795074463
DS3-transition,G23,141,189.9,189.4,190.4,189.9,1.7166669368743896,1.3564836978912354
DS3-transition,G23,142,190.4,189.9,190.9,190.4,1.7362691164016724,1.3653123378753662
DS3-transition,G23,143,190.9,190.4,191.4,190.9,1.702300786972046,1.4070466756820679
DS3-transition,G23,144,191.4,190.9,191.9,191.4,1.6176153421401978,1.391724944114685
DS3-transition,G23,145,191.9,191.4,192.4,191.9,1.348520278930664,1.1634832620620728
DS3-transition,G23,146,192.4,191.9,192.9,192.4,1.095568060874939,0.9242447018623352
DS3-transition,G23,147,192.9,192.4,193.4,192.9,0.9625012278556824,0.8399837613105774
DS3-transition,G23,148,193.4,192.9,193.9,193.4,0.7609353065490723,0.6566334962844849
DS3-transition,G23,149,193.9,193.4,194.4,193.9,0.6417326927185059,0.5102723836898804
DS3-transition,G23,150,194.4,193.9,194.9,194.4,0.6019317507743835,0.46266356110572815
DS3-transition,G23,151,194.9,194.4,195.4,194.9,0.6128169894218445,0.46635130047798157
DS3-transition,G24,12,131.9,131.4,132.4,131.9,1.4382332563400269,1.3332799673080444
DS3-transition,G24,13,132.4,131.9,132.9,132.4,0.5577894449234009,0.41373884677886963
DS3-transition,G24,14,132.9,132.4,133.4,132.9,0.6161766648292542,0.5138258934020996
DS3-transition,G24,15,133.4,132.9,133.9,133.4,1.0494554042816162,0.8136519193649292
DS3-transition,G24,16,133.9,133.4,134.4,133.9,0.6347672343254089,0.46523571014404297
DS3-transition,G24,17,134.4,133.9,134.9,134.4,0.7606089115142822,0.5469642281532288
DS3-transition,G24,18,134.9,134.4,135.4,134.9,0.47895005345344543,0.4251083731651306
DS3-transition,G24,19,135.4,134.9,135.9,135.4,0.7063524723052979,0.5568549036979675
DS3-transition,G24,20,135.9,135.4,136.4,135.9,0.9285809397697449,0.8145538568496704
DS3-transition,G24,21,136.4,135.9,136.9,136.4,0.8968267440795898,0.8032733201980591
DS3-transition,G24,22,136.9,136.4,137.4,136.9,0.5481918454170227,0.40330401062965393
DS3-transition,G24,23,137.4,136.9,137.9,137.4,0.5419358015060425,0.4983416199684143
DS3-transition,G24,24,137.9,137.4,138.4,137.9,0.786702573299408,0.7277634143829346
DS3-transition,G24,25,138.4,137.9,138.9,138.4,1.1301066875457764,0.9962204694747925
DS3-transition,G24,26,138.9,138.4,139.4,138.9,1.0387381315231323,0.903987467288971
DS3-transition,G24,27,139.4,138.9,139.9,139.4,0.6715981364250183,0.5221409201622009
DS3-transition,G24,28,139.9,139.4,140.4,139.9,0.5829865336418152,0.48530325293540955
DS3-transition,G24,29,140.4,139.9,140.9,140.4,0.6022751927375793,0.5117659568786621
DS3-transition,G24,30,140.9,140.4,141.4,140.9,0.4067022204399109,0.2999453842639923
DS3-transition,G24,31,141.4,140.9,141.9,141.4,0.9208815097808838,0.6749691963195801
DS3-transition,G24,32,141.9,141.4,142.4,141.9,0.5305697917938232,0.4140201807022095
DS3-transition,G24,33,142.4,141.9,142.9,142.4,1.7053998708724976,1.5261048078536987
DS3-transition,G30,12,125.4,124.9,125.9,125.4,0.309359073638916,0.247384712100029
DS3-transition,G30,13,125.9,125.4,126.4,125.9,0.3376258611679077,0.2344159036874771
DS3-transition,G30,14,126.4,125.9,126.9,126.4,0.3273666203022003,0.2097167670726776
DS3-transition,G30,15,126.9,126.4,127.4,126.9,0.254403293132782,0.20469488203525543
DS3-transition,G30,16,127.4,126.9,127.9,127.4,0.23144890367984772,0.1686188131570816
DS3-transition,G30,17,127.9,127.4,128.4,127.9,0.30296194553375244,0.22567211091518402
DS3-transition,G30,18,128.4,127.9,128.9,128.4,0.2883758544921875,0.16626834869384766
DS3-transition,G30,19,128.9,128.4,129.4,128.9,0.21122215688228607,0.15162809193134308
DS3-transition,G30,20,129.4,128.9,129.9,129.4,0.14761842787265778,0.11919707804918289
DS3-transition,G30,21,129.9,129.4,130.4,129.9,0.28124678134918213,0.2362377941608429
DS3-transition,G30,22,130.4,129.9,130.9,130.4,0.23178893327713013,0.14542706310749054
DS3-transition,G30,23,130.9,130.4,131.4,130.9,0.33583664894104004,0.1942189335823059
DS3-transition,G30,24,131.4,130.9,131.9,131.4,0.15301062166690826,0.12285097688436508
DS3-transition,G30,25,131.9,131.4,132.4,131.9,0.28706637024879456,0.25166627764701843
DS3-transition,G30,26,132.4,131.9,132.9,132.4,0.28758829832077026,0.21830534934997559
DS3-transition,G30,27,132.9,132.4,133.4,132.9,0.3667040765285492,0.30041661858558655
DS3-transition,G30,28,133.4,132.9,133.9,133.4,0.3539343774318695,0.27769604325294495
DS3-transition,G30,29,133.9,133.4,134.4,133.9,0.338514119386673,0.21233196556568146
DS3-transition,G30,30,134.4,133.9,134.9,134.4,0.3853570818901062,0.2475169450044632
DS3-transition,G30,31,134.9,134.4,135.4,134.9,0.41034889221191406,0.3373861312866211
DS3-transition,G30,32,135.4,134.9,135.9,135.4,0.17632673680782318,0.12353832274675369
DS3-transition,G30,33,135.9,135.4,136.4,135.9,0.27879899740219116,0.2252296358346939
DS3-transition,G30,34,136.4,135.9,136.9,136.4,0.1888566017150879,0.13728243112564087
DS3-transition,G30,35,136.9,136.4,137.4,136.9,0.2382630556821823,0.17074090242385864
DS3-transition,G30,36,137.4,136.9,137.9,137.4,0.382893443107605,0.3056197464466095
DS3-transition,G30,37,137.9,137.4,138.4,137.9,0.22057709097862244,0.15067508816719055
DS3-transition,G30,38,138.4,137.9,138.9,138.4,0.2808905243873596,0.21798820793628693
DS3-transition,G30,39,138.9,138.4,139.4,138.9,0.2019321471452713,0.16411122679710388
DS3-transition,G30,40,139.4,138.9,139.9,139.4,0.18922848999500275,0.1482802927494049
DS3-transition,G30,41,139.9,139.4,140.4,139.9,0.3256753385066986,0.2688281536102295
DS3-transition,G30,42,140.4,139.9,140.9,140.4,0.1972273290157318,0.1572607159614563
DS3-transition,G30,43,140.9,140.4,141.4,140.9,0.26127997040748596,0.18968354165554047
DS3-transition,G30,44,141.4,140.9,141.9,141.4,0.2881437838077545,0.2331072986125946
DS3-transition,G30,45,141.9,141.4,142.4,141.9,0.22238115966320038,0.15441761910915375
DS3-transition,G30,46,142.4,141.9,142.9,142.4,0.26205289363861084,0.22147949039936066
DS3-transition,G30,47,142.9,142.4,143.4,142.9,0.3206424117088318,0.21657976508140564
DS3-transition,G30,48,143.4,142.9,143.9,143.4,0.4110890030860901,0.30873897671699524
DS3-transition,G30,49,143.9,143.4,144.4,143.9,0.2631090581417084,0.20507872104644775
DS3-transition,G30,50,144.4,143.9,144.9,144.4,0.15588656067848206,0.12178953737020493
DS3-transition,G30,51,144.9,144.4,145.4,144.9,0.3038458228111267,0.2721326947212219
DS3-transition,G30,52,145.4,144.9,145.9,145.4,0.27662399411201477,0.18768949806690216
DS3-transition,G30,53,145.9,145.4,146.4,145.9,0.20789289474487305,0.1787928342819214
DS3-transition,G30,54,146.4,145.9,146.9,146.4,0.2207777053117752,0.189383864402771
DS3-transition,G30,55,146.9,146.4,147.4,146.9,0.22321413457393646,0.17506425082683563
DS3-transition,G30,56,147.4,146.9,147.9,147.4,0.26249560713768005,0.20752763748168945
DS3-transition,G30,57,147.9,147.4,148.4,147.9,0.22437936067581177,0.17361567914485931
DS3-transition,G30,58,148.4,147.9,148.9,148.4,0.27582085132598877,0.16673071682453156
DS3-transition,G30,59,148.9,148.4,149.4,148.9,0.30991125106811523,0.22582271695137024
DS3-transition,G30,60,149.4,148.9,149.9,149.4,0.3649633824825287,0.26776349544525146
DS3-transition,G30,61,149.9,149.4,150.4,149.9,0.3824576735496521,0.2326229214668274
DS3-transition,G30,62,150.4,149.9,150.9,150.4,0.3680204153060913,0.2787504196166992
DS3-transition,G30,63,150.9,150.4,151.4,150.9,0.29914337396621704,0.19451163709163666
DS3-transition,G30,64,151.4,150.9,151.9,151.4,0.34605246782302856,0.2786717712879181
DS3-transition,G30,65,151.9,151.4,152.4,151.9,0.41244080662727356,0.2985836863517761
DS3-transition,G30,66,152.4,151.9,152.9,152.4,0.5222699642181396,0.3427507281303406
DS3-transition,G30,67,152.9,152.4,153.4,152.9,0.3831635117530823,0.2629967927932739
DS3-transition,G30,68,153.4,152.9,153.9,153.4,0.3556462526321411,0.2576886713504791
DS3-transition,G30,69,153.9,153.4,154.4,153.9,0.500085175037384,0.3512578010559082
DS3-transition,G30,70,154.4,153.9,154.9,154.4,0.36526060104370117,0.2850133776664734
DS3-transition,G30,71,154.9,154.4,155.4,154.9,0.4578116238117218,0.3325364589691162
DS3-transition,G30,72,155.4,154.9,155.9,155.4,0.48753970861434937,0.3242388367652893
DS3-transition,G30,73,155.9,155.4,156.4,155.9,0.4833453893661499,0.37323909997940063
DS3-transition,G30,74,156.4,155.9,156.9,156.4,0.4460882544517517,0.3342389166355133
DS3-transition,G30,75,156.9,156.4,157.4,156.9,0.5758126378059387,0.5195341110229492
DS3-transition,G30,76,157.4,156.9,157.9,157.4,0.5162175893783569,0.4134778380393982
DS3-transition,G30,77,157.9,157.4,158.4,157.9,0.528221845626831,0.39809635281562805
DS3-transition,G30,78,158.4,157.9,158.9,158.4,0.48246631026268005,0.3943387567996979
DS3-transition,G30,79,158.9,158.4,159.4,158.9,0.3941294550895691,0.31165653467178345
DS3-transition,G30,80,159.4,158.9,159.9,159.4,0.5300058722496033,0.4174003601074219
DS3-transition,G30,81,159.9,159.4,160.4,159.9,0.5946405529975891,0.4626411497592926
DS3-transition,G30,82,160.4,159.9,160.9,160.4,0.5826058983802795,0.45469698309898376
DS3-transition,G30,83,160.9,160.4,161.4,160.9,0.6176208853721619,0.4739459455013275
DS3-transition,G30,84,161.4,160.9,161.9,161.4,0.47944870591163635,0.3670664131641388
DS3-transition,G30,85,161.9,161.4,162.4,161.9,0.4979228079319,0.40505924820899963
DS3-transition,G30,86,162.4,161.9,162.9,162.4,0.5426038503646851,0.40188002586364746
DS3-transition,G30,87,162.9,162.4,163.4,162.9,0.47153764963150024,0.3497512936592102
DS3-transition,G30,88,163.4,162.9,163.9,163.4,0.47275233268737793,0.3430411219596863
DS3-transition,G30,89,163.9,163.4,164.4,163.9,0.554724395275116,0.47112369537353516
DS3-transition,G30,90,164.4,163.9,164.9,164.4,0.52163165807724,0.4410776197910309
DS3-transition,G30,91,164.9,164.4,165.4,164.9,0.5440513491630554,0.4125475287437439
DS3-transition,G30,92,165.4,164.9,165.9,165.4,0.5644431114196777,0.409832626581192
DS3-transition,G30,93,165.9,165.4,166.4,165.9,0.5898093581199646,0.5198560357093811
DS3-transition,G30,94,166.4,165.9,166.9,166.4,0.5450660586357117,0.43586844205856323
DS3-transition,G30,95,166.9,166.4,167.4,166.9,0.6103022694587708,0.45365816354751587
DS3-transition,G30,96,167.4,166.9,167.9,167.4,0.6672787666320801,0.4837801158428192
DS3-transition,G30,97,167.9,167.4,168.4,167.9,0.6700913310050964,0.4950692355632782
DS3-transition,G30,98,168.4,167.9,168.9,168.4,0.6540922522544861,0.5071998834609985
DS3-transition,G30,99,168.9,168.4,169.4,168.9,0.7218199372291565,0.5379378199577332
DS3-transition,G30,100,169.4,168.9,169.9,169.4,0.7401617765426636,0.5457955002784729
DS3-transition,G30,101,169.9,169.4,170.4,169.9,0.7836710810661316,0.5872294306755066
DS3-transition,G30,102,170.4,169.9,170.9,170.4,0.813239336013794,0.6256791353225708
DS3-transition,G30,103,170.9,170.4,171.4,170.9,0.7571655511856079,0.5958527326583862
DS3-transition,G30,104,171.4,170.9,171.9,171.4,0.7394310832023621,0.60185307264328
DS3-transition,G30,105,171.9,171.4,172.4,171.9,0.7851239442825317,0.6247274875640869
DS3-transition,G30,106,172.4,171.9,172.9,172.4,0.8077178001403809,0.6478164792060852
DS3-transition,G30,107,172.9,172.4,173.4,172.9,0.8254730105400085,0.7028672099113464
DS3-transition,G30,108,173.4,172.9,173.9,173.4,0.8028645515441895,0.6951266527175903
DS3-transition,G30,109,173.9,173.4,174.4,173.9,0.8649787902832031,0.7385557889938354
DS3-transition,G30,110,174.4,173.9,174.9,174.4,0.9413502812385559,0.8134949803352356
DS3-transition,G30,111,174.9,174.4,175.4,174.9,0.9340077638626099,0.8187687993049622
DS3-transition,G30,112,175.4,174.9,175.9,175.4,0.9948923587799072,0.8811935186386108
DS3-transition,G30,113,175.9,175.4,176.4,175.9,1.1723250150680542,0.9863505959510803
DS3-transition,G30,114,176.4,175.9,176.9,176.4,1.3756742477416992,1.1060453653335571
DS3-transition,G30,115,176.9,176.4,177.4,176.9,1.4989852905273438,1.221521019935608
DS3-transition,G30,116,177.4,176.9,177.9,177.4,1.8386050462722778,1.5688196420669556
DS3-transition,G30,117,177.9,177.4,178.4,177.9,2.1356594562530518,1.8764879703521729
DS3-transition,G30,118,178.4,177.9,178.9,178.4,2.291579484939575,2.054781675338745
DS3-transition,G30,119,178.9,178.4,179.4,178.9,2.5205740928649902,2.2755913734436035
DS3-transition,G30,120,179.4,178.9,179.9,179.4,2.703939199447632,2.4257218837738037
DS3-transition,G30,121,179.9,179.4,180.4,179.9,2.6484625339508057,2.3619062900543213
DS3-transition,G30,122,180.4,179.9,180.9,180.4,2.7515652179718018,2.5001323223114014
DS3-transition,G30,123,180.9,180.4,181.4,180.9,2.9507412910461426,2.708519458770752
DS3-transition,G30,124,181.4,180.9,181.9,181.4,3.150576114654541,2.901914358139038
DS3-transition,G30,125,181.9,181.4,182.4,181.9,3.5962893962860107,3.311516523361206
DS3-transition,G30,126,182.4,181.9,182.9,182.4,3.7240445613861084,3.4386401176452637
DS3-transition,G30,127,182.9,182.4,183.4,182.9,3.585263252258301,3.321812629699707
DS3-transition,G30,128,183.4,182.9,183.9,183.4,3.459951400756836,3.1863551139831543
DS3-transition,G30,129,183.9,183.4,184.4,183.9,3.5574755668640137,3.2726738452911377
DS3-transition,G30,130,184.4,183.9,184.9,184.4,3.5604348182678223,3.298095464706421
DS3-transition,G30,131,184.9,184.4,185.4,184.9,3.517643928527832,3.275153398513794
DS3-transition,G30,132,185.4,184.9,185.9,185.4,3.639781951904297,3.3957951068878174
DS3-transition,G30,133,185.9,185.4,186.4,185.9,3.9375922679901123,3.6704492568969727
DS3-transition,G30,134,186.4,185.9,186.9,186.4,4.080155849456787,3.823368549346924
DS3-transition,G30,135,186.9,186.4,187.4,186.9,3.8636293411254883,3.614900827407837
DS3-transition,G30,136,187.4,186.9,187.9,187.4,3.932286024093628,3.6309831142425537
DS3-transition,G30,137,187.9,187.4,188.4,187.9,4.066370487213135,3.694898843765259
DS3-transition,G30,138,188.4,187.9,188.9,188.4,3.593540906906128,3.2865402698516846
DS3-transition,G30,139,188.9,188.4,189.4,188.9,3.361541986465454,3.0846493244171143
DS3-transition,G30,140,189.4,188.9,189.9,189.4,3.204763412475586,2.916450023651123
DS3-transition,G30,141,189.9,189.4,190.4,189.9,3.280374765396118,2.9696414470672607
DS3-transition,G30,142,190.4,189.9,190.9,190.4,3.844289779663086,3.509925127029419
DS3-transition,G30,143,190.9,190.4,191.4,190.9,3.734882354736328,3.4791557788848877
DS3-transition,G30,144,191.4,190.9,191.9,191.4,3.7165586948394775,3.466184139251709
DS3-transition,G30,145,191.9,191.4,192.4,191.9,3.5943362712860107,3.347445011138916
DS3-transition,G30,146,192.4,191.9,192.9,192.4,3.078449249267578,2.850126266479492
DS3-transition,G30,147,192.9,192.4,193.4,192.9,3.013289213180542,2.7546796798706055
DS3-transition,G30,148,193.4,192.9,193.9,193.4,3.1396355628967285,2.8687965869903564
DS3-transition,G30,149,193.9,193.4,194.4,193.9,3.4206247329711914,3.0950446128845215
DS3-transition,G30,150,194.4,193.9,194.9,194.4,2.8133668899536133,2.4219882488250732
DS3-transition,G30,151,194.9,194.4,195.4,194.9,2.516284227371216,2.0304689407348633
DS3-transition,G32,12,150.4,149.9,150.9,150.4,0.1680174022912979,0.12786813080310822
DS3-transition,G32,13,150.9,150.4,151.4,150.9,0.15591445565223694,0.1100989356637001
DS3-transition,G32,14,151.4,150.9,151.9,151.4,0.15520472824573517,0.11839514225721359
DS3-transition,G32,15,151.9,151.4,152.4,151.9,0.17915235459804535,0.14557290077209473
DS3-transition,G32,16,152.4,151.9,152.9,152.4,0.16728533804416656,0.12057414650917053
DS3-transition,G32,17,152.9,152.4,153.4,152.9,0.14709044992923737,0.11042943596839905
DS3-transition,G32,18,153.4,152.9,153.9,153.4,0.15675044059753418,0.12004445493221283
DS3-transition,G32,19,153.9,153.4,154.4,153.9,0.1899011731147766,0.14807333052158356
DS3-transition,G32,20,154.4,153.9,154.9,154.4,0.17193226516246796,0.14576362073421478
DS3-transition,G32,21,154.9,154.4,155.4,154.9,0.10026554018259048,0.06512873619794846
DS3-transition,G32,22,155.4,154.9,155.9,155.4,0.1240321546792984,0.09459706395864487
DS3-transition,G32,23,155.9,155.4,156.4,155.9,0.13925106823444366,0.09179605543613434
DS3-transition,G32,24,156.4,155.9,156.9,156.4,0.15729834139347076,0.10803283751010895
DS3-transition,G32,25,156.9,156.4,157.4,156.9,0.16282732784748077,0.12330944091081619
DS3-transition,G32,26,157.4,156.9,157.9,157.4,0.26596012711524963,0.23933787643909454
DS3-transition,G32,27,157.9,157.4,158.4,157.9,0.44286465644836426,0.38974833488464355
DS3-transition,G32,28,158.4,157.9,158.9,158.4,0.24701130390167236,0.183430477976799
DS3-transition,G32,29,158.9,158.4,159.4,158.9,0.295346200466156,0.24415384232997894
DS3-transition,G32,30,159.4,158.9,159.9,159.4,0.21957893669605255,0.16258707642555237
DS3-transition,G32,31,159.9,159.4,160.4,159.9,0.1209518238902092,0.09509332478046417
DS3-transition,G32,32,160.4,159.9,160.9,160.4,0.45435258746147156,0.33338090777397156
DS3-transition,G32,33,160.9,160.4,161.4,160.9,0.3723383843898773,0.27402952313423157
DS3-transition,G32,34,161.4,160.9,161.9,161.4,0.28836700320243835,0.2440458983182907
DS3-transition,G32,35,161.9,161.4,162.4,161.9,0.257824569940567,0.18865329027175903
DS3-transition,G32,36,162.4,161.9,162.9,162.4,0.40502479672431946,0.31075721979141235
DS3-transition,G32,37,162.9,162.4,163.4,162.9,0.31319594383239746,0.22068332135677338
DS3-transition,G32,38,163.4,162.9,163.9,163.4,0.4487338364124298,0.37875375151634216
DS3-transition,G32,39,163.9,163.4,164.4,163.9,0.2661731243133545,0.21694231033325195
DS3-transition,G32,40,164.4,163.9,164.9,164.4,0.31643515825271606,0.25695377588272095
DS3-transition,G32,41,164.9,164.4,165.4,164.9,0.3430255651473999,0.28051888942718506
DS3-transition,G32,42,165.4,164.9,165.9,165.4,0.16306306421756744,0.10423057526350021
DS3-transition,G32,43,165.9,165.4,166.4,165.9,0.4432128667831421,0.3048592507839203
DS3-transition,G32,44,166.4,165.9,166.9,166.4,0.20962469279766083,0.16878941655158997
DS3-transition,G32,45,166.9,166.4,167.4,166.9,0.33179229497909546,0.2583690285682678
DS3-transition,G32,46,167.4,166.9,167.9,167.4,0.3126676678657532,0.2166070193052292
DS3-transition,G32,47,167.9,167.4,168.4,167.9,0.1664779782295227,0.1481618583202362
DS3-transition,G32,48,168.4,167.9,168.9,168.4,0.20925645530223846,0.1465987116098404
DS3-transition,G32,49,168.9,168.4,169.4,168.9,0.37418243288993835,0.3029666244983673
DS3-transition,G32,50,169.4,168.9,169.9,169.4,0.5395560264587402,0.44401541352272034
DS3-transition,G32,51,169.9,169.4,170.4,169.9,0.40328389406204224,0.24391265213489532
DS3-transition,G32,52,170.4,169.9,170.9,170.4,0.4951094388961792,0.4066084027290344
DS3-transition,G32,53,170.9,170.4,171.4,170.9,0.39980170130729675,0.3389812111854553
DS3-transition,G32,54,171.4,170.9,171.9,171.4,0.6181175708770752,0.4709315299987793
DS3-transition,G32,55,171.9,171.4,172.4,171.9,0.47136273980140686,0.36280497908592224
DS3-transition,G32,56,172.4,171.9,172.9,172.4,0.6506808400154114,0.46555769443511963
DS3-transition,G32,57,172.9,172.4,173.4,172.9,0.4586159586906433,0.3950304687023163
DS3-transition,G32,58,173.4,172.9,173.9,173.4,0.5514609217643738,0.4623069763183594
DS3-transition,G32,59,173.9,173.4,174.4,173.9,0.1946112960577011,0.13189145922660828
DS3-transition,G32,60,174.4,173.9,174.9,174.4,0.3399316966533661,0.30123862624168396
DS3-transition,G32,61,174.9,174.4,175.4,174.9,0.556770384311676,0.44092825055122375
DS3-transition,G32,62,175.4,174.9,175.9,175.4,1.4584583044052124,1.2540687322616577
DS3-transition,G32,63,175.9,175.4,176.4,175.9,0.8852705955505371,0.700379490852356
DS3-transition,G32,64,176.4,175.9,176.9,176.4,1.7889751195907593,1.3877893686294556
DS3-transition,G32,65,176.9,176.4,177.4,176.9,2.1342382431030273,1.9543702602386475
DS3-transition,G32,66,177.4,176.9,177.9,177.4,1.8938868045806885,1.5548248291015625
DS3-transition,G32,67,177.9,177.4,178.4,177.9,2.0139877796173096,1.7653772830963135
DS3-transition,G32,68,178.4,177.9,178.9,178.4,1.539352536201477,1.3706918954849243
DS3-transition,G32,69,178.9,178.4,179.4,178.9,1.4962825775146484,1.3304022550582886
DS3-transition,G32,70,179.4,178.9,179.9,179.4,2.066819429397583,1.5448193550109863
