domain,case_id,config,status,exit_code,terminal_drain_status,native_trace_status,target_tracking_pass,tracked_prns,input_sha256,config_sha256,receiver_sha256,output_set_sha256,dump_count,output_bytes,manifest_path,manifest_sha256,common_support_status,common_valid_epochs
OAK,OAK.negative.bitwise_nav_sign,C0,PASS,0,PASS,PASS,True,"8,10,11,12,14,18,20,21,24,25,27",3a22b704060b5adfc606586e19721d7146a26173b8d928d66512d8147e361f77,9ff4a248de4c73d67e963b507faad60f2ca917d64a4c4186578685742bc4996c,2f6e8e969e525bb48b4d94f016af8fd24f433b0be26b51837f316f60a6b911e0,7bf6587a97753557b7b25e0d6c5a772b36459dd8a3092037f19545569d180226,11,68632960,/home/ubuntu/ssd_data/gnss-early-detection/artifacts/crid-stage0-r4b-phase-a-physical-identifiability-execution/replays/OAK/OAK.negative.bitwise_nav_sign/C0/manifest.json,d27c28d322334616d6533ea71bcc91f6e8f33786149adea9245af944383da1b2,PASS,14885
OAK,OAK.negative.bitwise_nav_sign,C1,PASS,0,PASS,PASS,True,"8,10,11,12,14,18,20,21,24,25,27",3a22b704060b5adfc606586e19721d7146a26173b8d928d66512d8147e361f77,60f003059fc509c68d7c4cbdd415800e9b5376866ad39f27931d344bea774c63,2f6e8e969e525bb48b4d94f016af8fd24f433b0be26b51837f316f60a6b911e0,284c040988e9646eea2bf4cb72177a062b805a5e7c430b7ef55c24eec871674e,11,68632960,/home/ubuntu/ssd_data/gnss-early-detection/artifacts/crid-stage0-r4b-phase-a-physical-identifiability-execution/replays/OAK/OAK.negative.bitwise_nav_sign/C1/manifest.json,86a96bbaa0312ddcc70c287acf016b7532511ab2ea9bb80cae321ee282b18fe9,PASS,14885
OAK,OAK.negative.bitwise_nav_sign,C2,PASS,0,PASS,PASS,True,"8,10,11,12,14,18,20,21,24,25,27",3a22b704060b5adfc606586e19721d7146a26173b8d928d66512d8147e361f77,67bf46ff28f07dc48394723bac6dcfcffe806280cbbac7e50501e1ccbb37698e,2f6e8e969e525bb48b4d94f016af8fd24f433b0be26b51837f316f60a6b911e0,0683d76275137a794a49e67f682ae39d325b14ab07b13d17ec63ad899e360e4e,11,68632960,/home/ubuntu/ssd_data/gnss-early-detection/artifacts/crid-stage0-r4b-phase-a-physical-identifiability-execution/replays/OAK/OAK.negative.bitwise_nav_sign/C2/manifest.json,722ba2128cf016605ea684eaec396a34011c45d2535fc49ecb1e0a52c5ac9bd5,PASS,14885
OAK,OAK.negative.bitwise_nav_sign,C3,PASS,0,PASS,PASS,True,"8,10,11,12,14,18,20,21,24,25,27",3a22b704060b5adfc606586e19721d7146a26173b8d928d66512d8147e361f77,9a0a95e78dc574de438c712119db4696299e70a756b3a61978dde27cc3cc224f,2f6e8e969e525bb48b4d94f016af8fd24f433b0be26b51837f316f60a6b911e0,2ab06d1d3d0bf23c4c8de01c0f23d2b5cadcdd70d6f5b3e07ae52726337e8f6c,11,68632960,/home/ubuntu/ssd_data/gnss-early-detection/artifacts/crid-stage0-r4b-phase-a-physical-identifiability-execution/replays/OAK/OAK.negative.bitwise_nav_sign/C3/manifest.json,143eaabc5023d65b54bf01c160405483b1afd44fd1fbfc1f33f365c2a9b7400c,PASS,14885
OAK,OAK.negative.byte_identical,C0,PASS,0,PASS,PASS,True,"8,10,11,12,14,18,20,21,24,25,27",8f1ecbbc1b1007a7c213a168f8ada2dbcdda0994a90da85e56b798997a86a1bc,381c3f73431891b449c0fc780a9a21d496ebbd99b0af7bef9a1622bd526af45e,2f6e8e969e525bb48b4d94f016af8fd24f433b0be26b51837f316f60a6b911e0,2a9923a63bb3e900f29a84adfe31187d36f46feb8afd47c97a52beca2148fae3,11,68632960,/home/ubuntu/ssd_data/gnss-early-detection/artifacts/crid-stage0-r4b-phase-a-physical-identifiability-execution/replays/OAK/OAK.negative.byte_identical/C0/manifest.json,9664a8e4f919248edbf1879beae50d76ad5344ad0793a3d12c9fe19464ea3236,PASS,14894
OAK,OAK.negative.byte_identical,C1,PASS,0,PASS,PASS,True,"8,10,11,12,14,18,20,21,24,25,27",8f1ecbbc1b1007a7c213a168f8ada2dbcdda0994a90da85e56b798997a86a1bc,b8463abe80b21b1097f638b2060d9c20762e2ad89cc35e2973816025ca94da4b,2f6e8e969e525bb48b4d94f016af8fd24f433b0be26b51837f316f60a6b911e0,29f53fb52ee2912557071321d4b619b37f83a06b5e563981ca6cdf7660ebc4a3,11,68632960,/home/ubuntu/ssd_data/gnss-early-detection/artifacts/crid-stage0-r4b-phase-a-physical-identifiability-execution/replays/OAK/OAK.negative.byte_identical/C1/manifest.json,e102826a77af843c025da1a772664efdf1bca07508426dd1104a20b65dd6963c,PASS,14894
OAK,OAK.negative.byte_identical,C2,PASS,0,PASS,PASS,True,"8,10,11,12,14,18,20,21,24,25,27",8f1ecbbc1b1007a7c213a168f8ada2dbcdda0994a90da85e56b798997a86a1bc,72e1b00ef5563bf4d49f47306b253b595fec035c2e9eb75aa8c8a9e73fc1c26b,2f6e8e969e525bb48b4d94f016af8fd24f433b0be26b51837f316f60a6b911e0,f4ed04a5abe7fa35b4b9491a9cf3f74a6f4d5d240b5e0c754a2b2fa4814edeef,11,68632960,/home/ubuntu/ssd_data/gnss-early-detection/artifacts/crid-stage0-r4b-phase-a-physical-identifiability-execution/replays/OAK/OAK.negative.byte_identical/C2/manifest.json,4931e3f1da67d5c4137cd271320f94f11e7465abaf3c65055b3755ff64b3f51a,PASS,14894
OAK,OAK.negative.byte_identical,C3,PASS,0,PASS,PASS,True,"8,10,11,12,14,18,20,21,24,25,27",8f1ecbbc1b1007a7c213a168f8ada2dbcdda0994a90da85e56b798997a86a1bc,dfcf328e573888016e29dcc4ce7b9ba691a37202f81b215376fcbec556002b4d,2f6e8e969e525bb48b4d94f016af8fd24f433b0be26b51837f316f60a6b911e0,0e97381e791666c33b53592d6ad653c46334c92d35986e32688eed70302861fc,11,68632960,/home/ubuntu/ssd_data/gnss-early-detection/artifacts/crid-stage0-r4b-phase-a-physical-identifiability-execution/replays/OAK/OAK.negative.byte_identical/C3/manifest.json,bb5b3ea020c1fd5510a414b90fd0af254b12cb9c7440dcd41f469ade23efdf55,PASS,14894
OAK,OAK.negative.cn0_reduction,C0,PASS,0,PASS,PASS,True,"8,10,11,12,14,18,20,21,24,25,27",ed7e8822d9f5c0370a013c016246ffeba86844f1ea87f70a72cc72430bb4ea1a,7e4e7d83f371188dfc78f0a482516627da5bdd68329e62854a5db8dabec3105b,2f6e8e969e525bb48b4d94f016af8fd24f433b0be26b51837f316f60a6b911e0,6da7d8419c40401c72faf1223c238bf56200c24144de68b502b1bbd00319b7f7,11,68632960,/home/ubuntu/ssd_data/gnss-early-detection/artifacts/crid-stage0-r4b-phase-a-physical-identifiability-execution/replays/OAK/OAK.negative.cn0_reduction/C0/manifest.json,88bd7026276adb7edac685953e7a3ba87ce97ca69b256cf7b49c9b64f460e8d4,PASS,14852
OAK,OAK.negative.cn0_reduction,C1,PASS,0,PASS,PASS,True,"8,10,11,12,14,18,20,21,24,25,27",ed7e8822d9f5c0370a013c016246ffeba86844f1ea87f70a72cc72430bb4ea1a,e6f44b9041a3530d8a52e4753324d078bfe2958893b75f6b78d9bf0a5795b135,2f6e8e969e525bb48b4d94f016af8fd24f433b0be26b51837f316f60a6b911e0,382355eb91662076aa2dd60594dd31ed860b9589a0d24577edd4b738db39ffef,11,68632960,/home/ubuntu/ssd_data/gnss-early-detection/artifacts/crid-stage0-r4b-phase-a-physical-identifiability-execution/replays/OAK/OAK.negative.cn0_reduction/C1/manifest.json,031901ca2303108114143485e3dc9ba8bc824555e5dae8c9cfac68b3d6a482cc,PASS,14852
OAK,OAK.negative.cn0_reduction,C2,PASS,0,PASS,PASS,True,"8,10,11,12,14,18,20,21,24,25,27",ed7e8822d9f5c0370a013c016246ffeba86844f1ea87f70a72cc72430bb4ea1a,e6e509ed81e87ff8d22f368e2b367fcf9376879e3c998e06f5bdb17769b6e8fb,2f6e8e969e525bb48b4d94f016af8fd24f433b0be26b51837f316f60a6b911e0,c649ecd335e33efd8cb0a2fd2bb626fa6044dac4abf847451aa56de2e8f9d29e,11,68632960,/home/ubuntu/ssd_data/gnss-early-detection/artifacts/crid-stage0-r4b-phase-a-physical-identifiability-execution/replays/OAK/OAK.negative.cn0_reduction/C2/manifest.json,7fc4d3d278650295680b8282bd87d453b652b0f4e7c87e6f28643cde23f97fc6,PASS,14852
OAK,OAK.negative.cn0_reduction,C3,PASS,0,PASS,PASS,True,"8,10,11,12,14,18,20,21,24,25,27",ed7e8822d9f5c0370a013c016246ffeba86844f1ea87f70a72cc72430bb4ea1a,a8e29aef92fed96be1d797ccea9b7af22f1acfd2a42f7626bda414fbc4534b56,2f6e8e969e525bb48b4d94f016af8fd24f433b0be26b51837f316f60a6b911e0,1af2b93a10951032c7ccca3180574886dfb36fd8f9c02aab78390140beb891b3,11,68632960,/home/ubuntu/ssd_data/gnss-early-detection/artifacts/crid-stage0-r4b-phase-a-physical-identifiability-execution/replays/OAK/OAK.negative.cn0_reduction/C3/manifest.json,d00a79d8e57a0ea25d3de01c612ab520e17e23cdbd140fffca25c59a482d67aa,PASS,14852
OAK,OAK.negative.common_receiver_clock_drift,C0,PASS,0,PASS,PASS,True,"8,10,11,12,14,18,20,21,24,25,27",5c7c425486197d013f8a9eae57c211102e9c2a3614a40e1568319e030c448b52,b6decebafd9787ec52de68b98fab5acec3d5dcf305709e89823121925f818a4f,2f6e8e969e525bb48b4d94f016af8fd24f433b0be26b51837f316f60a6b911e0,51bd378a46bfc418648b802d980ed7e6917262d31234471d0688d6286cbd2668,11,68632960,/home/ubuntu/ssd_data/gnss-early-detection/artifacts/crid-stage0-r4b-phase-a-physical-identifiability-execution/replays/OAK/OAK.negative.common_receiver_clock_drift/C0/manifest.json,6df0d828f62276557cd5b15335eabcf11feeb724d174d45f0bbbe99ca2e75382,PASS,14894
OAK,OAK.negative.common_receiver_clock_drift,C1,PASS,0,PASS,PASS,True,"8,10,11,12,14,18,20,21,24,25,27",5c7c425486197d013f8a9eae57c211102e9c2a3614a40e1568319e030c448b52,8c3a6e59045495152e1efd5cee889d2a19a391bafbe8f965572baa9f64da5987,2f6e8e969e525bb48b4d94f016af8fd24f433b0be26b51837f316f60a6b911e0,4ed4676353be08da9751151d4cc3eb073d2b43921d6335a364cce0c907786c48,11,68632960,/home/ubuntu/ssd_data/gnss-early-detection/artifacts/crid-stage0-r4b-phase-a-physical-identifiability-execution/replays/OAK/OAK.negative.common_receiver_clock_drift/C1/manifest.json,e8834baa17930880a7abc2e5e5eec4371a2b32b49ae7427b27c1073daac6c869,PASS,14894
OAK,OAK.negative.common_receiver_clock_drift,C2,PASS,0,PASS,PASS,True,"8,10,11,12,14,18,20,21,24,25,27",5c7c425486197d013f8a9eae57c211102e9c2a3614a40e1568319e030c448b52,2f14c225347f31c952023114fcfdc4c3b4c688bf1b4a25b5df252e04f53fdc49,2f6e8e969e525bb48b4d94f016af8fd24f433b0be26b51837f316f60a6b911e0,316aedeb03805d8d79c4e4321d97830fe7a073096ef843a017531ba9fb279079,11,68632960,/home/ubuntu/ssd_data/gnss-early-detection/artifacts/crid-stage0-r4b-phase-a-physical-identifiability-execution/replays/OAK/OAK.negative.common_receiver_clock_drift/C2/manifest.json,565bc5a4c4da61e0704e983ef49a0a73bf1846b80ea67168fb25a61bf10bf7e2,PASS,14894
OAK,OAK.negative.common_receiver_clock_drift,C3,PASS,0,PASS,PASS,True,"8,10,11,12,14,18,20,21,24,25,27",5c7c425486197d013f8a9eae57c211102e9c2a3614a40e1568319e030c448b52,42159a5468dbf41c27c6946a167b002dea5792b44893ade9cc2e65d92c258855,2f6e8e969e525bb48b4d94f016af8fd24f433b0be26b51837f316f60a6b911e0,658cdada505131ad1746ca3898ea80047091f942387506045c11745c0edab3c9,11,68632960,/home/ubuntu/ssd_data/gnss-early-detection/artifacts/crid-stage0-r4b-phase-a-physical-identifiability-execution/replays/OAK/OAK.negative.common_receiver_clock_drift/C3/manifest.json,422b4cbd4f19935fb3816021cfd2e2a46d738e4ca85ab8cc603753541a376469,PASS,14894
OAK,OAK.negative.empirical_awgn_0p5sigma,C0,PASS,0,PASS,PASS,True,"8,10,11,12,14,18,20,21,24,25,27",50594652871a3c15e8913f18a325bad710084e693ebd7c5e63b5e31dc33c0f2c,73e0d1798e842b368b48260fefa1a6876fdd44af42f77f5e71005c46f6d7779f,2f6e8e969e525bb48b4d94f016af8fd24f433b0be26b51837f316f60a6b911e0,282fe3a7efa82f686cbe07b195740753b366012e16f593e6153b4cd46bcb838c,11,68632960,/home/ubuntu/ssd_data/gnss-early-detection/artifacts/crid-stage0-r4b-phase-a-physical-identifiability-execution/replays/OAK/OAK.negative.empirical_awgn_0p5sigma/C0/manifest.json,d213bf8885cde0843cdd353ca2f074b94b72ce4fc2d5e004512c3296d1f9b032,PASS,14905
OAK,OAK.negative.empirical_awgn_0p5sigma,C1,PASS,0,PASS,PASS,True,"8,10,11,12,14,18,20,21,24,25,27",50594652871a3c15e8913f18a325bad710084e693ebd7c5e63b5e31dc33c0f2c,afb562c1e91e28044b2713314458023f1728e55cf3deeb580954e4d36b4d036f,2f6e8e969e525bb48b4d94f016af8fd24f433b0be26b51837f316f60a6b911e0,e8558dac7e164d219d8cac048a7b94d1b5c29b99043717272812c5ba5e3aac84,11,68632960,/home/ubuntu/ssd_data/gnss-early-detection/artifacts/crid-stage0-r4b-phase-a-physical-identifiability-execution/replays/OAK/OAK.negative.empirical_awgn_0p5sigma/C1/manifest.json,afbb1f10700fbc817a513212b174a271534b8a1ad0387d35e3c37802518d6047,PASS,14905
OAK,OAK.negative.empirical_awgn_0p5sigma,C2,PASS,0,PASS,PASS,True,"8,10,11,12,14,18,20,21,24,25,27",50594652871a3c15e8913f18a325bad710084e693ebd7c5e63b5e31dc33c0f2c,7ba4a4059bf49721faa369f755c04c3f65f2d1a978f17a23a561ec0729124329,2f6e8e969e525bb48b4d94f016af8fd24f433b0be26b51837f316f60a6b911e0,4856bda48ec78b5eef528038aaa245faa9a8ba4f2162763450ecac40118d159f,11,68632960,/home/ubuntu/ssd_data/gnss-early-detection/artifacts/crid-stage0-r4b-phase-a-physical-identifiability-execution/replays/OAK/OAK.negative.empirical_awgn_0p5sigma/C2/manifest.json,d63c4b34f3460ac85f62eb208441756fa33077d7892cb5790d5c58f47b4cfe3d,PASS,14905
OAK,OAK.negative.empirical_awgn_0p5sigma,C3,PASS,0,PASS,PASS,True,"8,10,11,12,14,18,20,21,24,25,27",50594652871a3c15e8913f18a325bad710084e693ebd7c5e63b5e31dc33c0f2c,8c5c68691e72d316ef097f56b21115a533ca300f0ad05e4053083e83b5e1073b,2f6e8e969e525bb48b4d94f016af8fd24f433b0be26b51837f316f60a6b911e0,5e210d7a639639b483d09111aaa0d835ad2f2722f1fff40b1a50c84b280380f0,11,68632960,/home/ubuntu/ssd_data/gnss-early-detection/artifacts/crid-stage0-r4b-phase-a-physical-identifiability-execution/replays/OAK/OAK.negative.empirical_awgn_0p5sigma/C3/manifest.json,0b9387a39ae9acae62951319ac468975f4ad0b29dadb3f4c1adca52dc0cb58eb,PASS,14905
OAK,OAK.negative.empirical_awgn_1sigma,C0,PASS,0,PASS,PASS,True,"8,10,11,12,14,18,20,21,24,25,27",16fa54d887d43d3cd84c323cfeb6f275d3758c49e49a1736ed34b1b93bd84887,847c313c807eafa979afd60009ba1925ec525ee484a115f488e7500e2848a5ce,2f6e8e969e525bb48b4d94f016af8fd24f433b0be26b51837f316f60a6b911e0,4a1ec882260a2e77fb31d6d9f358ef4d16e07b793838d8d1cf3d28de04441905,11,68632960,/home/ubuntu/ssd_data/gnss-early-detection/artifacts/crid-stage0-r4b-phase-a-physical-identifiability-execution/replays/OAK/OAK.negative.empirical_awgn_1sigma/C0/manifest.json,f2d9236a704d28f3ff366dac8e8ae0ab72757db022c662489a6a4426c7261a19,PASS,14877
OAK,OAK.negative.empirical_awgn_1sigma,C1,PASS,0,PASS,PASS,True,"8,10,11,12,14,18,20,21,24,25,27",16fa54d887d43d3cd84c323cfeb6f275d3758c49e49a1736ed34b1b93bd84887,351300471157da6ea9efb0218fc137834a12fd886e30d41d86201a9a57caec18,2f6e8e969e525bb48b4d94f016af8fd24f433b0be26b51837f316f60a6b911e0,c12e64fc540a1c5e6c2179dfc426ab77b192989bfeeb1ecf751ff2e2a30fbd1e,11,68632960,/home/ubuntu/ssd_data/gnss-early-detection/artifacts/crid-stage0-r4b-phase-a-physical-identifiability-execution/replays/OAK/OAK.negative.empirical_awgn_1sigma/C1/manifest.json,e623e8ac794afd86faeb33f609bffc5777d4c9d6b41be60cef7cdd8d971cc997,PASS,14877
OAK,OAK.negative.empirical_awgn_1sigma,C2,PASS,0,PASS,PASS,True,"8,10,11,12,14,18,20,21,24,25,27",16fa54d887d43d3cd84c323cfeb6f275d3758c49e49a1736ed34b1b93bd84887,a6f3e676561901af9b7a1793a34bd663ac2e46ea295ff1e99189ef341de941cb,2f6e8e969e525bb48b4d94f016af8fd24f433b0be26b51837f316f60a6b911e0,15851561cd0323ec30c2445aec708332701256c73a385e4ff087e2d562e04439,11,68632960,/home/ubuntu/ssd_data/gnss-early-detection/artifacts/crid-stage0-r4b-phase-a-physical-identifiability-execution/replays/OAK/OAK.negative.empirical_awgn_1sigma/C2/manifest.json,faf5d5e767e30309cc01e86e28d5d6caa2432414e1b6e903fe5071f31edc2dc1,PASS,14877
OAK,OAK.negative.empirical_awgn_1sigma,C3,PASS,0,PASS,PASS,True,"8,10,11,12,14,18,20,21,24,25,27",16fa54d887d43d3cd84c323cfeb6f275d3758c49e49a1736ed34b1b93bd84887,78d5d7a81634444536afa31c63920b68c36868c4c5e9ab63d8a0853034173b74,2f6e8e969e525bb48b4d94f016af8fd24f433b0be26b51837f316f60a6b911e0,79153274d8c1b7012993730deb320a21786b0747b18842b225b5322e56d647d0,11,68632960,/home/ubuntu/ssd_data/gnss-early-detection/artifacts/crid-stage0-r4b-phase-a-physical-identifiability-execution/replays/OAK/OAK.negative.empirical_awgn_1sigma/C3/manifest.json,238ecfc72bb64faa0cdf97f59b6f56bc7c2ed85802249aa16146295d00982f44,PASS,14877
OAK,OAK.negative.empirical_awgn_2sigma,C0,PASS,0,PASS,PASS,True,"8,10,11,12,14,18,20,21,24,25,27",66ee90d5b0f1df385fbd6f8ca4e1a6a1807bdca6e2830838dd4eb3e9721859b5,90b25e25f3dd1dcd631f1cee80788335bfcac03029b8aa2e747636560fa0944c,2f6e8e969e525bb48b4d94f016af8fd24f433b0be26b51837f316f60a6b911e0,e657de01ea893072c7ed0836db0688812549dcaf4afa0f785cd5127475fe241a,11,68632960,/home/ubuntu/ssd_data/gnss-early-detection/artifacts/crid-stage0-r4b-phase-a-physical-identifiability-execution/replays/OAK/OAK.negative.empirical_awgn_2sigma/C0/manifest.json,c60efa16e8466fc7f1577bde02a96de464ed46971123b4c1938b3bc05700baf7,PASS,13370
OAK,OAK.negative.empirical_awgn_2sigma,C1,PASS,0,PASS,PASS,True,"8,10,11,12,14,18,20,21,24,25,27",66ee90d5b0f1df385fbd6f8ca4e1a6a1807bdca6e2830838dd4eb3e9721859b5,dc39a47416acc4474e75f409c8bdd517543f45c99cf899660f40d6ac5a66d88f,2f6e8e969e525bb48b4d94f016af8fd24f433b0be26b51837f316f60a6b911e0,9082cbda8fd6d97b8d7dd708578efc56c2e488316bd584612ff7ea64d16fc5d3,11,68632960,/home/ubuntu/ssd_data/gnss-early-detection/artifacts/crid-stage0-r4b-phase-a-physical-identifiability-execution/replays/OAK/OAK.negative.empirical_awgn_2sigma/C1/manifest.json,3524fb409c2f914cde02939ed6da08298627387990b7495fece8603ca48423b3,PASS,13370
OAK,OAK.negative.empirical_awgn_2sigma,C2,PASS,0,PASS,PASS,True,"8,10,11,12,14,18,20,21,24,25,27",66ee90d5b0f1df385fbd6f8ca4e1a6a1807bdca6e2830838dd4eb3e9721859b5,292807d61dc7eda81e8376dd0953d6b203157c7f8f5ef4e09c2967db7c0fe9fc,2f6e8e969e525bb48b4d94f016af8fd24f433b0be26b51837f316f60a6b911e0,140b3d17a84e622f52d3af283c8b07a5f766906730f769289ebc7e7a2ac73cdd,11,68632960,/home/ubuntu/ssd_data/gnss-early-detection/artifacts/crid-stage0-r4b-phase-a-physical-identifiability-execution/replays/OAK/OAK.negative.empirical_awgn_2sigma/C2/manifest.json,81dcc24cc64764106679dedb05d2c251794b036cd38e0afc51ddcd738253b8e6,PASS,13370
OAK,OAK.negative.empirical_awgn_2sigma,C3,PASS,0,PASS,PASS,True,"8,10,11,12,14,18,20,21,24,25,27",66ee90d5b0f1df385fbd6f8ca4e1a6a1807bdca6e2830838dd4eb3e9721859b5,ac0b3e3a92bf6d115f5de7a67faacad867bedf1353299d91a3fcc5f90a41c5fd,2f6e8e969e525bb48b4d94f016af8fd24f433b0be26b51837f316f60a6b911e0,6976b43f7d5edc1f93b78183a42985f160f25ee1e682407c7565b6032ee3c298,11,68632960,/home/ubuntu/ssd_data/gnss-early-detection/artifacts/crid-stage0-r4b-phase-a-physical-identifiability-execution/replays/OAK/OAK.negative.empirical_awgn_2sigma/C3/manifest.json,2b645f832c80c2eaaae8b453f30e3a5a008a39d12a13535b49be31bb242aea5b,PASS,13370
OAK,OAK.negative.gain,C0,PASS,0,PASS,PASS,True,"8,10,11,12,14,18,20,21,24,25,27",54e55055281eb552781c47d42477d1e6865c4a837dad73b0b75a0598166bca56,2a2f7e409acc6859458782e3795ff2d190ed0c202856dbb4f27ba81f0269c0c8,2f6e8e969e525bb48b4d94f016af8fd24f433b0be26b51837f316f60a6b911e0,bf9df4232ad7ea9686adbda0fa5417042aebad90ef483b31361a098f8c600609,11,68632960,/home/ubuntu/ssd_data/gnss-early-detection/artifacts/crid-stage0-r4b-phase-a-physical-identifiability-execution/replays/OAK/OAK.negative.gain/C0/manifest.json,b86d52cd97ff2fb4655d9a953a47211cde85457c13e06f0dc488c932bfa01289,PASS,14894
OAK,OAK.negative.gain,C1,PASS,0,PASS,PASS,True,"8,10,11,12,14,18,20,21,24,25,27",54e55055281eb552781c47d42477d1e6865c4a837dad73b0b75a0598166bca56,0486b190a452090f81a7b4af3653db8f95d65b03cc7966e6ffb96466ec41734e,2f6e8e969e525bb48b4d94f016af8fd24f433b0be26b51837f316f60a6b911e0,3f423fdc464dda1734f2b36dbe5b4db196d9363a862349a1e0296499f6a1abe8,11,68632960,/home/ubuntu/ssd_data/gnss-early-detection/artifacts/crid-stage0-r4b-phase-a-physical-identifiability-execution/replays/OAK/OAK.negative.gain/C1/manifest.json,e73cdab3c4adf65a416a93faf03d95b7ef92800412112d1163c279b91749c902,PASS,14894
OAK,OAK.negative.gain,C2,PASS,0,PASS,PASS,True,"8,10,11,12,14,18,20,21,24,25,27",54e55055281eb552781c47d42477d1e6865c4a837dad73b0b75a0598166bca56,41659dcc91d20da8e9794c16fe68089bf683bf7eca31241ed7460d49cfa19f05,2f6e8e969e525bb48b4d94f016af8fd24f433b0be26b51837f316f60a6b911e0,97cdf7cca6700ddfdb1fe161ea745b00bd47c15b7c575854909b8c0b6f71c3e1,11,68632960,/home/ubuntu/ssd_data/gnss-early-detection/artifacts/crid-stage0-r4b-phase-a-physical-identifiability-execution/replays/OAK/OAK.negative.gain/C2/manifest.json,36490cc3af8b3ab30bd818f2ba4cda13f5345e07eae7c4ac5261290c8a0f812a,PASS,14894
OAK,OAK.negative.gain,C3,PASS,0,PASS,PASS,True,"8,10,11,12,14,18,20,21,24,25,27",54e55055281eb552781c47d42477d1e6865c4a837dad73b0b75a0598166bca56,5350f67ecf0de775458f186b6aa91b9b04967ef7182e19be5c6b9519c6f25416,2f6e8e969e525bb48b4d94f016af8fd24f433b0be26b51837f316f60a6b911e0,05b7256c1b4cc59f6a55114f05f296cac7bba6c1c538c280aff80ec0da14bb98,11,68632960,/home/ubuntu/ssd_data/gnss-early-detection/artifacts/crid-stage0-r4b-phase-a-physical-identifiability-execution/replays/OAK/OAK.negative.gain/C3/manifest.json,54092b8df10b383e2402c9044f09136ae548c5bc19d80b53b26cffeb038145ef,PASS,14894
OAK,OAK.negative.global_phase,C0,PASS,0,PASS,PASS,True,"8,10,11,12,14,18,20,21,24,25,27",e78c4409f88fedf352b72d6b9cdf58a9c67d19512183998159721499f764d25a,c2704ab30d07575a1a0d4a3565dca76c61c05de7678038162e40896e6fd33460,2f6e8e969e525bb48b4d94f016af8fd24f433b0be26b51837f316f60a6b911e0,66ebb9b4da1c84da07c80e52d22279ad6d410916a703364ad027b07c58ffc11f,11,68632960,/home/ubuntu/ssd_data/gnss-early-detection/artifacts/crid-stage0-r4b-phase-a-physical-identifiability-execution/replays/OAK/OAK.negative.global_phase/C0/manifest.json,8be86d6dae9d18347d65e3276080627dabb9d608519297d1d85c0b413adef518,PASS,14844
OAK,OAK.negative.global_phase,C1,PASS,0,PASS,PASS,True,"8,10,11,12,14,18,20,21,24,25,27",e78c4409f88fedf352b72d6b9cdf58a9c67d19512183998159721499f764d25a,cb3f28355b6e438958384f477df6a3d1b09fecf364d287761656331e7947a7e2,2f6e8e969e525bb48b4d94f016af8fd24f433b0be26b51837f316f60a6b911e0,564d1f3ae12a2ce583939169a6bdba17f892cd6ddbe6723baff1c7150095c627,11,68632960,/home/ubuntu/ssd_data/gnss-early-detection/artifacts/crid-stage0-r4b-phase-a-physical-identifiability-execution/replays/OAK/OAK.negative.global_phase/C1/manifest.json,f68c10bcebce35c5cd67d7d511e5967137ed017fdb634adab2b9cb9bcf843bef,PASS,14844
OAK,OAK.negative.global_phase,C2,PASS,0,PASS,PASS,True,"8,10,11,12,14,18,20,21,24,25,27",e78c4409f88fedf352b72d6b9cdf58a9c67d19512183998159721499f764d25a,10c2a7bbb7a55ad104ced47b25a7f2bec8714c16e16c030feac302b1ca70b419,2f6e8e969e525bb48b4d94f016af8fd24f433b0be26b51837f316f60a6b911e0,02e486a52b321d3b36a8a77f0c5f3fd401dfc65d861b1a362749ec8a11a76598,11,68632960,/home/ubuntu/ssd_data/gnss-early-detection/artifacts/crid-stage0-r4b-phase-a-physical-identifiability-execution/replays/OAK/OAK.negative.global_phase/C2/manifest.json,d9f5aa33648ac5d3bd56ccc3561632d1d6344b7c771e4b5efa90de388d52bf88,PASS,14844
OAK,OAK.negative.global_phase,C3,PASS,0,PASS,PASS,True,"8,10,11,12,14,18,20,21,24,25,27",e78c4409f88fedf352b72d6b9cdf58a9c67d19512183998159721499f764d25a,22e79b284753007da578c13fea62c71423404596cd8affaa4be749f14e9e3dc3,2f6e8e969e525bb48b4d94f016af8fd24f433b0be26b51837f316f60a6b911e0,7263b71b978673416dd509ff8d3a17c8e577ae741b8febfe65651d531cef5fad,11,68632960,/home/ubuntu/ssd_data/gnss-early-detection/artifacts/crid-stage0-r4b-phase-a-physical-identifiability-execution/replays/OAK/OAK.negative.global_phase/C3/manifest.json,69463fb152968fe10c64aac2f904223b68b37aee7298cf497443c0166cf161b1,PASS,14844
OAK,OAK.negative.independent_multipath,C0,PASS,0,PASS,PASS,True,"8,10,11,12,14,18,20,21,24,25,27",6d1f14664952c249c40152148f788a47199387bbc668f56538a86e8a60f9a4a7,e218f4a7df50ba06115feeef63ec15fdd1ee16b2d3cc997f15d3b39191b0045f,2f6e8e969e525bb48b4d94f016af8fd24f433b0be26b51837f316f60a6b911e0,1121d31a25d9a82422e71b441f938bb72ed27a1ab664d4f6c434834359acb1ce,11,68632960,/home/ubuntu/ssd_data/gnss-early-detection/artifacts/crid-stage0-r4b-phase-a-physical-identifiability-execution/replays/OAK/OAK.negative.independent_multipath/C0/manifest.json,2818d86ec466a185983887cfe730c494734c4a96b65694b351f805d8676a114e,PASS,14908
OAK,OAK.negative.independent_multipath,C1,PASS,0,PASS,PASS,True,"8,10,11,12,14,18,20,21,24,25,27",6d1f14664952c249c40152148f788a47199387bbc668f56538a86e8a60f9a4a7,ab9f6bcce49236a87dce8db7ce33ad39c8cd33453d283c7352afb4bc823a4010,2f6e8e969e525bb48b4d94f016af8fd24f433b0be26b51837f316f60a6b911e0,fa68c2827c0bc91c528a4e03667ac9e03e90bc0a22ce870eb01333dd66efd6b5,11,68632960,/home/ubuntu/ssd_data/gnss-early-detection/artifacts/crid-stage0-r4b-phase-a-physical-identifiability-execution/replays/OAK/OAK.negative.independent_multipath/C1/manifest.json,dc7c126acac3b98fdee1e4f4831fd29da415470e8f2350cc1220f36a39134c4a,PASS,14908
OAK,OAK.negative.independent_multipath,C2,PASS,0,PASS,PASS,True,"8,10,11,12,14,18,20,21,24,25,27",6d1f14664952c249c40152148f788a47199387bbc668f56538a86e8a60f9a4a7,f8c8968654ae703a80184748141dd1bc6a554545b019081561a3f059c3e46908,2f6e8e969e525bb48b4d94f016af8fd24f433b0be26b51837f316f60a6b911e0,62a2072c19d39cdf7223beb0fc89707e9d2cb1a903bccee9b9bf499a4b94d110,11,68632960,/home/ubuntu/ssd_data/gnss-early-detection/artifacts/crid-stage0-r4b-phase-a-physical-identifiability-execution/replays/OAK/OAK.negative.independent_multipath/C2/manifest.json,cec9e4b03c209dfc337b0e6149c8dc13d85a30a5b55efb1b12c6f7b4fb1e3522,PASS,14908
OAK,OAK.negative.independent_multipath,C3,PASS,0,PASS,PASS,True,"8,10,11,12,14,18,20,21,24,25,27",6d1f14664952c249c40152148f788a47199387bbc668f56538a86e8a60f9a4a7,ac4ad1a0b1b3a4aa2379a2659d635c599173776a52b3a59d6ad86b1819f99926,2f6e8e969e525bb48b4d94f016af8fd24f433b0be26b51837f316f60a6b911e0,03249978471ddf3a19e346e00dd3bfc19ee17a0d9bb57818bb4207341bfa8626,11,68632960,/home/ubuntu/ssd_data/gnss-early-detection/artifacts/crid-stage0-r4b-phase-a-physical-identifiability-execution/replays/OAK/OAK.negative.independent_multipath/C3/manifest.json,042148383612bbd0be26e92f883fa71bed204ce169ac209895f059cb526a2c82,PASS,14908
OAK,OAK.negative.prn_drop_add,C0,PASS,0,PASS,PASS,True,"8,10,11,12,14,18,20,21,24,25,27",331327b4d314f57da0008074b04c7fa3a5f8d9847c70aa48dcce76bda3022e3b,89ef224490ef23408ee42e82208db614aeb33296115586c64295b27154e968bb,2f6e8e969e525bb48b4d94f016af8fd24f433b0be26b51837f316f60a6b911e0,582bd99c6ef93e9e9f912ade8bcf472b6b0785711162e71c7989e50cec93f58a,11,68632960,/home/ubuntu/ssd_data/gnss-early-detection/artifacts/crid-stage0-r4b-phase-a-physical-identifiability-execution/replays/OAK/OAK.negative.prn_drop_add/C0/manifest.json,768cc72ca8979c61137e76e214267017bb9a8eb79885b49bd180fd0b94c6eeff,PASS,14894
OAK,OAK.negative.prn_drop_add,C1,PASS,0,PASS,PASS,True,"8,10,11,12,14,18,20,21,24,25,27",331327b4d314f57da0008074b04c7fa3a5f8d9847c70aa48dcce76bda3022e3b,ad739951a57c39fae7fbbf4a80665e7797af1b6e427428fd47e47a17879b5a8e,2f6e8e969e525bb48b4d94f016af8fd24f433b0be26b51837f316f60a6b911e0,f990f4bfe98bf19613a994e7716706aa4d952d4b8f6ca9149a9879f94594d909,11,68632960,/home/ubuntu/ssd_data/gnss-early-detection/artifacts/crid-stage0-r4b-phase-a-physical-identifiability-execution/replays/OAK/OAK.negative.prn_drop_add/C1/manifest.json,7dc7ee2b64b19f3eded3eedb04325ea211cfbdeff77749752d22f2047a11a7af,PASS,14894
OAK,OAK.negative.prn_drop_add,C2,PASS,0,PASS,PASS,True,"8,10,11,12,14,18,20,21,24,25,27",331327b4d314f57da0008074b04c7fa3a5f8d9847c70aa48dcce76bda3022e3b,3892ada8a730ff5842beccb85fe753d944e5b3ad189b7f2ce2589f14ae404edd,2f6e8e969e525bb48b4d94f016af8fd24f433b0be26b51837f316f60a6b911e0,1c2b9137aa5c65fc4eec8f5b82093d3bc6ea2d5fb5a6656c235916a2388413a9,11,68632960,/home/ubuntu/ssd_data/gnss-early-detection/artifacts/crid-stage0-r4b-phase-a-physical-identifiability-execution/replays/OAK/OAK.negative.prn_drop_add/C2/manifest.json,f5c30fa6c1ddb9735f699f462a93fcd3ebb03a2f50f17b45919a7d317afa5959,PASS,14894
OAK,OAK.negative.prn_drop_add,C3,PASS,0,PASS,PASS,True,"8,10,11,12,14,18,20,21,24,25,27",331327b4d314f57da0008074b04c7fa3a5f8d9847c70aa48dcce76bda3022e3b,f36ecd89bb6ff148be62e687a25cdb6112c1f16c862cdacb5397ce1b37cfff6b,2f6e8e969e525bb48b4d94f016af8fd24f433b0be26b51837f316f60a6b911e0,d2edf16eb936f3608011cfda6fe470694859e6eb69c8e08944631af4e38b143c,11,68632960,/home/ubuntu/ssd_data/gnss-early-detection/artifacts/crid-stage0-r4b-phase-a-physical-identifiability-execution/replays/OAK/OAK.negative.prn_drop_add/C3/manifest.json,70e7b8a674d36a6429f66fff27561592fbcb39989933a3934e1fb343e0aba357,PASS,14894
OAK,OAK.negative.single_prn_disturbance,C0,PASS,0,PASS,PASS,True,"8,10,11,12,14,18,20,21,24,25,27",75774734545275b859db0dc2d5b8ff84c2e0a7c32a10e6babb6345e0019cf86f,46024ff69fa3a6f232a90cbc603a7e2190ea6355d8a78691739e1f26e54e18f0,2f6e8e969e525bb48b4d94f016af8fd24f433b0be26b51837f316f60a6b911e0,c5b3ab07e3f33e5218c07d771280dac59edc11511a2b92693bd2253b3eb30c36,11,68632960,/home/ubuntu/ssd_data/gnss-early-detection/artifacts/crid-stage0-r4b-phase-a-physical-identifiability-execution/replays/OAK/OAK.negative.single_prn_disturbance/C0/manifest.json,fb91980e58999c8b9a391b0676fbd184a7f965e7546206ed742ba17ec0134e43,PASS,14894
OAK,OAK.negative.single_prn_disturbance,C1,PASS,0,PASS,PASS,True,"8,10,11,12,14,18,20,21,24,25,27",75774734545275b859db0dc2d5b8ff84c2e0a7c32a10e6babb6345e0019cf86f,e274a4fa547c5bfa67c5d5f34bdedab4c92f846d28e68373db59446ad26a7323,2f6e8e969e525bb48b4d94f016af8fd24f433b0be26b51837f316f60a6b911e0,a9a6dcb69dcbae632d0b030e904211cf5155d772884574b2b0cdb75d1ad42781,11,68632960,/home/ubuntu/ssd_data/gnss-early-detection/artifacts/crid-stage0-r4b-phase-a-physical-identifiability-execution/replays/OAK/OAK.negative.single_prn_disturbance/C1/manifest.json,6cbdf570cfb7545206f06efaa5b89d43035a1c235d452383b5e2d656fb257752,PASS,14894
OAK,OAK.negative.single_prn_disturbance,C2,PASS,0,PASS,PASS,True,"8,10,11,12,14,18,20,21,24,25,27",75774734545275b859db0dc2d5b8ff84c2e0a7c32a10e6babb6345e0019cf86f,5cc91ce413a236d1dd1f36c117d8511f787cab47a630dde2fb779abf9316f418,2f6e8e969e525bb48b4d94f016af8fd24f433b0be26b51837f316f60a6b911e0,e2b9d5b09491660fd6c2cd3b502f8a88359f3b686f4cf36520793d20ec890241,11,68632960,/home/ubuntu/ssd_data/gnss-early-detection/artifacts/crid-stage0-r4b-phase-a-physical-identifiability-execution/replays/OAK/OAK.negative.single_prn_disturbance/C2/manifest.json,23d363424090e0fb8bd14899a9f32c4d47980626ed7417baeb25f8cb19cdbfef,PASS,14894
OAK,OAK.negative.single_prn_disturbance,C3,PASS,0,PASS,PASS,True,"8,10,11,12,14,18,20,21,24,25,27",75774734545275b859db0dc2d5b8ff84c2e0a7c32a10e6babb6345e0019cf86f,3b299b72fb13fedcdd564a82c9a662370bc9081a62085780a5640d199c164134,2f6e8e969e525bb48b4d94f016af8fd24f433b0be26b51837f316f60a6b911e0,909eed0237957da24ec454b70e6d7079363e7e44c708fc5afe44ea91bd699fe0,11,68632960,/home/ubuntu/ssd_data/gnss-early-detection/artifacts/crid-stage0-r4b-phase-a-physical-identifiability-execution/replays/OAK/OAK.negative.single_prn_disturbance/C3/manifest.json,c17bc9168c36e840a5077e26a5a66f4f77d7011092c773eed07ef72171260684,PASS,14894
OAK,OAK.negative.single_source_code_ramp,C0,PASS,0,PASS,PASS,True,"8,10,11,12,14,18,20,21,24,25,27",54e2bd505bfa7944fb404d4b9ba5f7597c79007b938a54e8310f079e3259810e,68ecad186721f2609e21d2026c3340bb7edde50ea39820dc7104e29fa983c0e7,2f6e8e969e525bb48b4d94f016af8fd24f433b0be26b51837f316f60a6b911e0,4b0682d90e21e8ce4a4ff7a60ce51ddfb8e7da65249903277e490703153eebc2,11,68632960,/home/ubuntu/ssd_data/gnss-early-detection/artifacts/crid-stage0-r4b-phase-a-physical-identifiability-execution/replays/OAK/OAK.negative.single_source_code_ramp/C0/manifest.json,2bfe6600188e788e669ec92603468b0053b431c283803b06cca5d4211c66f12e,PASS,14894
OAK,OAK.negative.single_source_code_ramp,C1,PASS,0,PASS,PASS,True,"8,10,11,12,14,18,20,21,24,25,27",54e2bd505bfa7944fb404d4b9ba5f7597c79007b938a54e8310f079e3259810e,1f09a4a6973dc184db493b01b54483ed49a215233c8bc818471cdc68297b198c,2f6e8e969e525bb48b4d94f016af8fd24f433b0be26b51837f316f60a6b911e0,3858e267b8446d91d62f79778dc9187338f518bb8cea5a569f498ad726e5a9de,11,68632960,/home/ubuntu/ssd_data/gnss-early-detection/artifacts/crid-stage0-r4b-phase-a-physical-identifiability-execution/replays/OAK/OAK.negative.single_source_code_ramp/C1/manifest.json,acffc326a00200c6ab4762dc6a725e28e04c6f062b241ae6c729c0a8ef441a12,PASS,14894
OAK,OAK.negative.single_source_code_ramp,C2,PASS,0,PASS,PASS,True,"8,10,11,12,14,18,20,21,24,25,27",54e2bd505bfa7944fb404d4b9ba5f7597c79007b938a54e8310f079e3259810e,0c3e07685a644842e64ef9905d3c2e475d295a16b4201502201918dd480c5543,2f6e8e969e525bb48b4d94f016af8fd24f433b0be26b51837f316f60a6b911e0,08e51d48c2cf3d5b0bf946c22aba1abcab12ee82c31ad8294f7a260c907ae6db,11,68632960,/home/ubuntu/ssd_data/gnss-early-detection/artifacts/crid-stage0-r4b-phase-a-physical-identifiability-execution/replays/OAK/OAK.negative.single_source_code_ramp/C2/manifest.json,a5a958dc1d332dc965275136664ab9a738a20da56b9c3954013be98957a3a94e,PASS,14894
OAK,OAK.negative.single_source_code_ramp,C3,PASS,0,PASS,PASS,True,"8,10,11,12,14,18,20,21,24,25,27",54e2bd505bfa7944fb404d4b9ba5f7597c79007b938a54e8310f079e3259810e,dd1da31cc1aba72f0a93750c28e2541901381a87ad84b7d415e9f3238443e77a,2f6e8e969e525bb48b4d94f016af8fd24f433b0be26b51837f316f60a6b911e0,256d2aed179a0d38586baafdc8502ca23d490c447dd99eb82f3b2c7dcb4ead29,11,68632960,/home/ubuntu/ssd_data/gnss-early-detection/artifacts/crid-stage0-r4b-phase-a-physical-identifiability-execution/replays/OAK/OAK.negative.single_source_code_ramp/C3/manifest.json,d5573c3feaf7fa4fcf8f88390e96f24191d6c7923dbd2d0ad7a1abf5b141ed91,PASS,14894
OAK,OAK.negative.single_source_doppler_ramp,C0,PASS,0,PASS,PASS,True,"8,10,11,12,14,18,20,21,24,25,27",25deb517e7a45433ce45757d78f135b65312b9b968f96de51e51f5d079c712da,d26fa3d772c6b236702c1b4846487a87f74e26fdc0096cbedd9ac47285266ab9,2f6e8e969e525bb48b4d94f016af8fd24f433b0be26b51837f316f60a6b911e0,d86bbc4bdb141bcbb37d7ddd69da0b6758ace16fe57c8b9f8380711af6bbce25,11,68632960,/home/ubuntu/ssd_data/gnss-early-detection/artifacts/crid-stage0-r4b-phase-a-physical-identifiability-execution/replays/OAK/OAK.negative.single_source_doppler_ramp/C0/manifest.json,dbd073e4a9a8111cacb76c699150ede9b19452ae140f9e756f27b261142f654a,PASS,14894
OAK,OAK.negative.single_source_doppler_ramp,C1,PASS,0,PASS,PASS,True,"8,10,11,12,14,18,20,21,24,25,27",25deb517e7a45433ce45757d78f135b65312b9b968f96de51e51f5d079c712da,a0c7f57e9b8a815dec8a92bb30b2b11c2369f38bc7321ad864097416b664958d,2f6e8e969e525bb48b4d94f016af8fd24f433b0be26b51837f316f60a6b911e0,36bd74d3744af7b90ab7d47bf8b75ae0d2891b9e3df96148320e0a2825b2b617,11,68632960,/home/ubuntu/ssd_data/gnss-early-detection/artifacts/crid-stage0-r4b-phase-a-physical-identifiability-execution/replays/OAK/OAK.negative.single_source_doppler_ramp/C1/manifest.json,ca24bf44a9c37eea4f82a80bc67f4f8686eada46350f36876fa65df54c5e551c,PASS,14894
OAK,OAK.negative.single_source_doppler_ramp,C2,PASS,0,PASS,PASS,True,"8,10,11,12,14,18,20,21,24,25,27",25deb517e7a45433ce45757d78f135b65312b9b968f96de51e51f5d079c712da,594ab103f40cdd902162d687193501da581d0008ad445bab2677a4080137e19e,2f6e8e969e525bb48b4d94f016af8fd24f433b0be26b51837f316f60a6b911e0,dab3d39bc98a14d811505718f768980943ac44021b0750e869420b5f939ee104,11,68632960,/home/ubuntu/ssd_data/gnss-early-detection/artifacts/crid-stage0-r4b-phase-a-physical-identifiability-execution/replays/OAK/OAK.negative.single_source_doppler_ramp/C2/manifest.json,7a1625d447bd1eb15610da270b33ac1f5bd715bee536e6bdcd0252b2c8c78459,PASS,14894
OAK,OAK.negative.single_source_doppler_ramp,C3,PASS,0,PASS,PASS,True,"8,10,11,12,14,18,20,21,24,25,27",25deb517e7a45433ce45757d78f135b65312b9b968f96de51e51f5d079c712da,2a03ea614f9b0e8496b7d46c2e97154ec7c3e5a7b9dffc6aa095ebb77ee6b6d3,2f6e8e969e525bb48b4d94f016af8fd24f433b0be26b51837f316f60a6b911e0,39ee8e9cad4356252d6ecda673786c07664d4974995294a7eed2155458db538d,11,68632960,/home/ubuntu/ssd_data/gnss-early-detection/artifacts/crid-stage0-r4b-phase-a-physical-identifiability-execution/replays/OAK/OAK.negative.single_source_doppler_ramp/C3/manifest.json,48024d8045fa7e5d49826cc460d328398ca5f6e0bf9336a6cc5e7d047903ce66,PASS,14894
OAK,OAK.negative.zero_delay_collapsed_duplicate,C0,PASS,0,PASS,PASS,True,"8,10,11,12,14,18,20,21,24,25,27",b483b7a1cba557eae4e77d4a68ce83904c7eec5d8e7a9b6574f2f84461243959,1dd359b67829db3e51e087527475ee869b949118b0b373f9c36a3510f66c5587,2f6e8e969e525bb48b4d94f016af8fd24f433b0be26b51837f316f60a6b911e0,8f2e4575ac298d4ea50bd182f6b43d22be75eeb5d4e5ec0333014ba14a02a3d2,11,68632960,/home/ubuntu/ssd_data/gnss-early-detection/artifacts/crid-stage0-r4b-phase-a-physical-identifiability-execution/replays/OAK/OAK.negative.zero_delay_collapsed_duplicate/C0/manifest.json,8ba65a96da572b8d471d261814a484ac9765b2a8e4b62ae5478292f7ad8e68f5,PASS,14900
OAK,OAK.negative.zero_delay_collapsed_duplicate,C1,PASS,0,PASS,PASS,True,"8,10,11,12,14,18,20,21,24,25,27",b483b7a1cba557eae4e77d4a68ce83904c7eec5d8e7a9b6574f2f84461243959,28234d30c075aef3284f9f067124aa9deca7cabbafcbf667d6f9069026d2592f,2f6e8e969e525bb48b4d94f016af8fd24f433b0be26b51837f316f60a6b911e0,d8421bca2eb4eba07f7fedfd4a3e146831d393d38225d5af06351cf9ad3c33e2,11,68632960,/home/ubuntu/ssd_data/gnss-early-detection/artifacts/crid-stage0-r4b-phase-a-physical-identifiability-execution/replays/OAK/OAK.negative.zero_delay_collapsed_duplicate/C1/manifest.json,9e121c322517947fa3d282d5b70945a20f8eccaf31d1f923359d29020658236c,PASS,14900
OAK,OAK.negative.zero_delay_collapsed_duplicate,C2,PASS,0,PASS,PASS,True,"8,10,11,12,14,18,20,21,24,25,27",b483b7a1cba557eae4e77d4a68ce83904c7eec5d8e7a9b6574f2f84461243959,33c8468c341d2cf2ae77b0beae40d4597806aff727fb1f4b1c4687d04d05a45d,2f6e8e969e525bb48b4d94f016af8fd24f433b0be26b51837f316f60a6b911e0,2619e58b4c7d3d9d66f3f8aa1b42f862c2f4af925994a22d480de1e702ea4f94,11,68632960,/home/ubuntu/ssd_data/gnss-early-detection/artifacts/crid-stage0-r4b-phase-a-physical-identifiability-execution/replays/OAK/OAK.negative.zero_delay_collapsed_duplicate/C2/manifest.json,be83d93c9232e0dbbd6b7b58e9d9e48cd8e763e387eb8e77655910540097df28,PASS,14900
OAK,OAK.negative.zero_delay_collapsed_duplicate,C3,PASS,0,PASS,PASS,True,"8,10,11,12,14,18,20,21,24,25,27",b483b7a1cba557eae4e77d4a68ce83904c7eec5d8e7a9b6574f2f84461243959,a43882d777819230127f4867d80b3f46755077f684c82a7f1630b2b32cd12922,2f6e8e969e525bb48b4d94f016af8fd24f433b0be26b51837f316f60a6b911e0,91cc0f7b7b5f9757a6c6ea77c95de9e1d01ea99135f29dc6586095e4775cb538,11,68632960,/home/ubuntu/ssd_data/gnss-early-detection/artifacts/crid-stage0-r4b-phase-a-physical-identifiability-execution/replays/OAK/OAK.negative.zero_delay_collapsed_duplicate/C3/manifest.json,e87b244a5dc65df2e63adb63dc9db48bd4436fb6607d9ec8a707afbd7e9a63ae,PASS,14900
OAK,OAK.positive.d050.p+00.four,C0,PASS,0,PASS,PASS,True,"8,10,11,12,14,18,20,21,24,25,27",3228c19380d63e0eb66f66f44fa79be49bbb7fe2b2e078fedafef83b5e036c3b,6e85bdc5e4d3433e48843665d93d9607954d59a72ffea52fd2215746712a43aa,2f6e8e969e525bb48b4d94f016af8fd24f433b0be26b51837f316f60a6b911e0,7465972c114ee4cd36c9e1f1d444f7f38d8a9bb23b3f06599219100da4170073,11,68632960,/home/ubuntu/ssd_data/gnss-early-detection/artifacts/crid-stage0-r4b-phase-a-physical-identifiability-execution/replays/OAK/OAK.positive.d050.p+00.four/C0/manifest.json,d7696bb46d8e69c4c10b867e532b1e389bf2f99c7f5c5e9f74ebb6b05ba7bb86,PASS,14889
OAK,OAK.positive.d050.p+00.four,C1,PASS,0,PASS,PASS,True,"8,10,11,12,14,18,20,21,24,25,27",3228c19380d63e0eb66f66f44fa79be49bbb7fe2b2e078fedafef83b5e036c3b,11a07e1d32341b54797b3779153f00e7c0bc2927dd2cdbe8c43df1c9e32efa48,2f6e8e969e525bb48b4d94f016af8fd24f433b0be26b51837f316f60a6b911e0,45e98d183898a7a41fb33e953146fe8db66a14fb0f6a20b5b3fe341f29edb87f,11,68632960,/home/ubuntu/ssd_data/gnss-early-detection/artifacts/crid-stage0-r4b-phase-a-physical-identifiability-execution/replays/OAK/OAK.positive.d050.p+00.four/C1/manifest.json,47de5ff0abfe7d1751a77ffdf20d38898cfc94c4bc3ee973f0f5fe7d9f2be7b9,PASS,14889
OAK,OAK.positive.d050.p+00.four,C2,PASS,0,PASS,PASS,True,"8,10,11,12,14,18,20,21,24,25,27",3228c19380d63e0eb66f66f44fa79be49bbb7fe2b2e078fedafef83b5e036c3b,1d390ebd733e1997a7d71e768b0170298050e941dcb186eab53305beb31c9bc1,2f6e8e969e525bb48b4d94f016af8fd24f433b0be26b51837f316f60a6b911e0,697ec03806ad3c8e58c52c396296f750354fe7c40928b42f75cc76c206a8be05,11,68632960,/home/ubuntu/ssd_data/gnss-early-detection/artifacts/crid-stage0-r4b-phase-a-physical-identifiability-execution/replays/OAK/OAK.positive.d050.p+00.four/C2/manifest.json,eec25e21c0c31bfd454f21bfcf3600e003fbcaa607cdfd394ff5b0c5f9caed89,PASS,14889
OAK,OAK.positive.d050.p+00.four,C3,PASS,0,PASS,PASS,True,"8,10,11,12,14,18,20,21,24,25,27",3228c19380d63e0eb66f66f44fa79be49bbb7fe2b2e078fedafef83b5e036c3b,15777116979b4899cdd13d672f8aed7c9f44848a74ab5795c5988fe64254d94e,2f6e8e969e525bb48b4d94f016af8fd24f433b0be26b51837f316f60a6b911e0,f5f3449033f697cbff0ef35d6dad552fae3e171204211c465fb2230ed478f0e7,11,68632960,/home/ubuntu/ssd_data/gnss-early-detection/artifacts/crid-stage0-r4b-phase-a-physical-identifiability-execution/replays/OAK/OAK.positive.d050.p+00.four/C3/manifest.json,be5dca2ab9aaa14cdfbc16ad78f2d54709ef7305967be4c62c4181982c574939,PASS,14889
OAK,OAK.positive.d050.p+00.single,C0,PASS,0,PASS,PASS,True,"8,10,11,12,14,18,20,21,24,25,27",d08111d677c2924af20625617b93d4f70a145c4be81e655659d706c963aff73e,a468972b95457f4d8a8661738892d7e0e50172b8831c828736ad45c40dbbc012,2f6e8e969e525bb48b4d94f016af8fd24f433b0be26b51837f316f60a6b911e0,6dad6cf78e786b8684a66ea6491f9474f9b1b6576ddab4202f52e76c9c3da8dc,11,68632960,/home/ubuntu/ssd_data/gnss-early-detection/artifacts/crid-stage0-r4b-phase-a-physical-identifiability-execution/replays/OAK/OAK.positive.d050.p+00.single/C0/manifest.json,8dafabb94de308f4be93a59804f47da976b7052644553b06851d658de9592cf3,PASS,14864
OAK,OAK.positive.d050.p+00.single,C1,PASS,0,PASS,PASS,True,"8,10,11,12,14,18,20,21,24,25,27",d08111d677c2924af20625617b93d4f70a145c4be81e655659d706c963aff73e,eb41cb7558413b055e9dbbcef249408d1b224abf0e34136d05240d5b2942d8b3,2f6e8e969e525bb48b4d94f016af8fd24f433b0be26b51837f316f60a6b911e0,e0bc582bd01342c80b861775c5bd479bae46faf96fafd4a69762bc86f6b0d990,11,68632960,/home/ubuntu/ssd_data/gnss-early-detection/artifacts/crid-stage0-r4b-phase-a-physical-identifiability-execution/replays/OAK/OAK.positive.d050.p+00.single/C1/manifest.json,6828c84add0f336a42fe12d21f0a03f4680de1566fc5e0cb1a01a8d12cb20ab6,PASS,14864
OAK,OAK.positive.d050.p+00.single,C2,PASS,0,PASS,PASS,True,"8,10,11,12,14,18,20,21,24,25,27",d08111d677c2924af20625617b93d4f70a145c4be81e655659d706c963aff73e,2f8fefdeaacfad3dad4b6008f5730cb378d70746ec0622d7cc3a03c822bc6882,2f6e8e969e525bb48b4d94f016af8fd24f433b0be26b51837f316f60a6b911e0,14ec62d23a69bfcf280236c85fb275cb349f6791f7b4d7d424bd25145f8e4185,11,68632960,/home/ubuntu/ssd_data/gnss-early-detection/artifacts/crid-stage0-r4b-phase-a-physical-identifiability-execution/replays/OAK/OAK.positive.d050.p+00.single/C2/manifest.json,cdb7bce5721cfb94542b03a5d890c2143a0ef489db4bdda2b2a0faa0feba7b3a,PASS,14864
OAK,OAK.positive.d050.p+00.single,C3,PASS,0,PASS,PASS,True,"8,10,11,12,14,18,20,21,24,25,27",d08111d677c2924af20625617b93d4f70a145c4be81e655659d706c963aff73e,4d86f07f78e0e14a9159f947fabeba04dbebd3bbdda72785248e953398525252,2f6e8e969e525bb48b4d94f016af8fd24f433b0be26b51837f316f60a6b911e0,3dcb2e6a88024a0218636a7666c4133cf1405d3d3e9424d4c11dad8384bd5852,11,68632960,/home/ubuntu/ssd_data/gnss-early-detection/artifacts/crid-stage0-r4b-phase-a-physical-identifiability-execution/replays/OAK/OAK.positive.d050.p+00.single/C3/manifest.json,c88f768d80f32788bc2ab1ed64f6752258940bdf37496830f47bccaacd30cc15,PASS,14864
OAK,OAK.positive.d050.p-03.four,C0,PASS,0,PASS,PASS,True,"8,10,11,12,14,18,20,21,24,25,27",61a44e39017e70c61b3cebaf1d8cd876ab6c9a17a2bce63eb4eff9d85cc80105,b195b44e3fe5fb99d80d53e36a5b44efb4559f252209c36187335a898d27e3da,2f6e8e969e525bb48b4d94f016af8fd24f433b0be26b51837f316f60a6b911e0,1fc270b814e78b3acf73ea1c42fe3775e9a6682c799dcfa515f4b0f791014a00,11,68632960,/home/ubuntu/ssd_data/gnss-early-detection/artifacts/crid-stage0-r4b-phase-a-physical-identifiability-execution/replays/OAK/OAK.positive.d050.p-03.four/C0/manifest.json,358c77d8154fccca3b13ee3143d7ff67f1ae116d7eada85502c27cffd28bf34a,PASS,14902
OAK,OAK.positive.d050.p-03.four,C1,PASS,0,PASS,PASS,True,"8,10,11,12,14,18,20,21,24,25,27",61a44e39017e70c61b3cebaf1d8cd876ab6c9a17a2bce63eb4eff9d85cc80105,4ec1e991aac9604cc43c52c20dfc758e66dfd2d822161354b7ccbe487c96828a,2f6e8e969e525bb48b4d94f016af8fd24f433b0be26b51837f316f60a6b911e0,456eb6299ebb4704b3c08a89cc0d26b9539a86d0f73be6ab5b264a8362fa1d80,11,68632960,/home/ubuntu/ssd_data/gnss-early-detection/artifacts/crid-stage0-r4b-phase-a-physical-identifiability-execution/replays/OAK/OAK.positive.d050.p-03.four/C1/manifest.json,b46dee04162f8f68efa30f4aed0e768723595777ec0ab49c12d002d63ddc4de5,PASS,14902
OAK,OAK.positive.d050.p-03.four,C2,PASS,0,PASS,PASS,True,"8,10,11,12,14,18,20,21,24,25,27",61a44e39017e70c61b3cebaf1d8cd876ab6c9a17a2bce63eb4eff9d85cc80105,925b89913a1b03fecb58912968e373ab5176820495ef6c4e5a177ea5164c5295,2f6e8e969e525bb48b4d94f016af8fd24f433b0be26b51837f316f60a6b911e0,473132a2edf333e81e4ca9399e7d25cb414ebbc8e66cbd214b65afe2d78d40cb,11,68632960,/home/ubuntu/ssd_data/gnss-early-detection/artifacts/crid-stage0-r4b-phase-a-physical-identifiability-execution/replays/OAK/OAK.positive.d050.p-03.four/C2/manifest.json,037b2abff79c0dda5f4cf16531ab61e80a503ad64f9502d28514d47f1501b9f3,PASS,14902
OAK,OAK.positive.d050.p-03.four,C3,PASS,0,PASS,PASS,True,"8,10,11,12,14,18,20,21,24,25,27",61a44e39017e70c61b3cebaf1d8cd876ab6c9a17a2bce63eb4eff9d85cc80105,ff436012ba96d6a47ee1f43733b19713c77144ffa3782ea76d6ecabd431b400b,2f6e8e969e525bb48b4d94f016af8fd24f433b0be26b51837f316f60a6b911e0,482cc9b269c37698ce2417de5663f9ee801d3d6dd8ba5a8542f2f20253db59c2,11,68632960,/home/ubuntu/ssd_data/gnss-early-detection/artifacts/crid-stage0-r4b-phase-a-physical-identifiability-execution/replays/OAK/OAK.positive.d050.p-03.four/C3/manifest.json,cf1564dae33c624e13ae57ddb7d68504ce840090649961f00f750347377445a7,PASS,14902
OAK,OAK.positive.d050.p-03.single,C0,PASS,0,PASS,PASS,True,"8,10,11,12,14,18,20,21,24,25,27",fe996e96eacf66cf1d1b3c7a1830b335c871a07a8ab8aa702b3d4e6de2d9450c,61547c7e97d60b5bd9ff4e5593b63a82f8a7a2810588a2d7c312f0a901afe013,2f6e8e969e525bb48b4d94f016af8fd24f433b0be26b51837f316f60a6b911e0,72586437c759bcb2c8bf5d41ed7747b24d3aa83def1ba11229b6d9a48336d635,11,68632960,/home/ubuntu/ssd_data/gnss-early-detection/artifacts/crid-stage0-r4b-phase-a-physical-identifiability-execution/replays/OAK/OAK.positive.d050.p-03.single/C0/manifest.json,9fb5c76389907703523269c30bbfc218faaa0ba1289851a2e41540c1a4f22b86,PASS,14891
OAK,OAK.positive.d050.p-03.single,C1,PASS,0,PASS,PASS,True,"8,10,11,12,14,18,20,21,24,25,27",fe996e96eacf66cf1d1b3c7a1830b335c871a07a8ab8aa702b3d4e6de2d9450c,9390eacd30fc04f4a028edd1b270ca0308982b598a857c6266c3409924eed85a,2f6e8e969e525bb48b4d94f016af8fd24f433b0be26b51837f316f60a6b911e0,18f0f3634e302b27b7789c7f7af9aab1e900944c39ad8ba6e3a79a783583725c,11,68632960,/home/ubuntu/ssd_data/gnss-early-detection/artifacts/crid-stage0-r4b-phase-a-physical-identifiability-execution/replays/OAK/OAK.positive.d050.p-03.single/C1/manifest.json,bef1c369fa93963a8f4f16779044a31946149dce6022e62ffeb43c583bb49bbb,PASS,14891
OAK,OAK.positive.d050.p-03.single,C2,PASS,0,PASS,PASS,True,"8,10,11,12,14,18,20,21,24,25,27",fe996e96eacf66cf1d1b3c7a1830b335c871a07a8ab8aa702b3d4e6de2d9450c,4ff7550215fcec59129d238338d65074b9b5af2dc0ec711909648ba8aa83a850,2f6e8e969e525bb48b4d94f016af8fd24f433b0be26b51837f316f60a6b911e0,1c6e0aed4f17a7c5cd91b132256345f3eaf00c75df5c44c93ee7b0af9fa039cd,11,68632960,/home/ubuntu/ssd_data/gnss-early-detection/artifacts/crid-stage0-r4b-phase-a-physical-identifiability-execution/replays/OAK/OAK.positive.d050.p-03.single/C2/manifest.json,68e6c1ecd422917d96472e99a8b69cf40a595abb8552c3d3c66ee441986f56cd,PASS,14891
OAK,OAK.positive.d050.p-03.single,C3,PASS,0,PASS,PASS,True,"8,10,11,12,14,18,20,21,24,25,27",fe996e96eacf66cf1d1b3c7a1830b335c871a07a8ab8aa702b3d4e6de2d9450c,d0c3ce39ebce15ef91de0605444bc8dc27aa0ea199290bb2a3d8e2ccdadc9e59,2f6e8e969e525bb48b4d94f016af8fd24f433b0be26b51837f316f60a6b911e0,28066f1563dd85da43f6ddebab2065fd5638bf3ff07c8d09b2b0af262c1c9a06,11,68632960,/home/ubuntu/ssd_data/gnss-early-detection/artifacts/crid-stage0-r4b-phase-a-physical-identifiability-execution/replays/OAK/OAK.positive.d050.p-03.single/C3/manifest.json,f090282930df485e8cd3313a8c52982c5462d4f0c1dd96d69e062cab008cfb5f,PASS,14891
OAK,OAK.positive.d050.p-06.four,C0,PASS,0,PASS,PASS,True,"8,10,11,12,14,18,20,21,24,25,27",7692b09a75403c44ae8142bbb097f2a877ff24b99cf5e1da4d5b54387dd00a53,896339c743b9ab004e98a325f5520143838c693a603b4e5c9e9622e24f655268,2f6e8e969e525bb48b4d94f016af8fd24f433b0be26b51837f316f60a6b911e0,d7f262df8e1fc873deba53cc023ae174dbc243cb87bb02557fd6ce51a16bfdef,11,68632960,/home/ubuntu/ssd_data/gnss-early-detection/artifacts/crid-stage0-r4b-phase-a-physical-identifiability-execution/replays/OAK/OAK.positive.d050.p-06.four/C0/manifest.json,c3d724e6a6a1cff4be112c7934d8b846260b0ce4fe45a5af7cc6534a5fa1560f,PASS,14894
OAK,OAK.positive.d050.p-06.four,C1,PASS,0,PASS,PASS,True,"8,10,11,12,14,18,20,21,24,25,27",7692b09a75403c44ae8142bbb097f2a877ff24b99cf5e1da4d5b54387dd00a53,c8a3db9db2dd4b2a0bff3fccd63f52755200bcb18bbe844a3243b7c2b1a386bb,2f6e8e969e525bb48b4d94f016af8fd24f433b0be26b51837f316f60a6b911e0,e447baa1f57e2d38c451de07b7de3b1a9d45d855a6c89b0034004cc991cc488b,11,68632960,/home/ubuntu/ssd_data/gnss-early-detection/artifacts/crid-stage0-r4b-phase-a-physical-identifiability-execution/replays/OAK/OAK.positive.d050.p-06.four/C1/manifest.json,f7261118d70790ccd3f77c263e8b773dd33db69721d042afecc0118f7e2a58aa,PASS,14894
OAK,OAK.positive.d050.p-06.four,C2,PASS,0,PASS,PASS,True,"8,10,11,12,14,18,20,21,24,25,27",7692b09a75403c44ae8142bbb097f2a877ff24b99cf5e1da4d5b54387dd00a53,5163df5f04d7ab3bbfd77378e4eb0b8264b15138664cf641fd3081616769ee0b,2f6e8e969e525bb48b4d94f016af8fd24f433b0be26b51837f316f60a6b911e0,22d1dac097792e8a6d7b3816fee7e27ffee6933b240d849f26f54d8462da8691,11,68632960,/home/ubuntu/ssd_data/gnss-early-detection/artifacts/crid-stage0-r4b-phase-a-physical-identifiability-execution/replays/OAK/OAK.positive.d050.p-06.four/C2/manifest.json,092fa42a5bf30a8d3857f46cf02f50f134381e62e758f4c7742c75a8fd486a3c,PASS,14894
OAK,OAK.positive.d050.p-06.four,C3,PASS,0,PASS,PASS,True,"8,10,11,12,14,18,20,21,24,25,27",7692b09a75403c44ae8142bbb097f2a877ff24b99cf5e1da4d5b54387dd00a53,f693c73604c0c4aa810d9f6fc5002c252f4cde835d7b93e28cb094153bb3f572,2f6e8e969e525bb48b4d94f016af8fd24f433b0be26b51837f316f60a6b911e0,d2978aa7614b170f56343c49543bd135e15dcaaa1a9568e889b6cdb3ad68cb04,11,68632960,/home/ubuntu/ssd_data/gnss-early-detection/artifacts/crid-stage0-r4b-phase-a-physical-identifiability-execution/replays/OAK/OAK.positive.d050.p-06.four/C3/manifest.json,02141583beb15d737b4e632150e28f974e2ffe129f897e71303a31a2961d4c88,PASS,14894
OAK,OAK.positive.d050.p-06.single,C0,PASS,0,PASS,PASS,True,"8,10,11,12,14,18,20,21,24,25,27",70d3fcbd2506a96172eb6a3c48e74a655bc79fd344235d6315ddc53a987cd9f6,8ee021ca8819f7e65ef8c12196835d48d9a71fc5cef6d91d331d4e02d155c528,2f6e8e969e525bb48b4d94f016af8fd24f433b0be26b51837f316f60a6b911e0,f413a63929c5adb6f05f89bfeda189801b9c79b761cd82ca9287c5286025ca14,11,68632960,/home/ubuntu/ssd_data/gnss-early-detection/artifacts/crid-stage0-r4b-phase-a-physical-identifiability-execution/replays/OAK/OAK.positive.d050.p-06.single/C0/manifest.json,16693f9a3054a940530f203794847bb9d878cf923334f2297646a46e5b84a167,PASS,14896
OAK,OAK.positive.d050.p-06.single,C1,PASS,0,PASS,PASS,True,"8,10,11,12,14,18,20,21,24,25,27",70d3fcbd2506a96172eb6a3c48e74a655bc79fd344235d6315ddc53a987cd9f6,ce81f586795e823d935d845778ee6203201ef5e8a29fbdc1e74360aacc2131d0,2f6e8e969e525bb48b4d94f016af8fd24f433b0be26b51837f316f60a6b911e0,8b4e16f29046b4f815d209fc60a6a2a62b4e6eec4937f5e13dfd2f315f4e6d2c,11,68632960,/home/ubuntu/ssd_data/gnss-early-detection/artifacts/crid-stage0-r4b-phase-a-physical-identifiability-execution/replays/OAK/OAK.positive.d050.p-06.single/C1/manifest.json,04f7ebcd0eb9df3bab6fdda6df6a79912b4e6ff479c8cff5770d851810e4ce07,PASS,14896
OAK,OAK.positive.d050.p-06.single,C2,PASS,0,PASS,PASS,True,"8,10,11,12,14,18,20,21,24,25,27",70d3fcbd2506a96172eb6a3c48e74a655bc79fd344235d6315ddc53a987cd9f6,7643e1b7a412e4a1e8cb607d5cf9d2aa0a43850166ac4198cede7f8c1d3a193b,2f6e8e969e525bb48b4d94f016af8fd24f433b0be26b51837f316f60a6b911e0,5f9566f7bb2391cb5b52dca02d6a0631b1855f3eb2d3a26dcd6e87b30a229a2f,11,68632960,/home/ubuntu/ssd_data/gnss-early-detection/artifacts/crid-stage0-r4b-phase-a-physical-identifiability-execution/replays/OAK/OAK.positive.d050.p-06.single/C2/manifest.json,e5bfae35694866c24af42cfdb811d981295adaa30310a2996c93433f9990ac7c,PASS,14896
OAK,OAK.positive.d050.p-06.single,C3,PASS,0,PASS,PASS,True,"8,10,11,12,14,18,20,21,24,25,27",70d3fcbd2506a96172eb6a3c48e74a655bc79fd344235d6315ddc53a987cd9f6,0f76f9c3e6dd16d9e0f85401dda5493b851f4bd32b929cf67f82de4bc784bbea,2f6e8e969e525bb48b4d94f016af8fd24f433b0be26b51837f316f60a6b911e0,a6ee9cb1eb1a8d66ae0e2319e2e9e0d9edd8d50ab9ddcf73e9299692e8193b86,11,68632960,/home/ubuntu/ssd_data/gnss-early-detection/artifacts/crid-stage0-r4b-phase-a-physical-identifiability-execution/replays/OAK/OAK.positive.d050.p-06.single/C3/manifest.json,7fb0f58533595dc50d5a9da3aaaccd81e759ebed1cec756643ac889fcddcbfaf,PASS,14896
OAK,OAK.positive.d150.p+00.four,C0,PASS,0,PASS,PASS,True,"8,10,11,12,14,18,20,21,24,25,27",40d28e74added498d9656c2d7326978276b0b7aa134248a60130681351a49dd1,cdb0f69d1698f20b45f1c37f8d6f3967fd456fe4a5690522724a353842166171,2f6e8e969e525bb48b4d94f016af8fd24f433b0be26b51837f316f60a6b911e0,031efb835fd87c11993c8c4a1495d732400049c225376ff3aa4f009151418018,11,68632960,/home/ubuntu/ssd_data/gnss-early-detection/artifacts/crid-stage0-r4b-phase-a-physical-identifiability-execution/replays/OAK/OAK.positive.d150.p+00.four/C0/manifest.json,62704b7b9c7251eb8cf840973e2601d559e71da0174525b56ec372f45b2c59eb,PASS,14851
OAK,OAK.positive.d150.p+00.four,C1,PASS,0,PASS,PASS,True,"8,10,11,12,14,18,20,21,24,25,27",40d28e74added498d9656c2d7326978276b0b7aa134248a60130681351a49dd1,99ebe632bf9843f11f1c15538251f4ea8bbd0ad192e7eef79a9d95369e91ae07,2f6e8e969e525bb48b4d94f016af8fd24f433b0be26b51837f316f60a6b911e0,7ace65f5eed5093bce8df259601efab7dbb55ca1fe22077db93929dc7aa2da91,11,68632960,/home/ubuntu/ssd_data/gnss-early-detection/artifacts/crid-stage0-r4b-phase-a-physical-identifiability-execution/replays/OAK/OAK.positive.d150.p+00.four/C1/manifest.json,d9e18e878d116b7be1ed360c2f8988f854b73326a4945fc02713277851c77cc2,PASS,14851
OAK,OAK.positive.d150.p+00.four,C2,PASS,0,PASS,PASS,True,"8,10,11,12,14,18,20,21,24,25,27",40d28e74added498d9656c2d7326978276b0b7aa134248a60130681351a49dd1,0c39588a94b609347b00a4a8a883af26d66d12d24b570b107322ebc5b98cc3f1,2f6e8e969e525bb48b4d94f016af8fd24f433b0be26b51837f316f60a6b911e0,6057a6cfe2e49c0c5f8397caa0a71cdd3fdcb0335134f0e2d4ccd23690b033da,11,68632960,/home/ubuntu/ssd_data/gnss-early-detection/artifacts/crid-stage0-r4b-phase-a-physical-identifiability-execution/replays/OAK/OAK.positive.d150.p+00.four/C2/manifest.json,e1a0a7c48dde866c2d9ea2ae9bb21b30a55f9c77ace3690b306ad2f948db44b7,PASS,14851
OAK,OAK.positive.d150.p+00.four,C3,PASS,0,PASS,PASS,True,"8,10,11,12,14,18,20,21,24,25,27",40d28e74added498d9656c2d7326978276b0b7aa134248a60130681351a49dd1,03442b286d1066df7dc3dbfa58fa14c1831a7bbbaa1b035a8b98547927c33281,2f6e8e969e525bb48b4d94f016af8fd24f433b0be26b51837f316f60a6b911e0,68e89de696fec0a18aea05e0041204a198dce8414e35fbad2bcee905bbf74ef8,11,68632960,/home/ubuntu/ssd_data/gnss-early-detection/artifacts/crid-stage0-r4b-phase-a-physical-identifiability-execution/replays/OAK/OAK.positive.d150.p+00.four/C3/manifest.json,69af9b16ae4b82b1e5ca842e98add5c5a91f2e68920d576ecb9455915b662cc2,PASS,14851
OAK,OAK.positive.d150.p+00.single,C0,PASS,0,PASS,PASS,True,"8,10,11,12,14,18,20,21,24,25,27",3747cb9ab196d0274234e3f4bfcbec5574eca066af38b7e4e3c04491b65cbc1b,dccea8eaf319e3e2ff0717468da6421bbc481cc02dce1d513bf27811c57fe78d,2f6e8e969e525bb48b4d94f016af8fd24f433b0be26b51837f316f60a6b911e0,b885f5d72a16b42629ab0f820b103a50f97c4beec5c25afeb34f53807254429f,11,68632960,/home/ubuntu/ssd_data/gnss-early-detection/artifacts/crid-stage0-r4b-phase-a-physical-identifiability-execution/replays/OAK/OAK.positive.d150.p+00.single/C0/manifest.json,067b2a42bc6703c4595c41877f13a7972446eb82d01704729e3006cc58864824,PASS,14895
OAK,OAK.positive.d150.p+00.single,C1,PASS,0,PASS,PASS,True,"8,10,11,12,14,18,20,21,24,25,27",3747cb9ab196d0274234e3f4bfcbec5574eca066af38b7e4e3c04491b65cbc1b,63ea20aa22221fba09c1b047c0821abebf07013da9fd33fafd38bbe232535ed9,2f6e8e969e525bb48b4d94f016af8fd24f433b0be26b51837f316f60a6b911e0,9c202783f543ce48bdf7ca5933475e733fb070ea0e152b05cf0d199f3f22b617,11,68632960,/home/ubuntu/ssd_data/gnss-early-detection/artifacts/crid-stage0-r4b-phase-a-physical-identifiability-execution/replays/OAK/OAK.positive.d150.p+00.single/C1/manifest.json,94925f384b01cea27b689744ae29b02567f0a085d45ed7c79053b801717d0dd7,PASS,14895
OAK,OAK.positive.d150.p+00.single,C2,PASS,0,PASS,PASS,True,"8,10,11,12,14,18,20,21,24,25,27",3747cb9ab196d0274234e3f4bfcbec5574eca066af38b7e4e3c04491b65cbc1b,04ee5f85bf001e9977ae9cffbbf4463bb0fe0154f36670d801e66d13a2c34463,2f6e8e969e525bb48b4d94f016af8fd24f433b0be26b51837f316f60a6b911e0,b5eb9eb28e622bcecfa7d1a7533ee75e2eef75efcb5a45decf239ff1b85346cd,11,68632960,/home/ubuntu/ssd_data/gnss-early-detection/artifacts/crid-stage0-r4b-phase-a-physical-identifiability-execution/replays/OAK/OAK.positive.d150.p+00.single/C2/manifest.json,339a71e2edfafeda5b2b3223bf09fd84323f5eb713ad171ae8d7ad3aed49dd4d,PASS,14895
OAK,OAK.positive.d150.p+00.single,C3,PASS,0,PASS,PASS,True,"8,10,11,12,14,18,20,21,24,25,27",3747cb9ab196d0274234e3f4bfcbec5574eca066af38b7e4e3c04491b65cbc1b,1ec4f3921080d435fdffb7fca50c7be64434bf9e52a7de0833a9208f860421ec,2f6e8e969e525bb48b4d94f016af8fd24f433b0be26b51837f316f60a6b911e0,4ee0312d30a23e5334f2dd95c3720ff411310b20d65a9e1ae8e6a97dfc7611b8,11,68632960,/home/ubuntu/ssd_data/gnss-early-detection/artifacts/crid-stage0-r4b-phase-a-physical-identifiability-execution/replays/OAK/OAK.positive.d150.p+00.single/C3/manifest.json,c52c6b6c03bd05c4714e3d2c6f8d889e873275cc4d918720388f8e80147e4b1e,PASS,14895
OAK,OAK.positive.d150.p-03.four,C0,PASS,0,PASS,PASS,True,"8,10,11,12,14,18,20,21,24,25,27",3f209bddbd61e7bb77aec4c99ab4eee351d9b368a2898fb490cf5ee5a5112d76,f7d2e14c0db23f7155ffb183b0fed6d1327127cdf390026f3284bb20cfaed038,2f6e8e969e525bb48b4d94f016af8fd24f433b0be26b51837f316f60a6b911e0,8180a4ce784b66916b78097a7ab5da38344e1fe408a6badf9a9373f497eb28b7,11,68632960,/home/ubuntu/ssd_data/gnss-early-detection/artifacts/crid-stage0-r4b-phase-a-physical-identifiability-execution/replays/OAK/OAK.positive.d150.p-03.four/C0/manifest.json,c32e08b3fa852dd5968fd9ed83fdee34b84e7f85c849510baa506483c27f0ffa,PASS,14890
OAK,OAK.positive.d150.p-03.four,C1,PASS,0,PASS,PASS,True,"8,10,11,12,14,18,20,21,24,25,27",3f209bddbd61e7bb77aec4c99ab4eee351d9b368a2898fb490cf5ee5a5112d76,83fb257606ebcba68b2986129401768bf64dd6325ea5e9e5ebaa044609ff3fdf,2f6e8e969e525bb48b4d94f016af8fd24f433b0be26b51837f316f60a6b911e0,991abaad151267a77cf6739d42d9bb0d7421b8c95d6249fa6edeb87f0c988bd1,11,68632960,/home/ubuntu/ssd_data/gnss-early-detection/artifacts/crid-stage0-r4b-phase-a-physical-identifiability-execution/replays/OAK/OAK.positive.d150.p-03.four/C1/manifest.json,a29114ed2059bb4ec925c8aecbc222f1e938718655ad2721796fd90ebcb27cf8,PASS,14890
OAK,OAK.positive.d150.p-03.four,C2,PASS,0,PASS,PASS,True,"8,10,11,12,14,18,20,21,24,25,27",3f209bddbd61e7bb77aec4c99ab4eee351d9b368a2898fb490cf5ee5a5112d76,900d500e91bbef9b9a0de64ee7e9ba9cadda8a069901b29825cc37d2846d50b9,2f6e8e969e525bb48b4d94f016af8fd24f433b0be26b51837f316f60a6b911e0,672d9ccd1c7169676a8ef0e7543ffccce8c465b1c645ac710203d1fab9712b35,11,68632960,/home/ubuntu/ssd_data/gnss-early-detection/artifacts/crid-stage0-r4b-phase-a-physical-identifiability-execution/replays/OAK/OAK.positive.d150.p-03.four/C2/manifest.json,93a5a156a67fce72e7af50cf3a4283290b6851bcfc998ab9730754d0890232d6,PASS,14890
OAK,OAK.positive.d150.p-03.four,C3,PASS,0,PASS,PASS,True,"8,10,11,12,14,18,20,21,24,25,27",3f209bddbd61e7bb77aec4c99ab4eee351d9b368a2898fb490cf5ee5a5112d76,3f66f2f3d78a145c32774ba0735c6c4d971e3a01e339a3a75375d98a8a6df5bd,2f6e8e969e525bb48b4d94f016af8fd24f433b0be26b51837f316f60a6b911e0,71c666c87f78026d1720c42615c39ff7db0b91162e24a055717e5da9d3299ca0,11,68632960,/home/ubuntu/ssd_data/gnss-early-detection/artifacts/crid-stage0-r4b-phase-a-physical-identifiability-execution/replays/OAK/OAK.positive.d150.p-03.four/C3/manifest.json,e6717265700c56d17cb448b13cbf23139878ea3a511a7c2195580942541f377c,PASS,14890
OAK,OAK.positive.d150.p-03.single,C0,PASS,0,PASS,PASS,True,"8,10,11,12,14,18,20,21,24,25,27",b6e6a5c01ef89e8577ed4d45c35e65dfb37b6b1651dd4696bc3536d0ab40b4c2,3a0da5ce84960247a73b5199bfe22467ba081f2202d405ebcbd2638149fa16f4,2f6e8e969e525bb48b4d94f016af8fd24f433b0be26b51837f316f60a6b911e0,0e7692d86e9fe5b6dbf990a57b905d306aef33993fd31bc21db822a564dd6de4,11,68632960,/home/ubuntu/ssd_data/gnss-early-detection/artifacts/crid-stage0-r4b-phase-a-physical-identifiability-execution/replays/OAK/OAK.positive.d150.p-03.single/C0/manifest.json,a66beeca1a44324e819a88818ee6cb92b35973af244dd559701835597fae5a57,PASS,14861
OAK,OAK.positive.d150.p-03.single,C1,PASS,0,PASS,PASS,True,"8,10,11,12,14,18,20,21,24,25,27",b6e6a5c01ef89e8577ed4d45c35e65dfb37b6b1651dd4696bc3536d0ab40b4c2,0a96dee42affc7ed9d93d3dccc56fa54b7d6f673d048a13f27e0e996ababc8a1,2f6e8e969e525bb48b4d94f016af8fd24f433b0be26b51837f316f60a6b911e0,f39ebec85019f9bb590cf380ad180b61de15f18615432c38261526f2b8e06151,11,68632960,/home/ubuntu/ssd_data/gnss-early-detection/artifacts/crid-stage0-r4b-phase-a-physical-identifiability-execution/replays/OAK/OAK.positive.d150.p-03.single/C1/manifest.json,f038e1f41977c7e2aab9e529ea0131802fa612169d996f32685df8d9f4c407f2,PASS,14861
OAK,OAK.positive.d150.p-03.single,C2,PASS,0,PASS,PASS,True,"8,10,11,12,14,18,20,21,24,25,27",b6e6a5c01ef89e8577ed4d45c35e65dfb37b6b1651dd4696bc3536d0ab40b4c2,00956e834b567534b51b53b6d9ffd6a7b89985d563d7a5f0550d0b46cfc1e5e6,2f6e8e969e525bb48b4d94f016af8fd24f433b0be26b51837f316f60a6b911e0,e1a5b89eea60387bded2c7369db9cc2b241d1698bdd25c03d4ef964b67d3b9b5,11,68632960,/home/ubuntu/ssd_data/gnss-early-detection/artifacts/crid-stage0-r4b-phase-a-physical-identifiability-execution/replays/OAK/OAK.positive.d150.p-03.single/C2/manifest.json,86630c8e4245583df0bb58b8a67c24ba6e965f4a428a2dfb2deb96b4f1592d5e,PASS,14861
OAK,OAK.positive.d150.p-03.single,C3,PASS,0,PASS,PASS,True,"8,10,11,12,14,18,20,21,24,25,27",b6e6a5c01ef89e8577ed4d45c35e65dfb37b6b1651dd4696bc3536d0ab40b4c2,edb4426b58d5483793146f8e6ac1e038f2bed6e4bd26f8f4e7f310ed184f9971,2f6e8e969e525bb48b4d94f016af8fd24f433b0be26b51837f316f60a6b911e0,c94d58a32eb56c0bdccac92688957d5cda897181d8097ebadb49f62491d99b08,11,68632960,/home/ubuntu/ssd_data/gnss-early-detection/artifacts/crid-stage0-r4b-phase-a-physical-identifiability-execution/replays/OAK/OAK.positive.d150.p-03.single/C3/manifest.json,38e461612a12ba158d93c535663e0b792bf6612dec34c81ab3b7148959459164,PASS,14861
OAK,OAK.positive.d150.p-06.four,C0,PASS,0,PASS,PASS,True,"8,10,11,12,14,18,20,21,24,25,27",0d741bb56a10b97b0cac312dfe312f6a0dbb0b3112866985fbaff32ec7f052fb,40650ecfcf970a0247bb916309d94cdc3797cc63d24d0a44928324587db10c3b,2f6e8e969e525bb48b4d94f016af8fd24f433b0be26b51837f316f60a6b911e0,84ad3095b1b2ff5094db1f6c46919386ff1c0ddcb3fd2dfa94b58b848196d1be,11,68632960,/home/ubuntu/ssd_data/gnss-early-detection/artifacts/crid-stage0-r4b-phase-a-physical-identifiability-execution/replays/OAK/OAK.positive.d150.p-06.four/C0/manifest.json,831c74cd7e28b296a4e7d5607e61e93258676b50e8cd0acd7fb9fe5ffd1cfd1a,PASS,14910
OAK,OAK.positive.d150.p-06.four,C1,PASS,0,PASS,PASS,True,"8,10,11,12,14,18,20,21,24,25,27",0d741bb56a10b97b0cac312dfe312f6a0dbb0b3112866985fbaff32ec7f052fb,b753d5b808ba8767f1868a0c8bc43947752ee4517117a99d61f9d1b138311420,2f6e8e969e525bb48b4d94f016af8fd24f433b0be26b51837f316f60a6b911e0,ffbc3a9b395d10f0c33f47ab588bd1b47f5a4e4d3124e7ca05866c34fa24b371,11,68632960,/home/ubuntu/ssd_data/gnss-early-detection/artifacts/crid-stage0-r4b-phase-a-physical-identifiability-execution/replays/OAK/OAK.positive.d150.p-06.four/C1/manifest.json,576d4fc1c369668e351a4d691e4276a51dc28c8bf977597364ac417f6185076e,PASS,14910
OAK,OAK.positive.d150.p-06.four,C2,PASS,0,PASS,PASS,True,"8,10,11,12,14,18,20,21,24,25,27",0d741bb56a10b97b0cac312dfe312f6a0dbb0b3112866985fbaff32ec7f052fb,448cf543660991cd3ceee14f522cde92adc585f4a05afd8cc1807319a41dea8e,2f6e8e969e525bb48b4d94f016af8fd24f433b0be26b51837f316f60a6b911e0,5f42e8f37c38c60007391affba73cc5eca8e39ecfbdc71100bd1afa30520b781,11,68632960,/home/ubuntu/ssd_data/gnss-early-detection/artifacts/crid-stage0-r4b-phase-a-physical-identifiability-execution/replays/OAK/OAK.positive.d150.p-06.four/C2/manifest.json,1ab05bd67da9218488be0204b63363d6e4b3dff991b42db5b9e609fd15c2f87f,PASS,14910
OAK,OAK.positive.d150.p-06.four,C3,PASS,0,PASS,PASS,True,"8,10,11,12,14,18,20,21,24,25,27",0d741bb56a10b97b0cac312dfe312f6a0dbb0b3112866985fbaff32ec7f052fb,f7a4a078f06f7b30b114dff15b1aebd32115731077768248c27128fb46f70c52,2f6e8e969e525bb48b4d94f016af8fd24f433b0be26b51837f316f60a6b911e0,1551a710b17c9f1bd60763e7025e97646a761980b7816c5d7a730abba031423e,11,68632960,/home/ubuntu/ssd_data/gnss-early-detection/artifacts/crid-stage0-r4b-phase-a-physical-identifiability-execution/replays/OAK/OAK.positive.d150.p-06.four/C3/manifest.json,a07b93d9e424ddff8ad94a8696cec1ff56f7e35f64f757ec64b4fde837b56643,PASS,14910
OAK,OAK.positive.d150.p-06.single,C0,PASS,0,PASS,PASS,True,"8,10,11,12,14,18,20,21,24,25,27",4eee18f518ed3f0b9f5eefb3237ca327644359360174f296b9c193aa1809a0bb,c48e7704a26beb08284ef3b07c926e63ba8e819c4f894852272c9ca79716954e,2f6e8e969e525bb48b4d94f016af8fd24f433b0be26b51837f316f60a6b911e0,9c6aa9a21ae7e48a83946942cf8bbb5e1ab86bba50b20db58c60fb9c0e4509be,11,68632960,/home/ubuntu/ssd_data/gnss-early-detection/artifacts/crid-stage0-r4b-phase-a-physical-identifiability-execution/replays/OAK/OAK.positive.d150.p-06.single/C0/manifest.json,e31230cc2ec3b95a53864d92817b560a78d4725991fe14882d5764dd19c53952,PASS,14895
OAK,OAK.positive.d150.p-06.single,C1,PASS,0,PASS,PASS,True,"8,10,11,12,14,18,20,21,24,25,27",4eee18f518ed3f0b9f5eefb3237ca327644359360174f296b9c193aa1809a0bb,7d3264bc88b926b0d30222309830bb5c9dcff522046fb50b44f43f918725e005,2f6e8e969e525bb48b4d94f016af8fd24f433b0be26b51837f316f60a6b911e0,0ef98575748a359412c327d98f4dd68a29fb772a113a99adaf4150cdffee8c39,11,68632960,/home/ubuntu/ssd_data/gnss-early-detection/artifacts/crid-stage0-r4b-phase-a-physical-identifiability-execution/replays/OAK/OAK.positive.d150.p-06.single/C1/manifest.json,21c1dee9c69b00d75076b29ffe56785fb5d3e77ed9ca6508c3c75b0de40367b5,PASS,14895
OAK,OAK.positive.d150.p-06.single,C2,PASS,0,PASS,PASS,True,"8,10,11,12,14,18,20,21,24,25,27",4eee18f518ed3f0b9f5eefb3237ca327644359360174f296b9c193aa1809a0bb,9c5ec9bf3b56ddd51e5e296c186827442c7367b91bc98eeb204455825915fb71,2f6e8e969e525bb48b4d94f016af8fd24f433b0be26b51837f316f60a6b911e0,f64101d4efac5e455bbe3ee1bda4eb4f08cac61d511531620838544e6c1c7905,11,68632960,/home/ubuntu/ssd_data/gnss-early-detection/artifacts/crid-stage0-r4b-phase-a-physical-identifiability-execution/replays/OAK/OAK.positive.d150.p-06.single/C2/manifest.json,99f90e93b4ad953d573f0e9428fac4d07a7f711ab7282e45db54c6ac443934ee,PASS,14895
OAK,OAK.positive.d150.p-06.single,C3,PASS,0,PASS,PASS,True,"8,10,11,12,14,18,20,21,24,25,27",4eee18f518ed3f0b9f5eefb3237ca327644359360174f296b9c193aa1809a0bb,30cc1f7bff928fce69fe8836a285542d4b8c7b5268821e840d57b64447b39bec,2f6e8e969e525bb48b4d94f016af8fd24f433b0be26b51837f316f60a6b911e0,97eca9a0adb0e19b1588335fe02f7602ab6e1752c66292de2003225e9e9311bd,11,68632960,/home/ubuntu/ssd_data/gnss-early-detection/artifacts/crid-stage0-r4b-phase-a-physical-identifiability-execution/replays/OAK/OAK.positive.d150.p-06.single/C3/manifest.json,44c5df78c3e8d42c125912522148c54dfaf888aada74c3b169bfa7664fd429e4,PASS,14895
OAK,OAK.positive.d300.p+00.four,C0,PASS,0,PASS,PASS,True,"8,10,11,12,14,18,20,21,24,25,27",e79fd7fe173cd89c61ae49ea5b0b8eaf74c70a1b8905eb7412a81d6f8d9ea435,7b7440e6c28e7eb25dbb98365024cab0577948bf739827b0bd1ff7fcbc6a0bb9,2f6e8e969e525bb48b4d94f016af8fd24f433b0be26b51837f316f60a6b911e0,44824ed2396d20f815dc00bc0a439388174608e59518ddae96a1949579128bc5,11,68632960,/home/ubuntu/ssd_data/gnss-early-detection/artifacts/crid-stage0-r4b-phase-a-physical-identifiability-execution/replays/OAK/OAK.positive.d300.p+00.four/C0/manifest.json,8ee4107fdabad3e02505ce0ee9fd3cf923f0bb4f04638e9ecbbe3a40718c52dd,PASS,14913
OAK,OAK.positive.d300.p+00.four,C1,PASS,0,PASS,PASS,True,"8,10,11,12,14,18,20,21,24,25,27",e79fd7fe173cd89c61ae49ea5b0b8eaf74c70a1b8905eb7412a81d6f8d9ea435,4c2762b1de2c88365337515398ed18c0a1deb63a3843ef4e76268301969ca4bf,2f6e8e969e525bb48b4d94f016af8fd24f433b0be26b51837f316f60a6b911e0,782d9c2eaf8450f21152de95839b426a907bcf249689e749e6b7d980ae9f2eb6,11,68632960,/home/ubuntu/ssd_data/gnss-early-detection/artifacts/crid-stage0-r4b-phase-a-physical-identifiability-execution/replays/OAK/OAK.positive.d300.p+00.four/C1/manifest.json,5900de4fd363b8172ebcf20cd9a4dc339c30f3c064722309023bc9729b78070c,PASS,14913
OAK,OAK.positive.d300.p+00.four,C2,PASS,0,PASS,PASS,True,"8,10,11,12,14,18,20,21,24,25,27",e79fd7fe173cd89c61ae49ea5b0b8eaf74c70a1b8905eb7412a81d6f8d9ea435,8166f22329691da200ee930e4d170f81ea75d97c8a80368be90bbc521bfeab43,2f6e8e969e525bb48b4d94f016af8fd24f433b0be26b51837f316f60a6b911e0,04b5ea393d575fe3ca74f0768597156e90353303bb15e1332428b75cc0ce55f1,11,68632960,/home/ubuntu/ssd_data/gnss-early-detection/artifacts/crid-stage0-r4b-phase-a-physical-identifiability-execution/replays/OAK/OAK.positive.d300.p+00.four/C2/manifest.json,c6669b2516d206a6523b9637deb992152bc9992bd4f3ab97c1cc6575b448a243,PASS,14913
OAK,OAK.positive.d300.p+00.four,C3,PASS,0,PASS,PASS,True,"8,10,11,12,14,18,20,21,24,25,27",e79fd7fe173cd89c61ae49ea5b0b8eaf74c70a1b8905eb7412a81d6f8d9ea435,5a09ea8f3cd25cccce9af51ab95fac0b284865009c1fc3226ac046abbe534620,2f6e8e969e525bb48b4d94f016af8fd24f433b0be26b51837f316f60a6b911e0,1c8d84e88da094affa6b67354efa1d5dcb9e061f2858b66e4e35da981f033fa9,11,68632960,/home/ubuntu/ssd_data/gnss-early-detection/artifacts/crid-stage0-r4b-phase-a-physical-identifiability-execution/replays/OAK/OAK.positive.d300.p+00.four/C3/manifest.json,2566f32547a50dc35344c14dec8dd50ca62deaf58a5f5a18ac1d7bc1a29f55ec,PASS,14913
OAK,OAK.positive.d300.p+00.single,C0,PASS,0,PASS,PASS,True,"8,10,11,12,14,18,20,21,24,25,27",d21829ce47462416cf1cf9fa0b62f7891f7167d56758600c301450461b361802,9e2b625599a01da5f6136b3279232db670319f651b0b85d1e1c3f8146e311716,2f6e8e969e525bb48b4d94f016af8fd24f433b0be26b51837f316f60a6b911e0,746312e40fa3fdf768deec41bf9a83044cd0e0b5725f7e26d306b16978f606fc,11,68632960,/home/ubuntu/ssd_data/gnss-early-detection/artifacts/crid-stage0-r4b-phase-a-physical-identifiability-execution/replays/OAK/OAK.positive.d300.p+00.single/C0/manifest.json,d6f0dd4377dba5f5dcbb5d8bc041501300f03e55723408fa6c99b69a3949c720,PASS,14886
OAK,OAK.positive.d300.p+00.single,C1,PASS,0,PASS,PASS,True,"8,10,11,12,14,18,20,21,24,25,27",d21829ce47462416cf1cf9fa0b62f7891f7167d56758600c301450461b361802,804cfa42318ff6f0b47cfae589f91d8b96f2477ec8820626625a0a4da3f8d5dd,2f6e8e969e525bb48b4d94f016af8fd24f433b0be26b51837f316f60a6b911e0,4b6c599077f179a5460a02215bf03c430a66e875a8440abfc33f6d527c653f98,11,68632960,/home/ubuntu/ssd_data/gnss-early-detection/artifacts/crid-stage0-r4b-phase-a-physical-identifiability-execution/replays/OAK/OAK.positive.d300.p+00.single/C1/manifest.json,5a382e2d219befb815a6ca47143096b3565f84eddf1fd8d785686fb066ffe4de,PASS,14886
OAK,OAK.positive.d300.p+00.single,C2,PASS,0,PASS,PASS,True,"8,10,11,12,14,18,20,21,24,25,27",d21829ce47462416cf1cf9fa0b62f7891f7167d56758600c301450461b361802,994f8929c6f77e56ab69395b730012297b1ad353e276fd3354b6d3a8b348cc98,2f6e8e969e525bb48b4d94f016af8fd24f433b0be26b51837f316f60a6b911e0,de6b4154b92ebddd7ddae9fd703434280a3feb333984c00661fd3222d010dc9a,11,68632960,/home/ubuntu/ssd_data/gnss-early-detection/artifacts/crid-stage0-r4b-phase-a-physical-identifiability-execution/replays/OAK/OAK.positive.d300.p+00.single/C2/manifest.json,144d8549833c0c3ff2f984583a132d4b780d3a4b6f36b7f63366980dda63de1e,PASS,14886
OAK,OAK.positive.d300.p+00.single,C3,PASS,0,PASS,PASS,True,"8,10,11,12,14,18,20,21,24,25,27",d21829ce47462416cf1cf9fa0b62f7891f7167d56758600c301450461b361802,647046c8bedc15e107f986f36aa5e2669d2a1db5dda3c12a9b36dc1e2ea1dfc4,2f6e8e969e525bb48b4d94f016af8fd24f433b0be26b51837f316f60a6b911e0,e965b83de4a2caf35a6d4536aebe9eb412a2ff9c6bfdfaea7f334d1ed8060a65,11,68632960,/home/ubuntu/ssd_data/gnss-early-detection/artifacts/crid-stage0-r4b-phase-a-physical-identifiability-execution/replays/OAK/OAK.positive.d300.p+00.single/C3/manifest.json,e451f7daa8d1b4178a4aa062a42df18408ac0031976d971c60a3f061c7205d9f,PASS,14886
OAK,OAK.positive.d300.p-03.four,C0,PASS,0,PASS,PASS,True,"8,10,11,12,14,18,20,21,24,25,27",5d76abaac1b902239ea618720dac245d198305531a2436a2bfd13a666cd449d4,1d3fe02ae4af1bebb57e9ca9da5dfcebcac9b4a74ba483835afaa0492daa2713,2f6e8e969e525bb48b4d94f016af8fd24f433b0be26b51837f316f60a6b911e0,579382289845ed51160ac550a12e8377abf78d625b6dcec47ef82ab2e3b45ddc,11,68632960,/home/ubuntu/ssd_data/gnss-early-detection/artifacts/crid-stage0-r4b-phase-a-physical-identifiability-execution/replays/OAK/OAK.positive.d300.p-03.four/C0/manifest.json,61314c46c7e6106eb94c98746a2faac9e33b2ba076bfb930dc664e8cb5e76de0,PASS,14906
OAK,OAK.positive.d300.p-03.four,C1,PASS,0,PASS,PASS,True,"8,10,11,12,14,18,20,21,24,25,27",5d76abaac1b902239ea618720dac245d198305531a2436a2bfd13a666cd449d4,a28eb6e83227dd533c8f3cdcc5c924bcd93d9276873156a2855dc865528e77f9,2f6e8e969e525bb48b4d94f016af8fd24f433b0be26b51837f316f60a6b911e0,41b022abc6de8f0a72db24b8758d5e42f4882bb3b4c299e446d596ec4cbc6a79,11,68632960,/home/ubuntu/ssd_data/gnss-early-detection/artifacts/crid-stage0-r4b-phase-a-physical-identifiability-execution/replays/OAK/OAK.positive.d300.p-03.four/C1/manifest.json,cc8993ff3fc60f6636d910c70e8aab2330450defe3020bfa281787873c9d42f7,PASS,14906
OAK,OAK.positive.d300.p-03.four,C2,PASS,0,PASS,PASS,True,"8,10,11,12,14,18,20,21,24,25,27",5d76abaac1b902239ea618720dac245d198305531a2436a2bfd13a666cd449d4,3f4cdc43e8ee4df6a5d13a110a40fd4d881dcff644f27fe4262db9ce37574fb5,2f6e8e969e525bb48b4d94f016af8fd24f433b0be26b51837f316f60a6b911e0,e8137309cbe20bdb048d8f441f470b9c3219f341025d6bc9d9884ead2dd747ed,11,68632960,/home/ubuntu/ssd_data/gnss-early-detection/artifacts/crid-stage0-r4b-phase-a-physical-identifiability-execution/replays/OAK/OAK.positive.d300.p-03.four/C2/manifest.json,5920a9a971f5eec5fc6cc9f4375e118266fcc647b20611c74ada5c3951971760,PASS,14906
OAK,OAK.positive.d300.p-03.four,C3,PASS,0,PASS,PASS,True,"8,10,11,12,14,18,20,21,24,25,27",5d76abaac1b902239ea618720dac245d198305531a2436a2bfd13a666cd449d4,ea649a6736134b8d6a3fbf4be33dad21cbdc545a69e26e277c50439b900925d0,2f6e8e969e525bb48b4d94f016af8fd24f433b0be26b51837f316f60a6b911e0,ce7cee9ffebf03ab866959b37092f2e07a349b9a9784db5704ccfa56d3e14847,11,68632960,/home/ubuntu/ssd_data/gnss-early-detection/artifacts/crid-stage0-r4b-phase-a-physical-identifiability-execution/replays/OAK/OAK.positive.d300.p-03.four/C3/manifest.json,e9e48cb3bff5fbc1ee8e1fac6f1cf15a211c193915b21f48e61667644b06d041,PASS,14906
OAK,OAK.positive.d300.p-03.single,C0,PASS,0,PASS,PASS,True,"8,10,11,12,14,18,20,21,24,25,27",e694a109163762c2ab55b7a284d76673f186443db60590491e28d5e9ebdc7489,755b5c99ebe96d4cdc70edf2964fcdff2b238d6dc78e9b260538b3b8dfe1741b,2f6e8e969e525bb48b4d94f016af8fd24f433b0be26b51837f316f60a6b911e0,ee69c033b37c1638a82490840b680f785f5f45ed0da12f0b51d1cd768296606b,11,68632960,/home/ubuntu/ssd_data/gnss-early-detection/artifacts/crid-stage0-r4b-phase-a-physical-identifiability-execution/replays/OAK/OAK.positive.d300.p-03.single/C0/manifest.json,24c4ee3ba70068d1b579ff0f3ac1de2c5a94965d218974bbf48223bc042bb012,PASS,14902
OAK,OAK.positive.d300.p-03.single,C1,PASS,0,PASS,PASS,True,"8,10,11,12,14,18,20,21,24,25,27",e694a109163762c2ab55b7a284d76673f186443db60590491e28d5e9ebdc7489,ebebad32f617dbb1c9c369f3446b05f838b87f89000bfa4b47f0a75afea1db34,2f6e8e969e525bb48b4d94f016af8fd24f433b0be26b51837f316f60a6b911e0,637f151752f7e571fc08f74f212e6fd12ecb45bf9169079d7bd72739ebcd05aa,11,68632960,/home/ubuntu/ssd_data/gnss-early-detection/artifacts/crid-stage0-r4b-phase-a-physical-identifiability-execution/replays/OAK/OAK.positive.d300.p-03.single/C1/manifest.json,ace7d7514572416187c0e97c0a6bb716775c93ff200b5136f8e31f2b57f9482f,PASS,14902
OAK,OAK.positive.d300.p-03.single,C2,PASS,0,PASS,PASS,True,"8,10,11,12,14,18,20,21,24,25,27",e694a109163762c2ab55b7a284d76673f186443db60590491e28d5e9ebdc7489,23b7b0fa82e2e36aa8cc628490175c1050ee6f15e1fc280079726f63a000cd59,2f6e8e969e525bb48b4d94f016af8fd24f433b0be26b51837f316f60a6b911e0,6e942681cfa4ccc44d444331e8cce42b607e2cc8348ade136db27114fdc7f848,11,68632960,/home/ubuntu/ssd_data/gnss-early-detection/artifacts/crid-stage0-r4b-phase-a-physical-identifiability-execution/replays/OAK/OAK.positive.d300.p-03.single/C2/manifest.json,56bbcff26101f5807d4f754d0065a9eef40e7848d9d38f966f87c27a363cf45d,PASS,14902
OAK,OAK.positive.d300.p-03.single,C3,PASS,0,PASS,PASS,True,"8,10,11,12,14,18,20,21,24,25,27",e694a109163762c2ab55b7a284d76673f186443db60590491e28d5e9ebdc7489,c4be59e7c23d98b23516d0e9056a04022619b7d1ee0011f0fdfa12563467fae1,2f6e8e969e525bb48b4d94f016af8fd24f433b0be26b51837f316f60a6b911e0,51a55ce6cd7cf68fd30dcb5d98d8a57d319ffff3e122561eb72e762ff20b63c4,11,68632960,/home/ubuntu/ssd_data/gnss-early-detection/artifacts/crid-stage0-r4b-phase-a-physical-identifiability-execution/replays/OAK/OAK.positive.d300.p-03.single/C3/manifest.json,e1f49f9bbc8e914fa0037db30bfe3db31e9fb89f99ab9ec60d1c01474b24e2de,PASS,14902
OAK,OAK.positive.d300.p-06.four,C0,PASS,0,PASS,PASS,True,"8,10,11,12,14,18,20,21,24,25,27",0fc854ab806b4f9ade63c862df15c1a8250a7f77eee84e42c8b067f783dfd0a7,cec4356a506aae5de9c2e295baafddedfbcda58cfefd449534dd8a9ec319364d,2f6e8e969e525bb48b4d94f016af8fd24f433b0be26b51837f316f60a6b911e0,61db309ae59b7c1f5f1d1aa6391d56089b0d8f3cc36068f3586d2ffeb5108595,11,68632960,/home/ubuntu/ssd_data/gnss-early-detection/artifacts/crid-stage0-r4b-phase-a-physical-identifiability-execution/replays/OAK/OAK.positive.d300.p-06.four/C0/manifest.json,9807eca16381dc114eb812d0f032497349230dba02024674866543a034143c6f,PASS,14889
OAK,OAK.positive.d300.p-06.four,C1,PASS,0,PASS,PASS,True,"8,10,11,12,14,18,20,21,24,25,27",0fc854ab806b4f9ade63c862df15c1a8250a7f77eee84e42c8b067f783dfd0a7,e331a7c1c3b4afae5ecf4c24ca2cf9eed6eecf6d11d3b877d8a55c5465407ecf,2f6e8e969e525bb48b4d94f016af8fd24f433b0be26b51837f316f60a6b911e0,007462fbf64043a1e376e7dedbe7e73af8e1140448030859984d604124180a91,11,68632960,/home/ubuntu/ssd_data/gnss-early-detection/artifacts/crid-stage0-r4b-phase-a-physical-identifiability-execution/replays/OAK/OAK.positive.d300.p-06.four/C1/manifest.json,8c8d8d8dbfc818ece2635177acb403133407a322b8353a6a8193cdaae32f5441,PASS,14889
OAK,OAK.positive.d300.p-06.four,C2,PASS,0,PASS,PASS,True,"8,10,11,12,14,18,20,21,24,25,27",0fc854ab806b4f9ade63c862df15c1a8250a7f77eee84e42c8b067f783dfd0a7,5a1eecfd31bc4525b7c0fd2a32056ea4aa4224f9d974a82d0f0adb3a538eb593,2f6e8e969e525bb48b4d94f016af8fd24f433b0be26b51837f316f60a6b911e0,af242e838e7b1dcd6c3fb5db36c03c2c047cbdcf16d7e1397b7d99ebbc0254d5,11,68632960,/home/ubuntu/ssd_data/gnss-early-detection/artifacts/crid-stage0-r4b-phase-a-physical-identifiability-execution/replays/OAK/OAK.positive.d300.p-06.four/C2/manifest.json,1f86bafbbd1125d438186c63edfc5fe3cec4f37dd360dd5ee2e955af7af0adfd,PASS,14889
OAK,OAK.positive.d300.p-06.four,C3,PASS,0,PASS,PASS,True,"8,10,11,12,14,18,20,21,24,25,27",0fc854ab806b4f9ade63c862df15c1a8250a7f77eee84e42c8b067f783dfd0a7,31822539424e5c66f7f08155a741bb8b1941578ecaae8817d6d442bccef3ef08,2f6e8e969e525bb48b4d94f016af8fd24f433b0be26b51837f316f60a6b911e0,5f10a7f923cfd1a22656634d55974643906322adfe0207c6e205fdfcf71ea22c,11,68632960,/home/ubuntu/ssd_data/gnss-early-detection/artifacts/crid-stage0-r4b-phase-a-physical-identifiability-execution/replays/OAK/OAK.positive.d300.p-06.four/C3/manifest.json,15583d4058d9ffede7780a33946b69e3a077eb9192188c0bf1f297e3814a0377,PASS,14889
OAK,OAK.positive.d300.p-06.single,C0,PASS,0,PASS,PASS,True,"8,10,11,12,14,18,20,21,24,25,27",d4f6c721773195c63abd6d59dab9039b228e88007e160f43a4c565e1abfc5f08,67c8a2966f89172c89ecc320af81ad05c4631b6ed3faa532c88dd3bdbc6410ab,2f6e8e969e525bb48b4d94f016af8fd24f433b0be26b51837f316f60a6b911e0,bcd21261782d0450f1385da81b2f5284aceecd513520843de41612623bf99c99,11,68632960,/home/ubuntu/ssd_data/gnss-early-detection/artifacts/crid-stage0-r4b-phase-a-physical-identifiability-execution/replays/OAK/OAK.positive.d300.p-06.single/C0/manifest.json,94e9b8d705eeb11d62a1dc4fe4484251e6e9ae576b8ce1b4268eb6e7a0128ac6,PASS,14898
OAK,OAK.positive.d300.p-06.single,C1,PASS,0,PASS,PASS,True,"8,10,11,12,14,18,20,21,24,25,27",d4f6c721773195c63abd6d59dab9039b228e88007e160f43a4c565e1abfc5f08,0157a3425ab77027634be22fb34039dd9706566207070cc574e0089a37785413,2f6e8e969e525bb48b4d94f016af8fd24f433b0be26b51837f316f60a6b911e0,5af0271b5f174c52b5d4d4fdd3c6d9b6971bbb14774e6b597fd56c5511b2c131,11,68632960,/home/ubuntu/ssd_data/gnss-early-detection/artifacts/crid-stage0-r4b-phase-a-physical-identifiability-execution/replays/OAK/OAK.positive.d300.p-06.single/C1/manifest.json,3d928c9abfedf1b2d4da5bab179c91bc0182ef6e6a70d3825c512bcaaff9dbc4,PASS,14898
OAK,OAK.positive.d300.p-06.single,C2,PASS,0,PASS,PASS,True,"8,10,11,12,14,18,20,21,24,25,27",d4f6c721773195c63abd6d59dab9039b228e88007e160f43a4c565e1abfc5f08,fb2915a293b2d09dbf9f23981d95be616e8211ed118b63b8bc2fa5b89475c1ea,2f6e8e969e525bb48b4d94f016af8fd24f433b0be26b51837f316f60a6b911e0,80ec169cacfc1366bebd0a79b914bea5145bfa07394192ab84e0f0914140f930,11,68632960,/home/ubuntu/ssd_data/gnss-early-detection/artifacts/crid-stage0-r4b-phase-a-physical-identifiability-execution/replays/OAK/OAK.positive.d300.p-06.single/C2/manifest.json,bff99088e59a8dae6d009fa9692970e97f7ca5dcaaccb9ed25beaf38c7dddaa1,PASS,14898
OAK,OAK.positive.d300.p-06.single,C3,PASS,0,PASS,PASS,True,"8,10,11,12,14,18,20,21,24,25,27",d4f6c721773195c63abd6d59dab9039b228e88007e160f43a4c565e1abfc5f08,cad4b3f8ded849e81e5ad57d49c96d28af772e3132e62947024231427737dd74,2f6e8e969e525bb48b4d94f016af8fd24f433b0be26b51837f316f60a6b911e0,05b4442eeedb353f96be91e7e90d15a69e8610f750426f672d79b19d692ade3f,11,68632960,/home/ubuntu/ssd_data/gnss-early-detection/artifacts/crid-stage0-r4b-phase-a-physical-identifiability-execution/replays/OAK/OAK.positive.d300.p-06.single/C3/manifest.json,fcbc180d1d8e94e6f6b1bce098a939fe626f2efc11d7861b4996b0c97389cdfb,PASS,14898
TEX,TEX.negative.bitwise_nav_sign,C0,PASS,0,PASS,PASS,True,"3,6,7,10,13,16,19,20,23,30",5fcbde3ceafca92e51a8649f2c350e67ec8cecb6e91f324eca2419df6eff1976,316c1862031fde3fb614eee80202c3fa88c6b32f2801b7d66c5a49694528fca1,2f6e8e969e525bb48b4d94f016af8fd24f433b0be26b51837f316f60a6b911e0,5c4d1096de70693fd8830b24e264c26777488488d1edf40e20be0fb06c27f828,10,62393600,/home/ubuntu/ssd_data/gnss-early-detection/artifacts/crid-stage0-r4b-phase-a-physical-identifiability-execution/replays/TEX/TEX.negative.bitwise_nav_sign/C0/manifest.json,36ec079e43f8bcf72612af2488925723c1610b29eb597182b4dfbfcff0f12f68,PASS,13925
TEX,TEX.negative.bitwise_nav_sign,C1,PASS,0,PASS,PASS,True,"3,6,7,10,13,16,19,20,23,30",5fcbde3ceafca92e51a8649f2c350e67ec8cecb6e91f324eca2419df6eff1976,3da7d05087d1f93c51b886e943536c412a6cc796d05dfc63175f07c75a4fb7ec,2f6e8e969e525bb48b4d94f016af8fd24f433b0be26b51837f316f60a6b911e0,b6f0773375b2f44ed6e5a3e516fa572ec4af61b38509c2f743ee1fcf543875ee,10,62393600,/home/ubuntu/ssd_data/gnss-early-detection/artifacts/crid-stage0-r4b-phase-a-physical-identifiability-execution/replays/TEX/TEX.negative.bitwise_nav_sign/C1/manifest.json,dcd3db49fd6b5f3a7cf4b36c0f2e84da1165299614a03989f1a407fe68d2f998,PASS,13925
TEX,TEX.negative.bitwise_nav_sign,C2,PASS,0,PASS,PASS,True,"3,6,7,10,13,16,19,20,23,30",5fcbde3ceafca92e51a8649f2c350e67ec8cecb6e91f324eca2419df6eff1976,3a0347fa9866c629aec1c09a55ccf1abed72f3661a61ded7bd20362cf6d1a97a,2f6e8e969e525bb48b4d94f016af8fd24f433b0be26b51837f316f60a6b911e0,2a660edb7195c0fb92a84177fab7d32364f0854cfe1feef87ceb7120b9c12686,10,62393600,/home/ubuntu/ssd_data/gnss-early-detection/artifacts/crid-stage0-r4b-phase-a-physical-identifiability-execution/replays/TEX/TEX.negative.bitwise_nav_sign/C2/manifest.json,632c1534ab4b5df192e4179804a6ccf13b8fca46ea76675579bd248d4cbdb7fb,PASS,13925
TEX,TEX.negative.bitwise_nav_sign,C3,PASS,0,PASS,PASS,True,"3,6,7,10,13,16,19,20,23,30",5fcbde3ceafca92e51a8649f2c350e67ec8cecb6e91f324eca2419df6eff1976,0c2a7e9458cbc468141587529ec8c0df1061b0cf149f89026598a6f8944ecc54,2f6e8e969e525bb48b4d94f016af8fd24f433b0be26b51837f316f60a6b911e0,433b5a35b747d3e55f0a6c384167f0b9a005ce6841d738335d2da03a11941a7f,10,62393600,/home/ubuntu/ssd_data/gnss-early-detection/artifacts/crid-stage0-r4b-phase-a-physical-identifiability-execution/replays/TEX/TEX.negative.bitwise_nav_sign/C3/manifest.json,e304e930fee422b0743f08e76f228ea0e0a6bc08785dba07e2d7647d3037b0f3,PASS,13925
TEX,TEX.negative.byte_identical,C0,PASS,0,PASS,PASS,True,"3,6,7,10,13,16,19,20,23,30",2a4ba4f87483d8695d32f2092ced9dd4252718340b04839a5089d7588816cbfd,68afd788536aea44d7e19c2e5a4dab48c3fe19a3712776a370eca4d693e874f6,2f6e8e969e525bb48b4d94f016af8fd24f433b0be26b51837f316f60a6b911e0,ed29aab141955ec6554560b09cc6a174e3abea81245f9b4cf538e4a32370eaae,10,62393600,/home/ubuntu/ssd_data/gnss-early-detection/artifacts/crid-stage0-r4b-phase-a-physical-identifiability-execution/replays/TEX/TEX.negative.byte_identical/C0/manifest.json,e71d93843477a8f3bf06d3b073d160cad56f9a196df6537a86c0c123e64751ea,PASS,13925
TEX,TEX.negative.byte_identical,C1,PASS,0,PASS,PASS,True,"3,6,7,10,13,16,19,20,23,30",2a4ba4f87483d8695d32f2092ced9dd4252718340b04839a5089d7588816cbfd,787fed18f818a992a7bb81b43d1328815accc34532046682da4fcb6398806053,2f6e8e969e525bb48b4d94f016af8fd24f433b0be26b51837f316f60a6b911e0,10c7ac9bcfeddc57523946a30a7a1084b22783bb655568d929fe8c1330551e6c,10,62393600,/home/ubuntu/ssd_data/gnss-early-detection/artifacts/crid-stage0-r4b-phase-a-physical-identifiability-execution/replays/TEX/TEX.negative.byte_identical/C1/manifest.json,d9376c3d94b2d8eca593ed0d8754a945edd5da21549cb193176219d933efbde2,PASS,13925
TEX,TEX.negative.byte_identical,C2,PASS,0,PASS,PASS,True,"3,6,7,10,13,16,19,20,23,30",2a4ba4f87483d8695d32f2092ced9dd4252718340b04839a5089d7588816cbfd,b7208bb2c9d11715211428161fe83206ffa1eb4789a7dea8b8328c06ced43c6b,2f6e8e969e525bb48b4d94f016af8fd24f433b0be26b51837f316f60a6b911e0,b4e1e321386e849a87f49dc9b25bc4eecdd4be2bb3bd084ac621dfe756d76918,10,62393600,/home/ubuntu/ssd_data/gnss-early-detection/artifacts/crid-stage0-r4b-phase-a-physical-identifiability-execution/replays/TEX/TEX.negative.byte_identical/C2/manifest.json,253014ee062737a9289cc8c5802f83287ba4ba4cb607b2e6690aba1f52283ce4,PASS,13925
TEX,TEX.negative.byte_identical,C3,PASS,0,PASS,PASS,True,"3,6,7,10,13,16,19,20,23,30",2a4ba4f87483d8695d32f2092ced9dd4252718340b04839a5089d7588816cbfd,c8c2d6adba72f821814cfd97fe3903e4f9379c09602c792969b8500afd310b8e,2f6e8e969e525bb48b4d94f016af8fd24f433b0be26b51837f316f60a6b911e0,bdf425816571745991ee72b5f6771ea8dc3a3674c76b9438a83049207a75312f,10,62393600,/home/ubuntu/ssd_data/gnss-early-detection/artifacts/crid-stage0-r4b-phase-a-physical-identifiability-execution/replays/TEX/TEX.negative.byte_identical/C3/manifest.json,8f207f133472bcdf159264f710bba70dbcf71bfe86d5309ae93e5d9061d110ad,PASS,13925
TEX,TEX.negative.cn0_reduction,C0,PASS,0,PASS,PASS,True,"3,6,7,10,13,16,19,20,23,30",29ed70aaf3d08d4101525b07b1fcd90137afe5a1d9163baebb34bb03f3d6f7f5,26c90812b8cc634465b2fe3f4d39527dd449b04c2042efb838f420989503f694,2f6e8e969e525bb48b4d94f016af8fd24f433b0be26b51837f316f60a6b911e0,c57ef7663ca3ed38edf363075801642e29b23dc8626ef230357e5e25720c6309,10,62393600,/home/ubuntu/ssd_data/gnss-early-detection/artifacts/crid-stage0-r4b-phase-a-physical-identifiability-execution/replays/TEX/TEX.negative.cn0_reduction/C0/manifest.json,4a3d359d73688fcf47f82706619a1de88d6a3e4c7ea3db5e3aea27ac5a9f943b,PASS,13904
TEX,TEX.negative.cn0_reduction,C1,PASS,0,PASS,PASS,True,"3,6,7,10,13,16,19,20,23,30",29ed70aaf3d08d4101525b07b1fcd90137afe5a1d9163baebb34bb03f3d6f7f5,6c562f14cf638a8797c23ab1a7cedcfe8304890402a627b8aeb91234ed29ce83,2f6e8e969e525bb48b4d94f016af8fd24f433b0be26b51837f316f60a6b911e0,f5b8834dcfed8830adfd47b2dd7ff4115476302f829adf96a9f8dd6c935a1f78,10,62393600,/home/ubuntu/ssd_data/gnss-early-detection/artifacts/crid-stage0-r4b-phase-a-physical-identifiability-execution/replays/TEX/TEX.negative.cn0_reduction/C1/manifest.json,901c3338900b24373ca5460b2a67982d6532644133377873ca54967d8b3f3314,PASS,13904
TEX,TEX.negative.cn0_reduction,C2,PASS,0,PASS,PASS,True,"3,6,7,10,13,16,19,20,23,30",29ed70aaf3d08d4101525b07b1fcd90137afe5a1d9163baebb34bb03f3d6f7f5,3bbc431be644883d502b545b921daec5996693d0708ecb4e651622daaf8ac6e0,2f6e8e969e525bb48b4d94f016af8fd24f433b0be26b51837f316f60a6b911e0,f9f074a31d8c15e469e14c3fc3e133bf94780315c0fae08e2750b53ae4e3bd04,10,62393600,/home/ubuntu/ssd_data/gnss-early-detection/artifacts/crid-stage0-r4b-phase-a-physical-identifiability-execution/replays/TEX/TEX.negative.cn0_reduction/C2/manifest.json,5dce10e2e03709e3d10a6b13c1dad20819de241a41a3c4f604a065e963d413bd,PASS,13904
TEX,TEX.negative.cn0_reduction,C3,PASS,0,PASS,PASS,True,"3,6,7,10,13,16,19,20,23,30",29ed70aaf3d08d4101525b07b1fcd90137afe5a1d9163baebb34bb03f3d6f7f5,edc43e56561d4a07e083155f1597c6cebed598dbc53201cd3febb6cf12fdcb36,2f6e8e969e525bb48b4d94f016af8fd24f433b0be26b51837f316f60a6b911e0,678d5059aa0b2e000fe8a240634b9d26f307b855331edbd8b6858a4943a47ac5,10,62393600,/home/ubuntu/ssd_data/gnss-early-detection/artifacts/crid-stage0-r4b-phase-a-physical-identifiability-execution/replays/TEX/TEX.negative.cn0_reduction/C3/manifest.json,83d2ff3701be86f5d94f1ec38b9dad9b1a0220193f0c9b7328b0bc8bbb037b4c,PASS,13904
TEX,TEX.negative.common_receiver_clock_drift,C0,PASS,0,PASS,PASS,True,"3,6,7,10,13,16,19,20,23,30",ff632527a75cba5376c780ddba67a417d67798b53cb37c425b50eab451408895,1da008ecd35565492762dbee1f7b8f5209d1d72f475e02b0968a28ae9ca3eaee,2f6e8e969e525bb48b4d94f016af8fd24f433b0be26b51837f316f60a6b911e0,de149319dce366f10313163137af227c95c9d9e6c9ed6916f8cd4779db1f4f3f,10,62393600,/home/ubuntu/ssd_data/gnss-early-detection/artifacts/crid-stage0-r4b-phase-a-physical-identifiability-execution/replays/TEX/TEX.negative.common_receiver_clock_drift/C0/manifest.json,6df3b9cbc07dd562821a27f9c280d5d99c31331ea8774ff8ef9019078b50ac8d,PASS,13917
TEX,TEX.negative.common_receiver_clock_drift,C1,PASS,0,PASS,PASS,True,"3,6,7,10,13,16,19,20,23,30",ff632527a75cba5376c780ddba67a417d67798b53cb37c425b50eab451408895,e16d9073cc5ae78e3a01d6e52150d30fea38846b0f14761ff686096e8ecc76b3,2f6e8e969e525bb48b4d94f016af8fd24f433b0be26b51837f316f60a6b911e0,4711aa7e4f6da156b60212a3cf7e9f1a8ca95d335d6bcb2cb33b341be7fdee02,10,62393600,/home/ubuntu/ssd_data/gnss-early-detection/artifacts/crid-stage0-r4b-phase-a-physical-identifiability-execution/replays/TEX/TEX.negative.common_receiver_clock_drift/C1/manifest.json,8cf64aac46f13353754c9b1f6595008064a3c0438eda41a6fbb249db3727c86a,PASS,13917
TEX,TEX.negative.common_receiver_clock_drift,C2,PASS,0,PASS,PASS,True,"3,6,7,10,13,16,19,20,23,30",ff632527a75cba5376c780ddba67a417d67798b53cb37c425b50eab451408895,75c373a31683bdb6435b6a67643b0ae0795f1296a481de09e096e9f0c94e6779,2f6e8e969e525bb48b4d94f016af8fd24f433b0be26b51837f316f60a6b911e0,460d44fab702d3198be8c6603c10b3012374c349115a353f00130e50074b41ea,10,62393600,/home/ubuntu/ssd_data/gnss-early-detection/artifacts/crid-stage0-r4b-phase-a-physical-identifiability-execution/replays/TEX/TEX.negative.common_receiver_clock_drift/C2/manifest.json,99d59fca33392c52e2b2829ceee439b322350e3a3bfd32191fec419b54aabe73,PASS,13917
TEX,TEX.negative.common_receiver_clock_drift,C3,PASS,0,PASS,PASS,True,"3,6,7,10,13,16,19,20,23,30",ff632527a75cba5376c780ddba67a417d67798b53cb37c425b50eab451408895,972a782ea22e49783bb4a24f5969a220af2618b7b0042b2e0921f5a564c3fd2b,2f6e8e969e525bb48b4d94f016af8fd24f433b0be26b51837f316f60a6b911e0,121bf8808d83dcabca7283857f486f523f6b873d3ecf3bbfcde1a083edd7b4b5,10,62393600,/home/ubuntu/ssd_data/gnss-early-detection/artifacts/crid-stage0-r4b-phase-a-physical-identifiability-execution/replays/TEX/TEX.negative.common_receiver_clock_drift/C3/manifest.json,ee890d5173540fcdc6ae67e2254b80b1a4f2b8239683b6de8876bd5fcb9b287c,PASS,13917
TEX,TEX.negative.empirical_awgn_0p5sigma,C0,PASS,0,PASS,PASS,True,"3,6,7,10,13,16,19,20,23,30",c23cf09648351781d97bccc95f8f60af7a50267bcc55621c42beedcc90fab193,948ca7cc9443aba1e55b261dc44b7d3b10227836146128b666f9ce517af1115c,2f6e8e969e525bb48b4d94f016af8fd24f433b0be26b51837f316f60a6b911e0,e02747ab540a6e72ccd2bd9c4263de2f17e016d269bb2fc0705712b0768e1d1d,10,62393600,/home/ubuntu/ssd_data/gnss-early-detection/artifacts/crid-stage0-r4b-phase-a-physical-identifiability-execution/replays/TEX/TEX.negative.empirical_awgn_0p5sigma/C0/manifest.json,20405984b578ead98496a41e8145c9cf63a2dccb73ce6e6c89575cfdfb96b2e2,PASS,13930
TEX,TEX.negative.empirical_awgn_0p5sigma,C1,PASS,0,PASS,PASS,True,"3,6,7,10,13,16,19,20,23,30",c23cf09648351781d97bccc95f8f60af7a50267bcc55621c42beedcc90fab193,cc92fb35f8d664fd2153f238045b8372d386e6cffaedbe8e728cc417c3faa08c,2f6e8e969e525bb48b4d94f016af8fd24f433b0be26b51837f316f60a6b911e0,0f107564c1f635373da72f341201c0a1c98bdce73fe2303255c5a9f2d5140c3e,10,62393600,/home/ubuntu/ssd_data/gnss-early-detection/artifacts/crid-stage0-r4b-phase-a-physical-identifiability-execution/replays/TEX/TEX.negative.empirical_awgn_0p5sigma/C1/manifest.json,118b485f95fc206fdab0a66c928fdadf5a8c9b31fbc789a4e8c04b6ee3ca1c6e,PASS,13930
TEX,TEX.negative.empirical_awgn_0p5sigma,C2,PASS,0,PASS,PASS,True,"3,6,7,10,13,16,19,20,23,30",c23cf09648351781d97bccc95f8f60af7a50267bcc55621c42beedcc90fab193,872f41d07e04d85113a8c07665ec14cdab978de68b24878a1b9b6c8385e86b07,2f6e8e969e525bb48b4d94f016af8fd24f433b0be26b51837f316f60a6b911e0,e0ebde223a1241ab0e9853e3c8c8be0f8ffdf69f51b6fda070da80aafd5b9c6d,10,62393600,/home/ubuntu/ssd_data/gnss-early-detection/artifacts/crid-stage0-r4b-phase-a-physical-identifiability-execution/replays/TEX/TEX.negative.empirical_awgn_0p5sigma/C2/manifest.json,c66705d247745a19d357cfe8a8445f21d2f324c74caea06871dbaf5d5a609d0d,PASS,13930
TEX,TEX.negative.empirical_awgn_0p5sigma,C3,PASS,0,PASS,PASS,True,"3,6,7,10,13,16,19,20,23,30",c23cf09648351781d97bccc95f8f60af7a50267bcc55621c42beedcc90fab193,58f808ef5ca11baf489f9cf055fe0077ca4ad74c82e36d4628dfc5e6ddc09de5,2f6e8e969e525bb48b4d94f016af8fd24f433b0be26b51837f316f60a6b911e0,1a025eb1f94ed2d5ac2035acb20f4d7a15667099b90f1122bb7b57661f585f29,10,62393600,/home/ubuntu/ssd_data/gnss-early-detection/artifacts/crid-stage0-r4b-phase-a-physical-identifiability-execution/replays/TEX/TEX.negative.empirical_awgn_0p5sigma/C3/manifest.json,2899611dd75de3a3af878dadc69eb128919429843d17bf77947c0d9298466fb5,PASS,13930
TEX,TEX.negative.empirical_awgn_1sigma,C0,PASS,0,PASS,PASS,True,"3,6,7,10,13,16,19,20,23,30",8ea7bd0970c6f17afd3831cbfb3ca37bd10fff5730e6de38dc7fc54cc4074d5c,9c1e3dd98ed56a2becdd4f04b0ec03f0bc394446cf9ca380a7ffc6badf5103b5,2f6e8e969e525bb48b4d94f016af8fd24f433b0be26b51837f316f60a6b911e0,4cb57e6186c73e1bd3d50be937121902a88ac30f008f4310f761ecb6152483a9,10,62393600,/home/ubuntu/ssd_data/gnss-early-detection/artifacts/crid-stage0-r4b-phase-a-physical-identifiability-execution/replays/TEX/TEX.negative.empirical_awgn_1sigma/C0/manifest.json,754085a93585c27c0e377831519e274fa84ff16e1b83b43f5105510f8f8c30bf,NOT_EVALUATED_USER_AUTHORIZED_EARLY_STOP,0
TEX,TEX.negative.empirical_awgn_1sigma,C1,PASS,0,PASS,PASS,True,"3,6,7,10,13,16,19,20,23,30",8ea7bd0970c6f17afd3831cbfb3ca37bd10fff5730e6de38dc7fc54cc4074d5c,89dd65989aeb49d0026d87f6c27482046373b00395942dbb500047100f7b002a,2f6e8e969e525bb48b4d94f016af8fd24f433b0be26b51837f316f60a6b911e0,0a1977e66a29437266764bc216a930a9c925f6f88b87a5ec6ecb706c86bb196f,10,62393600,/home/ubuntu/ssd_data/gnss-early-detection/artifacts/crid-stage0-r4b-phase-a-physical-identifiability-execution/replays/TEX/TEX.negative.empirical_awgn_1sigma/C1/manifest.json,bb47f454abb6703a691f2cc5528f3dfb034daedf46f46907ab9abab3416ca9d9,NOT_EVALUATED_USER_AUTHORIZED_EARLY_STOP,0
TEX,TEX.negative.empirical_awgn_1sigma,C2,PASS,0,PASS,PASS,True,"3,6,7,10,13,16,19,20,23,30",8ea7bd0970c6f17afd3831cbfb3ca37bd10fff5730e6de38dc7fc54cc4074d5c,1a104696ddeae33fa402e03ba09e82c8b03cb4b6623539ccf06055144a1da837,2f6e8e969e525bb48b4d94f016af8fd24f433b0be26b51837f316f60a6b911e0,c60cfeba918dfffd5a072c161f309f91cd414850b99e3441f46cb9bebbedd137,10,62393600,/home/ubuntu/ssd_data/gnss-early-detection/artifacts/crid-stage0-r4b-phase-a-physical-identifiability-execution/replays/TEX/TEX.negative.empirical_awgn_1sigma/C2/manifest.json,58eabf4eefff683f6d92486bd25b5058148aa1de80612b1fce6909226d70a310,NOT_EVALUATED_USER_AUTHORIZED_EARLY_STOP,0
TEX,TEX.negative.empirical_awgn_1sigma,C3,PASS,0,PASS,PASS,True,"3,6,7,10,13,16,19,20,23,30",8ea7bd0970c6f17afd3831cbfb3ca37bd10fff5730e6de38dc7fc54cc4074d5c,a53f8167d24990227465e8be32f34f0bf6f3861bced5b3cfe7af4d70e45c88f3,2f6e8e969e525bb48b4d94f016af8fd24f433b0be26b51837f316f60a6b911e0,8543928fbf35cf90ddf8f8a149a0ca8f4b92dab718855b7065ee5b282f3557f8,10,62393600,/home/ubuntu/ssd_data/gnss-early-detection/artifacts/crid-stage0-r4b-phase-a-physical-identifiability-execution/replays/TEX/TEX.negative.empirical_awgn_1sigma/C3/manifest.json,93a01b0d878ad9c4ebdeb60570f2778d6a12be54407fcc5ed4ffd08db663d809,NOT_EVALUATED_USER_AUTHORIZED_EARLY_STOP,0
TEX,TEX.negative.empirical_awgn_2sigma,C0,PASS,0,PASS,PASS,True,"3,6,7,10,13,16,19,20,23,30",5328c61813f1f680a2841f180baf1fdc0606a9259624829980984c03293e708d,a9b917350b09e01be6191c5f31e7c9cb28e738b98e5dd2e7eb66fd30bf90524c,2f6e8e969e525bb48b4d94f016af8fd24f433b0be26b51837f316f60a6b911e0,33682a6cac28a7b8b249d17d0cf19a3b80bd77befa7818cd34bbb7ae6c233564,10,62393600,/home/ubuntu/ssd_data/gnss-early-detection/artifacts/crid-stage0-r4b-phase-a-physical-identifiability-execution/replays/TEX/TEX.negative.empirical_awgn_2sigma/C0/manifest.json,680b84245bb7447798362efa411b833d7c33a44d2041c009513a6fab3ca248f2,NOT_EVALUATED_USER_AUTHORIZED_EARLY_STOP,0
TEX,TEX.negative.empirical_awgn_2sigma,C1,PASS,0,PASS,PASS,True,"3,6,7,10,13,16,19,20,23,30",5328c61813f1f680a2841f180baf1fdc0606a9259624829980984c03293e708d,43659676d554b91311efec75df099e5c5e80b7616032238f0fff0f865055185d,2f6e8e969e525bb48b4d94f016af8fd24f433b0be26b51837f316f60a6b911e0,7a9727bfb34fcb39b7d94d51ba2067b79ba7b5843b1f0a8d6052e36ba47f8fc4,10,62393600,/home/ubuntu/ssd_data/gnss-early-detection/artifacts/crid-stage0-r4b-phase-a-physical-identifiability-execution/replays/TEX/TEX.negative.empirical_awgn_2sigma/C1/manifest.json,226b37a6b1e7d7078da9d1028d8568e00757619421dddfd3cb469f13a5743fae,NOT_EVALUATED_USER_AUTHORIZED_EARLY_STOP,0
TEX,TEX.negative.empirical_awgn_2sigma,C2,PASS,0,PASS,PASS,True,"3,6,7,10,13,16,19,20,23,30",5328c61813f1f680a2841f180baf1fdc0606a9259624829980984c03293e708d,1350246451b473bbd0a660dd88b70fc8a29f81dd6a70eb16f5d96437e0cf1886,2f6e8e969e525bb48b4d94f016af8fd24f433b0be26b51837f316f60a6b911e0,4193b1cd22050844a5cc62af820af92d53b021d541cb271e36c49e4523334e98,10,62393600,/home/ubuntu/ssd_data/gnss-early-detection/artifacts/crid-stage0-r4b-phase-a-physical-identifiability-execution/replays/TEX/TEX.negative.empirical_awgn_2sigma/C2/manifest.json,685d1626921dc3b256b0d10215b51745c4312f5fb514657c31c1a9980935e554,NOT_EVALUATED_USER_AUTHORIZED_EARLY_STOP,0
TEX,TEX.negative.empirical_awgn_2sigma,C3,PASS,0,PASS,PASS,True,"3,6,7,10,13,16,19,20,23,30",5328c61813f1f680a2841f180baf1fdc0606a9259624829980984c03293e708d,294922a172fb1c6d2b97eeb638fc282f7ce003b6342abb00a004f7aadf04781b,2f6e8e969e525bb48b4d94f016af8fd24f433b0be26b51837f316f60a6b911e0,de9cef68f8663182aa2fd8d4052ab0f5fa538d608f037b714c348ded9e08fee5,10,62393600,/home/ubuntu/ssd_data/gnss-early-detection/artifacts/crid-stage0-r4b-phase-a-physical-identifiability-execution/replays/TEX/TEX.negative.empirical_awgn_2sigma/C3/manifest.json,bd125805df80299e59b4bee7883d519a3a323b1a79a370af7f755a1cdf28412d,NOT_EVALUATED_USER_AUTHORIZED_EARLY_STOP,0
TEX,TEX.negative.gain,C0,PASS,0,PASS,PASS,True,"3,6,7,10,13,16,19,20,23,30",4f79dbe0b19063de3388645e486cd3e01c4670c97f21765fc37c36d5191762b4,9ee9a765529977fd66383ee36eef285b75f63d3b7d769301df243d91ce26db5a,2f6e8e969e525bb48b4d94f016af8fd24f433b0be26b51837f316f60a6b911e0,53e47bab4ece0a06dd4bdfc3debe40e6a9b3479ba56049d24de2657b5a3e6d0f,10,62393600,/home/ubuntu/ssd_data/gnss-early-detection/artifacts/crid-stage0-r4b-phase-a-physical-identifiability-execution/replays/TEX/TEX.negative.gain/C0/manifest.json,1bd90182c33f39f019b05b047030f547f838a4fde901af53fb3eb00945330533,NOT_EVALUATED_USER_AUTHORIZED_EARLY_STOP,0
TEX,TEX.negative.gain,C1,PASS,0,PASS,PASS,True,"3,6,7,10,13,16,19,20,23,30",4f79dbe0b19063de3388645e486cd3e01c4670c97f21765fc37c36d5191762b4,a005da3ea27b3bab2deace54e4f51ef3fd9851c82262cb6927a06006320fd664,2f6e8e969e525bb48b4d94f016af8fd24f433b0be26b51837f316f60a6b911e0,c4238601920146a423b94ee5f623638e58df6411863b7badfd5aa47207f4c47b,10,62393600,/home/ubuntu/ssd_data/gnss-early-detection/artifacts/crid-stage0-r4b-phase-a-physical-identifiability-execution/replays/TEX/TEX.negative.gain/C1/manifest.json,e36cee36f45ebb06745debcce6b0594b736a78e6218c5562fc7e8f2781f7f5af,NOT_EVALUATED_USER_AUTHORIZED_EARLY_STOP,0
TEX,TEX.negative.gain,C2,PASS,0,PASS,PASS,True,"3,6,7,10,13,16,19,20,23,30",4f79dbe0b19063de3388645e486cd3e01c4670c97f21765fc37c36d5191762b4,f8ea70f3004ff4284646b1149aafcdaee9496361535c70633aadcd1f5a005eb0,2f6e8e969e525bb48b4d94f016af8fd24f433b0be26b51837f316f60a6b911e0,76eb62175625551e59c71d8eb34207e6ebf21b2430ad23d8a5c6048fe43ecbba,10,62393600,/home/ubuntu/ssd_data/gnss-early-detection/artifacts/crid-stage0-r4b-phase-a-physical-identifiability-execution/replays/TEX/TEX.negative.gain/C2/manifest.json,86ca3ab5259e3978ad397a4b0b7f9218d5af161b141979a52158f38108f35fcf,NOT_EVALUATED_USER_AUTHORIZED_EARLY_STOP,0
TEX,TEX.negative.gain,C3,PASS,0,PASS,PASS,True,"3,6,7,10,13,16,19,20,23,30",4f79dbe0b19063de3388645e486cd3e01c4670c97f21765fc37c36d5191762b4,5d5baccda038b2d94c0ed65efa7a20ee9fadbc6cd3ec23479400f2f471e2c8ba,2f6e8e969e525bb48b4d94f016af8fd24f433b0be26b51837f316f60a6b911e0,0d13cba78b9be67ac034113d37a9e58b60cec7f0aa38cb5d96f3601ef093b5e7,10,62393600,/home/ubuntu/ssd_data/gnss-early-detection/artifacts/crid-stage0-r4b-phase-a-physical-identifiability-execution/replays/TEX/TEX.negative.gain/C3/manifest.json,c57cbaf11fc8113a6d678d33fad01210aed4a6f8a78c9474fc8c51698dd6fd42,NOT_EVALUATED_USER_AUTHORIZED_EARLY_STOP,0
TEX,TEX.negative.global_phase,C0,PASS,0,PASS,PASS,True,"3,6,7,10,13,16,19,20,23,30",f981ec71fb80e1ee7e067db7261b32959f4b8bfde6237b1fb4483bcbabdd8520,3cac54205ebcf22605746ebeb14fb36bb54ceecc3d95345b56401cb73fd281d7,2f6e8e969e525bb48b4d94f016af8fd24f433b0be26b51837f316f60a6b911e0,7ef473d1dab0f3a711b00b438d2f2d3366a0756afc7ba4f80a1d86e7e3fe7828,10,62393600,/home/ubuntu/ssd_data/gnss-early-detection/artifacts/crid-stage0-r4b-phase-a-physical-identifiability-execution/replays/TEX/TEX.negative.global_phase/C0/manifest.json,3816337ef54f0e71f763f6684b3a528182503afd9903b647986ac2619dcb8030,NOT_EVALUATED_USER_AUTHORIZED_EARLY_STOP,0
TEX,TEX.negative.global_phase,C1,PASS,0,PASS,PASS,True,"3,6,7,10,13,16,19,20,23,30",f981ec71fb80e1ee7e067db7261b32959f4b8bfde6237b1fb4483bcbabdd8520,90b813adc2d0eea532ebc50cd6e6a070e7e7aad5f58030dc7fc03939159b58c8,2f6e8e969e525bb48b4d94f016af8fd24f433b0be26b51837f316f60a6b911e0,80b8978e271d44e7422ec614d50456bfa8b56af5f5209ac06efc689619c7bd74,10,62393600,/home/ubuntu/ssd_data/gnss-early-detection/artifacts/crid-stage0-r4b-phase-a-physical-identifiability-execution/replays/TEX/TEX.negative.global_phase/C1/manifest.json,2929d383cef888cbd3cc2a49341902cfe12fc4e7493e6cf8c59c250c48205ebe,NOT_EVALUATED_USER_AUTHORIZED_EARLY_STOP,0
TEX,TEX.negative.global_phase,C2,PASS,0,PASS,PASS,True,"3,6,7,10,13,16,19,20,23,30",f981ec71fb80e1ee7e067db7261b32959f4b8bfde6237b1fb4483bcbabdd8520,b5d5f421dbc6e60d423cb5bb007c99aa9d427be123a47060a1bfa07e5ca19ff3,2f6e8e969e525bb48b4d94f016af8fd24f433b0be26b51837f316f60a6b911e0,d10708432dd4b9ded9d5dd2790f8918148603ab96d19c2b4f570db0a81616a13,10,62393600,/home/ubuntu/ssd_data/gnss-early-detection/artifacts/crid-stage0-r4b-phase-a-physical-identifiability-execution/replays/TEX/TEX.negative.global_phase/C2/manifest.json,65027996fda79bcb75f34a19feb39f08932e0e4fab108c2b27d92f431a1d2380,NOT_EVALUATED_USER_AUTHORIZED_EARLY_STOP,0
TEX,TEX.negative.global_phase,C3,PASS,0,PASS,PASS,True,"3,6,7,10,13,16,19,20,23,30",f981ec71fb80e1ee7e067db7261b32959f4b8bfde6237b1fb4483bcbabdd8520,3eac31595a142fc05edb276913d5ec63a5340ca063dfd0b507af4d6895c3cf32,2f6e8e969e525bb48b4d94f016af8fd24f433b0be26b51837f316f60a6b911e0,d38378e9c7c9cec84127ceb16a4ae4761bcbf93b3c5b4a88e8e46e84b6fb891a,10,62393600,/home/ubuntu/ssd_data/gnss-early-detection/artifacts/crid-stage0-r4b-phase-a-physical-identifiability-execution/replays/TEX/TEX.negative.global_phase/C3/manifest.json,2dfb45b25a301b7651c3a076cf1f1e3d0f2fc540b622e45008e19e072ae5ab28,NOT_EVALUATED_USER_AUTHORIZED_EARLY_STOP,0
TEX,TEX.negative.independent_multipath,C0,PASS,0,PASS,PASS,True,"3,6,7,10,13,16,19,20,23,30",ba404ce05d4d9b71e8cd39e02db115cede319aca4e031ec93ac7a562c2bd2d6f,ba614f1568f9c68f9d9a1e322a1abc0ecbad04eea841f33414da403134c14fd2,2f6e8e969e525bb48b4d94f016af8fd24f433b0be26b51837f316f60a6b911e0,1cd7986bd92b6ad7785029b615229dbfc9a65faf35d7543cef9e02af5f40c21b,10,62393600,/home/ubuntu/ssd_data/gnss-early-detection/artifacts/crid-stage0-r4b-phase-a-physical-identifiability-execution/replays/TEX/TEX.negative.independent_multipath/C0/manifest.json,3ec0c2b56d898edf73cde98c1f3b7beb601b7212d41f2e96acd7c843b1078548,NOT_EVALUATED_USER_AUTHORIZED_EARLY_STOP,0
TEX,TEX.negative.independent_multipath,C1,PASS,0,PASS,PASS,True,"3,6,7,10,13,16,19,20,23,30",ba404ce05d4d9b71e8cd39e02db115cede319aca4e031ec93ac7a562c2bd2d6f,8edfdd5eedba564801bc7fb959e62d1109154959d5423efd11e412bebba04c87,2f6e8e969e525bb48b4d94f016af8fd24f433b0be26b51837f316f60a6b911e0,b25318163d20959cf1ef99ad76556c882aab2ca1af610c23733d5e2cd9a3d7fe,10,62393600,/home/ubuntu/ssd_data/gnss-early-detection/artifacts/crid-stage0-r4b-phase-a-physical-identifiability-execution/replays/TEX/TEX.negative.independent_multipath/C1/manifest.json,490119585aca9b81c803dea194c0260f96a3de005610a27b028037ffac960e6a,NOT_EVALUATED_USER_AUTHORIZED_EARLY_STOP,0
TEX,TEX.negative.independent_multipath,C2,PASS,0,PASS,PASS,True,"3,6,7,10,13,16,19,20,23,30",ba404ce05d4d9b71e8cd39e02db115cede319aca4e031ec93ac7a562c2bd2d6f,bf41b7bb4fce312a9bb9cd45ca180970a9dbd94c1cbfdb894c0f32022009177a,2f6e8e969e525bb48b4d94f016af8fd24f433b0be26b51837f316f60a6b911e0,1edee4cf503bd58a66bd311ea93cedd228924d0f92d18e406b406a8f84f468ce,10,62393600,/home/ubuntu/ssd_data/gnss-early-detection/artifacts/crid-stage0-r4b-phase-a-physical-identifiability-execution/replays/TEX/TEX.negative.independent_multipath/C2/manifest.json,5d49c85a7714f441069f63edd4d1c8d78f43a0d818b2299918783e3611f8528a,NOT_EVALUATED_USER_AUTHORIZED_EARLY_STOP,0
TEX,TEX.negative.independent_multipath,C3,PASS,0,PASS,PASS,True,"3,6,7,10,13,16,19,20,23,30",ba404ce05d4d9b71e8cd39e02db115cede319aca4e031ec93ac7a562c2bd2d6f,eefb4c2a6350c63ffa7ce0ddfc05cab35c952ea98a38ef756a0671a5012b9924,2f6e8e969e525bb48b4d94f016af8fd24f433b0be26b51837f316f60a6b911e0,0e62ceb505890395529c2f624b05bcbf53a98909d3137007748078f49ebcf5da,10,62393600,/home/ubuntu/ssd_data/gnss-early-detection/artifacts/crid-stage0-r4b-phase-a-physical-identifiability-execution/replays/TEX/TEX.negative.independent_multipath/C3/manifest.json,e3c93de1f5cd3c01c7b9498661d876bb5d5b8b8f951865b5ff941bb9d593b613,NOT_EVALUATED_USER_AUTHORIZED_EARLY_STOP,0
TEX,TEX.negative.prn_drop_add,C0,PASS,0,PASS,PASS,True,"3,6,7,10,13,16,19,20,23,30",ab7755b5b094c4374696474b88fffbd3dd5d086ec45b0a2e56754aea94d88398,97893e654f81efa3259fa86ca5ac59c1a00b95ce80f6ce8dd45f354f189d7357,2f6e8e969e525bb48b4d94f016af8fd24f433b0be26b51837f316f60a6b911e0,a7757ef37646e03628d0e5b21cd4a25e56dd88fa4ad70ef203448cf5f00f34ae,10,62393600,/home/ubuntu/ssd_data/gnss-early-detection/artifacts/crid-stage0-r4b-phase-a-physical-identifiability-execution/replays/TEX/TEX.negative.prn_drop_add/C0/manifest.json,144e7f5e88f894542a6eca773461060dfa5e8e3fab30e5bb0ba73a049197df1a,NOT_EVALUATED_USER_AUTHORIZED_EARLY_STOP,0
TEX,TEX.negative.prn_drop_add,C1,PASS,0,PASS,PASS,True,"3,6,7,10,13,16,19,20,23,30",ab7755b5b094c4374696474b88fffbd3dd5d086ec45b0a2e56754aea94d88398,4636e9ea7a79db999c508f4e3ee906c71ab3b9cd37f3bef4325a1b1a2809fdb3,2f6e8e969e525bb48b4d94f016af8fd24f433b0be26b51837f316f60a6b911e0,aebd3042b8745d16c05fbb4f19d05a2a5d7b6216ff87bf823456466b51ab3a43,10,62393600,/home/ubuntu/ssd_data/gnss-early-detection/artifacts/crid-stage0-r4b-phase-a-physical-identifiability-execution/replays/TEX/TEX.negative.prn_drop_add/C1/manifest.json,c063777686bfd65411c2bbb474a6eb043e7747c1cc54d98622f50fa3e1797942,NOT_EVALUATED_USER_AUTHORIZED_EARLY_STOP,0
TEX,TEX.negative.prn_drop_add,C2,PASS,0,PASS,PASS,True,"3,6,7,10,13,16,19,20,23,30",ab7755b5b094c4374696474b88fffbd3dd5d086ec45b0a2e56754aea94d88398,d2ec08c6e58a4ec22fff70d8ccede0c520adb1e40b27c14028fcfb0c80f7b886,2f6e8e969e525bb48b4d94f016af8fd24f433b0be26b51837f316f60a6b911e0,1f9ae24e752119484473726132d885c4889f5ffec7a7139dc546ccb7a35379f7,10,62393600,/home/ubuntu/ssd_data/gnss-early-detection/artifacts/crid-stage0-r4b-phase-a-physical-identifiability-execution/replays/TEX/TEX.negative.prn_drop_add/C2/manifest.json,07a3a7e4f1fd1b2daa57c790c3c0b2efac76f1f2fb5d029759f783d2ad92f202,NOT_EVALUATED_USER_AUTHORIZED_EARLY_STOP,0
TEX,TEX.negative.prn_drop_add,C3,PASS,0,PASS,PASS,True,"3,6,7,10,13,16,19,20,23,30",ab7755b5b094c4374696474b88fffbd3dd5d086ec45b0a2e56754aea94d88398,dd85bfe81c9751ebc61ac9e918633a90f19646332ba09cb9aaf50379dde38f01,2f6e8e969e525bb48b4d94f016af8fd24f433b0be26b51837f316f60a6b911e0,6b129ab2efb20f348b1fcf7184bc09ff9e638cbcd50cfc343691f795989f07cd,10,62393600,/home/ubuntu/ssd_data/gnss-early-detection/artifacts/crid-stage0-r4b-phase-a-physical-identifiability-execution/replays/TEX/TEX.negative.prn_drop_add/C3/manifest.json,9fdac34410ba6916044b6e5fe094d223921eb9f9da1633c5bf58440a1a8af13c,NOT_EVALUATED_USER_AUTHORIZED_EARLY_STOP,0
TEX,TEX.negative.single_prn_disturbance,C0,PASS,0,PASS,PASS,True,"3,6,7,10,13,16,19,20,23,30",bc327017050b69253e59b292387b17a6560c6e07af77c2125db28c2db36f276a,ba3f848891d2b6b87d751832cb44a4dcf52ac5f2b2e98bb01c9696bb0b3d7011,2f6e8e969e525bb48b4d94f016af8fd24f433b0be26b51837f316f60a6b911e0,1c72f7fce6db6b181462ebcc7ede025f9c286524558225d54b9d7e0fd19821a8,10,62393600,/home/ubuntu/ssd_data/gnss-early-detection/artifacts/crid-stage0-r4b-phase-a-physical-identifiability-execution/replays/TEX/TEX.negative.single_prn_disturbance/C0/manifest.json,9bae8560d3bbaa4317f52087ffaf9f2a588f8ad14b047e09c0692d64a134bcc8,NOT_EVALUATED_USER_AUTHORIZED_EARLY_STOP,0
TEX,TEX.negative.single_prn_disturbance,C1,PASS,0,PASS,PASS,True,"3,6,7,10,13,16,19,20,23,30",bc327017050b69253e59b292387b17a6560c6e07af77c2125db28c2db36f276a,616ab778533a2dd84225558dd48845e82f1a0924a76311b9e6306107cc07949b,2f6e8e969e525bb48b4d94f016af8fd24f433b0be26b51837f316f60a6b911e0,d6f2ad312cfe3891c3a05197ad0e6d0e888ff64d8931ec313d0db84cf6aa97c7,10,62393600,/home/ubuntu/ssd_data/gnss-early-detection/artifacts/crid-stage0-r4b-phase-a-physical-identifiability-execution/replays/TEX/TEX.negative.single_prn_disturbance/C1/manifest.json,b79026ca30b8bece847ac2bcc151a0a66f42219b52b9168ff3e2cee28559be32,NOT_EVALUATED_USER_AUTHORIZED_EARLY_STOP,0
TEX,TEX.negative.single_prn_disturbance,C2,PASS,0,PASS,PASS,True,"3,6,7,10,13,16,19,20,23,30",bc327017050b69253e59b292387b17a6560c6e07af77c2125db28c2db36f276a,d496f8a1ada18ebeb0b6f2bc37ec35b49d0457437a496aecfb6c8c7d9aa731ea,2f6e8e969e525bb48b4d94f016af8fd24f433b0be26b51837f316f60a6b911e0,c271e0673e6c2144dcce13c62f5be22a6d125c64b2ee13f656e792e5b611e70a,10,62393600,/home/ubuntu/ssd_data/gnss-early-detection/artifacts/crid-stage0-r4b-phase-a-physical-identifiability-execution/replays/TEX/TEX.negative.single_prn_disturbance/C2/manifest.json,f60348f59c35a4d1db2a6d82c6bd2afc4ec0689499470e18ce6269cc9e617cc3,NOT_EVALUATED_USER_AUTHORIZED_EARLY_STOP,0
TEX,TEX.negative.single_prn_disturbance,C3,PASS,0,PASS,PASS,True,"3,6,7,10,13,16,19,20,23,30",bc327017050b69253e59b292387b17a6560c6e07af77c2125db28c2db36f276a,2b3200a9f84e42aa9d3756662cd79964a1189b818a01c7939170730438b7c311,2f6e8e969e525bb48b4d94f016af8fd24f433b0be26b51837f316f60a6b911e0,97378001ab97c2b1943c1d46c7f5ad12ea1a947ed5b411d2c3e692a0cc871a48,10,62393600,/home/ubuntu/ssd_data/gnss-early-detection/artifacts/crid-stage0-r4b-phase-a-physical-identifiability-execution/replays/TEX/TEX.negative.single_prn_disturbance/C3/manifest.json,5b27622b65c1ed139ec00dc31e7645d428d17b110543e162ce8107508f30109f,NOT_EVALUATED_USER_AUTHORIZED_EARLY_STOP,0
TEX,TEX.negative.single_source_code_ramp,C0,PASS,0,PASS,PASS,True,"3,6,7,10,13,16,19,20,23,30",db649d13d903270b325551cfe6b7eaf31311e9954e54fb59ac2e1df7a9979608,312b22655066d33014234643134a3de42666fb753e0c8247fd54118a7ab0018f,2f6e8e969e525bb48b4d94f016af8fd24f433b0be26b51837f316f60a6b911e0,7d83dc636124e0465a29743ffb8b6d6aeaa16abc390d5ae9bb2bd17750e0c3df,10,62393600,/home/ubuntu/ssd_data/gnss-early-detection/artifacts/crid-stage0-r4b-phase-a-physical-identifiability-execution/replays/TEX/TEX.negative.single_source_code_ramp/C0/manifest.json,1dc47fd0b2c6e11cb282ece5ad0a87872f208ba1d92fcf52637379e0fcec27fa,NOT_EVALUATED_USER_AUTHORIZED_EARLY_STOP,0
TEX,TEX.negative.single_source_code_ramp,C1,PASS,0,PASS,PASS,True,"3,6,7,10,13,16,19,20,23,30",db649d13d903270b325551cfe6b7eaf31311e9954e54fb59ac2e1df7a9979608,b278e7e2a8239e76e67100753e359e6c96806f4785159c5d8de6d24bd2755d22,2f6e8e969e525bb48b4d94f016af8fd24f433b0be26b51837f316f60a6b911e0,dfb738d7b9ccb86226f9052267138c712a484daf52efc6cab82191d93323f2f5,10,62393600,/home/ubuntu/ssd_data/gnss-early-detection/artifacts/crid-stage0-r4b-phase-a-physical-identifiability-execution/replays/TEX/TEX.negative.single_source_code_ramp/C1/manifest.json,94e09b345cef1bc16056e6cc987ec6c4a10a1e5e164cc7641e9fd37e5497c9fa,NOT_EVALUATED_USER_AUTHORIZED_EARLY_STOP,0
TEX,TEX.negative.single_source_code_ramp,C2,PASS,0,PASS,PASS,True,"3,6,7,10,13,16,19,20,23,30",db649d13d903270b325551cfe6b7eaf31311e9954e54fb59ac2e1df7a9979608,f85708273bf394c093a90e7596d6ace85026b27e237d57533cf899ed980037fc,2f6e8e969e525bb48b4d94f016af8fd24f433b0be26b51837f316f60a6b911e0,102dec82b88a16940c5e3083316683c22d331beaa5c88cedfdd933f2ae7e30f5,10,62393600,/home/ubuntu/ssd_data/gnss-early-detection/artifacts/crid-stage0-r4b-phase-a-physical-identifiability-execution/replays/TEX/TEX.negative.single_source_code_ramp/C2/manifest.json,fc36a2553f23569a4fc73a87a74323c88d186f0bd3f0c7b54c747ef0494c6991,NOT_EVALUATED_USER_AUTHORIZED_EARLY_STOP,0
TEX,TEX.negative.single_source_code_ramp,C3,PASS,0,PASS,PASS,True,"3,6,7,10,13,16,19,20,23,30",db649d13d903270b325551cfe6b7eaf31311e9954e54fb59ac2e1df7a9979608,5a4d838cd12fceb1a2446ff75260e9df09feffd32ca872a0fd711aeda8126669,2f6e8e969e525bb48b4d94f016af8fd24f433b0be26b51837f316f60a6b911e0,ada144a0a44be32d4c9e2baf6b919bea282244b0bf7993a50cfc0a8fa2ec6483,10,62393600,/home/ubuntu/ssd_data/gnss-early-detection/artifacts/crid-stage0-r4b-phase-a-physical-identifiability-execution/replays/TEX/TEX.negative.single_source_code_ramp/C3/manifest.json,970286481120133a5b682d9912a0c71aa72c01cf27eeb38c5ddda9c1ee43a2d4,NOT_EVALUATED_USER_AUTHORIZED_EARLY_STOP,0
TEX,TEX.negative.single_source_doppler_ramp,C0,PASS,0,PASS,PASS,True,"3,6,7,10,13,16,19,20,23,30",83952810aed8f9ea4a07a18fae969f52abc0c620d83ce88c510a8bd8bff53e0d,cdb150b4c5cdd3373095bdae10f464d02d15c37e3a56b909b08bd29399a9609a,2f6e8e969e525bb48b4d94f016af8fd24f433b0be26b51837f316f60a6b911e0,8651a0bfcd4d831c5095f7aabb153c888a8ca44dc9d01a64b801a1c859b4f28d,10,62393600,/home/ubuntu/ssd_data/gnss-early-detection/artifacts/crid-stage0-r4b-phase-a-physical-identifiability-execution/replays/TEX/TEX.negative.single_source_doppler_ramp/C0/manifest.json,8cd93d65fafde2fc2834b619bd14ccb4eeb3e451745c1686a150e4b98fcfee34,NOT_EVALUATED_USER_AUTHORIZED_EARLY_STOP,0
TEX,TEX.negative.single_source_doppler_ramp,C1,PASS,0,PASS,PASS,True,"3,6,7,10,13,16,19,20,23,30",83952810aed8f9ea4a07a18fae969f52abc0c620d83ce88c510a8bd8bff53e0d,504a586b76aecfaa1082d725dbdd2ae7a1293a0cbc0fa49fbf9dec8a0093c45d,2f6e8e969e525bb48b4d94f016af8fd24f433b0be26b51837f316f60a6b911e0,4b89f0207004d360447a4eade37d2b88a7064dfe0e6e0d5ee07b3ee2fb1d7817,10,62393600,/home/ubuntu/ssd_data/gnss-early-detection/artifacts/crid-stage0-r4b-phase-a-physical-identifiability-execution/replays/TEX/TEX.negative.single_source_doppler_ramp/C1/manifest.json,d26137276407832c97aa24c238a3b3c8b5bd4cfc98c90efe69854ad6d30083e2,NOT_EVALUATED_USER_AUTHORIZED_EARLY_STOP,0
TEX,TEX.negative.single_source_doppler_ramp,C2,PASS,0,PASS,PASS,True,"3,6,7,10,13,16,19,20,23,30",83952810aed8f9ea4a07a18fae969f52abc0c620d83ce88c510a8bd8bff53e0d,dbf32b34e9a49200727d36e3dc9b8cca70c79012d968086bb023e70a98d75b3b,2f6e8e969e525bb48b4d94f016af8fd24f433b0be26b51837f316f60a6b911e0,8abe69fb2664f13645c65e529f7b9f5500745e3e61de792a666bfa226badcf85,10,62393600,/home/ubuntu/ssd_data/gnss-early-detection/artifacts/crid-stage0-r4b-phase-a-physical-identifiability-execution/replays/TEX/TEX.negative.single_source_doppler_ramp/C2/manifest.json,9aab3bb0b4f4c07682333bd3400bffca333891613be69dcdf87690b0186db443,NOT_EVALUATED_USER_AUTHORIZED_EARLY_STOP,0
TEX,TEX.negative.single_source_doppler_ramp,C3,PASS,0,PASS,PASS,True,"3,6,7,10,13,16,19,20,23,30",83952810aed8f9ea4a07a18fae969f52abc0c620d83ce88c510a8bd8bff53e0d,d92004c0480e14489713a0f37929028d59ea08200bcc5445ec6fadd60d3a9767,2f6e8e969e525bb48b4d94f016af8fd24f433b0be26b51837f316f60a6b911e0,a258135cfe5fb01b4ab5e28528a6a912f0dbe653787e5bd69ba9376780913b27,10,62393600,/home/ubuntu/ssd_data/gnss-early-detection/artifacts/crid-stage0-r4b-phase-a-physical-identifiability-execution/replays/TEX/TEX.negative.single_source_doppler_ramp/C3/manifest.json,146e9cdd349ddc9a46dfb614e80618516da2dcd039ba272d63337c6187ef1398,NOT_EVALUATED_USER_AUTHORIZED_EARLY_STOP,0
TEX,TEX.negative.zero_delay_collapsed_duplicate,C0,PASS,0,PASS,PASS,True,"3,6,7,10,13,16,19,20,23,30",44b1c8da7865311e19c83b3c2790bd8e7ef3a199a7cc5d6862dba61485743a1a,4491e9bb0159b51369b46be527fc3af5c5888c2389ac6ce4d91d0de121495e79,2f6e8e969e525bb48b4d94f016af8fd24f433b0be26b51837f316f60a6b911e0,da2d552aa237e654a9841c4e958578054ca2413489e9f18a0145c559f3b40901,10,62393600,/home/ubuntu/ssd_data/gnss-early-detection/artifacts/crid-stage0-r4b-phase-a-physical-identifiability-execution/replays/TEX/TEX.negative.zero_delay_collapsed_duplicate/C0/manifest.json,6a3b4d94a94719482c0f6b2cc6ae25567cd3656212490cde61baff2ad0a77da6,NOT_EVALUATED_USER_AUTHORIZED_EARLY_STOP,0
TEX,TEX.negative.zero_delay_collapsed_duplicate,C1,PASS,0,PASS,PASS,True,"3,6,7,10,13,16,19,20,23,30",44b1c8da7865311e19c83b3c2790bd8e7ef3a199a7cc5d6862dba61485743a1a,474f083c626ceb146e6971fdf955f83953f612b21486cc60fd8bf37e50b56621,2f6e8e969e525bb48b4d94f016af8fd24f433b0be26b51837f316f60a6b911e0,bf2d0808d339b7b1a4306b62c4ae493d81ba6b5618922d18d76e15ae7932d15d,10,62393600,/home/ubuntu/ssd_data/gnss-early-detection/artifacts/crid-stage0-r4b-phase-a-physical-identifiability-execution/replays/TEX/TEX.negative.zero_delay_collapsed_duplicate/C1/manifest.json,c6fb0de5005bbfc5cc393e6224f01504b83d86b7bb4dec51d7a8c6ba61d91711,NOT_EVALUATED_USER_AUTHORIZED_EARLY_STOP,0
TEX,TEX.negative.zero_delay_collapsed_duplicate,C2,PASS,0,PASS,PASS,True,"3,6,7,10,13,16,19,20,23,30",44b1c8da7865311e19c83b3c2790bd8e7ef3a199a7cc5d6862dba61485743a1a,96fdb698c501a2385ffcef54c68b1346adb31c73881525f42bc43cb71dca9719,2f6e8e969e525bb48b4d94f016af8fd24f433b0be26b51837f316f60a6b911e0,cba70219beb201d416db39b006cca8ea2b5acaa6a2ac9fa928c8281bc2eedeae,10,62393600,/home/ubuntu/ssd_data/gnss-early-detection/artifacts/crid-stage0-r4b-phase-a-physical-identifiability-execution/replays/TEX/TEX.negative.zero_delay_collapsed_duplicate/C2/manifest.json,b594cb6f8f2077f42cb906f2f726f09aabdb897eba1289194788046430aa28e3,NOT_EVALUATED_USER_AUTHORIZED_EARLY_STOP,0
TEX,TEX.negative.zero_delay_collapsed_duplicate,C3,PASS,0,PASS,PASS,True,"3,6,7,10,13,16,19,20,23,30",44b1c8da7865311e19c83b3c2790bd8e7ef3a199a7cc5d6862dba61485743a1a,ccf3f1f2e4d32f0997a0552770eb3e5b643172df1e17ea6105cb3984274bdb73,2f6e8e969e525bb48b4d94f016af8fd24f433b0be26b51837f316f60a6b911e0,8362a62241cb1eb6b5acaa713c42d44c45c1338d2a0ea4ff584e89063844639f,10,62393600,/home/ubuntu/ssd_data/gnss-early-detection/artifacts/crid-stage0-r4b-phase-a-physical-identifiability-execution/replays/TEX/TEX.negative.zero_delay_collapsed_duplicate/C3/manifest.json,74574592f1d3d229322f2962e8a2faffd8af8eed4c93705977ff81d9dd79d867,NOT_EVALUATED_USER_AUTHORIZED_EARLY_STOP,0
TEX,TEX.positive.d050.p+00.four,C0,PASS,0,PASS,PASS,True,"3,6,7,10,13,16,19,20,23,30",2841ffd6f9a24fb73164a6c2574fe87988861e72b521a41c64840202b784835c,eebd331b027e617f109bc70872fb585ec68f7785def37e11dc8c85d57c8544b9,2f6e8e969e525bb48b4d94f016af8fd24f433b0be26b51837f316f60a6b911e0,60cc39bc8f5b42d4e2a0100a283b33470b18e5b7eda4163a469f4decbb41efce,10,62393600,/home/ubuntu/ssd_data/gnss-early-detection/artifacts/crid-stage0-r4b-phase-a-physical-identifiability-execution/replays/TEX/TEX.positive.d050.p+00.four/C0/manifest.json,b6e685c20c3817b1856cc5c9b558b2fd7114c63e01fb0945a85e2aaec1d7fa3f,NOT_EVALUATED_USER_AUTHORIZED_EARLY_STOP,0
TEX,TEX.positive.d050.p+00.four,C1,PASS,0,PASS,PASS,True,"3,6,7,10,13,16,19,20,23,30",2841ffd6f9a24fb73164a6c2574fe87988861e72b521a41c64840202b784835c,e2e8ee44ab528eeb3914bc8d6c4cf16ecef19a44b0dc5d8963a940673152a7e0,2f6e8e969e525bb48b4d94f016af8fd24f433b0be26b51837f316f60a6b911e0,e846ef8c46029735fa34a805be0880805d4b49da60bbb1c04779eb731047e6ef,10,62393600,/home/ubuntu/ssd_data/gnss-early-detection/artifacts/crid-stage0-r4b-phase-a-physical-identifiability-execution/replays/TEX/TEX.positive.d050.p+00.four/C1/manifest.json,d6dd2d7f02a52f460cee154740baaef4610ed5de60c8447a7f73620680e6f26c,NOT_EVALUATED_USER_AUTHORIZED_EARLY_STOP,0
TEX,TEX.positive.d050.p+00.four,C2,PASS,0,PASS,PASS,True,"3,6,7,10,13,16,19,20,23,30",2841ffd6f9a24fb73164a6c2574fe87988861e72b521a41c64840202b784835c,468b1876c34ad66b0c70a643ad726c0dfeb552d23595e413ca34a050f53a2543,2f6e8e969e525bb48b4d94f016af8fd24f433b0be26b51837f316f60a6b911e0,5991e362d9f6580fab69f36ef88d13ee61580a73d60a45bde724b4cb5b0b4b16,10,62393600,/home/ubuntu/ssd_data/gnss-early-detection/artifacts/crid-stage0-r4b-phase-a-physical-identifiability-execution/replays/TEX/TEX.positive.d050.p+00.four/C2/manifest.json,4cb47d51cbf11f21ac38db5533ed2cf8fb7135c56808c0cf469957cd93b280ca,NOT_EVALUATED_USER_AUTHORIZED_EARLY_STOP,0
TEX,TEX.positive.d050.p+00.four,C3,PASS,0,PASS,PASS,True,"3,6,7,10,13,16,19,20,23,30",2841ffd6f9a24fb73164a6c2574fe87988861e72b521a41c64840202b784835c,bbd2686e147e2dc41d358bff44d89a4bed6ad7ffc659d5ad82c94352bde101da,2f6e8e969e525bb48b4d94f016af8fd24f433b0be26b51837f316f60a6b911e0,baeade390e4cbdf0a81ebe5bcd39fb8203ae82af0908144f431c3557dd97d4dd,10,62393600,/home/ubuntu/ssd_data/gnss-early-detection/artifacts/crid-stage0-r4b-phase-a-physical-identifiability-execution/replays/TEX/TEX.positive.d050.p+00.four/C3/manifest.json,93b07775887ea3fd8ccffb9ccb70aa6820928451afae596612165d410ed21675,NOT_EVALUATED_USER_AUTHORIZED_EARLY_STOP,0
TEX,TEX.positive.d050.p+00.single,C0,PASS,0,PASS,PASS,True,"3,6,7,10,13,16,19,20,23,30",3655dc63ee65b1331f40d738b88334578a6b1338778c964a49170f58e8ab4fe0,1f86464fe74c095f72802f17a9f558cfce3c205d9780b91b42e757e1aefc160e,2f6e8e969e525bb48b4d94f016af8fd24f433b0be26b51837f316f60a6b911e0,42c8bddba586bd3eaac5e84356a1078451de90b7c3c93037e2e4fd4560a58f96,10,62393600,/home/ubuntu/ssd_data/gnss-early-detection/artifacts/crid-stage0-r4b-phase-a-physical-identifiability-execution/replays/TEX/TEX.positive.d050.p+00.single/C0/manifest.json,3ac9dddac1f60a41af476508fe12d0923804c3a17a0b93fcb8c8f7e141218265,NOT_EVALUATED_USER_AUTHORIZED_EARLY_STOP,0
TEX,TEX.positive.d050.p+00.single,C1,PASS,0,PASS,PASS,True,"3,6,7,10,13,16,19,20,23,30",3655dc63ee65b1331f40d738b88334578a6b1338778c964a49170f58e8ab4fe0,2679c56ad277cfbaaae22b67c4f46a2502173a27d88284ca196d50de55849c35,2f6e8e969e525bb48b4d94f016af8fd24f433b0be26b51837f316f60a6b911e0,204dfb8ade6dc28d157c655eb4a32527ad122e2d5942e9c24a007d1c91eb0592,10,62393600,/home/ubuntu/ssd_data/gnss-early-detection/artifacts/crid-stage0-r4b-phase-a-physical-identifiability-execution/replays/TEX/TEX.positive.d050.p+00.single/C1/manifest.json,0698fbc5de3fd1e351aa7409b2f35732f6bc3dce6c84740e03ea8a0832815f57,NOT_EVALUATED_USER_AUTHORIZED_EARLY_STOP,0
TEX,TEX.positive.d050.p+00.single,C2,PASS,0,PASS,PASS,True,"3,6,7,10,13,16,19,20,23,30",3655dc63ee65b1331f40d738b88334578a6b1338778c964a49170f58e8ab4fe0,997c052da650947a5117f079c5b8f279ca10135fa8dd8a49703b80a7c8aa46f9,2f6e8e969e525bb48b4d94f016af8fd24f433b0be26b51837f316f60a6b911e0,25fd6a3d4fe29e9216c09a5afed7639c52f6d21497578edabee27a0efe370583,10,62393600,/home/ubuntu/ssd_data/gnss-early-detection/artifacts/crid-stage0-r4b-phase-a-physical-identifiability-execution/replays/TEX/TEX.positive.d050.p+00.single/C2/manifest.json,8455a0d10231d745e590c6c91cf834c1cf5c9a1387fc93359ac1397cfd984d83,NOT_EVALUATED_USER_AUTHORIZED_EARLY_STOP,0
TEX,TEX.positive.d050.p+00.single,C3,PASS,0,PASS,PASS,True,"3,6,7,10,13,16,19,20,23,30",3655dc63ee65b1331f40d738b88334578a6b1338778c964a49170f58e8ab4fe0,6dda560b4598e0781960ed5ddfeeab0dd0ade6c48f4072115112285c2f2ced7b,2f6e8e969e525bb48b4d94f016af8fd24f433b0be26b51837f316f60a6b911e0,f9bed714b94e433aea6499ce33255dac89457dd8f38518dbea8ad897e1d62fcd,10,62393600,/home/ubuntu/ssd_data/gnss-early-detection/artifacts/crid-stage0-r4b-phase-a-physical-identifiability-execution/replays/TEX/TEX.positive.d050.p+00.single/C3/manifest.json,01c45c2baf7720c35d2cd6580f33d53207446d0b7d37ab3631a44e1bce4d0832,NOT_EVALUATED_USER_AUTHORIZED_EARLY_STOP,0
TEX,TEX.positive.d050.p-03.four,C0,PASS,0,PASS,PASS,True,"3,6,7,10,13,16,19,20,23,30",42e9e60a6c381077ec72fe4c7d7b98dff355a898c5ee956537980d36e4c643d2,09f6d20248eb0ccbd74b591a00b65fd1947ab2da4178203e4bf18d0c44ae2d38,2f6e8e969e525bb48b4d94f016af8fd24f433b0be26b51837f316f60a6b911e0,d93e9db18c75d4270289f1e7fda79918e6132d305e0219a3ee154965f2d589e8,10,62393600,/home/ubuntu/ssd_data/gnss-early-detection/artifacts/crid-stage0-r4b-phase-a-physical-identifiability-execution/replays/TEX/TEX.positive.d050.p-03.four/C0/manifest.json,4f1aa7559ff23f9c6c21eb0d759bb2b3adda619d1edcd71e4e14c141a7485bc7,NOT_EVALUATED_USER_AUTHORIZED_EARLY_STOP,0
TEX,TEX.positive.d050.p-03.four,C1,PASS,0,PASS,PASS,True,"3,6,7,10,13,16,19,20,23,30",42e9e60a6c381077ec72fe4c7d7b98dff355a898c5ee956537980d36e4c643d2,ecf5317fb74f131158896724d6ce6e53046dab7b7b6e35083a81847a63341ba0,2f6e8e969e525bb48b4d94f016af8fd24f433b0be26b51837f316f60a6b911e0,a31e0941bb20493bbccaa2dfab14eb3e9aa9532b7aab07da1318c94fc4048b7d,10,62393600,/home/ubuntu/ssd_data/gnss-early-detection/artifacts/crid-stage0-r4b-phase-a-physical-identifiability-execution/replays/TEX/TEX.positive.d050.p-03.four/C1/manifest.json,946ab3bb890ebe0dcc2ad66700f4b7f213e6a8ce9a688df9d19feeefc0a16f11,NOT_EVALUATED_USER_AUTHORIZED_EARLY_STOP,0
TEX,TEX.positive.d050.p-03.four,C2,PASS,0,PASS,PASS,True,"3,6,7,10,13,16,19,20,23,30",42e9e60a6c381077ec72fe4c7d7b98dff355a898c5ee956537980d36e4c643d2,2b4311020fc556c78020888035457e8a71686a26105931df31dd64ab5d792670,2f6e8e969e525bb48b4d94f016af8fd24f433b0be26b51837f316f60a6b911e0,465b6f607763ce5a9d058cf4b5cbc1d996900d753d48d58d9974f404a2e5c9a3,10,62393600,/home/ubuntu/ssd_data/gnss-early-detection/artifacts/crid-stage0-r4b-phase-a-physical-identifiability-execution/replays/TEX/TEX.positive.d050.p-03.four/C2/manifest.json,f3491ef7674365ba4785fbb1b31301f69f2276f18c64bbdbe881d1ddff0e6548,NOT_EVALUATED_USER_AUTHORIZED_EARLY_STOP,0
TEX,TEX.positive.d050.p-03.four,C3,PASS,0,PASS,PASS,True,"3,6,7,10,13,16,19,20,23,30",42e9e60a6c381077ec72fe4c7d7b98dff355a898c5ee956537980d36e4c643d2,ce9e7d91afa64b471b9f251a4b246e729f77122cd2bfdaa00a4bd452eff36445,2f6e8e969e525bb48b4d94f016af8fd24f433b0be26b51837f316f60a6b911e0,4acdd68a6ae82ce1c4a36c2f56d8b89a406eb933ff82975eafd7919b18f3d5c4,10,62393600,/home/ubuntu/ssd_data/gnss-early-detection/artifacts/crid-stage0-r4b-phase-a-physical-identifiability-execution/replays/TEX/TEX.positive.d050.p-03.four/C3/manifest.json,48d6becc36c8d2a35b536aa4561d9c015b8e06f4fa69fc99e4909828c240552c,NOT_EVALUATED_USER_AUTHORIZED_EARLY_STOP,0
TEX,TEX.positive.d050.p-03.single,C0,PASS,0,PASS,PASS,True,"3,6,7,10,13,16,19,20,23,30",636d79aee819ee8fa4e36fbf45f384e65cb5cea58dac28a04d0ad600d31ab60e,420b4b51d434dd43bcc4c3e8f3781a90d120c9f4f2c364f99f4745cf76a4f5c1,2f6e8e969e525bb48b4d94f016af8fd24f433b0be26b51837f316f60a6b911e0,b282dc9772292a4a4e762aea59e13272c25f7cdba4a38c1e5efc317e8d00c13e,10,62393600,/home/ubuntu/ssd_data/gnss-early-detection/artifacts/crid-stage0-r4b-phase-a-physical-identifiability-execution/replays/TEX/TEX.positive.d050.p-03.single/C0/manifest.json,d2fd6515bf8a6ad25e91a619edeb5960adaebc66f044f293e150f5a3d9859edf,NOT_EVALUATED_USER_AUTHORIZED_EARLY_STOP,0
TEX,TEX.positive.d050.p-03.single,C1,PASS,0,PASS,PASS,True,"3,6,7,10,13,16,19,20,23,30",636d79aee819ee8fa4e36fbf45f384e65cb5cea58dac28a04d0ad600d31ab60e,e1a961bcf6bc565a274aa00d010a1d5b195e4b404c490decb621a2e35b2bc1d5,2f6e8e969e525bb48b4d94f016af8fd24f433b0be26b51837f316f60a6b911e0,ae18acf029a2f8352504d28ccdd8011de9c78ab39a4e585d58f71836d40f4980,10,62393600,/home/ubuntu/ssd_data/gnss-early-detection/artifacts/crid-stage0-r4b-phase-a-physical-identifiability-execution/replays/TEX/TEX.positive.d050.p-03.single/C1/manifest.json,e2fbe32a37ffc3247dbd9a742f245f11c2ba65ffbec631a6a47ecdecd0c78d32,NOT_EVALUATED_USER_AUTHORIZED_EARLY_STOP,0
TEX,TEX.positive.d050.p-03.single,C2,PASS,0,PASS,PASS,True,"3,6,7,10,13,16,19,20,23,30",636d79aee819ee8fa4e36fbf45f384e65cb5cea58dac28a04d0ad600d31ab60e,660d2e072eec99e24b85fe55bebd44e7a2eade1e6f43155006be1186b00056f6,2f6e8e969e525bb48b4d94f016af8fd24f433b0be26b51837f316f60a6b911e0,a39d16b5c2e9d5ea135d2c986ef0eca6be9e2cad33851c9c21dba3ebfeb9a532,10,62393600,/home/ubuntu/ssd_data/gnss-early-detection/artifacts/crid-stage0-r4b-phase-a-physical-identifiability-execution/replays/TEX/TEX.positive.d050.p-03.single/C2/manifest.json,7de97e5b936abcf5e5246eef049516ca0272fad12867be4539976869de67c4c0,NOT_EVALUATED_USER_AUTHORIZED_EARLY_STOP,0
TEX,TEX.positive.d050.p-03.single,C3,PASS,0,PASS,PASS,True,"3,6,7,10,13,16,19,20,23,30",636d79aee819ee8fa4e36fbf45f384e65cb5cea58dac28a04d0ad600d31ab60e,ba93b0a183d85639e2e9c682bb94584debc9cd0ee8e287a3e1b94cfb3d63a114,2f6e8e969e525bb48b4d94f016af8fd24f433b0be26b51837f316f60a6b911e0,0b6f4718a46daef340c29fe4361b84745f053ddb9a6b1721b94c7b377c8c4f99,10,62393600,/home/ubuntu/ssd_data/gnss-early-detection/artifacts/crid-stage0-r4b-phase-a-physical-identifiability-execution/replays/TEX/TEX.positive.d050.p-03.single/C3/manifest.json,79bc97220ff82b401ac32b65184da742d32307fdf459710c21fa58a83911d461,NOT_EVALUATED_USER_AUTHORIZED_EARLY_STOP,0
TEX,TEX.positive.d050.p-06.four,C0,PASS,0,PASS,PASS,True,"3,6,7,10,13,16,19,20,23,30",18421e09fa64c5f45f4e30a2edd3262f31c41ff2e5866af2f7ca08da017bc929,fa5e739f2d0997b2715e462e002b77063b7c1926860266f4eff6d6e0015608e4,2f6e8e969e525bb48b4d94f016af8fd24f433b0be26b51837f316f60a6b911e0,ac3f87f2a7dd127177056f4f5cd3a7fe0992807d4215486db4641aec2b90280a,10,62393600,/home/ubuntu/ssd_data/gnss-early-detection/artifacts/crid-stage0-r4b-phase-a-physical-identifiability-execution/replays/TEX/TEX.positive.d050.p-06.four/C0/manifest.json,9c025a3660dd57d45a514df3510cb8f4b5c43b5257a4ed86bb4d0c3f7a5dc794,NOT_EVALUATED_USER_AUTHORIZED_EARLY_STOP,0
TEX,TEX.positive.d050.p-06.four,C1,PASS,0,PASS,PASS,True,"3,6,7,10,13,16,19,20,23,30",18421e09fa64c5f45f4e30a2edd3262f31c41ff2e5866af2f7ca08da017bc929,85ed9945e4cf8e095cac775dcf206c157a2798a511d3578c886333a2dc9f231c,2f6e8e969e525bb48b4d94f016af8fd24f433b0be26b51837f316f60a6b911e0,711168870f62682cfb6cd538a8185525c322e99b8e4a6931ed90c40de63e1410,10,62393600,/home/ubuntu/ssd_data/gnss-early-detection/artifacts/crid-stage0-r4b-phase-a-physical-identifiability-execution/replays/TEX/TEX.positive.d050.p-06.four/C1/manifest.json,2ca9b05c1336fc136939a43e9478df8d6c050232d58d147aa1c8a1bb69ce2026,NOT_EVALUATED_USER_AUTHORIZED_EARLY_STOP,0
TEX,TEX.positive.d050.p-06.four,C2,PASS,0,PASS,PASS,True,"3,6,7,10,13,16,19,20,23,30",18421e09fa64c5f45f4e30a2edd3262f31c41ff2e5866af2f7ca08da017bc929,122eeab322d805e5678997c97d0186fa8b4e22243c55dc6dfaa41d9f64579b75,2f6e8e969e525bb48b4d94f016af8fd24f433b0be26b51837f316f60a6b911e0,ac36c2123fd1ecd3f1662903017f1c0a75efd3946691fff32eb6afbc0aec31e0,10,62393600,/home/ubuntu/ssd_data/gnss-early-detection/artifacts/crid-stage0-r4b-phase-a-physical-identifiability-execution/replays/TEX/TEX.positive.d050.p-06.four/C2/manifest.json,0a4900459990de2228e28b521c7e91cfc27cfaa817450c9d65af9e11c2242c8a,NOT_EVALUATED_USER_AUTHORIZED_EARLY_STOP,0
TEX,TEX.positive.d050.p-06.four,C3,PASS,0,PASS,PASS,True,"3,6,7,10,13,16,19,20,23,30",18421e09fa64c5f45f4e30a2edd3262f31c41ff2e5866af2f7ca08da017bc929,a552b2d0931fe9b67892a15046fb2af6a00f35bf69452c558aa67f29df46dacc,2f6e8e969e525bb48b4d94f016af8fd24f433b0be26b51837f316f60a6b911e0,4c97f3fb459b00fe639218f945ad57737f8f73cd1f9c43bdfc053034eb1babee,10,62393600,/home/ubuntu/ssd_data/gnss-early-detection/artifacts/crid-stage0-r4b-phase-a-physical-identifiability-execution/replays/TEX/TEX.positive.d050.p-06.four/C3/manifest.json,7d1e8598970033fc4f8d71315ac88888bb5c58a0e1f5f1df1f8c69f26fae19f5,NOT_EVALUATED_USER_AUTHORIZED_EARLY_STOP,0
TEX,TEX.positive.d050.p-06.single,C0,PASS,0,PASS,PASS,True,"3,6,7,10,13,16,19,20,23,30",97285ba39478f8e2bbb4766c2c5a05d3810f83ac1f757920ae5f3a90075e4a3b,276606b9808e8e51b86d77c5d1d4d849d7eabd0b7c5afa78547bbad7da0beff0,2f6e8e969e525bb48b4d94f016af8fd24f433b0be26b51837f316f60a6b911e0,3251c240ed492036774f629b930fe24763d2ea0319465875aa6361baa74b6194,10,62393600,/home/ubuntu/ssd_data/gnss-early-detection/artifacts/crid-stage0-r4b-phase-a-physical-identifiability-execution/replays/TEX/TEX.positive.d050.p-06.single/C0/manifest.json,157a3a87585518393d507d132ba66a59735ccf6943c593ff5514e986c5ededcf,NOT_EVALUATED_USER_AUTHORIZED_EARLY_STOP,0
TEX,TEX.positive.d050.p-06.single,C1,PASS,0,PASS,PASS,True,"3,6,7,10,13,16,19,20,23,30",97285ba39478f8e2bbb4766c2c5a05d3810f83ac1f757920ae5f3a90075e4a3b,d8b387e105025ba05ea1b30dbd43cb89fe9f68d77bc77b91e2db7432ccc873d3,2f6e8e969e525bb48b4d94f016af8fd24f433b0be26b51837f316f60a6b911e0,f148ec5162c64559c78dae590bc6f937674d50aa8ef63d1c3c7e90c5df13850d,10,62393600,/home/ubuntu/ssd_data/gnss-early-detection/artifacts/crid-stage0-r4b-phase-a-physical-identifiability-execution/replays/TEX/TEX.positive.d050.p-06.single/C1/manifest.json,44c2711bd64b4c69f91579dfa4c0833b0f55abd28acaa4654def7c01620c7eb7,NOT_EVALUATED_USER_AUTHORIZED_EARLY_STOP,0
TEX,TEX.positive.d050.p-06.single,C2,PASS,0,PASS,PASS,True,"3,6,7,10,13,16,19,20,23,30",97285ba39478f8e2bbb4766c2c5a05d3810f83ac1f757920ae5f3a90075e4a3b,7ceaf80c204198140b1150962be9a5850d70f05aab64f2795ed833a3ea44b105,2f6e8e969e525bb48b4d94f016af8fd24f433b0be26b51837f316f60a6b911e0,e11da17ae8c5223a4e6fdf9a8b7e9606168548b582123a4909e27e755f88af99,10,62393600,/home/ubuntu/ssd_data/gnss-early-detection/artifacts/crid-stage0-r4b-phase-a-physical-identifiability-execution/replays/TEX/TEX.positive.d050.p-06.single/C2/manifest.json,f06efcc9445dea422b140dfeb778085acd6d30d59b1c3b6636e2845f81435bc7,NOT_EVALUATED_USER_AUTHORIZED_EARLY_STOP,0
TEX,TEX.positive.d050.p-06.single,C3,PASS,0,PASS,PASS,True,"3,6,7,10,13,16,19,20,23,30",97285ba39478f8e2bbb4766c2c5a05d3810f83ac1f757920ae5f3a90075e4a3b,0aeba93ad0133fceb86331243192a5623bba1672197af3d6983e6e992739e77a,2f6e8e969e525bb48b4d94f016af8fd24f433b0be26b51837f316f60a6b911e0,76cf079e0668e6410a0eb6389d181acc3224fe1eaa5a2409f4075fba661aca06,10,62393600,/home/ubuntu/ssd_data/gnss-early-detection/artifacts/crid-stage0-r4b-phase-a-physical-identifiability-execution/replays/TEX/TEX.positive.d050.p-06.single/C3/manifest.json,efa37cc0f84b6156e73c83d6b5d2a12ecf6d08118352b088476caf9207e44520,NOT_EVALUATED_USER_AUTHORIZED_EARLY_STOP,0
TEX,TEX.positive.d150.p+00.four,C0,PASS,0,PASS,PASS,True,"3,6,7,10,13,16,19,20,23,30",18247d0335b62e8aea27f85951df6bd22ebf8425bd2b5d6ad310705a1ddbb139,4743b4b84110dbc7084ce81c2832e5b50dd83f3e4444514f67b266f91b2527d3,2f6e8e969e525bb48b4d94f016af8fd24f433b0be26b51837f316f60a6b911e0,1da4f030836d548377ef405348783eba708b432cfdfed48a937deec227e5f739,10,62393600,/home/ubuntu/ssd_data/gnss-early-detection/artifacts/crid-stage0-r4b-phase-a-physical-identifiability-execution/replays/TEX/TEX.positive.d150.p+00.four/C0/manifest.json,0925a8c97d9b49fd06c620b77c648e95f6ef2339762211c9f696346ac0f5a7cc,NOT_EVALUATED_USER_AUTHORIZED_EARLY_STOP,0
TEX,TEX.positive.d150.p+00.four,C1,PASS,0,PASS,PASS,True,"3,6,7,10,13,16,19,20,23,30",18247d0335b62e8aea27f85951df6bd22ebf8425bd2b5d6ad310705a1ddbb139,526432309bd3b3935dad344225c31c3be39191dc942d018b7c4be25d73a1548e,2f6e8e969e525bb48b4d94f016af8fd24f433b0be26b51837f316f60a6b911e0,b9636a3543446b961a8db42b2814fc82f3302768182e7e94b5fc961bc3634e24,10,62393600,/home/ubuntu/ssd_data/gnss-early-detection/artifacts/crid-stage0-r4b-phase-a-physical-identifiability-execution/replays/TEX/TEX.positive.d150.p+00.four/C1/manifest.json,a97ad5f103087aadc005e1b7d1b49fa256e7dec6b9362ac25ce3a5592623ecd3,NOT_EVALUATED_USER_AUTHORIZED_EARLY_STOP,0
TEX,TEX.positive.d150.p+00.four,C2,PASS,0,PASS,PASS,True,"3,6,7,10,13,16,19,20,23,30",18247d0335b62e8aea27f85951df6bd22ebf8425bd2b5d6ad310705a1ddbb139,96561032755d09375ee7bce57df5b65c195790c3b82d794786586af238789b73,2f6e8e969e525bb48b4d94f016af8fd24f433b0be26b51837f316f60a6b911e0,6f8db1ba2867bb6941313d5daca92a1d4a62b619cc8b7649ef59fe705e4034e2,10,62393600,/home/ubuntu/ssd_data/gnss-early-detection/artifacts/crid-stage0-r4b-phase-a-physical-identifiability-execution/replays/TEX/TEX.positive.d150.p+00.four/C2/manifest.json,7662270bfa171e8da8bbc26ddf2f05559fe35257ade440b2d27569facd648ae6,NOT_EVALUATED_USER_AUTHORIZED_EARLY_STOP,0
TEX,TEX.positive.d150.p+00.four,C3,PASS,0,PASS,PASS,True,"3,6,7,10,13,16,19,20,23,30",18247d0335b62e8aea27f85951df6bd22ebf8425bd2b5d6ad310705a1ddbb139,4c7a7481dec96a7709a82f267b008aefa085d18624bae3f48c3c1d037f999416,2f6e8e969e525bb48b4d94f016af8fd24f433b0be26b51837f316f60a6b911e0,ae67406f44056ab45ab961f36b0c984af040fef813c530cec04689896dc8f002,10,62393600,/home/ubuntu/ssd_data/gnss-early-detection/artifacts/crid-stage0-r4b-phase-a-physical-identifiability-execution/replays/TEX/TEX.positive.d150.p+00.four/C3/manifest.json,7891df37d34b71465042e4404837ac734ef0276d9e4418bb364d30f38a82c04f,NOT_EVALUATED_USER_AUTHORIZED_EARLY_STOP,0
TEX,TEX.positive.d150.p+00.single,C0,PASS,0,PASS,PASS,True,"3,6,7,10,13,16,19,20,23,30",0aa10353ffaf61c0003c7609fec9868ad93983a5959fd0a2cdb2a0661c2811e8,e553393a885534af38cc0bd04c330a9cdd788161be3fb452bfb74a7db231e0b0,2f6e8e969e525bb48b4d94f016af8fd24f433b0be26b51837f316f60a6b911e0,67404fb047b737ca51516c6ae27324d174bce15a5092d20da227f7532959e5b9,10,62393600,/home/ubuntu/ssd_data/gnss-early-detection/artifacts/crid-stage0-r4b-phase-a-physical-identifiability-execution/replays/TEX/TEX.positive.d150.p+00.single/C0/manifest.json,1b1b06423c29521bf3728004c75476d5f6d18be35b7eb883a60bd73a1ab95674,NOT_EVALUATED_USER_AUTHORIZED_EARLY_STOP,0
TEX,TEX.positive.d150.p+00.single,C1,PASS,0,PASS,PASS,True,"3,6,7,10,13,16,19,20,23,30",0aa10353ffaf61c0003c7609fec9868ad93983a5959fd0a2cdb2a0661c2811e8,757813c7b44bb8179f66a72f82c630408d80aee41551c6d95256274eee521741,2f6e8e969e525bb48b4d94f016af8fd24f433b0be26b51837f316f60a6b911e0,140ffbc534a1727d2a25461bcb6ce55a50db2f4e90b91039cf8f7142567209b7,10,62393600,/home/ubuntu/ssd_data/gnss-early-detection/artifacts/crid-stage0-r4b-phase-a-physical-identifiability-execution/replays/TEX/TEX.positive.d150.p+00.single/C1/manifest.json,0c94af4648ef926dfa99a890dabae10bac8ec03c298d9e6d87d92077ea2109ff,NOT_EVALUATED_USER_AUTHORIZED_EARLY_STOP,0
TEX,TEX.positive.d150.p+00.single,C2,PASS,0,PASS,PASS,True,"3,6,7,10,13,16,19,20,23,30",0aa10353ffaf61c0003c7609fec9868ad93983a5959fd0a2cdb2a0661c2811e8,809067aa88cd5603f1309491bc4f69b835b721793c31b28f68337b82d5e6b822,2f6e8e969e525bb48b4d94f016af8fd24f433b0be26b51837f316f60a6b911e0,bfca7f47185ce93079e9114a47839d377e1127d77ff3532576bbcc333a0defbd,10,62393600,/home/ubuntu/ssd_data/gnss-early-detection/artifacts/crid-stage0-r4b-phase-a-physical-identifiability-execution/replays/TEX/TEX.positive.d150.p+00.single/C2/manifest.json,bd6873bd964cf9ef12c8aec4584b0aaa6a7089a68a4ead49f4daf41c9df5017a,NOT_EVALUATED_USER_AUTHORIZED_EARLY_STOP,0
TEX,TEX.positive.d150.p+00.single,C3,PASS,0,PASS,PASS,True,"3,6,7,10,13,16,19,20,23,30",0aa10353ffaf61c0003c7609fec9868ad93983a5959fd0a2cdb2a0661c2811e8,6773ba2040634bccc2727a54d2aef9acf8fb524e1f84a8fac8155409b8137a7c,2f6e8e969e525bb48b4d94f016af8fd24f433b0be26b51837f316f60a6b911e0,b0110fde9e27f783498e475ddcabf3bc233bbcce8877b3b82bd1510cc3e09058,10,62393600,/home/ubuntu/ssd_data/gnss-early-detection/artifacts/crid-stage0-r4b-phase-a-physical-identifiability-execution/replays/TEX/TEX.positive.d150.p+00.single/C3/manifest.json,6a4d13dd991d954bf0c157f1423201a3bc0bafbfdf78c28993a96ee5feeb2010,NOT_EVALUATED_USER_AUTHORIZED_EARLY_STOP,0
TEX,TEX.positive.d150.p-03.four,C0,PASS,0,PASS,PASS,True,"3,6,7,10,13,16,19,20,23,30",7e562df43987f470a4308d73b8d88465bc23ddbaeaada2cd30ac997296676e1c,a27bf3014351291c382e8cf9a588b5eec3bf1d6f012ef986d1a6ca9a87cc9e5f,2f6e8e969e525bb48b4d94f016af8fd24f433b0be26b51837f316f60a6b911e0,b7457c48dd25f73388e6552f94c66814dc2eaaa7dec1d852f51fdbc7e5120b69,10,62393600,/home/ubuntu/ssd_data/gnss-early-detection/artifacts/crid-stage0-r4b-phase-a-physical-identifiability-execution/replays/TEX/TEX.positive.d150.p-03.four/C0/manifest.json,abc73f58c3e9e185fbbb7e36deb4a291048fbba680b44b50d5154f634a9206b0,NOT_EVALUATED_USER_AUTHORIZED_EARLY_STOP,0
TEX,TEX.positive.d150.p-03.four,C1,PASS,0,PASS,PASS,True,"3,6,7,10,13,16,19,20,23,30",7e562df43987f470a4308d73b8d88465bc23ddbaeaada2cd30ac997296676e1c,932018df8bd7cf2cbe2c71c9dbc5a9128e76c0519f88df94c6e8bdc828a878d7,2f6e8e969e525bb48b4d94f016af8fd24f433b0be26b51837f316f60a6b911e0,7a26881b5cda399188bdd15a4affd3d0d79f977e4947dfcf13da2e7c01f95d93,10,62393600,/home/ubuntu/ssd_data/gnss-early-detection/artifacts/crid-stage0-r4b-phase-a-physical-identifiability-execution/replays/TEX/TEX.positive.d150.p-03.four/C1/manifest.json,f9849752607394149b285b5ed7e20c5992610eb2759da511f4a61648e43eee40,NOT_EVALUATED_USER_AUTHORIZED_EARLY_STOP,0
TEX,TEX.positive.d150.p-03.four,C2,PASS,0,PASS,PASS,True,"3,6,7,10,13,16,19,20,23,30",7e562df43987f470a4308d73b8d88465bc23ddbaeaada2cd30ac997296676e1c,0d2b2f6f599cc35e91030436e8539bc34acb1ad1caf00afa9d8ac361f672b95a,2f6e8e969e525bb48b4d94f016af8fd24f433b0be26b51837f316f60a6b911e0,dfcd58e62a84f32d73ffd1ddd880c679c5276f32ecaf40829ad297dabb99512b,10,62393600,/home/ubuntu/ssd_data/gnss-early-detection/artifacts/crid-stage0-r4b-phase-a-physical-identifiability-execution/replays/TEX/TEX.positive.d150.p-03.four/C2/manifest.json,f7945712a9d699616b7ab68a10173b57cf2fcf907189a32672f5e87e1120cfde,NOT_EVALUATED_USER_AUTHORIZED_EARLY_STOP,0
TEX,TEX.positive.d150.p-03.four,C3,PASS,0,PASS,PASS,True,"3,6,7,10,13,16,19,20,23,30",7e562df43987f470a4308d73b8d88465bc23ddbaeaada2cd30ac997296676e1c,ac985011e76a6d13b479ac0d320a8a4ccaea1228bb9a80b5947f677a47f46951,2f6e8e969e525bb48b4d94f016af8fd24f433b0be26b51837f316f60a6b911e0,5b63799d9fff57f2a462118108ad14925a195a539a2cc2f0ea52c522a2c48399,10,62393600,/home/ubuntu/ssd_data/gnss-early-detection/artifacts/crid-stage0-r4b-phase-a-physical-identifiability-execution/replays/TEX/TEX.positive.d150.p-03.four/C3/manifest.json,75a7afddbf7cf79cced13f4299d93deef799b8210427fc3ff29bf246aa6639ef,NOT_EVALUATED_USER_AUTHORIZED_EARLY_STOP,0
TEX,TEX.positive.d150.p-03.single,C0,PASS,0,PASS,PASS,True,"3,6,7,10,13,16,19,20,23,30",7abe49bf44cb88c0db1501d028d3b1c7bdebc4f0343e2f3665889a74a887e836,f9ff81de075073074be7b3478e98bbc0c83e068be6801b0f1aec08a13b14ae4c,2f6e8e969e525bb48b4d94f016af8fd24f433b0be26b51837f316f60a6b911e0,17898370a2dc4830683e73dffa0fe85dbbdfeb2c3c9660e2695d592e2e41f9b3,10,62393600,/home/ubuntu/ssd_data/gnss-early-detection/artifacts/crid-stage0-r4b-phase-a-physical-identifiability-execution/replays/TEX/TEX.positive.d150.p-03.single/C0/manifest.json,849d5491048704576d8049c577f61990216f3f3728728def83384c64e2a5fcea,NOT_EVALUATED_USER_AUTHORIZED_EARLY_STOP,0
TEX,TEX.positive.d150.p-03.single,C1,PASS,0,PASS,PASS,True,"3,6,7,10,13,16,19,20,23,30",7abe49bf44cb88c0db1501d028d3b1c7bdebc4f0343e2f3665889a74a887e836,afa483bae9c7b8a1bf2a46bdce1b2c0d186c2800be976781c2d98af64ee34358,2f6e8e969e525bb48b4d94f016af8fd24f433b0be26b51837f316f60a6b911e0,5f96596055d0645095b510e93637621f95aab8a0e2adf1d0fca59dcc0bf7f98c,10,62393600,/home/ubuntu/ssd_data/gnss-early-detection/artifacts/crid-stage0-r4b-phase-a-physical-identifiability-execution/replays/TEX/TEX.positive.d150.p-03.single/C1/manifest.json,428f4ce1cdd227051f944d4d1323f1a44c06f30af190a8877c541e8425b015ce,NOT_EVALUATED_USER_AUTHORIZED_EARLY_STOP,0
TEX,TEX.positive.d150.p-03.single,C2,PASS,0,PASS,PASS,True,"3,6,7,10,13,16,19,20,23,30",7abe49bf44cb88c0db1501d028d3b1c7bdebc4f0343e2f3665889a74a887e836,7444fc0f38f73511d6c91a4493838facf72306a37b170d790849867e4a6d5f0c,2f6e8e969e525bb48b4d94f016af8fd24f433b0be26b51837f316f60a6b911e0,985201806af2e13627c1b65e23a99efca81c1a69123e21acb195228454cc92c8,10,62393600,/home/ubuntu/ssd_data/gnss-early-detection/artifacts/crid-stage0-r4b-phase-a-physical-identifiability-execution/replays/TEX/TEX.positive.d150.p-03.single/C2/manifest.json,49220efe2257749d9def18d9ecf9729bce6079c6b25885929d0e3a35f182b5ac,NOT_EVALUATED_USER_AUTHORIZED_EARLY_STOP,0
TEX,TEX.positive.d150.p-03.single,C3,PASS,0,PASS,PASS,True,"3,6,7,10,13,16,19,20,23,30",7abe49bf44cb88c0db1501d028d3b1c7bdebc4f0343e2f3665889a74a887e836,cb3d75e01d35197e0c9da03aade33585cb5630fb52697c4a691fb7e409d0a559,2f6e8e969e525bb48b4d94f016af8fd24f433b0be26b51837f316f60a6b911e0,fed04b86bc7cab6c478949b519cf030d71008c8083414ac8b2db7b365af64310,10,62393600,/home/ubuntu/ssd_data/gnss-early-detection/artifacts/crid-stage0-r4b-phase-a-physical-identifiability-execution/replays/TEX/TEX.positive.d150.p-03.single/C3/manifest.json,2fa822716d2c15a1daf4898310db507a5ab7d6bf13147da1b1f911c1fb5693af,NOT_EVALUATED_USER_AUTHORIZED_EARLY_STOP,0
TEX,TEX.positive.d150.p-06.four,C0,PASS,0,PASS,PASS,True,"3,6,7,10,13,16,19,20,23,30",982c9d7643918be2f16751ba8cc567b34f3657ef318ba60f5c94cb5b96924b9c,b9295a1df0aef483e9b80087ad55b0b9ad78f0157276514daf42c40f38e02be7,2f6e8e969e525bb48b4d94f016af8fd24f433b0be26b51837f316f60a6b911e0,aa814a9984ac2f4f03848d940e2dbaa82213c77712b7bc2dbe5fcea808bbb5cd,10,62393600,/home/ubuntu/ssd_data/gnss-early-detection/artifacts/crid-stage0-r4b-phase-a-physical-identifiability-execution/replays/TEX/TEX.positive.d150.p-06.four/C0/manifest.json,3ea4db36b23523de2dcfa6b1ebce51a58678372ece7260279acbb8e03a7557b3,NOT_EVALUATED_USER_AUTHORIZED_EARLY_STOP,0
TEX,TEX.positive.d150.p-06.four,C1,PASS,0,PASS,PASS,True,"3,6,7,10,13,16,19,20,23,30",982c9d7643918be2f16751ba8cc567b34f3657ef318ba60f5c94cb5b96924b9c,7a6b1e8093ac37bc6105e0a29d23909c02859ee879802f3fb7e031c5c5279ffd,2f6e8e969e525bb48b4d94f016af8fd24f433b0be26b51837f316f60a6b911e0,40aa480e5bd33433293a61d88bf7eb9dfc9311d9338f29f8894db2828d0b36ec,10,62393600,/home/ubuntu/ssd_data/gnss-early-detection/artifacts/crid-stage0-r4b-phase-a-physical-identifiability-execution/replays/TEX/TEX.positive.d150.p-06.four/C1/manifest.json,31c21748c2247dbb59296f84f0782dd52efe34045bace60ceccb1675a28416f1,NOT_EVALUATED_USER_AUTHORIZED_EARLY_STOP,0
TEX,TEX.positive.d150.p-06.four,C2,PASS,0,PASS,PASS,True,"3,6,7,10,13,16,19,20,23,30",982c9d7643918be2f16751ba8cc567b34f3657ef318ba60f5c94cb5b96924b9c,394f3414667e808045fb52273082b0a1154033f74057d0d080d6254a400f2d33,2f6e8e969e525bb48b4d94f016af8fd24f433b0be26b51837f316f60a6b911e0,3f646768b9fd8a78ead019da5605cac0e9a6d58806f5f947e26195e4e6d052ca,10,62393600,/home/ubuntu/ssd_data/gnss-early-detection/artifacts/crid-stage0-r4b-phase-a-physical-identifiability-execution/replays/TEX/TEX.positive.d150.p-06.four/C2/manifest.json,d9e0738a164a8a57e0ac97956834ac51ef0a36fcacbb9f468881e03efcda1e19,NOT_EVALUATED_USER_AUTHORIZED_EARLY_STOP,0
TEX,TEX.positive.d150.p-06.four,C3,PASS,0,PASS,PASS,True,"3,6,7,10,13,16,19,20,23,30",982c9d7643918be2f16751ba8cc567b34f3657ef318ba60f5c94cb5b96924b9c,340fe90c7a3a269b54a20e937365499dd77f43c58411b27233f2650b3db2a293,2f6e8e969e525bb48b4d94f016af8fd24f433b0be26b51837f316f60a6b911e0,e1b1e4e4a4b2e3e32c857384eef9aa05965c52fe586701e0cac1240f7274f46d,10,62393600,/home/ubuntu/ssd_data/gnss-early-detection/artifacts/crid-stage0-r4b-phase-a-physical-identifiability-execution/replays/TEX/TEX.positive.d150.p-06.four/C3/manifest.json,c8d561a155ce465ddb8d330daef3f6237ba6c95bcdef0d585f1e04fab5fc336a,NOT_EVALUATED_USER_AUTHORIZED_EARLY_STOP,0
TEX,TEX.positive.d150.p-06.single,C0,PASS,0,PASS,PASS,True,"3,6,7,10,13,16,19,20,23,30",bbfb45769530ef338dcdccb6dfa7b208bd7198e0d9c05fde7e7a08e7544bd1f1,7004fa1b01f4ea86b07de72dec0e7a4bf8d5a3e4e5f27fb224b0fa3d51cdef60,2f6e8e969e525bb48b4d94f016af8fd24f433b0be26b51837f316f60a6b911e0,13ade611266fe5a653dfc3e847d4833194f91b781f62b064d9959f2da14f3075,10,62393600,/home/ubuntu/ssd_data/gnss-early-detection/artifacts/crid-stage0-r4b-phase-a-physical-identifiability-execution/replays/TEX/TEX.positive.d150.p-06.single/C0/manifest.json,dd2fba7a194b18266bf1b84e5387978a645000a9201389925454b7c884454e4b,NOT_EVALUATED_USER_AUTHORIZED_EARLY_STOP,0
TEX,TEX.positive.d150.p-06.single,C1,PASS,0,PASS,PASS,True,"3,6,7,10,13,16,19,20,23,30",bbfb45769530ef338dcdccb6dfa7b208bd7198e0d9c05fde7e7a08e7544bd1f1,78e5a5e53afcca481f76b6d8dce363b01164fb40e40428e64233658fb0654384,2f6e8e969e525bb48b4d94f016af8fd24f433b0be26b51837f316f60a6b911e0,02a9f651c7d1e6d09b31873ffc2ac4886c45c891d34b6bf5adc7a4d123ac733b,10,62393600,/home/ubuntu/ssd_data/gnss-early-detection/artifacts/crid-stage0-r4b-phase-a-physical-identifiability-execution/replays/TEX/TEX.positive.d150.p-06.single/C1/manifest.json,434f4eb7507e6d1b0656fe9f8bf13393f412b4f5fa0ce98e8873599e80e09417,NOT_EVALUATED_USER_AUTHORIZED_EARLY_STOP,0
TEX,TEX.positive.d150.p-06.single,C2,PASS,0,PASS,PASS,True,"3,6,7,10,13,16,19,20,23,30",bbfb45769530ef338dcdccb6dfa7b208bd7198e0d9c05fde7e7a08e7544bd1f1,21f72ef6f95a002df098082430ee0e81b2a350bf73921164d0a52affb0b499ee,2f6e8e969e525bb48b4d94f016af8fd24f433b0be26b51837f316f60a6b911e0,1bc86c988f9cf15507bebadde2ab8fb80408989e48aeec57c2a4be8fd0597916,10,62393600,/home/ubuntu/ssd_data/gnss-early-detection/artifacts/crid-stage0-r4b-phase-a-physical-identifiability-execution/replays/TEX/TEX.positive.d150.p-06.single/C2/manifest.json,b38db1db8a1757196a70cfae7ffcc482d41139b5f73097ce6e3e632092b93a16,NOT_EVALUATED_USER_AUTHORIZED_EARLY_STOP,0
TEX,TEX.positive.d150.p-06.single,C3,PASS,0,PASS,PASS,True,"3,6,7,10,13,16,19,20,23,30",bbfb45769530ef338dcdccb6dfa7b208bd7198e0d9c05fde7e7a08e7544bd1f1,c36bdd472ea4e036eae4c9ac0ad47f8934f8a1a2b9e638b58b3d4562c6d26116,2f6e8e969e525bb48b4d94f016af8fd24f433b0be26b51837f316f60a6b911e0,ca37cdbff8122174f7e8d97baff87df987d80ad806e16efe2b30539a492b489a,10,62393600,/home/ubuntu/ssd_data/gnss-early-detection/artifacts/crid-stage0-r4b-phase-a-physical-identifiability-execution/replays/TEX/TEX.positive.d150.p-06.single/C3/manifest.json,e17bedfd4dc8215661b59227095d6ad3ed5e6475bf9f43e0a4b696bcddd41e8b,NOT_EVALUATED_USER_AUTHORIZED_EARLY_STOP,0
TEX,TEX.positive.d300.p+00.four,C0,PASS,0,PASS,PASS,True,"3,6,7,10,13,16,19,20,23,30",d20bf4bd6d7321af22912e9c1c32852382730e0cb816844b3ed63476e9662ae4,c50c33e10eeb94b09b3b45a4be4b73a373f8f241df4338567dd107b2f98d461a,2f6e8e969e525bb48b4d94f016af8fd24f433b0be26b51837f316f60a6b911e0,d4847e1e9cd80d2f6ae0e61ac25215a01ae1e10792df097c341af902cdb712af,10,62393600,/home/ubuntu/ssd_data/gnss-early-detection/artifacts/crid-stage0-r4b-phase-a-physical-identifiability-execution/replays/TEX/TEX.positive.d300.p+00.four/C0/manifest.json,5cd71b99c54f2347df7d2633ce7b033a63372a74da9b68ffd1078a0e6490cc7d,NOT_EVALUATED_USER_AUTHORIZED_EARLY_STOP,0
TEX,TEX.positive.d300.p+00.four,C1,PASS,0,PASS,PASS,True,"3,6,7,10,13,16,19,20,23,30",d20bf4bd6d7321af22912e9c1c32852382730e0cb816844b3ed63476e9662ae4,de28df4c1707041b3bc02a73a58911377d713114962e7650af0ef202add599ae,2f6e8e969e525bb48b4d94f016af8fd24f433b0be26b51837f316f60a6b911e0,3cea7dc3227c3a1ff390e7dbb816cbab6744a01ba4a6df0622f7a4dc4f530549,10,62393600,/home/ubuntu/ssd_data/gnss-early-detection/artifacts/crid-stage0-r4b-phase-a-physical-identifiability-execution/replays/TEX/TEX.positive.d300.p+00.four/C1/manifest.json,0680cc51c7fd37431560290cf22acd37ef1ab741207bd377eec857cbd3950449,NOT_EVALUATED_USER_AUTHORIZED_EARLY_STOP,0
TEX,TEX.positive.d300.p+00.four,C2,PASS,0,PASS,PASS,True,"3,6,7,10,13,16,19,20,23,30",d20bf4bd6d7321af22912e9c1c32852382730e0cb816844b3ed63476e9662ae4,c1f0b5ad1b6bd6852b6bf623e69dcb02ec897a8a640dd7cf77fb57ddf14b23f9,2f6e8e969e525bb48b4d94f016af8fd24f433b0be26b51837f316f60a6b911e0,316e38bf073e39a0de799c3d156b649617545ba9f449e1bd6e2dc83756f5bc8b,10,62393600,/home/ubuntu/ssd_data/gnss-early-detection/artifacts/crid-stage0-r4b-phase-a-physical-identifiability-execution/replays/TEX/TEX.positive.d300.p+00.four/C2/manifest.json,361e14fc636ebb63b9c7a9d5caffb9d8204062f2657058dbcfa4a6ea53316af7,NOT_EVALUATED_USER_AUTHORIZED_EARLY_STOP,0
TEX,TEX.positive.d300.p+00.four,C3,PASS,0,PASS,PASS,True,"3,6,7,10,13,16,19,20,23,30",d20bf4bd6d7321af22912e9c1c32852382730e0cb816844b3ed63476e9662ae4,18e1402eb91c8fb32eef88d88420252b2fd1ab689ea88eec6703491a7f02c89e,2f6e8e969e525bb48b4d94f016af8fd24f433b0be26b51837f316f60a6b911e0,8a7bdae03c952e895c07929a906ef2e6f8346f3d7e0847b495e0a0e3e89d7db9,10,62393600,/home/ubuntu/ssd_data/gnss-early-detection/artifacts/crid-stage0-r4b-phase-a-physical-identifiability-execution/replays/TEX/TEX.positive.d300.p+00.four/C3/manifest.json,8f9c2ea3557b8a2b4a165a95a8e4cb4174bf43292fd51aea3630c90dfa2cc66c,NOT_EVALUATED_USER_AUTHORIZED_EARLY_STOP,0
TEX,TEX.positive.d300.p+00.single,C0,PASS,0,PASS,PASS,True,"3,6,7,10,13,16,19,20,23,30",368878743db850ce7d27d6dde3c43e769a23d77fdd7b2c0b243147f4b0d3f2e5,5c590e950de1b355b4d90f3061e7eb70130eb0500f0ba7cdd90dae3f8c80734b,2f6e8e969e525bb48b4d94f016af8fd24f433b0be26b51837f316f60a6b911e0,47f1e58b24b31503cc5b3e6e123d4af0d3a969c66127f5c4f90a6d7e86ec6c25,10,62393600,/home/ubuntu/ssd_data/gnss-early-detection/artifacts/crid-stage0-r4b-phase-a-physical-identifiability-execution/replays/TEX/TEX.positive.d300.p+00.single/C0/manifest.json,64c79ffa9567054722fa24ee0920a4f2e6fe8084efcb58f2f60c5176b61e8c25,NOT_EVALUATED_USER_AUTHORIZED_EARLY_STOP,0
TEX,TEX.positive.d300.p+00.single,C1,PASS,0,PASS,PASS,True,"3,6,7,10,13,16,19,20,23,30",368878743db850ce7d27d6dde3c43e769a23d77fdd7b2c0b243147f4b0d3f2e5,4cc63d7442dc42cdc55226db0a600df47507484d29dae7bdfc439d52bdea4a94,2f6e8e969e525bb48b4d94f016af8fd24f433b0be26b51837f316f60a6b911e0,27b3fcd448d92d23cb8ff5681adfc54acece04a1d56517c2676ea3469686a008,10,62393600,/home/ubuntu/ssd_data/gnss-early-detection/artifacts/crid-stage0-r4b-phase-a-physical-identifiability-execution/replays/TEX/TEX.positive.d300.p+00.single/C1/manifest.json,c785618f57e92d88a571025bfa57073dac837f3bb38dba6845b7e76a661147e7,NOT_EVALUATED_USER_AUTHORIZED_EARLY_STOP,0
TEX,TEX.positive.d300.p+00.single,C2,PASS,0,PASS,PASS,True,"3,6,7,10,13,16,19,20,23,30",368878743db850ce7d27d6dde3c43e769a23d77fdd7b2c0b243147f4b0d3f2e5,cfc74468b5a012488fbec1665e9b8ffd9035d0ba4a5b1317cbb6c5b8f8d6b8bf,2f6e8e969e525bb48b4d94f016af8fd24f433b0be26b51837f316f60a6b911e0,f0e519bbe4ae16bd2daa97c5dc83e4c4aa2ae156c05fdfa79df9a3b10cb29692,10,62393600,/home/ubuntu/ssd_data/gnss-early-detection/artifacts/crid-stage0-r4b-phase-a-physical-identifiability-execution/replays/TEX/TEX.positive.d300.p+00.single/C2/manifest.json,0ccf5d9222648a72beb5282227fc361f631dfd068a7693333dcff00017d5b659,NOT_EVALUATED_USER_AUTHORIZED_EARLY_STOP,0
TEX,TEX.positive.d300.p+00.single,C3,PASS,0,PASS,PASS,True,"3,6,7,10,13,16,19,20,23,30",368878743db850ce7d27d6dde3c43e769a23d77fdd7b2c0b243147f4b0d3f2e5,eeca1cc0b86e94146b2283add857cd45f8a9ea49d8005f2d2ba915ad4dac2502,2f6e8e969e525bb48b4d94f016af8fd24f433b0be26b51837f316f60a6b911e0,8b3971c56f18ad0911cd1806f96ae45ca0d3ceccbcd22bea15c66ac2256b090e,10,62393600,/home/ubuntu/ssd_data/gnss-early-detection/artifacts/crid-stage0-r4b-phase-a-physical-identifiability-execution/replays/TEX/TEX.positive.d300.p+00.single/C3/manifest.json,86ca3984a3553032672bdacb85172b6940e52d6a4e7494e295990d82fc121025,NOT_EVALUATED_USER_AUTHORIZED_EARLY_STOP,0
TEX,TEX.positive.d300.p-03.four,C0,PASS,0,PASS,PASS,True,"3,6,7,10,13,16,19,20,23,30",d6e6a899e55ca07ab0b950e2e13d850f9b9554eae3973b4beb6c4868ab3c58ca,13c77e2ef49b319d3534e125cb4a081d73911acc57f12d83c766bc0bdab16450,2f6e8e969e525bb48b4d94f016af8fd24f433b0be26b51837f316f60a6b911e0,e9a48031d7bd1cccfd085e62b5acd913e1268e4ac54284a9009b61c59ee87d79,10,62393600,/home/ubuntu/ssd_data/gnss-early-detection/artifacts/crid-stage0-r4b-phase-a-physical-identifiability-execution/replays/TEX/TEX.positive.d300.p-03.four/C0/manifest.json,5a2d85478483a2bb4addaf226faebeb9b364be437944405278952ed1c4a55778,NOT_EVALUATED_USER_AUTHORIZED_EARLY_STOP,0
TEX,TEX.positive.d300.p-03.four,C1,PASS,0,PASS,PASS,True,"3,6,7,10,13,16,19,20,23,30",d6e6a899e55ca07ab0b950e2e13d850f9b9554eae3973b4beb6c4868ab3c58ca,803df264a6c1b8ea2f7d82b078d02349ef875e3b77b6f338649f684f772e8db8,2f6e8e969e525bb48b4d94f016af8fd24f433b0be26b51837f316f60a6b911e0,3562247f9b34dcccfa3c8cdaa27aa75bba6dc8f1eb0a743762dc4870760542fc,10,62393600,/home/ubuntu/ssd_data/gnss-early-detection/artifacts/crid-stage0-r4b-phase-a-physical-identifiability-execution/replays/TEX/TEX.positive.d300.p-03.four/C1/manifest.json,a8f271094caf0f0f14f8865748b9f1f4161a4f1decb2b5377c585f8f02a6ab25,NOT_EVALUATED_USER_AUTHORIZED_EARLY_STOP,0
TEX,TEX.positive.d300.p-03.four,C2,PASS,0,PASS,PASS,True,"3,6,7,10,13,16,19,20,23,30",d6e6a899e55ca07ab0b950e2e13d850f9b9554eae3973b4beb6c4868ab3c58ca,a58142e583b882019801eb38a8f1594fe45070f264ce285765389b23ab6da4f1,2f6e8e969e525bb48b4d94f016af8fd24f433b0be26b51837f316f60a6b911e0,330c238e78ae8b4f01583d374dfc0a3ca8ed35e012d66a890c9634bb800905ad,10,62393600,/home/ubuntu/ssd_data/gnss-early-detection/artifacts/crid-stage0-r4b-phase-a-physical-identifiability-execution/replays/TEX/TEX.positive.d300.p-03.four/C2/manifest.json,e1a10a7cc3579e17b60a9b72f11b61440e939d500bf05db5ffc787da9cbeef5f,NOT_EVALUATED_USER_AUTHORIZED_EARLY_STOP,0
TEX,TEX.positive.d300.p-03.four,C3,PASS,0,PASS,PASS,True,"3,6,7,10,13,16,19,20,23,30",d6e6a899e55ca07ab0b950e2e13d850f9b9554eae3973b4beb6c4868ab3c58ca,3dafea259169f3f158e45a062722c40cb5ee1d2691754e19a762a0c2d737af39,2f6e8e969e525bb48b4d94f016af8fd24f433b0be26b51837f316f60a6b911e0,d3c15e0fbeb5a2b3f06ec9f2ae2fc00bb10e1563b3a0b920a2364d27c7a4ee7b,10,62393600,/home/ubuntu/ssd_data/gnss-early-detection/artifacts/crid-stage0-r4b-phase-a-physical-identifiability-execution/replays/TEX/TEX.positive.d300.p-03.four/C3/manifest.json,a7e42edfa641d42b809a6dcdd199e43b75eaef55b8e98ad827e909a4ad481634,NOT_EVALUATED_USER_AUTHORIZED_EARLY_STOP,0
TEX,TEX.positive.d300.p-03.single,C0,PASS,0,PASS,PASS,True,"3,6,7,10,13,16,19,20,23,30",5c89197456365f2b549f97206f0908eb2c8282896942021015475f09b2079ebb,cd365de583004ad63eeb7141e59d31cdadc244dd8961f0f5383dab3ff3b69771,2f6e8e969e525bb48b4d94f016af8fd24f433b0be26b51837f316f60a6b911e0,15ffef1306c59ce0c0f5212eaaa6ab6e7ec31793ff17e098b1c078ed812a0fe3,10,62393600,/home/ubuntu/ssd_data/gnss-early-detection/artifacts/crid-stage0-r4b-phase-a-physical-identifiability-execution/replays/TEX/TEX.positive.d300.p-03.single/C0/manifest.json,ed10e44e98f5edec6fbb666c67f6316340548a447b0e67506712fb3c59950495,NOT_EVALUATED_USER_AUTHORIZED_EARLY_STOP,0
TEX,TEX.positive.d300.p-03.single,C1,PASS,0,PASS,PASS,True,"3,6,7,10,13,16,19,20,23,30",5c89197456365f2b549f97206f0908eb2c8282896942021015475f09b2079ebb,ecc814a1ced39791c55d837cfc344bbfbd061f4469d31953529920eba8781028,2f6e8e969e525bb48b4d94f016af8fd24f433b0be26b51837f316f60a6b911e0,20fe08c3e0ddc354862f47a001af4f9d9910d92fb8a470099758c4a369e1d270,10,62393600,/home/ubuntu/ssd_data/gnss-early-detection/artifacts/crid-stage0-r4b-phase-a-physical-identifiability-execution/replays/TEX/TEX.positive.d300.p-03.single/C1/manifest.json,19b4b0795409f182beec572c6ca3d59962944eeb03fdb4e670b62243827b2d99,NOT_EVALUATED_USER_AUTHORIZED_EARLY_STOP,0
TEX,TEX.positive.d300.p-03.single,C2,PASS,0,PASS,PASS,True,"3,6,7,10,13,16,19,20,23,30",5c89197456365f2b549f97206f0908eb2c8282896942021015475f09b2079ebb,be7d0ed731dbe4a4c32afc0a90b2baacf6fe6a16d4019742144132d3802383b0,2f6e8e969e525bb48b4d94f016af8fd24f433b0be26b51837f316f60a6b911e0,596b15fd043b1d0a5b8e26051041351574b512db81d6afeb9b878f8659fb56fc,10,62393600,/home/ubuntu/ssd_data/gnss-early-detection/artifacts/crid-stage0-r4b-phase-a-physical-identifiability-execution/replays/TEX/TEX.positive.d300.p-03.single/C2/manifest.json,c7059158e86afc9529c87ca825f83d6b0a35cbb10b9be36c547fada4618189e0,NOT_EVALUATED_USER_AUTHORIZED_EARLY_STOP,0
TEX,TEX.positive.d300.p-03.single,C3,PASS,0,PASS,PASS,True,"3,6,7,10,13,16,19,20,23,30",5c89197456365f2b549f97206f0908eb2c8282896942021015475f09b2079ebb,a02f8b15b1ba78172df3e5e5194596b56e877da90855f4501e2a3f0fa143e11b,2f6e8e969e525bb48b4d94f016af8fd24f433b0be26b51837f316f60a6b911e0,1861cf8e815fdee22222386efa71c9ffcb278d6d50a43d77cbed3eced7b76cd6,10,62393600,/home/ubuntu/ssd_data/gnss-early-detection/artifacts/crid-stage0-r4b-phase-a-physical-identifiability-execution/replays/TEX/TEX.positive.d300.p-03.single/C3/manifest.json,936509c7fb16fa21d7f104af4d187ca723565497ccdba4e009ad46d3781efde3,NOT_EVALUATED_USER_AUTHORIZED_EARLY_STOP,0
TEX,TEX.positive.d300.p-06.four,C0,PASS,0,PASS,PASS,True,"3,6,7,10,13,16,19,20,23,30",3e3df066b7c18b1d2a20c39f798fb750f096c14604fc8021c8a3538efc88926c,581926d1d9467f5dedcab70fcc93212fbc461807bd63df9117b0fa58e138df77,2f6e8e969e525bb48b4d94f016af8fd24f433b0be26b51837f316f60a6b911e0,49db435f4a1eb54ff96beef65686c0dc9ab8e4caced2d3a7b2eda887b13d1a1f,10,62393600,/home/ubuntu/ssd_data/gnss-early-detection/artifacts/crid-stage0-r4b-phase-a-physical-identifiability-execution/replays/TEX/TEX.positive.d300.p-06.four/C0/manifest.json,a99d09be4881129ba5a3f75ac124dac0b295abf29e68c9705cb29db7c5aa03f3,NOT_EVALUATED_USER_AUTHORIZED_EARLY_STOP,0
TEX,TEX.positive.d300.p-06.four,C1,PASS,0,PASS,PASS,True,"3,6,7,10,13,16,19,20,23,30",3e3df066b7c18b1d2a20c39f798fb750f096c14604fc8021c8a3538efc88926c,1dd705e799f566a3b3e0be6a678de4e688f2c2cc29bd450cde12c4684e1c7d13,2f6e8e969e525bb48b4d94f016af8fd24f433b0be26b51837f316f60a6b911e0,b7ca1ac6f72b9515191cf9132ce7e5e46e366a0edee0d178d3dfeb300d19644a,10,62393600,/home/ubuntu/ssd_data/gnss-early-detection/artifacts/crid-stage0-r4b-phase-a-physical-identifiability-execution/replays/TEX/TEX.positive.d300.p-06.four/C1/manifest.json,0d0d08efa3f7841101be0ba7984213d412fff40f04b0e624dc272a1214afd3d1,NOT_EVALUATED_USER_AUTHORIZED_EARLY_STOP,0
TEX,TEX.positive.d300.p-06.four,C2,PASS,0,PASS,PASS,True,"3,6,7,10,13,16,19,20,23,30",3e3df066b7c18b1d2a20c39f798fb750f096c14604fc8021c8a3538efc88926c,d92351106fbda9a6302394f8a518ec8415542c7ec76f7b925635e91c4027eebb,2f6e8e969e525bb48b4d94f016af8fd24f433b0be26b51837f316f60a6b911e0,431ad8f9059437df46e684148126ec72e7584bf347f22659589126e380ca80a2,10,62393600,/home/ubuntu/ssd_data/gnss-early-detection/artifacts/crid-stage0-r4b-phase-a-physical-identifiability-execution/replays/TEX/TEX.positive.d300.p-06.four/C2/manifest.json,c4deb866d6ffcf5125cbd10c83d3a7c656fa64a84ec81df31ce9b0d7c01430ee,NOT_EVALUATED_USER_AUTHORIZED_EARLY_STOP,0
TEX,TEX.positive.d300.p-06.four,C3,PASS,0,PASS,PASS,True,"3,6,7,10,13,16,19,20,23,30",3e3df066b7c18b1d2a20c39f798fb750f096c14604fc8021c8a3538efc88926c,2d7fde2663129fec9c05daa80c7363d0f3bfe2fb00a31af3e084d3fa76309d0c,2f6e8e969e525bb48b4d94f016af8fd24f433b0be26b51837f316f60a6b911e0,d845d9664eb75663b932e4f94521bb6b044e8a889c9b8746e769e8f8cb15f05a,10,62393600,/home/ubuntu/ssd_data/gnss-early-detection/artifacts/crid-stage0-r4b-phase-a-physical-identifiability-execution/replays/TEX/TEX.positive.d300.p-06.four/C3/manifest.json,8eaae25537621fac6ca2a796998103f60986c5e8dd490c96fe80991204bd421c,NOT_EVALUATED_USER_AUTHORIZED_EARLY_STOP,0
TEX,TEX.positive.d300.p-06.single,C0,PASS,0,PASS,PASS,True,"3,6,7,10,13,16,19,20,23,30",69466a4debac7cde7d62355aeda72903de601288263a1ee0d597c12c45c614a3,63e48816b81ae236ddb80957d7c69740e790ddf05cde98d018f8998a0ac37d5c,2f6e8e969e525bb48b4d94f016af8fd24f433b0be26b51837f316f60a6b911e0,4ae0eef4aea807d4df27e1789af2291134a6669d73bc7c680c5232f2ddad5e37,10,62393600,/home/ubuntu/ssd_data/gnss-early-detection/artifacts/crid-stage0-r4b-phase-a-physical-identifiability-execution/replays/TEX/TEX.positive.d300.p-06.single/C0/manifest.json,2b5484a6af98c34956b31da210412e79c5b2c7356ef1f629bae5590b53f7a42c,NOT_EVALUATED_USER_AUTHORIZED_EARLY_STOP,0
TEX,TEX.positive.d300.p-06.single,C1,PASS,0,PASS,PASS,True,"3,6,7,10,13,16,19,20,23,30",69466a4debac7cde7d62355aeda72903de601288263a1ee0d597c12c45c614a3,b40b1577f93876140fba1b2b4b831789c732f29c7ce921395321d2203da29ec3,2f6e8e969e525bb48b4d94f016af8fd24f433b0be26b51837f316f60a6b911e0,c428b82e8bdb5bee6509a99daa9dc52e716d43ef06009fbc1d95d43a6a437d8c,10,62393600,/home/ubuntu/ssd_data/gnss-early-detection/artifacts/crid-stage0-r4b-phase-a-physical-identifiability-execution/replays/TEX/TEX.positive.d300.p-06.single/C1/manifest.json,95b65706c60f4bfdc331497e43583ecba4078e7585d1c15f15da31ef5c9a0191,NOT_EVALUATED_USER_AUTHORIZED_EARLY_STOP,0
TEX,TEX.positive.d300.p-06.single,C2,PASS,0,PASS,PASS,True,"3,6,7,10,13,16,19,20,23,30",69466a4debac7cde7d62355aeda72903de601288263a1ee0d597c12c45c614a3,8980fb75f9aec793908caa1ce0eb1122b62b83e529bdbc8ea54875a3a09eadd1,2f6e8e969e525bb48b4d94f016af8fd24f433b0be26b51837f316f60a6b911e0,9f6f7236e20cf8918cca2b19fe23fd0f89a0ab8b33835bc4ed287763d7b470d8,10,62393600,/home/ubuntu/ssd_data/gnss-early-detection/artifacts/crid-stage0-r4b-phase-a-physical-identifiability-execution/replays/TEX/TEX.positive.d300.p-06.single/C2/manifest.json,c99f47e481622ec9b95ab2d806049f62b89eef898d6cff5fc4386adcd5f725df,NOT_EVALUATED_USER_AUTHORIZED_EARLY_STOP,0
TEX,TEX.positive.d300.p-06.single,C3,PASS,0,PASS,PASS,True,"3,6,7,10,13,16,19,20,23,30",69466a4debac7cde7d62355aeda72903de601288263a1ee0d597c12c45c614a3,9043d099cfb363dc5c2d898d1643e371e155c48888f6e565b15cd22029d6d2c9,2f6e8e969e525bb48b4d94f016af8fd24f433b0be26b51837f316f60a6b911e0,adbdb55d178629cd802312c87eb7f40cd2d840d01c2dae4152cebafdbe64e1aa,10,62393600,/home/ubuntu/ssd_data/gnss-early-detection/artifacts/crid-stage0-r4b-phase-a-physical-identifiability-execution/replays/TEX/TEX.positive.d300.p-06.single/C3/manifest.json,1f0870d2c3cbded5b29c5f896f11faf228c40249ce70cb7fad3b1c7e5a69e024,NOT_EVALUATED_USER_AUTHORIZED_EARLY_STOP,0
