dataset,prn,subframe_start_bit,tow_s,subframe_id,word_position,previous_d29,previous_d30,d29,d30,parity_valid,transmitted_word_hex
OAKBAT.cleanStatic,10,24,381648,3,1,0,0,0,1,True,0x22c3260d
OAKBAT.cleanStatic,10,24,381648,3,2,0,1,0,0,True,0x20f0f480
OAKBAT.cleanStatic,10,24,381648,3,3,0,0,1,1,True,0x000cf693
OAKBAT.cleanStatic,10,24,381648,3,4,1,1,1,1,True,0x1e0fdd17
OAKBAT.cleanStatic,10,24,381648,3,5,1,1,1,1,True,0x3ff7363b
OAKBAT.cleanStatic,10,24,381648,3,6,1,1,1,1,True,0x2b8b4a4f
OAKBAT.cleanStatic,10,24,381648,3,7,1,1,0,0,True,0x39691ae0
OAKBAT.cleanStatic,10,24,381648,3,8,0,0,0,1,True,0x0afbc81d
OAKBAT.cleanStatic,10,24,381648,3,9,0,1,1,0,True,0x0015c3ca
OAKBAT.cleanStatic,10,24,381648,3,10,1,0,0,0,True,0x1a4038ac
OAKBAT.cleanStatic,10,324,381654,4,1,0,0,0,1,True,0x22c3260d
OAKBAT.cleanStatic,10,324,381654,4,2,0,1,0,0,True,0x20f0d3c4
OAKBAT.cleanStatic,10,324,381654,4,3,0,0,1,1,True,0x1f2aaa93
OAKBAT.cleanStatic,10,324,381654,4,4,1,1,1,1,True,0x15555543
OAKBAT.cleanStatic,10,324,381654,4,5,1,1,1,1,True,0x15555543
OAKBAT.cleanStatic,10,324,381654,4,6,1,1,1,1,True,0x15555543
OAKBAT.cleanStatic,10,324,381654,4,7,1,1,1,1,True,0x15555543
OAKBAT.cleanStatic,10,324,381654,4,8,1,1,1,1,True,0x15555543
OAKBAT.cleanStatic,10,324,381654,4,9,1,1,1,1,True,0x15555543
OAKBAT.cleanStatic,10,324,381654,4,10,1,1,0,0,True,0x15555510
OAKBAT.cleanStatic,10,624,381660,5,1,0,0,0,1,True,0x22c3260d
OAKBAT.cleanStatic,10,624,381660,5,2,0,1,0,0,True,0x20f0b2b4
OAKBAT.cleanStatic,10,624,381660,5,3,0,0,1,1,True,0x158eb653
OAKBAT.cleanStatic,10,624,381660,5,4,1,1,1,0,True,0x1c420ae6
OAKBAT.cleanStatic,10,624,381660,5,5,1,0,0,0,True,0x3f4c000c
OAKBAT.cleanStatic,10,624,381660,5,6,0,0,0,1,True,0x28431b29
OAKBAT.cleanStatic,10,624,381660,5,7,0,1,0,0,True,0x0a3506bc
OAKBAT.cleanStatic,10,624,381660,5,8,0,0,0,1,True,0x33b63cb9
OAKBAT.cleanStatic,10,624,381660,5,9,0,1,0,1,True,0x0724db09
OAKBAT.cleanStatic,10,624,381660,5,10,0,1,0,0,True,0x19bfff34
OAKBAT.cleanStatic,10,924,381666,1,1,0,0,0,1,True,0x22c3260d
OAKBAT.cleanStatic,10,924,381666,1,2,0,1,0,0,True,0x20f09648
OAKBAT.cleanStatic,10,924,381666,1,3,0,0,1,1,True,0x03140003
OAKBAT.cleanStatic,10,924,381666,1,4,1,1,0,1,True,0x35555569
OAKBAT.cleanStatic,10,924,381666,1,5,0,1,1,0,True,0x1555556a
OAKBAT.cleanStatic,10,924,381666,1,6,1,0,0,1,True,0x2aaaaa95
OAKBAT.cleanStatic,10,924,381666,1,7,0,1,0,1,True,0x3ffffedd
OAKBAT.cleanStatic,10,924,381666,1,8,0,1,0,0,True,0x25a844ec
OAKBAT.cleanStatic,10,924,381666,1,9,0,0,0,0,True,0x003fe490
OAKBAT.cleanStatic,10,924,381666,1,10,0,0,0,0,True,0x36bf84dc
OAKBAT.cleanStatic,10,1224,381672,2,1,0,0,0,1,True,0x22c3260d
OAKBAT.cleanStatic,10,1224,381672,2,2,0,1,0,0,True,0x20f07594
OAKBAT.cleanStatic,10,1224,381672,2,3,0,0,0,0,True,0x1a7ce7f0
OAKBAT.cleanStatic,10,1224,381672,2,4,0,0,1,1,True,0x0be07863
OAKBAT.cleanStatic,10,1224,381672,2,5,1,1,0,1,True,0x3196fd41
OAKBAT.cleanStatic,10,1224,381672,2,6,0,1,0,1,True,0x02a23f75
OAKBAT.cleanStatic,10,1224,381672,2,7,0,1,1,0,True,0x0be1ab76
OAKBAT.cleanStatic,10,1224,381672,2,8,1,0,1,1,True,0x0499286f
OAKBAT.cleanStatic,10,1224,381672,2,9,1,1,0,0,True,0x3ca8dc6c
OAKBAT.cleanStatic,10,1224,381672,2,10,0,0,0,0,True,0x17bb003c
OAKBAT.cleanStatic,10,1524,381678,3,1,0,0,0,1,True,0x22c3260d
OAKBAT.cleanStatic,10,1524,381678,3,2,0,1,0,0,True,0x20f0541c
OAKBAT.cleanStatic,10,1524,381678,3,3,0,0,1,1,True,0x000cf693
OAKBAT.cleanStatic,10,1524,381678,3,4,1,1,1,1,True,0x1e0fdd17
OAKBAT.cleanStatic,10,1524,381678,3,5,1,1,1,1,True,0x3ff7363b
OAKBAT.cleanStatic,10,1524,381678,3,6,1,1,1,1,True,0x2b8b4a4f
OAKBAT.cleanStatic,10,1524,381678,3,7,1,1,0,0,True,0x39691ae0
OAKBAT.cleanStatic,10,1524,381678,3,8,0,0,0,1,True,0x0afbc81d
OAKBAT.cleanStatic,10,1524,381678,3,9,0,1,1,0,True,0x0015c3ca
OAKBAT.cleanStatic,10,1524,381678,3,10,1,0,0,0,True,0x1a4038ac
OAKBAT.cleanStatic,10,1824,381684,4,1,0,0,0,1,True,0x22c3260d
OAKBAT.cleanStatic,10,1824,381684,4,2,0,1,0,0,True,0x20f033a0
OAKBAT.cleanStatic,10,1824,381684,4,3,0,0,1,0,True,0x1f6aaa9e
OAKBAT.cleanStatic,10,1824,381684,4,4,1,0,0,1,True,0x2aaaaa95
OAKBAT.cleanStatic,10,1824,381684,4,5,0,1,1,0,True,0x1555556a
OAKBAT.cleanStatic,10,1824,381684,4,6,1,0,0,1,True,0x2aaaaa95
OAKBAT.cleanStatic,10,1824,381684,4,7,0,1,1,0,True,0x1555556a
OAKBAT.cleanStatic,10,1824,381684,4,8,1,0,0,1,True,0x2aaaaa95
OAKBAT.cleanStatic,10,1824,381684,4,9,0,1,1,0,True,0x1555556a
OAKBAT.cleanStatic,10,1824,381684,4,10,1,0,0,0,True,0x2aaaaa30
OAKBAT.cleanStatic,10,2124,381690,5,1,0,0,0,1,True,0x22c3260d
OAKBAT.cleanStatic,10,2124,381690,5,2,0,1,0,0,True,0x20f01228
OAKBAT.cleanStatic,10,2124,381690,5,3,0,0,0,0,True,0x15dbe74c
OAKBAT.cleanStatic,10,2124,381690,5,4,0,0,1,0,True,0x23804026
OAKBAT.cleanStatic,10,2124,381690,5,5,1,0,1,0,True,0x3f544fce
OAKBAT.cleanStatic,10,2124,381690,5,6,1,0,0,1,True,0x28434b99
OAKBAT.cleanStatic,10,2124,381690,5,7,0,1,1,0,True,0x3eee51e6
OAKBAT.cleanStatic,10,2124,381690,5,8,1,0,0,0,True,0x29bf6cd0
OAKBAT.cleanStatic,10,2124,381690,5,9,0,0,0,1,True,0x332ad8c1
OAKBAT.cleanStatic,10,2124,381690,5,10,0,1,0,0,True,0x043ff618
OAKBAT.cleanStatic,10,2424,381696,1,1,0,0,0,1,True,0x22c3260d
OAKBAT.cleanStatic,10,2424,381696,1,2,0,1,0,0,True,0x20eff6ec
OAKBAT.cleanStatic,10,2424,381696,1,3,0,0,1,1,True,0x03140003
OAKBAT.cleanStatic,10,2424,381696,1,4,1,1,0,1,True,0x35555569
OAKBAT.cleanStatic,10,2424,381696,1,5,0,1,1,0,True,0x1555556a
OAKBAT.cleanStatic,10,2424,381696,1,6,1,0,0,1,True,0x2aaaaa95
OAKBAT.cleanStatic,10,2424,381696,1,7,0,1,0,1,True,0x3ffffedd
OAKBAT.cleanStatic,10,2424,381696,1,8,0,1,0,0,True,0x25a844ec
OAKBAT.cleanStatic,10,2424,381696,1,9,0,0,0,0,True,0x003fe490
OAKBAT.cleanStatic,10,2424,381696,1,10,0,0,0,0,True,0x36bf84dc
OAKBAT.cleanStatic,10,2724,381702,2,1,0,0,0,1,True,0x22c3260d
OAKBAT.cleanStatic,10,2724,381702,2,2,0,1,0,0,True,0x20efd584
OAKBAT.cleanStatic,10,2724,381702,2,3,0,0,0,0,True,0x1a7ce7f0
OAKBAT.cleanStatic,10,2724,381702,2,4,0,0,1,1,True,0x0be07863
OAKBAT.cleanStatic,10,2724,381702,2,5,1,1,0,1,True,0x3196fd41
OAKBAT.cleanStatic,10,2724,381702,2,6,0,1,0,1,True,0x02a23f75
OAKBAT.cleanStatic,10,2724,381702,2,7,0,1,1,0,True,0x0be1ab76
OAKBAT.cleanStatic,10,2724,381702,2,8,1,0,1,1,True,0x0499286f
OAKBAT.cleanStatic,10,2724,381702,2,9,1,1,0,0,True,0x3ca8dc6c
OAKBAT.cleanStatic,10,2724,381702,2,10,0,0,0,0,True,0x17bb003c
OAKBAT.cleanStatic,10,3024,381708,3,1,0,0,0,1,True,0x22c3260d
OAKBAT.cleanStatic,10,3024,381708,3,2,0,1,0,0,True,0x20efb4f4
OAKBAT.cleanStatic,10,3024,381708,3,3,0,0,1,1,True,0x000cf693
OAKBAT.cleanStatic,10,3024,381708,3,4,1,1,1,1,True,0x1e0fdd17
OAKBAT.cleanStatic,10,3024,381708,3,5,1,1,1,1,True,0x3ff7363b
OAKBAT.cleanStatic,10,3024,381708,3,6,1,1,1,1,True,0x2b8b4a4f
OAKBAT.cleanStatic,10,3024,381708,3,7,1,1,0,0,True,0x39691ae0
OAKBAT.cleanStatic,10,3024,381708,3,8,0,0,0,1,True,0x0afbc81d
OAKBAT.cleanStatic,10,3024,381708,3,9,0,1,1,0,True,0x0015c3ca
OAKBAT.cleanStatic,10,3024,381708,3,10,1,0,0,0,True,0x1a4038ac
OAKBAT.cleanStatic,10,3324,381714,4,1,0,0,0,1,True,0x22c3260d
OAKBAT.cleanStatic,10,3324,381714,4,2,0,1,0,0,True,0x20ef93b0
OAKBAT.cleanStatic,10,3324,381714,4,3,0,0,0,1,True,0x1faaaa89
OAKBAT.cleanStatic,10,3324,381714,4,4,0,1,1,0,True,0x1555556a
OAKBAT.cleanStatic,10,3324,381714,4,5,1,0,0,1,True,0x2aaaaa95
OAKBAT.cleanStatic,10,3324,381714,4,6,0,1,1,0,True,0x1555556a
OAKBAT.cleanStatic,10,3324,381714,4,7,1,0,0,1,True,0x2aaaaa95
OAKBAT.cleanStatic,10,3324,381714,4,8,0,1,1,0,True,0x1555556a
OAKBAT.cleanStatic,10,3324,381714,4,9,1,0,0,1,True,0x2aaaaa95
OAKBAT.cleanStatic,10,3324,381714,4,10,0,1,0,0,True,0x1555559c
OAKBAT.cleanStatic,10,3624,381720,5,1,0,0,0,1,True,0x22c3260d
OAKBAT.cleanStatic,10,3624,381720,5,2,0,1,0,0,True,0x20ef728c
OAKBAT.cleanStatic,10,3624,381720,5,3,0,0,1,1,True,0x1613a5cf
OAKBAT.cleanStatic,10,3624,381720,5,4,1,1,0,1,True,0x1c40f369
OAKBAT.cleanStatic,10,3624,381720,5,5,0,1,0,0,True,0x00b5bff8
OAKBAT.cleanStatic,10,3624,381720,5,6,0,0,0,0,True,0x28434ec4
OAKBAT.cleanStatic,10,3624,381720,5,7,0,0,1,1,True,0x0b5e64cb
OAKBAT.cleanStatic,10,3624,381720,5,8,1,1,0,1,True,0x39387021
OAKBAT.cleanStatic,10,3624,381720,5,9,0,1,1,1,True,0x11bccf4b
OAKBAT.cleanStatic,10,3624,381720,5,10,1,1,0,0,True,0x007ffab0
OAKBAT.cleanStatic,10,3924,381726,1,1,0,0,0,1,True,0x22c3260d
OAKBAT.cleanStatic,10,3924,381726,1,2,0,1,0,0,True,0x20ef5670
OAKBAT.cleanStatic,10,3924,381726,1,3,0,0,1,1,True,0x03140003
OAKBAT.cleanStatic,10,3924,381726,1,4,1,1,0,1,True,0x35555569
OAKBAT.cleanStatic,10,3924,381726,1,5,0,1,1,0,True,0x1555556a
OAKBAT.cleanStatic,10,3924,381726,1,6,1,0,0,1,True,0x2aaaaa95
OAKBAT.cleanStatic,10,3924,381726,1,7,0,1,0,1,True,0x3ffffedd
OAKBAT.cleanStatic,10,3924,381726,1,8,0,1,0,0,True,0x25a844ec
OAKBAT.cleanStatic,10,3924,381726,1,9,0,0,0,0,True,0x003fe490
OAKBAT.cleanStatic,10,3924,381726,1,10,0,0,0,0,True,0x36bf84dc
OAKBAT.cleanStatic,10,4224,381732,2,1,0,0,0,1,True,0x22c3260d
OAKBAT.cleanStatic,10,4224,381732,2,2,0,1,0,0,True,0x20ef35e0
OAKBAT.cleanStatic,10,4224,381732,2,3,0,0,0,0,True,0x1a7ce7f0
OAKBAT.cleanStatic,10,4224,381732,2,4,0,0,1,1,True,0x0be07863
OAKBAT.cleanStatic,10,4224,381732,2,5,1,1,0,1,True,0x3196fd41
OAKBAT.cleanStatic,10,4224,381732,2,6,0,1,0,1,True,0x02a23f75
OAKBAT.cleanStatic,10,4224,381732,2,7,0,1,1,0,True,0x0be1ab76
OAKBAT.cleanStatic,10,4224,381732,2,8,1,0,1,1,True,0x0499286f
OAKBAT.cleanStatic,10,4224,381732,2,9,1,1,0,0,True,0x3ca8dc6c
OAKBAT.cleanStatic,10,4224,381732,2,10,0,0,0,0,True,0x17bb003c
OAKBAT.cleanStatic,10,4524,381738,3,1,0,0,0,1,True,0x22c3260d
OAKBAT.cleanStatic,10,4524,381738,3,2,0,1,0,0,True,0x20ef1468
OAKBAT.cleanStatic,10,4524,381738,3,3,0,0,1,1,True,0x000cf693
OAKBAT.cleanStatic,10,4524,381738,3,4,1,1,1,1,True,0x1e0fdd17
OAKBAT.cleanStatic,10,4524,381738,3,5,1,1,1,1,True,0x3ff7363b
OAKBAT.cleanStatic,10,4524,381738,3,6,1,1,1,1,True,0x2b8b4a4f
OAKBAT.cleanStatic,10,4524,381738,3,7,1,1,0,0,True,0x39691ae0
OAKBAT.cleanStatic,10,4524,381738,3,8,0,0,0,1,True,0x0afbc81d
OAKBAT.cleanStatic,10,4524,381738,3,9,0,1,1,0,True,0x0015c3ca
OAKBAT.cleanStatic,10,4524,381738,3,10,1,0,0,0,True,0x1a4038ac
OAKBAT.cleanStatic,10,4824,381744,4,1,0,0,0,1,True,0x22c3260d
OAKBAT.cleanStatic,10,4824,381744,4,2,0,1,0,0,True,0x20eef350
OAKBAT.cleanStatic,10,4824,381744,4,3,0,0,1,1,True,0x1fe6665f
OAKBAT.cleanStatic,10,4824,381744,4,4,1,1,0,0,True,0x199999a8
OAKBAT.cleanStatic,10,4824,381744,4,5,0,0,1,1,True,0x26666657
OAKBAT.cleanStatic,10,4824,381744,4,6,1,1,0,0,True,0x199999a8
OAKBAT.cleanStatic,10,4824,381744,4,7,0,0,1,1,True,0x26666657
OAKBAT.cleanStatic,10,4824,381744,4,8,1,1,1,1,True,0x1999bfe7
OAKBAT.cleanStatic,10,4824,381744,4,9,1,1,1,1,True,0x3fffffff
OAKBAT.cleanStatic,10,4824,381744,4,10,1,1,0,0,True,0x3f03ff60
OAKBAT.cleanStatic,10,5124,381750,5,1,0,0,0,1,True,0x22c3260d
OAKBAT.cleanStatic,10,5124,381750,5,2,0,1,0,0,True,0x20eed2d8
OAKBAT.cleanStatic,10,5124,381750,5,3,0,0,0,1,True,0x1ce38c79
OAKBAT.cleanStatic,10,5124,381750,5,4,0,1,1,0,True,0x3fffffd6
OAKBAT.cleanStatic,10,5124,381750,5,5,1,0,0,1,True,0x00000029
OAKBAT.cleanStatic,10,5124,381750,5,6,0,1,1,0,True,0x3fffffd6
OAKBAT.cleanStatic,10,5124,381750,5,7,1,0,0,1,True,0x00000029
OAKBAT.cleanStatic,10,5124,381750,5,8,0,1,0,0,True,0x3f03ffec
OAKBAT.cleanStatic,10,5124,381750,5,9,0,0,1,0,True,0x0003f006
OAKBAT.cleanStatic,10,5124,381750,5,10,1,0,0,0,True,0x2aaaaa30
OAKBAT.cleanStatic,10,5424,381756,1,1,0,0,0,1,True,0x22c3260d
OAKBAT.cleanStatic,10,5424,381756,1,2,0,1,0,0,True,0x20eeb6dc
OAKBAT.cleanStatic,10,5424,381756,1,3,0,0,1,1,True,0x03140003
OAKBAT.cleanStatic,10,5424,381756,1,4,1,1,0,1,True,0x35555569
OAKBAT.cleanStatic,10,5424,381756,1,5,0,1,1,0,True,0x1555556a
OAKBAT.cleanStatic,10,5424,381756,1,6,1,0,0,1,True,0x2aaaaa95
OAKBAT.cleanStatic,10,5424,381756,1,7,0,1,0,1,True,0x3ffffedd
OAKBAT.cleanStatic,10,5424,381756,1,8,0,1,0,0,True,0x25a844ec
OAKBAT.cleanStatic,10,5424,381756,1,9,0,0,0,0,True,0x003fe490
OAKBAT.cleanStatic,10,5424,381756,1,10,0,0,0,0,True,0x36bf84dc
OAKBAT.cleanStatic,10,5724,381762,2,1,0,0,0,1,True,0x22c3260d
OAKBAT.cleanStatic,10,5724,381762,2,2,0,1,0,0,True,0x20ee95b4
OAKBAT.cleanStatic,10,5724,381762,2,3,0,0,0,0,True,0x1a7ce7f0
OAKBAT.cleanStatic,10,5724,381762,2,4,0,0,1,1,True,0x0be07863
OAKBAT.cleanStatic,10,5724,381762,2,5,1,1,0,1,True,0x3196fd41
OAKBAT.cleanStatic,10,5724,381762,2,6,0,1,0,1,True,0x02a23f75
OAKBAT.cleanStatic,10,5724,381762,2,7,0,1,1,0,True,0x0be1ab76
OAKBAT.cleanStatic,10,5724,381762,2,8,1,0,1,1,True,0x0499286f
OAKBAT.cleanStatic,10,5724,381762,2,9,1,1,0,0,True,0x3ca8dc6c
OAKBAT.cleanStatic,10,5724,381762,2,10,0,0,0,0,True,0x17bb003c
OAKBAT.cleanStatic,10,6024,381768,3,1,0,0,0,1,True,0x22c3260d
OAKBAT.cleanStatic,10,6024,381768,3,2,0,1,0,0,True,0x20ee7488
OAKBAT.cleanStatic,10,6024,381768,3,3,0,0,1,1,True,0x000cf693
OAKBAT.cleanStatic,10,6024,381768,3,4,1,1,1,1,True,0x1e0fdd17
OAKBAT.cleanStatic,10,6024,381768,3,5,1,1,1,1,True,0x3ff7363b
OAKBAT.cleanStatic,10,6024,381768,3,6,1,1,1,1,True,0x2b8b4a4f
OAKBAT.cleanStatic,10,6024,381768,3,7,1,1,0,0,True,0x39691ae0
OAKBAT.cleanStatic,10,6024,381768,3,8,0,0,0,1,True,0x0afbc81d
OAKBAT.cleanStatic,10,6024,381768,3,9,0,1,1,0,True,0x0015c3ca
OAKBAT.cleanStatic,10,6024,381768,3,10,1,0,0,0,True,0x1a4038ac
OAKBAT.cleanStatic,10,6324,381774,4,1,0,0,0,1,True,0x22c3260d
OAKBAT.cleanStatic,10,6324,381774,4,2,0,1,0,0,True,0x20ee53cc
OAKBAT.cleanStatic,10,6324,381774,4,3,0,0,0,1,True,0x1e6aaaa9
OAKBAT.cleanStatic,10,6324,381774,4,4,0,1,1,0,True,0x1555556a
OAKBAT.cleanStatic,10,6324,381774,4,5,1,0,0,1,True,0x2aaaaa95
OAKBAT.cleanStatic,10,6324,381774,4,6,0,1,1,0,True,0x1555556a
OAKBAT.cleanStatic,10,6324,381774,4,7,1,0,0,1,True,0x2aaaaa95
OAKBAT.cleanStatic,10,6324,381774,4,8,0,1,1,0,True,0x1555556a
OAKBAT.cleanStatic,10,6324,381774,4,9,1,0,0,1,True,0x2aaaaa95
OAKBAT.cleanStatic,10,6324,381774,4,10,0,1,0,0,True,0x1555559c
OAKBAT.cleanStatic,10,6624,381780,5,1,0,0,0,1,True,0x22c3260d
OAKBAT.cleanStatic,10,6624,381780,5,2,0,1,0,0,True,0x20ee32bc
OAKBAT.cleanStatic,10,6624,381780,5,3,0,0,0,0,True,0x10538584
OAKBAT.cleanStatic,10,6624,381780,5,4,0,0,1,1,True,0x2385f7bf
OAKBAT.cleanStatic,10,6624,381780,5,5,1,1,0,0,True,0x00b17ff8
OAKBAT.cleanStatic,10,6624,381780,5,6,0,0,0,1,True,0x2843443d
OAKBAT.cleanStatic,10,6624,381780,5,7,0,1,0,1,True,0x13f5a035
OAKBAT.cleanStatic,10,6624,381780,5,8,0,1,0,0,True,0x3849af70
OAKBAT.cleanStatic,10,6624,381780,5,9,0,0,0,0,True,0x2c3adfd8
OAKBAT.cleanStatic,10,6624,381780,5,10,0,0,0,0,True,0x353fede4
OAKBAT.cleanStatic,10,6924,381786,1,1,0,0,0,1,True,0x22c3260d
OAKBAT.cleanStatic,10,6924,381786,1,2,0,1,0,0,True,0x20ee1640
OAKBAT.cleanStatic,10,6924,381786,1,3,0,0,1,1,True,0x03140003
OAKBAT.cleanStatic,10,6924,381786,1,4,1,1,0,1,True,0x35555569
OAKBAT.cleanStatic,10,6924,381786,1,5,0,1,1,0,True,0x1555556a
OAKBAT.cleanStatic,10,6924,381786,1,6,1,0,0,1,True,0x2aaaaa95
OAKBAT.cleanStatic,10,6924,381786,1,7,0,1,0,1,True,0x3ffffedd
OAKBAT.cleanStatic,10,6924,381786,1,8,0,1,0,0,True,0x25a844ec
OAKBAT.cleanStatic,10,6924,381786,1,9,0,0,0,0,True,0x003fe490
OAKBAT.cleanStatic,10,6924,381786,1,10,0,0,0,0,True,0x36bf84dc
OAKBAT.cleanStatic,10,7224,381792,2,1,0,0,0,1,True,0x22c3260d
OAKBAT.cleanStatic,10,7224,381792,2,2,0,1,0,0,True,0x20edf5cc
OAKBAT.cleanStatic,10,7224,381792,2,3,0,0,0,0,True,0x1a7ce7f0
OAKBAT.cleanStatic,10,7224,381792,2,4,0,0,1,1,True,0x0be07863
OAKBAT.cleanStatic,10,7224,381792,2,5,1,1,0,1,True,0x3196fd41
OAKBAT.cleanStatic,10,7224,381792,2,6,0,1,0,1,True,0x02a23f75
OAKBAT.cleanStatic,10,7224,381792,2,7,0,1,1,0,True,0x0be1ab76
OAKBAT.cleanStatic,10,7224,381792,2,8,1,0,1,1,True,0x0499286f
OAKBAT.cleanStatic,10,7224,381792,2,9,1,1,0,0,True,0x3ca8dc6c
OAKBAT.cleanStatic,10,7224,381792,2,10,0,0,0,0,True,0x17bb003c
OAKBAT.cleanStatic,10,7524,381798,3,1,0,0,0,1,True,0x22c3260d
OAKBAT.cleanStatic,10,7524,381798,3,2,0,1,0,0,True,0x20edd444
OAKBAT.cleanStatic,10,7524,381798,3,3,0,0,1,1,True,0x000cf693
OAKBAT.cleanStatic,10,7524,381798,3,4,1,1,1,1,True,0x1e0fdd17
OAKBAT.cleanStatic,10,7524,381798,3,5,1,1,1,1,True,0x3ff7363b
OAKBAT.cleanStatic,10,7524,381798,3,6,1,1,1,1,True,0x2b8b4a4f
OAKBAT.cleanStatic,10,7524,381798,3,7,1,1,0,0,True,0x39691ae0
OAKBAT.cleanStatic,10,7524,381798,3,8,0,0,0,1,True,0x0afbc81d
OAKBAT.cleanStatic,10,7524,381798,3,9,0,1,1,0,True,0x0015c3ca
OAKBAT.cleanStatic,10,7524,381798,3,10,1,0,0,0,True,0x1a4038ac
OAKBAT.cleanStatic,10,7824,381804,4,1,0,0,0,1,True,0x22c3260d
OAKBAT.cleanStatic,10,7824,381804,4,2,0,1,0,0,True,0x20edb3f8
OAKBAT.cleanStatic,10,7824,381804,4,3,0,0,1,1,True,0x1652e40f
OAKBAT.cleanStatic,10,7824,381804,4,4,1,1,1,1,True,0x1c7c20df
OAKBAT.cleanStatic,10,7824,381804,4,5,1,1,0,1,True,0x00af3fe1
OAKBAT.cleanStatic,10,7824,381804,4,6,0,1,0,0,True,0x17bcd828
OAKBAT.cleanStatic,10,7824,381804,4,7,0,0,0,1,True,0x16a9186d
OAKBAT.cleanStatic,10,7824,381804,4,8,0,1,1,0,True,0x36bb3a8a
OAKBAT.cleanStatic,10,7824,381804,4,9,1,0,0,0,True,0x1b3210b0
OAKBAT.cleanStatic,10,7824,381804,4,10,0,0,0,0,True,0x3f800f40
OAKBAT.cleanStatic,10,8124,381810,5,1,0,0,0,1,True,0x22c3260d
OAKBAT.cleanStatic,10,8124,381810,5,2,0,1,0,0,True,0x20ed9270
OAKBAT.cleanStatic,10,8124,381810,5,3,0,0,0,1,True,0x10a88bf5
OAKBAT.cleanStatic,10,8124,381810,5,4,0,1,1,1,True,0x1c7d7247
OAKBAT.cleanStatic,10,8124,381810,5,5,1,1,0,0,True,0x00aebfc0
OAKBAT.cleanStatic,10,8124,381810,5,6,0,0,0,1,True,0x28435235
OAKBAT.cleanStatic,10,8124,381810,5,7,0,1,0,1,True,0x14b8d8ad
OAKBAT.cleanStatic,10,8124,381810,5,8,0,1,0,1,True,0x10c35151
OAKBAT.cleanStatic,10,8124,381810,5,9,0,1,1,1,True,0x1124d483
OAKBAT.cleanStatic,10,8124,381810,5,10,1,1,0,0,True,0x0dc00cf8
OAKBAT.cleanStatic,10,8424,381816,1,1,0,0,0,1,True,0x22c3260d
OAKBAT.cleanStatic,10,8424,381816,1,2,0,1,0,0,True,0x20ed7638
OAKBAT.cleanStatic,10,8424,381816,1,3,0,0,1,1,True,0x03140003
OAKBAT.cleanStatic,10,8424,381816,1,4,1,1,0,1,True,0x35555569
OAKBAT.cleanStatic,10,8424,381816,1,5,0,1,1,0,True,0x1555556a
OAKBAT.cleanStatic,10,8424,381816,1,6,1,0,0,1,True,0x2aaaaa95
OAKBAT.cleanStatic,10,8424,381816,1,7,0,1,0,1,True,0x3ffffedd
OAKBAT.cleanStatic,10,8424,381816,1,8,0,1,0,0,True,0x25a844ec
OAKBAT.cleanStatic,10,8424,381816,1,9,0,0,0,0,True,0x003fe490
OAKBAT.cleanStatic,10,8424,381816,1,10,0,0,0,0,True,0x36bf84dc
OAKBAT.cleanStatic,10,8724,381822,2,1,0,0,0,1,True,0x22c3260d
OAKBAT.cleanStatic,10,8724,381822,2,2,0,1,0,0,True,0x20ed5550
OAKBAT.cleanStatic,10,8724,381822,2,3,0,0,0,0,True,0x1a7ce7f0
OAKBAT.cleanStatic,10,8724,381822,2,4,0,0,1,1,True,0x0be07863
OAKBAT.cleanStatic,10,8724,381822,2,5,1,1,0,1,True,0x3196fd41
OAKBAT.cleanStatic,10,8724,381822,2,6,0,1,0,1,True,0x02a23f75
OAKBAT.cleanStatic,10,8724,381822,2,7,0,1,1,0,True,0x0be1ab76
OAKBAT.cleanStatic,10,8724,381822,2,8,1,0,1,1,True,0x0499286f
OAKBAT.cleanStatic,10,8724,381822,2,9,1,1,0,0,True,0x3ca8dc6c
OAKBAT.cleanStatic,10,8724,381822,2,10,0,0,0,0,True,0x17bb003c
OAKBAT.cleanStatic,10,9024,381828,3,1,0,0,0,1,True,0x22c3260d
OAKBAT.cleanStatic,10,9024,381828,3,2,0,1,0,0,True,0x20ed3420
OAKBAT.cleanStatic,10,9024,381828,3,3,0,0,1,1,True,0x000cf693
OAKBAT.cleanStatic,10,9024,381828,3,4,1,1,1,1,True,0x1e0fdd17
OAKBAT.cleanStatic,10,9024,381828,3,5,1,1,1,1,True,0x3ff7363b
OAKBAT.cleanStatic,10,9024,381828,3,6,1,1,1,1,True,0x2b8b4a4f
OAKBAT.cleanStatic,10,9024,381828,3,7,1,1,0,0,True,0x39691ae0
OAKBAT.cleanStatic,10,9024,381828,3,8,0,0,0,1,True,0x0afbc81d
OAKBAT.cleanStatic,10,9024,381828,3,9,0,1,1,0,True,0x0015c3ca
OAKBAT.cleanStatic,10,9024,381828,3,10,1,0,0,0,True,0x1a4038ac
OAKBAT.cleanStatic,10,9324,381834,4,1,0,0,0,1,True,0x22c3260d
OAKBAT.cleanStatic,10,9324,381834,4,2,0,1,0,0,True,0x20ed1364
OAKBAT.cleanStatic,10,9324,381834,4,3,0,0,1,0,True,0x1689ad46
OAKBAT.cleanStatic,10,9324,381834,4,4,1,0,0,0,True,0x2380ca4c
OAKBAT.cleanStatic,10,9324,381834,4,5,0,0,0,1,True,0x3f4d4015
OAKBAT.cleanStatic,10,9324,381834,4,6,0,1,0,1,True,0x17bcd389
OAKBAT.cleanStatic,10,9324,381834,4,7,0,1,0,0,True,0x29afb29c
OAKBAT.cleanStatic,10,9324,381834,4,8,0,0,1,0,True,0x022305fa
OAKBAT.cleanStatic,10,9324,381834,4,9,1,0,1,0,True,0x14719d56
OAKBAT.cleanStatic,10,9324,381834,4,10,1,0,0,0,True,0x05801364
OAKBAT.cleanStatic,10,9624,381840,5,1,0,0,0,1,True,0x22c3260d
OAKBAT.cleanStatic,10,9624,381840,5,2,0,1,0,0,True,0x20ecf290
OAKBAT.cleanStatic,10,9624,381840,5,3,0,0,1,1,True,0x10c572df
OAKBAT.cleanStatic,10,9624,381840,5,4,1,1,1,0,True,0x1c7c5096
OAKBAT.cleanStatic,10,9624,381840,5,5,1,0,1,1,True,0x3f518007
OAKBAT.cleanStatic,10,9624,381840,5,6,1,1,1,1,True,0x17bccd47
OAKBAT.cleanStatic,10,9624,381840,5,7,1,1,1,1,True,0x095a0d7f
OAKBAT.cleanStatic,10,9624,381840,5,8,1,1,0,0,True,0x38d4da9c
OAKBAT.cleanStatic,10,9624,381840,5,9,0,0,0,0,True,0x212b9ed0
OAKBAT.cleanStatic,10,9624,381840,5,10,0,0,0,0,True,0x3c3fe89c
OAKBAT.cleanStatic,10,9924,381846,1,1,0,0,0,1,True,0x22c3260d
OAKBAT.cleanStatic,10,9924,381846,1,2,0,1,0,0,True,0x20ecd66c
OAKBAT.cleanStatic,10,9924,381846,1,3,0,0,1,1,True,0x03140003
OAKBAT.cleanStatic,10,9924,381846,1,4,1,1,0,1,True,0x35555569
OAKBAT.cleanStatic,10,9924,381846,1,5,0,1,1,0,True,0x1555556a
OAKBAT.cleanStatic,10,9924,381846,1,6,1,0,0,1,True,0x2aaaaa95
OAKBAT.cleanStatic,10,9924,381846,1,7,0,1,0,1,True,0x3ffffedd
OAKBAT.cleanStatic,10,9924,381846,1,8,0,1,0,0,True,0x25a844ec
OAKBAT.cleanStatic,10,9924,381846,1,9,0,0,0,0,True,0x003fe490
OAKBAT.cleanStatic,10,9924,381846,1,10,0,0,0,0,True,0x36bf84dc
OAKBAT.cleanStatic,10,10224,381852,2,1,0,0,0,1,True,0x22c3260d
OAKBAT.cleanStatic,10,10224,381852,2,2,0,1,0,0,True,0x20ecb5fc
OAKBAT.cleanStatic,10,10224,381852,2,3,0,0,0,0,True,0x1a7ce7f0
OAKBAT.cleanStatic,10,10224,381852,2,4,0,0,1,1,True,0x0be07863
OAKBAT.cleanStatic,10,10224,381852,2,5,1,1,0,1,True,0x3196fd41
OAKBAT.cleanStatic,10,10224,381852,2,6,0,1,0,1,True,0x02a23f75
OAKBAT.cleanStatic,10,10224,381852,2,7,0,1,1,0,True,0x0be1ab76
OAKBAT.cleanStatic,10,10224,381852,2,8,1,0,1,1,True,0x0499286f
OAKBAT.cleanStatic,10,10224,381852,2,9,1,1,0,0,True,0x3ca8dc6c
OAKBAT.cleanStatic,10,10224,381852,2,10,0,0,0,0,True,0x17bb003c
OAKBAT.cleanStatic,10,10524,381858,3,1,0,0,0,1,True,0x22c3260d
OAKBAT.cleanStatic,10,10524,381858,3,2,0,1,0,0,True,0x20ec9474
OAKBAT.cleanStatic,10,10524,381858,3,3,0,0,1,1,True,0x000cf693
OAKBAT.cleanStatic,10,10524,381858,3,4,1,1,1,1,True,0x1e0fdd17
OAKBAT.cleanStatic,10,10524,381858,3,5,1,1,1,1,True,0x3ff7363b
OAKBAT.cleanStatic,10,10524,381858,3,6,1,1,1,1,True,0x2b8b4a4f
OAKBAT.cleanStatic,10,10524,381858,3,7,1,1,0,0,True,0x39691ae0
OAKBAT.cleanStatic,10,10524,381858,3,8,0,0,0,1,True,0x0afbc81d
OAKBAT.cleanStatic,10,10524,381858,3,9,0,1,1,0,True,0x0015c3ca
OAKBAT.cleanStatic,10,10524,381858,3,10,1,0,0,0,True,0x1a4038ac
OAKBAT.cleanStatic,10,10824,381864,4,1,0,0,0,1,True,0x22c3260d
OAKBAT.cleanStatic,10,10824,381864,4,2,0,1,0,0,True,0x20ec7384
OAKBAT.cleanStatic,10,10824,381864,4,3,0,0,1,0,True,0x16d0893e
OAKBAT.cleanStatic,10,10824,381864,4,4,1,0,1,1,True,0x2385e517
OAKBAT.cleanStatic,10,10824,381864,4,5,1,1,0,1,True,0x00a9fff5
OAKBAT.cleanStatic,10,10824,381864,4,6,0,1,1,1,True,0x17bcacbb
OAKBAT.cleanStatic,10,10824,381864,4,7,1,1,0,0,True,0x1eb51588
OAKBAT.cleanStatic,10,10824,381864,4,8,0,0,1,0,True,0x0550de56
OAKBAT.cleanStatic,10,10824,381864,4,9,1,0,1,1,True,0x0217bfcb
OAKBAT.cleanStatic,10,10824,381864,4,10,1,1,0,0,True,0x07c01674
OAKBAT.cleanStatic,10,11124,381870,5,1,0,0,0,1,True,0x22c3260d
OAKBAT.cleanStatic,10,11124,381870,5,2,0,1,0,0,True,0x20ec520c
OAKBAT.cleanStatic,10,11124,381870,5,3,0,0,1,1,True,0x110146ff
OAKBAT.cleanStatic,10,11124,381870,5,4,1,1,1,0,True,0x1c7d10a6
OAKBAT.cleanStatic,10,11124,381870,5,5,1,0,0,1,True,0x3f530025
OAKBAT.cleanStatic,10,11124,381870,5,6,0,1,0,0,True,0x17bc9518
OAKBAT.cleanStatic,10,11124,381870,5,7,0,0,1,1,True,0x01a1d543
OAKBAT.cleanStatic,10,11124,381870,5,8,1,1,0,0,True,0x1b47c00c
OAKBAT.cleanStatic,10,11124,381870,5,9,0,0,1,1,True,0x3862b77b
OAKBAT.cleanStatic,10,11124,381870,5,10,1,1,0,0,True,0x020003f8
OAKBAT.cleanStatic,10,11424,381876,1,1,0,0,0,1,True,0x22c3260d
OAKBAT.cleanStatic,10,11424,381876,1,2,0,1,0,0,True,0x20ec3608
OAKBAT.cleanStatic,10,11424,381876,1,3,0,0,1,1,True,0x03140003
OAKBAT.cleanStatic,10,11424,381876,1,4,1,1,0,1,True,0x35555569
OAKBAT.cleanStatic,10,11424,381876,1,5,0,1,1,0,True,0x1555556a
OAKBAT.cleanStatic,10,11424,381876,1,6,1,0,0,1,True,0x2aaaaa95
OAKBAT.cleanStatic,10,11424,381876,1,7,0,1,0,1,True,0x3ffffedd
OAKBAT.cleanStatic,10,11424,381876,1,8,0,1,0,0,True,0x25a844ec
OAKBAT.cleanStatic,10,11424,381876,1,9,0,0,0,0,True,0x003fe490
OAKBAT.cleanStatic,10,11424,381876,1,10,0,0,0,0,True,0x36bf84dc
OAKBAT.cleanStatic,10,11724,381882,2,1,0,0,0,1,True,0x22c3260d
OAKBAT.cleanStatic,10,11724,381882,2,2,0,1,0,0,True,0x20ec1560
OAKBAT.cleanStatic,10,11724,381882,2,3,0,0,0,0,True,0x1a7ce7f0
OAKBAT.cleanStatic,10,11724,381882,2,4,0,0,1,1,True,0x0be07863
OAKBAT.cleanStatic,10,11724,381882,2,5,1,1,0,1,True,0x3196fd41
OAKBAT.cleanStatic,10,11724,381882,2,6,0,1,0,1,True,0x02a23f75
OAKBAT.cleanStatic,10,11724,381882,2,7,0,1,1,0,True,0x0be1ab76
OAKBAT.cleanStatic,10,11724,381882,2,8,1,0,1,1,True,0x0499286f
OAKBAT.cleanStatic,10,11724,381882,2,9,1,1,0,0,True,0x3ca8dc6c
OAKBAT.cleanStatic,10,11724,381882,2,10,0,0,0,0,True,0x17bb003c
OAKBAT.cleanStatic,10,12024,381888,3,1,0,0,0,1,True,0x22c3260d
OAKBAT.cleanStatic,10,12024,381888,3,2,0,1,0,0,True,0x20ebf434
OAKBAT.cleanStatic,10,12024,381888,3,3,0,0,1,1,True,0x000cf693
OAKBAT.cleanStatic,10,12024,381888,3,4,1,1,1,1,True,0x1e0fdd17
OAKBAT.cleanStatic,10,12024,381888,3,5,1,1,1,1,True,0x3ff7363b
OAKBAT.cleanStatic,10,12024,381888,3,6,1,1,1,1,True,0x2b8b4a4f
OAKBAT.cleanStatic,10,12024,381888,3,7,1,1,0,0,True,0x39691ae0
OAKBAT.cleanStatic,10,12024,381888,3,8,0,0,0,1,True,0x0afbc81d
OAKBAT.cleanStatic,10,12024,381888,3,9,0,1,1,0,True,0x0015c3ca
OAKBAT.cleanStatic,10,12024,381888,3,10,1,0,0,0,True,0x1a4038ac
OAKBAT.cleanStatic,10,12324,381894,4,1,0,0,0,1,True,0x22c3260d
OAKBAT.cleanStatic,10,12324,381894,4,2,0,1,0,0,True,0x20ebd370
OAKBAT.cleanStatic,10,12324,381894,4,3,0,0,0,1,True,0x1725f82d
OAKBAT.cleanStatic,10,12324,381894,4,4,0,1,1,1,True,0x1c7a2bf7
OAKBAT.cleanStatic,10,12324,381894,4,5,1,1,1,0,True,0x00b07fc6
OAKBAT.cleanStatic,10,12324,381894,4,6,1,0,1,1,True,0x2843573b
OAKBAT.cleanStatic,10,12324,381894,4,7,1,1,0,0,True,0x286a6050
OAKBAT.cleanStatic,10,12324,381894,4,8,0,0,0,1,True,0x319ed0f1
OAKBAT.cleanStatic,10,12324,381894,4,9,0,1,1,1,True,0x3693af13
OAKBAT.cleanStatic,10,12324,381894,4,10,1,1,0,0,True,0x28000088
OAKBAT.cleanStatic,10,12624,381900,5,1,0,0,0,1,True,0x22c3260d
OAKBAT.cleanStatic,10,12624,381900,5,2,0,1,0,0,True,0x20ebb200
OAKBAT.cleanStatic,10,12624,381900,5,3,0,0,1,1,True,0x114bd01f
OAKBAT.cleanStatic,10,12624,381900,5,4,1,1,1,1,True,0x1c7e7457
OAKBAT.cleanStatic,10,12624,381900,5,5,1,1,0,1,True,0x00b1bfe9
OAKBAT.cleanStatic,10,12624,381900,5,6,0,1,1,1,True,0x17bcbfc7
OAKBAT.cleanStatic,10,12624,381900,5,7,1,1,1,1,True,0x09aacdab
OAKBAT.cleanStatic,10,12624,381900,5,8,1,1,1,0,True,0x37f81b12
OAKBAT.cleanStatic,10,12624,381900,5,9,1,0,0,1,True,0x09de0551
OAKBAT.cleanStatic,10,12624,381900,5,10,0,1,0,0,True,0x007ff984
OAKBAT.cleanStatic,10,12924,381906,1,1,0,0,0,1,True,0x22c3260d
OAKBAT.cleanStatic,10,12924,381906,1,2,0,1,0,0,True,0x20eb96fc
OAKBAT.cleanStatic,10,12924,381906,1,3,0,0,1,1,True,0x03140003
OAKBAT.cleanStatic,10,12924,381906,1,4,1,1,0,1,True,0x35555569
OAKBAT.cleanStatic,10,12924,381906,1,5,0,1,1,0,True,0x1555556a
OAKBAT.cleanStatic,10,12924,381906,1,6,1,0,0,1,True,0x2aaaaa95
OAKBAT.cleanStatic,10,12924,381906,1,7,0,1,0,1,True,0x3ffffedd
OAKBAT.cleanStatic,10,12924,381906,1,8,0,1,0,0,True,0x25a844ec
OAKBAT.cleanStatic,10,12924,381906,1,9,0,0,0,0,True,0x003fe490
OAKBAT.cleanStatic,10,12924,381906,1,10,0,0,0,0,True,0x36bf84dc
OAKBAT.cleanStatic,10,13224,381912,2,1,0,0,0,1,True,0x22c3260d
OAKBAT.cleanStatic,10,13224,381912,2,2,0,1,0,0,True,0x20eb7520
OAKBAT.cleanStatic,10,13224,381912,2,3,0,0,0,0,True,0x1a7ce7f0
OAKBAT.cleanStatic,10,13224,381912,2,4,0,0,1,1,True,0x0be07863
OAKBAT.cleanStatic,10,13224,381912,2,5,1,1,0,1,True,0x3196fd41
OAKBAT.cleanStatic,10,13224,381912,2,6,0,1,0,1,True,0x02a23f75
OAKBAT.cleanStatic,10,13224,381912,2,7,0,1,1,0,True,0x0be1ab76
OAKBAT.cleanStatic,10,13224,381912,2,8,1,0,1,1,True,0x0499286f
OAKBAT.cleanStatic,10,13224,381912,2,9,1,1,0,0,True,0x3ca8dc6c
OAKBAT.cleanStatic,10,13224,381912,2,10,0,0,0,0,True,0x17bb003c
OAKBAT.cleanStatic,10,13524,381918,3,1,0,0,0,1,True,0x22c3260d
OAKBAT.cleanStatic,10,13524,381918,3,2,0,1,0,0,True,0x20eb54a8
OAKBAT.cleanStatic,10,13524,381918,3,3,0,0,1,1,True,0x000cf693
OAKBAT.cleanStatic,10,13524,381918,3,4,1,1,1,1,True,0x1e0fdd17
OAKBAT.cleanStatic,10,13524,381918,3,5,1,1,1,1,True,0x3ff7363b
OAKBAT.cleanStatic,10,13524,381918,3,6,1,1,1,1,True,0x2b8b4a4f
OAKBAT.cleanStatic,10,13524,381918,3,7,1,1,0,0,True,0x39691ae0
OAKBAT.cleanStatic,10,13524,381918,3,8,0,0,0,1,True,0x0afbc81d
OAKBAT.cleanStatic,10,13524,381918,3,9,0,1,1,0,True,0x0015c3ca
OAKBAT.cleanStatic,10,13524,381918,3,10,1,0,0,0,True,0x1a4038ac
OAKBAT.cleanStatic,10,13824,381924,4,1,0,0,0,1,True,0x22c3260d
OAKBAT.cleanStatic,10,13824,381924,4,2,0,1,0,0,True,0x20eb3314
OAKBAT.cleanStatic,10,13824,381924,4,3,0,0,0,1,True,0x1e6aaaa9
OAKBAT.cleanStatic,10,13824,381924,4,4,0,1,1,0,True,0x1555556a
OAKBAT.cleanStatic,10,13824,381924,4,5,1,0,0,1,True,0x2aaaaa95
OAKBAT.cleanStatic,10,13824,381924,4,6,0,1,1,0,True,0x1555556a
OAKBAT.cleanStatic,10,13824,381924,4,7,1,0,0,1,True,0x2aaaaa95
OAKBAT.cleanStatic,10,13824,381924,4,8,0,1,1,0,True,0x1555556a
OAKBAT.cleanStatic,10,13824,381924,4,9,1,0,0,1,True,0x2aaaaa95
OAKBAT.cleanStatic,10,13824,381924,4,10,0,1,0,0,True,0x1555559c
OAKBAT.cleanStatic,10,14124,381930,5,1,0,0,0,1,True,0x22c3260d
OAKBAT.cleanStatic,10,14124,381930,5,2,0,1,0,0,True,0x20eb129c
OAKBAT.cleanStatic,10,14124,381930,5,3,0,0,1,1,True,0x1183f56b
OAKBAT.cleanStatic,10,14124,381930,5,4,1,1,0,0,True,0x1c7a19dc
OAKBAT.cleanStatic,10,14124,381930,5,5,0,0,1,0,True,0x3f4f0026
OAKBAT.cleanStatic,10,14124,381930,5,6,1,0,1,0,True,0x28438b7e
OAKBAT.cleanStatic,10,14124,381930,5,7,1,0,0,0,True,0x2bf4de78
OAKBAT.cleanStatic,10,14124,381930,5,8,0,0,1,0,True,0x34e0ab8a
OAKBAT.cleanStatic,10,14124,381930,5,9,1,0,1,0,True,0x2dfbfaee
OAKBAT.cleanStatic,10,14124,381930,5,10,1,0,0,0,True,0x387ff23c
OAKBAT.cleanStatic,10,14424,381936,1,1,0,0,0,1,True,0x22c3260d
OAKBAT.cleanStatic,10,14424,381936,1,2,0,1,0,0,True,0x20eaf61c
OAKBAT.cleanStatic,10,14424,381936,1,3,0,0,1,1,True,0x03140003
OAKBAT.cleanStatic,10,14424,381936,1,4,1,1,0,1,True,0x35555569
OAKBAT.cleanStatic,10,14424,381936,1,5,0,1,1,0,True,0x1555556a
OAKBAT.cleanStatic,10,14424,381936,1,6,1,0,0,1,True,0x2aaaaa95
OAKBAT.cleanStatic,10,14424,381936,1,7,0,1,0,1,True,0x3ffffedd
OAKBAT.cleanStatic,10,14424,381936,1,8,0,1,0,0,True,0x25a844ec
OAKBAT.cleanStatic,10,14424,381936,1,9,0,0,0,0,True,0x003fe490
OAKBAT.cleanStatic,10,14424,381936,1,10,0,0,0,0,True,0x36bf84dc
OAKBAT.cleanStatic,10,14724,381942,2,1,0,0,0,1,True,0x22c3260d
OAKBAT.cleanStatic,10,14724,381942,2,2,0,1,0,0,True,0x20ead574
OAKBAT.cleanStatic,10,14724,381942,2,3,0,0,0,0,True,0x1a7ce7f0
OAKBAT.cleanStatic,10,14724,381942,2,4,0,0,1,1,True,0x0be07863
OAKBAT.cleanStatic,10,14724,381942,2,5,1,1,0,1,True,0x3196fd41
OAKBAT.cleanStatic,10,14724,381942,2,6,0,1,0,1,True,0x02a23f75
OAKBAT.cleanStatic,10,14724,381942,2,7,0,1,1,0,True,0x0be1ab76
OAKBAT.cleanStatic,10,14724,381942,2,8,1,0,1,1,True,0x0499286f
OAKBAT.cleanStatic,10,14724,381942,2,9,1,1,0,0,True,0x3ca8dc6c
OAKBAT.cleanStatic,10,14724,381942,2,10,0,0,0,0,True,0x17bb003c
OAKBAT.cleanStatic,10,15024,381948,3,1,0,0,0,1,True,0x22c3260d
OAKBAT.cleanStatic,10,15024,381948,3,2,0,1,0,0,True,0x20eab404
OAKBAT.cleanStatic,10,15024,381948,3,3,0,0,1,1,True,0x000cf693
OAKBAT.cleanStatic,10,15024,381948,3,4,1,1,1,1,True,0x1e0fdd17
OAKBAT.cleanStatic,10,15024,381948,3,5,1,1,1,1,True,0x3ff7363b
OAKBAT.cleanStatic,10,15024,381948,3,6,1,1,1,1,True,0x2b8b4a4f
OAKBAT.cleanStatic,10,15024,381948,3,7,1,1,0,0,True,0x39691ae0
OAKBAT.cleanStatic,10,15024,381948,3,8,0,0,0,1,True,0x0afbc81d
OAKBAT.cleanStatic,10,15024,381948,3,9,0,1,1,0,True,0x0015c3ca
OAKBAT.cleanStatic,10,15024,381948,3,10,1,0,0,0,True,0x1a4038ac
OAKBAT.cleanStatic,10,15324,381954,4,1,0,0,0,1,True,0x22c3260d
OAKBAT.cleanStatic,10,15324,381954,4,2,0,1,0,0,True,0x20ea9340
OAKBAT.cleanStatic,10,15324,381954,4,3,0,0,0,0,True,0x17427fc4
OAKBAT.cleanStatic,10,15324,381954,4,4,0,0,0,1,True,0x23871a7d
OAKBAT.cleanStatic,10,15324,381954,4,5,0,1,1,1,True,0x00abbfef
OAKBAT.cleanStatic,10,15324,381954,4,6,1,1,1,0,True,0x17bcc55e
OAKBAT.cleanStatic,10,15324,381954,4,7,1,0,1,0,True,0x220042c2
OAKBAT.cleanStatic,10,15324,381954,4,8,1,0,1,1,True,0x1304eedf
OAKBAT.cleanStatic,10,15324,381954,4,9,1,1,1,0,True,0x3a063262
OAKBAT.cleanStatic,10,15324,381954,4,10,1,0,0,0,True,0x3e3fe934
OAKBAT.cleanStatic,10,15624,381960,5,1,0,0,0,1,True,0x22c3260d
OAKBAT.cleanStatic,10,15624,381960,5,2,0,1,0,0,True,0x20ea727c
OAKBAT.cleanStatic,10,15624,381960,5,3,0,0,1,1,True,0x11db8ecf
OAKBAT.cleanStatic,10,15624,381960,5,4,1,1,0,1,True,0x1c7e3b71
OAKBAT.cleanStatic,10,15624,381960,5,5,0,1,1,1,True,0x00b8bfcf
OAKBAT.cleanStatic,10,15624,381960,5,6,1,1,1,1,True,0x17bca48b
OAKBAT.cleanStatic,10,15624,381960,5,7,1,1,1,0,True,0x33e87cc2
OAKBAT.cleanStatic,10,15624,381960,5,8,1,0,0,0,True,0x276f21dc
OAKBAT.cleanStatic,10,15624,381960,5,9,0,0,0,0,True,0x249ce1cc
OAKBAT.cleanStatic,10,15624,381960,5,10,0,0,0,0,True,0x383ff58c
OAKBAT.cleanStatic,10,15924,381966,1,1,0,0,0,1,True,0x22c3260d
OAKBAT.cleanStatic,10,15924,381966,1,2,0,1,0,0,True,0x20ea5680
OAKBAT.cleanStatic,10,15924,381966,1,3,0,0,1,1,True,0x03140003
OAKBAT.cleanStatic,10,15924,381966,1,4,1,1,0,1,True,0x35555569
OAKBAT.cleanStatic,10,15924,381966,1,5,0,1,1,0,True,0x1555556a
OAKBAT.cleanStatic,10,15924,381966,1,6,1,0,0,1,True,0x2aaaaa95
OAKBAT.cleanStatic,10,15924,381966,1,7,0,1,0,1,True,0x3ffffedd
OAKBAT.cleanStatic,10,15924,381966,1,8,0,1,0,0,True,0x25a844ec
OAKBAT.cleanStatic,10,15924,381966,1,9,0,0,0,0,True,0x003fe490
OAKBAT.cleanStatic,10,15924,381966,1,10,0,0,0,0,True,0x36bf84dc
OAKBAT.cleanStatic,10,16224,381972,2,1,0,0,0,1,True,0x22c3260d
OAKBAT.cleanStatic,10,16224,381972,2,2,0,1,0,0,True,0x20ea3510
OAKBAT.cleanStatic,10,16224,381972,2,3,0,0,0,0,True,0x1a7ce7f0
OAKBAT.cleanStatic,10,16224,381972,2,4,0,0,1,1,True,0x0be07863
OAKBAT.cleanStatic,10,16224,381972,2,5,1,1,0,1,True,0x3196fd41
OAKBAT.cleanStatic,10,16224,381972,2,6,0,1,0,1,True,0x02a23f75
OAKBAT.cleanStatic,10,16224,381972,2,7,0,1,1,0,True,0x0be1ab76
OAKBAT.cleanStatic,10,16224,381972,2,8,1,0,1,1,True,0x0499286f
OAKBAT.cleanStatic,10,16224,381972,2,9,1,1,0,0,True,0x3ca8dc6c
OAKBAT.cleanStatic,10,16224,381972,2,10,0,0,0,0,True,0x17bb003c
OAKBAT.cleanStatic,10,16524,381978,3,1,0,0,0,1,True,0x22c3260d
OAKBAT.cleanStatic,10,16524,381978,3,2,0,1,0,0,True,0x20ea1498
OAKBAT.cleanStatic,10,16524,381978,3,3,0,0,1,1,True,0x000cf693
OAKBAT.cleanStatic,10,16524,381978,3,4,1,1,1,1,True,0x1e0fdd17
OAKBAT.cleanStatic,10,16524,381978,3,5,1,1,1,1,True,0x3ff7363b
OAKBAT.cleanStatic,10,16524,381978,3,6,1,1,1,1,True,0x2b8b4a4f
OAKBAT.cleanStatic,10,16524,381978,3,7,1,1,0,0,True,0x39691ae0
OAKBAT.cleanStatic,10,16524,381978,3,8,0,0,0,1,True,0x0afbc81d
OAKBAT.cleanStatic,10,16524,381978,3,9,0,1,1,0,True,0x0015c3ca
OAKBAT.cleanStatic,10,16524,381978,3,10,1,0,0,0,True,0x1a4038ac
OAKBAT.cleanStatic,10,16824,381984,4,1,0,0,0,1,True,0x22c3260d
OAKBAT.cleanStatic,10,16824,381984,4,2,0,1,0,0,True,0x20e9f338
OAKBAT.cleanStatic,10,16824,381984,4,3,0,0,0,1,True,0x1788eb8d
OAKBAT.cleanStatic,10,16824,381984,4,4,0,1,0,1,True,0x1c409f5d
OAKBAT.cleanStatic,10,16824,381984,4,5,0,1,1,0,True,0x00bbffc2
OAKBAT.cleanStatic,10,16824,381984,4,6,1,0,1,1,True,0x28435663
OAKBAT.cleanStatic,10,16824,381984,4,7,1,1,1,1,True,0x33aab6bf
OAKBAT.cleanStatic,10,16824,381984,4,8,1,1,0,0,True,0x1dc64c94
OAKBAT.cleanStatic,10,16824,381984,4,9,0,0,1,0,True,0x248b9b92
OAKBAT.cleanStatic,10,16824,381984,4,10,1,0,0,0,True,0x3a3ff424
OAKBAT.cleanStatic,10,17124,381990,5,1,0,0,0,1,True,0x22c3260d
OAKBAT.cleanStatic,10,17124,381990,5,2,0,1,0,0,True,0x20e9d2b0
OAKBAT.cleanStatic,10,17124,381990,5,3,0,0,1,0,True,0x120ada9e
OAKBAT.cleanStatic,10,17124,381990,5,4,1,0,0,1,True,0x238486b9
OAKBAT.cleanStatic,10,17124,381990,5,5,0,1,1,1,True,0x00ad7ffb
OAKBAT.cleanStatic,10,17124,381990,5,6,1,1,1,0,True,0x17bcb5b2
OAKBAT.cleanStatic,10,17124,381990,5,7,1,0,0,1,True,0x21270c3d
OAKBAT.cleanStatic,10,17124,381990,5,8,0,1,1,1,True,0x0161213b
OAKBAT.cleanStatic,10,17124,381990,5,9,1,1,0,1,True,0x3c2366e5
OAKBAT.cleanStatic,10,17124,381990,5,10,0,1,0,0,True,0x00fffc1c
OAKBAT.cleanStatic,10,17424,381996,1,1,0,0,0,1,True,0x22c3260d
OAKBAT.cleanStatic,10,17424,381996,1,2,0,1,0,0,True,0x20e9b6b4
OAKBAT.cleanStatic,10,17424,381996,1,3,0,0,1,1,True,0x03140003
OAKBAT.cleanStatic,10,17424,381996,1,4,1,1,0,1,True,0x35555569
OAKBAT.cleanStatic,10,17424,381996,1,5,0,1,1,0,True,0x1555556a
OAKBAT.cleanStatic,10,17424,381996,1,6,1,0,0,1,True,0x2aaaaa95
OAKBAT.cleanStatic,10,17424,381996,1,7,0,1,0,1,True,0x3ffffedd
OAKBAT.cleanStatic,10,17424,381996,1,8,0,1,0,0,True,0x25a844ec
OAKBAT.cleanStatic,10,17424,381996,1,9,0,0,0,0,True,0x003fe490
OAKBAT.cleanStatic,10,17424,381996,1,10,0,0,0,0,True,0x36bf84dc
OAKBAT.cleanStatic,10,17724,382002,2,1,0,0,0,1,True,0x22c3260d
OAKBAT.cleanStatic,10,17724,382002,2,2,0,1,0,0,True,0x20e995dc
OAKBAT.cleanStatic,10,17724,382002,2,3,0,0,0,0,True,0x1a7ce7f0
OAKBAT.cleanStatic,10,17724,382002,2,4,0,0,1,1,True,0x0be07863
OAKBAT.cleanStatic,10,17724,382002,2,5,1,1,0,1,True,0x3196fd41
OAKBAT.cleanStatic,10,17724,382002,2,6,0,1,0,1,True,0x02a23f75
OAKBAT.cleanStatic,10,17724,382002,2,7,0,1,1,0,True,0x0be1ab76
OAKBAT.cleanStatic,10,17724,382002,2,8,1,0,1,1,True,0x0499286f
OAKBAT.cleanStatic,10,17724,382002,2,9,1,1,0,0,True,0x3ca8dc6c
OAKBAT.cleanStatic,10,17724,382002,2,10,0,0,0,0,True,0x17bb003c
OAKBAT.cleanStatic,10,18024,382008,3,1,0,0,0,1,True,0x22c3260d
OAKBAT.cleanStatic,10,18024,382008,3,2,0,1,0,0,True,0x20e974e0
OAKBAT.cleanStatic,10,18024,382008,3,3,0,0,1,1,True,0x000cf693
OAKBAT.cleanStatic,10,18024,382008,3,4,1,1,1,1,True,0x1e0fdd17
OAKBAT.cleanStatic,10,18024,382008,3,5,1,1,1,1,True,0x3ff7363b
OAKBAT.cleanStatic,10,18024,382008,3,6,1,1,1,1,True,0x2b8b4a4f
OAKBAT.cleanStatic,10,18024,382008,3,7,1,1,0,0,True,0x39691ae0
OAKBAT.cleanStatic,10,18024,382008,3,8,0,0,0,1,True,0x0afbc81d
OAKBAT.cleanStatic,10,18024,382008,3,9,0,1,1,0,True,0x0015c3ca
OAKBAT.cleanStatic,10,18024,382008,3,10,1,0,0,0,True,0x1a4038ac
OAKBAT.cleanStatic,10,18324,382014,4,1,0,0,0,1,True,0x22c3260d
OAKBAT.cleanStatic,10,18324,382014,4,2,0,1,0,0,True,0x20e953a4
OAKBAT.cleanStatic,10,18324,382014,4,3,0,0,0,0,True,0x17d3bb08
OAKBAT.cleanStatic,10,18324,382014,4,4,0,0,0,0,True,0x23827ccc
OAKBAT.cleanStatic,10,18324,382014,4,5,0,0,1,0,True,0x3f4b4fce
OAKBAT.cleanStatic,10,18324,382014,4,6,1,0,0,0,True,0x284393f0
OAKBAT.cleanStatic,10,18324,382014,4,7,0,0,1,0,True,0x0c3f7aea
OAKBAT.cleanStatic,10,18324,382014,4,8,1,0,1,0,True,0x014f02aa
OAKBAT.cleanStatic,10,18324,382014,4,9,1,0,1,1,True,0x203a58ab
OAKBAT.cleanStatic,10,18324,382014,4,10,1,1,0,0,True,0x00c007ec
OAKBAT.cleanStatic,10,18624,382020,5,1,0,0,0,1,True,0x22c3260d
OAKBAT.cleanStatic,10,18624,382020,5,2,0,1,0,0,True,0x20e932d4
OAKBAT.cleanStatic,10,18624,382020,5,3,0,0,0,0,True,0x1243670c
OAKBAT.cleanStatic,10,18624,382020,5,4,0,0,0,1,True,0x2381bf35
OAKBAT.cleanStatic,10,18624,382020,5,5,0,1,1,1,True,0x00aeffe7
OAKBAT.cleanStatic,10,18624,382020,5,6,1,1,0,1,True,0x17bc7555
OAKBAT.cleanStatic,10,18624,382020,5,7,0,1,1,0,True,0x3ed9acc2
OAKBAT.cleanStatic,10,18624,382020,5,8,1,0,0,0,True,0x1253eb2c
OAKBAT.cleanStatic,10,18624,382020,5,9,0,0,1,0,True,0x05daf3ae
OAKBAT.cleanStatic,10,18624,382020,5,10,1,0,0,0,True,0x3a3ff3b0
OAKBAT.cleanStatic,10,18924,382026,1,1,0,0,0,1,True,0x22c3260d
OAKBAT.cleanStatic,10,18924,382026,1,2,0,1,0,0,True,0x20e91628
OAKBAT.cleanStatic,10,18924,382026,1,3,0,0,1,1,True,0x03140003
OAKBAT.cleanStatic,10,18924,382026,1,4,1,1,0,1,True,0x35555569
OAKBAT.cleanStatic,10,18924,382026,1,5,0,1,1,0,True,0x1555556a
OAKBAT.cleanStatic,10,18924,382026,1,6,1,0,0,1,True,0x2aaaaa95
OAKBAT.cleanStatic,10,18924,382026,1,7,0,1,0,1,True,0x3ffffedd
OAKBAT.cleanStatic,10,18924,382026,1,8,0,1,0,0,True,0x25a844ec
OAKBAT.cleanStatic,10,18924,382026,1,9,0,0,0,0,True,0x003fe490
OAKBAT.cleanStatic,10,18924,382026,1,10,0,0,0,0,True,0x36bf84dc
OAKBAT.cleanStatic,10,19224,382032,2,1,0,0,0,1,True,0x22c3260d
OAKBAT.cleanStatic,10,19224,382032,2,2,0,1,0,0,True,0x20e8f53c
OAKBAT.cleanStatic,10,19224,382032,2,3,0,0,0,0,True,0x1a7ce7f0
OAKBAT.cleanStatic,10,19224,382032,2,4,0,0,1,1,True,0x0be07863
OAKBAT.cleanStatic,10,19224,382032,2,5,1,1,0,1,True,0x3196fd41
OAKBAT.cleanStatic,10,19224,382032,2,6,0,1,0,1,True,0x02a23f75
OAKBAT.cleanStatic,10,19224,382032,2,7,0,1,1,0,True,0x0be1ab76
OAKBAT.cleanStatic,10,19224,382032,2,8,1,0,1,1,True,0x0499286f
OAKBAT.cleanStatic,10,19224,382032,2,9,1,1,0,0,True,0x3ca8dc6c
OAKBAT.cleanStatic,10,19224,382032,2,10,0,0,0,0,True,0x17bb003c
OAKBAT.cleanStatic,10,19524,382038,3,1,0,0,0,1,True,0x22c3260d
OAKBAT.cleanStatic,10,19524,382038,3,2,0,1,0,0,True,0x20e8d4b4
OAKBAT.cleanStatic,10,19524,382038,3,3,0,0,1,1,True,0x000cf693
OAKBAT.cleanStatic,10,19524,382038,3,4,1,1,1,1,True,0x1e0fdd17
OAKBAT.cleanStatic,10,19524,382038,3,5,1,1,1,1,True,0x3ff7363b
OAKBAT.cleanStatic,10,19524,382038,3,6,1,1,1,1,True,0x2b8b4a4f
OAKBAT.cleanStatic,10,19524,382038,3,7,1,1,0,0,True,0x39691ae0
OAKBAT.cleanStatic,10,19524,382038,3,8,0,0,0,1,True,0x0afbc81d
OAKBAT.cleanStatic,10,19524,382038,3,9,0,1,1,0,True,0x0015c3ca
OAKBAT.cleanStatic,10,19524,382038,3,10,1,0,0,0,True,0x1a4038ac
OAKBAT.cleanStatic,10,19824,382044,4,1,0,0,0,1,True,0x22c3260d
OAKBAT.cleanStatic,10,19824,382044,4,2,0,1,0,0,True,0x20e8b308
OAKBAT.cleanStatic,10,19824,382044,4,3,0,0,1,1,True,0x1807a1a3
OAKBAT.cleanStatic,10,19824,382044,4,4,1,1,0,0,True,0x1c7d93a4
OAKBAT.cleanStatic,10,19824,382044,4,5,0,0,1,0,True,0x3f520032
OAKBAT.cleanStatic,10,19824,382044,4,6,1,0,0,0,True,0x28436208
OAKBAT.cleanStatic,10,19824,382044,4,7,0,0,0,1,True,0x013b66c5
OAKBAT.cleanStatic,10,19824,382044,4,8,0,1,1,0,True,0x196f8f1a
OAKBAT.cleanStatic,10,19824,382044,4,9,1,0,0,0,True,0x09a358e8
OAKBAT.cleanStatic,10,19824,382044,4,10,0,0,0,0,True,0x07c014a8
OAKBAT.cleanStatic,10,20124,382050,5,1,0,0,0,1,True,0x22c3260d
OAKBAT.cleanStatic,10,20124,382050,5,2,0,1,0,0,True,0x20e89280
OAKBAT.cleanStatic,10,20124,382050,5,3,0,0,0,0,True,0x128b41c0
OAKBAT.cleanStatic,10,20124,382050,5,4,0,0,1,0,True,0x2383adda
OAKBAT.cleanStatic,10,20124,382050,5,5,1,0,1,0,True,0x3f514016
OAKBAT.cleanStatic,10,20124,382050,5,6,1,0,1,1,True,0x2843573b
OAKBAT.cleanStatic,10,20124,382050,5,7,1,1,0,1,True,0x0962138d
OAKBAT.cleanStatic,10,20124,382050,5,8,0,1,0,1,True,0x1af4d3a5
OAKBAT.cleanStatic,10,20124,382050,5,9,0,1,0,0,True,0x29340998
OAKBAT.cleanStatic,10,20124,382050,5,10,0,0,0,0,True,0x36ffe8cc
OAKBAT.cleanStatic,10,20424,382056,1,1,0,0,0,1,True,0x22c3260d
OAKBAT.cleanStatic,10,20424,382056,1,2,0,1,0,0,True,0x20e876c8
OAKBAT.cleanStatic,10,20424,382056,1,3,0,0,1,1,True,0x03140003
OAKBAT.cleanStatic,10,20424,382056,1,4,1,1,0,1,True,0x35555569
OAKBAT.cleanStatic,10,20424,382056,1,5,0,1,1,0,True,0x1555556a
OAKBAT.cleanStatic,10,20424,382056,1,6,1,0,0,1,True,0x2aaaaa95
OAKBAT.cleanStatic,10,20424,382056,1,7,0,1,0,1,True,0x3ffffedd
OAKBAT.cleanStatic,10,20424,382056,1,8,0,1,0,0,True,0x25a844ec
OAKBAT.cleanStatic,10,20424,382056,1,9,0,0,0,0,True,0x003fe490
OAKBAT.cleanStatic,10,20424,382056,1,10,0,0,0,0,True,0x36bf84dc
OAKBAT.cleanStatic,10,20724,382062,2,1,0,0,0,1,True,0x22c3260d
OAKBAT.cleanStatic,10,20724,382062,2,2,0,1,0,0,True,0x20e855a0
OAKBAT.cleanStatic,10,20724,382062,2,3,0,0,0,0,True,0x1a7ce7f0
OAKBAT.cleanStatic,10,20724,382062,2,4,0,0,1,1,True,0x0be07863
OAKBAT.cleanStatic,10,20724,382062,2,5,1,1,0,1,True,0x3196fd41
OAKBAT.cleanStatic,10,20724,382062,2,6,0,1,0,1,True,0x02a23f75
OAKBAT.cleanStatic,10,20724,382062,2,7,0,1,1,0,True,0x0be1ab76
OAKBAT.cleanStatic,10,20724,382062,2,8,1,0,1,1,True,0x0499286f
OAKBAT.cleanStatic,10,20724,382062,2,9,1,1,0,0,True,0x3ca8dc6c
OAKBAT.cleanStatic,10,20724,382062,2,10,0,0,0,0,True,0x17bb003c
OAKBAT.cleanStatic,10,21024,382068,3,1,0,0,0,1,True,0x22c3260d
OAKBAT.cleanStatic,10,21024,382068,3,2,0,1,0,0,True,0x20e834d0
OAKBAT.cleanStatic,10,21024,382068,3,3,0,0,1,1,True,0x000cf693
OAKBAT.cleanStatic,10,21024,382068,3,4,1,1,1,1,True,0x1e0fdd17
OAKBAT.cleanStatic,10,21024,382068,3,5,1,1,1,1,True,0x3ff7363b
OAKBAT.cleanStatic,10,21024,382068,3,6,1,1,1,1,True,0x2b8b4a4f
OAKBAT.cleanStatic,10,21024,382068,3,7,1,1,0,0,True,0x39691ae0
OAKBAT.cleanStatic,10,21024,382068,3,8,0,0,0,1,True,0x0afbc81d
OAKBAT.cleanStatic,10,21024,382068,3,9,0,1,1,0,True,0x0015c3ca
OAKBAT.cleanStatic,10,21024,382068,3,10,1,0,0,0,True,0x1a4038ac
OAKBAT.cleanStatic,10,21324,382074,4,1,0,0,0,1,True,0x22c3260d
OAKBAT.cleanStatic,10,21324,382074,4,2,0,1,0,0,True,0x20e81394
OAKBAT.cleanStatic,10,21324,382074,4,3,0,0,0,1,True,0x1e6aaaa9
OAKBAT.cleanStatic,10,21324,382074,4,4,0,1,1,0,True,0x1555556a
OAKBAT.cleanStatic,10,21324,382074,4,5,1,0,0,1,True,0x2aaaaa95
OAKBAT.cleanStatic,10,21324,382074,4,6,0,1,1,0,True,0x1555556a
OAKBAT.cleanStatic,10,21324,382074,4,7,1,0,0,1,True,0x2aaaaa95
OAKBAT.cleanStatic,10,21324,382074,4,8,0,1,1,0,True,0x1555556a
OAKBAT.cleanStatic,10,21324,382074,4,9,1,0,0,1,True,0x2aaaaa95
OAKBAT.cleanStatic,10,21324,382074,4,10,0,1,0,0,True,0x1555559c
OAKBAT.cleanStatic,11,291,381654,4,1,1,1,1,0,True,0x1d3cd9f2
OAKBAT.cleanStatic,11,291,381654,4,2,1,0,1,1,True,0x1f0f2c3b
OAKBAT.cleanStatic,11,291,381654,4,3,1,1,0,0,True,0x20d5556c
OAKBAT.cleanStatic,11,291,381654,4,4,0,0,0,0,True,0x2aaaaabc
OAKBAT.cleanStatic,11,291,381654,4,5,0,0,0,0,True,0x2aaaaabc
OAKBAT.cleanStatic,11,291,381654,4,6,0,0,0,0,True,0x2aaaaabc
OAKBAT.cleanStatic,11,291,381654,4,7,0,0,0,0,True,0x2aaaaabc
OAKBAT.cleanStatic,11,291,381654,4,8,0,0,0,0,True,0x2aaaaabc
OAKBAT.cleanStatic,11,291,381654,4,9,0,0,0,0,True,0x2aaaaabc
OAKBAT.cleanStatic,11,291,381654,4,10,0,0,1,1,True,0x2aaaaaef
OAKBAT.cleanStatic,11,591,381660,5,1,1,1,1,0,True,0x1d3cd9f2
OAKBAT.cleanStatic,11,591,381660,5,2,1,0,1,1,True,0x1f0f4d4b
OAKBAT.cleanStatic,11,591,381660,5,3,1,1,0,0,True,0x2a7149ac
OAKBAT.cleanStatic,11,591,381660,5,4,0,0,0,1,True,0x23bdf519
OAKBAT.cleanStatic,11,591,381660,5,5,0,1,1,1,True,0x00b3fff3
OAKBAT.cleanStatic,11,591,381660,5,6,1,1,1,0,True,0x17bce4d6
OAKBAT.cleanStatic,11,591,381660,5,7,1,0,1,1,True,0x35caf943
OAKBAT.cleanStatic,11,591,381660,5,8,1,1,1,0,True,0x0c49c346
OAKBAT.cleanStatic,11,591,381660,5,9,1,0,1,0,True,0x38db24f6
OAKBAT.cleanStatic,11,591,381660,5,10,1,0,1,1,True,0x264000cb
OAKBAT.cleanStatic,11,891,381666,1,1,1,1,1,0,True,0x1d3cd9f2
OAKBAT.cleanStatic,11,891,381666,1,2,1,0,1,1,True,0x1f0f69b7
OAKBAT.cleanStatic,11,891,381666,1,3,1,1,0,0,True,0x3cebfffc
OAKBAT.cleanStatic,11,891,381666,1,4,0,0,1,0,True,0x0aaaaa96
OAKBAT.cleanStatic,11,891,381666,1,5,1,0,0,1,True,0x2aaaaa95
OAKBAT.cleanStatic,11,891,381666,1,6,0,1,1,0,True,0x1555556a
OAKBAT.cleanStatic,11,891,381666,1,7,1,0,0,0,True,0x0000397c
OAKBAT.cleanStatic,11,891,381666,1,8,0,0,1,0,True,0x0f97bb32
OAKBAT.cleanStatic,11,891,381666,1,9,1,0,0,0,True,0x000017dc
OAKBAT.cleanStatic,11,891,381666,1,10,0,0,1,1,True,0x3532647b
OAKBAT.cleanStatic,11,1191,381672,2,1,1,1,1,0,True,0x1d3cd9f2
OAKBAT.cleanStatic,11,1191,381672,2,2,1,0,1,1,True,0x1f0f8a6b
OAKBAT.cleanStatic,11,1191,381672,2,3,1,1,0,1,True,0x307e9a1d
OAKBAT.cleanStatic,11,1191,381672,2,4,0,1,0,0,True,0x3007f704
OAKBAT.cleanStatic,11,1191,381672,2,5,0,0,0,0,True,0x024346b0
OAKBAT.cleanStatic,11,1191,381672,2,6,0,0,1,1,True,0x01180233
OAKBAT.cleanStatic,11,1191,381672,2,7,1,1,0,1,True,0x3715b739
OAKBAT.cleanStatic,11,1191,381672,2,8,0,1,1,1,True,0x3e6017af
OAKBAT.cleanStatic,11,1191,381672,2,9,1,1,0,0,True,0x3c92cc80
OAKBAT.cleanStatic,11,1191,381672,2,10,0,0,1,1,True,0x17bb006f
OAKBAT.cleanStatic,11,1491,381678,3,1,1,1,1,0,True,0x1d3cd9f2
OAKBAT.cleanStatic,11,1491,381678,3,2,1,0,1,1,True,0x1f0fabe3
OAKBAT.cleanStatic,11,1491,381678,3,3,1,1,0,1,True,0x00071889
OAKBAT.cleanStatic,11,1491,381678,3,4,0,1,0,1,True,0x3b6cc069
OAKBAT.cleanStatic,11,1491,381678,3,5,0,1,1,0,True,0x0025f68e
OAKBAT.cleanStatic,11,1491,381678,3,6,1,0,1,0,True,0x0ac6567a
OAKBAT.cleanStatic,11,1491,381678,3,7,1,0,1,0,True,0x09289412
OAKBAT.cleanStatic,11,1491,381678,3,8,1,0,1,0,True,0x0cc6ace6
OAKBAT.cleanStatic,11,1491,381678,3,9,1,0,1,1,True,0x3fe70e53
OAKBAT.cleanStatic,11,1491,381678,3,10,1,1,1,1,True,0x307d2307
OAKBAT.cleanStatic,11,1791,381684,4,1,1,1,1,0,True,0x1d3cd9f2
OAKBAT.cleanStatic,11,1791,381684,4,2,1,0,1,1,True,0x1f0fcc5f
OAKBAT.cleanStatic,11,1791,381684,4,3,1,1,0,1,True,0x20955561
OAKBAT.cleanStatic,11,1791,381684,4,4,0,1,1,0,True,0x1555556a
OAKBAT.cleanStatic,11,1791,381684,4,5,1,0,0,1,True,0x2aaaaa95
OAKBAT.cleanStatic,11,1791,381684,4,6,0,1,1,0,True,0x1555556a
OAKBAT.cleanStatic,11,1791,381684,4,7,1,0,0,1,True,0x2aaaaa95
OAKBAT.cleanStatic,11,1791,381684,4,8,0,1,1,0,True,0x1555556a
OAKBAT.cleanStatic,11,1791,381684,4,9,1,0,0,1,True,0x2aaaaa95
OAKBAT.cleanStatic,11,1791,381684,4,10,0,1,1,1,True,0x155555cf
OAKBAT.cleanStatic,11,2091,381690,5,1,1,1,1,0,True,0x1d3cd9f2
OAKBAT.cleanStatic,11,2091,381690,5,2,1,0,1,1,True,0x1f0fedd7
OAKBAT.cleanStatic,11,2091,381690,5,3,1,1,1,1,True,0x2a2418b3
OAKBAT.cleanStatic,11,2091,381690,5,4,1,1,0,1,True,0x1c7fbfd9
OAKBAT.cleanStatic,11,2091,381690,5,5,0,1,0,1,True,0x00abb031
OAKBAT.cleanStatic,11,2091,381690,5,6,0,1,1,0,True,0x17bcb466
OAKBAT.cleanStatic,11,2091,381690,5,7,1,0,0,1,True,0x0111ae19
OAKBAT.cleanStatic,11,2091,381690,5,8,0,1,1,1,True,0x1640932f
OAKBAT.cleanStatic,11,2091,381690,5,9,1,1,1,0,True,0x0cd5273e
OAKBAT.cleanStatic,11,2091,381690,5,10,1,0,1,1,True,0x3bc009e7
OAKBAT.cleanStatic,11,2391,381696,1,1,1,1,1,0,True,0x1d3cd9f2
OAKBAT.cleanStatic,11,2391,381696,1,2,1,0,1,1,True,0x1f100913
OAKBAT.cleanStatic,11,2391,381696,1,3,1,1,0,0,True,0x3cebfffc
OAKBAT.cleanStatic,11,2391,381696,1,4,0,0,1,0,True,0x0aaaaa96
OAKBAT.cleanStatic,11,2391,381696,1,5,1,0,0,1,True,0x2aaaaa95
OAKBAT.cleanStatic,11,2391,381696,1,6,0,1,1,0,True,0x1555556a
OAKBAT.cleanStatic,11,2391,381696,1,7,1,0,0,0,True,0x0000397c
OAKBAT.cleanStatic,11,2391,381696,1,8,0,0,1,0,True,0x0f97bb32
OAKBAT.cleanStatic,11,2391,381696,1,9,1,0,0,0,True,0x000017dc
OAKBAT.cleanStatic,11,2391,381696,1,10,0,0,1,1,True,0x3532647b
OAKBAT.cleanStatic,11,2691,381702,2,1,1,1,1,0,True,0x1d3cd9f2
OAKBAT.cleanStatic,11,2691,381702,2,2,1,0,1,1,True,0x1f102a7b
OAKBAT.cleanStatic,11,2691,381702,2,3,1,1,0,1,True,0x307e9a1d
OAKBAT.cleanStatic,11,2691,381702,2,4,0,1,0,0,True,0x3007f704
OAKBAT.cleanStatic,11,2691,381702,2,5,0,0,0,0,True,0x024346b0
OAKBAT.cleanStatic,11,2691,381702,2,6,0,0,1,1,True,0x01180233
OAKBAT.cleanStatic,11,2691,381702,2,7,1,1,0,1,True,0x3715b739
OAKBAT.cleanStatic,11,2691,381702,2,8,0,1,1,1,True,0x3e6017af
OAKBAT.cleanStatic,11,2691,381702,2,9,1,1,0,0,True,0x3c92cc80
OAKBAT.cleanStatic,11,2691,381702,2,10,0,0,1,1,True,0x17bb006f
OAKBAT.cleanStatic,11,2991,381708,3,1,1,1,1,0,True,0x1d3cd9f2
OAKBAT.cleanStatic,11,2991,381708,3,2,1,0,1,1,True,0x1f104b0b
OAKBAT.cleanStatic,11,2991,381708,3,3,1,1,0,1,True,0x00071889
OAKBAT.cleanStatic,11,2991,381708,3,4,0,1,0,1,True,0x3b6cc069
OAKBAT.cleanStatic,11,2991,381708,3,5,0,1,1,0,True,0x0025f68e
OAKBAT.cleanStatic,11,2991,381708,3,6,1,0,1,0,True,0x0ac6567a
OAKBAT.cleanStatic,11,2991,381708,3,7,1,0,1,0,True,0x09289412
OAKBAT.cleanStatic,11,2991,381708,3,8,1,0,1,0,True,0x0cc6ace6
OAKBAT.cleanStatic,11,2991,381708,3,9,1,0,1,1,True,0x3fe70e53
OAKBAT.cleanStatic,11,2991,381708,3,10,1,1,1,1,True,0x307d2307
OAKBAT.cleanStatic,11,3291,381714,4,1,1,1,1,0,True,0x1d3cd9f2
OAKBAT.cleanStatic,11,3291,381714,4,2,1,0,1,1,True,0x1f106c4f
OAKBAT.cleanStatic,11,3291,381714,4,3,1,1,1,0,True,0x20555576
OAKBAT.cleanStatic,11,3291,381714,4,4,1,0,0,1,True,0x2aaaaa95
OAKBAT.cleanStatic,11,3291,381714,4,5,0,1,1,0,True,0x1555556a
OAKBAT.cleanStatic,11,3291,381714,4,6,1,0,0,1,True,0x2aaaaa95
OAKBAT.cleanStatic,11,3291,381714,4,7,0,1,1,0,True,0x1555556a
OAKBAT.cleanStatic,11,3291,381714,4,8,1,0,0,1,True,0x2aaaaa95
OAKBAT.cleanStatic,11,3291,381714,4,9,0,1,1,0,True,0x1555556a
OAKBAT.cleanStatic,11,3291,381714,4,10,1,0,1,1,True,0x2aaaaa63
OAKBAT.cleanStatic,11,3591,381720,5,1,1,1,1,0,True,0x1d3cd9f2
OAKBAT.cleanStatic,11,3591,381720,5,2,1,0,1,1,True,0x1f108d73
OAKBAT.cleanStatic,11,3591,381720,5,3,1,1,0,0,True,0x29ec5a30
OAKBAT.cleanStatic,11,3591,381720,5,4,0,0,1,0,True,0x23bf0c96
OAKBAT.cleanStatic,11,3591,381720,5,5,1,0,1,1,True,0x3f4a4007
OAKBAT.cleanStatic,11,3591,381720,5,6,1,1,1,1,True,0x17bcb13b
OAKBAT.cleanStatic,11,3591,381720,5,7,1,1,0,0,True,0x34a19b34
OAKBAT.cleanStatic,11,3591,381720,5,8,0,0,1,0,True,0x06c78fde
OAKBAT.cleanStatic,11,3591,381720,5,9,1,0,0,0,True,0x2e4330b4
OAKBAT.cleanStatic,11,3591,381720,5,10,0,0,1,1,True,0x3f80054f
OAKBAT.cleanStatic,11,3891,381726,1,1,1,1,1,0,True,0x1d3cd9f2
OAKBAT.cleanStatic,11,3891,381726,1,2,1,0,1,1,True,0x1f10a98f
OAKBAT.cleanStatic,11,3891,381726,1,3,1,1,0,0,True,0x3cebfffc
OAKBAT.cleanStatic,11,3891,381726,1,4,0,0,1,0,True,0x0aaaaa96
OAKBAT.cleanStatic,11,3891,381726,1,5,1,0,0,1,True,0x2aaaaa95
OAKBAT.cleanStatic,11,3891,381726,1,6,0,1,1,0,True,0x1555556a
OAKBAT.cleanStatic,11,3891,381726,1,7,1,0,0,0,True,0x0000397c
OAKBAT.cleanStatic,11,3891,381726,1,8,0,0,1,0,True,0x0f97bb32
OAKBAT.cleanStatic,11,3891,381726,1,9,1,0,0,0,True,0x000017dc
OAKBAT.cleanStatic,11,3891,381726,1,10,0,0,1,1,True,0x3532647b
OAKBAT.cleanStatic,11,4191,381732,2,1,1,1,1,0,True,0x1d3cd9f2
OAKBAT.cleanStatic,11,4191,381732,2,2,1,0,1,1,True,0x1f10ca1f
OAKBAT.cleanStatic,11,4191,381732,2,3,1,1,0,1,True,0x307e9a1d
OAKBAT.cleanStatic,11,4191,381732,2,4,0,1,0,0,True,0x3007f704
OAKBAT.cleanStatic,11,4191,381732,2,5,0,0,0,0,True,0x024346b0
OAKBAT.cleanStatic,11,4191,381732,2,6,0,0,1,1,True,0x01180233
OAKBAT.cleanStatic,11,4191,381732,2,7,1,1,0,1,True,0x3715b739
OAKBAT.cleanStatic,11,4191,381732,2,8,0,1,1,1,True,0x3e6017af
OAKBAT.cleanStatic,11,4191,381732,2,9,1,1,0,0,True,0x3c92cc80
OAKBAT.cleanStatic,11,4191,381732,2,10,0,0,1,1,True,0x17bb006f
OAKBAT.cleanStatic,11,4491,381738,3,1,1,1,1,0,True,0x1d3cd9f2
OAKBAT.cleanStatic,11,4491,381738,3,2,1,0,1,1,True,0x1f10eb97
OAKBAT.cleanStatic,11,4491,381738,3,3,1,1,0,1,True,0x00071889
OAKBAT.cleanStatic,11,4491,381738,3,4,0,1,0,1,True,0x3b6cc069
OAKBAT.cleanStatic,11,4491,381738,3,5,0,1,1,0,True,0x0025f68e
OAKBAT.cleanStatic,11,4491,381738,3,6,1,0,1,0,True,0x0ac6567a
OAKBAT.cleanStatic,11,4491,381738,3,7,1,0,1,0,True,0x09289412
OAKBAT.cleanStatic,11,4491,381738,3,8,1,0,1,0,True,0x0cc6ace6
OAKBAT.cleanStatic,11,4491,381738,3,9,1,0,1,1,True,0x3fe70e53
OAKBAT.cleanStatic,11,4491,381738,3,10,1,1,1,1,True,0x307d2307
OAKBAT.cleanStatic,11,4791,381744,4,1,1,1,1,0,True,0x1d3cd9f2
OAKBAT.cleanStatic,11,4791,381744,4,2,1,0,1,1,True,0x1f110caf
OAKBAT.cleanStatic,11,4791,381744,4,3,1,1,0,0,True,0x201999a0
OAKBAT.cleanStatic,11,4791,381744,4,4,0,0,1,1,True,0x26666657
OAKBAT.cleanStatic,11,4791,381744,4,5,1,1,0,0,True,0x199999a8
OAKBAT.cleanStatic,11,4791,381744,4,6,0,0,1,1,True,0x26666657
OAKBAT.cleanStatic,11,4791,381744,4,7,1,1,0,0,True,0x199999a8
OAKBAT.cleanStatic,11,4791,381744,4,8,0,0,0,0,True,0x26664018
OAKBAT.cleanStatic,11,4791,381744,4,9,0,0,0,0,True,0x00000000
OAKBAT.cleanStatic,11,4791,381744,4,10,0,0,1,1,True,0x00fc009f
OAKBAT.cleanStatic,11,5091,381750,5,1,1,1,1,0,True,0x1d3cd9f2
OAKBAT.cleanStatic,11,5091,381750,5,2,1,0,1,1,True,0x1f112d27
OAKBAT.cleanStatic,11,5091,381750,5,3,1,1,1,0,True,0x231c7386
OAKBAT.cleanStatic,11,5091,381750,5,4,1,0,0,1,True,0x00000029
OAKBAT.cleanStatic,11,5091,381750,5,5,0,1,1,0,True,0x3fffffd6
OAKBAT.cleanStatic,11,5091,381750,5,6,1,0,0,1,True,0x00000029
OAKBAT.cleanStatic,11,5091,381750,5,7,0,1,1,0,True,0x3fffffd6
OAKBAT.cleanStatic,11,5091,381750,5,8,1,0,1,1,True,0x00fc0013
OAKBAT.cleanStatic,11,5091,381750,5,9,1,1,0,1,True,0x3ffc0ff9
OAKBAT.cleanStatic,11,5091,381750,5,10,0,1,1,1,True,0x155555cf
OAKBAT.cleanStatic,11,5391,381756,1,1,1,1,1,0,True,0x1d3cd9f2
OAKBAT.cleanStatic,11,5391,381756,1,2,1,0,1,1,True,0x1f114923
OAKBAT.cleanStatic,11,5391,381756,1,3,1,1,0,0,True,0x3cebfffc
OAKBAT.cleanStatic,11,5391,381756,1,4,0,0,1,0,True,0x0aaaaa96
OAKBAT.cleanStatic,11,5391,381756,1,5,1,0,0,1,True,0x2aaaaa95
OAKBAT.cleanStatic,11,5391,381756,1,6,0,1,1,0,True,0x1555556a
OAKBAT.cleanStatic,11,5391,381756,1,7,1,0,0,0,True,0x0000397c
OAKBAT.cleanStatic,11,5391,381756,1,8,0,0,1,0,True,0x0f97bb32
OAKBAT.cleanStatic,11,5391,381756,1,9,1,0,0,0,True,0x000017dc
OAKBAT.cleanStatic,11,5391,381756,1,10,0,0,1,1,True,0x3532647b
OAKBAT.cleanStatic,11,5691,381762,2,1,1,1,1,0,True,0x1d3cd9f2
OAKBAT.cleanStatic,11,5691,381762,2,2,1,0,1,1,True,0x1f116a4b
OAKBAT.cleanStatic,11,5691,381762,2,3,1,1,0,1,True,0x307e9a1d
OAKBAT.cleanStatic,11,5691,381762,2,4,0,1,0,0,True,0x3007f704
OAKBAT.cleanStatic,11,5691,381762,2,5,0,0,0,0,True,0x024346b0
OAKBAT.cleanStatic,11,5691,381762,2,6,0,0,1,1,True,0x01180233
OAKBAT.cleanStatic,11,5691,381762,2,7,1,1,0,1,True,0x3715b739
OAKBAT.cleanStatic,11,5691,381762,2,8,0,1,1,1,True,0x3e6017af
OAKBAT.cleanStatic,11,5691,381762,2,9,1,1,0,0,True,0x3c92cc80
OAKBAT.cleanStatic,11,5691,381762,2,10,0,0,1,1,True,0x17bb006f
OAKBAT.cleanStatic,11,5991,381768,3,1,1,1,1,0,True,0x1d3cd9f2
OAKBAT.cleanStatic,11,5991,381768,3,2,1,0,1,1,True,0x1f118b77
OAKBAT.cleanStatic,11,5991,381768,3,3,1,1,0,1,True,0x00071889
OAKBAT.cleanStatic,11,5991,381768,3,4,0,1,0,1,True,0x3b6cc069
OAKBAT.cleanStatic,11,5991,381768,3,5,0,1,1,0,True,0x0025f68e
OAKBAT.cleanStatic,11,5991,381768,3,6,1,0,1,0,True,0x0ac6567a
OAKBAT.cleanStatic,11,5991,381768,3,7,1,0,1,0,True,0x09289412
OAKBAT.cleanStatic,11,5991,381768,3,8,1,0,1,0,True,0x0cc6ace6
OAKBAT.cleanStatic,11,5991,381768,3,9,1,0,1,1,True,0x3fe70e53
OAKBAT.cleanStatic,11,5991,381768,3,10,1,1,1,1,True,0x307d2307
OAKBAT.cleanStatic,11,6291,381774,4,1,1,1,1,0,True,0x1d3cd9f2
OAKBAT.cleanStatic,11,6291,381774,4,2,1,0,1,1,True,0x1f11ac33
OAKBAT.cleanStatic,11,6291,381774,4,3,1,1,1,0,True,0x21955556
OAKBAT.cleanStatic,11,6291,381774,4,4,1,0,0,1,True,0x2aaaaa95
OAKBAT.cleanStatic,11,6291,381774,4,5,0,1,1,0,True,0x1555556a
OAKBAT.cleanStatic,11,6291,381774,4,6,1,0,0,1,True,0x2aaaaa95
OAKBAT.cleanStatic,11,6291,381774,4,7,0,1,1,0,True,0x1555556a
OAKBAT.cleanStatic,11,6291,381774,4,8,1,0,0,1,True,0x2aaaaa95
OAKBAT.cleanStatic,11,6291,381774,4,9,0,1,1,0,True,0x1555556a
OAKBAT.cleanStatic,11,6291,381774,4,10,1,0,1,1,True,0x2aaaaa63
OAKBAT.cleanStatic,11,6591,381780,5,1,1,1,1,0,True,0x1d3cd9f2
OAKBAT.cleanStatic,11,6591,381780,5,2,1,0,1,1,True,0x1f11cd43
OAKBAT.cleanStatic,11,6591,381780,5,3,1,1,1,1,True,0x2fac7a7b
OAKBAT.cleanStatic,11,6591,381780,5,4,1,1,0,0,True,0x1c7a0840
OAKBAT.cleanStatic,11,6591,381780,5,5,0,0,1,1,True,0x3f4e8007
OAKBAT.cleanStatic,11,6591,381780,5,6,1,1,1,0,True,0x17bcbbc2
OAKBAT.cleanStatic,11,6591,381780,5,7,1,0,1,0,True,0x2c0a5fca
OAKBAT.cleanStatic,11,6591,381780,5,8,1,0,1,1,True,0x07b6508f
OAKBAT.cleanStatic,11,6591,381780,5,9,1,1,1,1,True,0x13c52027
OAKBAT.cleanStatic,11,6591,381780,5,10,1,1,1,1,True,0x0ac0121b
OAKBAT.cleanStatic,11,6891,381786,1,1,1,1,1,0,True,0x1d3cd9f2
OAKBAT.cleanStatic,11,6891,381786,1,2,1,0,1,1,True,0x1f11e9bf
OAKBAT.cleanStatic,11,6891,381786,1,3,1,1,0,0,True,0x3cebfffc
OAKBAT.cleanStatic,11,6891,381786,1,4,0,0,1,0,True,0x0aaaaa96
OAKBAT.cleanStatic,11,6891,381786,1,5,1,0,0,1,True,0x2aaaaa95
OAKBAT.cleanStatic,11,6891,381786,1,6,0,1,1,0,True,0x1555556a
OAKBAT.cleanStatic,11,6891,381786,1,7,1,0,0,0,True,0x0000397c
OAKBAT.cleanStatic,11,6891,381786,1,8,0,0,1,0,True,0x0f97bb32
OAKBAT.cleanStatic,11,6891,381786,1,9,1,0,0,0,True,0x000017dc
OAKBAT.cleanStatic,11,6891,381786,1,10,0,0,1,1,True,0x3532647b
OAKBAT.cleanStatic,11,7191,381792,2,1,1,1,1,0,True,0x1d3cd9f2
OAKBAT.cleanStatic,11,7191,381792,2,2,1,0,1,1,True,0x1f120a33
OAKBAT.cleanStatic,11,7191,381792,2,3,1,1,0,1,True,0x307e9a1d
OAKBAT.cleanStatic,11,7191,381792,2,4,0,1,0,0,True,0x3007f704
OAKBAT.cleanStatic,11,7191,381792,2,5,0,0,0,0,True,0x024346b0
OAKBAT.cleanStatic,11,7191,381792,2,6,0,0,1,1,True,0x01180233
OAKBAT.cleanStatic,11,7191,381792,2,7,1,1,0,1,True,0x3715b739
OAKBAT.cleanStatic,11,7191,381792,2,8,0,1,1,1,True,0x3e6017af
OAKBAT.cleanStatic,11,7191,381792,2,9,1,1,0,0,True,0x3c92cc80
OAKBAT.cleanStatic,11,7191,381792,2,10,0,0,1,1,True,0x17bb006f
OAKBAT.cleanStatic,11,7491,381798,3,1,1,1,1,0,True,0x1d3cd9f2
OAKBAT.cleanStatic,11,7491,381798,3,2,1,0,1,1,True,0x1f122bbb
OAKBAT.cleanStatic,11,7491,381798,3,3,1,1,0,1,True,0x00071889
OAKBAT.cleanStatic,11,7491,381798,3,4,0,1,0,1,True,0x3b6cc069
OAKBAT.cleanStatic,11,7491,381798,3,5,0,1,1,0,True,0x0025f68e
OAKBAT.cleanStatic,11,7491,381798,3,6,1,0,1,0,True,0x0ac6567a
OAKBAT.cleanStatic,11,7491,381798,3,7,1,0,1,0,True,0x09289412
OAKBAT.cleanStatic,11,7491,381798,3,8,1,0,1,0,True,0x0cc6ace6
OAKBAT.cleanStatic,11,7491,381798,3,9,1,0,1,1,True,0x3fe70e53
OAKBAT.cleanStatic,11,7491,381798,3,10,1,1,1,1,True,0x307d2307
OAKBAT.cleanStatic,11,7791,381804,4,1,1,1,1,0,True,0x1d3cd9f2
OAKBAT.cleanStatic,11,7791,381804,4,2,1,0,1,1,True,0x1f124c07
OAKBAT.cleanStatic,11,7791,381804,4,3,1,1,0,0,True,0x29ad1bf0
OAKBAT.cleanStatic,11,7791,381804,4,4,0,0,0,0,True,0x2383df20
OAKBAT.cleanStatic,11,7791,381804,4,5,0,0,1,0,True,0x3f50c01e
OAKBAT.cleanStatic,11,7791,381804,4,6,1,0,1,1,True,0x284327d7
OAKBAT.cleanStatic,11,7791,381804,4,7,1,1,1,0,True,0x2956e792
OAKBAT.cleanStatic,11,7791,381804,4,8,1,0,0,1,True,0x0944c575
OAKBAT.cleanStatic,11,7791,381804,4,9,0,1,1,1,True,0x24cdef4f
OAKBAT.cleanStatic,11,7791,381804,4,10,1,1,1,1,True,0x007ff0bf
OAKBAT.cleanStatic,11,8091,381810,5,1,1,1,1,0,True,0x1d3cd9f2
OAKBAT.cleanStatic,11,8091,381810,5,2,1,0,1,1,True,0x1f126d8f
OAKBAT.cleanStatic,11,8091,381810,5,3,1,1,1,0,True,0x2f57740a
OAKBAT.cleanStatic,11,8091,381810,5,4,1,0,0,0,True,0x23828db8
OAKBAT.cleanStatic,11,8091,381810,5,5,0,0,1,1,True,0x3f51403f
OAKBAT.cleanStatic,11,8091,381810,5,6,1,1,1,0,True,0x17bcadca
OAKBAT.cleanStatic,11,8091,381810,5,7,1,0,1,0,True,0x2b472752
OAKBAT.cleanStatic,11,8091,381810,5,8,1,0,1,0,True,0x2f3caeae
OAKBAT.cleanStatic,11,8091,381810,5,9,1,0,0,0,True,0x2edb2b7c
OAKBAT.cleanStatic,11,8091,381810,5,10,0,0,1,1,True,0x323ff307
OAKBAT.cleanStatic,11,8391,381816,1,1,1,1,1,0,True,0x1d3cd9f2
OAKBAT.cleanStatic,11,8391,381816,1,2,1,0,1,1,True,0x1f1289c7
OAKBAT.cleanStatic,11,8391,381816,1,3,1,1,0,0,True,0x3cebfffc
OAKBAT.cleanStatic,11,8391,381816,1,4,0,0,1,0,True,0x0aaaaa96
OAKBAT.cleanStatic,11,8391,381816,1,5,1,0,0,1,True,0x2aaaaa95
OAKBAT.cleanStatic,11,8391,381816,1,6,0,1,1,0,True,0x1555556a
OAKBAT.cleanStatic,11,8391,381816,1,7,1,0,0,0,True,0x0000397c
OAKBAT.cleanStatic,11,8391,381816,1,8,0,0,1,0,True,0x0f97bb32
OAKBAT.cleanStatic,11,8391,381816,1,9,1,0,0,0,True,0x000017dc
OAKBAT.cleanStatic,11,8391,381816,1,10,0,0,1,1,True,0x3532647b
OAKBAT.cleanStatic,11,8691,381822,2,1,1,1,1,0,True,0x1d3cd9f2
OAKBAT.cleanStatic,11,8691,381822,2,2,1,0,1,1,True,0x1f12aaaf
OAKBAT.cleanStatic,11,8691,381822,2,3,1,1,0,1,True,0x307e9a1d
OAKBAT.cleanStatic,11,8691,381822,2,4,0,1,0,0,True,0x3007f704
OAKBAT.cleanStatic,11,8691,381822,2,5,0,0,0,0,True,0x024346b0
OAKBAT.cleanStatic,11,8691,381822,2,6,0,0,1,1,True,0x01180233
OAKBAT.cleanStatic,11,8691,381822,2,7,1,1,0,1,True,0x3715b739
OAKBAT.cleanStatic,11,8691,381822,2,8,0,1,1,1,True,0x3e6017af
OAKBAT.cleanStatic,11,8691,381822,2,9,1,1,0,0,True,0x3c92cc80
OAKBAT.cleanStatic,11,8691,381822,2,10,0,0,1,1,True,0x17bb006f
OAKBAT.cleanStatic,11,8991,381828,3,1,1,1,1,0,True,0x1d3cd9f2
OAKBAT.cleanStatic,11,8991,381828,3,2,1,0,1,1,True,0x1f12cbdf
OAKBAT.cleanStatic,11,8991,381828,3,3,1,1,0,1,True,0x00071889
OAKBAT.cleanStatic,11,8991,381828,3,4,0,1,0,1,True,0x3b6cc069
OAKBAT.cleanStatic,11,8991,381828,3,5,0,1,1,0,True,0x0025f68e
OAKBAT.cleanStatic,11,8991,381828,3,6,1,0,1,0,True,0x0ac6567a
OAKBAT.cleanStatic,11,8991,381828,3,7,1,0,1,0,True,0x09289412
OAKBAT.cleanStatic,11,8991,381828,3,8,1,0,1,0,True,0x0cc6ace6
OAKBAT.cleanStatic,11,8991,381828,3,9,1,0,1,1,True,0x3fe70e53
OAKBAT.cleanStatic,11,8991,381828,3,10,1,1,1,1,True,0x307d2307
OAKBAT.cleanStatic,11,9291,381834,4,1,1,1,1,0,True,0x1d3cd9f2
OAKBAT.cleanStatic,11,9291,381834,4,2,1,0,1,1,True,0x1f12ec9b
OAKBAT.cleanStatic,11,9291,381834,4,3,1,1,0,1,True,0x297652b9
OAKBAT.cleanStatic,11,9291,381834,4,4,0,1,1,1,True,0x1c7f35b3
OAKBAT.cleanStatic,11,9291,381834,4,5,1,1,1,0,True,0x00b2bfea
OAKBAT.cleanStatic,11,9291,381834,4,6,1,0,1,0,True,0x28432c76
OAKBAT.cleanStatic,11,9291,381834,4,7,1,0,1,1,True,0x16504d63
OAKBAT.cleanStatic,11,9291,381834,4,8,1,1,0,1,True,0x3ddcfa05
OAKBAT.cleanStatic,11,9291,381834,4,9,0,1,0,1,True,0x2b8e62a9
OAKBAT.cleanStatic,11,9291,381834,4,10,0,1,1,1,True,0x3a7fec9b
OAKBAT.cleanStatic,11,9591,381840,5,1,1,1,1,0,True,0x1d3cd9f2
OAKBAT.cleanStatic,11,9591,381840,5,2,1,0,1,1,True,0x1f130d6f
OAKBAT.cleanStatic,11,9591,381840,5,3,1,1,0,0,True,0x2f3a8d20
OAKBAT.cleanStatic,11,9591,381840,5,4,0,0,0,1,True,0x2383af69
OAKBAT.cleanStatic,11,9591,381840,5,5,0,1,0,0,True,0x00ae7ff8
OAKBAT.cleanStatic,11,9591,381840,5,6,0,0,0,0,True,0x284332b8
OAKBAT.cleanStatic,11,9591,381840,5,7,0,0,0,0,True,0x36a5f280
OAKBAT.cleanStatic,11,9591,381840,5,8,0,0,1,1,True,0x072b2563
OAKBAT.cleanStatic,11,9591,381840,5,9,1,1,1,1,True,0x1ed4612f
OAKBAT.cleanStatic,11,9591,381840,5,10,1,1,1,1,True,0x03c01763
OAKBAT.cleanStatic,11,9891,381846,1,1,1,1,1,0,True,0x1d3cd9f2
OAKBAT.cleanStatic,11,9891,381846,1,2,1,0,1,1,True,0x1f132993
OAKBAT.cleanStatic,11,9891,381846,1,3,1,1,0,0,True,0x3cebfffc
OAKBAT.cleanStatic,11,9891,381846,1,4,0,0,1,0,True,0x0aaaaa96
OAKBAT.cleanStatic,11,9891,381846,1,5,1,0,0,1,True,0x2aaaaa95
OAKBAT.cleanStatic,11,9891,381846,1,6,0,1,1,0,True,0x1555556a
OAKBAT.cleanStatic,11,9891,381846,1,7,1,0,0,0,True,0x0000397c
OAKBAT.cleanStatic,11,9891,381846,1,8,0,0,1,0,True,0x0f97bb32
OAKBAT.cleanStatic,11,9891,381846,1,9,1,0,0,0,True,0x000017dc
OAKBAT.cleanStatic,11,9891,381846,1,10,0,0,1,1,True,0x3532647b
OAKBAT.cleanStatic,11,10191,381852,2,1,1,1,1,0,True,0x1d3cd9f2
OAKBAT.cleanStatic,11,10191,381852,2,2,1,0,1,1,True,0x1f134a03
OAKBAT.cleanStatic,11,10191,381852,2,3,1,1,0,1,True,0x307e9a1d
OAKBAT.cleanStatic,11,10191,381852,2,4,0,1,0,0,True,0x3007f704
OAKBAT.cleanStatic,11,10191,381852,2,5,0,0,0,0,True,0x024346b0
OAKBAT.cleanStatic,11,10191,381852,2,6,0,0,1,1,True,0x01180233
OAKBAT.cleanStatic,11,10191,381852,2,7,1,1,0,1,True,0x3715b739
OAKBAT.cleanStatic,11,10191,381852,2,8,0,1,1,1,True,0x3e6017af
OAKBAT.cleanStatic,11,10191,381852,2,9,1,1,0,0,True,0x3c92cc80
OAKBAT.cleanStatic,11,10191,381852,2,10,0,0,1,1,True,0x17bb006f
OAKBAT.cleanStatic,11,10491,381858,3,1,1,1,1,0,True,0x1d3cd9f2
OAKBAT.cleanStatic,11,10491,381858,3,2,1,0,1,1,True,0x1f136b8b
OAKBAT.cleanStatic,11,10491,381858,3,3,1,1,0,1,True,0x00071889
OAKBAT.cleanStatic,11,10491,381858,3,4,0,1,0,1,True,0x3b6cc069
OAKBAT.cleanStatic,11,10491,381858,3,5,0,1,1,0,True,0x0025f68e
OAKBAT.cleanStatic,11,10491,381858,3,6,1,0,1,0,True,0x0ac6567a
OAKBAT.cleanStatic,11,10491,381858,3,7,1,0,1,0,True,0x09289412
OAKBAT.cleanStatic,11,10491,381858,3,8,1,0,1,0,True,0x0cc6ace6
OAKBAT.cleanStatic,11,10491,381858,3,9,1,0,1,1,True,0x3fe70e53
OAKBAT.cleanStatic,11,10491,381858,3,10,1,1,1,1,True,0x307d2307
OAKBAT.cleanStatic,11,10791,381864,4,1,1,1,1,0,True,0x1d3cd9f2
OAKBAT.cleanStatic,11,10791,381864,4,2,1,0,1,1,True,0x1f138c7b
OAKBAT.cleanStatic,11,10791,381864,4,3,1,1,0,1,True,0x292f76c1
OAKBAT.cleanStatic,11,10791,381864,4,4,0,1,0,0,True,0x1c7a1ae8
OAKBAT.cleanStatic,11,10791,381864,4,5,0,0,1,0,True,0x3f56000a
OAKBAT.cleanStatic,11,10791,381864,4,6,1,0,0,0,True,0x28435344
OAKBAT.cleanStatic,11,10791,381864,4,7,0,0,1,1,True,0x214aea77
OAKBAT.cleanStatic,11,10791,381864,4,8,1,1,0,1,True,0x3aaf21a9
OAKBAT.cleanStatic,11,10791,381864,4,9,0,1,0,0,True,0x3de84034
OAKBAT.cleanStatic,11,10791,381864,4,10,0,0,1,1,True,0x383fe98b
OAKBAT.cleanStatic,11,11091,381870,5,1,1,1,1,0,True,0x1d3cd9f2
OAKBAT.cleanStatic,11,11091,381870,5,2,1,0,1,1,True,0x1f13adf3
OAKBAT.cleanStatic,11,11091,381870,5,3,1,1,0,0,True,0x2efeb900
OAKBAT.cleanStatic,11,11091,381870,5,4,0,0,0,1,True,0x2382ef59
OAKBAT.cleanStatic,11,11091,381870,5,5,0,1,1,0,True,0x00acffda
OAKBAT.cleanStatic,11,11091,381870,5,6,1,0,1,1,True,0x28436ae7
OAKBAT.cleanStatic,11,11091,381870,5,7,1,1,0,0,True,0x3e5e2abc
OAKBAT.cleanStatic,11,11091,381870,5,8,0,0,1,1,True,0x24b83ff3
OAKBAT.cleanStatic,11,11091,381870,5,9,1,1,0,0,True,0x079d4884
OAKBAT.cleanStatic,11,11091,381870,5,10,0,0,1,1,True,0x3dfffc07
OAKBAT.cleanStatic,11,11391,381876,1,1,1,1,1,0,True,0x1d3cd9f2
OAKBAT.cleanStatic,11,11391,381876,1,2,1,0,1,1,True,0x1f13c9f7
OAKBAT.cleanStatic,11,11391,381876,1,3,1,1,0,0,True,0x3cebfffc
OAKBAT.cleanStatic,11,11391,381876,1,4,0,0,1,0,True,0x0aaaaa96
OAKBAT.cleanStatic,11,11391,381876,1,5,1,0,0,1,True,0x2aaaaa95
OAKBAT.cleanStatic,11,11391,381876,1,6,0,1,1,0,True,0x1555556a
OAKBAT.cleanStatic,11,11391,381876,1,7,1,0,0,0,True,0x0000397c
OAKBAT.cleanStatic,11,11391,381876,1,8,0,0,1,0,True,0x0f97bb32
OAKBAT.cleanStatic,11,11391,381876,1,9,1,0,0,0,True,0x000017dc
OAKBAT.cleanStatic,11,11391,381876,1,10,0,0,1,1,True,0x3532647b
OAKBAT.cleanStatic,11,11691,381882,2,1,1,1,1,0,True,0x1d3cd9f2
OAKBAT.cleanStatic,11,11691,381882,2,2,1,0,1,1,True,0x1f13ea9f
OAKBAT.cleanStatic,11,11691,381882,2,3,1,1,0,1,True,0x307e9a1d
OAKBAT.cleanStatic,11,11691,381882,2,4,0,1,0,0,True,0x3007f704
OAKBAT.cleanStatic,11,11691,381882,2,5,0,0,0,0,True,0x024346b0
OAKBAT.cleanStatic,11,11691,381882,2,6,0,0,1,1,True,0x01180233
OAKBAT.cleanStatic,11,11691,381882,2,7,1,1,0,1,True,0x3715b739
OAKBAT.cleanStatic,11,11691,381882,2,8,0,1,1,1,True,0x3e6017af
OAKBAT.cleanStatic,11,11691,381882,2,9,1,1,0,0,True,0x3c92cc80
OAKBAT.cleanStatic,11,11691,381882,2,10,0,0,1,1,True,0x17bb006f
OAKBAT.cleanStatic,11,11991,381888,3,1,1,1,1,0,True,0x1d3cd9f2
OAKBAT.cleanStatic,11,11991,381888,3,2,1,0,1,1,True,0x1f140bcb
OAKBAT.cleanStatic,11,11991,381888,3,3,1,1,0,1,True,0x00071889
OAKBAT.cleanStatic,11,11991,381888,3,4,0,1,0,1,True,0x3b6cc069
OAKBAT.cleanStatic,11,11991,381888,3,5,0,1,1,0,True,0x0025f68e
OAKBAT.cleanStatic,11,11991,381888,3,6,1,0,1,0,True,0x0ac6567a
OAKBAT.cleanStatic,11,11991,381888,3,7,1,0,1,0,True,0x09289412
OAKBAT.cleanStatic,11,11991,381888,3,8,1,0,1,0,True,0x0cc6ace6
OAKBAT.cleanStatic,11,11991,381888,3,9,1,0,1,1,True,0x3fe70e53
OAKBAT.cleanStatic,11,11991,381888,3,10,1,1,1,1,True,0x307d2307
OAKBAT.cleanStatic,11,12291,381894,4,1,1,1,1,0,True,0x1d3cd9f2
OAKBAT.cleanStatic,11,12291,381894,4,2,1,0,1,1,True,0x1f142c8f
OAKBAT.cleanStatic,11,12291,381894,4,3,1,1,1,0,True,0x28da07d2
OAKBAT.cleanStatic,11,12291,381894,4,4,1,0,0,0,True,0x2385d408
OAKBAT.cleanStatic,11,12291,381894,4,5,0,0,0,1,True,0x3f4f8039
OAKBAT.cleanStatic,11,12291,381894,4,6,0,1,0,0,True,0x17bca8c4
OAKBAT.cleanStatic,11,12291,381894,4,7,0,0,1,1,True,0x17959faf
OAKBAT.cleanStatic,11,12291,381894,4,8,1,1,1,0,True,0x0e612f0e
OAKBAT.cleanStatic,11,12291,381894,4,9,1,0,0,0,True,0x096c50ec
OAKBAT.cleanStatic,11,12291,381894,4,10,0,0,1,1,True,0x17ffff77
OAKBAT.cleanStatic,11,12591,381900,5,1,1,1,1,0,True,0x1d3cd9f2
OAKBAT.cleanStatic,11,12591,381900,5,2,1,0,1,1,True,0x1f144dff
OAKBAT.cleanStatic,11,12591,381900,5,3,1,1,0,0,True,0x2eb42fe0
OAKBAT.cleanStatic,11,12591,381900,5,4,0,0,0,0,True,0x23818ba8
OAKBAT.cleanStatic,11,12591,381900,5,5,0,0,1,0,True,0x3f4e4016
OAKBAT.cleanStatic,11,12591,381900,5,6,1,0,0,0,True,0x28434038
OAKBAT.cleanStatic,11,12591,381900,5,7,0,0,0,0,True,0x36553254
OAKBAT.cleanStatic,11,12591,381900,5,8,0,0,0,1,True,0x0807e4ed
OAKBAT.cleanStatic,11,12591,381900,5,9,0,1,1,0,True,0x3621faae
OAKBAT.cleanStatic,11,12591,381900,5,10,1,0,1,1,True,0x3f80067b
OAKBAT.cleanStatic,11,12891,381906,1,1,1,1,1,0,True,0x1d3cd9f2
OAKBAT.cleanStatic,11,12891,381906,1,2,1,0,1,1,True,0x1f146903
OAKBAT.cleanStatic,11,12891,381906,1,3,1,1,0,0,True,0x3cebfffc
OAKBAT.cleanStatic,11,12891,381906,1,4,0,0,1,0,True,0x0aaaaa96
OAKBAT.cleanStatic,11,12891,381906,1,5,1,0,0,1,True,0x2aaaaa95
OAKBAT.cleanStatic,11,12891,381906,1,6,0,1,1,0,True,0x1555556a
OAKBAT.cleanStatic,11,12891,381906,1,7,1,0,0,0,True,0x0000397c
OAKBAT.cleanStatic,11,12891,381906,1,8,0,0,1,0,True,0x0f97bb32
OAKBAT.cleanStatic,11,12891,381906,1,9,1,0,0,0,True,0x000017dc
OAKBAT.cleanStatic,11,12891,381906,1,10,0,0,1,1,True,0x3532647b
OAKBAT.cleanStatic,11,13191,381912,2,1,1,1,1,0,True,0x1d3cd9f2
OAKBAT.cleanStatic,11,13191,381912,2,2,1,0,1,1,True,0x1f148adf
OAKBAT.cleanStatic,11,13191,381912,2,3,1,1,0,1,True,0x307e9a1d
OAKBAT.cleanStatic,11,13191,381912,2,4,0,1,0,0,True,0x3007f704
OAKBAT.cleanStatic,11,13191,381912,2,5,0,0,0,0,True,0x024346b0
OAKBAT.cleanStatic,11,13191,381912,2,6,0,0,1,1,True,0x01180233
OAKBAT.cleanStatic,11,13191,381912,2,7,1,1,0,1,True,0x3715b739
OAKBAT.cleanStatic,11,13191,381912,2,8,0,1,1,1,True,0x3e6017af
OAKBAT.cleanStatic,11,13191,381912,2,9,1,1,0,0,True,0x3c92cc80
OAKBAT.cleanStatic,11,13191,381912,2,10,0,0,1,1,True,0x17bb006f
OAKBAT.cleanStatic,11,13491,381918,3,1,1,1,1,0,True,0x1d3cd9f2
OAKBAT.cleanStatic,11,13491,381918,3,2,1,0,1,1,True,0x1f14ab57
OAKBAT.cleanStatic,11,13491,381918,3,3,1,1,0,1,True,0x00071889
OAKBAT.cleanStatic,11,13491,381918,3,4,0,1,0,1,True,0x3b6cc069
OAKBAT.cleanStatic,11,13491,381918,3,5,0,1,1,0,True,0x0025f68e
OAKBAT.cleanStatic,11,13491,381918,3,6,1,0,1,0,True,0x0ac6567a
OAKBAT.cleanStatic,11,13491,381918,3,7,1,0,1,0,True,0x09289412
OAKBAT.cleanStatic,11,13491,381918,3,8,1,0,1,0,True,0x0cc6ace6
OAKBAT.cleanStatic,11,13491,381918,3,9,1,0,1,1,True,0x3fe70e53
OAKBAT.cleanStatic,11,13491,381918,3,10,1,1,1,1,True,0x307d2307
OAKBAT.cleanStatic,11,13791,381924,4,1,1,1,1,0,True,0x1d3cd9f2
OAKBAT.cleanStatic,11,13791,381924,4,2,1,0,1,1,True,0x1f14cceb
OAKBAT.cleanStatic,11,13791,381924,4,3,1,1,1,0,True,0x21955556
OAKBAT.cleanStatic,11,13791,381924,4,4,1,0,0,1,True,0x2aaaaa95
OAKBAT.cleanStatic,11,13791,381924,4,5,0,1,1,0,True,0x1555556a
OAKBAT.cleanStatic,11,13791,381924,4,6,1,0,0,1,True,0x2aaaaa95
OAKBAT.cleanStatic,11,13791,381924,4,7,0,1,1,0,True,0x1555556a
OAKBAT.cleanStatic,11,13791,381924,4,8,1,0,0,1,True,0x2aaaaa95
OAKBAT.cleanStatic,11,13791,381924,4,9,0,1,1,0,True,0x1555556a
OAKBAT.cleanStatic,11,13791,381924,4,10,1,0,1,1,True,0x2aaaaa63
OAKBAT.cleanStatic,11,14091,381930,5,1,1,1,1,0,True,0x1d3cd9f2
OAKBAT.cleanStatic,11,14091,381930,5,2,1,0,1,1,True,0x1f14ed63
OAKBAT.cleanStatic,11,14091,381930,5,3,1,1,0,0,True,0x2e7c0a94
OAKBAT.cleanStatic,11,14091,381930,5,4,0,0,1,1,True,0x2385e623
OAKBAT.cleanStatic,11,14091,381930,5,5,1,1,0,1,True,0x00b0ffd9
OAKBAT.cleanStatic,11,14091,381930,5,6,0,1,0,1,True,0x17bc7481
OAKBAT.cleanStatic,11,14091,381930,5,7,0,1,1,1,True,0x140b2187
OAKBAT.cleanStatic,11,14091,381930,5,8,1,1,0,1,True,0x0b1f5475
OAKBAT.cleanStatic,11,14091,381930,5,9,0,1,0,1,True,0x12040511
OAKBAT.cleanStatic,11,14091,381930,5,10,0,1,1,1,True,0x07800dc3
OAKBAT.cleanStatic,11,14391,381936,1,1,1,1,1,0,True,0x1d3cd9f2
OAKBAT.cleanStatic,11,14391,381936,1,2,1,0,1,1,True,0x1f1509e3
OAKBAT.cleanStatic,11,14391,381936,1,3,1,1,0,0,True,0x3cebfffc
OAKBAT.cleanStatic,11,14391,381936,1,4,0,0,1,0,True,0x0aaaaa96
OAKBAT.cleanStatic,11,14391,381936,1,5,1,0,0,1,True,0x2aaaaa95
OAKBAT.cleanStatic,11,14391,381936,1,6,0,1,1,0,True,0x1555556a
OAKBAT.cleanStatic,11,14391,381936,1,7,1,0,0,0,True,0x0000397c
OAKBAT.cleanStatic,11,14391,381936,1,8,0,0,1,0,True,0x0f97bb32
OAKBAT.cleanStatic,11,14391,381936,1,9,1,0,0,0,True,0x000017dc
OAKBAT.cleanStatic,11,14391,381936,1,10,0,0,1,1,True,0x3532647b
OAKBAT.cleanStatic,11,14691,381942,2,1,1,1,1,0,True,0x1d3cd9f2
OAKBAT.cleanStatic,11,14691,381942,2,2,1,0,1,1,True,0x1f152a8b
OAKBAT.cleanStatic,11,14691,381942,2,3,1,1,0,1,True,0x307e9a1d
OAKBAT.cleanStatic,11,14691,381942,2,4,0,1,0,0,True,0x3007f704
OAKBAT.cleanStatic,11,14691,381942,2,5,0,0,0,0,True,0x024346b0
OAKBAT.cleanStatic,11,14691,381942,2,6,0,0,1,1,True,0x01180233
OAKBAT.cleanStatic,11,14691,381942,2,7,1,1,0,1,True,0x3715b739
OAKBAT.cleanStatic,11,14691,381942,2,8,0,1,1,1,True,0x3e6017af
OAKBAT.cleanStatic,11,14691,381942,2,9,1,1,0,0,True,0x3c92cc80
OAKBAT.cleanStatic,11,14691,381942,2,10,0,0,1,1,True,0x17bb006f
OAKBAT.cleanStatic,11,14991,381948,3,1,1,1,1,0,True,0x1d3cd9f2
OAKBAT.cleanStatic,11,14991,381948,3,2,1,0,1,1,True,0x1f154bfb
OAKBAT.cleanStatic,11,14991,381948,3,3,1,1,0,1,True,0x00071889
OAKBAT.cleanStatic,11,14991,381948,3,4,0,1,0,1,True,0x3b6cc069
OAKBAT.cleanStatic,11,14991,381948,3,5,0,1,1,0,True,0x0025f68e
OAKBAT.cleanStatic,11,14991,381948,3,6,1,0,1,0,True,0x0ac6567a
OAKBAT.cleanStatic,11,14991,381948,3,7,1,0,1,0,True,0x09289412
OAKBAT.cleanStatic,11,14991,381948,3,8,1,0,1,0,True,0x0cc6ace6
OAKBAT.cleanStatic,11,14991,381948,3,9,1,0,1,1,True,0x3fe70e53
OAKBAT.cleanStatic,11,14991,381948,3,10,1,1,1,1,True,0x307d2307
OAKBAT.cleanStatic,11,15291,381954,4,1,1,1,1,0,True,0x1d3cd9f2
OAKBAT.cleanStatic,11,15291,381954,4,2,1,0,1,1,True,0x1f156cbf
OAKBAT.cleanStatic,11,15291,381954,4,3,1,1,1,1,True,0x28bd803b
OAKBAT.cleanStatic,11,15291,381954,4,4,1,1,1,0,True,0x1c78e582
OAKBAT.cleanStatic,11,15291,381954,4,5,1,0,0,0,True,0x3f544010
OAKBAT.cleanStatic,11,15291,381954,4,6,0,0,0,1,True,0x28433aa1
OAKBAT.cleanStatic,11,15291,381954,4,7,0,1,0,1,True,0x1dffbd3d
OAKBAT.cleanStatic,11,15291,381954,4,8,0,1,0,0,True,0x2cfb1120
OAKBAT.cleanStatic,11,15291,381954,4,9,0,0,0,1,True,0x05f9cd9d
OAKBAT.cleanStatic,11,15291,381954,4,10,0,1,1,1,True,0x01c016cb
OAKBAT.cleanStatic,11,15591,381960,5,1,1,1,1,0,True,0x1d3cd9f2
OAKBAT.cleanStatic,11,15591,381960,5,2,1,0,1,1,True,0x1f158d83
OAKBAT.cleanStatic,11,15591,381960,5,3,1,1,0,0,True,0x2e247130
OAKBAT.cleanStatic,11,15591,381960,5,4,0,0,1,0,True,0x2381c48e
OAKBAT.cleanStatic,11,15591,381960,5,5,1,0,0,0,True,0x3f474030
OAKBAT.cleanStatic,11,15591,381960,5,6,0,0,0,0,True,0x28435b74
OAKBAT.cleanStatic,11,15591,381960,5,7,0,0,0,1,True,0x0c17833d
OAKBAT.cleanStatic,11,15591,381960,5,8,0,1,1,1,True,0x1890de23
OAKBAT.cleanStatic,11,15591,381960,5,9,1,1,1,1,True,0x1b631e33
OAKBAT.cleanStatic,11,15591,381960,5,10,1,1,1,1,True,0x07c00a73
OAKBAT.cleanStatic,11,15891,381966,1,1,1,1,1,0,True,0x1d3cd9f2
OAKBAT.cleanStatic,11,15891,381966,1,2,1,0,1,1,True,0x1f15a97f
OAKBAT.cleanStatic,11,15891,381966,1,3,1,1,0,0,True,0x3cebfffc
OAKBAT.cleanStatic,11,15891,381966,1,4,0,0,1,0,True,0x0aaaaa96
OAKBAT.cleanStatic,11,15891,381966,1,5,1,0,0,1,True,0x2aaaaa95
OAKBAT.cleanStatic,11,15891,381966,1,6,0,1,1,0,True,0x1555556a
OAKBAT.cleanStatic,11,15891,381966,1,7,1,0,0,0,True,0x0000397c
OAKBAT.cleanStatic,11,15891,381966,1,8,0,0,1,0,True,0x0f97bb32
OAKBAT.cleanStatic,11,15891,381966,1,9,1,0,0,0,True,0x000017dc
OAKBAT.cleanStatic,11,15891,381966,1,10,0,0,1,1,True,0x3532647b
OAKBAT.cleanStatic,11,16191,381972,2,1,1,1,1,0,True,0x1d3cd9f2
OAKBAT.cleanStatic,11,16191,381972,2,2,1,0,1,1,True,0x1f15caef
OAKBAT.cleanStatic,11,16191,381972,2,3,1,1,0,1,True,0x307e9a1d
OAKBAT.cleanStatic,11,16191,381972,2,4,0,1,0,0,True,0x3007f704
OAKBAT.cleanStatic,11,16191,381972,2,5,0,0,0,0,True,0x024346b0
OAKBAT.cleanStatic,11,16191,381972,2,6,0,0,1,1,True,0x01180233
OAKBAT.cleanStatic,11,16191,381972,2,7,1,1,0,1,True,0x3715b739
OAKBAT.cleanStatic,11,16191,381972,2,8,0,1,1,1,True,0x3e6017af
OAKBAT.cleanStatic,11,16191,381972,2,9,1,1,0,0,True,0x3c92cc80
OAKBAT.cleanStatic,11,16191,381972,2,10,0,0,1,1,True,0x17bb006f
OAKBAT.cleanStatic,11,16491,381978,3,1,1,1,1,0,True,0x1d3cd9f2
OAKBAT.cleanStatic,11,16491,381978,3,2,1,0,1,1,True,0x1f15eb67
OAKBAT.cleanStatic,11,16491,381978,3,3,1,1,0,1,True,0x00071889
OAKBAT.cleanStatic,11,16491,381978,3,4,0,1,0,1,True,0x3b6cc069
OAKBAT.cleanStatic,11,16491,381978,3,5,0,1,1,0,True,0x0025f68e
OAKBAT.cleanStatic,11,16491,381978,3,6,1,0,1,0,True,0x0ac6567a
OAKBAT.cleanStatic,11,16491,381978,3,7,1,0,1,0,True,0x09289412
OAKBAT.cleanStatic,11,16491,381978,3,8,1,0,1,0,True,0x0cc6ace6
OAKBAT.cleanStatic,11,16491,381978,3,9,1,0,1,1,True,0x3fe70e53
OAKBAT.cleanStatic,11,16491,381978,3,10,1,1,1,1,True,0x307d2307
OAKBAT.cleanStatic,11,16791,381984,4,1,1,1,1,0,True,0x1d3cd9f2
OAKBAT.cleanStatic,11,16791,381984,4,2,1,0,1,1,True,0x1f160cc7
OAKBAT.cleanStatic,11,16791,381984,4,3,1,1,1,0,True,0x28771472
OAKBAT.cleanStatic,11,16791,381984,4,4,1,0,1,0,True,0x23bf60a2
OAKBAT.cleanStatic,11,16791,381984,4,5,1,0,0,1,True,0x3f44003d
OAKBAT.cleanStatic,11,16791,381984,4,6,0,1,0,0,True,0x17bca99c
OAKBAT.cleanStatic,11,16791,381984,4,7,0,0,0,0,True,0x0c554940
OAKBAT.cleanStatic,11,16791,381984,4,8,0,0,1,1,True,0x2239b36b
OAKBAT.cleanStatic,11,16791,381984,4,9,1,1,0,1,True,0x1b74646d
OAKBAT.cleanStatic,11,16791,381984,4,10,0,1,1,1,True,0x05c00bdb
OAKBAT.cleanStatic,11,17091,381990,5,1,1,1,1,0,True,0x1d3cd9f2
OAKBAT.cleanStatic,11,17091,381990,5,2,1,0,1,1,True,0x1f162d4f
OAKBAT.cleanStatic,11,17091,381990,5,3,1,1,0,1,True,0x2df52561
OAKBAT.cleanStatic,11,17091,381990,5,4,0,1,1,0,True,0x1c7b7946
OAKBAT.cleanStatic,11,17091,381990,5,5,1,0,0,0,True,0x3f528004
OAKBAT.cleanStatic,11,17091,381990,5,6,0,0,0,1,True,0x28434a4d
OAKBAT.cleanStatic,11,17091,381990,5,7,0,1,1,0,True,0x1ed8f3c2
OAKBAT.cleanStatic,11,17091,381990,5,8,1,0,0,0,True,0x3e9edec4
OAKBAT.cleanStatic,11,17091,381990,5,9,0,0,1,0,True,0x03dc991a
OAKBAT.cleanStatic,11,17091,381990,5,10,1,0,1,1,True,0x3f0003e3
OAKBAT.cleanStatic,11,17391,381996,1,1,1,1,1,0,True,0x1d3cd9f2
OAKBAT.cleanStatic,11,17391,381996,1,2,1,0,1,1,True,0x1f16494b
OAKBAT.cleanStatic,11,17391,381996,1,3,1,1,0,0,True,0x3cebfffc
OAKBAT.cleanStatic,11,17391,381996,1,4,0,0,1,0,True,0x0aaaaa96
OAKBAT.cleanStatic,11,17391,381996,1,5,1,0,0,1,True,0x2aaaaa95
OAKBAT.cleanStatic,11,17391,381996,1,6,0,1,1,0,True,0x1555556a
OAKBAT.cleanStatic,11,17391,381996,1,7,1,0,0,0,True,0x0000397c
OAKBAT.cleanStatic,11,17391,381996,1,8,0,0,1,0,True,0x0f97bb32
OAKBAT.cleanStatic,11,17391,381996,1,9,1,0,0,0,True,0x000017dc
OAKBAT.cleanStatic,11,17391,381996,1,10,0,0,1,1,True,0x3532647b
OAKBAT.cleanStatic,11,17691,382002,2,1,1,1,1,0,True,0x1d3cd9f2
OAKBAT.cleanStatic,11,17691,382002,2,2,1,0,1,1,True,0x1f166a23
OAKBAT.cleanStatic,11,17691,382002,2,3,1,1,0,1,True,0x307e9a1d
OAKBAT.cleanStatic,11,17691,382002,2,4,0,1,0,0,True,0x3007f704
OAKBAT.cleanStatic,11,17691,382002,2,5,0,0,0,0,True,0x024346b0
OAKBAT.cleanStatic,11,17691,382002,2,6,0,0,1,1,True,0x01180233
OAKBAT.cleanStatic,11,17691,382002,2,7,1,1,0,1,True,0x3715b739
OAKBAT.cleanStatic,11,17691,382002,2,8,0,1,1,1,True,0x3e6017af
OAKBAT.cleanStatic,11,17691,382002,2,9,1,1,0,0,True,0x3c92cc80
OAKBAT.cleanStatic,11,17691,382002,2,10,0,0,1,1,True,0x17bb006f
OAKBAT.cleanStatic,11,17991,382008,3,1,1,1,1,0,True,0x1d3cd9f2
OAKBAT.cleanStatic,11,17991,382008,3,2,1,0,1,1,True,0x1f168b1f
OAKBAT.cleanStatic,11,17991,382008,3,3,1,1,0,1,True,0x00071889
OAKBAT.cleanStatic,11,17991,382008,3,4,0,1,0,1,True,0x3b6cc069
OAKBAT.cleanStatic,11,17991,382008,3,5,0,1,1,0,True,0x0025f68e
OAKBAT.cleanStatic,11,17991,382008,3,6,1,0,1,0,True,0x0ac6567a
OAKBAT.cleanStatic,11,17991,382008,3,7,1,0,1,0,True,0x09289412
OAKBAT.cleanStatic,11,17991,382008,3,8,1,0,1,0,True,0x0cc6ace6
OAKBAT.cleanStatic,11,17991,382008,3,9,1,0,1,1,True,0x3fe70e53
OAKBAT.cleanStatic,11,17991,382008,3,10,1,1,1,1,True,0x307d2307
OAKBAT.cleanStatic,11,18291,382014,4,1,1,1,1,0,True,0x1d3cd9f2
OAKBAT.cleanStatic,11,18291,382014,4,2,1,0,1,1,True,0x1f16ac5b
OAKBAT.cleanStatic,11,18291,382014,4,3,1,1,1,1,True,0x282c44f7
OAKBAT.cleanStatic,11,18291,382014,4,4,1,1,1,1,True,0x1c7d8333
OAKBAT.cleanStatic,11,18291,382014,4,5,1,1,0,1,True,0x00b4b031
OAKBAT.cleanStatic,11,18291,382014,4,6,0,1,1,1,True,0x17bc6c0f
OAKBAT.cleanStatic,11,18291,382014,4,7,1,1,0,1,True,0x33c08515
OAKBAT.cleanStatic,11,18291,382014,4,8,0,1,0,1,True,0x3eb0fd55
OAKBAT.cleanStatic,11,18291,382014,4,9,0,1,0,0,True,0x1fc5a754
OAKBAT.cleanStatic,11,18291,382014,4,10,0,0,1,1,True,0x3f3ff813
OAKBAT.cleanStatic,11,18591,382020,5,1,1,1,1,0,True,0x1d3cd9f2
OAKBAT.cleanStatic,11,18591,382020,5,2,1,0,1,1,True,0x1f16cd2b
OAKBAT.cleanStatic,11,18591,382020,5,3,1,1,1,1,True,0x2dbc98f3
OAKBAT.cleanStatic,11,18591,382020,5,4,1,1,1,0,True,0x1c7e40ca
OAKBAT.cleanStatic,11,18591,382020,5,5,1,0,0,0,True,0x3f510018
OAKBAT.cleanStatic,11,18591,382020,5,6,0,0,1,0,True,0x28438aaa
OAKBAT.cleanStatic,11,18591,382020,5,7,1,0,0,1,True,0x0126533d
OAKBAT.cleanStatic,11,18591,382020,5,8,0,1,1,1,True,0x2dac14d3
OAKBAT.cleanStatic,11,18591,382020,5,9,1,1,0,1,True,0x3a250c51
OAKBAT.cleanStatic,11,18591,382020,5,10,0,1,1,1,True,0x05c00c4f
OAKBAT.cleanStatic,11,18891,382026,1,1,1,1,1,0,True,0x1d3cd9f2
OAKBAT.cleanStatic,11,18891,382026,1,2,1,0,1,1,True,0x1f16e9d7
OAKBAT.cleanStatic,11,18891,382026,1,3,1,1,0,0,True,0x3cebfffc
OAKBAT.cleanStatic,11,18891,382026,1,4,0,0,1,0,True,0x0aaaaa96
OAKBAT.cleanStatic,11,18891,382026,1,5,1,0,0,1,True,0x2aaaaa95
OAKBAT.cleanStatic,11,18891,382026,1,6,0,1,1,0,True,0x1555556a
OAKBAT.cleanStatic,11,18891,382026,1,7,1,0,0,0,True,0x0000397c
OAKBAT.cleanStatic,11,18891,382026,1,8,0,0,1,0,True,0x0f97bb32
OAKBAT.cleanStatic,11,18891,382026,1,9,1,0,0,0,True,0x000017dc
OAKBAT.cleanStatic,11,18891,382026,1,10,0,0,1,1,True,0x3532647b
OAKBAT.cleanStatic,11,19191,382032,2,1,1,1,1,0,True,0x1d3cd9f2
OAKBAT.cleanStatic,11,19191,382032,2,2,1,0,1,1,True,0x1f170ac3
OAKBAT.cleanStatic,11,19191,382032,2,3,1,1,0,1,True,0x307e9a1d
OAKBAT.cleanStatic,11,19191,382032,2,4,0,1,0,0,True,0x3007f704
OAKBAT.cleanStatic,11,19191,382032,2,5,0,0,0,0,True,0x024346b0
OAKBAT.cleanStatic,11,19191,382032,2,6,0,0,1,1,True,0x01180233
OAKBAT.cleanStatic,11,19191,382032,2,7,1,1,0,1,True,0x3715b739
OAKBAT.cleanStatic,11,19191,382032,2,8,0,1,1,1,True,0x3e6017af
OAKBAT.cleanStatic,11,19191,382032,2,9,1,1,0,0,True,0x3c92cc80
OAKBAT.cleanStatic,11,19191,382032,2,10,0,0,1,1,True,0x17bb006f
OAKBAT.cleanStatic,11,19491,382038,3,1,1,1,1,0,True,0x1d3cd9f2
OAKBAT.cleanStatic,11,19491,382038,3,2,1,0,1,1,True,0x1f172b4b
OAKBAT.cleanStatic,11,19491,382038,3,3,1,1,0,1,True,0x00071889
OAKBAT.cleanStatic,11,19491,382038,3,4,0,1,0,1,True,0x3b6cc069
OAKBAT.cleanStatic,11,19491,382038,3,5,0,1,1,0,True,0x0025f68e
OAKBAT.cleanStatic,11,19491,382038,3,6,1,0,1,0,True,0x0ac6567a
OAKBAT.cleanStatic,11,19491,382038,3,7,1,0,1,0,True,0x09289412
OAKBAT.cleanStatic,11,19491,382038,3,8,1,0,1,0,True,0x0cc6ace6
OAKBAT.cleanStatic,11,19491,382038,3,9,1,0,1,1,True,0x3fe70e53
OAKBAT.cleanStatic,11,19491,382038,3,10,1,1,1,1,True,0x307d2307
OAKBAT.cleanStatic,11,19791,382044,4,1,1,1,1,0,True,0x1d3cd9f2
OAKBAT.cleanStatic,11,19791,382044,4,2,1,0,1,1,True,0x1f174cf7
OAKBAT.cleanStatic,11,19791,382044,4,3,1,1,0,0,True,0x27f85e5c
OAKBAT.cleanStatic,11,19791,382044,4,4,0,0,1,1,True,0x23826c5b
OAKBAT.cleanStatic,11,19791,382044,4,5,1,1,0,1,True,0x00adffcd
OAKBAT.cleanStatic,11,19791,382044,4,6,0,1,1,1,True,0x17bc9df7
OAKBAT.cleanStatic,11,19791,382044,4,7,1,1,1,0,True,0x3ec4993a
OAKBAT.cleanStatic,11,19791,382044,4,8,1,0,0,1,True,0x269070e5
OAKBAT.cleanStatic,11,19791,382044,4,9,0,1,1,1,True,0x365ca717
OAKBAT.cleanStatic,11,19791,382044,4,10,1,1,1,1,True,0x383feb57
OAKBAT.cleanStatic,11,20091,382050,5,1,1,1,1,0,True,0x1d3cd9f2
OAKBAT.cleanStatic,11,20091,382050,5,2,1,0,1,1,True,0x1f176d7f
OAKBAT.cleanStatic,11,20091,382050,5,3,1,1,1,1,True,0x2d74be3f
OAKBAT.cleanStatic,11,20091,382050,5,4,1,1,0,1,True,0x1c7c5225
OAKBAT.cleanStatic,11,20091,382050,5,5,0,1,0,1,True,0x00aebfe9
OAKBAT.cleanStatic,11,20091,382050,5,6,0,1,0,0,True,0x17bca8c4
OAKBAT.cleanStatic,11,20091,382050,5,7,0,0,1,0,True,0x369dec72
OAKBAT.cleanStatic,11,20091,382050,5,8,1,0,1,0,True,0x250b2c5a
OAKBAT.cleanStatic,11,20091,382050,5,9,1,0,1,1,True,0x16cbf667
OAKBAT.cleanStatic,11,20091,382050,5,10,1,1,1,1,True,0x09001733
OAKBAT.cleanStatic,11,20391,382056,1,1,1,1,1,0,True,0x1d3cd9f2
OAKBAT.cleanStatic,11,20391,382056,1,2,1,0,1,1,True,0x1f178937
OAKBAT.cleanStatic,11,20391,382056,1,3,1,1,0,0,True,0x3cebfffc
OAKBAT.cleanStatic,11,20391,382056,1,4,0,0,1,0,True,0x0aaaaa96
OAKBAT.cleanStatic,11,20391,382056,1,5,1,0,0,1,True,0x2aaaaa95
OAKBAT.cleanStatic,11,20391,382056,1,6,0,1,1,0,True,0x1555556a
OAKBAT.cleanStatic,11,20391,382056,1,7,1,0,0,0,True,0x0000397c
OAKBAT.cleanStatic,11,20391,382056,1,8,0,0,1,0,True,0x0f97bb32
OAKBAT.cleanStatic,11,20391,382056,1,9,1,0,0,0,True,0x000017dc
OAKBAT.cleanStatic,11,20391,382056,1,10,0,0,1,1,True,0x3532647b
OAKBAT.cleanStatic,11,20691,382062,2,1,1,1,1,0,True,0x1d3cd9f2
OAKBAT.cleanStatic,11,20691,382062,2,2,1,0,1,1,True,0x1f17aa5f
OAKBAT.cleanStatic,11,20691,382062,2,3,1,1,0,1,True,0x307e9a1d
OAKBAT.cleanStatic,11,20691,382062,2,4,0,1,0,0,True,0x3007f704
OAKBAT.cleanStatic,11,20691,382062,2,5,0,0,0,0,True,0x024346b0
OAKBAT.cleanStatic,11,20691,382062,2,6,0,0,1,1,True,0x01180233
OAKBAT.cleanStatic,11,20691,382062,2,7,1,1,0,1,True,0x3715b739
OAKBAT.cleanStatic,11,20691,382062,2,8,0,1,1,1,True,0x3e6017af
OAKBAT.cleanStatic,11,20691,382062,2,9,1,1,0,0,True,0x3c92cc80
OAKBAT.cleanStatic,11,20691,382062,2,10,0,0,1,1,True,0x17bb006f
OAKBAT.cleanStatic,11,20991,382068,3,1,1,1,1,0,True,0x1d3cd9f2
OAKBAT.cleanStatic,11,20991,382068,3,2,1,0,1,1,True,0x1f17cb2f
OAKBAT.cleanStatic,11,20991,382068,3,3,1,1,0,1,True,0x00071889
OAKBAT.cleanStatic,11,20991,382068,3,4,0,1,0,1,True,0x3b6cc069
OAKBAT.cleanStatic,11,20991,382068,3,5,0,1,1,0,True,0x0025f68e
OAKBAT.cleanStatic,11,20991,382068,3,6,1,0,1,0,True,0x0ac6567a
OAKBAT.cleanStatic,11,20991,382068,3,7,1,0,1,0,True,0x09289412
OAKBAT.cleanStatic,11,20991,382068,3,8,1,0,1,0,True,0x0cc6ace6
OAKBAT.cleanStatic,11,20991,382068,3,9,1,0,1,1,True,0x3fe70e53
OAKBAT.cleanStatic,11,20991,382068,3,10,1,1,1,1,True,0x307d2307
OAKBAT.cleanStatic,11,21291,382074,4,1,1,1,1,0,True,0x1d3cd9f2
OAKBAT.cleanStatic,11,21291,382074,4,2,1,0,1,1,True,0x1f17ec6b
OAKBAT.cleanStatic,11,21291,382074,4,3,1,1,1,0,True,0x21955556
OAKBAT.cleanStatic,11,21291,382074,4,4,1,0,0,1,True,0x2aaaaa95
OAKBAT.cleanStatic,11,21291,382074,4,5,0,1,1,0,True,0x1555556a
OAKBAT.cleanStatic,11,21291,382074,4,6,1,0,0,1,True,0x2aaaaa95
OAKBAT.cleanStatic,11,21291,382074,4,7,0,1,1,0,True,0x1555556a
OAKBAT.cleanStatic,11,21291,382074,4,8,1,0,0,1,True,0x2aaaaa95
OAKBAT.cleanStatic,11,21291,382074,4,9,0,1,1,0,True,0x1555556a
OAKBAT.cleanStatic,11,21291,382074,4,10,1,0,1,1,True,0x2aaaaa63
OAKBAT.cleanStatic,21,35,381648,3,1,0,0,0,1,True,0x22c3260d
OAKBAT.cleanStatic,21,35,381648,3,2,0,1,0,0,True,0x20f0f480
OAKBAT.cleanStatic,21,35,381648,3,3,0,0,1,0,True,0x3fc82b76
OAKBAT.cleanStatic,21,35,381648,3,4,1,0,1,1,True,0x11f1ffaf
OAKBAT.cleanStatic,21,35,381648,3,5,1,1,0,1,True,0x3ff1366d
OAKBAT.cleanStatic,21,35,381648,3,6,0,1,1,1,True,0x0d708547
OAKBAT.cleanStatic,21,35,381648,3,7,1,1,1,1,True,0x35f9cdbf
OAKBAT.cleanStatic,21,35,381648,3,8,1,1,1,0,True,0x3f04bf06
OAKBAT.cleanStatic,21,35,381648,3,9,1,0,1,1,True,0x3fe79487
OAKBAT.cleanStatic,21,35,381648,3,10,1,1,0,0,True,0x30bd03c0
OAKBAT.cleanStatic,21,335,381654,4,1,0,0,0,1,True,0x22c3260d
OAKBAT.cleanStatic,21,335,381654,4,2,0,1,0,0,True,0x20f0d3c4
OAKBAT.cleanStatic,21,335,381654,4,3,0,0,1,1,True,0x1f2aaa93
OAKBAT.cleanStatic,21,335,381654,4,4,1,1,1,1,True,0x15555543
OAKBAT.cleanStatic,21,335,381654,4,5,1,1,1,1,True,0x15555543
OAKBAT.cleanStatic,21,335,381654,4,6,1,1,1,1,True,0x15555543
OAKBAT.cleanStatic,21,335,381654,4,7,1,1,1,1,True,0x15555543
OAKBAT.cleanStatic,21,335,381654,4,8,1,1,1,1,True,0x15555543
OAKBAT.cleanStatic,21,335,381654,4,9,1,1,1,1,True,0x15555543
OAKBAT.cleanStatic,21,335,381654,4,10,1,1,0,0,True,0x15555510
OAKBAT.cleanStatic,21,635,381660,5,1,0,0,0,1,True,0x22c3260d
OAKBAT.cleanStatic,21,635,381660,5,2,0,1,0,0,True,0x20f0b2b4
OAKBAT.cleanStatic,21,635,381660,5,3,0,0,1,1,True,0x158eb653
OAKBAT.cleanStatic,21,635,381660,5,4,1,1,1,0,True,0x1c420ae6
OAKBAT.cleanStatic,21,635,381660,5,5,1,0,0,0,True,0x3f4c000c
OAKBAT.cleanStatic,21,635,381660,5,6,0,0,0,1,True,0x28431b29
OAKBAT.cleanStatic,21,635,381660,5,7,0,1,0,0,True,0x0a3506bc
OAKBAT.cleanStatic,21,635,381660,5,8,0,0,0,1,True,0x33b63cb9
OAKBAT.cleanStatic,21,635,381660,5,9,0,1,0,1,True,0x0724db09
OAKBAT.cleanStatic,21,635,381660,5,10,0,1,0,0,True,0x19bfff34
OAKBAT.cleanStatic,21,935,381666,1,1,0,0,0,1,True,0x22c3260d
OAKBAT.cleanStatic,21,935,381666,1,2,0,1,0,0,True,0x20f09648
OAKBAT.cleanStatic,21,935,381666,1,3,0,0,1,1,True,0x03140003
OAKBAT.cleanStatic,21,935,381666,1,4,1,1,0,1,True,0x35555569
OAKBAT.cleanStatic,21,935,381666,1,5,0,1,1,0,True,0x1555556a
OAKBAT.cleanStatic,21,935,381666,1,6,1,0,0,1,True,0x2aaaaa95
OAKBAT.cleanStatic,21,935,381666,1,7,0,1,0,0,True,0x3fffc568
OAKBAT.cleanStatic,21,935,381666,1,8,0,0,0,1,True,0x0f57bb25
OAKBAT.cleanStatic,21,935,381666,1,9,0,1,0,1,True,0x3ffff481
OAKBAT.cleanStatic,21,935,381666,1,10,0,1,0,0,True,0x00d7eef8
OAKBAT.cleanStatic,21,1235,381672,2,1,0,0,0,1,True,0x22c3260d
OAKBAT.cleanStatic,21,1235,381672,2,2,0,1,0,0,True,0x20f07594
OAKBAT.cleanStatic,21,1235,381672,2,3,0,0,0,0,True,0x0f7f3f20
OAKBAT.cleanStatic,21,1235,381672,2,4,0,0,1,1,True,0x0db57acb
OAKBAT.cleanStatic,21,1235,381672,2,5,1,1,0,1,True,0x145b8c71
OAKBAT.cleanStatic,21,1235,381672,2,6,0,1,0,0,True,0x00ac7cd8
OAKBAT.cleanStatic,21,1235,381672,2,7,0,0,0,1,True,0x2d95eda9
OAKBAT.cleanStatic,21,1235,381672,2,8,0,1,0,0,True,0x3e5c578c
OAKBAT.cleanStatic,21,1235,381672,2,9,0,0,0,0,True,0x031362f0
OAKBAT.cleanStatic,21,1235,381672,2,10,0,0,0,0,True,0x17bb003c
OAKBAT.cleanStatic,21,1535,381678,3,1,0,0,0,1,True,0x22c3260d
OAKBAT.cleanStatic,21,1535,381678,3,2,0,1,0,0,True,0x20f0541c
OAKBAT.cleanStatic,21,1535,381678,3,3,0,0,1,0,True,0x3fc82b76
OAKBAT.cleanStatic,21,1535,381678,3,4,1,0,1,1,True,0x11f1ffaf
OAKBAT.cleanStatic,21,1535,381678,3,5,1,1,0,1,True,0x3ff1366d
OAKBAT.cleanStatic,21,1535,381678,3,6,0,1,1,1,True,0x0d708547
OAKBAT.cleanStatic,21,1535,381678,3,7,1,1,1,1,True,0x35f9cdbf
OAKBAT.cleanStatic,21,1535,381678,3,8,1,1,1,0,True,0x3f04bf06
OAKBAT.cleanStatic,21,1535,381678,3,9,1,0,1,1,True,0x3fe79487
OAKBAT.cleanStatic,21,1535,381678,3,10,1,1,0,0,True,0x30bd03c0
OAKBAT.cleanStatic,21,1835,381684,4,1,0,0,0,1,True,0x22c3260d
OAKBAT.cleanStatic,21,1835,381684,4,2,0,1,0,0,True,0x20f033a0
OAKBAT.cleanStatic,21,1835,381684,4,3,0,0,1,0,True,0x1f6aaa9e
OAKBAT.cleanStatic,21,1835,381684,4,4,1,0,0,1,True,0x2aaaaa95
OAKBAT.cleanStatic,21,1835,381684,4,5,0,1,1,0,True,0x1555556a
OAKBAT.cleanStatic,21,1835,381684,4,6,1,0,0,1,True,0x2aaaaa95
OAKBAT.cleanStatic,21,1835,381684,4,7,0,1,1,0,True,0x1555556a
OAKBAT.cleanStatic,21,1835,381684,4,8,1,0,0,1,True,0x2aaaaa95
OAKBAT.cleanStatic,21,1835,381684,4,9,0,1,1,0,True,0x1555556a
OAKBAT.cleanStatic,21,1835,381684,4,10,1,0,0,0,True,0x2aaaaa30
OAKBAT.cleanStatic,21,2135,381690,5,1,0,0,0,1,True,0x22c3260d
OAKBAT.cleanStatic,21,2135,381690,5,2,0,1,0,0,True,0x20f01228
OAKBAT.cleanStatic,21,2135,381690,5,3,0,0,0,0,True,0x15dbe74c
OAKBAT.cleanStatic,21,2135,381690,5,4,0,0,1,0,True,0x23804026
OAKBAT.cleanStatic,21,2135,381690,5,5,1,0,1,0,True,0x3f544fce
OAKBAT.cleanStatic,21,2135,381690,5,6,1,0,0,1,True,0x28434b99
OAKBAT.cleanStatic,21,2135,381690,5,7,0,1,1,0,True,0x3eee51e6
OAKBAT.cleanStatic,21,2135,381690,5,8,1,0,0,0,True,0x29bf6cd0
OAKBAT.cleanStatic,21,2135,381690,5,9,0,0,0,1,True,0x332ad8c1
OAKBAT.cleanStatic,21,2135,381690,5,10,0,1,0,0,True,0x043ff618
OAKBAT.cleanStatic,21,2435,381696,1,1,0,0,0,1,True,0x22c3260d
OAKBAT.cleanStatic,21,2435,381696,1,2,0,1,0,0,True,0x20eff6ec
OAKBAT.cleanStatic,21,2435,381696,1,3,0,0,1,1,True,0x03140003
OAKBAT.cleanStatic,21,2435,381696,1,4,1,1,0,1,True,0x35555569
OAKBAT.cleanStatic,21,2435,381696,1,5,0,1,1,0,True,0x1555556a
OAKBAT.cleanStatic,21,2435,381696,1,6,1,0,0,1,True,0x2aaaaa95
OAKBAT.cleanStatic,21,2435,381696,1,7,0,1,0,0,True,0x3fffc568
OAKBAT.cleanStatic,21,2435,381696,1,8,0,0,0,1,True,0x0f57bb25
OAKBAT.cleanStatic,21,2435,381696,1,9,0,1,0,1,True,0x3ffff481
OAKBAT.cleanStatic,21,2435,381696,1,10,0,1,0,0,True,0x00d7eef8
OAKBAT.cleanStatic,21,2735,381702,2,1,0,0,0,1,True,0x22c3260d
OAKBAT.cleanStatic,21,2735,381702,2,2,0,1,0,0,True,0x20efd584
OAKBAT.cleanStatic,21,2735,381702,2,3,0,0,0,0,True,0x0f7f3f20
OAKBAT.cleanStatic,21,2735,381702,2,4,0,0,1,1,True,0x0db57acb
OAKBAT.cleanStatic,21,2735,381702,2,5,1,1,0,1,True,0x145b8c71
OAKBAT.cleanStatic,21,2735,381702,2,6,0,1,0,0,True,0x00ac7cd8
OAKBAT.cleanStatic,21,2735,381702,2,7,0,0,0,1,True,0x2d95eda9
OAKBAT.cleanStatic,21,2735,381702,2,8,0,1,0,0,True,0x3e5c578c
OAKBAT.cleanStatic,21,2735,381702,2,9,0,0,0,0,True,0x031362f0
OAKBAT.cleanStatic,21,2735,381702,2,10,0,0,0,0,True,0x17bb003c
OAKBAT.cleanStatic,21,3035,381708,3,1,0,0,0,1,True,0x22c3260d
OAKBAT.cleanStatic,21,3035,381708,3,2,0,1,0,0,True,0x20efb4f4
OAKBAT.cleanStatic,21,3035,381708,3,3,0,0,1,0,True,0x3fc82b76
OAKBAT.cleanStatic,21,3035,381708,3,4,1,0,1,1,True,0x11f1ffaf
OAKBAT.cleanStatic,21,3035,381708,3,5,1,1,0,1,True,0x3ff1366d
OAKBAT.cleanStatic,21,3035,381708,3,6,0,1,1,1,True,0x0d708547
OAKBAT.cleanStatic,21,3035,381708,3,7,1,1,1,1,True,0x35f9cdbf
OAKBAT.cleanStatic,21,3035,381708,3,8,1,1,1,0,True,0x3f04bf06
OAKBAT.cleanStatic,21,3035,381708,3,9,1,0,1,1,True,0x3fe79487
OAKBAT.cleanStatic,21,3035,381708,3,10,1,1,0,0,True,0x30bd03c0
OAKBAT.cleanStatic,21,3335,381714,4,1,0,0,0,1,True,0x22c3260d
OAKBAT.cleanStatic,21,3335,381714,4,2,0,1,0,0,True,0x20ef93b0
OAKBAT.cleanStatic,21,3335,381714,4,3,0,0,0,1,True,0x1faaaa89
OAKBAT.cleanStatic,21,3335,381714,4,4,0,1,1,0,True,0x1555556a
OAKBAT.cleanStatic,21,3335,381714,4,5,1,0,0,1,True,0x2aaaaa95
OAKBAT.cleanStatic,21,3335,381714,4,6,0,1,1,0,True,0x1555556a
OAKBAT.cleanStatic,21,3335,381714,4,7,1,0,0,1,True,0x2aaaaa95
OAKBAT.cleanStatic,21,3335,381714,4,8,0,1,1,0,True,0x1555556a
OAKBAT.cleanStatic,21,3335,381714,4,9,1,0,0,1,True,0x2aaaaa95
OAKBAT.cleanStatic,21,3335,381714,4,10,0,1,0,0,True,0x1555559c
OAKBAT.cleanStatic,21,3635,381720,5,1,0,0,0,1,True,0x22c3260d
OAKBAT.cleanStatic,21,3635,381720,5,2,0,1,0,0,True,0x20ef728c
OAKBAT.cleanStatic,21,3635,381720,5,3,0,0,1,1,True,0x1613a5cf
OAKBAT.cleanStatic,21,3635,381720,5,4,1,1,0,1,True,0x1c40f369
OAKBAT.cleanStatic,21,3635,381720,5,5,0,1,0,0,True,0x00b5bff8
OAKBAT.cleanStatic,21,3635,381720,5,6,0,0,0,0,True,0x28434ec4
OAKBAT.cleanStatic,21,3635,381720,5,7,0,0,1,1,True,0x0b5e64cb
OAKBAT.cleanStatic,21,3635,381720,5,8,1,1,0,1,True,0x39387021
OAKBAT.cleanStatic,21,3635,381720,5,9,0,1,1,1,True,0x11bccf4b
OAKBAT.cleanStatic,21,3635,381720,5,10,1,1,0,0,True,0x007ffab0
OAKBAT.cleanStatic,21,3935,381726,1,1,0,0,0,1,True,0x22c3260d
OAKBAT.cleanStatic,21,3935,381726,1,2,0,1,0,0,True,0x20ef5670
OAKBAT.cleanStatic,21,3935,381726,1,3,0,0,1,1,True,0x03140003
OAKBAT.cleanStatic,21,3935,381726,1,4,1,1,0,1,True,0x35555569
OAKBAT.cleanStatic,21,3935,381726,1,5,0,1,1,0,True,0x1555556a
OAKBAT.cleanStatic,21,3935,381726,1,6,1,0,0,1,True,0x2aaaaa95
OAKBAT.cleanStatic,21,3935,381726,1,7,0,1,0,0,True,0x3fffc568
OAKBAT.cleanStatic,21,3935,381726,1,8,0,0,0,1,True,0x0f57bb25
OAKBAT.cleanStatic,21,3935,381726,1,9,0,1,0,1,True,0x3ffff481
OAKBAT.cleanStatic,21,3935,381726,1,10,0,1,0,0,True,0x00d7eef8
OAKBAT.cleanStatic,21,4235,381732,2,1,0,0,0,1,True,0x22c3260d
OAKBAT.cleanStatic,21,4235,381732,2,2,0,1,0,0,True,0x20ef35e0
OAKBAT.cleanStatic,21,4235,381732,2,3,0,0,0,0,True,0x0f7f3f20
OAKBAT.cleanStatic,21,4235,381732,2,4,0,0,1,1,True,0x0db57acb
OAKBAT.cleanStatic,21,4235,381732,2,5,1,1,0,1,True,0x145b8c71
OAKBAT.cleanStatic,21,4235,381732,2,6,0,1,0,0,True,0x00ac7cd8
OAKBAT.cleanStatic,21,4235,381732,2,7,0,0,0,1,True,0x2d95eda9
OAKBAT.cleanStatic,21,4235,381732,2,8,0,1,0,0,True,0x3e5c578c
OAKBAT.cleanStatic,21,4235,381732,2,9,0,0,0,0,True,0x031362f0
OAKBAT.cleanStatic,21,4235,381732,2,10,0,0,0,0,True,0x17bb003c
OAKBAT.cleanStatic,21,4535,381738,3,1,0,0,0,1,True,0x22c3260d
OAKBAT.cleanStatic,21,4535,381738,3,2,0,1,0,0,True,0x20ef1468
OAKBAT.cleanStatic,21,4535,381738,3,3,0,0,1,0,True,0x3fc82b76
OAKBAT.cleanStatic,21,4535,381738,3,4,1,0,1,1,True,0x11f1ffaf
OAKBAT.cleanStatic,21,4535,381738,3,5,1,1,0,1,True,0x3ff1366d
OAKBAT.cleanStatic,21,4535,381738,3,6,0,1,1,1,True,0x0d708547
OAKBAT.cleanStatic,21,4535,381738,3,7,1,1,1,1,True,0x35f9cdbf
OAKBAT.cleanStatic,21,4535,381738,3,8,1,1,1,0,True,0x3f04bf06
OAKBAT.cleanStatic,21,4535,381738,3,9,1,0,1,1,True,0x3fe79487
OAKBAT.cleanStatic,21,4535,381738,3,10,1,1,0,0,True,0x30bd03c0
OAKBAT.cleanStatic,21,4835,381744,4,1,0,0,0,1,True,0x22c3260d
OAKBAT.cleanStatic,21,4835,381744,4,2,0,1,0,0,True,0x20eef350
OAKBAT.cleanStatic,21,4835,381744,4,3,0,0,1,1,True,0x1fe6665f
OAKBAT.cleanStatic,21,4835,381744,4,4,1,1,0,0,True,0x199999a8
OAKBAT.cleanStatic,21,4835,381744,4,5,0,0,1,1,True,0x26666657
OAKBAT.cleanStatic,21,4835,381744,4,6,1,1,0,0,True,0x199999a8
OAKBAT.cleanStatic,21,4835,381744,4,7,0,0,1,1,True,0x26666657
OAKBAT.cleanStatic,21,4835,381744,4,8,1,1,1,1,True,0x1999bfe7
OAKBAT.cleanStatic,21,4835,381744,4,9,1,1,1,1,True,0x3fffffff
OAKBAT.cleanStatic,21,4835,381744,4,10,1,1,0,0,True,0x3f03ff60
OAKBAT.cleanStatic,21,5135,381750,5,1,0,0,0,1,True,0x22c3260d
OAKBAT.cleanStatic,21,5135,381750,5,2,0,1,0,0,True,0x20eed2d8
OAKBAT.cleanStatic,21,5135,381750,5,3,0,0,0,1,True,0x1ce38c79
OAKBAT.cleanStatic,21,5135,381750,5,4,0,1,1,0,True,0x3fffffd6
OAKBAT.cleanStatic,21,5135,381750,5,5,1,0,0,1,True,0x00000029
OAKBAT.cleanStatic,21,5135,381750,5,6,0,1,1,0,True,0x3fffffd6
OAKBAT.cleanStatic,21,5135,381750,5,7,1,0,0,1,True,0x00000029
OAKBAT.cleanStatic,21,5135,381750,5,8,0,1,0,0,True,0x3f03ffec
OAKBAT.cleanStatic,21,5135,381750,5,9,0,0,1,0,True,0x0003f006
OAKBAT.cleanStatic,21,5135,381750,5,10,1,0,0,0,True,0x2aaaaa30
OAKBAT.cleanStatic,21,5435,381756,1,1,0,0,0,1,True,0x22c3260d
OAKBAT.cleanStatic,21,5435,381756,1,2,0,1,0,0,True,0x20eeb6dc
OAKBAT.cleanStatic,21,5435,381756,1,3,0,0,1,1,True,0x03140003
OAKBAT.cleanStatic,21,5435,381756,1,4,1,1,0,1,True,0x35555569
OAKBAT.cleanStatic,21,5435,381756,1,5,0,1,1,0,True,0x1555556a
OAKBAT.cleanStatic,21,5435,381756,1,6,1,0,0,1,True,0x2aaaaa95
OAKBAT.cleanStatic,21,5435,381756,1,7,0,1,0,0,True,0x3fffc568
OAKBAT.cleanStatic,21,5435,381756,1,8,0,0,0,1,True,0x0f57bb25
OAKBAT.cleanStatic,21,5435,381756,1,9,0,1,0,1,True,0x3ffff481
OAKBAT.cleanStatic,21,5435,381756,1,10,0,1,0,0,True,0x00d7eef8
OAKBAT.cleanStatic,21,5735,381762,2,1,0,0,0,1,True,0x22c3260d
OAKBAT.cleanStatic,21,5735,381762,2,2,0,1,0,0,True,0x20ee95b4
OAKBAT.cleanStatic,21,5735,381762,2,3,0,0,0,0,True,0x0f7f3f20
OAKBAT.cleanStatic,21,5735,381762,2,4,0,0,1,1,True,0x0db57acb
OAKBAT.cleanStatic,21,5735,381762,2,5,1,1,0,1,True,0x145b8c71
OAKBAT.cleanStatic,21,5735,381762,2,6,0,1,0,0,True,0x00ac7cd8
OAKBAT.cleanStatic,21,5735,381762,2,7,0,0,0,1,True,0x2d95eda9
OAKBAT.cleanStatic,21,5735,381762,2,8,0,1,0,0,True,0x3e5c578c
OAKBAT.cleanStatic,21,5735,381762,2,9,0,0,0,0,True,0x031362f0
OAKBAT.cleanStatic,21,5735,381762,2,10,0,0,0,0,True,0x17bb003c
OAKBAT.cleanStatic,21,6035,381768,3,1,0,0,0,1,True,0x22c3260d
OAKBAT.cleanStatic,21,6035,381768,3,2,0,1,0,0,True,0x20ee7488
OAKBAT.cleanStatic,21,6035,381768,3,3,0,0,1,0,True,0x3fc82b76
OAKBAT.cleanStatic,21,6035,381768,3,4,1,0,1,1,True,0x11f1ffaf
OAKBAT.cleanStatic,21,6035,381768,3,5,1,1,0,1,True,0x3ff1366d
OAKBAT.cleanStatic,21,6035,381768,3,6,0,1,1,1,True,0x0d708547
OAKBAT.cleanStatic,21,6035,381768,3,7,1,1,1,1,True,0x35f9cdbf
OAKBAT.cleanStatic,21,6035,381768,3,8,1,1,1,0,True,0x3f04bf06
OAKBAT.cleanStatic,21,6035,381768,3,9,1,0,1,1,True,0x3fe79487
OAKBAT.cleanStatic,21,6035,381768,3,10,1,1,0,0,True,0x30bd03c0
OAKBAT.cleanStatic,21,6335,381774,4,1,0,0,0,1,True,0x22c3260d
OAKBAT.cleanStatic,21,6335,381774,4,2,0,1,0,0,True,0x20ee53cc
OAKBAT.cleanStatic,21,6335,381774,4,3,0,0,0,1,True,0x1e6aaaa9
OAKBAT.cleanStatic,21,6335,381774,4,4,0,1,1,0,True,0x1555556a
OAKBAT.cleanStatic,21,6335,381774,4,5,1,0,0,1,True,0x2aaaaa95
OAKBAT.cleanStatic,21,6335,381774,4,6,0,1,1,0,True,0x1555556a
OAKBAT.cleanStatic,21,6335,381774,4,7,1,0,0,1,True,0x2aaaaa95
OAKBAT.cleanStatic,21,6335,381774,4,8,0,1,1,0,True,0x1555556a
OAKBAT.cleanStatic,21,6335,381774,4,9,1,0,0,1,True,0x2aaaaa95
OAKBAT.cleanStatic,21,6335,381774,4,10,0,1,0,0,True,0x1555559c
OAKBAT.cleanStatic,21,6635,381780,5,1,0,0,0,1,True,0x22c3260d
OAKBAT.cleanStatic,21,6635,381780,5,2,0,1,0,0,True,0x20ee32bc
OAKBAT.cleanStatic,21,6635,381780,5,3,0,0,0,0,True,0x10538584
OAKBAT.cleanStatic,21,6635,381780,5,4,0,0,1,1,True,0x2385f7bf
OAKBAT.cleanStatic,21,6635,381780,5,5,1,1,0,0,True,0x00b17ff8
OAKBAT.cleanStatic,21,6635,381780,5,6,0,0,0,1,True,0x2843443d
OAKBAT.cleanStatic,21,6635,381780,5,7,0,1,0,1,True,0x13f5a035
OAKBAT.cleanStatic,21,6635,381780,5,8,0,1,0,0,True,0x3849af70
OAKBAT.cleanStatic,21,6635,381780,5,9,0,0,0,0,True,0x2c3adfd8
OAKBAT.cleanStatic,21,6635,381780,5,10,0,0,0,0,True,0x353fede4
OAKBAT.cleanStatic,21,6935,381786,1,1,0,0,0,1,True,0x22c3260d
OAKBAT.cleanStatic,21,6935,381786,1,2,0,1,0,0,True,0x20ee1640
OAKBAT.cleanStatic,21,6935,381786,1,3,0,0,1,1,True,0x03140003
OAKBAT.cleanStatic,21,6935,381786,1,4,1,1,0,1,True,0x35555569
OAKBAT.cleanStatic,21,6935,381786,1,5,0,1,1,0,True,0x1555556a
OAKBAT.cleanStatic,21,6935,381786,1,6,1,0,0,1,True,0x2aaaaa95
OAKBAT.cleanStatic,21,6935,381786,1,7,0,1,0,0,True,0x3fffc568
OAKBAT.cleanStatic,21,6935,381786,1,8,0,0,0,1,True,0x0f57bb25
OAKBAT.cleanStatic,21,6935,381786,1,9,0,1,0,1,True,0x3ffff481
OAKBAT.cleanStatic,21,6935,381786,1,10,0,1,0,0,True,0x00d7eef8
OAKBAT.cleanStatic,21,7235,381792,2,1,0,0,0,1,True,0x22c3260d
OAKBAT.cleanStatic,21,7235,381792,2,2,0,1,0,0,True,0x20edf5cc
OAKBAT.cleanStatic,21,7235,381792,2,3,0,0,0,0,True,0x0f7f3f20
OAKBAT.cleanStatic,21,7235,381792,2,4,0,0,1,1,True,0x0db57acb
OAKBAT.cleanStatic,21,7235,381792,2,5,1,1,0,1,True,0x145b8c71
OAKBAT.cleanStatic,21,7235,381792,2,6,0,1,0,0,True,0x00ac7cd8
OAKBAT.cleanStatic,21,7235,381792,2,7,0,0,0,1,True,0x2d95eda9
OAKBAT.cleanStatic,21,7235,381792,2,8,0,1,0,0,True,0x3e5c578c
OAKBAT.cleanStatic,21,7235,381792,2,9,0,0,0,0,True,0x031362f0
OAKBAT.cleanStatic,21,7235,381792,2,10,0,0,0,0,True,0x17bb003c
OAKBAT.cleanStatic,21,7535,381798,3,1,0,0,0,1,True,0x22c3260d
OAKBAT.cleanStatic,21,7535,381798,3,2,0,1,0,0,True,0x20edd444
OAKBAT.cleanStatic,21,7535,381798,3,3,0,0,1,0,True,0x3fc82b76
OAKBAT.cleanStatic,21,7535,381798,3,4,1,0,1,1,True,0x11f1ffaf
OAKBAT.cleanStatic,21,7535,381798,3,5,1,1,0,1,True,0x3ff1366d
OAKBAT.cleanStatic,21,7535,381798,3,6,0,1,1,1,True,0x0d708547
OAKBAT.cleanStatic,21,7535,381798,3,7,1,1,1,1,True,0x35f9cdbf
OAKBAT.cleanStatic,21,7535,381798,3,8,1,1,1,0,True,0x3f04bf06
OAKBAT.cleanStatic,21,7535,381798,3,9,1,0,1,1,True,0x3fe79487
OAKBAT.cleanStatic,21,7535,381798,3,10,1,1,0,0,True,0x30bd03c0
OAKBAT.cleanStatic,21,7835,381804,4,1,0,0,0,1,True,0x22c3260d
OAKBAT.cleanStatic,21,7835,381804,4,2,0,1,0,0,True,0x20edb3f8
OAKBAT.cleanStatic,21,7835,381804,4,3,0,0,1,1,True,0x1652e40f
OAKBAT.cleanStatic,21,7835,381804,4,4,1,1,1,1,True,0x1c7c20df
OAKBAT.cleanStatic,21,7835,381804,4,5,1,1,0,1,True,0x00af3fe1
OAKBAT.cleanStatic,21,7835,381804,4,6,0,1,0,0,True,0x17bcd828
OAKBAT.cleanStatic,21,7835,381804,4,7,0,0,0,1,True,0x16a9186d
OAKBAT.cleanStatic,21,7835,381804,4,8,0,1,1,0,True,0x36bb3a8a
OAKBAT.cleanStatic,21,7835,381804,4,9,1,0,0,0,True,0x1b3210b0
OAKBAT.cleanStatic,21,7835,381804,4,10,0,0,0,0,True,0x3f800f40
OAKBAT.cleanStatic,21,8135,381810,5,1,0,0,0,1,True,0x22c3260d
OAKBAT.cleanStatic,21,8135,381810,5,2,0,1,0,0,True,0x20ed9270
OAKBAT.cleanStatic,21,8135,381810,5,3,0,0,0,1,True,0x10a88bf5
OAKBAT.cleanStatic,21,8135,381810,5,4,0,1,1,1,True,0x1c7d7247
OAKBAT.cleanStatic,21,8135,381810,5,5,1,1,0,0,True,0x00aebfc0
OAKBAT.cleanStatic,21,8135,381810,5,6,0,0,0,1,True,0x28435235
OAKBAT.cleanStatic,21,8135,381810,5,7,0,1,0,1,True,0x14b8d8ad
OAKBAT.cleanStatic,21,8135,381810,5,8,0,1,0,1,True,0x10c35151
OAKBAT.cleanStatic,21,8135,381810,5,9,0,1,1,1,True,0x1124d483
OAKBAT.cleanStatic,21,8135,381810,5,10,1,1,0,0,True,0x0dc00cf8
OAKBAT.cleanStatic,21,8435,381816,1,1,0,0,0,1,True,0x22c3260d
OAKBAT.cleanStatic,21,8435,381816,1,2,0,1,0,0,True,0x20ed7638
OAKBAT.cleanStatic,21,8435,381816,1,3,0,0,1,1,True,0x03140003
OAKBAT.cleanStatic,21,8435,381816,1,4,1,1,0,1,True,0x35555569
OAKBAT.cleanStatic,21,8435,381816,1,5,0,1,1,0,True,0x1555556a
OAKBAT.cleanStatic,21,8435,381816,1,6,1,0,0,1,True,0x2aaaaa95
OAKBAT.cleanStatic,21,8435,381816,1,7,0,1,0,0,True,0x3fffc568
OAKBAT.cleanStatic,21,8435,381816,1,8,0,0,0,1,True,0x0f57bb25
OAKBAT.cleanStatic,21,8435,381816,1,9,0,1,0,1,True,0x3ffff481
OAKBAT.cleanStatic,21,8435,381816,1,10,0,1,0,0,True,0x00d7eef8
OAKBAT.cleanStatic,21,8735,381822,2,1,0,0,0,1,True,0x22c3260d
OAKBAT.cleanStatic,21,8735,381822,2,2,0,1,0,0,True,0x20ed5550
OAKBAT.cleanStatic,21,8735,381822,2,3,0,0,0,0,True,0x0f7f3f20
OAKBAT.cleanStatic,21,8735,381822,2,4,0,0,1,1,True,0x0db57acb
OAKBAT.cleanStatic,21,8735,381822,2,5,1,1,0,1,True,0x145b8c71
OAKBAT.cleanStatic,21,8735,381822,2,6,0,1,0,0,True,0x00ac7cd8
OAKBAT.cleanStatic,21,8735,381822,2,7,0,0,0,1,True,0x2d95eda9
OAKBAT.cleanStatic,21,8735,381822,2,8,0,1,0,0,True,0x3e5c578c
OAKBAT.cleanStatic,21,8735,381822,2,9,0,0,0,0,True,0x031362f0
OAKBAT.cleanStatic,21,8735,381822,2,10,0,0,0,0,True,0x17bb003c
OAKBAT.cleanStatic,21,9035,381828,3,1,0,0,0,1,True,0x22c3260d
OAKBAT.cleanStatic,21,9035,381828,3,2,0,1,0,0,True,0x20ed3420
OAKBAT.cleanStatic,21,9035,381828,3,3,0,0,1,0,True,0x3fc82b76
OAKBAT.cleanStatic,21,9035,381828,3,4,1,0,1,1,True,0x11f1ffaf
OAKBAT.cleanStatic,21,9035,381828,3,5,1,1,0,1,True,0x3ff1366d
OAKBAT.cleanStatic,21,9035,381828,3,6,0,1,1,1,True,0x0d708547
OAKBAT.cleanStatic,21,9035,381828,3,7,1,1,1,1,True,0x35f9cdbf
OAKBAT.cleanStatic,21,9035,381828,3,8,1,1,1,0,True,0x3f04bf06
OAKBAT.cleanStatic,21,9035,381828,3,9,1,0,1,1,True,0x3fe79487
OAKBAT.cleanStatic,21,9035,381828,3,10,1,1,0,0,True,0x30bd03c0
OAKBAT.cleanStatic,21,9335,381834,4,1,0,0,0,1,True,0x22c3260d
OAKBAT.cleanStatic,21,9335,381834,4,2,0,1,0,0,True,0x20ed1364
OAKBAT.cleanStatic,21,9335,381834,4,3,0,0,1,0,True,0x1689ad46
OAKBAT.cleanStatic,21,9335,381834,4,4,1,0,0,0,True,0x2380ca4c
OAKBAT.cleanStatic,21,9335,381834,4,5,0,0,0,1,True,0x3f4d4015
OAKBAT.cleanStatic,21,9335,381834,4,6,0,1,0,1,True,0x17bcd389
OAKBAT.cleanStatic,21,9335,381834,4,7,0,1,0,0,True,0x29afb29c
OAKBAT.cleanStatic,21,9335,381834,4,8,0,0,1,0,True,0x022305fa
OAKBAT.cleanStatic,21,9335,381834,4,9,1,0,1,0,True,0x14719d56
OAKBAT.cleanStatic,21,9335,381834,4,10,1,0,0,0,True,0x05801364
OAKBAT.cleanStatic,21,9635,381840,5,1,0,0,0,1,True,0x22c3260d
OAKBAT.cleanStatic,21,9635,381840,5,2,0,1,0,0,True,0x20ecf290
OAKBAT.cleanStatic,21,9635,381840,5,3,0,0,1,1,True,0x10c572df
OAKBAT.cleanStatic,21,9635,381840,5,4,1,1,1,0,True,0x1c7c5096
OAKBAT.cleanStatic,21,9635,381840,5,5,1,0,1,1,True,0x3f518007
OAKBAT.cleanStatic,21,9635,381840,5,6,1,1,1,1,True,0x17bccd47
OAKBAT.cleanStatic,21,9635,381840,5,7,1,1,1,1,True,0x095a0d7f
OAKBAT.cleanStatic,21,9635,381840,5,8,1,1,0,0,True,0x38d4da9c
OAKBAT.cleanStatic,21,9635,381840,5,9,0,0,0,0,True,0x212b9ed0
OAKBAT.cleanStatic,21,9635,381840,5,10,0,0,0,0,True,0x3c3fe89c
OAKBAT.cleanStatic,21,9935,381846,1,1,0,0,0,1,True,0x22c3260d
OAKBAT.cleanStatic,21,9935,381846,1,2,0,1,0,0,True,0x20ecd66c
OAKBAT.cleanStatic,21,9935,381846,1,3,0,0,1,1,True,0x03140003
OAKBAT.cleanStatic,21,9935,381846,1,4,1,1,0,1,True,0x35555569
OAKBAT.cleanStatic,21,9935,381846,1,5,0,1,1,0,True,0x1555556a
OAKBAT.cleanStatic,21,9935,381846,1,6,1,0,0,1,True,0x2aaaaa95
OAKBAT.cleanStatic,21,9935,381846,1,7,0,1,0,0,True,0x3fffc568
OAKBAT.cleanStatic,21,9935,381846,1,8,0,0,0,1,True,0x0f57bb25
OAKBAT.cleanStatic,21,9935,381846,1,9,0,1,0,1,True,0x3ffff481
OAKBAT.cleanStatic,21,9935,381846,1,10,0,1,0,0,True,0x00d7eef8
OAKBAT.cleanStatic,21,10235,381852,2,1,0,0,0,1,True,0x22c3260d
OAKBAT.cleanStatic,21,10235,381852,2,2,0,1,0,0,True,0x20ecb5fc
OAKBAT.cleanStatic,21,10235,381852,2,3,0,0,0,0,True,0x0f7f3f20
OAKBAT.cleanStatic,21,10235,381852,2,4,0,0,1,1,True,0x0db57acb
OAKBAT.cleanStatic,21,10235,381852,2,5,1,1,0,1,True,0x145b8c71
OAKBAT.cleanStatic,21,10235,381852,2,6,0,1,0,0,True,0x00ac7cd8
OAKBAT.cleanStatic,21,10235,381852,2,7,0,0,0,1,True,0x2d95eda9
OAKBAT.cleanStatic,21,10235,381852,2,8,0,1,0,0,True,0x3e5c578c
OAKBAT.cleanStatic,21,10235,381852,2,9,0,0,0,0,True,0x031362f0
OAKBAT.cleanStatic,21,10235,381852,2,10,0,0,0,0,True,0x17bb003c
OAKBAT.cleanStatic,21,10535,381858,3,1,0,0,0,1,True,0x22c3260d
OAKBAT.cleanStatic,21,10535,381858,3,2,0,1,0,0,True,0x20ec9474
OAKBAT.cleanStatic,21,10535,381858,3,3,0,0,1,0,True,0x3fc82b76
OAKBAT.cleanStatic,21,10535,381858,3,4,1,0,1,1,True,0x11f1ffaf
OAKBAT.cleanStatic,21,10535,381858,3,5,1,1,0,1,True,0x3ff1366d
OAKBAT.cleanStatic,21,10535,381858,3,6,0,1,1,1,True,0x0d708547
OAKBAT.cleanStatic,21,10535,381858,3,7,1,1,1,1,True,0x35f9cdbf
OAKBAT.cleanStatic,21,10535,381858,3,8,1,1,1,0,True,0x3f04bf06
OAKBAT.cleanStatic,21,10535,381858,3,9,1,0,1,1,True,0x3fe79487
OAKBAT.cleanStatic,21,10535,381858,3,10,1,1,0,0,True,0x30bd03c0
OAKBAT.cleanStatic,21,10835,381864,4,1,0,0,0,1,True,0x22c3260d
OAKBAT.cleanStatic,21,10835,381864,4,2,0,1,0,0,True,0x20ec7384
OAKBAT.cleanStatic,21,10835,381864,4,3,0,0,1,0,True,0x16d0893e
OAKBAT.cleanStatic,21,10835,381864,4,4,1,0,1,1,True,0x2385e517
OAKBAT.cleanStatic,21,10835,381864,4,5,1,1,0,1,True,0x00a9fff5
OAKBAT.cleanStatic,21,10835,381864,4,6,0,1,1,1,True,0x17bcacbb
OAKBAT.cleanStatic,21,10835,381864,4,7,1,1,0,0,True,0x1eb51588
OAKBAT.cleanStatic,21,10835,381864,4,8,0,0,1,0,True,0x0550de56
OAKBAT.cleanStatic,21,10835,381864,4,9,1,0,1,1,True,0x0217bfcb
OAKBAT.cleanStatic,21,10835,381864,4,10,1,1,0,0,True,0x07c01674
OAKBAT.cleanStatic,21,11135,381870,5,1,0,0,0,1,True,0x22c3260d
OAKBAT.cleanStatic,21,11135,381870,5,2,0,1,0,0,True,0x20ec520c
OAKBAT.cleanStatic,21,11135,381870,5,3,0,0,1,1,True,0x110146ff
OAKBAT.cleanStatic,21,11135,381870,5,4,1,1,1,0,True,0x1c7d10a6
OAKBAT.cleanStatic,21,11135,381870,5,5,1,0,0,1,True,0x3f530025
OAKBAT.cleanStatic,21,11135,381870,5,6,0,1,0,0,True,0x17bc9518
OAKBAT.cleanStatic,21,11135,381870,5,7,0,0,1,1,True,0x01a1d543
OAKBAT.cleanStatic,21,11135,381870,5,8,1,1,0,0,True,0x1b47c00c
OAKBAT.cleanStatic,21,11135,381870,5,9,0,0,1,1,True,0x3862b77b
OAKBAT.cleanStatic,21,11135,381870,5,10,1,1,0,0,True,0x020003f8
OAKBAT.cleanStatic,21,11435,381876,1,1,0,0,0,1,True,0x22c3260d
OAKBAT.cleanStatic,21,11435,381876,1,2,0,1,0,0,True,0x20ec3608
OAKBAT.cleanStatic,21,11435,381876,1,3,0,0,1,1,True,0x03140003
OAKBAT.cleanStatic,21,11435,381876,1,4,1,1,0,1,True,0x35555569
OAKBAT.cleanStatic,21,11435,381876,1,5,0,1,1,0,True,0x1555556a
OAKBAT.cleanStatic,21,11435,381876,1,6,1,0,0,1,True,0x2aaaaa95
OAKBAT.cleanStatic,21,11435,381876,1,7,0,1,0,0,True,0x3fffc568
OAKBAT.cleanStatic,21,11435,381876,1,8,0,0,0,1,True,0x0f57bb25
OAKBAT.cleanStatic,21,11435,381876,1,9,0,1,0,1,True,0x3ffff481
OAKBAT.cleanStatic,21,11435,381876,1,10,0,1,0,0,True,0x00d7eef8
OAKBAT.cleanStatic,21,11735,381882,2,1,0,0,0,1,True,0x22c3260d
OAKBAT.cleanStatic,21,11735,381882,2,2,0,1,0,0,True,0x20ec1560
OAKBAT.cleanStatic,21,11735,381882,2,3,0,0,0,0,True,0x0f7f3f20
OAKBAT.cleanStatic,21,11735,381882,2,4,0,0,1,1,True,0x0db57acb
OAKBAT.cleanStatic,21,11735,381882,2,5,1,1,0,1,True,0x145b8c71
OAKBAT.cleanStatic,21,11735,381882,2,6,0,1,0,0,True,0x00ac7cd8
OAKBAT.cleanStatic,21,11735,381882,2,7,0,0,0,1,True,0x2d95eda9
OAKBAT.cleanStatic,21,11735,381882,2,8,0,1,0,0,True,0x3e5c578c
OAKBAT.cleanStatic,21,11735,381882,2,9,0,0,0,0,True,0x031362f0
OAKBAT.cleanStatic,21,11735,381882,2,10,0,0,0,0,True,0x17bb003c
OAKBAT.cleanStatic,21,12035,381888,3,1,0,0,0,1,True,0x22c3260d
OAKBAT.cleanStatic,21,12035,381888,3,2,0,1,0,0,True,0x20ebf434
OAKBAT.cleanStatic,21,12035,381888,3,3,0,0,1,0,True,0x3fc82b76
OAKBAT.cleanStatic,21,12035,381888,3,4,1,0,1,1,True,0x11f1ffaf
OAKBAT.cleanStatic,21,12035,381888,3,5,1,1,0,1,True,0x3ff1366d
OAKBAT.cleanStatic,21,12035,381888,3,6,0,1,1,1,True,0x0d708547
OAKBAT.cleanStatic,21,12035,381888,3,7,1,1,1,1,True,0x35f9cdbf
OAKBAT.cleanStatic,21,12035,381888,3,8,1,1,1,0,True,0x3f04bf06
OAKBAT.cleanStatic,21,12035,381888,3,9,1,0,1,1,True,0x3fe79487
OAKBAT.cleanStatic,21,12035,381888,3,10,1,1,0,0,True,0x30bd03c0
OAKBAT.cleanStatic,21,12335,381894,4,1,0,0,0,1,True,0x22c3260d
OAKBAT.cleanStatic,21,12335,381894,4,2,0,1,0,0,True,0x20ebd370
OAKBAT.cleanStatic,21,12335,381894,4,3,0,0,0,1,True,0x1725f82d
OAKBAT.cleanStatic,21,12335,381894,4,4,0,1,1,1,True,0x1c7a2bf7
OAKBAT.cleanStatic,21,12335,381894,4,5,1,1,1,0,True,0x00b07fc6
OAKBAT.cleanStatic,21,12335,381894,4,6,1,0,1,1,True,0x2843573b
OAKBAT.cleanStatic,21,12335,381894,4,7,1,1,0,0,True,0x286a6050
OAKBAT.cleanStatic,21,12335,381894,4,8,0,0,0,1,True,0x319ed0f1
OAKBAT.cleanStatic,21,12335,381894,4,9,0,1,1,1,True,0x3693af13
OAKBAT.cleanStatic,21,12335,381894,4,10,1,1,0,0,True,0x28000088
OAKBAT.cleanStatic,21,12635,381900,5,1,0,0,0,1,True,0x22c3260d
OAKBAT.cleanStatic,21,12635,381900,5,2,0,1,0,0,True,0x20ebb200
OAKBAT.cleanStatic,21,12635,381900,5,3,0,0,1,1,True,0x114bd01f
OAKBAT.cleanStatic,21,12635,381900,5,4,1,1,1,1,True,0x1c7e7457
OAKBAT.cleanStatic,21,12635,381900,5,5,1,1,0,1,True,0x00b1bfe9
OAKBAT.cleanStatic,21,12635,381900,5,6,0,1,1,1,True,0x17bcbfc7
OAKBAT.cleanStatic,21,12635,381900,5,7,1,1,1,1,True,0x09aacdab
OAKBAT.cleanStatic,21,12635,381900,5,8,1,1,1,0,True,0x37f81b12
OAKBAT.cleanStatic,21,12635,381900,5,9,1,0,0,1,True,0x09de0551
OAKBAT.cleanStatic,21,12635,381900,5,10,0,1,0,0,True,0x007ff984
OAKBAT.cleanStatic,21,12935,381906,1,1,0,0,0,1,True,0x22c3260d
OAKBAT.cleanStatic,21,12935,381906,1,2,0,1,0,0,True,0x20eb96fc
OAKBAT.cleanStatic,21,12935,381906,1,3,0,0,1,1,True,0x03140003
OAKBAT.cleanStatic,21,12935,381906,1,4,1,1,0,1,True,0x35555569
OAKBAT.cleanStatic,21,12935,381906,1,5,0,1,1,0,True,0x1555556a
OAKBAT.cleanStatic,21,12935,381906,1,6,1,0,0,1,True,0x2aaaaa95
OAKBAT.cleanStatic,21,12935,381906,1,7,0,1,0,0,True,0x3fffc568
OAKBAT.cleanStatic,21,12935,381906,1,8,0,0,0,1,True,0x0f57bb25
OAKBAT.cleanStatic,21,12935,381906,1,9,0,1,0,1,True,0x3ffff481
OAKBAT.cleanStatic,21,12935,381906,1,10,0,1,0,0,True,0x00d7eef8
OAKBAT.cleanStatic,21,13235,381912,2,1,0,0,0,1,True,0x22c3260d
OAKBAT.cleanStatic,21,13235,381912,2,2,0,1,0,0,True,0x20eb7520
OAKBAT.cleanStatic,21,13235,381912,2,3,0,0,0,0,True,0x0f7f3f20
OAKBAT.cleanStatic,21,13235,381912,2,4,0,0,1,1,True,0x0db57acb
OAKBAT.cleanStatic,21,13235,381912,2,5,1,1,0,1,True,0x145b8c71
OAKBAT.cleanStatic,21,13235,381912,2,6,0,1,0,0,True,0x00ac7cd8
OAKBAT.cleanStatic,21,13235,381912,2,7,0,0,0,1,True,0x2d95eda9
OAKBAT.cleanStatic,21,13235,381912,2,8,0,1,0,0,True,0x3e5c578c
OAKBAT.cleanStatic,21,13235,381912,2,9,0,0,0,0,True,0x031362f0
OAKBAT.cleanStatic,21,13235,381912,2,10,0,0,0,0,True,0x17bb003c
OAKBAT.cleanStatic,21,13535,381918,3,1,0,0,0,1,True,0x22c3260d
OAKBAT.cleanStatic,21,13535,381918,3,2,0,1,0,0,True,0x20eb54a8
OAKBAT.cleanStatic,21,13535,381918,3,3,0,0,1,0,True,0x3fc82b76
OAKBAT.cleanStatic,21,13535,381918,3,4,1,0,1,1,True,0x11f1ffaf
OAKBAT.cleanStatic,21,13535,381918,3,5,1,1,0,1,True,0x3ff1366d
OAKBAT.cleanStatic,21,13535,381918,3,6,0,1,1,1,True,0x0d708547
OAKBAT.cleanStatic,21,13535,381918,3,7,1,1,1,1,True,0x35f9cdbf
OAKBAT.cleanStatic,21,13535,381918,3,8,1,1,1,0,True,0x3f04bf06
OAKBAT.cleanStatic,21,13535,381918,3,9,1,0,1,1,True,0x3fe79487
OAKBAT.cleanStatic,21,13535,381918,3,10,1,1,0,0,True,0x30bd03c0
OAKBAT.cleanStatic,21,13835,381924,4,1,0,0,0,1,True,0x22c3260d
OAKBAT.cleanStatic,21,13835,381924,4,2,0,1,0,0,True,0x20eb3314
OAKBAT.cleanStatic,21,13835,381924,4,3,0,0,0,1,True,0x1e6aaaa9
OAKBAT.cleanStatic,21,13835,381924,4,4,0,1,1,0,True,0x1555556a
OAKBAT.cleanStatic,21,13835,381924,4,5,1,0,0,1,True,0x2aaaaa95
OAKBAT.cleanStatic,21,13835,381924,4,6,0,1,1,0,True,0x1555556a
OAKBAT.cleanStatic,21,13835,381924,4,7,1,0,0,1,True,0x2aaaaa95
OAKBAT.cleanStatic,21,13835,381924,4,8,0,1,1,0,True,0x1555556a
OAKBAT.cleanStatic,21,13835,381924,4,9,1,0,0,1,True,0x2aaaaa95
OAKBAT.cleanStatic,21,13835,381924,4,10,0,1,0,0,True,0x1555559c
OAKBAT.cleanStatic,21,14135,381930,5,1,0,0,0,1,True,0x22c3260d
OAKBAT.cleanStatic,21,14135,381930,5,2,0,1,0,0,True,0x20eb129c
OAKBAT.cleanStatic,21,14135,381930,5,3,0,0,1,1,True,0x1183f56b
OAKBAT.cleanStatic,21,14135,381930,5,4,1,1,0,0,True,0x1c7a19dc
OAKBAT.cleanStatic,21,14135,381930,5,5,0,0,1,0,True,0x3f4f0026
OAKBAT.cleanStatic,21,14135,381930,5,6,1,0,1,0,True,0x28438b7e
OAKBAT.cleanStatic,21,14135,381930,5,7,1,0,0,0,True,0x2bf4de78
OAKBAT.cleanStatic,21,14135,381930,5,8,0,0,1,0,True,0x34e0ab8a
OAKBAT.cleanStatic,21,14135,381930,5,9,1,0,1,0,True,0x2dfbfaee
OAKBAT.cleanStatic,21,14135,381930,5,10,1,0,0,0,True,0x387ff23c
OAKBAT.cleanStatic,21,14435,381936,1,1,0,0,0,1,True,0x22c3260d
OAKBAT.cleanStatic,21,14435,381936,1,2,0,1,0,0,True,0x20eaf61c
OAKBAT.cleanStatic,21,14435,381936,1,3,0,0,1,1,True,0x03140003
OAKBAT.cleanStatic,21,14435,381936,1,4,1,1,0,1,True,0x35555569
OAKBAT.cleanStatic,21,14435,381936,1,5,0,1,1,0,True,0x1555556a
OAKBAT.cleanStatic,21,14435,381936,1,6,1,0,0,1,True,0x2aaaaa95
OAKBAT.cleanStatic,21,14435,381936,1,7,0,1,0,0,True,0x3fffc568
OAKBAT.cleanStatic,21,14435,381936,1,8,0,0,0,1,True,0x0f57bb25
OAKBAT.cleanStatic,21,14435,381936,1,9,0,1,0,1,True,0x3ffff481
OAKBAT.cleanStatic,21,14435,381936,1,10,0,1,0,0,True,0x00d7eef8
OAKBAT.cleanStatic,21,14735,381942,2,1,0,0,0,1,True,0x22c3260d
OAKBAT.cleanStatic,21,14735,381942,2,2,0,1,0,0,True,0x20ead574
OAKBAT.cleanStatic,21,14735,381942,2,3,0,0,0,0,True,0x0f7f3f20
OAKBAT.cleanStatic,21,14735,381942,2,4,0,0,1,1,True,0x0db57acb
OAKBAT.cleanStatic,21,14735,381942,2,5,1,1,0,1,True,0x145b8c71
OAKBAT.cleanStatic,21,14735,381942,2,6,0,1,0,0,True,0x00ac7cd8
OAKBAT.cleanStatic,21,14735,381942,2,7,0,0,0,1,True,0x2d95eda9
OAKBAT.cleanStatic,21,14735,381942,2,8,0,1,0,0,True,0x3e5c578c
OAKBAT.cleanStatic,21,14735,381942,2,9,0,0,0,0,True,0x031362f0
OAKBAT.cleanStatic,21,14735,381942,2,10,0,0,0,0,True,0x17bb003c
OAKBAT.cleanStatic,21,15035,381948,3,1,0,0,0,1,True,0x22c3260d
OAKBAT.cleanStatic,21,15035,381948,3,2,0,1,0,0,True,0x20eab404
OAKBAT.cleanStatic,21,15035,381948,3,3,0,0,1,0,True,0x3fc82b76
OAKBAT.cleanStatic,21,15035,381948,3,4,1,0,1,1,True,0x11f1ffaf
OAKBAT.cleanStatic,21,15035,381948,3,5,1,1,0,1,True,0x3ff1366d
OAKBAT.cleanStatic,21,15035,381948,3,6,0,1,1,1,True,0x0d708547
OAKBAT.cleanStatic,21,15035,381948,3,7,1,1,1,1,True,0x35f9cdbf
OAKBAT.cleanStatic,21,15035,381948,3,8,1,1,1,0,True,0x3f04bf06
OAKBAT.cleanStatic,21,15035,381948,3,9,1,0,1,1,True,0x3fe79487
OAKBAT.cleanStatic,21,15035,381948,3,10,1,1,0,0,True,0x30bd03c0
OAKBAT.cleanStatic,21,15335,381954,4,1,0,0,0,1,True,0x22c3260d
OAKBAT.cleanStatic,21,15335,381954,4,2,0,1,0,0,True,0x20ea9340
OAKBAT.cleanStatic,21,15335,381954,4,3,0,0,0,0,True,0x17427fc4
OAKBAT.cleanStatic,21,15335,381954,4,4,0,0,0,1,True,0x23871a7d
OAKBAT.cleanStatic,21,15335,381954,4,5,0,1,1,1,True,0x00abbfef
OAKBAT.cleanStatic,21,15335,381954,4,6,1,1,1,0,True,0x17bcc55e
OAKBAT.cleanStatic,21,15335,381954,4,7,1,0,1,0,True,0x220042c2
OAKBAT.cleanStatic,21,15335,381954,4,8,1,0,1,1,True,0x1304eedf
OAKBAT.cleanStatic,21,15335,381954,4,9,1,1,1,0,True,0x3a063262
OAKBAT.cleanStatic,21,15335,381954,4,10,1,0,0,0,True,0x3e3fe934
OAKBAT.cleanStatic,21,15635,381960,5,1,0,0,0,1,True,0x22c3260d
OAKBAT.cleanStatic,21,15635,381960,5,2,0,1,0,0,True,0x20ea727c
OAKBAT.cleanStatic,21,15635,381960,5,3,0,0,1,1,True,0x11db8ecf
OAKBAT.cleanStatic,21,15635,381960,5,4,1,1,0,1,True,0x1c7e3b71
OAKBAT.cleanStatic,21,15635,381960,5,5,0,1,1,1,True,0x00b8bfcf
OAKBAT.cleanStatic,21,15635,381960,5,6,1,1,1,1,True,0x17bca48b
OAKBAT.cleanStatic,21,15635,381960,5,7,1,1,1,0,True,0x33e87cc2
OAKBAT.cleanStatic,21,15635,381960,5,8,1,0,0,0,True,0x276f21dc
OAKBAT.cleanStatic,21,15635,381960,5,9,0,0,0,0,True,0x249ce1cc
OAKBAT.cleanStatic,21,15635,381960,5,10,0,0,0,0,True,0x383ff58c
OAKBAT.cleanStatic,21,15935,381966,1,1,0,0,0,1,True,0x22c3260d
OAKBAT.cleanStatic,21,15935,381966,1,2,0,1,0,0,True,0x20ea5680
OAKBAT.cleanStatic,21,15935,381966,1,3,0,0,1,1,True,0x03140003
OAKBAT.cleanStatic,21,15935,381966,1,4,1,1,0,1,True,0x35555569
OAKBAT.cleanStatic,21,15935,381966,1,5,0,1,1,0,True,0x1555556a
OAKBAT.cleanStatic,21,15935,381966,1,6,1,0,0,1,True,0x2aaaaa95
OAKBAT.cleanStatic,21,15935,381966,1,7,0,1,0,0,True,0x3fffc568
OAKBAT.cleanStatic,21,15935,381966,1,8,0,0,0,1,True,0x0f57bb25
OAKBAT.cleanStatic,21,15935,381966,1,9,0,1,0,1,True,0x3ffff481
OAKBAT.cleanStatic,21,15935,381966,1,10,0,1,0,0,True,0x00d7eef8
OAKBAT.cleanStatic,21,16235,381972,2,1,0,0,0,1,True,0x22c3260d
OAKBAT.cleanStatic,21,16235,381972,2,2,0,1,0,0,True,0x20ea3510
OAKBAT.cleanStatic,21,16235,381972,2,3,0,0,0,0,True,0x0f7f3f20
OAKBAT.cleanStatic,21,16235,381972,2,4,0,0,1,1,True,0x0db57acb
OAKBAT.cleanStatic,21,16235,381972,2,5,1,1,0,1,True,0x145b8c71
OAKBAT.cleanStatic,21,16235,381972,2,6,0,1,0,0,True,0x00ac7cd8
OAKBAT.cleanStatic,21,16235,381972,2,7,0,0,0,1,True,0x2d95eda9
OAKBAT.cleanStatic,21,16235,381972,2,8,0,1,0,0,True,0x3e5c578c
OAKBAT.cleanStatic,21,16235,381972,2,9,0,0,0,0,True,0x031362f0
OAKBAT.cleanStatic,21,16235,381972,2,10,0,0,0,0,True,0x17bb003c
OAKBAT.cleanStatic,21,16535,381978,3,1,0,0,0,1,True,0x22c3260d
OAKBAT.cleanStatic,21,16535,381978,3,2,0,1,0,0,True,0x20ea1498
OAKBAT.cleanStatic,21,16535,381978,3,3,0,0,1,0,True,0x3fc82b76
OAKBAT.cleanStatic,21,16535,381978,3,4,1,0,1,1,True,0x11f1ffaf
OAKBAT.cleanStatic,21,16535,381978,3,5,1,1,0,1,True,0x3ff1366d
OAKBAT.cleanStatic,21,16535,381978,3,6,0,1,1,1,True,0x0d708547
OAKBAT.cleanStatic,21,16535,381978,3,7,1,1,1,1,True,0x35f9cdbf
OAKBAT.cleanStatic,21,16535,381978,3,8,1,1,1,0,True,0x3f04bf06
OAKBAT.cleanStatic,21,16535,381978,3,9,1,0,1,1,True,0x3fe79487
OAKBAT.cleanStatic,21,16535,381978,3,10,1,1,0,0,True,0x30bd03c0
OAKBAT.cleanStatic,21,16835,381984,4,1,0,0,0,1,True,0x22c3260d
OAKBAT.cleanStatic,21,16835,381984,4,2,0,1,0,0,True,0x20e9f338
OAKBAT.cleanStatic,21,16835,381984,4,3,0,0,0,1,True,0x1788eb8d
OAKBAT.cleanStatic,21,16835,381984,4,4,0,1,0,1,True,0x1c409f5d
OAKBAT.cleanStatic,21,16835,381984,4,5,0,1,1,0,True,0x00bbffc2
OAKBAT.cleanStatic,21,16835,381984,4,6,1,0,1,1,True,0x28435663
OAKBAT.cleanStatic,21,16835,381984,4,7,1,1,1,1,True,0x33aab6bf
OAKBAT.cleanStatic,21,16835,381984,4,8,1,1,0,0,True,0x1dc64c94
OAKBAT.cleanStatic,21,16835,381984,4,9,0,0,1,0,True,0x248b9b92
OAKBAT.cleanStatic,21,16835,381984,4,10,1,0,0,0,True,0x3a3ff424
OAKBAT.cleanStatic,21,17135,381990,5,1,0,0,0,1,True,0x22c3260d
OAKBAT.cleanStatic,21,17135,381990,5,2,0,1,0,0,True,0x20e9d2b0
OAKBAT.cleanStatic,21,17135,381990,5,3,0,0,1,0,True,0x120ada9e
OAKBAT.cleanStatic,21,17135,381990,5,4,1,0,0,1,True,0x238486b9
OAKBAT.cleanStatic,21,17135,381990,5,5,0,1,1,1,True,0x00ad7ffb
OAKBAT.cleanStatic,21,17135,381990,5,6,1,1,1,0,True,0x17bcb5b2
OAKBAT.cleanStatic,21,17135,381990,5,7,1,0,0,1,True,0x21270c3d
OAKBAT.cleanStatic,21,17135,381990,5,8,0,1,1,1,True,0x0161213b
OAKBAT.cleanStatic,21,17135,381990,5,9,1,1,0,1,True,0x3c2366e5
OAKBAT.cleanStatic,21,17135,381990,5,10,0,1,0,0,True,0x00fffc1c
OAKBAT.cleanStatic,21,17435,381996,1,1,0,0,0,1,True,0x22c3260d
OAKBAT.cleanStatic,21,17435,381996,1,2,0,1,0,0,True,0x20e9b6b4
OAKBAT.cleanStatic,21,17435,381996,1,3,0,0,1,1,True,0x03140003
OAKBAT.cleanStatic,21,17435,381996,1,4,1,1,0,1,True,0x35555569
OAKBAT.cleanStatic,21,17435,381996,1,5,0,1,1,0,True,0x1555556a
OAKBAT.cleanStatic,21,17435,381996,1,6,1,0,0,1,True,0x2aaaaa95
OAKBAT.cleanStatic,21,17435,381996,1,7,0,1,0,0,True,0x3fffc568
OAKBAT.cleanStatic,21,17435,381996,1,8,0,0,0,1,True,0x0f57bb25
OAKBAT.cleanStatic,21,17435,381996,1,9,0,1,0,1,True,0x3ffff481
OAKBAT.cleanStatic,21,17435,381996,1,10,0,1,0,0,True,0x00d7eef8
OAKBAT.cleanStatic,21,17735,382002,2,1,0,0,0,1,True,0x22c3260d
OAKBAT.cleanStatic,21,17735,382002,2,2,0,1,0,0,True,0x20e995dc
OAKBAT.cleanStatic,21,17735,382002,2,3,0,0,0,0,True,0x0f7f3f20
OAKBAT.cleanStatic,21,17735,382002,2,4,0,0,1,1,True,0x0db57acb
OAKBAT.cleanStatic,21,17735,382002,2,5,1,1,0,1,True,0x145b8c71
OAKBAT.cleanStatic,21,17735,382002,2,6,0,1,0,0,True,0x00ac7cd8
OAKBAT.cleanStatic,21,17735,382002,2,7,0,0,0,1,True,0x2d95eda9
OAKBAT.cleanStatic,21,17735,382002,2,8,0,1,0,0,True,0x3e5c578c
OAKBAT.cleanStatic,21,17735,382002,2,9,0,0,0,0,True,0x031362f0
OAKBAT.cleanStatic,21,17735,382002,2,10,0,0,0,0,True,0x17bb003c
OAKBAT.cleanStatic,21,18035,382008,3,1,0,0,0,1,True,0x22c3260d
OAKBAT.cleanStatic,21,18035,382008,3,2,0,1,0,0,True,0x20e974e0
OAKBAT.cleanStatic,21,18035,382008,3,3,0,0,1,0,True,0x3fc82b76
OAKBAT.cleanStatic,21,18035,382008,3,4,1,0,1,1,True,0x11f1ffaf
OAKBAT.cleanStatic,21,18035,382008,3,5,1,1,0,1,True,0x3ff1366d
OAKBAT.cleanStatic,21,18035,382008,3,6,0,1,1,1,True,0x0d708547
OAKBAT.cleanStatic,21,18035,382008,3,7,1,1,1,1,True,0x35f9cdbf
OAKBAT.cleanStatic,21,18035,382008,3,8,1,1,1,0,True,0x3f04bf06
OAKBAT.cleanStatic,21,18035,382008,3,9,1,0,1,1,True,0x3fe79487
OAKBAT.cleanStatic,21,18035,382008,3,10,1,1,0,0,True,0x30bd03c0
OAKBAT.cleanStatic,21,18335,382014,4,1,0,0,0,1,True,0x22c3260d
OAKBAT.cleanStatic,21,18335,382014,4,2,0,1,0,0,True,0x20e953a4
OAKBAT.cleanStatic,21,18335,382014,4,3,0,0,0,0,True,0x17d3bb08
OAKBAT.cleanStatic,21,18335,382014,4,4,0,0,0,0,True,0x23827ccc
OAKBAT.cleanStatic,21,18335,382014,4,5,0,0,1,0,True,0x3f4b4fce
OAKBAT.cleanStatic,21,18335,382014,4,6,1,0,0,0,True,0x284393f0
OAKBAT.cleanStatic,21,18335,382014,4,7,0,0,1,0,True,0x0c3f7aea
OAKBAT.cleanStatic,21,18335,382014,4,8,1,0,1,0,True,0x014f02aa
OAKBAT.cleanStatic,21,18335,382014,4,9,1,0,1,1,True,0x203a58ab
OAKBAT.cleanStatic,21,18335,382014,4,10,1,1,0,0,True,0x00c007ec
OAKBAT.cleanStatic,21,18635,382020,5,1,0,0,0,1,True,0x22c3260d
OAKBAT.cleanStatic,21,18635,382020,5,2,0,1,0,0,True,0x20e932d4
OAKBAT.cleanStatic,21,18635,382020,5,3,0,0,0,0,True,0x1243670c
OAKBAT.cleanStatic,21,18635,382020,5,4,0,0,0,1,True,0x2381bf35
OAKBAT.cleanStatic,21,18635,382020,5,5,0,1,1,1,True,0x00aeffe7
OAKBAT.cleanStatic,21,18635,382020,5,6,1,1,0,1,True,0x17bc7555
OAKBAT.cleanStatic,21,18635,382020,5,7,0,1,1,0,True,0x3ed9acc2
OAKBAT.cleanStatic,21,18635,382020,5,8,1,0,0,0,True,0x1253eb2c
OAKBAT.cleanStatic,21,18635,382020,5,9,0,0,1,0,True,0x05daf3ae
OAKBAT.cleanStatic,21,18635,382020,5,10,1,0,0,0,True,0x3a3ff3b0
OAKBAT.cleanStatic,21,18935,382026,1,1,0,0,0,1,True,0x22c3260d
OAKBAT.cleanStatic,21,18935,382026,1,2,0,1,0,0,True,0x20e91628
OAKBAT.cleanStatic,21,18935,382026,1,3,0,0,1,1,True,0x03140003
OAKBAT.cleanStatic,21,18935,382026,1,4,1,1,0,1,True,0x35555569
OAKBAT.cleanStatic,21,18935,382026,1,5,0,1,1,0,True,0x1555556a
OAKBAT.cleanStatic,21,18935,382026,1,6,1,0,0,1,True,0x2aaaaa95
OAKBAT.cleanStatic,21,18935,382026,1,7,0,1,0,0,True,0x3fffc568
OAKBAT.cleanStatic,21,18935,382026,1,8,0,0,0,1,True,0x0f57bb25
OAKBAT.cleanStatic,21,18935,382026,1,9,0,1,0,1,True,0x3ffff481
OAKBAT.cleanStatic,21,18935,382026,1,10,0,1,0,0,True,0x00d7eef8
OAKBAT.cleanStatic,21,19235,382032,2,1,0,0,0,1,True,0x22c3260d
OAKBAT.cleanStatic,21,19235,382032,2,2,0,1,0,0,True,0x20e8f53c
OAKBAT.cleanStatic,21,19235,382032,2,3,0,0,0,0,True,0x0f7f3f20
OAKBAT.cleanStatic,21,19235,382032,2,4,0,0,1,1,True,0x0db57acb
OAKBAT.cleanStatic,21,19235,382032,2,5,1,1,0,1,True,0x145b8c71
OAKBAT.cleanStatic,21,19235,382032,2,6,0,1,0,0,True,0x00ac7cd8
OAKBAT.cleanStatic,21,19235,382032,2,7,0,0,0,1,True,0x2d95eda9
OAKBAT.cleanStatic,21,19235,382032,2,8,0,1,0,0,True,0x3e5c578c
OAKBAT.cleanStatic,21,19235,382032,2,9,0,0,0,0,True,0x031362f0
OAKBAT.cleanStatic,21,19235,382032,2,10,0,0,0,0,True,0x17bb003c
OAKBAT.cleanStatic,21,19535,382038,3,1,0,0,0,1,True,0x22c3260d
OAKBAT.cleanStatic,21,19535,382038,3,2,0,1,0,0,True,0x20e8d4b4
OAKBAT.cleanStatic,21,19535,382038,3,3,0,0,1,0,True,0x3fc82b76
OAKBAT.cleanStatic,21,19535,382038,3,4,1,0,1,1,True,0x11f1ffaf
OAKBAT.cleanStatic,21,19535,382038,3,5,1,1,0,1,True,0x3ff1366d
OAKBAT.cleanStatic,21,19535,382038,3,6,0,1,1,1,True,0x0d708547
OAKBAT.cleanStatic,21,19535,382038,3,7,1,1,1,1,True,0x35f9cdbf
OAKBAT.cleanStatic,21,19535,382038,3,8,1,1,1,0,True,0x3f04bf06
OAKBAT.cleanStatic,21,19535,382038,3,9,1,0,1,1,True,0x3fe79487
OAKBAT.cleanStatic,21,19535,382038,3,10,1,1,0,0,True,0x30bd03c0
OAKBAT.cleanStatic,21,19835,382044,4,1,0,0,0,1,True,0x22c3260d
OAKBAT.cleanStatic,21,19835,382044,4,2,0,1,0,0,True,0x20e8b308
OAKBAT.cleanStatic,21,19835,382044,4,3,0,0,1,1,True,0x1807a1a3
OAKBAT.cleanStatic,21,19835,382044,4,4,1,1,0,0,True,0x1c7d93a4
OAKBAT.cleanStatic,21,19835,382044,4,5,0,0,1,0,True,0x3f520032
OAKBAT.cleanStatic,21,19835,382044,4,6,1,0,0,0,True,0x28436208
OAKBAT.cleanStatic,21,19835,382044,4,7,0,0,0,1,True,0x013b66c5
OAKBAT.cleanStatic,21,19835,382044,4,8,0,1,1,0,True,0x196f8f1a
OAKBAT.cleanStatic,21,19835,382044,4,9,1,0,0,0,True,0x09a358e8
OAKBAT.cleanStatic,21,19835,382044,4,10,0,0,0,0,True,0x07c014a8
OAKBAT.cleanStatic,21,20135,382050,5,1,0,0,0,1,True,0x22c3260d
OAKBAT.cleanStatic,21,20135,382050,5,2,0,1,0,0,True,0x20e89280
OAKBAT.cleanStatic,21,20135,382050,5,3,0,0,0,0,True,0x128b41c0
OAKBAT.cleanStatic,21,20135,382050,5,4,0,0,1,0,True,0x2383adda
OAKBAT.cleanStatic,21,20135,382050,5,5,1,0,1,0,True,0x3f514016
OAKBAT.cleanStatic,21,20135,382050,5,6,1,0,1,1,True,0x2843573b
OAKBAT.cleanStatic,21,20135,382050,5,7,1,1,0,1,True,0x0962138d
OAKBAT.cleanStatic,21,20135,382050,5,8,0,1,0,1,True,0x1af4d3a5
OAKBAT.cleanStatic,21,20135,382050,5,9,0,1,0,0,True,0x29340998
OAKBAT.cleanStatic,21,20135,382050,5,10,0,0,0,0,True,0x36ffe8cc
OAKBAT.cleanStatic,21,20435,382056,1,1,0,0,0,1,True,0x22c3260d
OAKBAT.cleanStatic,21,20435,382056,1,2,0,1,0,0,True,0x20e876c8
OAKBAT.cleanStatic,21,20435,382056,1,3,0,0,1,1,True,0x03140003
OAKBAT.cleanStatic,21,20435,382056,1,4,1,1,0,1,True,0x35555569
OAKBAT.cleanStatic,21,20435,382056,1,5,0,1,1,0,True,0x1555556a
OAKBAT.cleanStatic,21,20435,382056,1,6,1,0,0,1,True,0x2aaaaa95
OAKBAT.cleanStatic,21,20435,382056,1,7,0,1,0,0,True,0x3fffc568
OAKBAT.cleanStatic,21,20435,382056,1,8,0,0,0,1,True,0x0f57bb25
OAKBAT.cleanStatic,21,20435,382056,1,9,0,1,0,1,True,0x3ffff481
OAKBAT.cleanStatic,21,20435,382056,1,10,0,1,0,0,True,0x00d7eef8
OAKBAT.cleanStatic,21,20735,382062,2,1,0,0,0,1,True,0x22c3260d
OAKBAT.cleanStatic,21,20735,382062,2,2,0,1,0,0,True,0x20e855a0
OAKBAT.cleanStatic,21,20735,382062,2,3,0,0,0,0,True,0x0f7f3f20
OAKBAT.cleanStatic,21,20735,382062,2,4,0,0,1,1,True,0x0db57acb
OAKBAT.cleanStatic,21,20735,382062,2,5,1,1,0,1,True,0x145b8c71
OAKBAT.cleanStatic,21,20735,382062,2,6,0,1,0,0,True,0x00ac7cd8
OAKBAT.cleanStatic,21,20735,382062,2,7,0,0,0,1,True,0x2d95eda9
OAKBAT.cleanStatic,21,20735,382062,2,8,0,1,0,0,True,0x3e5c578c
OAKBAT.cleanStatic,21,20735,382062,2,9,0,0,0,0,True,0x031362f0
OAKBAT.cleanStatic,21,20735,382062,2,10,0,0,0,0,True,0x17bb003c
OAKBAT.cleanStatic,21,21035,382068,3,1,0,0,0,1,True,0x22c3260d
OAKBAT.cleanStatic,21,21035,382068,3,2,0,1,0,0,True,0x20e834d0
OAKBAT.cleanStatic,21,21035,382068,3,3,0,0,1,0,True,0x3fc82b76
OAKBAT.cleanStatic,21,21035,382068,3,4,1,0,1,1,True,0x11f1ffaf
OAKBAT.cleanStatic,21,21035,382068,3,5,1,1,0,1,True,0x3ff1366d
OAKBAT.cleanStatic,21,21035,382068,3,6,0,1,1,1,True,0x0d708547
OAKBAT.cleanStatic,21,21035,382068,3,7,1,1,1,1,True,0x35f9cdbf
OAKBAT.cleanStatic,21,21035,382068,3,8,1,1,1,0,True,0x3f04bf06
OAKBAT.cleanStatic,21,21035,382068,3,9,1,0,1,1,True,0x3fe79487
OAKBAT.cleanStatic,21,21035,382068,3,10,1,1,0,0,True,0x30bd03c0
OAKBAT.cleanStatic,21,21335,382074,4,1,0,0,0,1,True,0x22c3260d
OAKBAT.cleanStatic,21,21335,382074,4,2,0,1,0,0,True,0x20e81394
OAKBAT.cleanStatic,21,21335,382074,4,3,0,0,0,1,True,0x1e6aaaa9
OAKBAT.cleanStatic,21,21335,382074,4,4,0,1,1,0,True,0x1555556a
OAKBAT.cleanStatic,21,21335,382074,4,5,1,0,0,1,True,0x2aaaaa95
OAKBAT.cleanStatic,21,21335,382074,4,6,0,1,1,0,True,0x1555556a
OAKBAT.cleanStatic,21,21335,382074,4,7,1,0,0,1,True,0x2aaaaa95
OAKBAT.cleanStatic,21,21335,382074,4,8,0,1,1,0,True,0x1555556a
OAKBAT.cleanStatic,21,21335,382074,4,9,1,0,0,1,True,0x2aaaaa95
OAKBAT.cleanStatic,21,21335,382074,4,10,0,1,0,0,True,0x1555559c
OAKBAT.cleanStatic,24,291,381654,4,1,1,1,1,0,True,0x1d3cd9f2
OAKBAT.cleanStatic,24,291,381654,4,2,1,0,1,1,True,0x1f0f2c3b
OAKBAT.cleanStatic,24,291,381654,4,3,1,1,0,0,True,0x20d5556c
OAKBAT.cleanStatic,24,291,381654,4,4,0,0,0,0,True,0x2aaaaabc
OAKBAT.cleanStatic,24,291,381654,4,5,0,0,0,0,True,0x2aaaaabc
OAKBAT.cleanStatic,24,291,381654,4,6,0,0,0,0,True,0x2aaaaabc
OAKBAT.cleanStatic,24,291,381654,4,7,0,0,0,0,True,0x2aaaaabc
OAKBAT.cleanStatic,24,291,381654,4,8,0,0,0,0,True,0x2aaaaabc
OAKBAT.cleanStatic,24,291,381654,4,9,0,0,0,0,True,0x2aaaaabc
OAKBAT.cleanStatic,24,291,381654,4,10,0,0,1,1,True,0x2aaaaaef
OAKBAT.cleanStatic,24,591,381660,5,1,1,1,1,0,True,0x1d3cd9f2
OAKBAT.cleanStatic,24,591,381660,5,2,1,0,1,1,True,0x1f0f4d4b
OAKBAT.cleanStatic,24,591,381660,5,3,1,1,0,0,True,0x2a7149ac
OAKBAT.cleanStatic,24,591,381660,5,4,0,0,0,1,True,0x23bdf519
OAKBAT.cleanStatic,24,591,381660,5,5,0,1,1,1,True,0x00b3fff3
OAKBAT.cleanStatic,24,591,381660,5,6,1,1,1,0,True,0x17bce4d6
OAKBAT.cleanStatic,24,591,381660,5,7,1,0,1,1,True,0x35caf943
OAKBAT.cleanStatic,24,591,381660,5,8,1,1,1,0,True,0x0c49c346
OAKBAT.cleanStatic,24,591,381660,5,9,1,0,1,0,True,0x38db24f6
OAKBAT.cleanStatic,24,591,381660,5,10,1,0,1,1,True,0x264000cb
OAKBAT.cleanStatic,24,891,381666,1,1,1,1,1,0,True,0x1d3cd9f2
OAKBAT.cleanStatic,24,891,381666,1,2,1,0,1,1,True,0x1f0f69b7
OAKBAT.cleanStatic,24,891,381666,1,3,1,1,0,0,True,0x3cebfffc
OAKBAT.cleanStatic,24,891,381666,1,4,0,0,1,0,True,0x0aaaaa96
OAKBAT.cleanStatic,24,891,381666,1,5,1,0,0,1,True,0x2aaaaa95
OAKBAT.cleanStatic,24,891,381666,1,6,0,1,1,0,True,0x1555556a
OAKBAT.cleanStatic,24,891,381666,1,7,1,0,1,1,True,0x00000187
OAKBAT.cleanStatic,24,891,381666,1,8,1,1,0,1,True,0x32a844f5
OAKBAT.cleanStatic,24,891,381666,1,9,0,1,0,1,True,0x3fc000d5
OAKBAT.cleanStatic,24,891,381666,1,10,0,1,1,1,True,0x00587b47
OAKBAT.cleanStatic,24,1191,381672,2,1,1,1,1,0,True,0x1d3cd9f2
OAKBAT.cleanStatic,24,1191,381672,2,2,1,0,1,1,True,0x1f0f8a6b
OAKBAT.cleanStatic,24,1191,381672,2,3,1,1,0,0,True,0x32bf8744
OAKBAT.cleanStatic,24,1191,381672,2,4,0,0,0,0,True,0x0f204fe8
OAKBAT.cleanStatic,24,1191,381672,2,5,0,0,0,0,True,0x04549458
OAKBAT.cleanStatic,24,1191,381672,2,6,0,0,0,1,True,0x0070813d
OAKBAT.cleanStatic,24,1191,381672,2,7,0,1,0,0,True,0x05a19e40
OAKBAT.cleanStatic,24,1191,381672,2,8,0,0,0,1,True,0x03022849
OAKBAT.cleanStatic,24,1191,381672,2,9,0,1,1,0,True,0x3cb1eae2
OAKBAT.cleanStatic,24,1191,381672,2,10,1,0,1,1,True,0x17bb00e3
OAKBAT.cleanStatic,24,1491,381678,3,1,1,1,1,0,True,0x1d3cd9f2
OAKBAT.cleanStatic,24,1491,381678,3,2,1,0,1,1,True,0x1f0fabe3
OAKBAT.cleanStatic,24,1491,381678,3,3,1,1,1,1,True,0x001774b7
OAKBAT.cleanStatic,24,1491,381678,3,4,1,1,1,0,True,0x1d6c30aa
OAKBAT.cleanStatic,24,1491,381678,3,5,1,0,0,0,True,0x0014c994
OAKBAT.cleanStatic,24,1491,381678,3,6,0,0,1,0,True,0x0a6ce236
OAKBAT.cleanStatic,24,1491,381678,3,7,1,0,1,1,True,0x0813c6ef
OAKBAT.cleanStatic,24,1491,381678,3,8,1,1,0,1,True,0x38918e71
OAKBAT.cleanStatic,24,1491,381678,3,9,0,1,0,0,True,0x001765f4
OAKBAT.cleanStatic,24,1491,381678,3,10,0,0,1,1,True,0x0d7ddd13
OAKBAT.cleanStatic,24,1791,381684,4,1,1,1,1,0,True,0x1d3cd9f2
OAKBAT.cleanStatic,24,1791,381684,4,2,1,0,1,1,True,0x1f0fcc5f
OAKBAT.cleanStatic,24,1791,381684,4,3,1,1,0,1,True,0x20955561
OAKBAT.cleanStatic,24,1791,381684,4,4,0,1,1,0,True,0x1555556a
OAKBAT.cleanStatic,24,1791,381684,4,5,1,0,0,1,True,0x2aaaaa95
OAKBAT.cleanStatic,24,1791,381684,4,6,0,1,1,0,True,0x1555556a
OAKBAT.cleanStatic,24,1791,381684,4,7,1,0,0,1,True,0x2aaaaa95
OAKBAT.cleanStatic,24,1791,381684,4,8,0,1,1,0,True,0x1555556a
OAKBAT.cleanStatic,24,1791,381684,4,9,1,0,0,1,True,0x2aaaaa95
OAKBAT.cleanStatic,24,1791,381684,4,10,0,1,1,1,True,0x155555cf
OAKBAT.cleanStatic,24,2091,381690,5,1,1,1,1,0,True,0x1d3cd9f2
OAKBAT.cleanStatic,24,2091,381690,5,2,1,0,1,1,True,0x1f0fedd7
OAKBAT.cleanStatic,24,2091,381690,5,3,1,1,1,1,True,0x2a2418b3
OAKBAT.cleanStatic,24,2091,381690,5,4,1,1,0,1,True,0x1c7fbfd9
OAKBAT.cleanStatic,24,2091,381690,5,5,0,1,0,1,True,0x00abb031
OAKBAT.cleanStatic,24,2091,381690,5,6,0,1,1,0,True,0x17bcb466
OAKBAT.cleanStatic,24,2091,381690,5,7,1,0,0,1,True,0x0111ae19
OAKBAT.cleanStatic,24,2091,381690,5,8,0,1,1,1,True,0x1640932f
OAKBAT.cleanStatic,24,2091,381690,5,9,1,1,1,0,True,0x0cd5273e
OAKBAT.cleanStatic,24,2091,381690,5,10,1,0,1,1,True,0x3bc009e7
OAKBAT.cleanStatic,24,2391,381696,1,1,1,1,1,0,True,0x1d3cd9f2
OAKBAT.cleanStatic,24,2391,381696,1,2,1,0,1,1,True,0x1f100913
OAKBAT.cleanStatic,24,2391,381696,1,3,1,1,0,0,True,0x3cebfffc
OAKBAT.cleanStatic,24,2391,381696,1,4,0,0,1,0,True,0x0aaaaa96
OAKBAT.cleanStatic,24,2391,381696,1,5,1,0,0,1,True,0x2aaaaa95
OAKBAT.cleanStatic,24,2391,381696,1,6,0,1,1,0,True,0x1555556a
OAKBAT.cleanStatic,24,2391,381696,1,7,1,0,1,1,True,0x00000187
OAKBAT.cleanStatic,24,2391,381696,1,8,1,1,0,1,True,0x32a844f5
OAKBAT.cleanStatic,24,2391,381696,1,9,0,1,0,1,True,0x3fc000d5
OAKBAT.cleanStatic,24,2391,381696,1,10,0,1,1,1,True,0x00587b47
OAKBAT.cleanStatic,24,2691,381702,2,1,1,1,1,0,True,0x1d3cd9f2
OAKBAT.cleanStatic,24,2691,381702,2,2,1,0,1,1,True,0x1f102a7b
OAKBAT.cleanStatic,24,2691,381702,2,3,1,1,0,0,True,0x32bf8744
OAKBAT.cleanStatic,24,2691,381702,2,4,0,0,0,0,True,0x0f204fe8
OAKBAT.cleanStatic,24,2691,381702,2,5,0,0,0,0,True,0x04549458
OAKBAT.cleanStatic,24,2691,381702,2,6,0,0,0,1,True,0x0070813d
OAKBAT.cleanStatic,24,2691,381702,2,7,0,1,0,0,True,0x05a19e40
OAKBAT.cleanStatic,24,2691,381702,2,8,0,0,0,1,True,0x03022849
OAKBAT.cleanStatic,24,2691,381702,2,9,0,1,1,0,True,0x3cb1eae2
OAKBAT.cleanStatic,24,2691,381702,2,10,1,0,1,1,True,0x17bb00e3
OAKBAT.cleanStatic,24,2991,381708,3,1,1,1,1,0,True,0x1d3cd9f2
OAKBAT.cleanStatic,24,2991,381708,3,2,1,0,1,1,True,0x1f104b0b
OAKBAT.cleanStatic,24,2991,381708,3,3,1,1,1,1,True,0x001774b7
OAKBAT.cleanStatic,24,2991,381708,3,4,1,1,1,0,True,0x1d6c30aa
OAKBAT.cleanStatic,24,2991,381708,3,5,1,0,0,0,True,0x0014c994
OAKBAT.cleanStatic,24,2991,381708,3,6,0,0,1,0,True,0x0a6ce236
OAKBAT.cleanStatic,24,2991,381708,3,7,1,0,1,1,True,0x0813c6ef
OAKBAT.cleanStatic,24,2991,381708,3,8,1,1,0,1,True,0x38918e71
OAKBAT.cleanStatic,24,2991,381708,3,9,0,1,0,0,True,0x001765f4
OAKBAT.cleanStatic,24,2991,381708,3,10,0,0,1,1,True,0x0d7ddd13
OAKBAT.cleanStatic,24,3291,381714,4,1,1,1,1,0,True,0x1d3cd9f2
OAKBAT.cleanStatic,24,3291,381714,4,2,1,0,1,1,True,0x1f106c4f
OAKBAT.cleanStatic,24,3291,381714,4,3,1,1,1,0,True,0x20555576
OAKBAT.cleanStatic,24,3291,381714,4,4,1,0,0,1,True,0x2aaaaa95
OAKBAT.cleanStatic,24,3291,381714,4,5,0,1,1,0,True,0x1555556a
OAKBAT.cleanStatic,24,3291,381714,4,6,1,0,0,1,True,0x2aaaaa95
OAKBAT.cleanStatic,24,3291,381714,4,7,0,1,1,0,True,0x1555556a
OAKBAT.cleanStatic,24,3291,381714,4,8,1,0,0,1,True,0x2aaaaa95
OAKBAT.cleanStatic,24,3291,381714,4,9,0,1,1,0,True,0x1555556a
OAKBAT.cleanStatic,24,3291,381714,4,10,1,0,1,1,True,0x2aaaaa63
OAKBAT.cleanStatic,24,3591,381720,5,1,1,1,1,0,True,0x1d3cd9f2
OAKBAT.cleanStatic,24,3591,381720,5,2,1,0,1,1,True,0x1f108d73
OAKBAT.cleanStatic,24,3591,381720,5,3,1,1,0,0,True,0x29ec5a30
OAKBAT.cleanStatic,24,3591,381720,5,4,0,0,1,0,True,0x23bf0c96
OAKBAT.cleanStatic,24,3591,381720,5,5,1,0,1,1,True,0x3f4a4007
OAKBAT.cleanStatic,24,3591,381720,5,6,1,1,1,1,True,0x17bcb13b
OAKBAT.cleanStatic,24,3591,381720,5,7,1,1,0,0,True,0x34a19b34
OAKBAT.cleanStatic,24,3591,381720,5,8,0,0,1,0,True,0x06c78fde
OAKBAT.cleanStatic,24,3591,381720,5,9,1,0,0,0,True,0x2e4330b4
OAKBAT.cleanStatic,24,3591,381720,5,10,0,0,1,1,True,0x3f80054f
OAKBAT.cleanStatic,24,3891,381726,1,1,1,1,1,0,True,0x1d3cd9f2
OAKBAT.cleanStatic,24,3891,381726,1,2,1,0,1,1,True,0x1f10a98f
OAKBAT.cleanStatic,24,3891,381726,1,3,1,1,0,0,True,0x3cebfffc
OAKBAT.cleanStatic,24,3891,381726,1,4,0,0,1,0,True,0x0aaaaa96
OAKBAT.cleanStatic,24,3891,381726,1,5,1,0,0,1,True,0x2aaaaa95
OAKBAT.cleanStatic,24,3891,381726,1,6,0,1,1,0,True,0x1555556a
OAKBAT.cleanStatic,24,3891,381726,1,7,1,0,1,1,True,0x00000187
OAKBAT.cleanStatic,24,3891,381726,1,8,1,1,0,1,True,0x32a844f5
OAKBAT.cleanStatic,24,3891,381726,1,9,0,1,0,1,True,0x3fc000d5
OAKBAT.cleanStatic,24,3891,381726,1,10,0,1,1,1,True,0x00587b47
OAKBAT.cleanStatic,24,4191,381732,2,1,1,1,1,0,True,0x1d3cd9f2
OAKBAT.cleanStatic,24,4191,381732,2,2,1,0,1,1,True,0x1f10ca1f
OAKBAT.cleanStatic,24,4191,381732,2,3,1,1,0,0,True,0x32bf8744
OAKBAT.cleanStatic,24,4191,381732,2,4,0,0,0,0,True,0x0f204fe8
OAKBAT.cleanStatic,24,4191,381732,2,5,0,0,0,0,True,0x04549458
OAKBAT.cleanStatic,24,4191,381732,2,6,0,0,0,1,True,0x0070813d
OAKBAT.cleanStatic,24,4191,381732,2,7,0,1,0,0,True,0x05a19e40
OAKBAT.cleanStatic,24,4191,381732,2,8,0,0,0,1,True,0x03022849
OAKBAT.cleanStatic,24,4191,381732,2,9,0,1,1,0,True,0x3cb1eae2
OAKBAT.cleanStatic,24,4191,381732,2,10,1,0,1,1,True,0x17bb00e3
OAKBAT.cleanStatic,24,4491,381738,3,1,1,1,1,0,True,0x1d3cd9f2
OAKBAT.cleanStatic,24,4491,381738,3,2,1,0,1,1,True,0x1f10eb97
OAKBAT.cleanStatic,24,4491,381738,3,3,1,1,1,1,True,0x001774b7
OAKBAT.cleanStatic,24,4491,381738,3,4,1,1,1,0,True,0x1d6c30aa
OAKBAT.cleanStatic,24,4491,381738,3,5,1,0,0,0,True,0x0014c994
OAKBAT.cleanStatic,24,4491,381738,3,6,0,0,1,0,True,0x0a6ce236
OAKBAT.cleanStatic,24,4491,381738,3,7,1,0,1,1,True,0x0813c6ef
OAKBAT.cleanStatic,24,4491,381738,3,8,1,1,0,1,True,0x38918e71
OAKBAT.cleanStatic,24,4491,381738,3,9,0,1,0,0,True,0x001765f4
OAKBAT.cleanStatic,24,4491,381738,3,10,0,0,1,1,True,0x0d7ddd13
OAKBAT.cleanStatic,24,4791,381744,4,1,1,1,1,0,True,0x1d3cd9f2
OAKBAT.cleanStatic,24,4791,381744,4,2,1,0,1,1,True,0x1f110caf
OAKBAT.cleanStatic,24,4791,381744,4,3,1,1,1,0,True,0x20111132
OAKBAT.cleanStatic,24,4791,381744,4,4,1,0,0,1,True,0x2eeeeecd
OAKBAT.cleanStatic,24,4791,381744,4,5,0,1,1,0,True,0x11111132
OAKBAT.cleanStatic,24,4791,381744,4,6,1,0,0,1,True,0x2eeeeecd
OAKBAT.cleanStatic,24,4791,381744,4,7,0,1,1,0,True,0x11111132
OAKBAT.cleanStatic,24,4791,381744,4,8,1,0,1,0,True,0x2eeec03e
OAKBAT.cleanStatic,24,4791,381744,4,9,1,0,0,1,True,0x00000029
OAKBAT.cleanStatic,24,4791,381744,4,10,0,1,1,1,True,0x3f03ffbf
OAKBAT.cleanStatic,24,5091,381750,5,1,1,1,1,0,True,0x1d3cd9f2
OAKBAT.cleanStatic,24,5091,381750,5,2,1,0,1,1,True,0x1f112d27
OAKBAT.cleanStatic,24,5091,381750,5,3,1,1,1,0,True,0x231c7386
OAKBAT.cleanStatic,24,5091,381750,5,4,1,0,0,1,True,0x00000029
OAKBAT.cleanStatic,24,5091,381750,5,5,0,1,1,0,True,0x3fffffd6
OAKBAT.cleanStatic,24,5091,381750,5,6,1,0,0,1,True,0x00000029
OAKBAT.cleanStatic,24,5091,381750,5,7,0,1,1,0,True,0x3fffffd6
OAKBAT.cleanStatic,24,5091,381750,5,8,1,0,1,1,True,0x00fc0013
OAKBAT.cleanStatic,24,5091,381750,5,9,1,1,0,1,True,0x3ffc0ff9
OAKBAT.cleanStatic,24,5091,381750,5,10,0,1,1,1,True,0x155555cf
OAKBAT.cleanStatic,24,5391,381756,1,1,1,1,1,0,True,0x1d3cd9f2
OAKBAT.cleanStatic,24,5391,381756,1,2,1,0,1,1,True,0x1f114923
OAKBAT.cleanStatic,24,5391,381756,1,3,1,1,0,0,True,0x3cebfffc
OAKBAT.cleanStatic,24,5391,381756,1,4,0,0,1,0,True,0x0aaaaa96
OAKBAT.cleanStatic,24,5391,381756,1,5,1,0,0,1,True,0x2aaaaa95
OAKBAT.cleanStatic,24,5391,381756,1,6,0,1,1,0,True,0x1555556a
OAKBAT.cleanStatic,24,5391,381756,1,7,1,0,1,1,True,0x00000187
OAKBAT.cleanStatic,24,5391,381756,1,8,1,1,0,1,True,0x32a844f5
OAKBAT.cleanStatic,24,5391,381756,1,9,0,1,0,1,True,0x3fc000d5
OAKBAT.cleanStatic,24,5391,381756,1,10,0,1,1,1,True,0x00587b47
OAKBAT.cleanStatic,24,5691,381762,2,1,1,1,1,0,True,0x1d3cd9f2
OAKBAT.cleanStatic,24,5691,381762,2,2,1,0,1,1,True,0x1f116a4b
OAKBAT.cleanStatic,24,5691,381762,2,3,1,1,0,0,True,0x32bf8744
OAKBAT.cleanStatic,24,5691,381762,2,4,0,0,0,0,True,0x0f204fe8
OAKBAT.cleanStatic,24,5691,381762,2,5,0,0,0,0,True,0x04549458
OAKBAT.cleanStatic,24,5691,381762,2,6,0,0,0,1,True,0x0070813d
OAKBAT.cleanStatic,24,5691,381762,2,7,0,1,0,0,True,0x05a19e40
OAKBAT.cleanStatic,24,5691,381762,2,8,0,0,0,1,True,0x03022849
OAKBAT.cleanStatic,24,5691,381762,2,9,0,1,1,0,True,0x3cb1eae2
OAKBAT.cleanStatic,24,5691,381762,2,10,1,0,1,1,True,0x17bb00e3
OAKBAT.cleanStatic,24,5991,381768,3,1,1,1,1,0,True,0x1d3cd9f2
OAKBAT.cleanStatic,24,5991,381768,3,2,1,0,1,1,True,0x1f118b77
OAKBAT.cleanStatic,24,5991,381768,3,3,1,1,1,1,True,0x001774b7
OAKBAT.cleanStatic,24,5991,381768,3,4,1,1,1,0,True,0x1d6c30aa
OAKBAT.cleanStatic,24,5991,381768,3,5,1,0,0,0,True,0x0014c994
OAKBAT.cleanStatic,24,5991,381768,3,6,0,0,1,0,True,0x0a6ce236
OAKBAT.cleanStatic,24,5991,381768,3,7,1,0,1,1,True,0x0813c6ef
OAKBAT.cleanStatic,24,5991,381768,3,8,1,1,0,1,True,0x38918e71
OAKBAT.cleanStatic,24,5991,381768,3,9,0,1,0,0,True,0x001765f4
OAKBAT.cleanStatic,24,5991,381768,3,10,0,0,1,1,True,0x0d7ddd13
OAKBAT.cleanStatic,24,6291,381774,4,1,1,1,1,0,True,0x1d3cd9f2
OAKBAT.cleanStatic,24,6291,381774,4,2,1,0,1,1,True,0x1f11ac33
OAKBAT.cleanStatic,24,6291,381774,4,3,1,1,1,0,True,0x21955556
OAKBAT.cleanStatic,24,6291,381774,4,4,1,0,0,1,True,0x2aaaaa95
OAKBAT.cleanStatic,24,6291,381774,4,5,0,1,1,0,True,0x1555556a
OAKBAT.cleanStatic,24,6291,381774,4,6,1,0,0,1,True,0x2aaaaa95
OAKBAT.cleanStatic,24,6291,381774,4,7,0,1,1,0,True,0x1555556a
OAKBAT.cleanStatic,24,6291,381774,4,8,1,0,0,1,True,0x2aaaaa95
OAKBAT.cleanStatic,24,6291,381774,4,9,0,1,1,0,True,0x1555556a
OAKBAT.cleanStatic,24,6291,381774,4,10,1,0,1,1,True,0x2aaaaa63
OAKBAT.cleanStatic,24,6591,381780,5,1,1,1,1,0,True,0x1d3cd9f2
OAKBAT.cleanStatic,24,6591,381780,5,2,1,0,1,1,True,0x1f11cd43
OAKBAT.cleanStatic,24,6591,381780,5,3,1,1,1,1,True,0x2fac7a7b
OAKBAT.cleanStatic,24,6591,381780,5,4,1,1,0,0,True,0x1c7a0840
OAKBAT.cleanStatic,24,6591,381780,5,5,0,0,1,1,True,0x3f4e8007
OAKBAT.cleanStatic,24,6591,381780,5,6,1,1,1,0,True,0x17bcbbc2
OAKBAT.cleanStatic,24,6591,381780,5,7,1,0,1,0,True,0x2c0a5fca
OAKBAT.cleanStatic,24,6591,381780,5,8,1,0,1,1,True,0x07b6508f
OAKBAT.cleanStatic,24,6591,381780,5,9,1,1,1,1,True,0x13c52027
OAKBAT.cleanStatic,24,6591,381780,5,10,1,1,1,1,True,0x0ac0121b
OAKBAT.cleanStatic,24,6891,381786,1,1,1,1,1,0,True,0x1d3cd9f2
OAKBAT.cleanStatic,24,6891,381786,1,2,1,0,1,1,True,0x1f11e9bf
OAKBAT.cleanStatic,24,6891,381786,1,3,1,1,0,0,True,0x3cebfffc
OAKBAT.cleanStatic,24,6891,381786,1,4,0,0,1,0,True,0x0aaaaa96
OAKBAT.cleanStatic,24,6891,381786,1,5,1,0,0,1,True,0x2aaaaa95
OAKBAT.cleanStatic,24,6891,381786,1,6,0,1,1,0,True,0x1555556a
OAKBAT.cleanStatic,24,6891,381786,1,7,1,0,1,1,True,0x00000187
OAKBAT.cleanStatic,24,6891,381786,1,8,1,1,0,1,True,0x32a844f5
OAKBAT.cleanStatic,24,6891,381786,1,9,0,1,0,1,True,0x3fc000d5
OAKBAT.cleanStatic,24,6891,381786,1,10,0,1,1,1,True,0x00587b47
OAKBAT.cleanStatic,24,7191,381792,2,1,1,1,1,0,True,0x1d3cd9f2
OAKBAT.cleanStatic,24,7191,381792,2,2,1,0,1,1,True,0x1f120a33
OAKBAT.cleanStatic,24,7191,381792,2,3,1,1,0,0,True,0x32bf8744
OAKBAT.cleanStatic,24,7191,381792,2,4,0,0,0,0,True,0x0f204fe8
OAKBAT.cleanStatic,24,7191,381792,2,5,0,0,0,0,True,0x04549458
OAKBAT.cleanStatic,24,7191,381792,2,6,0,0,0,1,True,0x0070813d
OAKBAT.cleanStatic,24,7191,381792,2,7,0,1,0,0,True,0x05a19e40
OAKBAT.cleanStatic,24,7191,381792,2,8,0,0,0,1,True,0x03022849
OAKBAT.cleanStatic,24,7191,381792,2,9,0,1,1,0,True,0x3cb1eae2
OAKBAT.cleanStatic,24,7191,381792,2,10,1,0,1,1,True,0x17bb00e3
OAKBAT.cleanStatic,24,7491,381798,3,1,1,1,1,0,True,0x1d3cd9f2
OAKBAT.cleanStatic,24,7491,381798,3,2,1,0,1,1,True,0x1f122bbb
OAKBAT.cleanStatic,24,7491,381798,3,3,1,1,1,1,True,0x001774b7
OAKBAT.cleanStatic,24,7491,381798,3,4,1,1,1,0,True,0x1d6c30aa
OAKBAT.cleanStatic,24,7491,381798,3,5,1,0,0,0,True,0x0014c994
OAKBAT.cleanStatic,24,7491,381798,3,6,0,0,1,0,True,0x0a6ce236
OAKBAT.cleanStatic,24,7491,381798,3,7,1,0,1,1,True,0x0813c6ef
OAKBAT.cleanStatic,24,7491,381798,3,8,1,1,0,1,True,0x38918e71
OAKBAT.cleanStatic,24,7491,381798,3,9,0,1,0,0,True,0x001765f4
OAKBAT.cleanStatic,24,7491,381798,3,10,0,0,1,1,True,0x0d7ddd13
OAKBAT.cleanStatic,24,7791,381804,4,1,1,1,1,0,True,0x1d3cd9f2
OAKBAT.cleanStatic,24,7791,381804,4,2,1,0,1,1,True,0x1f124c07
OAKBAT.cleanStatic,24,7791,381804,4,3,1,1,0,0,True,0x29ad1bf0
OAKBAT.cleanStatic,24,7791,381804,4,4,0,0,0,0,True,0x2383df20
OAKBAT.cleanStatic,24,7791,381804,4,5,0,0,1,0,True,0x3f50c01e
OAKBAT.cleanStatic,24,7791,381804,4,6,1,0,1,1,True,0x284327d7
OAKBAT.cleanStatic,24,7791,381804,4,7,1,1,1,0,True,0x2956e792
OAKBAT.cleanStatic,24,7791,381804,4,8,1,0,0,1,True,0x0944c575
OAKBAT.cleanStatic,24,7791,381804,4,9,0,1,1,1,True,0x24cdef4f
OAKBAT.cleanStatic,24,7791,381804,4,10,1,1,1,1,True,0x007ff0bf
OAKBAT.cleanStatic,24,8091,381810,5,1,1,1,1,0,True,0x1d3cd9f2
OAKBAT.cleanStatic,24,8091,381810,5,2,1,0,1,1,True,0x1f126d8f
OAKBAT.cleanStatic,24,8091,381810,5,3,1,1,1,0,True,0x2f57740a
OAKBAT.cleanStatic,24,8091,381810,5,4,1,0,0,0,True,0x23828db8
OAKBAT.cleanStatic,24,8091,381810,5,5,0,0,1,1,True,0x3f51403f
OAKBAT.cleanStatic,24,8091,381810,5,6,1,1,1,0,True,0x17bcadca
OAKBAT.cleanStatic,24,8091,381810,5,7,1,0,1,0,True,0x2b472752
OAKBAT.cleanStatic,24,8091,381810,5,8,1,0,1,0,True,0x2f3caeae
OAKBAT.cleanStatic,24,8091,381810,5,9,1,0,0,0,True,0x2edb2b7c
OAKBAT.cleanStatic,24,8091,381810,5,10,0,0,1,1,True,0x323ff307
OAKBAT.cleanStatic,24,8391,381816,1,1,1,1,1,0,True,0x1d3cd9f2
OAKBAT.cleanStatic,24,8391,381816,1,2,1,0,1,1,True,0x1f1289c7
OAKBAT.cleanStatic,24,8391,381816,1,3,1,1,0,0,True,0x3cebfffc
OAKBAT.cleanStatic,24,8391,381816,1,4,0,0,1,0,True,0x0aaaaa96
OAKBAT.cleanStatic,24,8391,381816,1,5,1,0,0,1,True,0x2aaaaa95
OAKBAT.cleanStatic,24,8391,381816,1,6,0,1,1,0,True,0x1555556a
OAKBAT.cleanStatic,24,8391,381816,1,7,1,0,1,1,True,0x00000187
OAKBAT.cleanStatic,24,8391,381816,1,8,1,1,0,1,True,0x32a844f5
OAKBAT.cleanStatic,24,8391,381816,1,9,0,1,0,1,True,0x3fc000d5
OAKBAT.cleanStatic,24,8391,381816,1,10,0,1,1,1,True,0x00587b47
OAKBAT.cleanStatic,24,8691,381822,2,1,1,1,1,0,True,0x1d3cd9f2
OAKBAT.cleanStatic,24,8691,381822,2,2,1,0,1,1,True,0x1f12aaaf
OAKBAT.cleanStatic,24,8691,381822,2,3,1,1,0,0,True,0x32bf8744
OAKBAT.cleanStatic,24,8691,381822,2,4,0,0,0,0,True,0x0f204fe8
OAKBAT.cleanStatic,24,8691,381822,2,5,0,0,0,0,True,0x04549458
OAKBAT.cleanStatic,24,8691,381822,2,6,0,0,0,1,True,0x0070813d
OAKBAT.cleanStatic,24,8691,381822,2,7,0,1,0,0,True,0x05a19e40
OAKBAT.cleanStatic,24,8691,381822,2,8,0,0,0,1,True,0x03022849
OAKBAT.cleanStatic,24,8691,381822,2,9,0,1,1,0,True,0x3cb1eae2
OAKBAT.cleanStatic,24,8691,381822,2,10,1,0,1,1,True,0x17bb00e3
OAKBAT.cleanStatic,24,8991,381828,3,1,1,1,1,0,True,0x1d3cd9f2
OAKBAT.cleanStatic,24,8991,381828,3,2,1,0,1,1,True,0x1f12cbdf
OAKBAT.cleanStatic,24,8991,381828,3,3,1,1,1,1,True,0x001774b7
OAKBAT.cleanStatic,24,8991,381828,3,4,1,1,1,0,True,0x1d6c30aa
OAKBAT.cleanStatic,24,8991,381828,3,5,1,0,0,0,True,0x0014c994
OAKBAT.cleanStatic,24,8991,381828,3,6,0,0,1,0,True,0x0a6ce236
OAKBAT.cleanStatic,24,8991,381828,3,7,1,0,1,1,True,0x0813c6ef
OAKBAT.cleanStatic,24,8991,381828,3,8,1,1,0,1,True,0x38918e71
OAKBAT.cleanStatic,24,8991,381828,3,9,0,1,0,0,True,0x001765f4
OAKBAT.cleanStatic,24,8991,381828,3,10,0,0,1,1,True,0x0d7ddd13
OAKBAT.cleanStatic,24,9291,381834,4,1,1,1,1,0,True,0x1d3cd9f2
OAKBAT.cleanStatic,24,9291,381834,4,2,1,0,1,1,True,0x1f12ec9b
OAKBAT.cleanStatic,24,9291,381834,4,3,1,1,0,1,True,0x297652b9
OAKBAT.cleanStatic,24,9291,381834,4,4,0,1,1,1,True,0x1c7f35b3
OAKBAT.cleanStatic,24,9291,381834,4,5,1,1,1,0,True,0x00b2bfea
OAKBAT.cleanStatic,24,9291,381834,4,6,1,0,1,0,True,0x28432c76
OAKBAT.cleanStatic,24,9291,381834,4,7,1,0,1,1,True,0x16504d63
OAKBAT.cleanStatic,24,9291,381834,4,8,1,1,0,1,True,0x3ddcfa05
OAKBAT.cleanStatic,24,9291,381834,4,9,0,1,0,1,True,0x2b8e62a9
OAKBAT.cleanStatic,24,9291,381834,4,10,0,1,1,1,True,0x3a7fec9b
OAKBAT.cleanStatic,24,9591,381840,5,1,1,1,1,0,True,0x1d3cd9f2
OAKBAT.cleanStatic,24,9591,381840,5,2,1,0,1,1,True,0x1f130d6f
OAKBAT.cleanStatic,24,9591,381840,5,3,1,1,0,0,True,0x2f3a8d20
OAKBAT.cleanStatic,24,9591,381840,5,4,0,0,0,1,True,0x2383af69
OAKBAT.cleanStatic,24,9591,381840,5,5,0,1,0,0,True,0x00ae7ff8
OAKBAT.cleanStatic,24,9591,381840,5,6,0,0,0,0,True,0x284332b8
OAKBAT.cleanStatic,24,9591,381840,5,7,0,0,0,0,True,0x36a5f280
OAKBAT.cleanStatic,24,9591,381840,5,8,0,0,1,1,True,0x072b2563
OAKBAT.cleanStatic,24,9591,381840,5,9,1,1,1,1,True,0x1ed4612f
OAKBAT.cleanStatic,24,9591,381840,5,10,1,1,1,1,True,0x03c01763
OAKBAT.cleanStatic,24,9891,381846,1,1,1,1,1,0,True,0x1d3cd9f2
OAKBAT.cleanStatic,24,9891,381846,1,2,1,0,1,1,True,0x1f132993
OAKBAT.cleanStatic,24,9891,381846,1,3,1,1,0,0,True,0x3cebfffc
OAKBAT.cleanStatic,24,9891,381846,1,4,0,0,1,0,True,0x0aaaaa96
OAKBAT.cleanStatic,24,9891,381846,1,5,1,0,0,1,True,0x2aaaaa95
OAKBAT.cleanStatic,24,9891,381846,1,6,0,1,1,0,True,0x1555556a
OAKBAT.cleanStatic,24,9891,381846,1,7,1,0,1,1,True,0x00000187
OAKBAT.cleanStatic,24,9891,381846,1,8,1,1,0,1,True,0x32a844f5
OAKBAT.cleanStatic,24,9891,381846,1,9,0,1,0,1,True,0x3fc000d5
OAKBAT.cleanStatic,24,9891,381846,1,10,0,1,1,1,True,0x00587b47
OAKBAT.cleanStatic,24,10191,381852,2,1,1,1,1,0,True,0x1d3cd9f2
OAKBAT.cleanStatic,24,10191,381852,2,2,1,0,1,1,True,0x1f134a03
OAKBAT.cleanStatic,24,10191,381852,2,3,1,1,0,0,True,0x32bf8744
OAKBAT.cleanStatic,24,10191,381852,2,4,0,0,0,0,True,0x0f204fe8
OAKBAT.cleanStatic,24,10191,381852,2,5,0,0,0,0,True,0x04549458
OAKBAT.cleanStatic,24,10191,381852,2,6,0,0,0,1,True,0x0070813d
OAKBAT.cleanStatic,24,10191,381852,2,7,0,1,0,0,True,0x05a19e40
OAKBAT.cleanStatic,24,10191,381852,2,8,0,0,0,1,True,0x03022849
OAKBAT.cleanStatic,24,10191,381852,2,9,0,1,1,0,True,0x3cb1eae2
OAKBAT.cleanStatic,24,10191,381852,2,10,1,0,1,1,True,0x17bb00e3
OAKBAT.cleanStatic,24,10491,381858,3,1,1,1,1,0,True,0x1d3cd9f2
OAKBAT.cleanStatic,24,10491,381858,3,2,1,0,1,1,True,0x1f136b8b
OAKBAT.cleanStatic,24,10491,381858,3,3,1,1,1,1,True,0x001774b7
OAKBAT.cleanStatic,24,10491,381858,3,4,1,1,1,0,True,0x1d6c30aa
OAKBAT.cleanStatic,24,10491,381858,3,5,1,0,0,0,True,0x0014c994
OAKBAT.cleanStatic,24,10491,381858,3,6,0,0,1,0,True,0x0a6ce236
OAKBAT.cleanStatic,24,10491,381858,3,7,1,0,1,1,True,0x0813c6ef
OAKBAT.cleanStatic,24,10491,381858,3,8,1,1,0,1,True,0x38918e71
OAKBAT.cleanStatic,24,10491,381858,3,9,0,1,0,0,True,0x001765f4
OAKBAT.cleanStatic,24,10491,381858,3,10,0,0,1,1,True,0x0d7ddd13
OAKBAT.cleanStatic,24,10791,381864,4,1,1,1,1,0,True,0x1d3cd9f2
OAKBAT.cleanStatic,24,10791,381864,4,2,1,0,1,1,True,0x1f138c7b
OAKBAT.cleanStatic,24,10791,381864,4,3,1,1,0,1,True,0x292f76c1
OAKBAT.cleanStatic,24,10791,381864,4,4,0,1,0,0,True,0x1c7a1ae8
OAKBAT.cleanStatic,24,10791,381864,4,5,0,0,1,0,True,0x3f56000a
OAKBAT.cleanStatic,24,10791,381864,4,6,1,0,0,0,True,0x28435344
OAKBAT.cleanStatic,24,10791,381864,4,7,0,0,1,1,True,0x214aea77
OAKBAT.cleanStatic,24,10791,381864,4,8,1,1,0,1,True,0x3aaf21a9
OAKBAT.cleanStatic,24,10791,381864,4,9,0,1,0,0,True,0x3de84034
OAKBAT.cleanStatic,24,10791,381864,4,10,0,0,1,1,True,0x383fe98b
OAKBAT.cleanStatic,24,11091,381870,5,1,1,1,1,0,True,0x1d3cd9f2
OAKBAT.cleanStatic,24,11091,381870,5,2,1,0,1,1,True,0x1f13adf3
OAKBAT.cleanStatic,24,11091,381870,5,3,1,1,0,0,True,0x2efeb900
OAKBAT.cleanStatic,24,11091,381870,5,4,0,0,0,1,True,0x2382ef59
OAKBAT.cleanStatic,24,11091,381870,5,5,0,1,1,0,True,0x00acffda
OAKBAT.cleanStatic,24,11091,381870,5,6,1,0,1,1,True,0x28436ae7
OAKBAT.cleanStatic,24,11091,381870,5,7,1,1,0,0,True,0x3e5e2abc
OAKBAT.cleanStatic,24,11091,381870,5,8,0,0,1,1,True,0x24b83ff3
OAKBAT.cleanStatic,24,11091,381870,5,9,1,1,0,0,True,0x079d4884
OAKBAT.cleanStatic,24,11091,381870,5,10,0,0,1,1,True,0x3dfffc07
OAKBAT.cleanStatic,24,11391,381876,1,1,1,1,1,0,True,0x1d3cd9f2
OAKBAT.cleanStatic,24,11391,381876,1,2,1,0,1,1,True,0x1f13c9f7
OAKBAT.cleanStatic,24,11391,381876,1,3,1,1,0,0,True,0x3cebfffc
OAKBAT.cleanStatic,24,11391,381876,1,4,0,0,1,0,True,0x0aaaaa96
OAKBAT.cleanStatic,24,11391,381876,1,5,1,0,0,1,True,0x2aaaaa95
OAKBAT.cleanStatic,24,11391,381876,1,6,0,1,1,0,True,0x1555556a
OAKBAT.cleanStatic,24,11391,381876,1,7,1,0,1,1,True,0x00000187
OAKBAT.cleanStatic,24,11391,381876,1,8,1,1,0,1,True,0x32a844f5
OAKBAT.cleanStatic,24,11391,381876,1,9,0,1,0,1,True,0x3fc000d5
OAKBAT.cleanStatic,24,11391,381876,1,10,0,1,1,1,True,0x00587b47
OAKBAT.cleanStatic,24,11691,381882,2,1,1,1,1,0,True,0x1d3cd9f2
OAKBAT.cleanStatic,24,11691,381882,2,2,1,0,1,1,True,0x1f13ea9f
OAKBAT.cleanStatic,24,11691,381882,2,3,1,1,0,0,True,0x32bf8744
OAKBAT.cleanStatic,24,11691,381882,2,4,0,0,0,0,True,0x0f204fe8
OAKBAT.cleanStatic,24,11691,381882,2,5,0,0,0,0,True,0x04549458
OAKBAT.cleanStatic,24,11691,381882,2,6,0,0,0,1,True,0x0070813d
OAKBAT.cleanStatic,24,11691,381882,2,7,0,1,0,0,True,0x05a19e40
OAKBAT.cleanStatic,24,11691,381882,2,8,0,0,0,1,True,0x03022849
OAKBAT.cleanStatic,24,11691,381882,2,9,0,1,1,0,True,0x3cb1eae2
OAKBAT.cleanStatic,24,11691,381882,2,10,1,0,1,1,True,0x17bb00e3
OAKBAT.cleanStatic,24,11991,381888,3,1,1,1,1,0,True,0x1d3cd9f2
OAKBAT.cleanStatic,24,11991,381888,3,2,1,0,1,1,True,0x1f140bcb
OAKBAT.cleanStatic,24,11991,381888,3,3,1,1,1,1,True,0x001774b7
OAKBAT.cleanStatic,24,11991,381888,3,4,1,1,1,0,True,0x1d6c30aa
OAKBAT.cleanStatic,24,11991,381888,3,5,1,0,0,0,True,0x0014c994
OAKBAT.cleanStatic,24,11991,381888,3,6,0,0,1,0,True,0x0a6ce236
OAKBAT.cleanStatic,24,11991,381888,3,7,1,0,1,1,True,0x0813c6ef
OAKBAT.cleanStatic,24,11991,381888,3,8,1,1,0,1,True,0x38918e71
OAKBAT.cleanStatic,24,11991,381888,3,9,0,1,0,0,True,0x001765f4
OAKBAT.cleanStatic,24,11991,381888,3,10,0,0,1,1,True,0x0d7ddd13
OAKBAT.cleanStatic,24,12291,381894,4,1,1,1,1,0,True,0x1d3cd9f2
OAKBAT.cleanStatic,24,12291,381894,4,2,1,0,1,1,True,0x1f142c8f
OAKBAT.cleanStatic,24,12291,381894,4,3,1,1,1,0,True,0x28da07d2
OAKBAT.cleanStatic,24,12291,381894,4,4,1,0,0,0,True,0x2385d408
OAKBAT.cleanStatic,24,12291,381894,4,5,0,0,0,1,True,0x3f4f8039
OAKBAT.cleanStatic,24,12291,381894,4,6,0,1,0,0,True,0x17bca8c4
OAKBAT.cleanStatic,24,12291,381894,4,7,0,0,1,1,True,0x17959faf
OAKBAT.cleanStatic,24,12291,381894,4,8,1,1,1,0,True,0x0e612f0e
OAKBAT.cleanStatic,24,12291,381894,4,9,1,0,0,0,True,0x096c50ec
OAKBAT.cleanStatic,24,12291,381894,4,10,0,0,1,1,True,0x17ffff77
OAKBAT.cleanStatic,24,12591,381900,5,1,1,1,1,0,True,0x1d3cd9f2
OAKBAT.cleanStatic,24,12591,381900,5,2,1,0,1,1,True,0x1f144dff
OAKBAT.cleanStatic,24,12591,381900,5,3,1,1,0,0,True,0x2eb42fe0
OAKBAT.cleanStatic,24,12591,381900,5,4,0,0,0,0,True,0x23818ba8
OAKBAT.cleanStatic,24,12591,381900,5,5,0,0,1,0,True,0x3f4e4016
OAKBAT.cleanStatic,24,12591,381900,5,6,1,0,0,0,True,0x28434038
OAKBAT.cleanStatic,24,12591,381900,5,7,0,0,0,0,True,0x36553254
OAKBAT.cleanStatic,24,12591,381900,5,8,0,0,0,1,True,0x0807e4ed
OAKBAT.cleanStatic,24,12591,381900,5,9,0,1,1,0,True,0x3621faae
OAKBAT.cleanStatic,24,12591,381900,5,10,1,0,1,1,True,0x3f80067b
OAKBAT.cleanStatic,24,12891,381906,1,1,1,1,1,0,True,0x1d3cd9f2
OAKBAT.cleanStatic,24,12891,381906,1,2,1,0,1,1,True,0x1f146903
OAKBAT.cleanStatic,24,12891,381906,1,3,1,1,0,0,True,0x3cebfffc
OAKBAT.cleanStatic,24,12891,381906,1,4,0,0,1,0,True,0x0aaaaa96
OAKBAT.cleanStatic,24,12891,381906,1,5,1,0,0,1,True,0x2aaaaa95
OAKBAT.cleanStatic,24,12891,381906,1,6,0,1,1,0,True,0x1555556a
OAKBAT.cleanStatic,24,12891,381906,1,7,1,0,1,1,True,0x00000187
OAKBAT.cleanStatic,24,12891,381906,1,8,1,1,0,1,True,0x32a844f5
OAKBAT.cleanStatic,24,12891,381906,1,9,0,1,0,1,True,0x3fc000d5
OAKBAT.cleanStatic,24,12891,381906,1,10,0,1,1,1,True,0x00587b47
OAKBAT.cleanStatic,24,13191,381912,2,1,1,1,1,0,True,0x1d3cd9f2
OAKBAT.cleanStatic,24,13191,381912,2,2,1,0,1,1,True,0x1f148adf
OAKBAT.cleanStatic,24,13191,381912,2,3,1,1,0,0,True,0x32bf8744
OAKBAT.cleanStatic,24,13191,381912,2,4,0,0,0,0,True,0x0f204fe8
OAKBAT.cleanStatic,24,13191,381912,2,5,0,0,0,0,True,0x04549458
OAKBAT.cleanStatic,24,13191,381912,2,6,0,0,0,1,True,0x0070813d
OAKBAT.cleanStatic,24,13191,381912,2,7,0,1,0,0,True,0x05a19e40
OAKBAT.cleanStatic,24,13191,381912,2,8,0,0,0,1,True,0x03022849
OAKBAT.cleanStatic,24,13191,381912,2,9,0,1,1,0,True,0x3cb1eae2
OAKBAT.cleanStatic,24,13191,381912,2,10,1,0,1,1,True,0x17bb00e3
OAKBAT.cleanStatic,24,13491,381918,3,1,1,1,1,0,True,0x1d3cd9f2
OAKBAT.cleanStatic,24,13491,381918,3,2,1,0,1,1,True,0x1f14ab57
OAKBAT.cleanStatic,24,13491,381918,3,3,1,1,1,1,True,0x001774b7
OAKBAT.cleanStatic,24,13491,381918,3,4,1,1,1,0,True,0x1d6c30aa
OAKBAT.cleanStatic,24,13491,381918,3,5,1,0,0,0,True,0x0014c994
OAKBAT.cleanStatic,24,13491,381918,3,6,0,0,1,0,True,0x0a6ce236
OAKBAT.cleanStatic,24,13491,381918,3,7,1,0,1,1,True,0x0813c6ef
OAKBAT.cleanStatic,24,13491,381918,3,8,1,1,0,1,True,0x38918e71
OAKBAT.cleanStatic,24,13491,381918,3,9,0,1,0,0,True,0x001765f4
OAKBAT.cleanStatic,24,13491,381918,3,10,0,0,1,1,True,0x0d7ddd13
OAKBAT.cleanStatic,24,13791,381924,4,1,1,1,1,0,True,0x1d3cd9f2
OAKBAT.cleanStatic,24,13791,381924,4,2,1,0,1,1,True,0x1f14cceb
OAKBAT.cleanStatic,24,13791,381924,4,3,1,1,1,0,True,0x21955556
OAKBAT.cleanStatic,24,13791,381924,4,4,1,0,0,1,True,0x2aaaaa95
OAKBAT.cleanStatic,24,13791,381924,4,5,0,1,1,0,True,0x1555556a
OAKBAT.cleanStatic,24,13791,381924,4,6,1,0,0,1,True,0x2aaaaa95
OAKBAT.cleanStatic,24,13791,381924,4,7,0,1,1,0,True,0x1555556a
OAKBAT.cleanStatic,24,13791,381924,4,8,1,0,0,1,True,0x2aaaaa95
OAKBAT.cleanStatic,24,13791,381924,4,9,0,1,1,0,True,0x1555556a
OAKBAT.cleanStatic,24,13791,381924,4,10,1,0,1,1,True,0x2aaaaa63
OAKBAT.cleanStatic,24,14091,381930,5,1,1,1,1,0,True,0x1d3cd9f2
OAKBAT.cleanStatic,24,14091,381930,5,2,1,0,1,1,True,0x1f14ed63
OAKBAT.cleanStatic,24,14091,381930,5,3,1,1,0,0,True,0x2e7c0a94
OAKBAT.cleanStatic,24,14091,381930,5,4,0,0,1,1,True,0x2385e623
OAKBAT.cleanStatic,24,14091,381930,5,5,1,1,0,1,True,0x00b0ffd9
OAKBAT.cleanStatic,24,14091,381930,5,6,0,1,0,1,True,0x17bc7481
OAKBAT.cleanStatic,24,14091,381930,5,7,0,1,1,1,True,0x140b2187
OAKBAT.cleanStatic,24,14091,381930,5,8,1,1,0,1,True,0x0b1f5475
OAKBAT.cleanStatic,24,14091,381930,5,9,0,1,0,1,True,0x12040511
OAKBAT.cleanStatic,24,14091,381930,5,10,0,1,1,1,True,0x07800dc3
OAKBAT.cleanStatic,24,14391,381936,1,1,1,1,1,0,True,0x1d3cd9f2
OAKBAT.cleanStatic,24,14391,381936,1,2,1,0,1,1,True,0x1f1509e3
OAKBAT.cleanStatic,24,14391,381936,1,3,1,1,0,0,True,0x3cebfffc
OAKBAT.cleanStatic,24,14391,381936,1,4,0,0,1,0,True,0x0aaaaa96
OAKBAT.cleanStatic,24,14391,381936,1,5,1,0,0,1,True,0x2aaaaa95
OAKBAT.cleanStatic,24,14391,381936,1,6,0,1,1,0,True,0x1555556a
OAKBAT.cleanStatic,24,14391,381936,1,7,1,0,1,1,True,0x00000187
OAKBAT.cleanStatic,24,14391,381936,1,8,1,1,0,1,True,0x32a844f5
OAKBAT.cleanStatic,24,14391,381936,1,9,0,1,0,1,True,0x3fc000d5
OAKBAT.cleanStatic,24,14391,381936,1,10,0,1,1,1,True,0x00587b47
OAKBAT.cleanStatic,24,14691,381942,2,1,1,1,1,0,True,0x1d3cd9f2
OAKBAT.cleanStatic,24,14691,381942,2,2,1,0,1,1,True,0x1f152a8b
OAKBAT.cleanStatic,24,14691,381942,2,3,1,1,0,0,True,0x32bf8744
OAKBAT.cleanStatic,24,14691,381942,2,4,0,0,0,0,True,0x0f204fe8
OAKBAT.cleanStatic,24,14691,381942,2,5,0,0,0,0,True,0x04549458
OAKBAT.cleanStatic,24,14691,381942,2,6,0,0,0,1,True,0x0070813d
OAKBAT.cleanStatic,24,14691,381942,2,7,0,1,0,0,True,0x05a19e40
OAKBAT.cleanStatic,24,14691,381942,2,8,0,0,0,1,True,0x03022849
OAKBAT.cleanStatic,24,14691,381942,2,9,0,1,1,0,True,0x3cb1eae2
OAKBAT.cleanStatic,24,14691,381942,2,10,1,0,1,1,True,0x17bb00e3
OAKBAT.cleanStatic,24,14991,381948,3,1,1,1,1,0,True,0x1d3cd9f2
OAKBAT.cleanStatic,24,14991,381948,3,2,1,0,1,1,True,0x1f154bfb
OAKBAT.cleanStatic,24,14991,381948,3,3,1,1,1,1,True,0x001774b7
OAKBAT.cleanStatic,24,14991,381948,3,4,1,1,1,0,True,0x1d6c30aa
OAKBAT.cleanStatic,24,14991,381948,3,5,1,0,0,0,True,0x0014c994
OAKBAT.cleanStatic,24,14991,381948,3,6,0,0,1,0,True,0x0a6ce236
OAKBAT.cleanStatic,24,14991,381948,3,7,1,0,1,1,True,0x0813c6ef
OAKBAT.cleanStatic,24,14991,381948,3,8,1,1,0,1,True,0x38918e71
OAKBAT.cleanStatic,24,14991,381948,3,9,0,1,0,0,True,0x001765f4
OAKBAT.cleanStatic,24,14991,381948,3,10,0,0,1,1,True,0x0d7ddd13
OAKBAT.cleanStatic,24,15291,381954,4,1,1,1,1,0,True,0x1d3cd9f2
OAKBAT.cleanStatic,24,15291,381954,4,2,1,0,1,1,True,0x1f156cbf
OAKBAT.cleanStatic,24,15291,381954,4,3,1,1,1,1,True,0x28bd803b
OAKBAT.cleanStatic,24,15291,381954,4,4,1,1,1,0,True,0x1c78e582
OAKBAT.cleanStatic,24,15291,381954,4,5,1,0,0,0,True,0x3f544010
OAKBAT.cleanStatic,24,15291,381954,4,6,0,0,0,1,True,0x28433aa1
OAKBAT.cleanStatic,24,15291,381954,4,7,0,1,0,1,True,0x1dffbd3d
OAKBAT.cleanStatic,24,15291,381954,4,8,0,1,0,0,True,0x2cfb1120
OAKBAT.cleanStatic,24,15291,381954,4,9,0,0,0,1,True,0x05f9cd9d
OAKBAT.cleanStatic,24,15291,381954,4,10,0,1,1,1,True,0x01c016cb
OAKBAT.cleanStatic,24,15591,381960,5,1,1,1,1,0,True,0x1d3cd9f2
OAKBAT.cleanStatic,24,15591,381960,5,2,1,0,1,1,True,0x1f158d83
OAKBAT.cleanStatic,24,15591,381960,5,3,1,1,0,0,True,0x2e247130
OAKBAT.cleanStatic,24,15591,381960,5,4,0,0,1,0,True,0x2381c48e
OAKBAT.cleanStatic,24,15591,381960,5,5,1,0,0,0,True,0x3f474030
OAKBAT.cleanStatic,24,15591,381960,5,6,0,0,0,0,True,0x28435b74
OAKBAT.cleanStatic,24,15591,381960,5,7,0,0,0,1,True,0x0c17833d
OAKBAT.cleanStatic,24,15591,381960,5,8,0,1,1,1,True,0x1890de23
OAKBAT.cleanStatic,24,15591,381960,5,9,1,1,1,1,True,0x1b631e33
OAKBAT.cleanStatic,24,15591,381960,5,10,1,1,1,1,True,0x07c00a73
OAKBAT.cleanStatic,24,15891,381966,1,1,1,1,1,0,True,0x1d3cd9f2
OAKBAT.cleanStatic,24,15891,381966,1,2,1,0,1,1,True,0x1f15a97f
OAKBAT.cleanStatic,24,15891,381966,1,3,1,1,0,0,True,0x3cebfffc
OAKBAT.cleanStatic,24,15891,381966,1,4,0,0,1,0,True,0x0aaaaa96
OAKBAT.cleanStatic,24,15891,381966,1,5,1,0,0,1,True,0x2aaaaa95
OAKBAT.cleanStatic,24,15891,381966,1,6,0,1,1,0,True,0x1555556a
OAKBAT.cleanStatic,24,15891,381966,1,7,1,0,1,1,True,0x00000187
OAKBAT.cleanStatic,24,15891,381966,1,8,1,1,0,1,True,0x32a844f5
OAKBAT.cleanStatic,24,15891,381966,1,9,0,1,0,1,True,0x3fc000d5
OAKBAT.cleanStatic,24,15891,381966,1,10,0,1,1,1,True,0x00587b47
OAKBAT.cleanStatic,24,16191,381972,2,1,1,1,1,0,True,0x1d3cd9f2
OAKBAT.cleanStatic,24,16191,381972,2,2,1,0,1,1,True,0x1f15caef
OAKBAT.cleanStatic,24,16191,381972,2,3,1,1,0,0,True,0x32bf8744
OAKBAT.cleanStatic,24,16191,381972,2,4,0,0,0,0,True,0x0f204fe8
OAKBAT.cleanStatic,24,16191,381972,2,5,0,0,0,0,True,0x04549458
OAKBAT.cleanStatic,24,16191,381972,2,6,0,0,0,1,True,0x0070813d
OAKBAT.cleanStatic,24,16191,381972,2,7,0,1,0,0,True,0x05a19e40
OAKBAT.cleanStatic,24,16191,381972,2,8,0,0,0,1,True,0x03022849
OAKBAT.cleanStatic,24,16191,381972,2,9,0,1,1,0,True,0x3cb1eae2
OAKBAT.cleanStatic,24,16191,381972,2,10,1,0,1,1,True,0x17bb00e3
OAKBAT.cleanStatic,24,16491,381978,3,1,1,1,1,0,True,0x1d3cd9f2
OAKBAT.cleanStatic,24,16491,381978,3,2,1,0,1,1,True,0x1f15eb67
OAKBAT.cleanStatic,24,16491,381978,3,3,1,1,1,1,True,0x001774b7
OAKBAT.cleanStatic,24,16491,381978,3,4,1,1,1,0,True,0x1d6c30aa
OAKBAT.cleanStatic,24,16491,381978,3,5,1,0,0,0,True,0x0014c994
OAKBAT.cleanStatic,24,16491,381978,3,6,0,0,1,0,True,0x0a6ce236
OAKBAT.cleanStatic,24,16491,381978,3,7,1,0,1,1,True,0x0813c6ef
OAKBAT.cleanStatic,24,16491,381978,3,8,1,1,0,1,True,0x38918e71
OAKBAT.cleanStatic,24,16491,381978,3,9,0,1,0,0,True,0x001765f4
OAKBAT.cleanStatic,24,16491,381978,3,10,0,0,1,1,True,0x0d7ddd13
OAKBAT.cleanStatic,24,16791,381984,4,1,1,1,1,0,True,0x1d3cd9f2
OAKBAT.cleanStatic,24,16791,381984,4,2,1,0,1,1,True,0x1f160cc7
OAKBAT.cleanStatic,24,16791,381984,4,3,1,1,1,0,True,0x28771472
OAKBAT.cleanStatic,24,16791,381984,4,4,1,0,1,0,True,0x23bf60a2
OAKBAT.cleanStatic,24,16791,381984,4,5,1,0,0,1,True,0x3f44003d
OAKBAT.cleanStatic,24,16791,381984,4,6,0,1,0,0,True,0x17bca99c
OAKBAT.cleanStatic,24,16791,381984,4,7,0,0,0,0,True,0x0c554940
OAKBAT.cleanStatic,24,16791,381984,4,8,0,0,1,1,True,0x2239b36b
OAKBAT.cleanStatic,24,16791,381984,4,9,1,1,0,1,True,0x1b74646d
OAKBAT.cleanStatic,24,16791,381984,4,10,0,1,1,1,True,0x05c00bdb
OAKBAT.cleanStatic,24,17091,381990,5,1,1,1,1,0,True,0x1d3cd9f2
OAKBAT.cleanStatic,24,17091,381990,5,2,1,0,1,1,True,0x1f162d4f
OAKBAT.cleanStatic,24,17091,381990,5,3,1,1,0,1,True,0x2df52561
OAKBAT.cleanStatic,24,17091,381990,5,4,0,1,1,0,True,0x1c7b7946
OAKBAT.cleanStatic,24,17091,381990,5,5,1,0,0,0,True,0x3f528004
OAKBAT.cleanStatic,24,17091,381990,5,6,0,0,0,1,True,0x28434a4d
OAKBAT.cleanStatic,24,17091,381990,5,7,0,1,1,0,True,0x1ed8f3c2
OAKBAT.cleanStatic,24,17091,381990,5,8,1,0,0,0,True,0x3e9edec4
OAKBAT.cleanStatic,24,17091,381990,5,9,0,0,1,0,True,0x03dc991a
OAKBAT.cleanStatic,24,17091,381990,5,10,1,0,1,1,True,0x3f0003e3
OAKBAT.cleanStatic,24,17391,381996,1,1,1,1,1,0,True,0x1d3cd9f2
OAKBAT.cleanStatic,24,17391,381996,1,2,1,0,1,1,True,0x1f16494b
OAKBAT.cleanStatic,24,17391,381996,1,3,1,1,0,0,True,0x3cebfffc
OAKBAT.cleanStatic,24,17391,381996,1,4,0,0,1,0,True,0x0aaaaa96
OAKBAT.cleanStatic,24,17391,381996,1,5,1,0,0,1,True,0x2aaaaa95
OAKBAT.cleanStatic,24,17391,381996,1,6,0,1,1,0,True,0x1555556a
OAKBAT.cleanStatic,24,17391,381996,1,7,1,0,1,1,True,0x00000187
OAKBAT.cleanStatic,24,17391,381996,1,8,1,1,0,1,True,0x32a844f5
OAKBAT.cleanStatic,24,17391,381996,1,9,0,1,0,1,True,0x3fc000d5
OAKBAT.cleanStatic,24,17391,381996,1,10,0,1,1,1,True,0x00587b47
OAKBAT.cleanStatic,24,17691,382002,2,1,1,1,1,0,True,0x1d3cd9f2
OAKBAT.cleanStatic,24,17691,382002,2,2,1,0,1,1,True,0x1f166a23
OAKBAT.cleanStatic,24,17691,382002,2,3,1,1,0,0,True,0x32bf8744
OAKBAT.cleanStatic,24,17691,382002,2,4,0,0,0,0,True,0x0f204fe8
OAKBAT.cleanStatic,24,17691,382002,2,5,0,0,0,0,True,0x04549458
OAKBAT.cleanStatic,24,17691,382002,2,6,0,0,0,1,True,0x0070813d
OAKBAT.cleanStatic,24,17691,382002,2,7,0,1,0,0,True,0x05a19e40
OAKBAT.cleanStatic,24,17691,382002,2,8,0,0,0,1,True,0x03022849
OAKBAT.cleanStatic,24,17691,382002,2,9,0,1,1,0,True,0x3cb1eae2
OAKBAT.cleanStatic,24,17691,382002,2,10,1,0,1,1,True,0x17bb00e3
OAKBAT.cleanStatic,24,17991,382008,3,1,1,1,1,0,True,0x1d3cd9f2
OAKBAT.cleanStatic,24,17991,382008,3,2,1,0,1,1,True,0x1f168b1f
OAKBAT.cleanStatic,24,17991,382008,3,3,1,1,1,1,True,0x001774b7
OAKBAT.cleanStatic,24,17991,382008,3,4,1,1,1,0,True,0x1d6c30aa
OAKBAT.cleanStatic,24,17991,382008,3,5,1,0,0,0,True,0x0014c994
OAKBAT.cleanStatic,24,17991,382008,3,6,0,0,1,0,True,0x0a6ce236
OAKBAT.cleanStatic,24,17991,382008,3,7,1,0,1,1,True,0x0813c6ef
OAKBAT.cleanStatic,24,17991,382008,3,8,1,1,0,1,True,0x38918e71
OAKBAT.cleanStatic,24,17991,382008,3,9,0,1,0,0,True,0x001765f4
OAKBAT.cleanStatic,24,17991,382008,3,10,0,0,1,1,True,0x0d7ddd13
OAKBAT.cleanStatic,24,18291,382014,4,1,1,1,1,0,True,0x1d3cd9f2
OAKBAT.cleanStatic,24,18291,382014,4,2,1,0,1,1,True,0x1f16ac5b
OAKBAT.cleanStatic,24,18291,382014,4,3,1,1,1,1,True,0x282c44f7
OAKBAT.cleanStatic,24,18291,382014,4,4,1,1,1,1,True,0x1c7d8333
OAKBAT.cleanStatic,24,18291,382014,4,5,1,1,0,1,True,0x00b4b031
OAKBAT.cleanStatic,24,18291,382014,4,6,0,1,1,1,True,0x17bc6c0f
OAKBAT.cleanStatic,24,18291,382014,4,7,1,1,0,1,True,0x33c08515
OAKBAT.cleanStatic,24,18291,382014,4,8,0,1,0,1,True,0x3eb0fd55
OAKBAT.cleanStatic,24,18291,382014,4,9,0,1,0,0,True,0x1fc5a754
OAKBAT.cleanStatic,24,18291,382014,4,10,0,0,1,1,True,0x3f3ff813
OAKBAT.cleanStatic,24,18591,382020,5,1,1,1,1,0,True,0x1d3cd9f2
OAKBAT.cleanStatic,24,18591,382020,5,2,1,0,1,1,True,0x1f16cd2b
OAKBAT.cleanStatic,24,18591,382020,5,3,1,1,1,1,True,0x2dbc98f3
OAKBAT.cleanStatic,24,18591,382020,5,4,1,1,1,0,True,0x1c7e40ca
OAKBAT.cleanStatic,24,18591,382020,5,5,1,0,0,0,True,0x3f510018
OAKBAT.cleanStatic,24,18591,382020,5,6,0,0,1,0,True,0x28438aaa
OAKBAT.cleanStatic,24,18591,382020,5,7,1,0,0,1,True,0x0126533d
OAKBAT.cleanStatic,24,18591,382020,5,8,0,1,1,1,True,0x2dac14d3
OAKBAT.cleanStatic,24,18591,382020,5,9,1,1,0,1,True,0x3a250c51
OAKBAT.cleanStatic,24,18591,382020,5,10,0,1,1,1,True,0x05c00c4f
OAKBAT.cleanStatic,24,18891,382026,1,1,1,1,1,0,True,0x1d3cd9f2
OAKBAT.cleanStatic,24,18891,382026,1,2,1,0,1,1,True,0x1f16e9d7
OAKBAT.cleanStatic,24,18891,382026,1,3,1,1,0,0,True,0x3cebfffc
OAKBAT.cleanStatic,24,18891,382026,1,4,0,0,1,0,True,0x0aaaaa96
OAKBAT.cleanStatic,24,18891,382026,1,5,1,0,0,1,True,0x2aaaaa95
OAKBAT.cleanStatic,24,18891,382026,1,6,0,1,1,0,True,0x1555556a
OAKBAT.cleanStatic,24,18891,382026,1,7,1,0,1,1,True,0x00000187
OAKBAT.cleanStatic,24,18891,382026,1,8,1,1,0,1,True,0x32a844f5
OAKBAT.cleanStatic,24,18891,382026,1,9,0,1,0,1,True,0x3fc000d5
OAKBAT.cleanStatic,24,18891,382026,1,10,0,1,1,1,True,0x00587b47
OAKBAT.cleanStatic,24,19191,382032,2,1,1,1,1,0,True,0x1d3cd9f2
OAKBAT.cleanStatic,24,19191,382032,2,2,1,0,1,1,True,0x1f170ac3
OAKBAT.cleanStatic,24,19191,382032,2,3,1,1,0,0,True,0x32bf8744
OAKBAT.cleanStatic,24,19191,382032,2,4,0,0,0,0,True,0x0f204fe8
OAKBAT.cleanStatic,24,19191,382032,2,5,0,0,0,0,True,0x04549458
OAKBAT.cleanStatic,24,19191,382032,2,6,0,0,0,1,True,0x0070813d
OAKBAT.cleanStatic,24,19191,382032,2,7,0,1,0,0,True,0x05a19e40
OAKBAT.cleanStatic,24,19191,382032,2,8,0,0,0,1,True,0x03022849
OAKBAT.cleanStatic,24,19191,382032,2,9,0,1,1,0,True,0x3cb1eae2
OAKBAT.cleanStatic,24,19191,382032,2,10,1,0,1,1,True,0x17bb00e3
OAKBAT.cleanStatic,24,19491,382038,3,1,1,1,1,0,True,0x1d3cd9f2
OAKBAT.cleanStatic,24,19491,382038,3,2,1,0,1,1,True,0x1f172b4b
OAKBAT.cleanStatic,24,19491,382038,3,3,1,1,1,1,True,0x001774b7
OAKBAT.cleanStatic,24,19491,382038,3,4,1,1,1,0,True,0x1d6c30aa
OAKBAT.cleanStatic,24,19491,382038,3,5,1,0,0,0,True,0x0014c994
OAKBAT.cleanStatic,24,19491,382038,3,6,0,0,1,0,True,0x0a6ce236
OAKBAT.cleanStatic,24,19491,382038,3,7,1,0,1,1,True,0x0813c6ef
OAKBAT.cleanStatic,24,19491,382038,3,8,1,1,0,1,True,0x38918e71
OAKBAT.cleanStatic,24,19491,382038,3,9,0,1,0,0,True,0x001765f4
OAKBAT.cleanStatic,24,19491,382038,3,10,0,0,1,1,True,0x0d7ddd13
OAKBAT.cleanStatic,24,19791,382044,4,1,1,1,1,0,True,0x1d3cd9f2
OAKBAT.cleanStatic,24,19791,382044,4,2,1,0,1,1,True,0x1f174cf7
OAKBAT.cleanStatic,24,19791,382044,4,3,1,1,0,0,True,0x27f85e5c
OAKBAT.cleanStatic,24,19791,382044,4,4,0,0,1,1,True,0x23826c5b
OAKBAT.cleanStatic,24,19791,382044,4,5,1,1,0,1,True,0x00adffcd
OAKBAT.cleanStatic,24,19791,382044,4,6,0,1,1,1,True,0x17bc9df7
OAKBAT.cleanStatic,24,19791,382044,4,7,1,1,1,0,True,0x3ec4993a
OAKBAT.cleanStatic,24,19791,382044,4,8,1,0,0,1,True,0x269070e5
OAKBAT.cleanStatic,24,19791,382044,4,9,0,1,1,1,True,0x365ca717
OAKBAT.cleanStatic,24,19791,382044,4,10,1,1,1,1,True,0x383feb57
OAKBAT.cleanStatic,24,20091,382050,5,1,1,1,1,0,True,0x1d3cd9f2
OAKBAT.cleanStatic,24,20091,382050,5,2,1,0,1,1,True,0x1f176d7f
OAKBAT.cleanStatic,24,20091,382050,5,3,1,1,1,1,True,0x2d74be3f
OAKBAT.cleanStatic,24,20091,382050,5,4,1,1,0,1,True,0x1c7c5225
OAKBAT.cleanStatic,24,20091,382050,5,5,0,1,0,1,True,0x00aebfe9
OAKBAT.cleanStatic,24,20091,382050,5,6,0,1,0,0,True,0x17bca8c4
OAKBAT.cleanStatic,24,20091,382050,5,7,0,0,1,0,True,0x369dec72
OAKBAT.cleanStatic,24,20091,382050,5,8,1,0,1,0,True,0x250b2c5a
OAKBAT.cleanStatic,24,20091,382050,5,9,1,0,1,1,True,0x16cbf667
OAKBAT.cleanStatic,24,20091,382050,5,10,1,1,1,1,True,0x09001733
OAKBAT.cleanStatic,24,20391,382056,1,1,1,1,1,0,True,0x1d3cd9f2
OAKBAT.cleanStatic,24,20391,382056,1,2,1,0,1,1,True,0x1f178937
OAKBAT.cleanStatic,24,20391,382056,1,3,1,1,0,0,True,0x3cebfffc
OAKBAT.cleanStatic,24,20391,382056,1,4,0,0,1,0,True,0x0aaaaa96
OAKBAT.cleanStatic,24,20391,382056,1,5,1,0,0,1,True,0x2aaaaa95
OAKBAT.cleanStatic,24,20391,382056,1,6,0,1,1,0,True,0x1555556a
OAKBAT.cleanStatic,24,20391,382056,1,7,1,0,1,1,True,0x00000187
OAKBAT.cleanStatic,24,20391,382056,1,8,1,1,0,1,True,0x32a844f5
OAKBAT.cleanStatic,24,20391,382056,1,9,0,1,0,1,True,0x3fc000d5
OAKBAT.cleanStatic,24,20391,382056,1,10,0,1,1,1,True,0x00587b47
OAKBAT.cleanStatic,24,20691,382062,2,1,1,1,1,0,True,0x1d3cd9f2
OAKBAT.cleanStatic,24,20691,382062,2,2,1,0,1,1,True,0x1f17aa5f
OAKBAT.cleanStatic,24,20691,382062,2,3,1,1,0,0,True,0x32bf8744
OAKBAT.cleanStatic,24,20691,382062,2,4,0,0,0,0,True,0x0f204fe8
OAKBAT.cleanStatic,24,20691,382062,2,5,0,0,0,0,True,0x04549458
OAKBAT.cleanStatic,24,20691,382062,2,6,0,0,0,1,True,0x0070813d
OAKBAT.cleanStatic,24,20691,382062,2,7,0,1,0,0,True,0x05a19e40
OAKBAT.cleanStatic,24,20691,382062,2,8,0,0,0,1,True,0x03022849
OAKBAT.cleanStatic,24,20691,382062,2,9,0,1,1,0,True,0x3cb1eae2
OAKBAT.cleanStatic,24,20691,382062,2,10,1,0,1,1,True,0x17bb00e3
OAKBAT.cleanStatic,24,20991,382068,3,1,1,1,1,0,True,0x1d3cd9f2
OAKBAT.cleanStatic,24,20991,382068,3,2,1,0,1,1,True,0x1f17cb2f
OAKBAT.cleanStatic,24,20991,382068,3,3,1,1,1,1,True,0x001774b7
OAKBAT.cleanStatic,24,20991,382068,3,4,1,1,1,0,True,0x1d6c30aa
OAKBAT.cleanStatic,24,20991,382068,3,5,1,0,0,0,True,0x0014c994
OAKBAT.cleanStatic,24,20991,382068,3,6,0,0,1,0,True,0x0a6ce236
OAKBAT.cleanStatic,24,20991,382068,3,7,1,0,1,1,True,0x0813c6ef
OAKBAT.cleanStatic,24,20991,382068,3,8,1,1,0,1,True,0x38918e71
OAKBAT.cleanStatic,24,20991,382068,3,9,0,1,0,0,True,0x001765f4
OAKBAT.cleanStatic,24,20991,382068,3,10,0,0,1,1,True,0x0d7ddd13
OAKBAT.cleanStatic,24,21291,382074,4,1,1,1,1,0,True,0x1d3cd9f2
OAKBAT.cleanStatic,24,21291,382074,4,2,1,0,1,1,True,0x1f17ec6b
OAKBAT.cleanStatic,24,21291,382074,4,3,1,1,1,0,True,0x21955556
OAKBAT.cleanStatic,24,21291,382074,4,4,1,0,0,1,True,0x2aaaaa95
OAKBAT.cleanStatic,24,21291,382074,4,5,0,1,1,0,True,0x1555556a
OAKBAT.cleanStatic,24,21291,382074,4,6,1,0,0,1,True,0x2aaaaa95
OAKBAT.cleanStatic,24,21291,382074,4,7,0,1,1,0,True,0x1555556a
OAKBAT.cleanStatic,24,21291,382074,4,8,1,0,0,1,True,0x2aaaaa95
OAKBAT.cleanStatic,24,21291,382074,4,9,0,1,1,0,True,0x1555556a
OAKBAT.cleanStatic,24,21291,382074,4,10,1,0,1,1,True,0x2aaaaa63
OAKBAT.cleanStatic,27,291,381654,4,1,1,1,1,0,True,0x1d3cd9f2
OAKBAT.cleanStatic,27,291,381654,4,2,1,0,1,1,True,0x1f0f2c3b
OAKBAT.cleanStatic,27,291,381654,4,3,1,1,0,0,True,0x20d5556c
OAKBAT.cleanStatic,27,291,381654,4,4,0,0,0,0,True,0x2aaaaabc
OAKBAT.cleanStatic,27,291,381654,4,5,0,0,0,0,True,0x2aaaaabc
OAKBAT.cleanStatic,27,291,381654,4,6,0,0,0,0,True,0x2aaaaabc
OAKBAT.cleanStatic,27,291,381654,4,7,0,0,0,0,True,0x2aaaaabc
OAKBAT.cleanStatic,27,291,381654,4,8,0,0,0,0,True,0x2aaaaabc
OAKBAT.cleanStatic,27,291,381654,4,9,0,0,0,0,True,0x2aaaaabc
OAKBAT.cleanStatic,27,291,381654,4,10,0,0,1,1,True,0x2aaaaaef
OAKBAT.cleanStatic,27,591,381660,5,1,1,1,1,0,True,0x1d3cd9f2
OAKBAT.cleanStatic,27,591,381660,5,2,1,0,1,1,True,0x1f0f4d4b
OAKBAT.cleanStatic,27,591,381660,5,3,1,1,0,0,True,0x2a7149ac
OAKBAT.cleanStatic,27,591,381660,5,4,0,0,0,1,True,0x23bdf519
OAKBAT.cleanStatic,27,591,381660,5,5,0,1,1,1,True,0x00b3fff3
OAKBAT.cleanStatic,27,591,381660,5,6,1,1,1,0,True,0x17bce4d6
OAKBAT.cleanStatic,27,591,381660,5,7,1,0,1,1,True,0x35caf943
OAKBAT.cleanStatic,27,591,381660,5,8,1,1,1,0,True,0x0c49c346
OAKBAT.cleanStatic,27,591,381660,5,9,1,0,1,0,True,0x38db24f6
OAKBAT.cleanStatic,27,591,381660,5,10,1,0,1,1,True,0x264000cb
OAKBAT.cleanStatic,27,891,381666,1,1,1,1,1,0,True,0x1d3cd9f2
OAKBAT.cleanStatic,27,891,381666,1,2,1,0,1,1,True,0x1f0f69b7
OAKBAT.cleanStatic,27,891,381666,1,3,1,1,0,0,True,0x3cebfffc
OAKBAT.cleanStatic,27,891,381666,1,4,0,0,1,0,True,0x0aaaaa96
OAKBAT.cleanStatic,27,891,381666,1,5,1,0,0,1,True,0x2aaaaa95
OAKBAT.cleanStatic,27,891,381666,1,6,0,1,1,0,True,0x1555556a
OAKBAT.cleanStatic,27,891,381666,1,7,1,0,1,1,True,0x000000df
OAKBAT.cleanStatic,27,891,381666,1,8,1,1,1,0,True,0x366844fe
OAKBAT.cleanStatic,27,891,381666,1,9,1,0,0,0,True,0x003fe88c
OAKBAT.cleanStatic,27,891,381666,1,10,0,0,1,1,True,0x380b4e9f
OAKBAT.cleanStatic,27,1191,381672,2,1,1,1,1,0,True,0x1d3cd9f2
OAKBAT.cleanStatic,27,1191,381672,2,2,1,0,1,1,True,0x1f0f8a6b
OAKBAT.cleanStatic,27,1191,381672,2,3,1,1,0,1,True,0x367d5fed
OAKBAT.cleanStatic,27,1191,381672,2,4,0,1,0,1,True,0x35755c55
OAKBAT.cleanStatic,27,1191,381672,2,5,0,1,1,0,True,0x25b693ba
OAKBAT.cleanStatic,27,1191,381672,2,6,1,0,1,1,True,0x0246410b
OAKBAT.cleanStatic,27,1191,381672,2,7,1,1,1,1,True,0x3774317b
OAKBAT.cleanStatic,27,1191,381672,2,8,1,1,1,0,True,0x3c00d7b2
OAKBAT.cleanStatic,27,1191,381672,2,9,1,0,1,1,True,0x035475bf
OAKBAT.cleanStatic,27,1191,381672,2,10,1,1,1,1,True,0x2844ffc3
OAKBAT.cleanStatic,27,1491,381678,3,1,1,1,1,0,True,0x1d3cd9f2
OAKBAT.cleanStatic,27,1491,381678,3,2,1,0,1,1,True,0x1f0fabe3
OAKBAT.cleanStatic,27,1491,381678,3,3,1,1,1,1,True,0x00031e8b
OAKBAT.cleanStatic,27,1491,381678,3,4,1,1,1,0,True,0x312d9842
OAKBAT.cleanStatic,27,1491,381678,3,5,1,0,1,0,True,0x3ff349d2
OAKBAT.cleanStatic,27,1491,381678,3,6,1,0,0,0,True,0x37cab994
OAKBAT.cleanStatic,27,1491,381678,3,7,0,0,1,0,True,0x07984576
OAKBAT.cleanStatic,27,1491,381678,3,8,1,0,1,1,True,0x1082de9f
OAKBAT.cleanStatic,27,1491,381678,3,9,1,1,1,1,True,0x00153847
OAKBAT.cleanStatic,27,1491,381678,3,10,1,1,1,1,True,0x367cf3df
OAKBAT.cleanStatic,27,1791,381684,4,1,1,1,1,0,True,0x1d3cd9f2
OAKBAT.cleanStatic,27,1791,381684,4,2,1,0,1,1,True,0x1f0fcc5f
OAKBAT.cleanStatic,27,1791,381684,4,3,1,1,0,1,True,0x20955561
OAKBAT.cleanStatic,27,1791,381684,4,4,0,1,1,0,True,0x1555556a
OAKBAT.cleanStatic,27,1791,381684,4,5,1,0,0,1,True,0x2aaaaa95
OAKBAT.cleanStatic,27,1791,381684,4,6,0,1,1,0,True,0x1555556a
OAKBAT.cleanStatic,27,1791,381684,4,7,1,0,0,1,True,0x2aaaaa95
OAKBAT.cleanStatic,27,1791,381684,4,8,0,1,1,0,True,0x1555556a
OAKBAT.cleanStatic,27,1791,381684,4,9,1,0,0,1,True,0x2aaaaa95
OAKBAT.cleanStatic,27,1791,381684,4,10,0,1,1,1,True,0x155555cf
OAKBAT.cleanStatic,27,2091,381690,5,1,1,1,1,0,True,0x1d3cd9f2
OAKBAT.cleanStatic,27,2091,381690,5,2,1,0,1,1,True,0x1f0fedd7
OAKBAT.cleanStatic,27,2091,381690,5,3,1,1,1,1,True,0x2a2418b3
OAKBAT.cleanStatic,27,2091,381690,5,4,1,1,0,1,True,0x1c7fbfd9
OAKBAT.cleanStatic,27,2091,381690,5,5,0,1,0,1,True,0x00abb031
OAKBAT.cleanStatic,27,2091,381690,5,6,0,1,1,0,True,0x17bcb466
OAKBAT.cleanStatic,27,2091,381690,5,7,1,0,0,1,True,0x0111ae19
OAKBAT.cleanStatic,27,2091,381690,5,8,0,1,1,1,True,0x1640932f
OAKBAT.cleanStatic,27,2091,381690,5,9,1,1,1,0,True,0x0cd5273e
OAKBAT.cleanStatic,27,2091,381690,5,10,1,0,1,1,True,0x3bc009e7
OAKBAT.cleanStatic,27,2391,381696,1,1,1,1,1,0,True,0x1d3cd9f2
OAKBAT.cleanStatic,27,2391,381696,1,2,1,0,1,1,True,0x1f100913
OAKBAT.cleanStatic,27,2391,381696,1,3,1,1,0,0,True,0x3cebfffc
OAKBAT.cleanStatic,27,2391,381696,1,4,0,0,1,0,True,0x0aaaaa96
OAKBAT.cleanStatic,27,2391,381696,1,5,1,0,0,1,True,0x2aaaaa95
OAKBAT.cleanStatic,27,2391,381696,1,6,0,1,1,0,True,0x1555556a
OAKBAT.cleanStatic,27,2391,381696,1,7,1,0,1,1,True,0x000000df
OAKBAT.cleanStatic,27,2391,381696,1,8,1,1,1,0,True,0x366844fe
OAKBAT.cleanStatic,27,2391,381696,1,9,1,0,0,0,True,0x003fe88c
OAKBAT.cleanStatic,27,2391,381696,1,10,0,0,1,1,True,0x380b4e9f
OAKBAT.cleanStatic,27,2691,381702,2,1,1,1,1,0,True,0x1d3cd9f2
OAKBAT.cleanStatic,27,2691,381702,2,2,1,0,1,1,True,0x1f102a7b
OAKBAT.cleanStatic,27,2691,381702,2,3,1,1,0,1,True,0x367d5fed
OAKBAT.cleanStatic,27,2691,381702,2,4,0,1,0,1,True,0x35755c55
OAKBAT.cleanStatic,27,2691,381702,2,5,0,1,1,0,True,0x25b693ba
OAKBAT.cleanStatic,27,2691,381702,2,6,1,0,1,1,True,0x0246410b
OAKBAT.cleanStatic,27,2691,381702,2,7,1,1,1,1,True,0x3774317b
OAKBAT.cleanStatic,27,2691,381702,2,8,1,1,1,0,True,0x3c00d7b2
OAKBAT.cleanStatic,27,2691,381702,2,9,1,0,1,1,True,0x035475bf
OAKBAT.cleanStatic,27,2691,381702,2,10,1,1,1,1,True,0x2844ffc3
OAKBAT.cleanStatic,27,2991,381708,3,1,1,1,1,0,True,0x1d3cd9f2
OAKBAT.cleanStatic,27,2991,381708,3,2,1,0,1,1,True,0x1f104b0b
OAKBAT.cleanStatic,27,2991,381708,3,3,1,1,1,1,True,0x00031e8b
OAKBAT.cleanStatic,27,2991,381708,3,4,1,1,1,0,True,0x312d9842
OAKBAT.cleanStatic,27,2991,381708,3,5,1,0,1,0,True,0x3ff349d2
OAKBAT.cleanStatic,27,2991,381708,3,6,1,0,0,0,True,0x37cab994
OAKBAT.cleanStatic,27,2991,381708,3,7,0,0,1,0,True,0x07984576
OAKBAT.cleanStatic,27,2991,381708,3,8,1,0,1,1,True,0x1082de9f
OAKBAT.cleanStatic,27,2991,381708,3,9,1,1,1,1,True,0x00153847
OAKBAT.cleanStatic,27,2991,381708,3,10,1,1,1,1,True,0x367cf3df
OAKBAT.cleanStatic,27,3291,381714,4,1,1,1,1,0,True,0x1d3cd9f2
OAKBAT.cleanStatic,27,3291,381714,4,2,1,0,1,1,True,0x1f106c4f
OAKBAT.cleanStatic,27,3291,381714,4,3,1,1,1,0,True,0x20555576
OAKBAT.cleanStatic,27,3291,381714,4,4,1,0,0,1,True,0x2aaaaa95
OAKBAT.cleanStatic,27,3291,381714,4,5,0,1,1,0,True,0x1555556a
OAKBAT.cleanStatic,27,3291,381714,4,6,1,0,0,1,True,0x2aaaaa95
OAKBAT.cleanStatic,27,3291,381714,4,7,0,1,1,0,True,0x1555556a
OAKBAT.cleanStatic,27,3291,381714,4,8,1,0,0,1,True,0x2aaaaa95
OAKBAT.cleanStatic,27,3291,381714,4,9,0,1,1,0,True,0x1555556a
OAKBAT.cleanStatic,27,3291,381714,4,10,1,0,1,1,True,0x2aaaaa63
OAKBAT.cleanStatic,27,3591,381720,5,1,1,1,1,0,True,0x1d3cd9f2
OAKBAT.cleanStatic,27,3591,381720,5,2,1,0,1,1,True,0x1f108d73
OAKBAT.cleanStatic,27,3591,381720,5,3,1,1,0,0,True,0x29ec5a30
OAKBAT.cleanStatic,27,3591,381720,5,4,0,0,1,0,True,0x23bf0c96
OAKBAT.cleanStatic,27,3591,381720,5,5,1,0,1,1,True,0x3f4a4007
OAKBAT.cleanStatic,27,3591,381720,5,6,1,1,1,1,True,0x17bcb13b
OAKBAT.cleanStatic,27,3591,381720,5,7,1,1,0,0,True,0x34a19b34
OAKBAT.cleanStatic,27,3591,381720,5,8,0,0,1,0,True,0x06c78fde
OAKBAT.cleanStatic,27,3591,381720,5,9,1,0,0,0,True,0x2e4330b4
OAKBAT.cleanStatic,27,3591,381720,5,10,0,0,1,1,True,0x3f80054f
OAKBAT.cleanStatic,27,3891,381726,1,1,1,1,1,0,True,0x1d3cd9f2
OAKBAT.cleanStatic,27,3891,381726,1,2,1,0,1,1,True,0x1f10a98f
OAKBAT.cleanStatic,27,3891,381726,1,3,1,1,0,0,True,0x3cebfffc
OAKBAT.cleanStatic,27,3891,381726,1,4,0,0,1,0,True,0x0aaaaa96
OAKBAT.cleanStatic,27,3891,381726,1,5,1,0,0,1,True,0x2aaaaa95
OAKBAT.cleanStatic,27,3891,381726,1,6,0,1,1,0,True,0x1555556a
OAKBAT.cleanStatic,27,3891,381726,1,7,1,0,1,1,True,0x000000df
OAKBAT.cleanStatic,27,3891,381726,1,8,1,1,1,0,True,0x366844fe
OAKBAT.cleanStatic,27,3891,381726,1,9,1,0,0,0,True,0x003fe88c
OAKBAT.cleanStatic,27,3891,381726,1,10,0,0,1,1,True,0x380b4e9f
OAKBAT.cleanStatic,27,4191,381732,2,1,1,1,1,0,True,0x1d3cd9f2
OAKBAT.cleanStatic,27,4191,381732,2,2,1,0,1,1,True,0x1f10ca1f
OAKBAT.cleanStatic,27,4191,381732,2,3,1,1,0,1,True,0x367d5fed
OAKBAT.cleanStatic,27,4191,381732,2,4,0,1,0,1,True,0x35755c55
OAKBAT.cleanStatic,27,4191,381732,2,5,0,1,1,0,True,0x25b693ba
OAKBAT.cleanStatic,27,4191,381732,2,6,1,0,1,1,True,0x0246410b
OAKBAT.cleanStatic,27,4191,381732,2,7,1,1,1,1,True,0x3774317b
OAKBAT.cleanStatic,27,4191,381732,2,8,1,1,1,0,True,0x3c00d7b2
OAKBAT.cleanStatic,27,4191,381732,2,9,1,0,1,1,True,0x035475bf
OAKBAT.cleanStatic,27,4191,381732,2,10,1,1,1,1,True,0x2844ffc3
OAKBAT.cleanStatic,27,4491,381738,3,1,1,1,1,0,True,0x1d3cd9f2
OAKBAT.cleanStatic,27,4491,381738,3,2,1,0,1,1,True,0x1f10eb97
OAKBAT.cleanStatic,27,4491,381738,3,3,1,1,1,1,True,0x00031e8b
OAKBAT.cleanStatic,27,4491,381738,3,4,1,1,1,0,True,0x312d9842
OAKBAT.cleanStatic,27,4491,381738,3,5,1,0,1,0,True,0x3ff349d2
OAKBAT.cleanStatic,27,4491,381738,3,6,1,0,0,0,True,0x37cab994
OAKBAT.cleanStatic,27,4491,381738,3,7,0,0,1,0,True,0x07984576
OAKBAT.cleanStatic,27,4491,381738,3,8,1,0,1,1,True,0x1082de9f
OAKBAT.cleanStatic,27,4491,381738,3,9,1,1,1,1,True,0x00153847
OAKBAT.cleanStatic,27,4491,381738,3,10,1,1,1,1,True,0x367cf3df
OAKBAT.cleanStatic,27,4791,381744,4,1,1,1,1,0,True,0x1d3cd9f2
OAKBAT.cleanStatic,27,4791,381744,4,2,1,0,1,1,True,0x1f110caf
OAKBAT.cleanStatic,27,4791,381744,4,3,1,1,1,0,True,0x20111132
OAKBAT.cleanStatic,27,4791,381744,4,4,1,0,0,1,True,0x2eeeeecd
OAKBAT.cleanStatic,27,4791,381744,4,5,0,1,1,0,True,0x11111132
OAKBAT.cleanStatic,27,4791,381744,4,6,1,0,0,1,True,0x2eeeeecd
OAKBAT.cleanStatic,27,4791,381744,4,7,0,1,1,0,True,0x11111132
OAKBAT.cleanStatic,27,4791,381744,4,8,1,0,1,0,True,0x2eeec03e
OAKBAT.cleanStatic,27,4791,381744,4,9,1,0,0,1,True,0x00000029
OAKBAT.cleanStatic,27,4791,381744,4,10,0,1,1,1,True,0x3f03ffbf
OAKBAT.cleanStatic,27,5091,381750,5,1,1,1,1,0,True,0x1d3cd9f2
OAKBAT.cleanStatic,27,5091,381750,5,2,1,0,1,1,True,0x1f112d27
OAKBAT.cleanStatic,27,5091,381750,5,3,1,1,1,0,True,0x231c7386
OAKBAT.cleanStatic,27,5091,381750,5,4,1,0,0,1,True,0x00000029
OAKBAT.cleanStatic,27,5091,381750,5,5,0,1,1,0,True,0x3fffffd6
OAKBAT.cleanStatic,27,5091,381750,5,6,1,0,0,1,True,0x00000029
OAKBAT.cleanStatic,27,5091,381750,5,7,0,1,1,0,True,0x3fffffd6
OAKBAT.cleanStatic,27,5091,381750,5,8,1,0,1,1,True,0x00fc0013
OAKBAT.cleanStatic,27,5091,381750,5,9,1,1,0,1,True,0x3ffc0ff9
OAKBAT.cleanStatic,27,5091,381750,5,10,0,1,1,1,True,0x155555cf
OAKBAT.cleanStatic,27,5391,381756,1,1,1,1,1,0,True,0x1d3cd9f2
OAKBAT.cleanStatic,27,5391,381756,1,2,1,0,1,1,True,0x1f114923
OAKBAT.cleanStatic,27,5391,381756,1,3,1,1,0,0,True,0x3cebfffc
OAKBAT.cleanStatic,27,5391,381756,1,4,0,0,1,0,True,0x0aaaaa96
OAKBAT.cleanStatic,27,5391,381756,1,5,1,0,0,1,True,0x2aaaaa95
OAKBAT.cleanStatic,27,5391,381756,1,6,0,1,1,0,True,0x1555556a
OAKBAT.cleanStatic,27,5391,381756,1,7,1,0,1,1,True,0x000000df
OAKBAT.cleanStatic,27,5391,381756,1,8,1,1,1,0,True,0x366844fe
OAKBAT.cleanStatic,27,5391,381756,1,9,1,0,0,0,True,0x003fe88c
OAKBAT.cleanStatic,27,5391,381756,1,10,0,0,1,1,True,0x380b4e9f
OAKBAT.cleanStatic,27,5691,381762,2,1,1,1,1,0,True,0x1d3cd9f2
OAKBAT.cleanStatic,27,5691,381762,2,2,1,0,1,1,True,0x1f116a4b
OAKBAT.cleanStatic,27,5691,381762,2,3,1,1,0,1,True,0x367d5fed
OAKBAT.cleanStatic,27,5691,381762,2,4,0,1,0,1,True,0x35755c55
OAKBAT.cleanStatic,27,5691,381762,2,5,0,1,1,0,True,0x25b693ba
OAKBAT.cleanStatic,27,5691,381762,2,6,1,0,1,1,True,0x0246410b
OAKBAT.cleanStatic,27,5691,381762,2,7,1,1,1,1,True,0x3774317b
OAKBAT.cleanStatic,27,5691,381762,2,8,1,1,1,0,True,0x3c00d7b2
OAKBAT.cleanStatic,27,5691,381762,2,9,1,0,1,1,True,0x035475bf
OAKBAT.cleanStatic,27,5691,381762,2,10,1,1,1,1,True,0x2844ffc3
OAKBAT.cleanStatic,27,5991,381768,3,1,1,1,1,0,True,0x1d3cd9f2
OAKBAT.cleanStatic,27,5991,381768,3,2,1,0,1,1,True,0x1f118b77
OAKBAT.cleanStatic,27,5991,381768,3,3,1,1,1,1,True,0x00031e8b
OAKBAT.cleanStatic,27,5991,381768,3,4,1,1,1,0,True,0x312d9842
OAKBAT.cleanStatic,27,5991,381768,3,5,1,0,1,0,True,0x3ff349d2
OAKBAT.cleanStatic,27,5991,381768,3,6,1,0,0,0,True,0x37cab994
OAKBAT.cleanStatic,27,5991,381768,3,7,0,0,1,0,True,0x07984576
OAKBAT.cleanStatic,27,5991,381768,3,8,1,0,1,1,True,0x1082de9f
OAKBAT.cleanStatic,27,5991,381768,3,9,1,1,1,1,True,0x00153847
OAKBAT.cleanStatic,27,5991,381768,3,10,1,1,1,1,True,0x367cf3df
OAKBAT.cleanStatic,27,6291,381774,4,1,1,1,1,0,True,0x1d3cd9f2
OAKBAT.cleanStatic,27,6291,381774,4,2,1,0,1,1,True,0x1f11ac33
OAKBAT.cleanStatic,27,6291,381774,4,3,1,1,1,0,True,0x21955556
OAKBAT.cleanStatic,27,6291,381774,4,4,1,0,0,1,True,0x2aaaaa95
OAKBAT.cleanStatic,27,6291,381774,4,5,0,1,1,0,True,0x1555556a
OAKBAT.cleanStatic,27,6291,381774,4,6,1,0,0,1,True,0x2aaaaa95
OAKBAT.cleanStatic,27,6291,381774,4,7,0,1,1,0,True,0x1555556a
OAKBAT.cleanStatic,27,6291,381774,4,8,1,0,0,1,True,0x2aaaaa95
OAKBAT.cleanStatic,27,6291,381774,4,9,0,1,1,0,True,0x1555556a
OAKBAT.cleanStatic,27,6291,381774,4,10,1,0,1,1,True,0x2aaaaa63
OAKBAT.cleanStatic,27,6591,381780,5,1,1,1,1,0,True,0x1d3cd9f2
OAKBAT.cleanStatic,27,6591,381780,5,2,1,0,1,1,True,0x1f11cd43
OAKBAT.cleanStatic,27,6591,381780,5,3,1,1,1,1,True,0x2fac7a7b
OAKBAT.cleanStatic,27,6591,381780,5,4,1,1,0,0,True,0x1c7a0840
OAKBAT.cleanStatic,27,6591,381780,5,5,0,0,1,1,True,0x3f4e8007
OAKBAT.cleanStatic,27,6591,381780,5,6,1,1,1,0,True,0x17bcbbc2
OAKBAT.cleanStatic,27,6591,381780,5,7,1,0,1,0,True,0x2c0a5fca
OAKBAT.cleanStatic,27,6591,381780,5,8,1,0,1,1,True,0x07b6508f
OAKBAT.cleanStatic,27,6591,381780,5,9,1,1,1,1,True,0x13c52027
OAKBAT.cleanStatic,27,6591,381780,5,10,1,1,1,1,True,0x0ac0121b
OAKBAT.cleanStatic,27,6891,381786,1,1,1,1,1,0,True,0x1d3cd9f2
OAKBAT.cleanStatic,27,6891,381786,1,2,1,0,1,1,True,0x1f11e9bf
OAKBAT.cleanStatic,27,6891,381786,1,3,1,1,0,0,True,0x3cebfffc
OAKBAT.cleanStatic,27,6891,381786,1,4,0,0,1,0,True,0x0aaaaa96
OAKBAT.cleanStatic,27,6891,381786,1,5,1,0,0,1,True,0x2aaaaa95
OAKBAT.cleanStatic,27,6891,381786,1,6,0,1,1,0,True,0x1555556a
OAKBAT.cleanStatic,27,6891,381786,1,7,1,0,1,1,True,0x000000df
OAKBAT.cleanStatic,27,6891,381786,1,8,1,1,1,0,True,0x366844fe
OAKBAT.cleanStatic,27,6891,381786,1,9,1,0,0,0,True,0x003fe88c
OAKBAT.cleanStatic,27,6891,381786,1,10,0,0,1,1,True,0x380b4e9f
OAKBAT.cleanStatic,27,7191,381792,2,1,1,1,1,0,True,0x1d3cd9f2
OAKBAT.cleanStatic,27,7191,381792,2,2,1,0,1,1,True,0x1f120a33
OAKBAT.cleanStatic,27,7191,381792,2,3,1,1,0,1,True,0x367d5fed
OAKBAT.cleanStatic,27,7191,381792,2,4,0,1,0,1,True,0x35755c55
OAKBAT.cleanStatic,27,7191,381792,2,5,0,1,1,0,True,0x25b693ba
OAKBAT.cleanStatic,27,7191,381792,2,6,1,0,1,1,True,0x0246410b
OAKBAT.cleanStatic,27,7191,381792,2,7,1,1,1,1,True,0x3774317b
OAKBAT.cleanStatic,27,7191,381792,2,8,1,1,1,0,True,0x3c00d7b2
OAKBAT.cleanStatic,27,7191,381792,2,9,1,0,1,1,True,0x035475bf
OAKBAT.cleanStatic,27,7191,381792,2,10,1,1,1,1,True,0x2844ffc3
OAKBAT.cleanStatic,27,7491,381798,3,1,1,1,1,0,True,0x1d3cd9f2
OAKBAT.cleanStatic,27,7491,381798,3,2,1,0,1,1,True,0x1f122bbb
OAKBAT.cleanStatic,27,7491,381798,3,3,1,1,1,1,True,0x00031e8b
OAKBAT.cleanStatic,27,7491,381798,3,4,1,1,1,0,True,0x312d9842
OAKBAT.cleanStatic,27,7491,381798,3,5,1,0,1,0,True,0x3ff349d2
OAKBAT.cleanStatic,27,7491,381798,3,6,1,0,0,0,True,0x37cab994
OAKBAT.cleanStatic,27,7491,381798,3,7,0,0,1,0,True,0x07984576
OAKBAT.cleanStatic,27,7491,381798,3,8,1,0,1,1,True,0x1082de9f
OAKBAT.cleanStatic,27,7491,381798,3,9,1,1,1,1,True,0x00153847
OAKBAT.cleanStatic,27,7491,381798,3,10,1,1,1,1,True,0x367cf3df
OAKBAT.cleanStatic,27,7791,381804,4,1,1,1,1,0,True,0x1d3cd9f2
OAKBAT.cleanStatic,27,7791,381804,4,2,1,0,1,1,True,0x1f124c07
OAKBAT.cleanStatic,27,7791,381804,4,3,1,1,0,0,True,0x29ad1bf0
OAKBAT.cleanStatic,27,7791,381804,4,4,0,0,0,0,True,0x2383df20
OAKBAT.cleanStatic,27,7791,381804,4,5,0,0,1,0,True,0x3f50c01e
OAKBAT.cleanStatic,27,7791,381804,4,6,1,0,1,1,True,0x284327d7
OAKBAT.cleanStatic,27,7791,381804,4,7,1,1,1,0,True,0x2956e792
OAKBAT.cleanStatic,27,7791,381804,4,8,1,0,0,1,True,0x0944c575
OAKBAT.cleanStatic,27,7791,381804,4,9,0,1,1,1,True,0x24cdef4f
OAKBAT.cleanStatic,27,7791,381804,4,10,1,1,1,1,True,0x007ff0bf
OAKBAT.cleanStatic,27,8091,381810,5,1,1,1,1,0,True,0x1d3cd9f2
OAKBAT.cleanStatic,27,8091,381810,5,2,1,0,1,1,True,0x1f126d8f
OAKBAT.cleanStatic,27,8091,381810,5,3,1,1,1,0,True,0x2f57740a
OAKBAT.cleanStatic,27,8091,381810,5,4,1,0,0,0,True,0x23828db8
OAKBAT.cleanStatic,27,8091,381810,5,5,0,0,1,1,True,0x3f51403f
OAKBAT.cleanStatic,27,8091,381810,5,6,1,1,1,0,True,0x17bcadca
OAKBAT.cleanStatic,27,8091,381810,5,7,1,0,1,0,True,0x2b472752
OAKBAT.cleanStatic,27,8091,381810,5,8,1,0,1,0,True,0x2f3caeae
OAKBAT.cleanStatic,27,8091,381810,5,9,1,0,0,0,True,0x2edb2b7c
OAKBAT.cleanStatic,27,8091,381810,5,10,0,0,1,1,True,0x323ff307
OAKBAT.cleanStatic,27,8391,381816,1,1,1,1,1,0,True,0x1d3cd9f2
OAKBAT.cleanStatic,27,8391,381816,1,2,1,0,1,1,True,0x1f1289c7
OAKBAT.cleanStatic,27,8391,381816,1,3,1,1,0,0,True,0x3cebfffc
OAKBAT.cleanStatic,27,8391,381816,1,4,0,0,1,0,True,0x0aaaaa96
OAKBAT.cleanStatic,27,8391,381816,1,5,1,0,0,1,True,0x2aaaaa95
OAKBAT.cleanStatic,27,8391,381816,1,6,0,1,1,0,True,0x1555556a
OAKBAT.cleanStatic,27,8391,381816,1,7,1,0,1,1,True,0x000000df
OAKBAT.cleanStatic,27,8391,381816,1,8,1,1,1,0,True,0x366844fe
OAKBAT.cleanStatic,27,8391,381816,1,9,1,0,0,0,True,0x003fe88c
OAKBAT.cleanStatic,27,8391,381816,1,10,0,0,1,1,True,0x380b4e9f
OAKBAT.cleanStatic,27,8691,381822,2,1,1,1,1,0,True,0x1d3cd9f2
OAKBAT.cleanStatic,27,8691,381822,2,2,1,0,1,1,True,0x1f12aaaf
OAKBAT.cleanStatic,27,8691,381822,2,3,1,1,0,1,True,0x367d5fed
OAKBAT.cleanStatic,27,8691,381822,2,4,0,1,0,1,True,0x35755c55
OAKBAT.cleanStatic,27,8691,381822,2,5,0,1,1,0,True,0x25b693ba
OAKBAT.cleanStatic,27,8691,381822,2,6,1,0,1,1,True,0x0246410b
OAKBAT.cleanStatic,27,8691,381822,2,7,1,1,1,1,True,0x3774317b
OAKBAT.cleanStatic,27,8691,381822,2,8,1,1,1,0,True,0x3c00d7b2
OAKBAT.cleanStatic,27,8691,381822,2,9,1,0,1,1,True,0x035475bf
OAKBAT.cleanStatic,27,8691,381822,2,10,1,1,1,1,True,0x2844ffc3
OAKBAT.cleanStatic,27,8991,381828,3,1,1,1,1,0,True,0x1d3cd9f2
OAKBAT.cleanStatic,27,8991,381828,3,2,1,0,1,1,True,0x1f12cbdf
OAKBAT.cleanStatic,27,8991,381828,3,3,1,1,1,1,True,0x00031e8b
OAKBAT.cleanStatic,27,8991,381828,3,4,1,1,1,0,True,0x312d9842
OAKBAT.cleanStatic,27,8991,381828,3,5,1,0,1,0,True,0x3ff349d2
OAKBAT.cleanStatic,27,8991,381828,3,6,1,0,0,0,True,0x37cab994
OAKBAT.cleanStatic,27,8991,381828,3,7,0,0,1,0,True,0x07984576
OAKBAT.cleanStatic,27,8991,381828,3,8,1,0,1,1,True,0x1082de9f
OAKBAT.cleanStatic,27,8991,381828,3,9,1,1,1,1,True,0x00153847
OAKBAT.cleanStatic,27,8991,381828,3,10,1,1,1,1,True,0x367cf3df
OAKBAT.cleanStatic,27,9291,381834,4,1,1,1,1,0,True,0x1d3cd9f2
OAKBAT.cleanStatic,27,9291,381834,4,2,1,0,1,1,True,0x1f12ec9b
OAKBAT.cleanStatic,27,9291,381834,4,3,1,1,0,1,True,0x297652b9
OAKBAT.cleanStatic,27,9291,381834,4,4,0,1,1,1,True,0x1c7f35b3
OAKBAT.cleanStatic,27,9291,381834,4,5,1,1,1,0,True,0x00b2bfea
OAKBAT.cleanStatic,27,9291,381834,4,6,1,0,1,0,True,0x28432c76
OAKBAT.cleanStatic,27,9291,381834,4,7,1,0,1,1,True,0x16504d63
OAKBAT.cleanStatic,27,9291,381834,4,8,1,1,0,1,True,0x3ddcfa05
OAKBAT.cleanStatic,27,9291,381834,4,9,0,1,0,1,True,0x2b8e62a9
OAKBAT.cleanStatic,27,9291,381834,4,10,0,1,1,1,True,0x3a7fec9b
OAKBAT.cleanStatic,27,9591,381840,5,1,1,1,1,0,True,0x1d3cd9f2
OAKBAT.cleanStatic,27,9591,381840,5,2,1,0,1,1,True,0x1f130d6f
OAKBAT.cleanStatic,27,9591,381840,5,3,1,1,0,0,True,0x2f3a8d20
OAKBAT.cleanStatic,27,9591,381840,5,4,0,0,0,1,True,0x2383af69
OAKBAT.cleanStatic,27,9591,381840,5,5,0,1,0,0,True,0x00ae7ff8
OAKBAT.cleanStatic,27,9591,381840,5,6,0,0,0,0,True,0x284332b8
OAKBAT.cleanStatic,27,9591,381840,5,7,0,0,0,0,True,0x36a5f280
OAKBAT.cleanStatic,27,9591,381840,5,8,0,0,1,1,True,0x072b2563
OAKBAT.cleanStatic,27,9591,381840,5,9,1,1,1,1,True,0x1ed4612f
OAKBAT.cleanStatic,27,9591,381840,5,10,1,1,1,1,True,0x03c01763
OAKBAT.cleanStatic,27,9891,381846,1,1,1,1,1,0,True,0x1d3cd9f2
OAKBAT.cleanStatic,27,9891,381846,1,2,1,0,1,1,True,0x1f132993
OAKBAT.cleanStatic,27,9891,381846,1,3,1,1,0,0,True,0x3cebfffc
OAKBAT.cleanStatic,27,9891,381846,1,4,0,0,1,0,True,0x0aaaaa96
OAKBAT.cleanStatic,27,9891,381846,1,5,1,0,0,1,True,0x2aaaaa95
OAKBAT.cleanStatic,27,9891,381846,1,6,0,1,1,0,True,0x1555556a
OAKBAT.cleanStatic,27,9891,381846,1,7,1,0,1,1,True,0x000000df
OAKBAT.cleanStatic,27,9891,381846,1,8,1,1,1,0,True,0x366844fe
OAKBAT.cleanStatic,27,9891,381846,1,9,1,0,0,0,True,0x003fe88c
OAKBAT.cleanStatic,27,9891,381846,1,10,0,0,1,1,True,0x380b4e9f
OAKBAT.cleanStatic,27,10191,381852,2,1,1,1,1,0,True,0x1d3cd9f2
OAKBAT.cleanStatic,27,10191,381852,2,2,1,0,1,1,True,0x1f134a03
OAKBAT.cleanStatic,27,10191,381852,2,3,1,1,0,1,True,0x367d5fed
OAKBAT.cleanStatic,27,10191,381852,2,4,0,1,0,1,True,0x35755c55
OAKBAT.cleanStatic,27,10191,381852,2,5,0,1,1,0,True,0x25b693ba
OAKBAT.cleanStatic,27,10191,381852,2,6,1,0,1,1,True,0x0246410b
OAKBAT.cleanStatic,27,10191,381852,2,7,1,1,1,1,True,0x3774317b
OAKBAT.cleanStatic,27,10191,381852,2,8,1,1,1,0,True,0x3c00d7b2
OAKBAT.cleanStatic,27,10191,381852,2,9,1,0,1,1,True,0x035475bf
OAKBAT.cleanStatic,27,10191,381852,2,10,1,1,1,1,True,0x2844ffc3
OAKBAT.cleanStatic,27,10491,381858,3,1,1,1,1,0,True,0x1d3cd9f2
OAKBAT.cleanStatic,27,10491,381858,3,2,1,0,1,1,True,0x1f136b8b
OAKBAT.cleanStatic,27,10491,381858,3,3,1,1,1,1,True,0x00031e8b
OAKBAT.cleanStatic,27,10491,381858,3,4,1,1,1,0,True,0x312d9842
OAKBAT.cleanStatic,27,10491,381858,3,5,1,0,1,0,True,0x3ff349d2
OAKBAT.cleanStatic,27,10491,381858,3,6,1,0,0,0,True,0x37cab994
OAKBAT.cleanStatic,27,10491,381858,3,7,0,0,1,0,True,0x07984576
OAKBAT.cleanStatic,27,10491,381858,3,8,1,0,1,1,True,0x1082de9f
OAKBAT.cleanStatic,27,10491,381858,3,9,1,1,1,1,True,0x00153847
OAKBAT.cleanStatic,27,10491,381858,3,10,1,1,1,1,True,0x367cf3df
OAKBAT.cleanStatic,27,10791,381864,4,1,1,1,1,0,True,0x1d3cd9f2
OAKBAT.cleanStatic,27,10791,381864,4,2,1,0,1,1,True,0x1f138c7b
OAKBAT.cleanStatic,27,10791,381864,4,3,1,1,0,1,True,0x292f76c1
OAKBAT.cleanStatic,27,10791,381864,4,4,0,1,0,0,True,0x1c7a1ae8
OAKBAT.cleanStatic,27,10791,381864,4,5,0,0,1,0,True,0x3f56000a
OAKBAT.cleanStatic,27,10791,381864,4,6,1,0,0,0,True,0x28435344
OAKBAT.cleanStatic,27,10791,381864,4,7,0,0,1,1,True,0x214aea77
OAKBAT.cleanStatic,27,10791,381864,4,8,1,1,0,1,True,0x3aaf21a9
OAKBAT.cleanStatic,27,10791,381864,4,9,0,1,0,0,True,0x3de84034
OAKBAT.cleanStatic,27,10791,381864,4,10,0,0,1,1,True,0x383fe98b
OAKBAT.cleanStatic,27,11091,381870,5,1,1,1,1,0,True,0x1d3cd9f2
OAKBAT.cleanStatic,27,11091,381870,5,2,1,0,1,1,True,0x1f13adf3
OAKBAT.cleanStatic,27,11091,381870,5,3,1,1,0,0,True,0x2efeb900
OAKBAT.cleanStatic,27,11091,381870,5,4,0,0,0,1,True,0x2382ef59
OAKBAT.cleanStatic,27,11091,381870,5,5,0,1,1,0,True,0x00acffda
OAKBAT.cleanStatic,27,11091,381870,5,6,1,0,1,1,True,0x28436ae7
OAKBAT.cleanStatic,27,11091,381870,5,7,1,1,0,0,True,0x3e5e2abc
OAKBAT.cleanStatic,27,11091,381870,5,8,0,0,1,1,True,0x24b83ff3
OAKBAT.cleanStatic,27,11091,381870,5,9,1,1,0,0,True,0x079d4884
OAKBAT.cleanStatic,27,11091,381870,5,10,0,0,1,1,True,0x3dfffc07
OAKBAT.cleanStatic,27,11391,381876,1,1,1,1,1,0,True,0x1d3cd9f2
OAKBAT.cleanStatic,27,11391,381876,1,2,1,0,1,1,True,0x1f13c9f7
OAKBAT.cleanStatic,27,11391,381876,1,3,1,1,0,0,True,0x3cebfffc
OAKBAT.cleanStatic,27,11391,381876,1,4,0,0,1,0,True,0x0aaaaa96
OAKBAT.cleanStatic,27,11391,381876,1,5,1,0,0,1,True,0x2aaaaa95
OAKBAT.cleanStatic,27,11391,381876,1,6,0,1,1,0,True,0x1555556a
OAKBAT.cleanStatic,27,11391,381876,1,7,1,0,1,1,True,0x000000df
OAKBAT.cleanStatic,27,11391,381876,1,8,1,1,1,0,True,0x366844fe
OAKBAT.cleanStatic,27,11391,381876,1,9,1,0,0,0,True,0x003fe88c
OAKBAT.cleanStatic,27,11391,381876,1,10,0,0,1,1,True,0x380b4e9f
OAKBAT.cleanStatic,27,11691,381882,2,1,1,1,1,0,True,0x1d3cd9f2
OAKBAT.cleanStatic,27,11691,381882,2,2,1,0,1,1,True,0x1f13ea9f
OAKBAT.cleanStatic,27,11691,381882,2,3,1,1,0,1,True,0x367d5fed
OAKBAT.cleanStatic,27,11691,381882,2,4,0,1,0,1,True,0x35755c55
OAKBAT.cleanStatic,27,11691,381882,2,5,0,1,1,0,True,0x25b693ba
OAKBAT.cleanStatic,27,11691,381882,2,6,1,0,1,1,True,0x0246410b
OAKBAT.cleanStatic,27,11691,381882,2,7,1,1,1,1,True,0x3774317b
OAKBAT.cleanStatic,27,11691,381882,2,8,1,1,1,0,True,0x3c00d7b2
OAKBAT.cleanStatic,27,11691,381882,2,9,1,0,1,1,True,0x035475bf
OAKBAT.cleanStatic,27,11691,381882,2,10,1,1,1,1,True,0x2844ffc3
OAKBAT.cleanStatic,27,11991,381888,3,1,1,1,1,0,True,0x1d3cd9f2
OAKBAT.cleanStatic,27,11991,381888,3,2,1,0,1,1,True,0x1f140bcb
OAKBAT.cleanStatic,27,11991,381888,3,3,1,1,1,1,True,0x00031e8b
OAKBAT.cleanStatic,27,11991,381888,3,4,1,1,1,0,True,0x312d9842
OAKBAT.cleanStatic,27,11991,381888,3,5,1,0,1,0,True,0x3ff349d2
OAKBAT.cleanStatic,27,11991,381888,3,6,1,0,0,0,True,0x37cab994
OAKBAT.cleanStatic,27,11991,381888,3,7,0,0,1,0,True,0x07984576
OAKBAT.cleanStatic,27,11991,381888,3,8,1,0,1,1,True,0x1082de9f
OAKBAT.cleanStatic,27,11991,381888,3,9,1,1,1,1,True,0x00153847
OAKBAT.cleanStatic,27,11991,381888,3,10,1,1,1,1,True,0x367cf3df
OAKBAT.cleanStatic,27,12291,381894,4,1,1,1,1,0,True,0x1d3cd9f2
OAKBAT.cleanStatic,27,12291,381894,4,2,1,0,1,1,True,0x1f142c8f
OAKBAT.cleanStatic,27,12291,381894,4,3,1,1,1,0,True,0x28da07d2
OAKBAT.cleanStatic,27,12291,381894,4,4,1,0,0,0,True,0x2385d408
OAKBAT.cleanStatic,27,12291,381894,4,5,0,0,0,1,True,0x3f4f8039
OAKBAT.cleanStatic,27,12291,381894,4,6,0,1,0,0,True,0x17bca8c4
OAKBAT.cleanStatic,27,12291,381894,4,7,0,0,1,1,True,0x17959faf
OAKBAT.cleanStatic,27,12291,381894,4,8,1,1,1,0,True,0x0e612f0e
OAKBAT.cleanStatic,27,12291,381894,4,9,1,0,0,0,True,0x096c50ec
OAKBAT.cleanStatic,27,12291,381894,4,10,0,0,1,1,True,0x17ffff77
OAKBAT.cleanStatic,27,12591,381900,5,1,1,1,1,0,True,0x1d3cd9f2
OAKBAT.cleanStatic,27,12591,381900,5,2,1,0,1,1,True,0x1f144dff
OAKBAT.cleanStatic,27,12591,381900,5,3,1,1,0,0,True,0x2eb42fe0
OAKBAT.cleanStatic,27,12591,381900,5,4,0,0,0,0,True,0x23818ba8
OAKBAT.cleanStatic,27,12591,381900,5,5,0,0,1,0,True,0x3f4e4016
OAKBAT.cleanStatic,27,12591,381900,5,6,1,0,0,0,True,0x28434038
OAKBAT.cleanStatic,27,12591,381900,5,7,0,0,0,0,True,0x36553254
OAKBAT.cleanStatic,27,12591,381900,5,8,0,0,0,1,True,0x0807e4ed
OAKBAT.cleanStatic,27,12591,381900,5,9,0,1,1,0,True,0x3621faae
OAKBAT.cleanStatic,27,12591,381900,5,10,1,0,1,1,True,0x3f80067b
OAKBAT.cleanStatic,27,12891,381906,1,1,1,1,1,0,True,0x1d3cd9f2
OAKBAT.cleanStatic,27,12891,381906,1,2,1,0,1,1,True,0x1f146903
OAKBAT.cleanStatic,27,12891,381906,1,3,1,1,0,0,True,0x3cebfffc
OAKBAT.cleanStatic,27,12891,381906,1,4,0,0,1,0,True,0x0aaaaa96
OAKBAT.cleanStatic,27,12891,381906,1,5,1,0,0,1,True,0x2aaaaa95
OAKBAT.cleanStatic,27,12891,381906,1,6,0,1,1,0,True,0x1555556a
OAKBAT.cleanStatic,27,12891,381906,1,7,1,0,1,1,True,0x000000df
OAKBAT.cleanStatic,27,12891,381906,1,8,1,1,1,0,True,0x366844fe
OAKBAT.cleanStatic,27,12891,381906,1,9,1,0,0,0,True,0x003fe88c
OAKBAT.cleanStatic,27,12891,381906,1,10,0,0,1,1,True,0x380b4e9f
OAKBAT.cleanStatic,27,13191,381912,2,1,1,1,1,0,True,0x1d3cd9f2
OAKBAT.cleanStatic,27,13191,381912,2,2,1,0,1,1,True,0x1f148adf
OAKBAT.cleanStatic,27,13191,381912,2,3,1,1,0,1,True,0x367d5fed
OAKBAT.cleanStatic,27,13191,381912,2,4,0,1,0,1,True,0x35755c55
OAKBAT.cleanStatic,27,13191,381912,2,5,0,1,1,0,True,0x25b693ba
OAKBAT.cleanStatic,27,13191,381912,2,6,1,0,1,1,True,0x0246410b
OAKBAT.cleanStatic,27,13191,381912,2,7,1,1,1,1,True,0x3774317b
OAKBAT.cleanStatic,27,13191,381912,2,8,1,1,1,0,True,0x3c00d7b2
OAKBAT.cleanStatic,27,13191,381912,2,9,1,0,1,1,True,0x035475bf
OAKBAT.cleanStatic,27,13191,381912,2,10,1,1,1,1,True,0x2844ffc3
OAKBAT.cleanStatic,27,13491,381918,3,1,1,1,1,0,True,0x1d3cd9f2
OAKBAT.cleanStatic,27,13491,381918,3,2,1,0,1,1,True,0x1f14ab57
OAKBAT.cleanStatic,27,13491,381918,3,3,1,1,1,1,True,0x00031e8b
OAKBAT.cleanStatic,27,13491,381918,3,4,1,1,1,0,True,0x312d9842
OAKBAT.cleanStatic,27,13491,381918,3,5,1,0,1,0,True,0x3ff349d2
OAKBAT.cleanStatic,27,13491,381918,3,6,1,0,0,0,True,0x37cab994
OAKBAT.cleanStatic,27,13491,381918,3,7,0,0,1,0,True,0x07984576
OAKBAT.cleanStatic,27,13491,381918,3,8,1,0,1,1,True,0x1082de9f
OAKBAT.cleanStatic,27,13491,381918,3,9,1,1,1,1,True,0x00153847
OAKBAT.cleanStatic,27,13491,381918,3,10,1,1,1,1,True,0x367cf3df
OAKBAT.cleanStatic,27,13791,381924,4,1,1,1,1,0,True,0x1d3cd9f2
OAKBAT.cleanStatic,27,13791,381924,4,2,1,0,1,1,True,0x1f14cceb
OAKBAT.cleanStatic,27,13791,381924,4,3,1,1,1,0,True,0x21955556
OAKBAT.cleanStatic,27,13791,381924,4,4,1,0,0,1,True,0x2aaaaa95
OAKBAT.cleanStatic,27,13791,381924,4,5,0,1,1,0,True,0x1555556a
OAKBAT.cleanStatic,27,13791,381924,4,6,1,0,0,1,True,0x2aaaaa95
OAKBAT.cleanStatic,27,13791,381924,4,7,0,1,1,0,True,0x1555556a
OAKBAT.cleanStatic,27,13791,381924,4,8,1,0,0,1,True,0x2aaaaa95
OAKBAT.cleanStatic,27,13791,381924,4,9,0,1,1,0,True,0x1555556a
OAKBAT.cleanStatic,27,13791,381924,4,10,1,0,1,1,True,0x2aaaaa63
OAKBAT.cleanStatic,27,14091,381930,5,1,1,1,1,0,True,0x1d3cd9f2
OAKBAT.cleanStatic,27,14091,381930,5,2,1,0,1,1,True,0x1f14ed63
OAKBAT.cleanStatic,27,14091,381930,5,3,1,1,0,0,True,0x2e7c0a94
OAKBAT.cleanStatic,27,14091,381930,5,4,0,0,1,1,True,0x2385e623
OAKBAT.cleanStatic,27,14091,381930,5,5,1,1,0,1,True,0x00b0ffd9
OAKBAT.cleanStatic,27,14091,381930,5,6,0,1,0,1,True,0x17bc7481
OAKBAT.cleanStatic,27,14091,381930,5,7,0,1,1,1,True,0x140b2187
OAKBAT.cleanStatic,27,14091,381930,5,8,1,1,0,1,True,0x0b1f5475
OAKBAT.cleanStatic,27,14091,381930,5,9,0,1,0,1,True,0x12040511
OAKBAT.cleanStatic,27,14091,381930,5,10,0,1,1,1,True,0x07800dc3
OAKBAT.cleanStatic,27,14391,381936,1,1,1,1,1,0,True,0x1d3cd9f2
OAKBAT.cleanStatic,27,14391,381936,1,2,1,0,1,1,True,0x1f1509e3
OAKBAT.cleanStatic,27,14391,381936,1,3,1,1,0,0,True,0x3cebfffc
OAKBAT.cleanStatic,27,14391,381936,1,4,0,0,1,0,True,0x0aaaaa96
OAKBAT.cleanStatic,27,14391,381936,1,5,1,0,0,1,True,0x2aaaaa95
OAKBAT.cleanStatic,27,14391,381936,1,6,0,1,1,0,True,0x1555556a
OAKBAT.cleanStatic,27,14391,381936,1,7,1,0,1,1,True,0x000000df
OAKBAT.cleanStatic,27,14391,381936,1,8,1,1,1,0,True,0x366844fe
OAKBAT.cleanStatic,27,14391,381936,1,9,1,0,0,0,True,0x003fe88c
OAKBAT.cleanStatic,27,14391,381936,1,10,0,0,1,1,True,0x380b4e9f
OAKBAT.cleanStatic,27,14691,381942,2,1,1,1,1,0,True,0x1d3cd9f2
OAKBAT.cleanStatic,27,14691,381942,2,2,1,0,1,1,True,0x1f152a8b
OAKBAT.cleanStatic,27,14691,381942,2,3,1,1,0,1,True,0x367d5fed
OAKBAT.cleanStatic,27,14691,381942,2,4,0,1,0,1,True,0x35755c55
OAKBAT.cleanStatic,27,14691,381942,2,5,0,1,1,0,True,0x25b693ba
OAKBAT.cleanStatic,27,14691,381942,2,6,1,0,1,1,True,0x0246410b
OAKBAT.cleanStatic,27,14691,381942,2,7,1,1,1,1,True,0x3774317b
OAKBAT.cleanStatic,27,14691,381942,2,8,1,1,1,0,True,0x3c00d7b2
OAKBAT.cleanStatic,27,14691,381942,2,9,1,0,1,1,True,0x035475bf
OAKBAT.cleanStatic,27,14691,381942,2,10,1,1,1,1,True,0x2844ffc3
OAKBAT.cleanStatic,27,14991,381948,3,1,1,1,1,0,True,0x1d3cd9f2
OAKBAT.cleanStatic,27,14991,381948,3,2,1,0,1,1,True,0x1f154bfb
OAKBAT.cleanStatic,27,14991,381948,3,3,1,1,1,1,True,0x00031e8b
OAKBAT.cleanStatic,27,14991,381948,3,4,1,1,1,0,True,0x312d9842
OAKBAT.cleanStatic,27,14991,381948,3,5,1,0,1,0,True,0x3ff349d2
OAKBAT.cleanStatic,27,14991,381948,3,6,1,0,0,0,True,0x37cab994
OAKBAT.cleanStatic,27,14991,381948,3,7,0,0,1,0,True,0x07984576
OAKBAT.cleanStatic,27,14991,381948,3,8,1,0,1,1,True,0x1082de9f
OAKBAT.cleanStatic,27,14991,381948,3,9,1,1,1,1,True,0x00153847
OAKBAT.cleanStatic,27,14991,381948,3,10,1,1,1,1,True,0x367cf3df
OAKBAT.cleanStatic,27,15291,381954,4,1,1,1,1,0,True,0x1d3cd9f2
OAKBAT.cleanStatic,27,15291,381954,4,2,1,0,1,1,True,0x1f156cbf
OAKBAT.cleanStatic,27,15291,381954,4,3,1,1,1,1,True,0x28bd803b
OAKBAT.cleanStatic,27,15291,381954,4,4,1,1,1,0,True,0x1c78e582
OAKBAT.cleanStatic,27,15291,381954,4,5,1,0,0,0,True,0x3f544010
OAKBAT.cleanStatic,27,15291,381954,4,6,0,0,0,1,True,0x28433aa1
OAKBAT.cleanStatic,27,15291,381954,4,7,0,1,0,1,True,0x1dffbd3d
OAKBAT.cleanStatic,27,15291,381954,4,8,0,1,0,0,True,0x2cfb1120
OAKBAT.cleanStatic,27,15291,381954,4,9,0,0,0,1,True,0x05f9cd9d
OAKBAT.cleanStatic,27,15291,381954,4,10,0,1,1,1,True,0x01c016cb
OAKBAT.cleanStatic,27,15591,381960,5,1,1,1,1,0,True,0x1d3cd9f2
OAKBAT.cleanStatic,27,15591,381960,5,2,1,0,1,1,True,0x1f158d83
OAKBAT.cleanStatic,27,15591,381960,5,3,1,1,0,0,True,0x2e247130
OAKBAT.cleanStatic,27,15591,381960,5,4,0,0,1,0,True,0x2381c48e
OAKBAT.cleanStatic,27,15591,381960,5,5,1,0,0,0,True,0x3f474030
OAKBAT.cleanStatic,27,15591,381960,5,6,0,0,0,0,True,0x28435b74
OAKBAT.cleanStatic,27,15591,381960,5,7,0,0,0,1,True,0x0c17833d
OAKBAT.cleanStatic,27,15591,381960,5,8,0,1,1,1,True,0x1890de23
OAKBAT.cleanStatic,27,15591,381960,5,9,1,1,1,1,True,0x1b631e33
OAKBAT.cleanStatic,27,15591,381960,5,10,1,1,1,1,True,0x07c00a73
OAKBAT.cleanStatic,27,15891,381966,1,1,1,1,1,0,True,0x1d3cd9f2
OAKBAT.cleanStatic,27,15891,381966,1,2,1,0,1,1,True,0x1f15a97f
OAKBAT.cleanStatic,27,15891,381966,1,3,1,1,0,0,True,0x3cebfffc
OAKBAT.cleanStatic,27,15891,381966,1,4,0,0,1,0,True,0x0aaaaa96
OAKBAT.cleanStatic,27,15891,381966,1,5,1,0,0,1,True,0x2aaaaa95
OAKBAT.cleanStatic,27,15891,381966,1,6,0,1,1,0,True,0x1555556a
OAKBAT.cleanStatic,27,15891,381966,1,7,1,0,1,1,True,0x000000df
OAKBAT.cleanStatic,27,15891,381966,1,8,1,1,1,0,True,0x366844fe
OAKBAT.cleanStatic,27,15891,381966,1,9,1,0,0,0,True,0x003fe88c
OAKBAT.cleanStatic,27,15891,381966,1,10,0,0,1,1,True,0x380b4e9f
OAKBAT.cleanStatic,27,16191,381972,2,1,1,1,1,0,True,0x1d3cd9f2
OAKBAT.cleanStatic,27,16191,381972,2,2,1,0,1,1,True,0x1f15caef
OAKBAT.cleanStatic,27,16191,381972,2,3,1,1,0,1,True,0x367d5fed
OAKBAT.cleanStatic,27,16191,381972,2,4,0,1,0,1,True,0x35755c55
OAKBAT.cleanStatic,27,16191,381972,2,5,0,1,1,0,True,0x25b693ba
OAKBAT.cleanStatic,27,16191,381972,2,6,1,0,1,1,True,0x0246410b
OAKBAT.cleanStatic,27,16191,381972,2,7,1,1,1,1,True,0x3774317b
OAKBAT.cleanStatic,27,16191,381972,2,8,1,1,1,0,True,0x3c00d7b2
OAKBAT.cleanStatic,27,16191,381972,2,9,1,0,1,1,True,0x035475bf
OAKBAT.cleanStatic,27,16191,381972,2,10,1,1,1,1,True,0x2844ffc3
OAKBAT.cleanStatic,27,16491,381978,3,1,1,1,1,0,True,0x1d3cd9f2
OAKBAT.cleanStatic,27,16491,381978,3,2,1,0,1,1,True,0x1f15eb67
OAKBAT.cleanStatic,27,16491,381978,3,3,1,1,1,1,True,0x00031e8b
OAKBAT.cleanStatic,27,16491,381978,3,4,1,1,1,0,True,0x312d9842
OAKBAT.cleanStatic,27,16491,381978,3,5,1,0,1,0,True,0x3ff349d2
OAKBAT.cleanStatic,27,16491,381978,3,6,1,0,0,0,True,0x37cab994
OAKBAT.cleanStatic,27,16491,381978,3,7,0,0,1,0,True,0x07984576
OAKBAT.cleanStatic,27,16491,381978,3,8,1,0,1,1,True,0x1082de9f
OAKBAT.cleanStatic,27,16491,381978,3,9,1,1,1,1,True,0x00153847
OAKBAT.cleanStatic,27,16491,381978,3,10,1,1,1,1,True,0x367cf3df
OAKBAT.cleanStatic,27,16791,381984,4,1,1,1,1,0,True,0x1d3cd9f2
OAKBAT.cleanStatic,27,16791,381984,4,2,1,0,1,1,True,0x1f160cc7
OAKBAT.cleanStatic,27,16791,381984,4,3,1,1,1,0,True,0x28771472
OAKBAT.cleanStatic,27,16791,381984,4,4,1,0,1,0,True,0x23bf60a2
OAKBAT.cleanStatic,27,16791,381984,4,5,1,0,0,1,True,0x3f44003d
OAKBAT.cleanStatic,27,16791,381984,4,6,0,1,0,0,True,0x17bca99c
OAKBAT.cleanStatic,27,16791,381984,4,7,0,0,0,0,True,0x0c554940
OAKBAT.cleanStatic,27,16791,381984,4,8,0,0,1,1,True,0x2239b36b
OAKBAT.cleanStatic,27,16791,381984,4,9,1,1,0,1,True,0x1b74646d
OAKBAT.cleanStatic,27,16791,381984,4,10,0,1,1,1,True,0x05c00bdb
OAKBAT.cleanStatic,27,17091,381990,5,1,1,1,1,0,True,0x1d3cd9f2
OAKBAT.cleanStatic,27,17091,381990,5,2,1,0,1,1,True,0x1f162d4f
OAKBAT.cleanStatic,27,17091,381990,5,3,1,1,0,1,True,0x2df52561
OAKBAT.cleanStatic,27,17091,381990,5,4,0,1,1,0,True,0x1c7b7946
OAKBAT.cleanStatic,27,17091,381990,5,5,1,0,0,0,True,0x3f528004
OAKBAT.cleanStatic,27,17091,381990,5,6,0,0,0,1,True,0x28434a4d
OAKBAT.cleanStatic,27,17091,381990,5,7,0,1,1,0,True,0x1ed8f3c2
OAKBAT.cleanStatic,27,17091,381990,5,8,1,0,0,0,True,0x3e9edec4
OAKBAT.cleanStatic,27,17091,381990,5,9,0,0,1,0,True,0x03dc991a
OAKBAT.cleanStatic,27,17091,381990,5,10,1,0,1,1,True,0x3f0003e3
OAKBAT.cleanStatic,27,17391,381996,1,1,1,1,1,0,True,0x1d3cd9f2
OAKBAT.cleanStatic,27,17391,381996,1,2,1,0,1,1,True,0x1f16494b
OAKBAT.cleanStatic,27,17391,381996,1,3,1,1,0,0,True,0x3cebfffc
OAKBAT.cleanStatic,27,17391,381996,1,4,0,0,1,0,True,0x0aaaaa96
OAKBAT.cleanStatic,27,17391,381996,1,5,1,0,0,1,True,0x2aaaaa95
OAKBAT.cleanStatic,27,17391,381996,1,6,0,1,1,0,True,0x1555556a
OAKBAT.cleanStatic,27,17391,381996,1,7,1,0,1,1,True,0x000000df
OAKBAT.cleanStatic,27,17391,381996,1,8,1,1,1,0,True,0x366844fe
OAKBAT.cleanStatic,27,17391,381996,1,9,1,0,0,0,True,0x003fe88c
OAKBAT.cleanStatic,27,17391,381996,1,10,0,0,1,1,True,0x380b4e9f
OAKBAT.cleanStatic,27,17691,382002,2,1,1,1,1,0,True,0x1d3cd9f2
OAKBAT.cleanStatic,27,17691,382002,2,2,1,0,1,1,True,0x1f166a23
OAKBAT.cleanStatic,27,17691,382002,2,3,1,1,0,1,True,0x367d5fed
OAKBAT.cleanStatic,27,17691,382002,2,4,0,1,0,1,True,0x35755c55
OAKBAT.cleanStatic,27,17691,382002,2,5,0,1,1,0,True,0x25b693ba
OAKBAT.cleanStatic,27,17691,382002,2,6,1,0,1,1,True,0x0246410b
OAKBAT.cleanStatic,27,17691,382002,2,7,1,1,1,1,True,0x3774317b
OAKBAT.cleanStatic,27,17691,382002,2,8,1,1,1,0,True,0x3c00d7b2
OAKBAT.cleanStatic,27,17691,382002,2,9,1,0,1,1,True,0x035475bf
OAKBAT.cleanStatic,27,17691,382002,2,10,1,1,1,1,True,0x2844ffc3
OAKBAT.cleanStatic,27,17991,382008,3,1,1,1,1,0,True,0x1d3cd9f2
OAKBAT.cleanStatic,27,17991,382008,3,2,1,0,1,1,True,0x1f168b1f
OAKBAT.cleanStatic,27,17991,382008,3,3,1,1,1,1,True,0x00031e8b
OAKBAT.cleanStatic,27,17991,382008,3,4,1,1,1,0,True,0x312d9842
OAKBAT.cleanStatic,27,17991,382008,3,5,1,0,1,0,True,0x3ff349d2
OAKBAT.cleanStatic,27,17991,382008,3,6,1,0,0,0,True,0x37cab994
OAKBAT.cleanStatic,27,17991,382008,3,7,0,0,1,0,True,0x07984576
OAKBAT.cleanStatic,27,17991,382008,3,8,1,0,1,1,True,0x1082de9f
OAKBAT.cleanStatic,27,17991,382008,3,9,1,1,1,1,True,0x00153847
OAKBAT.cleanStatic,27,17991,382008,3,10,1,1,1,1,True,0x367cf3df
OAKBAT.cleanStatic,27,18291,382014,4,1,1,1,1,0,True,0x1d3cd9f2
OAKBAT.cleanStatic,27,18291,382014,4,2,1,0,1,1,True,0x1f16ac5b
OAKBAT.cleanStatic,27,18291,382014,4,3,1,1,1,1,True,0x282c44f7
OAKBAT.cleanStatic,27,18291,382014,4,4,1,1,1,1,True,0x1c7d8333
OAKBAT.cleanStatic,27,18291,382014,4,5,1,1,0,1,True,0x00b4b031
OAKBAT.cleanStatic,27,18291,382014,4,6,0,1,1,1,True,0x17bc6c0f
OAKBAT.cleanStatic,27,18291,382014,4,7,1,1,0,1,True,0x33c08515
OAKBAT.cleanStatic,27,18291,382014,4,8,0,1,0,1,True,0x3eb0fd55
OAKBAT.cleanStatic,27,18291,382014,4,9,0,1,0,0,True,0x1fc5a754
OAKBAT.cleanStatic,27,18291,382014,4,10,0,0,1,1,True,0x3f3ff813
OAKBAT.cleanStatic,27,18591,382020,5,1,1,1,1,0,True,0x1d3cd9f2
OAKBAT.cleanStatic,27,18591,382020,5,2,1,0,1,1,True,0x1f16cd2b
OAKBAT.cleanStatic,27,18591,382020,5,3,1,1,1,1,True,0x2dbc98f3
OAKBAT.cleanStatic,27,18591,382020,5,4,1,1,1,0,True,0x1c7e40ca
OAKBAT.cleanStatic,27,18591,382020,5,5,1,0,0,0,True,0x3f510018
OAKBAT.cleanStatic,27,18591,382020,5,6,0,0,1,0,True,0x28438aaa
OAKBAT.cleanStatic,27,18591,382020,5,7,1,0,0,1,True,0x0126533d
OAKBAT.cleanStatic,27,18591,382020,5,8,0,1,1,1,True,0x2dac14d3
OAKBAT.cleanStatic,27,18591,382020,5,9,1,1,0,1,True,0x3a250c51
OAKBAT.cleanStatic,27,18591,382020,5,10,0,1,1,1,True,0x05c00c4f
OAKBAT.cleanStatic,27,18891,382026,1,1,1,1,1,0,True,0x1d3cd9f2
OAKBAT.cleanStatic,27,18891,382026,1,2,1,0,1,1,True,0x1f16e9d7
OAKBAT.cleanStatic,27,18891,382026,1,3,1,1,0,0,True,0x3cebfffc
OAKBAT.cleanStatic,27,18891,382026,1,4,0,0,1,0,True,0x0aaaaa96
OAKBAT.cleanStatic,27,18891,382026,1,5,1,0,0,1,True,0x2aaaaa95
OAKBAT.cleanStatic,27,18891,382026,1,6,0,1,1,0,True,0x1555556a
OAKBAT.cleanStatic,27,18891,382026,1,7,1,0,1,1,True,0x000000df
OAKBAT.cleanStatic,27,18891,382026,1,8,1,1,1,0,True,0x366844fe
OAKBAT.cleanStatic,27,18891,382026,1,9,1,0,0,0,True,0x003fe88c
OAKBAT.cleanStatic,27,18891,382026,1,10,0,0,1,1,True,0x380b4e9f
OAKBAT.cleanStatic,27,19191,382032,2,1,1,1,1,0,True,0x1d3cd9f2
OAKBAT.cleanStatic,27,19191,382032,2,2,1,0,1,1,True,0x1f170ac3
OAKBAT.cleanStatic,27,19191,382032,2,3,1,1,0,1,True,0x367d5fed
OAKBAT.cleanStatic,27,19191,382032,2,4,0,1,0,1,True,0x35755c55
OAKBAT.cleanStatic,27,19191,382032,2,5,0,1,1,0,True,0x25b693ba
OAKBAT.cleanStatic,27,19191,382032,2,6,1,0,1,1,True,0x0246410b
OAKBAT.cleanStatic,27,19191,382032,2,7,1,1,1,1,True,0x3774317b
OAKBAT.cleanStatic,27,19191,382032,2,8,1,1,1,0,True,0x3c00d7b2
OAKBAT.cleanStatic,27,19191,382032,2,9,1,0,1,1,True,0x035475bf
OAKBAT.cleanStatic,27,19191,382032,2,10,1,1,1,1,True,0x2844ffc3
OAKBAT.cleanStatic,27,19491,382038,3,1,1,1,1,0,True,0x1d3cd9f2
OAKBAT.cleanStatic,27,19491,382038,3,2,1,0,1,1,True,0x1f172b4b
OAKBAT.cleanStatic,27,19491,382038,3,3,1,1,1,1,True,0x00031e8b
OAKBAT.cleanStatic,27,19491,382038,3,4,1,1,1,0,True,0x312d9842
OAKBAT.cleanStatic,27,19491,382038,3,5,1,0,1,0,True,0x3ff349d2
OAKBAT.cleanStatic,27,19491,382038,3,6,1,0,0,0,True,0x37cab994
OAKBAT.cleanStatic,27,19491,382038,3,7,0,0,1,0,True,0x07984576
OAKBAT.cleanStatic,27,19491,382038,3,8,1,0,1,1,True,0x1082de9f
OAKBAT.cleanStatic,27,19491,382038,3,9,1,1,1,1,True,0x00153847
OAKBAT.cleanStatic,27,19491,382038,3,10,1,1,1,1,True,0x367cf3df
OAKBAT.cleanStatic,27,19791,382044,4,1,1,1,1,0,True,0x1d3cd9f2
OAKBAT.cleanStatic,27,19791,382044,4,2,1,0,1,1,True,0x1f174cf7
OAKBAT.cleanStatic,27,19791,382044,4,3,1,1,0,0,True,0x27f85e5c
OAKBAT.cleanStatic,27,19791,382044,4,4,0,0,1,1,True,0x23826c5b
OAKBAT.cleanStatic,27,19791,382044,4,5,1,1,0,1,True,0x00adffcd
OAKBAT.cleanStatic,27,19791,382044,4,6,0,1,1,1,True,0x17bc9df7
OAKBAT.cleanStatic,27,19791,382044,4,7,1,1,1,0,True,0x3ec4993a
OAKBAT.cleanStatic,27,19791,382044,4,8,1,0,0,1,True,0x269070e5
OAKBAT.cleanStatic,27,19791,382044,4,9,0,1,1,1,True,0x365ca717
OAKBAT.cleanStatic,27,19791,382044,4,10,1,1,1,1,True,0x383feb57
OAKBAT.cleanStatic,27,20091,382050,5,1,1,1,1,0,True,0x1d3cd9f2
OAKBAT.cleanStatic,27,20091,382050,5,2,1,0,1,1,True,0x1f176d7f
OAKBAT.cleanStatic,27,20091,382050,5,3,1,1,1,1,True,0x2d74be3f
OAKBAT.cleanStatic,27,20091,382050,5,4,1,1,0,1,True,0x1c7c5225
OAKBAT.cleanStatic,27,20091,382050,5,5,0,1,0,1,True,0x00aebfe9
OAKBAT.cleanStatic,27,20091,382050,5,6,0,1,0,0,True,0x17bca8c4
OAKBAT.cleanStatic,27,20091,382050,5,7,0,0,1,0,True,0x369dec72
OAKBAT.cleanStatic,27,20091,382050,5,8,1,0,1,0,True,0x250b2c5a
OAKBAT.cleanStatic,27,20091,382050,5,9,1,0,1,1,True,0x16cbf667
OAKBAT.cleanStatic,27,20091,382050,5,10,1,1,1,1,True,0x09001733
OAKBAT.cleanStatic,27,20391,382056,1,1,1,1,1,0,True,0x1d3cd9f2
OAKBAT.cleanStatic,27,20391,382056,1,2,1,0,1,1,True,0x1f178937
OAKBAT.cleanStatic,27,20391,382056,1,3,1,1,0,0,True,0x3cebfffc
OAKBAT.cleanStatic,27,20391,382056,1,4,0,0,1,0,True,0x0aaaaa96
OAKBAT.cleanStatic,27,20391,382056,1,5,1,0,0,1,True,0x2aaaaa95
OAKBAT.cleanStatic,27,20391,382056,1,6,0,1,1,0,True,0x1555556a
OAKBAT.cleanStatic,27,20391,382056,1,7,1,0,1,1,True,0x000000df
OAKBAT.cleanStatic,27,20391,382056,1,8,1,1,1,0,True,0x366844fe
OAKBAT.cleanStatic,27,20391,382056,1,9,1,0,0,0,True,0x003fe88c
OAKBAT.cleanStatic,27,20391,382056,1,10,0,0,1,1,True,0x380b4e9f
OAKBAT.cleanStatic,27,20691,382062,2,1,1,1,1,0,True,0x1d3cd9f2
OAKBAT.cleanStatic,27,20691,382062,2,2,1,0,1,1,True,0x1f17aa5f
OAKBAT.cleanStatic,27,20691,382062,2,3,1,1,0,1,True,0x367d5fed
OAKBAT.cleanStatic,27,20691,382062,2,4,0,1,0,1,True,0x35755c55
OAKBAT.cleanStatic,27,20691,382062,2,5,0,1,1,0,True,0x25b693ba
OAKBAT.cleanStatic,27,20691,382062,2,6,1,0,1,1,True,0x0246410b
OAKBAT.cleanStatic,27,20691,382062,2,7,1,1,1,1,True,0x3774317b
OAKBAT.cleanStatic,27,20691,382062,2,8,1,1,1,0,True,0x3c00d7b2
OAKBAT.cleanStatic,27,20691,382062,2,9,1,0,1,1,True,0x035475bf
OAKBAT.cleanStatic,27,20691,382062,2,10,1,1,1,1,True,0x2844ffc3
OAKBAT.cleanStatic,27,20991,382068,3,1,1,1,1,0,True,0x1d3cd9f2
OAKBAT.cleanStatic,27,20991,382068,3,2,1,0,1,1,True,0x1f17cb2f
OAKBAT.cleanStatic,27,20991,382068,3,3,1,1,1,1,True,0x00031e8b
OAKBAT.cleanStatic,27,20991,382068,3,4,1,1,1,0,True,0x312d9842
OAKBAT.cleanStatic,27,20991,382068,3,5,1,0,1,0,True,0x3ff349d2
OAKBAT.cleanStatic,27,20991,382068,3,6,1,0,0,0,True,0x37cab994
OAKBAT.cleanStatic,27,20991,382068,3,7,0,0,1,0,True,0x07984576
OAKBAT.cleanStatic,27,20991,382068,3,8,1,0,1,1,True,0x1082de9f
OAKBAT.cleanStatic,27,20991,382068,3,9,1,1,1,1,True,0x00153847
OAKBAT.cleanStatic,27,20991,382068,3,10,1,1,1,1,True,0x367cf3df
OAKBAT.cleanStatic,27,21291,382074,4,1,1,1,1,0,True,0x1d3cd9f2
OAKBAT.cleanStatic,27,21291,382074,4,2,1,0,1,1,True,0x1f17ec6b
OAKBAT.cleanStatic,27,21291,382074,4,3,1,1,1,0,True,0x21955556
OAKBAT.cleanStatic,27,21291,382074,4,4,1,0,0,1,True,0x2aaaaa95
OAKBAT.cleanStatic,27,21291,382074,4,5,0,1,1,0,True,0x1555556a
OAKBAT.cleanStatic,27,21291,382074,4,6,1,0,0,1,True,0x2aaaaa95
OAKBAT.cleanStatic,27,21291,382074,4,7,0,1,1,0,True,0x1555556a
OAKBAT.cleanStatic,27,21291,382074,4,8,1,0,0,1,True,0x2aaaaa95
OAKBAT.cleanStatic,27,21291,382074,4,9,0,1,1,0,True,0x1555556a
OAKBAT.cleanStatic,27,21291,382074,4,10,1,0,1,1,True,0x2aaaaa63
TEXBAT.cleanStatic,3,159,477930,5,1,0,0,0,0,True,0x22c2a904
TEXBAT.cleanStatic,3,159,477930,5,2,0,0,0,0,True,0x26e4ed38
TEXBAT.cleanStatic,3,159,477930,5,3,0,0,0,1,True,0x118f01bd
TEXBAT.cleanStatic,3,159,477930,5,4,0,1,1,1,True,0x3c009d3f
TEXBAT.cleanStatic,3,159,477930,5,5,1,1,0,0,True,0x00ba3fc4
TEXBAT.cleanStatic,3,159,477930,5,6,0,0,0,1,True,0x28433c6d
TEXBAT.cleanStatic,3,159,477930,5,7,0,1,1,1,True,0x2c373b17
TEXBAT.cleanStatic,3,159,477930,5,8,1,1,0,0,True,0x048588cc
TEXBAT.cleanStatic,3,159,477930,5,9,0,0,1,0,True,0x23134ab6
TEXBAT.cleanStatic,3,159,477930,5,10,1,0,0,0,True,0x3efff7c4
TEXBAT.cleanStatic,3,459,477936,1,1,0,0,0,0,True,0x22c2a904
TEXBAT.cleanStatic,3,459,477936,1,2,0,0,0,0,True,0x26e509b8
TEXBAT.cleanStatic,3,459,477936,1,3,0,0,1,1,True,0x2a94003f
TEXBAT.cleanStatic,3,459,477936,1,4,1,1,1,0,True,0x2afe6452
TEXBAT.cleanStatic,3,459,477936,1,5,1,0,1,1,True,0x190e7883
TEXBAT.cleanStatic,3,459,477936,1,6,1,1,0,0,True,0x165c2fe4
TEXBAT.cleanStatic,3,459,477936,1,7,0,0,0,0,True,0x03243da8
TEXBAT.cleanStatic,3,459,477936,1,8,0,0,1,0,True,0x099d71b6
TEXBAT.cleanStatic,3,459,477936,1,9,1,0,1,0,True,0x00000b7e
TEXBAT.cleanStatic,3,459,477936,1,10,1,0,0,0,True,0x0353a1d8
TEXBAT.cleanStatic,3,759,477942,2,1,0,0,0,0,True,0x22c2a904
TEXBAT.cleanStatic,3,759,477942,2,2,0,0,0,0,True,0x26e52ad0
TEXBAT.cleanStatic,3,759,477942,2,3,0,0,0,1,True,0x09bd2619
TEXBAT.cleanStatic,3,759,477942,2,4,0,1,0,0,True,0x308a4118
TEXBAT.cleanStatic,3,759,477942,2,5,0,0,1,1,True,0x2491fcf7
TEXBAT.cleanStatic,3,759,477942,2,6,1,1,1,0,True,0x02687dfa
TEXBAT.cleanStatic,3,759,477942,2,7,1,0,1,0,True,0x069c4ffa
TEXBAT.cleanStatic,3,759,477942,2,8,1,0,1,1,True,0x02c8a853
TEXBAT.cleanStatic,3,759,477942,2,9,1,1,1,0,True,0x3c8695e6
TEXBAT.cleanStatic,3,759,477942,2,10,1,0,0,0,True,0x1d719f4c
TEXBAT.cleanStatic,3,1059,477948,3,1,0,0,0,0,True,0x22c2a904
TEXBAT.cleanStatic,3,1059,477948,3,2,0,0,0,0,True,0x26e54ba0
TEXBAT.cleanStatic,3,1059,477948,3,3,0,0,1,0,True,0x3ff05402
TEXBAT.cleanStatic,3,1059,477948,3,4,1,0,1,1,True,0x3cd09aa3
TEXBAT.cleanStatic,3,1059,477948,3,5,1,1,0,0,True,0x3fe8b6a8
TEXBAT.cleanStatic,3,1059,477948,3,6,0,0,1,1,True,0x3e122ad7
TEXBAT.cleanStatic,3,1059,477948,3,7,1,1,1,1,True,0x37dab35b
TEXBAT.cleanStatic,3,1059,477948,3,8,1,1,0,0,True,0x31c19bb0
TEXBAT.cleanStatic,3,1059,477948,3,9,0,0,0,0,True,0x3fe72400
TEXBAT.cleanStatic,3,1059,477948,3,10,0,0,0,0,True,0x09ba35a8
TEXBAT.cleanStatic,3,1359,477954,4,1,0,0,0,0,True,0x22c2a904
TEXBAT.cleanStatic,3,1359,477954,4,2,0,0,0,0,True,0x26e56ce4
TEXBAT.cleanStatic,3,1359,477954,4,3,0,0,1,0,True,0x1743c71e
TEXBAT.cleanStatic,3,1359,477954,4,4,1,0,0,1,True,0x03c38289
TEXBAT.cleanStatic,3,1359,477954,4,5,0,1,1,1,True,0x00b2bfc3
TEXBAT.cleanStatic,3,1359,477954,4,6,1,1,1,0,True,0x17bc8bd6
TEXBAT.cleanStatic,3,1359,477954,4,7,1,0,0,0,True,0x14dad850
TEXBAT.cleanStatic,3,1359,477954,4,8,0,0,1,1,True,0x35398913
TEXBAT.cleanStatic,3,1359,477954,4,9,1,1,0,0,True,0x06d16088
TEXBAT.cleanStatic,3,1359,477954,4,10,0,0,0,0,True,0x0b800d54
TEXBAT.cleanStatic,3,1659,477960,5,1,0,0,0,0,True,0x22c2a904
TEXBAT.cleanStatic,3,1659,477960,5,2,0,0,0,0,True,0x26e58dd8
TEXBAT.cleanStatic,3,1659,477960,5,3,0,0,1,1,True,0x11cc3c6f
TEXBAT.cleanStatic,3,1659,477960,5,4,1,1,0,1,True,0x3c3a8139
TEXBAT.cleanStatic,3,1659,477960,5,5,0,1,0,1,True,0x00a5ffd5
TEXBAT.cleanStatic,3,1659,477960,5,6,0,1,1,0,True,0x17bca1d6
TEXBAT.cleanStatic,3,1659,477960,5,7,1,0,1,1,True,0x3f3a10b7
TEXBAT.cleanStatic,3,1659,477960,5,8,1,1,0,0,True,0x1e62e42c
TEXBAT.cleanStatic,3,1659,477960,5,9,0,0,1,1,True,0x0070a7d7
TEXBAT.cleanStatic,3,1659,477960,5,10,1,1,0,0,True,0x3bfff70c
TEXBAT.cleanStatic,3,1959,477966,1,1,0,0,0,0,True,0x22c2a904
TEXBAT.cleanStatic,3,1959,477966,1,2,0,0,0,0,True,0x26e5a924
TEXBAT.cleanStatic,3,1959,477966,1,3,0,0,1,1,True,0x2a94003f
TEXBAT.cleanStatic,3,1959,477966,1,4,1,1,1,0,True,0x2afe6452
TEXBAT.cleanStatic,3,1959,477966,1,5,1,0,1,1,True,0x190e7883
TEXBAT.cleanStatic,3,1959,477966,1,6,1,1,0,0,True,0x165c2fe4
TEXBAT.cleanStatic,3,1959,477966,1,7,0,0,0,0,True,0x03243da8
TEXBAT.cleanStatic,3,1959,477966,1,8,0,0,1,0,True,0x099d71b6
TEXBAT.cleanStatic,3,1959,477966,1,9,1,0,1,0,True,0x00000b7e
TEXBAT.cleanStatic,3,1959,477966,1,10,1,0,0,0,True,0x0353a1d8
TEXBAT.cleanStatic,3,2259,477972,2,1,0,0,0,0,True,0x22c2a904
TEXBAT.cleanStatic,3,2259,477972,2,2,0,0,0,0,True,0x26e5cab4
TEXBAT.cleanStatic,3,2259,477972,2,3,0,0,0,1,True,0x09bd2619
TEXBAT.cleanStatic,3,2259,477972,2,4,0,1,0,0,True,0x308a4118
TEXBAT.cleanStatic,3,2259,477972,2,5,0,0,1,1,True,0x2491fcf7
TEXBAT.cleanStatic,3,2259,477972,2,6,1,1,1,0,True,0x02687dfa
TEXBAT.cleanStatic,3,2259,477972,2,7,1,0,1,0,True,0x069c4ffa
TEXBAT.cleanStatic,3,2259,477972,2,8,1,0,1,1,True,0x02c8a853
TEXBAT.cleanStatic,3,2259,477972,2,9,1,1,1,0,True,0x3c8695e6
TEXBAT.cleanStatic,3,2259,477972,2,10,1,0,0,0,True,0x1d719f4c
TEXBAT.cleanStatic,3,2559,477978,3,1,0,0,0,0,True,0x22c2a904
TEXBAT.cleanStatic,3,2559,477978,3,2,0,0,0,0,True,0x26e5eb3c
TEXBAT.cleanStatic,3,2559,477978,3,3,0,0,1,0,True,0x3ff05402
TEXBAT.cleanStatic,3,2559,477978,3,4,1,0,1,1,True,0x3cd09aa3
TEXBAT.cleanStatic,3,2559,477978,3,5,1,1,0,0,True,0x3fe8b6a8
TEXBAT.cleanStatic,3,2559,477978,3,6,0,0,1,1,True,0x3e122ad7
TEXBAT.cleanStatic,3,2559,477978,3,7,1,1,1,1,True,0x37dab35b
TEXBAT.cleanStatic,3,2559,477978,3,8,1,1,0,0,True,0x31c19bb0
TEXBAT.cleanStatic,3,2559,477978,3,9,0,0,0,0,True,0x3fe72400
TEXBAT.cleanStatic,3,2559,477978,3,10,0,0,0,0,True,0x09ba35a8
TEXBAT.cleanStatic,3,2859,477984,4,1,0,0,0,0,True,0x22c2a904
TEXBAT.cleanStatic,3,2859,477984,4,2,0,0,0,0,True,0x26e60c9c
TEXBAT.cleanStatic,3,2859,477984,4,3,0,0,1,0,True,0x1796dad6
TEXBAT.cleanStatic,3,2859,477984,4,4,1,0,1,1,True,0x03c3086f
TEXBAT.cleanStatic,3,2859,477984,4,5,1,1,0,1,True,0x00af3fe1
TEXBAT.cleanStatic,3,2859,477984,4,6,0,1,0,1,True,0x17bcaead
TEXBAT.cleanStatic,3,2859,477984,4,7,0,1,1,1,True,0x374ec6eb
TEXBAT.cleanStatic,3,2859,477984,4,8,1,1,1,0,True,0x2f9fe99a
TEXBAT.cleanStatic,3,2859,477984,4,9,1,0,0,0,True,0x1b5ee040
TEXBAT.cleanStatic,3,2859,477984,4,10,0,0,0,0,True,0x32802bac
TEXBAT.cleanStatic,3,3159,477990,5,1,0,0,0,0,True,0x22c2a904
TEXBAT.cleanStatic,3,3159,477990,5,2,0,0,0,0,True,0x26e62d14
TEXBAT.cleanStatic,3,3159,477990,5,3,0,0,0,1,True,0x121a0d59
TEXBAT.cleanStatic,3,3159,477990,5,4,0,1,0,0,True,0x3c36dc48
TEXBAT.cleanStatic,3,3159,477990,5,5,0,0,0,0,True,0x3f5fc014
TEXBAT.cleanStatic,3,3159,477990,5,6,0,0,0,0,True,0x28433cc8
TEXBAT.cleanStatic,3,3159,477990,5,7,0,0,1,1,True,0x00197b97
TEXBAT.cleanStatic,3,3159,477990,5,8,1,1,1,0,True,0x1ddf5c8a
TEXBAT.cleanStatic,3,3159,477990,5,9,1,0,1,1,True,0x39a34897
TEXBAT.cleanStatic,3,3159,477990,5,10,1,1,0,0,True,0x3ffffd4c
TEXBAT.cleanStatic,3,3459,477996,1,1,0,0,0,0,True,0x22c2a904
TEXBAT.cleanStatic,3,3459,477996,1,2,0,0,0,0,True,0x26e64910
TEXBAT.cleanStatic,3,3459,477996,1,3,0,0,1,1,True,0x2a94003f
TEXBAT.cleanStatic,3,3459,477996,1,4,1,1,1,0,True,0x2afe6452
TEXBAT.cleanStatic,3,3459,477996,1,5,1,0,1,1,True,0x190e7883
TEXBAT.cleanStatic,3,3459,477996,1,6,1,1,0,0,True,0x165c2fe4
TEXBAT.cleanStatic,3,3459,477996,1,7,0,0,0,0,True,0x03243da8
TEXBAT.cleanStatic,3,3459,477996,1,8,0,0,1,0,True,0x099d71b6
TEXBAT.cleanStatic,3,3459,477996,1,9,1,0,1,0,True,0x00000b7e
TEXBAT.cleanStatic,3,3459,477996,1,10,1,0,0,0,True,0x0353a1d8
TEXBAT.cleanStatic,3,3759,478002,2,1,0,0,0,0,True,0x22c2a904
TEXBAT.cleanStatic,3,3759,478002,2,2,0,0,0,0,True,0x26e66a78
TEXBAT.cleanStatic,3,3759,478002,2,3,0,0,0,1,True,0x09bd2619
TEXBAT.cleanStatic,3,3759,478002,2,4,0,1,0,0,True,0x308a4118
TEXBAT.cleanStatic,3,3759,478002,2,5,0,0,1,1,True,0x2491fcf7
TEXBAT.cleanStatic,3,3759,478002,2,6,1,1,1,0,True,0x02687dfa
TEXBAT.cleanStatic,3,3759,478002,2,7,1,0,1,0,True,0x069c4ffa
TEXBAT.cleanStatic,3,3759,478002,2,8,1,0,1,1,True,0x02c8a853
TEXBAT.cleanStatic,3,3759,478002,2,9,1,1,1,0,True,0x3c8695e6
TEXBAT.cleanStatic,3,3759,478002,2,10,1,0,0,0,True,0x1d719f4c
TEXBAT.cleanStatic,3,4059,478008,3,1,0,0,0,0,True,0x22c2a904
TEXBAT.cleanStatic,3,4059,478008,3,2,0,0,0,0,True,0x26e68b44
TEXBAT.cleanStatic,3,4059,478008,3,3,0,0,1,0,True,0x3ff05402
TEXBAT.cleanStatic,3,4059,478008,3,4,1,0,1,1,True,0x3cd09aa3
TEXBAT.cleanStatic,3,4059,478008,3,5,1,1,0,0,True,0x3fe8b6a8
TEXBAT.cleanStatic,3,4059,478008,3,6,0,0,1,1,True,0x3e122ad7
TEXBAT.cleanStatic,3,4059,478008,3,7,1,1,1,1,True,0x37dab35b
TEXBAT.cleanStatic,3,4059,478008,3,8,1,1,0,0,True,0x31c19bb0
TEXBAT.cleanStatic,3,4059,478008,3,9,0,0,0,0,True,0x3fe72400
TEXBAT.cleanStatic,3,4059,478008,3,10,0,0,0,0,True,0x09ba35a8
TEXBAT.cleanStatic,3,4359,478014,4,1,0,0,0,0,True,0x22c2a904
TEXBAT.cleanStatic,3,4359,478014,4,2,0,0,0,0,True,0x26e6ac00
TEXBAT.cleanStatic,3,4359,478014,4,3,0,0,0,1,True,0x17d000a1
TEXBAT.cleanStatic,3,4359,478014,4,4,0,1,1,1,True,0x3c39aeeb
TEXBAT.cleanStatic,3,4359,478014,4,5,1,1,0,0,True,0x00a4bfcc
TEXBAT.cleanStatic,3,4359,478014,4,6,0,0,1,1,True,0x28436037
TEXBAT.cleanStatic,3,4359,478014,4,7,1,1,1,1,True,0x00bd0bc7
TEXBAT.cleanStatic,3,4359,478014,4,8,1,1,1,0,True,0x08bda5e6
TEXBAT.cleanStatic,3,4359,478014,4,9,1,0,1,0,True,0x000ea36a
TEXBAT.cleanStatic,3,4359,478014,4,10,1,0,0,0,True,0x09000080
TEXBAT.cleanStatic,3,4659,478020,5,1,0,0,0,0,True,0x22c2a904
TEXBAT.cleanStatic,3,4659,478020,5,2,0,0,0,0,True,0x26e6cd70
TEXBAT.cleanStatic,3,4659,478020,5,3,0,0,0,0,True,0x12636c5c
TEXBAT.cleanStatic,3,4659,478020,5,4,0,0,0,0,True,0x03c6e97c
TEXBAT.cleanStatic,3,4659,478020,5,5,0,0,1,0,True,0x3f5b8022
TEXBAT.cleanStatic,3,4659,478020,5,6,1,0,0,0,True,0x2843243c
TEXBAT.cleanStatic,3,4659,478020,5,7,0,0,1,0,True,0x3ef91ab2
TEXBAT.cleanStatic,3,4659,478020,5,8,1,0,0,1,True,0x10c49855
TEXBAT.cleanStatic,3,4659,478020,5,9,0,1,0,0,True,0x05fe3c18
TEXBAT.cleanStatic,3,4659,478020,5,10,0,0,0,0,True,0x060003d8
TEXBAT.cleanStatic,3,4959,478026,1,1,0,0,0,0,True,0x22c2a904
TEXBAT.cleanStatic,3,4959,478026,1,2,0,0,0,0,True,0x26e6e98c
TEXBAT.cleanStatic,3,4959,478026,1,3,0,0,1,1,True,0x2a94003f
TEXBAT.cleanStatic,3,4959,478026,1,4,1,1,1,0,True,0x2afe6452
TEXBAT.cleanStatic,3,4959,478026,1,5,1,0,1,1,True,0x190e7883
TEXBAT.cleanStatic,3,4959,478026,1,6,1,1,0,0,True,0x165c2fe4
TEXBAT.cleanStatic,3,4959,478026,1,7,0,0,0,0,True,0x03243da8
TEXBAT.cleanStatic,3,4959,478026,1,8,0,0,1,0,True,0x099d71b6
TEXBAT.cleanStatic,3,4959,478026,1,9,1,0,1,0,True,0x00000b7e
TEXBAT.cleanStatic,3,4959,478026,1,10,1,0,0,0,True,0x0353a1d8
TEXBAT.cleanStatic,3,5259,478032,2,1,0,0,0,0,True,0x22c2a904
TEXBAT.cleanStatic,3,5259,478032,2,2,0,0,0,0,True,0x26e70a98
TEXBAT.cleanStatic,3,5259,478032,2,3,0,0,0,1,True,0x09bd2619
TEXBAT.cleanStatic,3,5259,478032,2,4,0,1,0,0,True,0x308a4118
TEXBAT.cleanStatic,3,5259,478032,2,5,0,0,1,1,True,0x2491fcf7
TEXBAT.cleanStatic,3,5259,478032,2,6,1,1,1,0,True,0x02687dfa
TEXBAT.cleanStatic,3,5259,478032,2,7,1,0,1,0,True,0x069c4ffa
TEXBAT.cleanStatic,3,5259,478032,2,8,1,0,1,1,True,0x02c8a853
TEXBAT.cleanStatic,3,5259,478032,2,9,1,1,1,0,True,0x3c8695e6
TEXBAT.cleanStatic,3,5259,478032,2,10,1,0,0,0,True,0x1d719f4c
TEXBAT.cleanStatic,3,5559,478038,3,1,0,0,0,0,True,0x22c2a904
TEXBAT.cleanStatic,3,5559,478038,3,2,0,0,0,0,True,0x26e72b10
TEXBAT.cleanStatic,3,5559,478038,3,3,0,0,1,0,True,0x3ff05402
TEXBAT.cleanStatic,3,5559,478038,3,4,1,0,1,1,True,0x3cd09aa3
TEXBAT.cleanStatic,3,5559,478038,3,5,1,1,0,0,True,0x3fe8b6a8
TEXBAT.cleanStatic,3,5559,478038,3,6,0,0,1,1,True,0x3e122ad7
TEXBAT.cleanStatic,3,5559,478038,3,7,1,1,1,1,True,0x37dab35b
TEXBAT.cleanStatic,3,5559,478038,3,8,1,1,0,0,True,0x31c19bb0
TEXBAT.cleanStatic,3,5559,478038,3,9,0,0,0,0,True,0x3fe72400
TEXBAT.cleanStatic,3,5559,478038,3,10,0,0,0,0,True,0x09ba35a8
TEXBAT.cleanStatic,3,5859,478044,4,1,0,0,0,0,True,0x22c2a904
TEXBAT.cleanStatic,3,5859,478044,4,2,0,0,0,0,True,0x26e74cac
TEXBAT.cleanStatic,3,5859,478044,4,3,0,0,0,0,True,0x181843f8
TEXBAT.cleanStatic,3,5859,478044,4,4,0,0,1,1,True,0x03c1576f
TEXBAT.cleanStatic,3,5859,478044,4,5,1,1,0,0,True,0x00b3bfd4
TEXBAT.cleanStatic,3,5859,478044,4,6,0,0,0,0,True,0x28430b48
TEXBAT.cleanStatic,3,5859,478044,4,7,0,0,0,0,True,0x2a9b9434
TEXBAT.cleanStatic,3,5859,478044,4,8,0,0,0,1,True,0x3ab5bb3d
TEXBAT.cleanStatic,3,5859,478044,4,9,0,1,1,0,True,0x39eb266a
TEXBAT.cleanStatic,3,5859,478044,4,10,1,0,0,0,True,0x303ff8a0
TEXBAT.cleanStatic,3,6159,478050,5,1,0,0,0,0,True,0x22c2a904
TEXBAT.cleanStatic,3,6159,478050,5,2,0,0,0,0,True,0x26e76d24
TEXBAT.cleanStatic,3,6159,478050,5,3,0,0,1,1,True,0x1297c8e7
TEXBAT.cleanStatic,3,6159,478050,5,4,1,1,0,0,True,0x3c3f9584
TEXBAT.cleanStatic,3,6159,478050,5,5,0,0,1,0,True,0x3f4b001e
TEXBAT.cleanStatic,3,6159,478050,5,6,1,0,0,0,True,0x284354d0
TEXBAT.cleanStatic,3,6159,478050,5,7,0,0,1,0,True,0x29ea1fd6
TEXBAT.cleanStatic,3,6159,478050,5,8,1,0,0,1,True,0x07b8d8bd
TEXBAT.cleanStatic,3,6159,478050,5,9,0,1,1,1,True,0x1944a5a3
TEXBAT.cleanStatic,3,6159,478050,5,10,1,1,0,0,True,0x01bffd04
TEXBAT.cleanStatic,3,6459,478056,1,1,0,0,0,0,True,0x22c2a904
TEXBAT.cleanStatic,3,6459,478056,1,2,0,0,0,0,True,0x26e7896c
TEXBAT.cleanStatic,3,6459,478056,1,3,0,0,1,1,True,0x2a94003f
TEXBAT.cleanStatic,3,6459,478056,1,4,1,1,1,0,True,0x2afe6452
TEXBAT.cleanStatic,3,6459,478056,1,5,1,0,1,1,True,0x190e7883
TEXBAT.cleanStatic,3,6459,478056,1,6,1,1,0,0,True,0x165c2fe4
TEXBAT.cleanStatic,3,6459,478056,1,7,0,0,0,0,True,0x03243da8
TEXBAT.cleanStatic,3,6459,478056,1,8,0,0,1,0,True,0x099d71b6
TEXBAT.cleanStatic,3,6459,478056,1,9,1,0,1,0,True,0x00000b7e
TEXBAT.cleanStatic,3,6459,478056,1,10,1,0,0,0,True,0x0353a1d8
TEXBAT.cleanStatic,3,6759,478062,2,1,0,0,0,0,True,0x22c2a904
TEXBAT.cleanStatic,3,6759,478062,2,2,0,0,0,0,True,0x26e7aa04
TEXBAT.cleanStatic,3,6759,478062,2,3,0,0,0,1,True,0x09bd2619
TEXBAT.cleanStatic,3,6759,478062,2,4,0,1,0,0,True,0x308a4118
TEXBAT.cleanStatic,3,6759,478062,2,5,0,0,1,1,True,0x2491fcf7
TEXBAT.cleanStatic,3,6759,478062,2,6,1,1,1,0,True,0x02687dfa
TEXBAT.cleanStatic,3,6759,478062,2,7,1,0,1,0,True,0x069c4ffa
TEXBAT.cleanStatic,3,6759,478062,2,8,1,0,1,1,True,0x02c8a853
TEXBAT.cleanStatic,3,6759,478062,2,9,1,1,1,0,True,0x3c8695e6
TEXBAT.cleanStatic,3,6759,478062,2,10,1,0,0,0,True,0x1d719f4c
TEXBAT.cleanStatic,3,7059,478068,3,1,0,0,0,0,True,0x22c2a904
TEXBAT.cleanStatic,3,7059,478068,3,2,0,0,0,0,True,0x26e7cb74
TEXBAT.cleanStatic,3,7059,478068,3,3,0,0,1,0,True,0x3ff05402
TEXBAT.cleanStatic,3,7059,478068,3,4,1,0,1,1,True,0x3cd09aa3
TEXBAT.cleanStatic,3,7059,478068,3,5,1,1,0,0,True,0x3fe8b6a8
TEXBAT.cleanStatic,3,7059,478068,3,6,0,0,1,1,True,0x3e122ad7
TEXBAT.cleanStatic,3,7059,478068,3,7,1,1,1,1,True,0x37dab35b
TEXBAT.cleanStatic,3,7059,478068,3,8,1,1,0,0,True,0x31c19bb0
TEXBAT.cleanStatic,3,7059,478068,3,9,0,0,0,0,True,0x3fe72400
TEXBAT.cleanStatic,3,7059,478068,3,10,0,0,0,0,True,0x09ba35a8
TEXBAT.cleanStatic,3,7359,478074,4,1,0,0,0,0,True,0x22c2a904
TEXBAT.cleanStatic,3,7359,478074,4,2,0,0,0,0,True,0x26e7ec30
TEXBAT.cleanStatic,3,7359,478074,4,3,0,0,1,1,True,0x1e6f37ef
TEXBAT.cleanStatic,3,7359,478074,4,4,1,1,0,1,True,0x0fe39cad
TEXBAT.cleanStatic,3,7359,478074,4,5,0,1,0,0,True,0x10fa2f10
TEXBAT.cleanStatic,3,7359,478074,4,6,0,0,1,1,True,0x359eddd3
TEXBAT.cleanStatic,3,7359,478074,4,7,1,1,1,1,True,0x0cf37923
TEXBAT.cleanStatic,3,7359,478074,4,8,1,1,1,1,True,0x0b4bfea3
TEXBAT.cleanStatic,3,7359,478074,4,9,1,1,0,1,True,0x3f66f1b9
TEXBAT.cleanStatic,3,7359,478074,4,10,0,1,0,0,True,0x2127cef0
TEXBAT.cleanStatic,3,7659,478080,5,1,0,0,0,0,True,0x22c2a904
TEXBAT.cleanStatic,3,7659,478080,5,2,0,0,0,0,True,0x26e80df0
TEXBAT.cleanStatic,3,7659,478080,5,3,0,0,1,0,True,0x12dba232
TEXBAT.cleanStatic,3,7659,478080,5,4,1,0,1,0,True,0x03f73cee
TEXBAT.cleanStatic,3,7659,478080,5,5,1,0,1,1,True,0x3f46801f
TEXBAT.cleanStatic,3,7659,478080,5,6,1,1,1,1,True,0x17bcc4a3
TEXBAT.cleanStatic,3,7659,478080,5,7,1,1,1,1,True,0x23cccbf3
TEXBAT.cleanStatic,3,7659,478080,5,8,1,1,1,0,True,0x34e6915e
TEXBAT.cleanStatic,3,7659,478080,5,9,1,0,0,1,True,0x01caecf1
TEXBAT.cleanStatic,3,7659,478080,5,10,0,1,0,0,True,0x09c0058c
TEXBAT.cleanStatic,3,7959,478086,1,1,0,0,0,0,True,0x22c2a904
TEXBAT.cleanStatic,3,7959,478086,1,2,0,0,0,0,True,0x26e8290c
TEXBAT.cleanStatic,3,7959,478086,1,3,0,0,1,1,True,0x2a94003f
TEXBAT.cleanStatic,3,7959,478086,1,4,1,1,1,0,True,0x2afe6452
TEXBAT.cleanStatic,3,7959,478086,1,5,1,0,1,1,True,0x190e7883
TEXBAT.cleanStatic,3,7959,478086,1,6,1,1,0,0,True,0x165c2fe4
TEXBAT.cleanStatic,3,7959,478086,1,7,0,0,0,0,True,0x03243da8
TEXBAT.cleanStatic,3,7959,478086,1,8,0,0,1,0,True,0x099d71b6
TEXBAT.cleanStatic,3,7959,478086,1,9,1,0,1,0,True,0x00000b7e
TEXBAT.cleanStatic,3,7959,478086,1,10,1,0,0,0,True,0x0353a1d8
TEXBAT.cleanStatic,3,8259,478092,2,1,0,0,0,0,True,0x22c2a904
TEXBAT.cleanStatic,3,8259,478092,2,2,0,0,0,0,True,0x26e84a9c
TEXBAT.cleanStatic,3,8259,478092,2,3,0,0,0,1,True,0x09bd2619
TEXBAT.cleanStatic,3,8259,478092,2,4,0,1,0,0,True,0x308a4118
TEXBAT.cleanStatic,3,8259,478092,2,5,0,0,1,1,True,0x2491fcf7
TEXBAT.cleanStatic,3,8259,478092,2,6,1,1,1,0,True,0x02687dfa
TEXBAT.cleanStatic,3,8259,478092,2,7,1,0,1,0,True,0x069c4ffa
TEXBAT.cleanStatic,3,8259,478092,2,8,1,0,1,1,True,0x02c8a853
TEXBAT.cleanStatic,3,8259,478092,2,9,1,1,1,0,True,0x3c8695e6
TEXBAT.cleanStatic,3,8259,478092,2,10,1,0,0,0,True,0x1d719f4c
TEXBAT.cleanStatic,3,8559,478098,3,1,0,0,0,0,True,0x22c2a904
TEXBAT.cleanStatic,3,8559,478098,3,2,0,0,0,0,True,0x26e86b14
TEXBAT.cleanStatic,3,8559,478098,3,3,0,0,1,0,True,0x3ff05402
TEXBAT.cleanStatic,3,8559,478098,3,4,1,0,1,1,True,0x3cd09aa3
TEXBAT.cleanStatic,3,8559,478098,3,5,1,1,0,0,True,0x3fe8b6a8
TEXBAT.cleanStatic,3,8559,478098,3,6,0,0,1,1,True,0x3e122ad7
TEXBAT.cleanStatic,3,8559,478098,3,7,1,1,1,1,True,0x37dab35b
TEXBAT.cleanStatic,3,8559,478098,3,8,1,1,0,0,True,0x31c19bb0
TEXBAT.cleanStatic,3,8559,478098,3,9,0,0,0,0,True,0x3fe72400
TEXBAT.cleanStatic,3,8559,478098,3,10,0,0,0,0,True,0x09ba35a8
TEXBAT.cleanStatic,3,8859,478104,4,1,0,0,0,0,True,0x22c2a904
TEXBAT.cleanStatic,3,8859,478104,4,2,0,0,0,0,True,0x26e88ce4
TEXBAT.cleanStatic,3,8859,478104,4,3,0,0,1,0,True,0x1fa13eba
TEXBAT.cleanStatic,3,8859,478104,4,4,1,0,0,1,True,0x16371aa9
TEXBAT.cleanStatic,3,8859,478104,4,5,0,1,0,1,True,0x3335d119
TEXBAT.cleanStatic,3,8859,478104,4,6,0,1,1,0,True,0x15776fee
TEXBAT.cleanStatic,3,8859,478104,4,7,1,0,1,1,True,0x3e98995b
TEXBAT.cleanStatic,3,8859,478104,4,8,1,1,0,0,True,0x3848fe50
TEXBAT.cleanStatic,3,8859,478104,4,9,0,0,0,0,True,0x3ee0f050
TEXBAT.cleanStatic,3,8859,478104,4,10,0,0,0,0,True,0x318c1f20
TEXBAT.cleanStatic,3,9159,478110,5,1,0,0,0,0,True,0x22c2a904
TEXBAT.cleanStatic,3,9159,478110,5,2,0,0,0,0,True,0x26e8ad6c
TEXBAT.cleanStatic,3,9159,478110,5,3,0,0,1,1,True,0x13082887
TEXBAT.cleanStatic,3,9159,478110,5,4,1,1,0,1,True,0x3c39b9c1
TEXBAT.cleanStatic,3,9159,478110,5,5,0,1,1,0,True,0x00ab7ffe
TEXBAT.cleanStatic,3,9159,478110,5,6,1,0,0,1,True,0x2843552d
TEXBAT.cleanStatic,3,9159,478110,5,7,0,1,0,1,True,0x3602d6b9
TEXBAT.cleanStatic,3,9159,478110,5,8,0,1,1,1,True,0x3e85a717
TEXBAT.cleanStatic,3,9159,478110,5,9,1,1,0,1,True,0x0352d251
TEXBAT.cleanStatic,3,9159,478110,5,10,0,1,0,0,True,0x3d3ff88c
TEXBAT.cleanStatic,3,9459,478116,1,1,0,0,0,0,True,0x22c2a904
TEXBAT.cleanStatic,3,9459,478116,1,2,0,0,0,0,True,0x26e8c968
TEXBAT.cleanStatic,3,9459,478116,1,3,0,0,1,1,True,0x2a94003f
TEXBAT.cleanStatic,3,9459,478116,1,4,1,1,1,0,True,0x2afe6452
TEXBAT.cleanStatic,3,9459,478116,1,5,1,0,1,1,True,0x190e7883
TEXBAT.cleanStatic,3,9459,478116,1,6,1,1,0,0,True,0x165c2fe4
TEXBAT.cleanStatic,3,9459,478116,1,7,0,0,0,0,True,0x03243da8
TEXBAT.cleanStatic,3,9459,478116,1,8,0,0,1,0,True,0x099d71b6
TEXBAT.cleanStatic,3,9459,478116,1,9,1,0,1,0,True,0x00000b7e
TEXBAT.cleanStatic,3,9459,478116,1,10,1,0,0,0,True,0x0353a1d8
TEXBAT.cleanStatic,3,9759,478122,2,1,0,0,0,0,True,0x22c2a904
TEXBAT.cleanStatic,3,9759,478122,2,2,0,0,0,0,True,0x26e8ea00
TEXBAT.cleanStatic,3,9759,478122,2,3,0,0,0,1,True,0x09bd2619
TEXBAT.cleanStatic,3,9759,478122,2,4,0,1,0,0,True,0x308a4118
TEXBAT.cleanStatic,3,9759,478122,2,5,0,0,1,1,True,0x2491fcf7
TEXBAT.cleanStatic,3,9759,478122,2,6,1,1,1,0,True,0x02687dfa
TEXBAT.cleanStatic,3,9759,478122,2,7,1,0,1,0,True,0x069c4ffa
TEXBAT.cleanStatic,3,9759,478122,2,8,1,0,1,1,True,0x02c8a853
TEXBAT.cleanStatic,3,9759,478122,2,9,1,1,1,0,True,0x3c8695e6
TEXBAT.cleanStatic,3,9759,478122,2,10,1,0,0,0,True,0x1d719f4c
TEXBAT.cleanStatic,3,10059,478128,3,1,0,0,0,0,True,0x22c2a904
TEXBAT.cleanStatic,3,10059,478128,3,2,0,0,0,0,True,0x26e90bf4
TEXBAT.cleanStatic,3,10059,478128,3,3,0,0,1,0,True,0x3ff05402
TEXBAT.cleanStatic,3,10059,478128,3,4,1,0,1,1,True,0x3cd09aa3
TEXBAT.cleanStatic,3,10059,478128,3,5,1,1,0,0,True,0x3fe8b6a8
TEXBAT.cleanStatic,3,10059,478128,3,6,0,0,1,1,True,0x3e122ad7
TEXBAT.cleanStatic,3,10059,478128,3,7,1,1,1,1,True,0x37dab35b
TEXBAT.cleanStatic,3,10059,478128,3,8,1,1,0,0,True,0x31c19bb0
TEXBAT.cleanStatic,3,10059,478128,3,9,0,0,0,0,True,0x3fe72400
TEXBAT.cleanStatic,3,10059,478128,3,10,0,0,0,0,True,0x09ba35a8
TEXBAT.cleanStatic,3,10359,478134,4,1,0,0,0,0,True,0x22c2a904
TEXBAT.cleanStatic,3,10359,478134,4,2,0,0,0,0,True,0x26e92cb0
TEXBAT.cleanStatic,3,10359,478134,4,3,0,0,0,1,True,0x1d1d8239
TEXBAT.cleanStatic,3,10359,478134,4,4,0,1,1,0,True,0x27b1531a
TEXBAT.cleanStatic,3,10359,478134,4,5,1,0,1,1,True,0x1992f537
TEXBAT.cleanStatic,3,10359,478134,4,6,1,1,1,1,True,0x2481837f
TEXBAT.cleanStatic,3,10359,478134,4,7,1,1,1,1,True,0x05af1c07
TEXBAT.cleanStatic,3,10359,478134,4,8,1,1,1,0,True,0x0b502bb6
TEXBAT.cleanStatic,3,10359,478134,4,9,1,0,0,1,True,0x25648c95
TEXBAT.cleanStatic,3,10359,478134,4,10,0,1,0,0,True,0x16022314
TEXBAT.cleanStatic,3,10659,478140,5,1,0,0,0,0,True,0x22c2a904
TEXBAT.cleanStatic,3,10659,478140,5,2,0,0,0,0,True,0x26e94dc0
TEXBAT.cleanStatic,3,10659,478140,5,3,0,0,0,0,True,0x1349dbac
TEXBAT.cleanStatic,3,10659,478140,5,4,0,0,1,1,True,0x03c6cdd3
TEXBAT.cleanStatic,3,10659,478140,5,5,1,1,0,1,True,0x00af3fe1
TEXBAT.cleanStatic,3,10659,478140,5,6,0,1,0,1,True,0x17bcdf19
TEXBAT.cleanStatic,3,10659,478140,5,7,0,1,1,0,True,0x0aa4a462
TEXBAT.cleanStatic,3,10659,478140,5,8,1,0,0,0,True,0x152a9dd8
TEXBAT.cleanStatic,3,10659,478140,5,9,0,0,1,0,True,0x177b309a
TEXBAT.cleanStatic,3,10659,478140,5,10,1,0,0,0,True,0x05c005c4
TEXBAT.cleanStatic,3,10959,478146,1,1,0,0,0,0,True,0x22c2a904
TEXBAT.cleanStatic,3,10959,478146,1,2,0,0,0,0,True,0x26e9693c
TEXBAT.cleanStatic,3,10959,478146,1,3,0,0,1,1,True,0x2a94003f
TEXBAT.cleanStatic,3,10959,478146,1,4,1,1,1,0,True,0x2afe6452
TEXBAT.cleanStatic,3,10959,478146,1,5,1,0,1,1,True,0x190e7883
TEXBAT.cleanStatic,3,10959,478146,1,6,1,1,0,0,True,0x165c2fe4
TEXBAT.cleanStatic,3,10959,478146,1,7,0,0,0,0,True,0x03243da8
TEXBAT.cleanStatic,3,10959,478146,1,8,0,0,1,0,True,0x099d71b6
TEXBAT.cleanStatic,3,10959,478146,1,9,1,0,1,0,True,0x00000b7e
TEXBAT.cleanStatic,3,10959,478146,1,10,1,0,0,0,True,0x0353a1d8
TEXBAT.cleanStatic,3,11259,478152,2,1,0,0,0,0,True,0x22c2a904
TEXBAT.cleanStatic,3,11259,478152,2,2,0,0,0,0,True,0x26e98ae0
TEXBAT.cleanStatic,3,11259,478152,2,3,0,0,0,1,True,0x09bd2619
TEXBAT.cleanStatic,3,11259,478152,2,4,0,1,0,0,True,0x308a4118
TEXBAT.cleanStatic,3,11259,478152,2,5,0,0,1,1,True,0x2491fcf7
TEXBAT.cleanStatic,3,11259,478152,2,6,1,1,1,0,True,0x02687dfa
TEXBAT.cleanStatic,3,11259,478152,2,7,1,0,1,0,True,0x069c4ffa
TEXBAT.cleanStatic,3,11259,478152,2,8,1,0,1,1,True,0x02c8a853
TEXBAT.cleanStatic,3,11259,478152,2,9,1,1,1,0,True,0x3c8695e6
TEXBAT.cleanStatic,3,11259,478152,2,10,1,0,0,0,True,0x1d719f4c
TEXBAT.cleanStatic,3,11559,478158,3,1,0,0,0,0,True,0x22c2a904
TEXBAT.cleanStatic,3,11559,478158,3,2,0,0,0,0,True,0x26e9ab68
TEXBAT.cleanStatic,3,11559,478158,3,3,0,0,1,0,True,0x3ff05402
TEXBAT.cleanStatic,3,11559,478158,3,4,1,0,1,1,True,0x3cd09aa3
TEXBAT.cleanStatic,3,11559,478158,3,5,1,1,0,0,True,0x3fe8b6a8
TEXBAT.cleanStatic,3,11559,478158,3,6,0,0,1,1,True,0x3e122ad7
TEXBAT.cleanStatic,3,11559,478158,3,7,1,1,1,1,True,0x37dab35b
TEXBAT.cleanStatic,3,11559,478158,3,8,1,1,0,0,True,0x31c19bb0
TEXBAT.cleanStatic,3,11559,478158,3,9,0,0,0,0,True,0x3fe72400
TEXBAT.cleanStatic,3,11559,478158,3,10,0,0,0,0,True,0x09ba35a8
TEXBAT.cleanStatic,3,11859,478164,4,1,0,0,0,0,True,0x22c2a904
TEXBAT.cleanStatic,3,11859,478164,4,2,0,0,0,0,True,0x26e9ccd4
TEXBAT.cleanStatic,3,11859,478164,4,3,0,0,0,1,True,0x1d6aaab1
TEXBAT.cleanStatic,3,11859,478164,4,4,0,1,1,0,True,0x1555556a
TEXBAT.cleanStatic,3,11859,478164,4,5,1,0,0,1,True,0x2aaaaa95
TEXBAT.cleanStatic,3,11859,478164,4,6,0,1,1,0,True,0x1555556a
TEXBAT.cleanStatic,3,11859,478164,4,7,1,0,0,1,True,0x2aaaaa95
TEXBAT.cleanStatic,3,11859,478164,4,8,0,1,1,0,True,0x1555556a
TEXBAT.cleanStatic,3,11859,478164,4,9,1,0,0,1,True,0x2aaaaa95
TEXBAT.cleanStatic,3,11859,478164,4,10,0,1,0,0,True,0x1555559c
TEXBAT.cleanStatic,3,12159,478170,5,1,0,0,0,0,True,0x22c2a904
TEXBAT.cleanStatic,3,12159,478170,5,2,0,0,0,0,True,0x26e9ed5c
TEXBAT.cleanStatic,3,12159,478170,5,3,0,0,0,1,True,0x138df0a1
TEXBAT.cleanStatic,3,12159,478170,5,4,0,1,1,0,True,0x3c3a5fe6
TEXBAT.cleanStatic,3,12159,478170,5,5,1,0,0,0,True,0x3f4ec020
TEXBAT.cleanStatic,3,12159,478170,5,6,0,0,0,0,True,0x28432c0c
TEXBAT.cleanStatic,3,12159,478170,5,7,0,0,0,1,True,0x3513afa1
TEXBAT.cleanStatic,3,12159,478170,5,8,0,1,0,1,True,0x14e0d2bd
TEXBAT.cleanStatic,3,12159,478170,5,9,0,1,0,0,True,0x25e6af10
TEXBAT.cleanStatic,3,12159,478170,5,10,0,0,0,0,True,0x06c007b0
TEXBAT.cleanStatic,3,12459,478176,1,1,0,0,0,0,True,0x22c2a904
TEXBAT.cleanStatic,3,12459,478176,1,2,0,0,0,0,True,0x26ea0944
TEXBAT.cleanStatic,3,12459,478176,1,3,0,0,1,1,True,0x2a94003f
TEXBAT.cleanStatic,3,12459,478176,1,4,1,1,1,0,True,0x2afe6452
TEXBAT.cleanStatic,3,12459,478176,1,5,1,0,1,1,True,0x190e7883
TEXBAT.cleanStatic,3,12459,478176,1,6,1,1,0,0,True,0x165c2fe4
TEXBAT.cleanStatic,3,12459,478176,1,7,0,0,0,0,True,0x03243da8
TEXBAT.cleanStatic,3,12459,478176,1,8,0,0,1,0,True,0x099d71b6
TEXBAT.cleanStatic,3,12459,478176,1,9,1,0,1,0,True,0x00000b7e
TEXBAT.cleanStatic,3,12459,478176,1,10,1,0,0,0,True,0x0353a1d8
TEXBAT.cleanStatic,3,12759,478182,2,1,0,0,0,0,True,0x22c2a904
TEXBAT.cleanStatic,3,12759,478182,2,2,0,0,0,0,True,0x26ea2a2c
TEXBAT.cleanStatic,3,12759,478182,2,3,0,0,0,1,True,0x09bd2619
TEXBAT.cleanStatic,3,12759,478182,2,4,0,1,0,0,True,0x308a4118
TEXBAT.cleanStatic,3,12759,478182,2,5,0,0,1,1,True,0x2491fcf7
TEXBAT.cleanStatic,3,12759,478182,2,6,1,1,1,0,True,0x02687dfa
TEXBAT.cleanStatic,3,12759,478182,2,7,1,0,1,0,True,0x069c4ffa
TEXBAT.cleanStatic,3,12759,478182,2,8,1,0,1,1,True,0x02c8a853
TEXBAT.cleanStatic,3,12759,478182,2,9,1,1,1,0,True,0x3c8695e6
TEXBAT.cleanStatic,3,12759,478182,2,10,1,0,0,0,True,0x1d719f4c
TEXBAT.cleanStatic,3,13059,478188,3,1,0,0,0,0,True,0x22c2a904
TEXBAT.cleanStatic,3,13059,478188,3,2,0,0,0,0,True,0x26ea4b5c
TEXBAT.cleanStatic,3,13059,478188,3,3,0,0,1,0,True,0x3ff05402
TEXBAT.cleanStatic,3,13059,478188,3,4,1,0,1,1,True,0x3cd09aa3
TEXBAT.cleanStatic,3,13059,478188,3,5,1,1,0,0,True,0x3fe8b6a8
TEXBAT.cleanStatic,3,13059,478188,3,6,0,0,1,1,True,0x3e122ad7
TEXBAT.cleanStatic,3,13059,478188,3,7,1,1,1,1,True,0x37dab35b
TEXBAT.cleanStatic,3,13059,478188,3,8,1,1,0,0,True,0x31c19bb0
TEXBAT.cleanStatic,3,13059,478188,3,9,0,0,0,0,True,0x3fe72400
TEXBAT.cleanStatic,3,13059,478188,3,10,0,0,0,0,True,0x09ba35a8
TEXBAT.cleanStatic,3,13359,478194,4,1,0,0,0,0,True,0x22c2a904
TEXBAT.cleanStatic,3,13359,478194,4,2,0,0,0,0,True,0x26ea6c18
TEXBAT.cleanStatic,3,13359,478194,4,3,0,0,1,0,True,0x1daaaaa6
TEXBAT.cleanStatic,3,13359,478194,4,4,1,0,1,0,True,0x2aaaa97e
TEXBAT.cleanStatic,3,13359,478194,4,5,1,0,0,0,True,0x1462c990
TEXBAT.cleanStatic,3,13359,478194,4,6,0,0,0,0,True,0x34416490
TEXBAT.cleanStatic,3,13359,478194,4,7,0,0,0,1,True,0x15954a21
TEXBAT.cleanStatic,3,13359,478194,4,8,0,1,0,1,True,0x11e4764d
TEXBAT.cleanStatic,3,13359,478194,4,9,0,1,0,1,True,0x1d3f6379
TEXBAT.cleanStatic,3,13359,478194,4,10,0,1,0,0,True,0x33cc72a4
TEXBAT.cleanStatic,3,13659,478200,5,1,0,0,0,0,True,0x22c2a904
TEXBAT.cleanStatic,3,13659,478200,5,2,0,0,0,0,True,0x26ea8d24
TEXBAT.cleanStatic,3,13659,478200,5,3,0,0,0,0,True,0x13c97ea8
TEXBAT.cleanStatic,3,13659,478200,5,4,0,0,1,0,True,0x03c03306
TEXBAT.cleanStatic,3,13659,478200,5,5,1,0,1,0,True,0x3f45c012
TEXBAT.cleanStatic,3,13659,478200,5,6,1,0,0,0,True,0x28432148
TEXBAT.cleanStatic,3,13659,478200,5,7,0,0,0,1,True,0x3424fd55
TEXBAT.cleanStatic,3,13659,478200,5,8,0,1,0,1,True,0x3fa31959
TEXBAT.cleanStatic,3,13659,478200,5,9,0,1,1,1,True,0x2a33f0ff
TEXBAT.cleanStatic,3,13659,478200,5,10,1,1,0,0,True,0x033ffb58
TEXBAT.cleanStatic,3,13959,478206,1,1,0,0,0,0,True,0x22c2a904
TEXBAT.cleanStatic,3,13959,478206,1,2,0,0,0,0,True,0x26eaa9d8
TEXBAT.cleanStatic,3,13959,478206,1,3,0,0,1,1,True,0x2a94003f
TEXBAT.cleanStatic,3,13959,478206,1,4,1,1,1,0,True,0x2afe6452
TEXBAT.cleanStatic,3,13959,478206,1,5,1,0,1,1,True,0x190e7883
TEXBAT.cleanStatic,3,13959,478206,1,6,1,1,0,0,True,0x165c2fe4
TEXBAT.cleanStatic,3,13959,478206,1,7,0,0,0,0,True,0x03243da8
TEXBAT.cleanStatic,3,13959,478206,1,8,0,0,1,0,True,0x099d71b6
TEXBAT.cleanStatic,3,13959,478206,1,9,1,0,1,0,True,0x00000b7e
TEXBAT.cleanStatic,3,13959,478206,1,10,1,0,0,0,True,0x0353a1d8
TEXBAT.cleanStatic,3,14259,478212,2,1,0,0,0,0,True,0x22c2a904
TEXBAT.cleanStatic,3,14259,478212,2,2,0,0,0,0,True,0x26eaca48
TEXBAT.cleanStatic,3,14259,478212,2,3,0,0,0,1,True,0x09bd2619
TEXBAT.cleanStatic,3,14259,478212,2,4,0,1,0,0,True,0x308a4118
TEXBAT.cleanStatic,3,14259,478212,2,5,0,0,1,1,True,0x2491fcf7
TEXBAT.cleanStatic,3,14259,478212,2,6,1,1,1,0,True,0x02687dfa
TEXBAT.cleanStatic,3,14259,478212,2,7,1,0,1,0,True,0x069c4ffa
TEXBAT.cleanStatic,3,14259,478212,2,8,1,0,1,1,True,0x02c8a853
TEXBAT.cleanStatic,3,14259,478212,2,9,1,1,1,0,True,0x3c8695e6
TEXBAT.cleanStatic,3,14259,478212,2,10,1,0,0,0,True,0x1d719f4c
TEXBAT.cleanStatic,3,14559,478218,3,1,0,0,0,0,True,0x22c2a904
TEXBAT.cleanStatic,3,14559,478218,3,2,0,0,0,0,True,0x26eaebc0
TEXBAT.cleanStatic,3,14559,478218,3,3,0,0,1,0,True,0x3ff05402
TEXBAT.cleanStatic,3,14559,478218,3,4,1,0,1,1,True,0x3cd09aa3
TEXBAT.cleanStatic,3,14559,478218,3,5,1,1,0,0,True,0x3fe8b6a8
TEXBAT.cleanStatic,3,14559,478218,3,6,0,0,1,1,True,0x3e122ad7
TEXBAT.cleanStatic,3,14559,478218,3,7,1,1,1,1,True,0x37dab35b
TEXBAT.cleanStatic,3,14559,478218,3,8,1,1,0,0,True,0x31c19bb0
TEXBAT.cleanStatic,3,14559,478218,3,9,0,0,0,0,True,0x3fe72400
TEXBAT.cleanStatic,3,14559,478218,3,10,0,0,0,0,True,0x09ba35a8
TEXBAT.cleanStatic,3,14859,478224,4,1,0,0,0,0,True,0x22c2a904
TEXBAT.cleanStatic,3,14859,478224,4,2,0,0,0,0,True,0x26eb0cf8
TEXBAT.cleanStatic,3,14859,478224,4,3,0,0,1,1,True,0x1e6f37ef
TEXBAT.cleanStatic,3,14859,478224,4,4,1,1,0,1,True,0x0fe39cad
TEXBAT.cleanStatic,3,14859,478224,4,5,0,1,0,0,True,0x10fa2f10
TEXBAT.cleanStatic,3,14859,478224,4,6,0,0,1,1,True,0x359eddd3
TEXBAT.cleanStatic,3,14859,478224,4,7,1,1,1,1,True,0x0cf37923
TEXBAT.cleanStatic,3,14859,478224,4,8,1,1,1,1,True,0x0b4bfea3
TEXBAT.cleanStatic,3,14859,478224,4,9,1,1,0,1,True,0x3f66f1b9
TEXBAT.cleanStatic,3,14859,478224,4,10,0,1,0,0,True,0x235f67ec
TEXBAT.cleanStatic,3,15159,478230,5,1,0,0,0,0,True,0x22c2a904
TEXBAT.cleanStatic,3,15159,478230,5,2,0,0,0,0,True,0x26eb2d70
TEXBAT.cleanStatic,3,15159,478230,5,3,0,0,0,1,True,0x140d5a89
TEXBAT.cleanStatic,3,15159,478230,5,4,0,1,1,0,True,0x3c3999ce
TEXBAT.cleanStatic,3,15159,478230,5,5,1,0,0,0,True,0x3f53c034
TEXBAT.cleanStatic,3,15159,478230,5,6,0,0,1,1,True,0x2843641b
TEXBAT.cleanStatic,3,15159,478230,5,7,1,1,1,1,True,0x35d34e13
TEXBAT.cleanStatic,3,15159,478230,5,8,1,1,1,0,True,0x3fb0f7b2
TEXBAT.cleanStatic,3,15159,478230,5,9,1,0,1,0,True,0x260a28a6
TEXBAT.cleanStatic,3,15159,478230,5,10,1,0,0,0,True,0x37c006e8
TEXBAT.cleanStatic,3,15459,478236,1,1,0,0,0,0,True,0x22c2a904
TEXBAT.cleanStatic,3,15459,478236,1,2,0,0,0,0,True,0x26eb4974
TEXBAT.cleanStatic,3,15459,478236,1,3,0,0,1,1,True,0x2a94003f
TEXBAT.cleanStatic,3,15459,478236,1,4,1,1,1,0,True,0x2afe6452
TEXBAT.cleanStatic,3,15459,478236,1,5,1,0,1,1,True,0x190e7883
TEXBAT.cleanStatic,3,15459,478236,1,6,1,1,0,0,True,0x165c2fe4
TEXBAT.cleanStatic,3,15459,478236,1,7,0,0,0,0,True,0x03243da8
TEXBAT.cleanStatic,3,15459,478236,1,8,0,0,1,0,True,0x099d71b6
TEXBAT.cleanStatic,3,15459,478236,1,9,1,0,1,0,True,0x00000b7e
TEXBAT.cleanStatic,3,15459,478236,1,10,1,0,0,0,True,0x0353a1d8
TEXBAT.cleanStatic,3,15759,478242,2,1,0,0,0,0,True,0x22c2a904
TEXBAT.cleanStatic,3,15759,478242,2,2,0,0,0,0,True,0x26eb6a1c
TEXBAT.cleanStatic,3,15759,478242,2,3,0,0,0,1,True,0x09bd2619
TEXBAT.cleanStatic,3,15759,478242,2,4,0,1,0,0,True,0x308a4118
TEXBAT.cleanStatic,3,15759,478242,2,5,0,0,1,1,True,0x2491fcf7
TEXBAT.cleanStatic,3,15759,478242,2,6,1,1,1,0,True,0x02687dfa
TEXBAT.cleanStatic,3,15759,478242,2,7,1,0,1,0,True,0x069c4ffa
TEXBAT.cleanStatic,3,15759,478242,2,8,1,0,1,1,True,0x02c8a853
TEXBAT.cleanStatic,3,15759,478242,2,9,1,1,1,0,True,0x3c8695e6
TEXBAT.cleanStatic,3,15759,478242,2,10,1,0,0,0,True,0x1d719f4c
TEXBAT.cleanStatic,3,16059,478248,3,1,0,0,0,0,True,0x22c2a904
TEXBAT.cleanStatic,3,16059,478248,3,2,0,0,0,0,True,0x26eb8b20
TEXBAT.cleanStatic,3,16059,478248,3,3,0,0,1,0,True,0x3ff05402
TEXBAT.cleanStatic,3,16059,478248,3,4,1,0,1,1,True,0x3cd09aa3
TEXBAT.cleanStatic,3,16059,478248,3,5,1,1,0,0,True,0x3fe8b6a8
TEXBAT.cleanStatic,3,16059,478248,3,6,0,0,1,1,True,0x3e122ad7
TEXBAT.cleanStatic,3,16059,478248,3,7,1,1,1,1,True,0x37dab35b
TEXBAT.cleanStatic,3,16059,478248,3,8,1,1,0,0,True,0x31c19bb0
TEXBAT.cleanStatic,3,16059,478248,3,9,0,0,0,0,True,0x3fe72400
TEXBAT.cleanStatic,3,16059,478248,3,10,0,0,0,0,True,0x09ba35a8
TEXBAT.cleanStatic,3,16359,478254,4,1,0,0,0,0,True,0x22c2a904
TEXBAT.cleanStatic,3,16359,478254,4,2,0,0,0,0,True,0x26ebac64
TEXBAT.cleanStatic,3,16359,478254,4,3,0,0,0,1,True,0x1dcad259
TEXBAT.cleanStatic,3,16359,478254,4,4,0,1,1,0,True,0x2d316b4a
TEXBAT.cleanStatic,3,16359,478254,4,5,1,0,0,1,True,0x0e0e909d
TEXBAT.cleanStatic,3,16359,478254,4,6,0,1,0,0,True,0x336e2e28
TEXBAT.cleanStatic,3,16359,478254,4,7,0,0,0,1,True,0x0dd1126d
TEXBAT.cleanStatic,3,16359,478254,4,8,0,1,1,0,True,0x2b2e2e2a
TEXBAT.cleanStatic,3,16359,478254,4,9,1,0,1,0,True,0x11cad566
TEXBAT.cleanStatic,3,16359,478254,4,10,1,0,0,0,True,0x150b8048
TEXBAT.cleanStatic,3,16659,478260,5,1,0,0,0,0,True,0x22c2a904
TEXBAT.cleanStatic,3,16659,478260,5,2,0,0,0,0,True,0x26ebcd14
TEXBAT.cleanStatic,3,16659,478260,5,3,0,0,1,0,True,0x144f6afe
TEXBAT.cleanStatic,3,16659,478260,5,4,1,0,0,0,True,0x03c36af4
TEXBAT.cleanStatic,3,16659,478260,5,5,0,0,1,0,True,0x3f4c803a
TEXBAT.cleanStatic,3,16659,478260,5,6,1,0,0,0,True,0x28435aa0
TEXBAT.cleanStatic,3,16659,478260,5,7,0,0,0,1,True,0x14c454e1
TEXBAT.cleanStatic,3,16659,478260,5,8,0,1,0,0,True,0x17652528
TEXBAT.cleanStatic,3,16659,478260,5,9,0,0,0,1,True,0x1cbd9755
TEXBAT.cleanStatic,3,16659,478260,5,10,0,1,0,0,True,0x3cfffb14
TEXBAT.cleanStatic,3,16959,478266,1,1,0,0,0,0,True,0x22c2a904
TEXBAT.cleanStatic,3,16959,478266,1,2,0,0,0,0,True,0x26ebe9e8
TEXBAT.cleanStatic,3,16959,478266,1,3,0,0,1,1,True,0x2a94003f
TEXBAT.cleanStatic,3,16959,478266,1,4,1,1,1,0,True,0x2afe6452
TEXBAT.cleanStatic,3,16959,478266,1,5,1,0,1,1,True,0x190e7883
TEXBAT.cleanStatic,3,16959,478266,1,6,1,1,0,0,True,0x165c2fe4
TEXBAT.cleanStatic,3,16959,478266,1,7,0,0,0,0,True,0x03243da8
TEXBAT.cleanStatic,3,16959,478266,1,8,0,0,1,0,True,0x099d71b6
TEXBAT.cleanStatic,3,16959,478266,1,9,1,0,1,0,True,0x00000b7e
TEXBAT.cleanStatic,3,16959,478266,1,10,1,0,0,0,True,0x0353a1d8
TEXBAT.cleanStatic,3,17259,478272,2,1,0,0,0,0,True,0x22c2a904
TEXBAT.cleanStatic,3,17259,478272,2,2,0,0,0,0,True,0x26ec0a5c
TEXBAT.cleanStatic,3,17259,478272,2,3,0,0,0,1,True,0x09bd2619
TEXBAT.cleanStatic,3,17259,478272,2,4,0,1,0,0,True,0x308a4118
TEXBAT.cleanStatic,3,17259,478272,2,5,0,0,1,1,True,0x2491fcf7
TEXBAT.cleanStatic,3,17259,478272,2,6,1,1,1,0,True,0x02687dfa
TEXBAT.cleanStatic,3,17259,478272,2,7,1,0,1,0,True,0x069c4ffa
TEXBAT.cleanStatic,3,17259,478272,2,8,1,0,1,1,True,0x02c8a853
TEXBAT.cleanStatic,3,17259,478272,2,9,1,1,1,0,True,0x3c8695e6
TEXBAT.cleanStatic,3,17259,478272,2,10,1,0,0,0,True,0x1d719f4c
TEXBAT.cleanStatic,3,17559,478278,3,1,0,0,0,0,True,0x22c2a904
TEXBAT.cleanStatic,3,17559,478278,3,2,0,0,0,0,True,0x26ec2bd4
TEXBAT.cleanStatic,3,17559,478278,3,3,0,0,1,0,True,0x3ff05402
TEXBAT.cleanStatic,3,17559,478278,3,4,1,0,1,1,True,0x3cd09aa3
TEXBAT.cleanStatic,3,17559,478278,3,5,1,1,0,0,True,0x3fe8b6a8
TEXBAT.cleanStatic,3,17559,478278,3,6,0,0,1,1,True,0x3e122ad7
TEXBAT.cleanStatic,3,17559,478278,3,7,1,1,1,1,True,0x37dab35b
TEXBAT.cleanStatic,3,17559,478278,3,8,1,1,0,0,True,0x31c19bb0
TEXBAT.cleanStatic,3,17559,478278,3,9,0,0,0,0,True,0x3fe72400
TEXBAT.cleanStatic,3,17559,478278,3,10,0,0,0,0,True,0x09ba35a8
TEXBAT.cleanStatic,3,17859,478284,4,1,0,0,0,0,True,0x22c2a904
TEXBAT.cleanStatic,3,17859,478284,4,2,0,0,0,0,True,0x26ec4c68
TEXBAT.cleanStatic,3,17859,478284,4,3,0,0,0,0,True,0x1e034094
TEXBAT.cleanStatic,3,17859,478284,4,4,0,0,0,1,True,0x3fff8bf5
TEXBAT.cleanStatic,3,17859,478284,4,5,0,1,1,0,True,0x3e80815e
TEXBAT.cleanStatic,3,17859,478284,4,6,1,0,1,1,True,0x3ffffe17
TEXBAT.cleanStatic,3,17859,478284,4,7,1,1,1,1,True,0x3fffffff
TEXBAT.cleanStatic,3,17859,478284,4,8,1,1,0,0,True,0x3fbc156c
TEXBAT.cleanStatic,3,17859,478284,4,9,0,0,1,0,True,0x042781c2
TEXBAT.cleanStatic,3,17859,478284,4,10,1,0,0,0,True,0x04000090
TEXBAT.cleanStatic,3,18159,478290,5,1,0,0,0,0,True,0x22c2a904
TEXBAT.cleanStatic,3,18159,478290,5,2,0,0,0,0,True,0x26ec6de0
TEXBAT.cleanStatic,3,18159,478290,5,3,0,0,1,1,True,0x149bef6f
TEXBAT.cleanStatic,3,18159,478290,5,4,1,1,1,1,True,0x3c0238c3
TEXBAT.cleanStatic,3,18159,478290,5,5,1,1,0,1,True,0x00b77ffd
TEXBAT.cleanStatic,3,18159,478290,5,6,0,1,0,1,True,0x17bca939
TEXBAT.cleanStatic,3,18159,478290,5,7,0,1,0,1,True,0x1637a705
TEXBAT.cleanStatic,3,18159,478290,5,8,0,1,1,1,True,0x15d5764b
TEXBAT.cleanStatic,3,18159,478290,5,9,1,1,0,0,True,0x146c0f6c
TEXBAT.cleanStatic,3,18159,478290,5,10,0,0,0,0,True,0x0700015c
TEXBAT.cleanStatic,3,18459,478296,1,1,0,0,0,0,True,0x22c2a904
TEXBAT.cleanStatic,3,18459,478296,1,2,0,0,0,0,True,0x26ec89a8
TEXBAT.cleanStatic,3,18459,478296,1,3,0,0,1,1,True,0x2a94003f
TEXBAT.cleanStatic,3,18459,478296,1,4,1,1,1,0,True,0x2afe6452
TEXBAT.cleanStatic,3,18459,478296,1,5,1,0,1,1,True,0x190e7883
TEXBAT.cleanStatic,3,18459,478296,1,6,1,1,0,0,True,0x165c2fe4
TEXBAT.cleanStatic,3,18459,478296,1,7,0,0,0,0,True,0x03243da8
TEXBAT.cleanStatic,3,18459,478296,1,8,0,0,1,0,True,0x099d71b6
TEXBAT.cleanStatic,3,18459,478296,1,9,1,0,1,0,True,0x00000b7e
TEXBAT.cleanStatic,3,18459,478296,1,10,1,0,0,0,True,0x0353a1d8
TEXBAT.cleanStatic,3,18759,478302,2,1,0,0,0,0,True,0x22c2a904
TEXBAT.cleanStatic,3,18759,478302,2,2,0,0,0,0,True,0x26ecaac0
TEXBAT.cleanStatic,3,18759,478302,2,3,0,0,0,1,True,0x09bd2619
TEXBAT.cleanStatic,3,18759,478302,2,4,0,1,0,0,True,0x308a4118
TEXBAT.cleanStatic,3,18759,478302,2,5,0,0,1,1,True,0x2491fcf7
TEXBAT.cleanStatic,3,18759,478302,2,6,1,1,1,0,True,0x02687dfa
TEXBAT.cleanStatic,3,18759,478302,2,7,1,0,1,0,True,0x069c4ffa
TEXBAT.cleanStatic,3,18759,478302,2,8,1,0,1,1,True,0x02c8a853
TEXBAT.cleanStatic,3,18759,478302,2,9,1,1,1,0,True,0x3c8695e6
TEXBAT.cleanStatic,3,18759,478302,2,10,1,0,0,0,True,0x1d719f4c
TEXBAT.cleanStatic,3,19059,478308,3,1,0,0,0,0,True,0x22c2a904
TEXBAT.cleanStatic,3,19059,478308,3,2,0,0,0,0,True,0x26eccbb0
TEXBAT.cleanStatic,3,19059,478308,3,3,0,0,1,0,True,0x3ff05402
TEXBAT.cleanStatic,3,19059,478308,3,4,1,0,1,1,True,0x3cd09aa3
TEXBAT.cleanStatic,3,19059,478308,3,5,1,1,0,0,True,0x3fe8b6a8
TEXBAT.cleanStatic,3,19059,478308,3,6,0,0,1,1,True,0x3e122ad7
TEXBAT.cleanStatic,3,19059,478308,3,7,1,1,1,1,True,0x37dab35b
TEXBAT.cleanStatic,3,19059,478308,3,8,1,1,0,0,True,0x31c19bb0
TEXBAT.cleanStatic,3,19059,478308,3,9,0,0,0,0,True,0x3fe72400
TEXBAT.cleanStatic,3,19059,478308,3,10,0,0,0,0,True,0x09ba35a8
TEXBAT.cleanStatic,3,19359,478314,4,1,0,0,0,0,True,0x22c2a904
TEXBAT.cleanStatic,3,19359,478314,4,2,0,0,0,0,True,0x26ececf4
TEXBAT.cleanStatic,3,19359,478314,4,3,0,0,0,0,True,0x1e89d630
TEXBAT.cleanStatic,3,19359,478314,4,4,0,0,0,0,True,0x04363d44
TEXBAT.cleanStatic,3,19359,478314,4,5,0,0,1,1,True,0x043724ff
TEXBAT.cleanStatic,3,19359,478314,4,6,1,1,0,1,True,0x2b8d9b31
TEXBAT.cleanStatic,3,19359,478314,4,7,0,1,1,0,True,0x2fbb714e
TEXBAT.cleanStatic,3,19359,478314,4,8,1,0,0,1,True,0x28e241b5
TEXBAT.cleanStatic,3,19359,478314,4,9,0,1,1,1,True,0x21a94d8f
TEXBAT.cleanStatic,3,19359,478314,4,10,1,1,0,0,True,0x1b815280
TEXBAT.cleanStatic,3,19659,478320,5,1,0,0,0,0,True,0x22c2a904
TEXBAT.cleanStatic,3,19659,478320,5,2,0,0,0,0,True,0x26ed0d00
TEXBAT.cleanStatic,3,19659,478320,5,3,0,0,1,0,True,0x14d19c3a
TEXBAT.cleanStatic,3,19659,478320,5,4,1,0,0,0,True,0x03c2fd20
TEXBAT.cleanStatic,3,19659,478320,5,5,0,0,0,0,True,0x3f4cc034
TEXBAT.cleanStatic,3,19659,478320,5,6,0,0,0,1,True,0x28431f05
TEXBAT.cleanStatic,3,19659,478320,5,7,0,1,0,1,True,0x2ab22d95
TEXBAT.cleanStatic,3,19659,478320,5,8,0,1,1,1,True,0x3d753ce3
TEXBAT.cleanStatic,3,19659,478320,5,9,1,1,0,0,True,0x2ba8a9c4
TEXBAT.cleanStatic,3,19659,478320,5,10,0,0,0,0,True,0x360001d0
TEXBAT.cleanStatic,3,19959,478326,1,1,0,0,0,0,True,0x22c2a904
TEXBAT.cleanStatic,3,19959,478326,1,2,0,0,0,0,True,0x26ed29fc
TEXBAT.cleanStatic,3,19959,478326,1,3,0,0,1,1,True,0x2a94003f
TEXBAT.cleanStatic,3,19959,478326,1,4,1,1,1,0,True,0x2afe6452
TEXBAT.cleanStatic,3,19959,478326,1,5,1,0,1,1,True,0x190e7883
TEXBAT.cleanStatic,3,19959,478326,1,6,1,1,0,0,True,0x165c2fe4
TEXBAT.cleanStatic,3,19959,478326,1,7,0,0,0,0,True,0x03243da8
TEXBAT.cleanStatic,3,19959,478326,1,8,0,0,1,0,True,0x099d71b6
TEXBAT.cleanStatic,3,19959,478326,1,9,1,0,1,0,True,0x00000b7e
TEXBAT.cleanStatic,3,19959,478326,1,10,1,0,0,0,True,0x0353a1d8
TEXBAT.cleanStatic,3,20259,478332,2,1,0,0,0,0,True,0x22c2a904
TEXBAT.cleanStatic,3,20259,478332,2,2,0,0,0,0,True,0x26ed4a6c
TEXBAT.cleanStatic,3,20259,478332,2,3,0,0,0,1,True,0x09bd2619
TEXBAT.cleanStatic,3,20259,478332,2,4,0,1,0,0,True,0x308a4118
TEXBAT.cleanStatic,3,20259,478332,2,5,0,0,1,1,True,0x2491fcf7
TEXBAT.cleanStatic,3,20259,478332,2,6,1,1,1,0,True,0x02687dfa
TEXBAT.cleanStatic,3,20259,478332,2,7,1,0,1,0,True,0x069c4ffa
TEXBAT.cleanStatic,3,20259,478332,2,8,1,0,1,1,True,0x02c8a853
TEXBAT.cleanStatic,3,20259,478332,2,9,1,1,1,0,True,0x3c8695e6
TEXBAT.cleanStatic,3,20259,478332,2,10,1,0,0,0,True,0x1d719f4c
TEXBAT.cleanStatic,3,20559,478338,3,1,0,0,0,0,True,0x22c2a904
TEXBAT.cleanStatic,3,20559,478338,3,2,0,0,0,0,True,0x26ed6be4
TEXBAT.cleanStatic,3,20559,478338,3,3,0,0,1,0,True,0x3ff05402
TEXBAT.cleanStatic,3,20559,478338,3,4,1,0,1,1,True,0x3cd09aa3
TEXBAT.cleanStatic,3,20559,478338,3,5,1,1,0,0,True,0x3fe8b6a8
TEXBAT.cleanStatic,3,20559,478338,3,6,0,0,1,1,True,0x3e122ad7
TEXBAT.cleanStatic,3,20559,478338,3,7,1,1,1,1,True,0x37dab35b
TEXBAT.cleanStatic,3,20559,478338,3,8,1,1,0,0,True,0x31c19bb0
TEXBAT.cleanStatic,3,20559,478338,3,9,0,0,0,0,True,0x3fe72400
TEXBAT.cleanStatic,3,20559,478338,3,10,0,0,0,0,True,0x09ba35a8
TEXBAT.cleanStatic,3,20859,478344,4,1,0,0,0,0,True,0x22c2a904
TEXBAT.cleanStatic,3,20859,478344,4,2,0,0,0,0,True,0x26ed8c14
TEXBAT.cleanStatic,3,20859,478344,4,3,0,0,1,0,True,0x1ecd98de
TEXBAT.cleanStatic,3,20859,478344,4,4,1,0,0,1,True,0x3367d881
TEXBAT.cleanStatic,3,20859,478344,4,5,0,1,1,1,True,0x3499dafb
TEXBAT.cleanStatic,3,20859,478344,4,6,1,1,1,1,True,0x217b7f5b
TEXBAT.cleanStatic,3,20859,478344,4,7,1,1,1,0,True,0x1e028b26
TEXBAT.cleanStatic,3,20859,478344,4,8,1,0,1,1,True,0x1d3401bf
TEXBAT.cleanStatic,3,20859,478344,4,9,1,1,1,1,True,0x1db00adf
TEXBAT.cleanStatic,3,20859,478344,4,10,1,1,0,0,True,0x041b8bdc
TEXBAT.cleanStatic,3,21159,478350,5,1,0,0,0,0,True,0x22c2a904
TEXBAT.cleanStatic,3,21159,478350,5,2,0,0,0,0,True,0x26edad9c
TEXBAT.cleanStatic,3,21159,478350,5,3,0,0,1,0,True,0x150a49aa
TEXBAT.cleanStatic,3,21159,478350,5,4,1,0,0,1,True,0x03fde051
TEXBAT.cleanStatic,3,21159,478350,5,5,0,1,1,1,True,0x00b6bffb
TEXBAT.cleanStatic,3,21159,478350,5,6,1,1,1,1,True,0x17bcd8f7
TEXBAT.cleanStatic,3,21159,478350,5,7,1,1,0,1,True,0x16c39051
TEXBAT.cleanStatic,3,21159,478350,5,8,0,1,1,1,True,0x33080c17
TEXBAT.cleanStatic,3,21159,478350,5,9,1,1,1,1,True,0x0fd16237
TEXBAT.cleanStatic,3,21159,478350,5,10,1,1,0,0,True,0x3dfff844
TEXBAT.cleanStatic,3,21459,478356,1,1,0,0,0,0,True,0x22c2a904
TEXBAT.cleanStatic,3,21459,478356,1,2,0,0,0,0,True,0x26edc998
TEXBAT.cleanStatic,3,21459,478356,1,3,0,0,1,1,True,0x2a94003f
TEXBAT.cleanStatic,3,21459,478356,1,4,1,1,1,0,True,0x2afe6452
TEXBAT.cleanStatic,3,21459,478356,1,5,1,0,1,1,True,0x190e7883
TEXBAT.cleanStatic,3,21459,478356,1,6,1,1,0,0,True,0x165c2fe4
TEXBAT.cleanStatic,3,21459,478356,1,7,0,0,0,0,True,0x03243da8
TEXBAT.cleanStatic,3,21459,478356,1,8,0,0,1,0,True,0x099d71b6
TEXBAT.cleanStatic,3,21459,478356,1,9,1,0,1,0,True,0x00000b7e
TEXBAT.cleanStatic,3,21459,478356,1,10,1,0,0,0,True,0x0353a1d8
TEXBAT.cleanStatic,13,159,477930,5,1,1,1,1,1,True,0x1d3d56fb
TEXBAT.cleanStatic,13,159,477930,5,2,1,1,1,1,True,0x191b12c7
TEXBAT.cleanStatic,13,159,477930,5,3,1,1,1,0,True,0x2e70fe42
TEXBAT.cleanStatic,13,159,477930,5,4,1,0,0,0,True,0x03ff62c0
TEXBAT.cleanStatic,13,159,477930,5,5,0,0,1,1,True,0x3f45c03b
TEXBAT.cleanStatic,13,159,477930,5,6,1,1,0,0,True,0x17bcc364
TEXBAT.cleanStatic,13,159,477930,5,7,0,0,0,1,True,0x13c8c4c1
TEXBAT.cleanStatic,13,159,477930,5,8,0,1,0,1,True,0x048588e5
TEXBAT.cleanStatic,13,159,477930,5,9,0,1,0,0,True,0x1cecb560
TEXBAT.cleanStatic,13,159,477930,5,10,0,0,1,1,True,0x3efff71b
TEXBAT.cleanStatic,13,459,477936,1,1,1,1,1,1,True,0x1d3d56fb
TEXBAT.cleanStatic,13,459,477936,1,2,1,1,1,1,True,0x191af647
TEXBAT.cleanStatic,13,459,477936,1,3,1,1,0,0,True,0x156bffc0
TEXBAT.cleanStatic,13,459,477936,1,4,0,0,0,1,True,0x15019bad
TEXBAT.cleanStatic,13,459,477936,1,5,0,1,0,0,True,0x26f1877c
TEXBAT.cleanStatic,13,459,477936,1,6,0,0,1,1,True,0x29a3d01b
TEXBAT.cleanStatic,13,459,477936,1,7,1,1,1,1,True,0x3cdbc5c3
TEXBAT.cleanStatic,13,459,477936,1,8,1,1,0,0,True,0x39e28e6c
TEXBAT.cleanStatic,13,459,477936,1,9,0,0,1,1,True,0x003ffa77
TEXBAT.cleanStatic,13,459,477936,1,10,1,1,1,1,True,0x3a100be7
TEXBAT.cleanStatic,13,759,477942,2,1,1,1,1,1,True,0x1d3d56fb
TEXBAT.cleanStatic,13,759,477942,2,2,1,1,1,1,True,0x191ad52f
TEXBAT.cleanStatic,13,759,477942,2,3,1,1,0,0,True,0x39c23a4c
TEXBAT.cleanStatic,13,759,477942,2,4,0,0,1,1,True,0x0b0c0643
TEXBAT.cleanStatic,13,759,477942,2,5,1,1,0,0,True,0x29908548
TEXBAT.cleanStatic,13,759,477942,2,6,0,0,1,0,True,0x3e0b809e
TEXBAT.cleanStatic,13,759,477942,2,7,1,0,0,0,True,0x1e0b6690
TEXBAT.cleanStatic,13,759,477942,2,8,0,0,0,1,True,0x0493a855
TEXBAT.cleanStatic,13,759,477942,2,9,0,1,1,1,True,0x3cc4804f
TEXBAT.cleanStatic,13,759,477942,2,10,1,1,1,1,True,0x228e6387
TEXBAT.cleanStatic,13,1059,477948,3,1,1,1,1,1,True,0x1d3d56fb
TEXBAT.cleanStatic,13,1059,477948,3,2,1,1,1,1,True,0x191ab45f
TEXBAT.cleanStatic,13,1059,477948,3,3,1,1,0,1,True,0x3ffdc949
TEXBAT.cleanStatic,13,1059,477948,3,4,0,1,1,1,True,0x26bfd8a7
TEXBAT.cleanStatic,13,1059,477948,3,5,1,1,0,0,True,0x000bb5d4
TEXBAT.cleanStatic,13,1059,477948,3,6,0,0,1,1,True,0x06b2ec97
TEXBAT.cleanStatic,13,1059,477948,3,7,1,1,1,0,True,0x39102ad2
TEXBAT.cleanStatic,13,1059,477948,3,8,1,0,0,0,True,0x2b5fbe2c
TEXBAT.cleanStatic,13,1059,477948,3,9,0,0,0,0,True,0x3fea326c
TEXBAT.cleanStatic,13,1059,477948,3,10,0,0,1,1,True,0x063a7bf3
TEXBAT.cleanStatic,13,1359,477954,4,1,1,1,1,1,True,0x1d3d56fb
TEXBAT.cleanStatic,13,1359,477954,4,2,1,1,1,1,True,0x191a931b
TEXBAT.cleanStatic,13,1359,477954,4,3,1,1,0,1,True,0x28bc38e1
TEXBAT.cleanStatic,13,1359,477954,4,4,0,1,1,0,True,0x3c3c7d76
TEXBAT.cleanStatic,13,1359,477954,4,5,1,0,0,0,True,0x3f4d403c
TEXBAT.cleanStatic,13,1359,477954,4,6,0,0,0,1,True,0x28437429
TEXBAT.cleanStatic,13,1359,477954,4,7,0,1,1,1,True,0x2b2527af
TEXBAT.cleanStatic,13,1359,477954,4,8,1,1,0,0,True,0x0ac676ec
TEXBAT.cleanStatic,13,1359,477954,4,9,0,0,1,1,True,0x392e9f77
TEXBAT.cleanStatic,13,1359,477954,4,10,1,1,1,1,True,0x347ff2ab
TEXBAT.cleanStatic,13,1659,477960,5,1,1,1,1,1,True,0x1d3d56fb
TEXBAT.cleanStatic,13,1659,477960,5,2,1,1,1,1,True,0x191a7227
TEXBAT.cleanStatic,13,1659,477960,5,3,1,1,0,0,True,0x2e33c390
TEXBAT.cleanStatic,13,1659,477960,5,4,0,0,1,0,True,0x03c57ec6
TEXBAT.cleanStatic,13,1659,477960,5,5,1,0,0,0,True,0x3f59c038
TEXBAT.cleanStatic,13,1659,477960,5,6,0,0,1,1,True,0x28435e53
TEXBAT.cleanStatic,13,1659,477960,5,7,1,1,0,1,True,0x00c5ef61
TEXBAT.cleanStatic,13,1659,477960,5,8,0,1,0,1,True,0x1e62e405
TEXBAT.cleanStatic,13,1659,477960,5,9,0,1,0,1,True,0x3f8f5801
TEXBAT.cleanStatic,13,1659,477960,5,10,0,1,1,1,True,0x3bfff68b
TEXBAT.cleanStatic,13,1959,477966,1,1,1,1,1,1,True,0x1d3d56fb
TEXBAT.cleanStatic,13,1959,477966,1,2,1,1,1,1,True,0x191a56db
TEXBAT.cleanStatic,13,1959,477966,1,3,1,1,0,0,True,0x156bffc0
TEXBAT.cleanStatic,13,1959,477966,1,4,0,0,0,1,True,0x15019bad
TEXBAT.cleanStatic,13,1959,477966,1,5,0,1,0,0,True,0x26f1877c
TEXBAT.cleanStatic,13,1959,477966,1,6,0,0,1,1,True,0x29a3d01b
TEXBAT.cleanStatic,13,1959,477966,1,7,1,1,1,1,True,0x3cdbc5c3
TEXBAT.cleanStatic,13,1959,477966,1,8,1,1,0,0,True,0x39e28e6c
TEXBAT.cleanStatic,13,1959,477966,1,9,0,0,1,1,True,0x003ffa77
TEXBAT.cleanStatic,13,1959,477966,1,10,1,1,1,1,True,0x3a100be7
TEXBAT.cleanStatic,13,2259,477972,2,1,1,1,1,1,True,0x1d3d56fb
TEXBAT.cleanStatic,13,2259,477972,2,2,1,1,1,1,True,0x191a354b
TEXBAT.cleanStatic,13,2259,477972,2,3,1,1,0,0,True,0x39c23a4c
TEXBAT.cleanStatic,13,2259,477972,2,4,0,0,1,1,True,0x0b0c0643
TEXBAT.cleanStatic,13,2259,477972,2,5,1,1,0,0,True,0x29908548
TEXBAT.cleanStatic,13,2259,477972,2,6,0,0,1,0,True,0x3e0b809e
TEXBAT.cleanStatic,13,2259,477972,2,7,1,0,0,0,True,0x1e0b6690
TEXBAT.cleanStatic,13,2259,477972,2,8,0,0,0,1,True,0x0493a855
TEXBAT.cleanStatic,13,2259,477972,2,9,0,1,1,1,True,0x3cc4804f
TEXBAT.cleanStatic,13,2259,477972,2,10,1,1,1,1,True,0x228e6387
TEXBAT.cleanStatic,13,2559,477978,3,1,1,1,1,1,True,0x1d3d56fb
TEXBAT.cleanStatic,13,2559,477978,3,2,1,1,1,1,True,0x191a14c3
TEXBAT.cleanStatic,13,2559,477978,3,3,1,1,0,1,True,0x3ffdc949
TEXBAT.cleanStatic,13,2559,477978,3,4,0,1,1,1,True,0x26bfd8a7
TEXBAT.cleanStatic,13,2559,477978,3,5,1,1,0,0,True,0x000bb5d4
TEXBAT.cleanStatic,13,2559,477978,3,6,0,0,1,1,True,0x06b2ec97
TEXBAT.cleanStatic,13,2559,477978,3,7,1,1,1,0,True,0x39102ad2
TEXBAT.cleanStatic,13,2559,477978,3,8,1,0,0,0,True,0x2b5fbe2c
TEXBAT.cleanStatic,13,2559,477978,3,9,0,0,0,0,True,0x3fea326c
TEXBAT.cleanStatic,13,2559,477978,3,10,0,0,1,1,True,0x063a7bf3
TEXBAT.cleanStatic,13,2859,477984,4,1,1,1,1,1,True,0x1d3d56fb
TEXBAT.cleanStatic,13,2859,477984,4,2,1,1,1,1,True,0x1919f363
TEXBAT.cleanStatic,13,2859,477984,4,3,1,1,0,1,True,0x28692529
TEXBAT.cleanStatic,13,2859,477984,4,4,0,1,0,0,True,0x3c3cf790
TEXBAT.cleanStatic,13,2859,477984,4,5,0,0,0,0,True,0x3f508010
TEXBAT.cleanStatic,13,2859,477984,4,6,0,0,1,1,True,0x2843517b
TEXBAT.cleanStatic,13,2859,477984,4,7,1,1,1,0,True,0x374ec6c2
TEXBAT.cleanStatic,13,2859,477984,4,8,1,0,0,0,True,0x1060164c
TEXBAT.cleanStatic,13,2859,477984,4,9,0,0,0,1,True,0x1b5ee069
TEXBAT.cleanStatic,13,2859,477984,4,10,0,1,1,1,True,0x0d7fcdff
TEXBAT.cleanStatic,13,3159,477990,5,1,1,1,1,1,True,0x1d3d56fb
TEXBAT.cleanStatic,13,3159,477990,5,2,1,1,1,1,True,0x1919d2eb
TEXBAT.cleanStatic,13,3159,477990,5,3,1,1,1,0,True,0x2de5f2a6
TEXBAT.cleanStatic,13,3159,477990,5,4,1,0,1,1,True,0x03c923b7
TEXBAT.cleanStatic,13,3159,477990,5,5,1,1,1,1,True,0x00a03feb
TEXBAT.cleanStatic,13,3159,477990,5,6,1,1,1,0,True,0x17bcc2ca
TEXBAT.cleanStatic,13,3159,477990,5,7,1,0,1,0,True,0x00197bbe
TEXBAT.cleanStatic,13,3159,477990,5,8,1,0,0,0,True,0x2220a35c
TEXBAT.cleanStatic,13,3159,477990,5,9,0,0,1,0,True,0x39a348be
TEXBAT.cleanStatic,13,3159,477990,5,10,1,0,1,1,True,0x0000023f
TEXBAT.cleanStatic,13,3459,477996,1,1,1,1,1,1,True,0x1d3d56fb
TEXBAT.cleanStatic,13,3459,477996,1,2,1,1,1,1,True,0x1919b6ef
TEXBAT.cleanStatic,13,3459,477996,1,3,1,1,0,0,True,0x156bffc0
TEXBAT.cleanStatic,13,3459,477996,1,4,0,0,0,1,True,0x15019bad
TEXBAT.cleanStatic,13,3459,477996,1,5,0,1,0,0,True,0x26f1877c
TEXBAT.cleanStatic,13,3459,477996,1,6,0,0,1,1,True,0x29a3d01b
TEXBAT.cleanStatic,13,3459,477996,1,7,1,1,1,1,True,0x3cdbc5c3
TEXBAT.cleanStatic,13,3459,477996,1,8,1,1,0,0,True,0x39e28e6c
TEXBAT.cleanStatic,13,3459,477996,1,9,0,0,1,1,True,0x003ffa77
TEXBAT.cleanStatic,13,3459,477996,1,10,1,1,1,1,True,0x3a100be7
TEXBAT.cleanStatic,13,3759,478002,2,1,1,1,1,1,True,0x1d3d56fb
TEXBAT.cleanStatic,13,3759,478002,2,2,1,1,1,1,True,0x19199587
TEXBAT.cleanStatic,13,3759,478002,2,3,1,1,0,0,True,0x39c23a4c
TEXBAT.cleanStatic,13,3759,478002,2,4,0,0,1,1,True,0x0b0c0643
TEXBAT.cleanStatic,13,3759,478002,2,5,1,1,0,0,True,0x29908548
TEXBAT.cleanStatic,13,3759,478002,2,6,0,0,1,0,True,0x3e0b809e
TEXBAT.cleanStatic,13,3759,478002,2,7,1,0,0,0,True,0x1e0b6690
TEXBAT.cleanStatic,13,3759,478002,2,8,0,0,0,1,True,0x0493a855
TEXBAT.cleanStatic,13,3759,478002,2,9,0,1,1,1,True,0x3cc4804f
TEXBAT.cleanStatic,13,3759,478002,2,10,1,1,1,1,True,0x228e6387
TEXBAT.cleanStatic,13,4059,478008,3,1,1,1,1,1,True,0x1d3d56fb
TEXBAT.cleanStatic,13,4059,478008,3,2,1,1,1,1,True,0x191974bb
TEXBAT.cleanStatic,13,4059,478008,3,3,1,1,0,1,True,0x3ffdc949
TEXBAT.cleanStatic,13,4059,478008,3,4,0,1,1,1,True,0x26bfd8a7
TEXBAT.cleanStatic,13,4059,478008,3,5,1,1,0,0,True,0x000bb5d4
TEXBAT.cleanStatic,13,4059,478008,3,6,0,0,1,1,True,0x06b2ec97
TEXBAT.cleanStatic,13,4059,478008,3,7,1,1,1,0,True,0x39102ad2
TEXBAT.cleanStatic,13,4059,478008,3,8,1,0,0,0,True,0x2b5fbe2c
TEXBAT.cleanStatic,13,4059,478008,3,9,0,0,0,0,True,0x3fea326c
TEXBAT.cleanStatic,13,4059,478008,3,10,0,0,1,1,True,0x063a7bf3
TEXBAT.cleanStatic,13,4359,478014,4,1,1,1,1,1,True,0x1d3d56fb
TEXBAT.cleanStatic,13,4359,478014,4,2,1,1,1,1,True,0x191953ff
TEXBAT.cleanStatic,13,4359,478014,4,3,1,1,1,0,True,0x282fff5e
TEXBAT.cleanStatic,13,4359,478014,4,4,1,0,0,0,True,0x03c65114
TEXBAT.cleanStatic,13,4359,478014,4,5,0,0,1,1,True,0x3f5b4033
TEXBAT.cleanStatic,13,4359,478014,4,6,1,1,1,1,True,0x17bc9f9b
TEXBAT.cleanStatic,13,4359,478014,4,7,1,1,1,1,True,0x00bd0bc7
TEXBAT.cleanStatic,13,4359,478014,4,8,1,1,1,0,True,0x08bda5e6
TEXBAT.cleanStatic,13,4359,478014,4,9,1,0,1,0,True,0x000ea36a
TEXBAT.cleanStatic,13,4359,478014,4,10,1,0,1,1,True,0x0900086f
TEXBAT.cleanStatic,13,4659,478020,5,1,1,1,1,1,True,0x1d3d56fb
TEXBAT.cleanStatic,13,4659,478020,5,2,1,1,1,1,True,0x1919328f
TEXBAT.cleanStatic,13,4659,478020,5,3,1,1,1,1,True,0x2d9c93a3
TEXBAT.cleanStatic,13,4659,478020,5,4,1,1,1,1,True,0x3c391683
TEXBAT.cleanStatic,13,4659,478020,5,5,1,1,0,0,True,0x00a4bfcc
TEXBAT.cleanStatic,13,4659,478020,5,6,0,0,1,0,True,0x28432446
TEXBAT.cleanStatic,13,4659,478020,5,7,1,0,1,1,True,0x3ef91a9b
TEXBAT.cleanStatic,13,4659,478020,5,8,1,1,1,1,True,0x2f3b6783
TEXBAT.cleanStatic,13,4659,478020,5,9,1,1,0,1,True,0x05fe3c31
TEXBAT.cleanStatic,13,4659,478020,5,10,0,1,1,1,True,0x39fff417
TEXBAT.cleanStatic,13,4959,478026,1,1,1,1,1,1,True,0x1d3d56fb
TEXBAT.cleanStatic,13,4959,478026,1,2,1,1,1,1,True,0x19191673
TEXBAT.cleanStatic,13,4959,478026,1,3,1,1,0,0,True,0x156bffc0
TEXBAT.cleanStatic,13,4959,478026,1,4,0,0,0,1,True,0x15019bad
TEXBAT.cleanStatic,13,4959,478026,1,5,0,1,0,0,True,0x26f1877c
TEXBAT.cleanStatic,13,4959,478026,1,6,0,0,1,1,True,0x29a3d01b
TEXBAT.cleanStatic,13,4959,478026,1,7,1,1,1,1,True,0x3cdbc5c3
TEXBAT.cleanStatic,13,4959,478026,1,8,1,1,0,0,True,0x39e28e6c
TEXBAT.cleanStatic,13,4959,478026,1,9,0,0,1,1,True,0x003ffa77
TEXBAT.cleanStatic,13,4959,478026,1,10,1,1,1,1,True,0x3a100be7
TEXBAT.cleanStatic,13,5259,478032,2,1,1,1,1,1,True,0x1d3d56fb
TEXBAT.cleanStatic,13,5259,478032,2,2,1,1,1,1,True,0x1918f567
TEXBAT.cleanStatic,13,5259,478032,2,3,1,1,0,0,True,0x39c23a4c
TEXBAT.cleanStatic,13,5259,478032,2,4,0,0,1,1,True,0x0b0c0643
TEXBAT.cleanStatic,13,5259,478032,2,5,1,1,0,0,True,0x29908548
TEXBAT.cleanStatic,13,5259,478032,2,6,0,0,1,0,True,0x3e0b809e
TEXBAT.cleanStatic,13,5259,478032,2,7,1,0,0,0,True,0x1e0b6690
TEXBAT.cleanStatic,13,5259,478032,2,8,0,0,0,1,True,0x0493a855
TEXBAT.cleanStatic,13,5259,478032,2,9,0,1,1,1,True,0x3cc4804f
TEXBAT.cleanStatic,13,5259,478032,2,10,1,1,1,1,True,0x228e6387
TEXBAT.cleanStatic,13,5559,478038,3,1,1,1,1,1,True,0x1d3d56fb
TEXBAT.cleanStatic,13,5559,478038,3,2,1,1,1,1,True,0x1918d4ef
TEXBAT.cleanStatic,13,5559,478038,3,3,1,1,0,1,True,0x3ffdc949
TEXBAT.cleanStatic,13,5559,478038,3,4,0,1,1,1,True,0x26bfd8a7
TEXBAT.cleanStatic,13,5559,478038,3,5,1,1,0,0,True,0x000bb5d4
TEXBAT.cleanStatic,13,5559,478038,3,6,0,0,1,1,True,0x06b2ec97
TEXBAT.cleanStatic,13,5559,478038,3,7,1,1,1,0,True,0x39102ad2
TEXBAT.cleanStatic,13,5559,478038,3,8,1,0,0,0,True,0x2b5fbe2c
TEXBAT.cleanStatic,13,5559,478038,3,9,0,0,0,0,True,0x3fea326c
TEXBAT.cleanStatic,13,5559,478038,3,10,0,0,1,1,True,0x063a7bf3
TEXBAT.cleanStatic,13,5859,478044,4,1,1,1,1,1,True,0x1d3d56fb
TEXBAT.cleanStatic,13,5859,478044,4,2,1,1,1,1,True,0x1918b353
TEXBAT.cleanStatic,13,5859,478044,4,3,1,1,1,1,True,0x27e7bc07
TEXBAT.cleanStatic,13,5859,478044,4,4,1,1,0,0,True,0x3c3ea890
TEXBAT.cleanStatic,13,5859,478044,4,5,0,0,1,1,True,0x3f4c402b
TEXBAT.cleanStatic,13,5859,478044,4,6,1,1,1,1,True,0x17bcf4b7
TEXBAT.cleanStatic,13,5859,478044,4,7,1,1,1,1,True,0x15646bcb
TEXBAT.cleanStatic,13,5859,478044,4,8,1,1,1,0,True,0x054a44c2
TEXBAT.cleanStatic,13,5859,478044,4,9,1,0,0,1,True,0x0614d995
TEXBAT.cleanStatic,13,5859,478044,4,10,0,1,1,1,True,0x0fc0075f
TEXBAT.cleanStatic,13,6159,478050,5,1,1,1,1,1,True,0x1d3d56fb
TEXBAT.cleanStatic,13,6159,478050,5,2,1,1,1,1,True,0x191892db
TEXBAT.cleanStatic,13,6159,478050,5,3,1,1,0,0,True,0x2d683718
TEXBAT.cleanStatic,13,6159,478050,5,4,0,0,1,1,True,0x03c06a7b
TEXBAT.cleanStatic,13,6159,478050,5,5,1,1,1,0,True,0x00b53fce
TEXBAT.cleanStatic,13,6159,478050,5,6,1,0,0,0,True,0x284354d0
TEXBAT.cleanStatic,13,6159,478050,5,7,0,0,1,0,True,0x29ea1fd6
TEXBAT.cleanStatic,13,6159,478050,5,8,1,0,0,1,True,0x07b8d8bd
TEXBAT.cleanStatic,13,6159,478050,5,9,0,1,1,1,True,0x1944a5a3
TEXBAT.cleanStatic,13,6159,478050,5,10,1,1,1,1,True,0x01bffeef
TEXBAT.cleanStatic,13,6459,478056,1,1,1,1,1,1,True,0x1d3d56fb
TEXBAT.cleanStatic,13,6459,478056,1,2,1,1,1,1,True,0x19187693
TEXBAT.cleanStatic,13,6459,478056,1,3,1,1,0,0,True,0x156bffc0
TEXBAT.cleanStatic,13,6459,478056,1,4,0,0,0,1,True,0x15019bad
TEXBAT.cleanStatic,13,6459,478056,1,5,0,1,0,0,True,0x26f1877c
TEXBAT.cleanStatic,13,6459,478056,1,6,0,0,1,1,True,0x29a3d01b
TEXBAT.cleanStatic,13,6459,478056,1,7,1,1,1,1,True,0x3cdbc5c3
TEXBAT.cleanStatic,13,6459,478056,1,8,1,1,0,0,True,0x39e28e6c
TEXBAT.cleanStatic,13,6459,478056,1,9,0,0,1,1,True,0x003ffa77
TEXBAT.cleanStatic,13,6459,478056,1,10,1,1,1,1,True,0x3a100be7
TEXBAT.cleanStatic,13,6759,478062,2,1,1,1,1,1,True,0x1d3d56fb
TEXBAT.cleanStatic,13,6759,478062,2,2,1,1,1,1,True,0x191855fb
TEXBAT.cleanStatic,13,6759,478062,2,3,1,1,0,0,True,0x39c23a4c
TEXBAT.cleanStatic,13,6759,478062,2,4,0,0,1,1,True,0x0b0c0643
TEXBAT.cleanStatic,13,6759,478062,2,5,1,1,0,0,True,0x29908548
TEXBAT.cleanStatic,13,6759,478062,2,6,0,0,1,0,True,0x3e0b809e
TEXBAT.cleanStatic,13,6759,478062,2,7,1,0,0,0,True,0x1e0b6690
TEXBAT.cleanStatic,13,6759,478062,2,8,0,0,0,1,True,0x0493a855
TEXBAT.cleanStatic,13,6759,478062,2,9,0,1,1,1,True,0x3cc4804f
TEXBAT.cleanStatic,13,6759,478062,2,10,1,1,1,1,True,0x228e6387
TEXBAT.cleanStatic,13,7059,478068,3,1,1,1,1,1,True,0x1d3d56fb
TEXBAT.cleanStatic,13,7059,478068,3,2,1,1,1,1,True,0x1918348b
TEXBAT.cleanStatic,13,7059,478068,3,3,1,1,0,1,True,0x3ffdc949
TEXBAT.cleanStatic,13,7059,478068,3,4,0,1,1,1,True,0x26bfd8a7
TEXBAT.cleanStatic,13,7059,478068,3,5,1,1,0,0,True,0x000bb5d4
TEXBAT.cleanStatic,13,7059,478068,3,6,0,0,1,1,True,0x06b2ec97
TEXBAT.cleanStatic,13,7059,478068,3,7,1,1,1,0,True,0x39102ad2
TEXBAT.cleanStatic,13,7059,478068,3,8,1,0,0,0,True,0x2b5fbe2c
TEXBAT.cleanStatic,13,7059,478068,3,9,0,0,0,0,True,0x3fea326c
TEXBAT.cleanStatic,13,7059,478068,3,10,0,0,1,1,True,0x063a7bf3
TEXBAT.cleanStatic,13,7359,478074,4,1,1,1,1,1,True,0x1d3d56fb
TEXBAT.cleanStatic,13,7359,478074,4,2,1,1,1,1,True,0x191813cf
TEXBAT.cleanStatic,13,7359,478074,4,3,1,1,0,0,True,0x2190c810
TEXBAT.cleanStatic,13,7359,478074,4,4,0,0,1,0,True,0x301c6352
TEXBAT.cleanStatic,13,7359,478074,4,5,1,0,1,1,True,0x2f05d0ef
TEXBAT.cleanStatic,13,7359,478074,4,6,1,1,0,0,True,0x0a61222c
TEXBAT.cleanStatic,13,7359,478074,4,7,0,0,0,0,True,0x330c86dc
TEXBAT.cleanStatic,13,7359,478074,4,8,0,0,0,0,True,0x34b4015c
TEXBAT.cleanStatic,13,7359,478074,4,9,0,0,1,0,True,0x00990e46
TEXBAT.cleanStatic,13,7359,478074,4,10,1,0,1,1,True,0x1ed8310f
TEXBAT.cleanStatic,13,7659,478080,5,1,1,1,1,1,True,0x1d3d56fb
TEXBAT.cleanStatic,13,7659,478080,5,2,1,1,1,1,True,0x1917f20f
TEXBAT.cleanStatic,13,7659,478080,5,3,1,1,0,1,True,0x2d245dcd
TEXBAT.cleanStatic,13,7659,478080,5,4,0,1,0,1,True,0x3c08c311
TEXBAT.cleanStatic,13,7659,478080,5,5,0,1,0,0,True,0x00b97fe0
TEXBAT.cleanStatic,13,7659,478080,5,6,0,0,1,0,True,0x28433baa
TEXBAT.cleanStatic,13,7659,478080,5,7,1,0,0,1,True,0x1c333425
TEXBAT.cleanStatic,13,7659,478080,5,8,0,1,1,1,True,0x34e69177
TEXBAT.cleanStatic,13,7659,478080,5,9,1,1,1,1,True,0x3e351327
TEXBAT.cleanStatic,13,7659,478080,5,10,1,1,1,1,True,0x09c00553
TEXBAT.cleanStatic,13,7959,478086,1,1,1,1,1,1,True,0x1d3d56fb
TEXBAT.cleanStatic,13,7959,478086,1,2,1,1,1,1,True,0x1917d6f3
TEXBAT.cleanStatic,13,7959,478086,1,3,1,1,0,0,True,0x156bffc0
TEXBAT.cleanStatic,13,7959,478086,1,4,0,0,0,1,True,0x15019bad
TEXBAT.cleanStatic,13,7959,478086,1,5,0,1,0,0,True,0x26f1877c
TEXBAT.cleanStatic,13,7959,478086,1,6,0,0,1,1,True,0x29a3d01b
TEXBAT.cleanStatic,13,7959,478086,1,7,1,1,1,1,True,0x3cdbc5c3
TEXBAT.cleanStatic,13,7959,478086,1,8,1,1,0,0,True,0x39e28e6c
TEXBAT.cleanStatic,13,7959,478086,1,9,0,0,1,1,True,0x003ffa77
TEXBAT.cleanStatic,13,7959,478086,1,10,1,1,1,1,True,0x3a100be7
TEXBAT.cleanStatic,13,8259,478092,2,1,1,1,1,1,True,0x1d3d56fb
TEXBAT.cleanStatic,13,8259,478092,2,2,1,1,1,1,True,0x1917b563
TEXBAT.cleanStatic,13,8259,478092,2,3,1,1,0,0,True,0x39c23a4c
TEXBAT.cleanStatic,13,8259,478092,2,4,0,0,1,1,True,0x0b0c0643
TEXBAT.cleanStatic,13,8259,478092,2,5,1,1,0,0,True,0x29908548
TEXBAT.cleanStatic,13,8259,478092,2,6,0,0,1,0,True,0x3e0b809e
TEXBAT.cleanStatic,13,8259,478092,2,7,1,0,0,0,True,0x1e0b6690
TEXBAT.cleanStatic,13,8259,478092,2,8,0,0,0,1,True,0x0493a855
TEXBAT.cleanStatic,13,8259,478092,2,9,0,1,1,1,True,0x3cc4804f
TEXBAT.cleanStatic,13,8259,478092,2,10,1,1,1,1,True,0x228e6387
TEXBAT.cleanStatic,13,8559,478098,3,1,1,1,1,1,True,0x1d3d56fb
TEXBAT.cleanStatic,13,8559,478098,3,2,1,1,1,1,True,0x191794eb
TEXBAT.cleanStatic,13,8559,478098,3,3,1,1,0,1,True,0x3ffdc949
TEXBAT.cleanStatic,13,8559,478098,3,4,0,1,1,1,True,0x26bfd8a7
TEXBAT.cleanStatic,13,8559,478098,3,5,1,1,0,0,True,0x000bb5d4
TEXBAT.cleanStatic,13,8559,478098,3,6,0,0,1,1,True,0x06b2ec97
TEXBAT.cleanStatic,13,8559,478098,3,7,1,1,1,0,True,0x39102ad2
TEXBAT.cleanStatic,13,8559,478098,3,8,1,0,0,0,True,0x2b5fbe2c
TEXBAT.cleanStatic,13,8559,478098,3,9,0,0,0,0,True,0x3fea326c
TEXBAT.cleanStatic,13,8559,478098,3,10,0,0,1,1,True,0x063a7bf3
TEXBAT.cleanStatic,13,8859,478104,4,1,1,1,1,1,True,0x1d3d56fb
TEXBAT.cleanStatic,13,8859,478104,4,2,1,1,1,1,True,0x1917731b
TEXBAT.cleanStatic,13,8859,478104,4,3,1,1,0,1,True,0x205ec145
TEXBAT.cleanStatic,13,8859,478104,4,4,0,1,1,0,True,0x29c8e556
TEXBAT.cleanStatic,13,8859,478104,4,5,1,0,1,0,True,0x0cca2ee6
TEXBAT.cleanStatic,13,8859,478104,4,6,1,0,0,1,True,0x2a889011
TEXBAT.cleanStatic,13,8859,478104,4,7,0,1,0,0,True,0x016766a4
TEXBAT.cleanStatic,13,8859,478104,4,8,0,0,1,1,True,0x07b701af
TEXBAT.cleanStatic,13,8859,478104,4,9,1,1,1,1,True,0x011f0faf
TEXBAT.cleanStatic,13,8859,478104,4,10,1,1,1,1,True,0x0e73e0df
TEXBAT.cleanStatic,13,9159,478110,5,1,1,1,1,1,True,0x1d3d56fb
TEXBAT.cleanStatic,13,9159,478110,5,2,1,1,1,1,True,0x19175293
TEXBAT.cleanStatic,13,9159,478110,5,3,1,1,0,0,True,0x2cf7d778
TEXBAT.cleanStatic,13,9159,478110,5,4,0,0,1,0,True,0x03c6463e
TEXBAT.cleanStatic,13,9159,478110,5,5,1,0,0,1,True,0x3f548001
TEXBAT.cleanStatic,13,9159,478110,5,6,0,1,0,1,True,0x17bcaa81
TEXBAT.cleanStatic,13,9159,478110,5,7,0,1,0,1,True,0x3602d6b9
TEXBAT.cleanStatic,13,9159,478110,5,8,0,1,1,1,True,0x3e85a717
TEXBAT.cleanStatic,13,9159,478110,5,9,1,1,0,1,True,0x0352d251
TEXBAT.cleanStatic,13,9159,478110,5,10,0,1,1,1,True,0x3cfff7d7
TEXBAT.cleanStatic,13,9459,478116,1,1,1,1,1,1,True,0x1d3d56fb
TEXBAT.cleanStatic,13,9459,478116,1,2,1,1,1,1,True,0x19173697
TEXBAT.cleanStatic,13,9459,478116,1,3,1,1,0,0,True,0x156bffc0
TEXBAT.cleanStatic,13,9459,478116,1,4,0,0,0,1,True,0x15019bad
TEXBAT.cleanStatic,13,9459,478116,1,5,0,1,0,0,True,0x26f1877c
TEXBAT.cleanStatic,13,9459,478116,1,6,0,0,1,1,True,0x29a3d01b
TEXBAT.cleanStatic,13,9459,478116,1,7,1,1,1,1,True,0x3cdbc5c3
TEXBAT.cleanStatic,13,9459,478116,1,8,1,1,0,0,True,0x39e28e6c
TEXBAT.cleanStatic,13,9459,478116,1,9,0,0,1,1,True,0x003ffa77
TEXBAT.cleanStatic,13,9459,478116,1,10,1,1,1,1,True,0x3a100be7
TEXBAT.cleanStatic,13,9759,478122,2,1,1,1,1,1,True,0x1d3d56fb
TEXBAT.cleanStatic,13,9759,478122,2,2,1,1,1,1,True,0x191715ff
TEXBAT.cleanStatic,13,9759,478122,2,3,1,1,0,0,True,0x39c23a4c
TEXBAT.cleanStatic,13,9759,478122,2,4,0,0,1,1,True,0x0b0c0643
TEXBAT.cleanStatic,13,9759,478122,2,5,1,1,0,0,True,0x29908548
TEXBAT.cleanStatic,13,9759,478122,2,6,0,0,1,0,True,0x3e0b809e
TEXBAT.cleanStatic,13,9759,478122,2,7,1,0,0,0,True,0x1e0b6690
TEXBAT.cleanStatic,13,9759,478122,2,8,0,0,0,1,True,0x0493a855
TEXBAT.cleanStatic,13,9759,478122,2,9,0,1,1,1,True,0x3cc4804f
TEXBAT.cleanStatic,13,9759,478122,2,10,1,1,1,1,True,0x228e6387
TEXBAT.cleanStatic,13,10059,478128,3,1,1,1,1,1,True,0x1d3d56fb
TEXBAT.cleanStatic,13,10059,478128,3,2,1,1,1,1,True,0x1916f40b
TEXBAT.cleanStatic,13,10059,478128,3,3,1,1,0,1,True,0x3ffdc949
TEXBAT.cleanStatic,13,10059,478128,3,4,0,1,1,1,True,0x26bfd8a7
TEXBAT.cleanStatic,13,10059,478128,3,5,1,1,0,0,True,0x000bb5d4
TEXBAT.cleanStatic,13,10059,478128,3,6,0,0,1,1,True,0x06b2ec97
TEXBAT.cleanStatic,13,10059,478128,3,7,1,1,1,0,True,0x39102ad2
TEXBAT.cleanStatic,13,10059,478128,3,8,1,0,0,0,True,0x2b5fbe2c
TEXBAT.cleanStatic,13,10059,478128,3,9,0,0,0,0,True,0x3fea326c
TEXBAT.cleanStatic,13,10059,478128,3,10,0,0,1,1,True,0x063a7bf3
TEXBAT.cleanStatic,13,10359,478134,4,1,1,1,1,1,True,0x1d3d56fb
TEXBAT.cleanStatic,13,10359,478134,4,2,1,1,1,1,True,0x1916d34f
TEXBAT.cleanStatic,13,10359,478134,4,3,1,1,0,1,True,0x22ecce41
TEXBAT.cleanStatic,13,10359,478134,4,4,0,1,0,0,True,0x333b99cc
TEXBAT.cleanStatic,13,10359,478134,4,5,0,0,0,1,True,0x1a2e8815
TEXBAT.cleanStatic,13,10359,478134,4,6,0,1,0,0,True,0x217fb6ec
TEXBAT.cleanStatic,13,10359,478134,4,7,0,0,1,1,True,0x075dc52b
TEXBAT.cleanStatic,13,10359,478134,4,8,1,1,1,1,True,0x143e1d5b
TEXBAT.cleanStatic,13,10359,478134,4,9,1,1,1,1,True,0x35393acf
TEXBAT.cleanStatic,13,10359,478134,4,10,1,1,1,1,True,0x1226809f
TEXBAT.cleanStatic,13,10659,478140,5,1,1,1,1,1,True,0x1d3d56fb
TEXBAT.cleanStatic,13,10659,478140,5,2,1,1,1,1,True,0x1916b23f
TEXBAT.cleanStatic,13,10659,478140,5,3,1,1,1,1,True,0x2cb62453
TEXBAT.cleanStatic,13,10659,478140,5,4,1,1,0,0,True,0x3c39322c
TEXBAT.cleanStatic,13,10659,478140,5,5,0,0,0,0,True,0x3f508010
TEXBAT.cleanStatic,13,10659,478140,5,6,0,0,1,1,True,0x284320cf
TEXBAT.cleanStatic,13,10659,478140,5,7,1,1,1,1,True,0x0aa4a44b
TEXBAT.cleanStatic,13,10659,478140,5,8,1,1,1,0,True,0x2ad5620e
TEXBAT.cleanStatic,13,10659,478140,5,9,1,0,1,1,True,0x177b30b3
TEXBAT.cleanStatic,13,10659,478140,5,10,1,1,1,1,True,0x3a0001cb
TEXBAT.cleanStatic,13,10959,478146,1,1,1,1,1,1,True,0x1d3d56fb
TEXBAT.cleanStatic,13,10959,478146,1,2,1,1,1,1,True,0x191696c3
TEXBAT.cleanStatic,13,10959,478146,1,3,1,1,0,0,True,0x156bffc0
TEXBAT.cleanStatic,13,10959,478146,1,4,0,0,0,1,True,0x15019bad
TEXBAT.cleanStatic,13,10959,478146,1,5,0,1,0,0,True,0x26f1877c
TEXBAT.cleanStatic,13,10959,478146,1,6,0,0,1,1,True,0x29a3d01b
TEXBAT.cleanStatic,13,10959,478146,1,7,1,1,1,1,True,0x3cdbc5c3
TEXBAT.cleanStatic,13,10959,478146,1,8,1,1,0,0,True,0x39e28e6c
TEXBAT.cleanStatic,13,10959,478146,1,9,0,0,1,1,True,0x003ffa77
TEXBAT.cleanStatic,13,10959,478146,1,10,1,1,1,1,True,0x3a100be7
TEXBAT.cleanStatic,13,11259,478152,2,1,1,1,1,1,True,0x1d3d56fb
TEXBAT.cleanStatic,13,11259,478152,2,2,1,1,1,1,True,0x1916751f
TEXBAT.cleanStatic,13,11259,478152,2,3,1,1,0,0,True,0x39c23a4c
TEXBAT.cleanStatic,13,11259,478152,2,4,0,0,1,1,True,0x0b0c0643
TEXBAT.cleanStatic,13,11259,478152,2,5,1,1,0,0,True,0x29908548
TEXBAT.cleanStatic,13,11259,478152,2,6,0,0,1,0,True,0x3e0b809e
TEXBAT.cleanStatic,13,11259,478152,2,7,1,0,0,0,True,0x1e0b6690
TEXBAT.cleanStatic,13,11259,478152,2,8,0,0,0,1,True,0x0493a855
TEXBAT.cleanStatic,13,11259,478152,2,9,0,1,1,1,True,0x3cc4804f
TEXBAT.cleanStatic,13,11259,478152,2,10,1,1,1,1,True,0x228e6387
TEXBAT.cleanStatic,13,11559,478158,3,1,1,1,1,1,True,0x1d3d56fb
TEXBAT.cleanStatic,13,11559,478158,3,2,1,1,1,1,True,0x19165497
TEXBAT.cleanStatic,13,11559,478158,3,3,1,1,0,1,True,0x3ffdc949
TEXBAT.cleanStatic,13,11559,478158,3,4,0,1,1,1,True,0x26bfd8a7
TEXBAT.cleanStatic,13,11559,478158,3,5,1,1,0,0,True,0x000bb5d4
TEXBAT.cleanStatic,13,11559,478158,3,6,0,0,1,1,True,0x06b2ec97
TEXBAT.cleanStatic,13,11559,478158,3,7,1,1,1,0,True,0x39102ad2
TEXBAT.cleanStatic,13,11559,478158,3,8,1,0,0,0,True,0x2b5fbe2c
TEXBAT.cleanStatic,13,11559,478158,3,9,0,0,0,0,True,0x3fea326c
TEXBAT.cleanStatic,13,11559,478158,3,10,0,0,1,1,True,0x063a7bf3
TEXBAT.cleanStatic,13,11859,478164,4,1,1,1,1,1,True,0x1d3d56fb
TEXBAT.cleanStatic,13,11859,478164,4,2,1,1,1,1,True,0x1916332b
TEXBAT.cleanStatic,13,11859,478164,4,3,1,1,1,0,True,0x2295554e
TEXBAT.cleanStatic,13,11859,478164,4,4,1,0,0,1,True,0x2aaaaa95
TEXBAT.cleanStatic,13,11859,478164,4,5,0,1,1,0,True,0x1555556a
TEXBAT.cleanStatic,13,11859,478164,4,6,1,0,0,1,True,0x2aaaaa95
TEXBAT.cleanStatic,13,11859,478164,4,7,0,1,1,0,True,0x1555556a
TEXBAT.cleanStatic,13,11859,478164,4,8,1,0,0,1,True,0x2aaaaa95
TEXBAT.cleanStatic,13,11859,478164,4,9,0,1,1,0,True,0x1555556a
TEXBAT.cleanStatic,13,11859,478164,4,10,1,0,1,1,True,0x2aaaaa63
TEXBAT.cleanStatic,13,12159,478170,5,1,1,1,1,1,True,0x1d3d56fb
TEXBAT.cleanStatic,13,12159,478170,5,2,1,1,1,1,True,0x191612a3
TEXBAT.cleanStatic,13,12159,478170,5,3,1,1,1,0,True,0x2c720f5e
TEXBAT.cleanStatic,13,12159,478170,5,4,1,0,0,1,True,0x03c5a019
TEXBAT.cleanStatic,13,12159,478170,5,5,0,1,0,1,True,0x00b17fd1
TEXBAT.cleanStatic,13,12159,478170,5,6,0,1,0,1,True,0x17bcd389
TEXBAT.cleanStatic,13,12159,478170,5,7,0,1,1,1,True,0x0aec5077
TEXBAT.cleanStatic,13,12159,478170,5,8,1,1,0,0,True,0x14e0d294
TEXBAT.cleanStatic,13,12159,478170,5,9,0,0,1,0,True,0x1a1950c6
TEXBAT.cleanStatic,13,12159,478170,5,10,1,0,1,1,True,0x06c0076f
TEXBAT.cleanStatic,13,12459,478176,1,1,1,1,1,1,True,0x1d3d56fb
TEXBAT.cleanStatic,13,12459,478176,1,2,1,1,1,1,True,0x1915f6bb
TEXBAT.cleanStatic,13,12459,478176,1,3,1,1,0,0,True,0x156bffc0
TEXBAT.cleanStatic,13,12459,478176,1,4,0,0,0,1,True,0x15019bad
TEXBAT.cleanStatic,13,12459,478176,1,5,0,1,0,0,True,0x26f1877c
TEXBAT.cleanStatic,13,12459,478176,1,6,0,0,1,1,True,0x29a3d01b
TEXBAT.cleanStatic,13,12459,478176,1,7,1,1,1,1,True,0x3cdbc5c3
TEXBAT.cleanStatic,13,12459,478176,1,8,1,1,0,0,True,0x39e28e6c
TEXBAT.cleanStatic,13,12459,478176,1,9,0,0,1,1,True,0x003ffa77
TEXBAT.cleanStatic,13,12459,478176,1,10,1,1,1,1,True,0x3a100be7
TEXBAT.cleanStatic,13,12759,478182,2,1,1,1,1,1,True,0x1d3d56fb
TEXBAT.cleanStatic,13,12759,478182,2,2,1,1,1,1,True,0x1915d5d3
TEXBAT.cleanStatic,13,12759,478182,2,3,1,1,0,0,True,0x39c23a4c
TEXBAT.cleanStatic,13,12759,478182,2,4,0,0,1,1,True,0x0b0c0643
TEXBAT.cleanStatic,13,12759,478182,2,5,1,1,0,0,True,0x29908548
TEXBAT.cleanStatic,13,12759,478182,2,6,0,0,1,0,True,0x3e0b809e
TEXBAT.cleanStatic,13,12759,478182,2,7,1,0,0,0,True,0x1e0b6690
TEXBAT.cleanStatic,13,12759,478182,2,8,0,0,0,1,True,0x0493a855
TEXBAT.cleanStatic,13,12759,478182,2,9,0,1,1,1,True,0x3cc4804f
TEXBAT.cleanStatic,13,12759,478182,2,10,1,1,1,1,True,0x228e6387
TEXBAT.cleanStatic,13,13059,478188,3,1,1,1,1,1,True,0x1d3d56fb
TEXBAT.cleanStatic,13,13059,478188,3,2,1,1,1,1,True,0x1915b4a3
TEXBAT.cleanStatic,13,13059,478188,3,3,1,1,0,1,True,0x3ffdc949
TEXBAT.cleanStatic,13,13059,478188,3,4,0,1,1,1,True,0x26bfd8a7
TEXBAT.cleanStatic,13,13059,478188,3,5,1,1,0,0,True,0x000bb5d4
TEXBAT.cleanStatic,13,13059,478188,3,6,0,0,1,1,True,0x06b2ec97
TEXBAT.cleanStatic,13,13059,478188,3,7,1,1,1,0,True,0x39102ad2
TEXBAT.cleanStatic,13,13059,478188,3,8,1,0,0,0,True,0x2b5fbe2c
TEXBAT.cleanStatic,13,13059,478188,3,9,0,0,0,0,True,0x3fea326c
TEXBAT.cleanStatic,13,13059,478188,3,10,0,0,1,1,True,0x063a7bf3
TEXBAT.cleanStatic,13,13359,478194,4,1,1,1,1,1,True,0x1d3d56fb
TEXBAT.cleanStatic,13,13359,478194,4,2,1,1,1,1,True,0x191593e7
TEXBAT.cleanStatic,13,13359,478194,4,3,1,1,0,1,True,0x22555559
TEXBAT.cleanStatic,13,13359,478194,4,4,0,1,1,1,True,0x1555572f
TEXBAT.cleanStatic,13,13359,478194,4,5,1,1,0,0,True,0x06fcf7a4
TEXBAT.cleanStatic,13,13359,478194,4,6,0,0,0,0,True,0x3b68f3e8
TEXBAT.cleanStatic,13,13359,478194,4,7,0,0,1,0,True,0x20b94a1a
TEXBAT.cleanStatic,13,13359,478194,4,8,1,0,1,0,True,0x2e1b89b2
TEXBAT.cleanStatic,13,13359,478194,4,9,1,0,1,0,True,0x22c09c86
TEXBAT.cleanStatic,13,13359,478194,4,10,1,0,1,1,True,0x0c338d5b
TEXBAT.cleanStatic,13,13659,478200,5,1,1,1,1,1,True,0x1d3d56fb
TEXBAT.cleanStatic,13,13659,478200,5,2,1,1,1,1,True,0x191572db
TEXBAT.cleanStatic,13,13659,478200,5,3,1,1,1,1,True,0x2c368157
TEXBAT.cleanStatic,13,13659,478200,5,4,1,1,0,1,True,0x3c3fccf9
TEXBAT.cleanStatic,13,13659,478200,5,5,0,1,0,1,True,0x00ba3fed
TEXBAT.cleanStatic,13,13659,478200,5,6,0,1,0,1,True,0x17bcde41
TEXBAT.cleanStatic,13,13659,478200,5,7,0,1,1,1,True,0x0bdb0283
TEXBAT.cleanStatic,13,13659,478200,5,8,1,1,0,0,True,0x3fa31970
TEXBAT.cleanStatic,13,13659,478200,5,9,0,0,0,1,True,0x15cc0f29
TEXBAT.cleanStatic,13,13659,478200,5,10,0,1,1,1,True,0x033ffb87
TEXBAT.cleanStatic,13,13959,478206,1,1,1,1,1,1,True,0x1d3d56fb
TEXBAT.cleanStatic,13,13959,478206,1,2,1,1,1,1,True,0x19155627
TEXBAT.cleanStatic,13,13959,478206,1,3,1,1,0,0,True,0x156bffc0
TEXBAT.cleanStatic,13,13959,478206,1,4,0,0,0,1,True,0x15019bad
TEXBAT.cleanStatic,13,13959,478206,1,5,0,1,0,0,True,0x26f1877c
TEXBAT.cleanStatic,13,13959,478206,1,6,0,0,1,1,True,0x29a3d01b
TEXBAT.cleanStatic,13,13959,478206,1,7,1,1,1,1,True,0x3cdbc5c3
TEXBAT.cleanStatic,13,13959,478206,1,8,1,1,0,0,True,0x39e28e6c
TEXBAT.cleanStatic,13,13959,478206,1,9,0,0,1,1,True,0x003ffa77
TEXBAT.cleanStatic,13,13959,478206,1,10,1,1,1,1,True,0x3a100be7
TEXBAT.cleanStatic,13,14259,478212,2,1,1,1,1,1,True,0x1d3d56fb
TEXBAT.cleanStatic,13,14259,478212,2,2,1,1,1,1,True,0x191535b7
TEXBAT.cleanStatic,13,14259,478212,2,3,1,1,0,0,True,0x39c23a4c
TEXBAT.cleanStatic,13,14259,478212,2,4,0,0,1,1,True,0x0b0c0643
TEXBAT.cleanStatic,13,14259,478212,2,5,1,1,0,0,True,0x29908548
TEXBAT.cleanStatic,13,14259,478212,2,6,0,0,1,0,True,0x3e0b809e
TEXBAT.cleanStatic,13,14259,478212,2,7,1,0,0,0,True,0x1e0b6690
TEXBAT.cleanStatic,13,14259,478212,2,8,0,0,0,1,True,0x0493a855
TEXBAT.cleanStatic,13,14259,478212,2,9,0,1,1,1,True,0x3cc4804f
TEXBAT.cleanStatic,13,14259,478212,2,10,1,1,1,1,True,0x228e6387
TEXBAT.cleanStatic,13,14559,478218,3,1,1,1,1,1,True,0x1d3d56fb
TEXBAT.cleanStatic,13,14559,478218,3,2,1,1,1,1,True,0x1915143f
TEXBAT.cleanStatic,13,14559,478218,3,3,1,1,0,1,True,0x3ffdc949
TEXBAT.cleanStatic,13,14559,478218,3,4,0,1,1,1,True,0x26bfd8a7
TEXBAT.cleanStatic,13,14559,478218,3,5,1,1,0,0,True,0x000bb5d4
TEXBAT.cleanStatic,13,14559,478218,3,6,0,0,1,1,True,0x06b2ec97
TEXBAT.cleanStatic,13,14559,478218,3,7,1,1,1,0,True,0x39102ad2
TEXBAT.cleanStatic,13,14559,478218,3,8,1,0,0,0,True,0x2b5fbe2c
TEXBAT.cleanStatic,13,14559,478218,3,9,0,0,0,0,True,0x3fea326c
TEXBAT.cleanStatic,13,14559,478218,3,10,0,0,1,1,True,0x063a7bf3
TEXBAT.cleanStatic,13,14859,478224,4,1,1,1,1,1,True,0x1d3d56fb
TEXBAT.cleanStatic,13,14859,478224,4,2,1,1,1,1,True,0x1914f307
TEXBAT.cleanStatic,13,14859,478224,4,3,1,1,0,0,True,0x2190c810
TEXBAT.cleanStatic,13,14859,478224,4,4,0,0,1,0,True,0x301c6352
TEXBAT.cleanStatic,13,14859,478224,4,5,1,0,1,1,True,0x2f05d0ef
TEXBAT.cleanStatic,13,14859,478224,4,6,1,1,0,0,True,0x0a61222c
TEXBAT.cleanStatic,13,14859,478224,4,7,0,0,0,0,True,0x330c86dc
TEXBAT.cleanStatic,13,14859,478224,4,8,0,0,0,0,True,0x34b4015c
TEXBAT.cleanStatic,13,14859,478224,4,9,0,0,1,0,True,0x00990e46
TEXBAT.cleanStatic,13,14859,478224,4,10,1,0,1,1,True,0x1ca09813
TEXBAT.cleanStatic,13,15159,478230,5,1,1,1,1,1,True,0x1d3d56fb
TEXBAT.cleanStatic,13,15159,478230,5,2,1,1,1,1,True,0x1914d28f
TEXBAT.cleanStatic,13,15159,478230,5,3,1,1,1,0,True,0x2bf2a576
TEXBAT.cleanStatic,13,15159,478230,5,4,1,0,0,1,True,0x03c66631
TEXBAT.cleanStatic,13,15159,478230,5,5,0,1,0,1,True,0x00ac7fc5
TEXBAT.cleanStatic,13,15159,478230,5,6,0,1,0,1,True,0x17bc9bcd
TEXBAT.cleanStatic,13,15159,478230,5,7,0,1,1,0,True,0x35d34e3a
TEXBAT.cleanStatic,13,15159,478230,5,8,1,0,0,0,True,0x004f0864
TEXBAT.cleanStatic,13,15159,478230,5,9,0,0,1,1,True,0x260a288f
TEXBAT.cleanStatic,13,15159,478230,5,10,1,1,1,1,True,0x083ff99b
TEXBAT.cleanStatic,13,15459,478236,1,1,1,1,1,1,True,0x1d3d56fb
TEXBAT.cleanStatic,13,15459,478236,1,2,1,1,1,1,True,0x1914b68b
TEXBAT.cleanStatic,13,15459,478236,1,3,1,1,0,0,True,0x156bffc0
TEXBAT.cleanStatic,13,15459,478236,1,4,0,0,0,1,True,0x15019bad
TEXBAT.cleanStatic,13,15459,478236,1,5,0,1,0,0,True,0x26f1877c
TEXBAT.cleanStatic,13,15459,478236,1,6,0,0,1,1,True,0x29a3d01b
TEXBAT.cleanStatic,13,15459,478236,1,7,1,1,1,1,True,0x3cdbc5c3
TEXBAT.cleanStatic,13,15459,478236,1,8,1,1,0,0,True,0x39e28e6c
TEXBAT.cleanStatic,13,15459,478236,1,9,0,0,1,1,True,0x003ffa77
TEXBAT.cleanStatic,13,15459,478236,1,10,1,1,1,1,True,0x3a100be7
TEXBAT.cleanStatic,13,15759,478242,2,1,1,1,1,1,True,0x1d3d56fb
TEXBAT.cleanStatic,13,15759,478242,2,2,1,1,1,1,True,0x191495e3
TEXBAT.cleanStatic,13,15759,478242,2,3,1,1,0,0,True,0x39c23a4c
TEXBAT.cleanStatic,13,15759,478242,2,4,0,0,1,1,True,0x0b0c0643
TEXBAT.cleanStatic,13,15759,478242,2,5,1,1,0,0,True,0x29908548
TEXBAT.cleanStatic,13,15759,478242,2,6,0,0,1,0,True,0x3e0b809e
TEXBAT.cleanStatic,13,15759,478242,2,7,1,0,0,0,True,0x1e0b6690
TEXBAT.cleanStatic,13,15759,478242,2,8,0,0,0,1,True,0x0493a855
TEXBAT.cleanStatic,13,15759,478242,2,9,0,1,1,1,True,0x3cc4804f
TEXBAT.cleanStatic,13,15759,478242,2,10,1,1,1,1,True,0x228e6387
TEXBAT.cleanStatic,13,16059,478248,3,1,1,1,1,1,True,0x1d3d56fb
TEXBAT.cleanStatic,13,16059,478248,3,2,1,1,1,1,True,0x191474df
TEXBAT.cleanStatic,13,16059,478248,3,3,1,1,0,1,True,0x3ffdc949
TEXBAT.cleanStatic,13,16059,478248,3,4,0,1,1,1,True,0x26bfd8a7
TEXBAT.cleanStatic,13,16059,478248,3,5,1,1,0,0,True,0x000bb5d4
TEXBAT.cleanStatic,13,16059,478248,3,6,0,0,1,1,True,0x06b2ec97
TEXBAT.cleanStatic,13,16059,478248,3,7,1,1,1,0,True,0x39102ad2
TEXBAT.cleanStatic,13,16059,478248,3,8,1,0,0,0,True,0x2b5fbe2c
TEXBAT.cleanStatic,13,16059,478248,3,9,0,0,0,0,True,0x3fea326c
TEXBAT.cleanStatic,13,16059,478248,3,10,0,0,1,1,True,0x063a7bf3
TEXBAT.cleanStatic,13,16359,478254,4,1,1,1,1,1,True,0x1d3d56fb
TEXBAT.cleanStatic,13,16359,478254,4,2,1,1,1,1,True,0x1914539b
TEXBAT.cleanStatic,13,16359,478254,4,3,1,1,1,0,True,0x22352da6
TEXBAT.cleanStatic,13,16359,478254,4,4,1,0,0,1,True,0x12ce94b5
TEXBAT.cleanStatic,13,16359,478254,4,5,0,1,1,0,True,0x31f16f62
TEXBAT.cleanStatic,13,16359,478254,4,6,1,0,1,1,True,0x0c91d1d7
TEXBAT.cleanStatic,13,16359,478254,4,7,1,1,1,0,True,0x322eed92
TEXBAT.cleanStatic,13,16359,478254,4,8,1,0,0,1,True,0x14d1d1d5
TEXBAT.cleanStatic,13,16359,478254,4,9,0,1,0,1,True,0x2e352a99
TEXBAT.cleanStatic,13,16359,478254,4,10,0,1,1,1,True,0x2af47fb7
TEXBAT.cleanStatic,13,16659,478260,5,1,1,1,1,1,True,0x1d3d56fb
TEXBAT.cleanStatic,13,16659,478260,5,2,1,1,1,1,True,0x191432eb
TEXBAT.cleanStatic,13,16659,478260,5,3,1,1,0,1,True,0x2bb09501
TEXBAT.cleanStatic,13,16659,478260,5,4,0,1,1,1,True,0x3c3c950b
TEXBAT.cleanStatic,13,16659,478260,5,5,1,1,0,0,True,0x00b3bfd4
TEXBAT.cleanStatic,13,16659,478260,5,6,0,0,1,0,True,0x28435ada
TEXBAT.cleanStatic,13,16659,478260,5,7,1,0,0,0,True,0x14c454c8
TEXBAT.cleanStatic,13,16659,478260,5,8,0,0,1,0,True,0x289adafe
TEXBAT.cleanStatic,13,16659,478260,5,9,1,0,0,0,True,0x1cbd977c
TEXBAT.cleanStatic,13,16659,478260,5,10,0,0,1,1,True,0x033ffdfb
TEXBAT.cleanStatic,13,16959,478266,1,1,1,1,1,1,True,0x1d3d56fb
TEXBAT.cleanStatic,13,16959,478266,1,2,1,1,1,1,True,0x19141617
TEXBAT.cleanStatic,13,16959,478266,1,3,1,1,0,0,True,0x156bffc0
TEXBAT.cleanStatic,13,16959,478266,1,4,0,0,0,1,True,0x15019bad
TEXBAT.cleanStatic,13,16959,478266,1,5,0,1,0,0,True,0x26f1877c
TEXBAT.cleanStatic,13,16959,478266,1,6,0,0,1,1,True,0x29a3d01b
TEXBAT.cleanStatic,13,16959,478266,1,7,1,1,1,1,True,0x3cdbc5c3
TEXBAT.cleanStatic,13,16959,478266,1,8,1,1,0,0,True,0x39e28e6c
TEXBAT.cleanStatic,13,16959,478266,1,9,0,0,1,1,True,0x003ffa77
TEXBAT.cleanStatic,13,16959,478266,1,10,1,1,1,1,True,0x3a100be7
TEXBAT.cleanStatic,13,17259,478272,2,1,1,1,1,1,True,0x1d3d56fb
TEXBAT.cleanStatic,13,17259,478272,2,2,1,1,1,1,True,0x1913f5a3
TEXBAT.cleanStatic,13,17259,478272,2,3,1,1,0,0,True,0x39c23a4c
TEXBAT.cleanStatic,13,17259,478272,2,4,0,0,1,1,True,0x0b0c0643
TEXBAT.cleanStatic,13,17259,478272,2,5,1,1,0,0,True,0x29908548
TEXBAT.cleanStatic,13,17259,478272,2,6,0,0,1,0,True,0x3e0b809e
TEXBAT.cleanStatic,13,17259,478272,2,7,1,0,0,0,True,0x1e0b6690
TEXBAT.cleanStatic,13,17259,478272,2,8,0,0,0,1,True,0x0493a855
TEXBAT.cleanStatic,13,17259,478272,2,9,0,1,1,1,True,0x3cc4804f
TEXBAT.cleanStatic,13,17259,478272,2,10,1,1,1,1,True,0x228e6387
TEXBAT.cleanStatic,13,17559,478278,3,1,1,1,1,1,True,0x1d3d56fb
TEXBAT.cleanStatic,13,17559,478278,3,2,1,1,1,1,True,0x1913d42b
TEXBAT.cleanStatic,13,17559,478278,3,3,1,1,0,1,True,0x3ffdc949
TEXBAT.cleanStatic,13,17559,478278,3,4,0,1,1,1,True,0x26bfd8a7
TEXBAT.cleanStatic,13,17559,478278,3,5,1,1,0,0,True,0x000bb5d4
TEXBAT.cleanStatic,13,17559,478278,3,6,0,0,1,1,True,0x06b2ec97
TEXBAT.cleanStatic,13,17559,478278,3,7,1,1,1,0,True,0x39102ad2
TEXBAT.cleanStatic,13,17559,478278,3,8,1,0,0,0,True,0x2b5fbe2c
TEXBAT.cleanStatic,13,17559,478278,3,9,0,0,0,0,True,0x3fea326c
TEXBAT.cleanStatic,13,17559,478278,3,10,0,0,1,1,True,0x063a7bf3
TEXBAT.cleanStatic,13,17859,478284,4,1,1,1,1,1,True,0x1d3d56fb
TEXBAT.cleanStatic,13,17859,478284,4,2,1,1,1,1,True,0x1913b397
TEXBAT.cleanStatic,13,17859,478284,4,3,1,1,1,1,True,0x21fcbf6b
TEXBAT.cleanStatic,13,17859,478284,4,4,1,1,1,0,True,0x0000740a
TEXBAT.cleanStatic,13,17859,478284,4,5,1,0,0,1,True,0x017f7ea1
TEXBAT.cleanStatic,13,17859,478284,4,6,0,1,0,0,True,0x000001e8
TEXBAT.cleanStatic,13,17859,478284,4,7,0,0,0,0,True,0x00000000
TEXBAT.cleanStatic,13,17859,478284,4,8,0,0,1,1,True,0x0043ea93
TEXBAT.cleanStatic,13,17859,478284,4,9,1,1,0,1,True,0x3bd87e3d
TEXBAT.cleanStatic,13,17859,478284,4,10,0,1,1,1,True,0x3bffff6f
TEXBAT.cleanStatic,13,18159,478290,5,1,1,1,1,1,True,0x1d3d56fb
TEXBAT.cleanStatic,13,18159,478290,5,2,1,1,1,1,True,0x1913921f
TEXBAT.cleanStatic,13,18159,478290,5,3,1,1,0,0,True,0x2b641090
TEXBAT.cleanStatic,13,18159,478290,5,4,0,0,0,0,True,0x03fdc73c
TEXBAT.cleanStatic,13,18159,478290,5,5,0,0,1,1,True,0x3f484013
TEXBAT.cleanStatic,13,18159,478290,5,6,1,1,0,1,True,0x17bca8ed
TEXBAT.cleanStatic,13,18159,478290,5,7,0,1,0,1,True,0x1637a705
TEXBAT.cleanStatic,13,18159,478290,5,8,0,1,1,1,True,0x15d5764b
TEXBAT.cleanStatic,13,18159,478290,5,9,1,1,0,0,True,0x146c0f6c
TEXBAT.cleanStatic,13,18159,478290,5,10,0,0,1,1,True,0x07000a0b
TEXBAT.cleanStatic,13,18459,478296,1,1,1,1,1,1,True,0x1d3d56fb
TEXBAT.cleanStatic,13,18459,478296,1,2,1,1,1,1,True,0x19137657
TEXBAT.cleanStatic,13,18459,478296,1,3,1,1,0,0,True,0x156bffc0
TEXBAT.cleanStatic,13,18459,478296,1,4,0,0,0,1,True,0x15019bad
TEXBAT.cleanStatic,13,18459,478296,1,5,0,1,0,0,True,0x26f1877c
TEXBAT.cleanStatic,13,18459,478296,1,6,0,0,1,1,True,0x29a3d01b
TEXBAT.cleanStatic,13,18459,478296,1,7,1,1,1,1,True,0x3cdbc5c3
TEXBAT.cleanStatic,13,18459,478296,1,8,1,1,0,0,True,0x39e28e6c
TEXBAT.cleanStatic,13,18459,478296,1,9,0,0,1,1,True,0x003ffa77
TEXBAT.cleanStatic,13,18459,478296,1,10,1,1,1,1,True,0x3a100be7
TEXBAT.cleanStatic,13,18759,478302,2,1,1,1,1,1,True,0x1d3d56fb
TEXBAT.cleanStatic,13,18759,478302,2,2,1,1,1,1,True,0x1913553f
TEXBAT.cleanStatic,13,18759,478302,2,3,1,1,0,0,True,0x39c23a4c
TEXBAT.cleanStatic,13,18759,478302,2,4,0,0,1,1,True,0x0b0c0643
TEXBAT.cleanStatic,13,18759,478302,2,5,1,1,0,0,True,0x29908548
TEXBAT.cleanStatic,13,18759,478302,2,6,0,0,1,0,True,0x3e0b809e
TEXBAT.cleanStatic,13,18759,478302,2,7,1,0,0,0,True,0x1e0b6690
TEXBAT.cleanStatic,13,18759,478302,2,8,0,0,0,1,True,0x0493a855
TEXBAT.cleanStatic,13,18759,478302,2,9,0,1,1,1,True,0x3cc4804f
TEXBAT.cleanStatic,13,18759,478302,2,10,1,1,1,1,True,0x228e6387
TEXBAT.cleanStatic,13,19059,478308,3,1,1,1,1,1,True,0x1d3d56fb
TEXBAT.cleanStatic,13,19059,478308,3,2,1,1,1,1,True,0x1913344f
TEXBAT.cleanStatic,13,19059,478308,3,3,1,1,0,1,True,0x3ffdc949
TEXBAT.cleanStatic,13,19059,478308,3,4,0,1,1,1,True,0x26bfd8a7
TEXBAT.cleanStatic,13,19059,478308,3,5,1,1,0,0,True,0x000bb5d4
TEXBAT.cleanStatic,13,19059,478308,3,6,0,0,1,1,True,0x06b2ec97
TEXBAT.cleanStatic,13,19059,478308,3,7,1,1,1,0,True,0x39102ad2
TEXBAT.cleanStatic,13,19059,478308,3,8,1,0,0,0,True,0x2b5fbe2c
TEXBAT.cleanStatic,13,19059,478308,3,9,0,0,0,0,True,0x3fea326c
TEXBAT.cleanStatic,13,19059,478308,3,10,0,0,1,1,True,0x063a7bf3
TEXBAT.cleanStatic,13,19359,478314,4,1,1,1,1,1,True,0x1d3d56fb
TEXBAT.cleanStatic,13,19359,478314,4,2,1,1,1,1,True,0x1913130b
TEXBAT.cleanStatic,13,19359,478314,4,3,1,1,1,1,True,0x217629cf
TEXBAT.cleanStatic,13,19359,478314,4,4,1,1,1,1,True,0x3bc9c2bb
TEXBAT.cleanStatic,13,19359,478314,4,5,1,1,0,0,True,0x3bc8db00
TEXBAT.cleanStatic,13,19359,478314,4,6,0,0,1,0,True,0x147264ce
TEXBAT.cleanStatic,13,19359,478314,4,7,1,0,0,1,True,0x10448eb1
TEXBAT.cleanStatic,13,19359,478314,4,8,0,1,1,0,True,0x171dbe4a
TEXBAT.cleanStatic,13,19359,478314,4,9,1,0,0,0,True,0x1e56b270
TEXBAT.cleanStatic,13,19359,478314,4,10,0,0,1,1,True,0x247ead7f
TEXBAT.cleanStatic,13,19659,478320,5,1,1,1,1,1,True,0x1d3d56fb
TEXBAT.cleanStatic,13,19659,478320,5,2,1,1,1,1,True,0x1912f2ff
TEXBAT.cleanStatic,13,19659,478320,5,3,1,1,0,1,True,0x2b2e63c5
TEXBAT.cleanStatic,13,19659,478320,5,4,0,1,1,1,True,0x3c3d02df
TEXBAT.cleanStatic,13,19659,478320,5,5,1,1,0,1,True,0x00b37fc5
TEXBAT.cleanStatic,13,19659,478320,5,6,0,1,1,1,True,0x17bce0d3
TEXBAT.cleanStatic,13,19659,478320,5,7,1,1,0,0,True,0x2ab22dbc
TEXBAT.cleanStatic,13,19659,478320,5,8,0,0,0,1,True,0x028ac335
TEXBAT.cleanStatic,13,19659,478320,5,9,0,1,0,1,True,0x2ba8a9ed
TEXBAT.cleanStatic,13,19659,478320,5,10,0,1,1,1,True,0x09c00667
TEXBAT.cleanStatic,13,19959,478326,1,1,1,1,1,1,True,0x1d3d56fb
TEXBAT.cleanStatic,13,19959,478326,1,2,1,1,1,1,True,0x1912d603
TEXBAT.cleanStatic,13,19959,478326,1,3,1,1,0,0,True,0x156bffc0
TEXBAT.cleanStatic,13,19959,478326,1,4,0,0,0,1,True,0x15019bad
TEXBAT.cleanStatic,13,19959,478326,1,5,0,1,0,0,True,0x26f1877c
TEXBAT.cleanStatic,13,19959,478326,1,6,0,0,1,1,True,0x29a3d01b
TEXBAT.cleanStatic,13,19959,478326,1,7,1,1,1,1,True,0x3cdbc5c3
TEXBAT.cleanStatic,13,19959,478326,1,8,1,1,0,0,True,0x39e28e6c
TEXBAT.cleanStatic,13,19959,478326,1,9,0,0,1,1,True,0x003ffa77
TEXBAT.cleanStatic,13,19959,478326,1,10,1,1,1,1,True,0x3a100be7
TEXBAT.cleanStatic,13,20259,478332,2,1,1,1,1,1,True,0x1d3d56fb
TEXBAT.cleanStatic,13,20259,478332,2,2,1,1,1,1,True,0x1912b593
TEXBAT.cleanStatic,13,20259,478332,2,3,1,1,0,0,True,0x39c23a4c
TEXBAT.cleanStatic,13,20259,478332,2,4,0,0,1,1,True,0x0b0c0643
TEXBAT.cleanStatic,13,20259,478332,2,5,1,1,0,0,True,0x29908548
TEXBAT.cleanStatic,13,20259,478332,2,6,0,0,1,0,True,0x3e0b809e
TEXBAT.cleanStatic,13,20259,478332,2,7,1,0,0,0,True,0x1e0b6690
TEXBAT.cleanStatic,13,20259,478332,2,8,0,0,0,1,True,0x0493a855
TEXBAT.cleanStatic,13,20259,478332,2,9,0,1,1,1,True,0x3cc4804f
TEXBAT.cleanStatic,13,20259,478332,2,10,1,1,1,1,True,0x228e6387
TEXBAT.cleanStatic,13,20559,478338,3,1,1,1,1,1,True,0x1d3d56fb
TEXBAT.cleanStatic,13,20559,478338,3,2,1,1,1,1,True,0x1912941b
TEXBAT.cleanStatic,13,20559,478338,3,3,1,1,0,1,True,0x3ffdc949
TEXBAT.cleanStatic,13,20559,478338,3,4,0,1,1,1,True,0x26bfd8a7
TEXBAT.cleanStatic,13,20559,478338,3,5,1,1,0,0,True,0x000bb5d4
TEXBAT.cleanStatic,13,20559,478338,3,6,0,0,1,1,True,0x06b2ec97
TEXBAT.cleanStatic,13,20559,478338,3,7,1,1,1,0,True,0x39102ad2
TEXBAT.cleanStatic,13,20559,478338,3,8,1,0,0,0,True,0x2b5fbe2c
TEXBAT.cleanStatic,13,20559,478338,3,9,0,0,0,0,True,0x3fea326c
TEXBAT.cleanStatic,13,20559,478338,3,10,0,0,1,1,True,0x063a7bf3
TEXBAT.cleanStatic,13,20859,478344,4,1,1,1,1,1,True,0x1d3d56fb
TEXBAT.cleanStatic,13,20859,478344,4,2,1,1,1,1,True,0x191273eb
TEXBAT.cleanStatic,13,20859,478344,4,3,1,1,0,1,True,0x21326721
TEXBAT.cleanStatic,13,20859,478344,4,4,0,1,1,0,True,0x0c98277e
TEXBAT.cleanStatic,13,20859,478344,4,5,1,0,0,0,True,0x0b662504
TEXBAT.cleanStatic,13,20859,478344,4,6,0,0,0,0,True,0x1e8480a4
TEXBAT.cleanStatic,13,20859,478344,4,7,0,0,0,1,True,0x21fd74d9
TEXBAT.cleanStatic,13,20859,478344,4,8,0,1,0,0,True,0x22cbfe40
TEXBAT.cleanStatic,13,20859,478344,4,9,0,0,0,0,True,0x224ff520
TEXBAT.cleanStatic,13,20859,478344,4,10,0,0,1,1,True,0x3be47423
TEXBAT.cleanStatic,13,21159,478350,5,1,1,1,1,1,True,0x1d3d56fb
TEXBAT.cleanStatic,13,21159,478350,5,2,1,1,1,1,True,0x19125263
TEXBAT.cleanStatic,13,21159,478350,5,3,1,1,0,1,True,0x2af5b655
TEXBAT.cleanStatic,13,21159,478350,5,4,0,1,1,0,True,0x3c021fae
TEXBAT.cleanStatic,13,21159,478350,5,5,1,0,1,0,True,0x3f49000a
TEXBAT.cleanStatic,13,21159,478350,5,6,1,0,0,1,True,0x28432721
TEXBAT.cleanStatic,13,21159,478350,5,7,0,1,0,0,True,0x16c39078
TEXBAT.cleanStatic,13,21159,478350,5,8,0,0,0,1,True,0x0cf7f3c1
TEXBAT.cleanStatic,13,21159,478350,5,9,0,1,1,0,True,0x0fd1621e
TEXBAT.cleanStatic,13,21159,478350,5,10,1,0,1,1,True,0x0240000b
TEXBAT.cleanStatic,13,21459,478356,1,1,1,1,1,1,True,0x1d3d56fb
TEXBAT.cleanStatic,13,21459,478356,1,2,1,1,1,1,True,0x19123667
TEXBAT.cleanStatic,13,21459,478356,1,3,1,1,0,0,True,0x156bffc0
TEXBAT.cleanStatic,13,21459,478356,1,4,0,0,0,1,True,0x15019bad
TEXBAT.cleanStatic,13,21459,478356,1,5,0,1,0,0,True,0x26f1877c
TEXBAT.cleanStatic,13,21459,478356,1,6,0,0,1,1,True,0x29a3d01b
TEXBAT.cleanStatic,13,21459,478356,1,7,1,1,1,1,True,0x3cdbc5c3
TEXBAT.cleanStatic,13,21459,478356,1,8,1,1,0,0,True,0x39e28e6c
TEXBAT.cleanStatic,13,21459,478356,1,9,0,0,1,1,True,0x003ffa77
TEXBAT.cleanStatic,13,21459,478356,1,10,1,1,1,1,True,0x3a100be7
TEXBAT.cleanStatic,16,159,477930,5,1,1,1,1,1,True,0x1d3d56fb
TEXBAT.cleanStatic,16,159,477930,5,2,1,1,1,1,True,0x191b12c7
TEXBAT.cleanStatic,16,159,477930,5,3,1,1,1,0,True,0x2e70fe42
TEXBAT.cleanStatic,16,159,477930,5,4,1,0,0,0,True,0x03ff62c0
TEXBAT.cleanStatic,16,159,477930,5,5,0,0,1,1,True,0x3f45c03b
TEXBAT.cleanStatic,16,159,477930,5,6,1,1,0,0,True,0x17bcc364
TEXBAT.cleanStatic,16,159,477930,5,7,0,0,0,1,True,0x13c8c4c1
TEXBAT.cleanStatic,16,159,477930,5,8,0,1,0,1,True,0x048588e5
TEXBAT.cleanStatic,16,159,477930,5,9,0,1,0,0,True,0x1cecb560
TEXBAT.cleanStatic,16,159,477930,5,10,0,0,1,1,True,0x3efff71b
TEXBAT.cleanStatic,16,459,477936,1,1,1,1,1,1,True,0x1d3d56fb
TEXBAT.cleanStatic,16,459,477936,1,2,1,1,1,1,True,0x191af647
TEXBAT.cleanStatic,16,459,477936,1,3,1,1,0,0,True,0x156bffc0
TEXBAT.cleanStatic,16,459,477936,1,4,0,0,0,1,True,0x15019bad
TEXBAT.cleanStatic,16,459,477936,1,5,0,1,0,0,True,0x26f1877c
TEXBAT.cleanStatic,16,459,477936,1,6,0,0,1,1,True,0x29a3d01b
TEXBAT.cleanStatic,16,459,477936,1,7,1,1,0,1,True,0x3cdbc535
TEXBAT.cleanStatic,16,459,477936,1,8,0,1,1,1,True,0x37628e57
TEXBAT.cleanStatic,16,459,477936,1,9,1,1,0,0,True,0x3fc001a4
TEXBAT.cleanStatic,16,459,477936,1,10,0,0,1,1,True,0x37f06583
TEXBAT.cleanStatic,16,759,477942,2,1,1,1,1,1,True,0x1d3d56fb
TEXBAT.cleanStatic,16,759,477942,2,2,1,1,1,1,True,0x191ad52f
TEXBAT.cleanStatic,16,759,477942,2,3,1,1,0,0,True,0x377e6d88
TEXBAT.cleanStatic,16,759,477942,2,4,0,0,0,1,True,0x0cced4fd
TEXBAT.cleanStatic,16,759,477942,2,5,0,1,0,0,True,0x16ece410
TEXBAT.cleanStatic,16,759,477942,2,6,0,0,1,1,True,0x017300eb
TEXBAT.cleanStatic,16,759,477942,2,7,1,1,1,1,True,0x2a2cc353
TEXBAT.cleanStatic,16,759,477942,2,8,1,1,0,1,True,0x3e4a178d
TEXBAT.cleanStatic,16,759,477942,2,9,0,1,1,0,True,0x3c860702
TEXBAT.cleanStatic,16,759,477942,2,10,1,0,1,1,True,0x1d7196fb
TEXBAT.cleanStatic,16,1059,477948,3,1,1,1,1,1,True,0x1d3d56fb
TEXBAT.cleanStatic,16,1059,477948,3,2,1,1,1,1,True,0x191ab45f
TEXBAT.cleanStatic,16,1059,477948,3,3,1,1,1,0,True,0x0005f4b6
TEXBAT.cleanStatic,16,1059,477948,3,4,1,0,1,1,True,0x2a93b83f
TEXBAT.cleanStatic,16,1059,477948,3,5,1,1,1,0,True,0x3feaf63e
TEXBAT.cleanStatic,16,1059,477948,3,6,1,0,0,0,True,0x3fba1150
TEXBAT.cleanStatic,16,1059,477948,3,7,0,0,0,0,True,0x0a468050
TEXBAT.cleanStatic,16,1059,477948,3,8,0,0,1,1,True,0x1154eb83
TEXBAT.cleanStatic,16,1059,477948,3,9,1,1,1,0,True,0x0016e126
TEXBAT.cleanStatic,16,1059,477948,3,10,1,0,1,1,True,0x08828833
TEXBAT.cleanStatic,16,1359,477954,4,1,1,1,1,1,True,0x1d3d56fb
TEXBAT.cleanStatic,16,1359,477954,4,2,1,1,1,1,True,0x191a931b
TEXBAT.cleanStatic,16,1359,477954,4,3,1,1,0,1,True,0x28bc38e1
TEXBAT.cleanStatic,16,1359,477954,4,4,0,1,1,0,True,0x3c3c7d76
TEXBAT.cleanStatic,16,1359,477954,4,5,1,0,0,0,True,0x3f4d403c
TEXBAT.cleanStatic,16,1359,477954,4,6,0,0,0,1,True,0x28437429
TEXBAT.cleanStatic,16,1359,477954,4,7,0,1,1,1,True,0x2b2527af
TEXBAT.cleanStatic,16,1359,477954,4,8,1,1,0,0,True,0x0ac676ec
TEXBAT.cleanStatic,16,1359,477954,4,9,0,0,1,1,True,0x392e9f77
TEXBAT.cleanStatic,16,1359,477954,4,10,1,1,1,1,True,0x347ff2ab
TEXBAT.cleanStatic,16,1659,477960,5,1,1,1,1,1,True,0x1d3d56fb
TEXBAT.cleanStatic,16,1659,477960,5,2,1,1,1,1,True,0x191a7227
TEXBAT.cleanStatic,16,1659,477960,5,3,1,1,0,0,True,0x2e33c390
TEXBAT.cleanStatic,16,1659,477960,5,4,0,0,1,0,True,0x03c57ec6
TEXBAT.cleanStatic,16,1659,477960,5,5,1,0,0,0,True,0x3f59c038
TEXBAT.cleanStatic,16,1659,477960,5,6,0,0,1,1,True,0x28435e53
TEXBAT.cleanStatic,16,1659,477960,5,7,1,1,0,1,True,0x00c5ef61
TEXBAT.cleanStatic,16,1659,477960,5,8,0,1,0,1,True,0x1e62e405
TEXBAT.cleanStatic,16,1659,477960,5,9,0,1,0,1,True,0x3f8f5801
TEXBAT.cleanStatic,16,1659,477960,5,10,0,1,1,1,True,0x3bfff68b
TEXBAT.cleanStatic,16,1959,477966,1,1,1,1,1,1,True,0x1d3d56fb
TEXBAT.cleanStatic,16,1959,477966,1,2,1,1,1,1,True,0x191a56db
TEXBAT.cleanStatic,16,1959,477966,1,3,1,1,0,0,True,0x156bffc0
TEXBAT.cleanStatic,16,1959,477966,1,4,0,0,0,1,True,0x15019bad
TEXBAT.cleanStatic,16,1959,477966,1,5,0,1,0,0,True,0x26f1877c
TEXBAT.cleanStatic,16,1959,477966,1,6,0,0,1,1,True,0x29a3d01b
TEXBAT.cleanStatic,16,1959,477966,1,7,1,1,0,1,True,0x3cdbc535
TEXBAT.cleanStatic,16,1959,477966,1,8,0,1,1,1,True,0x37628e57
TEXBAT.cleanStatic,16,1959,477966,1,9,1,1,0,0,True,0x3fc001a4
TEXBAT.cleanStatic,16,1959,477966,1,10,0,0,1,1,True,0x37f06583
TEXBAT.cleanStatic,16,2259,477972,2,1,1,1,1,1,True,0x1d3d56fb
TEXBAT.cleanStatic,16,2259,477972,2,2,1,1,1,1,True,0x191a354b
TEXBAT.cleanStatic,16,2259,477972,2,3,1,1,0,0,True,0x377e6d88
TEXBAT.cleanStatic,16,2259,477972,2,4,0,0,0,1,True,0x0cced4fd
TEXBAT.cleanStatic,16,2259,477972,2,5,0,1,0,0,True,0x16ece410
TEXBAT.cleanStatic,16,2259,477972,2,6,0,0,1,1,True,0x017300eb
TEXBAT.cleanStatic,16,2259,477972,2,7,1,1,1,1,True,0x2a2cc353
TEXBAT.cleanStatic,16,2259,477972,2,8,1,1,0,1,True,0x3e4a178d
TEXBAT.cleanStatic,16,2259,477972,2,9,0,1,1,0,True,0x3c860702
TEXBAT.cleanStatic,16,2259,477972,2,10,1,0,1,1,True,0x1d7196fb
TEXBAT.cleanStatic,16,2559,477978,3,1,1,1,1,1,True,0x1d3d56fb
TEXBAT.cleanStatic,16,2559,477978,3,2,1,1,1,1,True,0x191a14c3
TEXBAT.cleanStatic,16,2559,477978,3,3,1,1,1,0,True,0x0005f4b6
TEXBAT.cleanStatic,16,2559,477978,3,4,1,0,1,1,True,0x2a93b83f
TEXBAT.cleanStatic,16,2559,477978,3,5,1,1,1,0,True,0x3feaf63e
TEXBAT.cleanStatic,16,2559,477978,3,6,1,0,0,0,True,0x3fba1150
TEXBAT.cleanStatic,16,2559,477978,3,7,0,0,0,0,True,0x0a468050
TEXBAT.cleanStatic,16,2559,477978,3,8,0,0,1,1,True,0x1154eb83
TEXBAT.cleanStatic,16,2559,477978,3,9,1,1,1,0,True,0x0016e126
TEXBAT.cleanStatic,16,2559,477978,3,10,1,0,1,1,True,0x08828833
TEXBAT.cleanStatic,16,2859,477984,4,1,1,1,1,1,True,0x1d3d56fb
TEXBAT.cleanStatic,16,2859,477984,4,2,1,1,1,1,True,0x1919f363
TEXBAT.cleanStatic,16,2859,477984,4,3,1,1,0,1,True,0x28692529
TEXBAT.cleanStatic,16,2859,477984,4,4,0,1,0,0,True,0x3c3cf790
TEXBAT.cleanStatic,16,2859,477984,4,5,0,0,0,0,True,0x3f508010
TEXBAT.cleanStatic,16,2859,477984,4,6,0,0,1,1,True,0x2843517b
TEXBAT.cleanStatic,16,2859,477984,4,7,1,1,1,0,True,0x374ec6c2
TEXBAT.cleanStatic,16,2859,477984,4,8,1,0,0,0,True,0x1060164c
TEXBAT.cleanStatic,16,2859,477984,4,9,0,0,0,1,True,0x1b5ee069
TEXBAT.cleanStatic,16,2859,477984,4,10,0,1,1,1,True,0x0d7fcdff
TEXBAT.cleanStatic,16,3159,477990,5,1,1,1,1,1,True,0x1d3d56fb
TEXBAT.cleanStatic,16,3159,477990,5,2,1,1,1,1,True,0x1919d2eb
TEXBAT.cleanStatic,16,3159,477990,5,3,1,1,1,0,True,0x2de5f2a6
TEXBAT.cleanStatic,16,3159,477990,5,4,1,0,1,1,True,0x03c923b7
TEXBAT.cleanStatic,16,3159,477990,5,5,1,1,1,1,True,0x00a03feb
TEXBAT.cleanStatic,16,3159,477990,5,6,1,1,1,0,True,0x17bcc2ca
TEXBAT.cleanStatic,16,3159,477990,5,7,1,0,1,0,True,0x00197bbe
TEXBAT.cleanStatic,16,3159,477990,5,8,1,0,0,0,True,0x2220a35c
TEXBAT.cleanStatic,16,3159,477990,5,9,0,0,1,0,True,0x39a348be
TEXBAT.cleanStatic,16,3159,477990,5,10,1,0,1,1,True,0x0000023f
TEXBAT.cleanStatic,16,3459,477996,1,1,1,1,1,1,True,0x1d3d56fb
TEXBAT.cleanStatic,16,3459,477996,1,2,1,1,1,1,True,0x1919b6ef
TEXBAT.cleanStatic,16,3459,477996,1,3,1,1,0,0,True,0x156bffc0
TEXBAT.cleanStatic,16,3459,477996,1,4,0,0,0,1,True,0x15019bad
TEXBAT.cleanStatic,16,3459,477996,1,5,0,1,0,0,True,0x26f1877c
TEXBAT.cleanStatic,16,3459,477996,1,6,0,0,1,1,True,0x29a3d01b
TEXBAT.cleanStatic,16,3459,477996,1,7,1,1,0,1,True,0x3cdbc535
TEXBAT.cleanStatic,16,3459,477996,1,8,0,1,1,1,True,0x37628e57
TEXBAT.cleanStatic,16,3459,477996,1,9,1,1,0,0,True,0x3fc001a4
TEXBAT.cleanStatic,16,3459,477996,1,10,0,0,1,1,True,0x37f06583
TEXBAT.cleanStatic,16,3759,478002,2,1,1,1,1,1,True,0x1d3d56fb
TEXBAT.cleanStatic,16,3759,478002,2,2,1,1,1,1,True,0x19199587
TEXBAT.cleanStatic,16,3759,478002,2,3,1,1,0,0,True,0x377e6d88
TEXBAT.cleanStatic,16,3759,478002,2,4,0,0,0,1,True,0x0cced4fd
TEXBAT.cleanStatic,16,3759,478002,2,5,0,1,0,0,True,0x16ece410
TEXBAT.cleanStatic,16,3759,478002,2,6,0,0,1,1,True,0x017300eb
TEXBAT.cleanStatic,16,3759,478002,2,7,1,1,1,1,True,0x2a2cc353
TEXBAT.cleanStatic,16,3759,478002,2,8,1,1,0,1,True,0x3e4a178d
TEXBAT.cleanStatic,16,3759,478002,2,9,0,1,1,0,True,0x3c860702
TEXBAT.cleanStatic,16,3759,478002,2,10,1,0,1,1,True,0x1d7196fb
TEXBAT.cleanStatic,16,4059,478008,3,1,1,1,1,1,True,0x1d3d56fb
TEXBAT.cleanStatic,16,4059,478008,3,2,1,1,1,1,True,0x191974bb
TEXBAT.cleanStatic,16,4059,478008,3,3,1,1,1,0,True,0x0005f4b6
TEXBAT.cleanStatic,16,4059,478008,3,4,1,0,1,1,True,0x2a93b83f
TEXBAT.cleanStatic,16,4059,478008,3,5,1,1,1,0,True,0x3feaf63e
TEXBAT.cleanStatic,16,4059,478008,3,6,1,0,0,0,True,0x3fba1150
TEXBAT.cleanStatic,16,4059,478008,3,7,0,0,0,0,True,0x0a468050
TEXBAT.cleanStatic,16,4059,478008,3,8,0,0,1,1,True,0x1154eb83
TEXBAT.cleanStatic,16,4059,478008,3,9,1,1,1,0,True,0x0016e126
TEXBAT.cleanStatic,16,4059,478008,3,10,1,0,1,1,True,0x08828833
TEXBAT.cleanStatic,16,4359,478014,4,1,1,1,1,1,True,0x1d3d56fb
TEXBAT.cleanStatic,16,4359,478014,4,2,1,1,1,1,True,0x191953ff
TEXBAT.cleanStatic,16,4359,478014,4,3,1,1,1,0,True,0x282fff5e
TEXBAT.cleanStatic,16,4359,478014,4,4,1,0,0,0,True,0x03c65114
TEXBAT.cleanStatic,16,4359,478014,4,5,0,0,1,1,True,0x3f5b4033
TEXBAT.cleanStatic,16,4359,478014,4,6,1,1,1,1,True,0x17bc9f9b
TEXBAT.cleanStatic,16,4359,478014,4,7,1,1,1,1,True,0x00bd0bc7
TEXBAT.cleanStatic,16,4359,478014,4,8,1,1,1,0,True,0x08bda5e6
TEXBAT.cleanStatic,16,4359,478014,4,9,1,0,1,0,True,0x000ea36a
TEXBAT.cleanStatic,16,4359,478014,4,10,1,0,1,1,True,0x0900086f
TEXBAT.cleanStatic,16,4659,478020,5,1,1,1,1,1,True,0x1d3d56fb
TEXBAT.cleanStatic,16,4659,478020,5,2,1,1,1,1,True,0x1919328f
TEXBAT.cleanStatic,16,4659,478020,5,3,1,1,1,1,True,0x2d9c93a3
TEXBAT.cleanStatic,16,4659,478020,5,4,1,1,1,1,True,0x3c391683
TEXBAT.cleanStatic,16,4659,478020,5,5,1,1,0,0,True,0x00a4bfcc
TEXBAT.cleanStatic,16,4659,478020,5,6,0,0,1,0,True,0x28432446
TEXBAT.cleanStatic,16,4659,478020,5,7,1,0,1,1,True,0x3ef91a9b
TEXBAT.cleanStatic,16,4659,478020,5,8,1,1,1,1,True,0x2f3b6783
TEXBAT.cleanStatic,16,4659,478020,5,9,1,1,0,1,True,0x05fe3c31
TEXBAT.cleanStatic,16,4659,478020,5,10,0,1,1,1,True,0x39fff417
TEXBAT.cleanStatic,16,4959,478026,1,1,1,1,1,1,True,0x1d3d56fb
TEXBAT.cleanStatic,16,4959,478026,1,2,1,1,1,1,True,0x19191673
TEXBAT.cleanStatic,16,4959,478026,1,3,1,1,0,0,True,0x156bffc0
TEXBAT.cleanStatic,16,4959,478026,1,4,0,0,0,1,True,0x15019bad
TEXBAT.cleanStatic,16,4959,478026,1,5,0,1,0,0,True,0x26f1877c
TEXBAT.cleanStatic,16,4959,478026,1,6,0,0,1,1,True,0x29a3d01b
TEXBAT.cleanStatic,16,4959,478026,1,7,1,1,0,1,True,0x3cdbc535
TEXBAT.cleanStatic,16,4959,478026,1,8,0,1,1,1,True,0x37628e57
TEXBAT.cleanStatic,16,4959,478026,1,9,1,1,0,0,True,0x3fc001a4
TEXBAT.cleanStatic,16,4959,478026,1,10,0,0,1,1,True,0x37f06583
TEXBAT.cleanStatic,16,5259,478032,2,1,1,1,1,1,True,0x1d3d56fb
TEXBAT.cleanStatic,16,5259,478032,2,2,1,1,1,1,True,0x1918f567
TEXBAT.cleanStatic,16,5259,478032,2,3,1,1,0,0,True,0x377e6d88
TEXBAT.cleanStatic,16,5259,478032,2,4,0,0,0,1,True,0x0cced4fd
TEXBAT.cleanStatic,16,5259,478032,2,5,0,1,0,0,True,0x16ece410
TEXBAT.cleanStatic,16,5259,478032,2,6,0,0,1,1,True,0x017300eb
TEXBAT.cleanStatic,16,5259,478032,2,7,1,1,1,1,True,0x2a2cc353
TEXBAT.cleanStatic,16,5259,478032,2,8,1,1,0,1,True,0x3e4a178d
TEXBAT.cleanStatic,16,5259,478032,2,9,0,1,1,0,True,0x3c860702
TEXBAT.cleanStatic,16,5259,478032,2,10,1,0,1,1,True,0x1d7196fb
TEXBAT.cleanStatic,16,5559,478038,3,1,1,1,1,1,True,0x1d3d56fb
TEXBAT.cleanStatic,16,5559,478038,3,2,1,1,1,1,True,0x1918d4ef
TEXBAT.cleanStatic,16,5559,478038,3,3,1,1,1,0,True,0x0005f4b6
TEXBAT.cleanStatic,16,5559,478038,3,4,1,0,1,1,True,0x2a93b83f
TEXBAT.cleanStatic,16,5559,478038,3,5,1,1,1,0,True,0x3feaf63e
TEXBAT.cleanStatic,16,5559,478038,3,6,1,0,0,0,True,0x3fba1150
TEXBAT.cleanStatic,16,5559,478038,3,7,0,0,0,0,True,0x0a468050
TEXBAT.cleanStatic,16,5559,478038,3,8,0,0,1,1,True,0x1154eb83
TEXBAT.cleanStatic,16,5559,478038,3,9,1,1,1,0,True,0x0016e126
TEXBAT.cleanStatic,16,5559,478038,3,10,1,0,1,1,True,0x08828833
TEXBAT.cleanStatic,16,5859,478044,4,1,1,1,1,1,True,0x1d3d56fb
TEXBAT.cleanStatic,16,5859,478044,4,2,1,1,1,1,True,0x1918b353
TEXBAT.cleanStatic,16,5859,478044,4,3,1,1,1,1,True,0x27e7bc07
TEXBAT.cleanStatic,16,5859,478044,4,4,1,1,0,0,True,0x3c3ea890
TEXBAT.cleanStatic,16,5859,478044,4,5,0,0,1,1,True,0x3f4c402b
TEXBAT.cleanStatic,16,5859,478044,4,6,1,1,1,1,True,0x17bcf4b7
TEXBAT.cleanStatic,16,5859,478044,4,7,1,1,1,1,True,0x15646bcb
TEXBAT.cleanStatic,16,5859,478044,4,8,1,1,1,0,True,0x054a44c2
TEXBAT.cleanStatic,16,5859,478044,4,9,1,0,0,1,True,0x0614d995
TEXBAT.cleanStatic,16,5859,478044,4,10,0,1,1,1,True,0x0fc0075f
TEXBAT.cleanStatic,16,6159,478050,5,1,1,1,1,1,True,0x1d3d56fb
TEXBAT.cleanStatic,16,6159,478050,5,2,1,1,1,1,True,0x191892db
TEXBAT.cleanStatic,16,6159,478050,5,3,1,1,0,0,True,0x2d683718
TEXBAT.cleanStatic,16,6159,478050,5,4,0,0,1,1,True,0x03c06a7b
TEXBAT.cleanStatic,16,6159,478050,5,5,1,1,1,0,True,0x00b53fce
TEXBAT.cleanStatic,16,6159,478050,5,6,1,0,0,0,True,0x284354d0
TEXBAT.cleanStatic,16,6159,478050,5,7,0,0,1,0,True,0x29ea1fd6
TEXBAT.cleanStatic,16,6159,478050,5,8,1,0,0,1,True,0x07b8d8bd
TEXBAT.cleanStatic,16,6159,478050,5,9,0,1,1,1,True,0x1944a5a3
TEXBAT.cleanStatic,16,6159,478050,5,10,1,1,1,1,True,0x01bffeef
TEXBAT.cleanStatic,16,6459,478056,1,1,1,1,1,1,True,0x1d3d56fb
TEXBAT.cleanStatic,16,6459,478056,1,2,1,1,1,1,True,0x19187693
TEXBAT.cleanStatic,16,6459,478056,1,3,1,1,0,0,True,0x156bffc0
TEXBAT.cleanStatic,16,6459,478056,1,4,0,0,0,1,True,0x15019bad
TEXBAT.cleanStatic,16,6459,478056,1,5,0,1,0,0,True,0x26f1877c
TEXBAT.cleanStatic,16,6459,478056,1,6,0,0,1,1,True,0x29a3d01b
TEXBAT.cleanStatic,16,6459,478056,1,7,1,1,0,1,True,0x3cdbc535
TEXBAT.cleanStatic,16,6459,478056,1,8,0,1,1,1,True,0x37628e57
TEXBAT.cleanStatic,16,6459,478056,1,9,1,1,0,0,True,0x3fc001a4
TEXBAT.cleanStatic,16,6459,478056,1,10,0,0,1,1,True,0x37f06583
TEXBAT.cleanStatic,16,6759,478062,2,1,1,1,1,1,True,0x1d3d56fb
TEXBAT.cleanStatic,16,6759,478062,2,2,1,1,1,1,True,0x191855fb
TEXBAT.cleanStatic,16,6759,478062,2,3,1,1,0,0,True,0x377e6d88
TEXBAT.cleanStatic,16,6759,478062,2,4,0,0,0,1,True,0x0cced4fd
TEXBAT.cleanStatic,16,6759,478062,2,5,0,1,0,0,True,0x16ece410
TEXBAT.cleanStatic,16,6759,478062,2,6,0,0,1,1,True,0x017300eb
TEXBAT.cleanStatic,16,6759,478062,2,7,1,1,1,1,True,0x2a2cc353
TEXBAT.cleanStatic,16,6759,478062,2,8,1,1,0,1,True,0x3e4a178d
TEXBAT.cleanStatic,16,6759,478062,2,9,0,1,1,0,True,0x3c860702
TEXBAT.cleanStatic,16,6759,478062,2,10,1,0,1,1,True,0x1d7196fb
TEXBAT.cleanStatic,16,7059,478068,3,1,1,1,1,1,True,0x1d3d56fb
TEXBAT.cleanStatic,16,7059,478068,3,2,1,1,1,1,True,0x1918348b
TEXBAT.cleanStatic,16,7059,478068,3,3,1,1,1,0,True,0x0005f4b6
TEXBAT.cleanStatic,16,7059,478068,3,4,1,0,1,1,True,0x2a93b83f
TEXBAT.cleanStatic,16,7059,478068,3,5,1,1,1,0,True,0x3feaf63e
TEXBAT.cleanStatic,16,7059,478068,3,6,1,0,0,0,True,0x3fba1150
TEXBAT.cleanStatic,16,7059,478068,3,7,0,0,0,0,True,0x0a468050
TEXBAT.cleanStatic,16,7059,478068,3,8,0,0,1,1,True,0x1154eb83
TEXBAT.cleanStatic,16,7059,478068,3,9,1,1,1,0,True,0x0016e126
TEXBAT.cleanStatic,16,7059,478068,3,10,1,0,1,1,True,0x08828833
TEXBAT.cleanStatic,16,7359,478074,4,1,1,1,1,1,True,0x1d3d56fb
TEXBAT.cleanStatic,16,7359,478074,4,2,1,1,1,1,True,0x191813cf
TEXBAT.cleanStatic,16,7359,478074,4,3,1,1,0,0,True,0x2190c810
TEXBAT.cleanStatic,16,7359,478074,4,4,0,0,1,0,True,0x301c6352
TEXBAT.cleanStatic,16,7359,478074,4,5,1,0,1,1,True,0x2f05d0ef
TEXBAT.cleanStatic,16,7359,478074,4,6,1,1,0,0,True,0x0a61222c
TEXBAT.cleanStatic,16,7359,478074,4,7,0,0,0,0,True,0x330c86dc
TEXBAT.cleanStatic,16,7359,478074,4,8,0,0,0,0,True,0x34b4015c
TEXBAT.cleanStatic,16,7359,478074,4,9,0,0,1,0,True,0x00990e46
TEXBAT.cleanStatic,16,7359,478074,4,10,1,0,1,1,True,0x1ed8310f
TEXBAT.cleanStatic,16,7659,478080,5,1,1,1,1,1,True,0x1d3d56fb
TEXBAT.cleanStatic,16,7659,478080,5,2,1,1,1,1,True,0x1917f20f
TEXBAT.cleanStatic,16,7659,478080,5,3,1,1,0,1,True,0x2d245dcd
TEXBAT.cleanStatic,16,7659,478080,5,4,0,1,0,1,True,0x3c08c311
TEXBAT.cleanStatic,16,7659,478080,5,5,0,1,0,0,True,0x00b97fe0
TEXBAT.cleanStatic,16,7659,478080,5,6,0,0,1,0,True,0x28433baa
TEXBAT.cleanStatic,16,7659,478080,5,7,1,0,0,1,True,0x1c333425
TEXBAT.cleanStatic,16,7659,478080,5,8,0,1,1,1,True,0x34e69177
TEXBAT.cleanStatic,16,7659,478080,5,9,1,1,1,1,True,0x3e351327
TEXBAT.cleanStatic,16,7659,478080,5,10,1,1,1,1,True,0x09c00553
TEXBAT.cleanStatic,16,7959,478086,1,1,1,1,1,1,True,0x1d3d56fb
TEXBAT.cleanStatic,16,7959,478086,1,2,1,1,1,1,True,0x1917d6f3
TEXBAT.cleanStatic,16,7959,478086,1,3,1,1,0,0,True,0x156bffc0
TEXBAT.cleanStatic,16,7959,478086,1,4,0,0,0,1,True,0x15019bad
TEXBAT.cleanStatic,16,7959,478086,1,5,0,1,0,0,True,0x26f1877c
TEXBAT.cleanStatic,16,7959,478086,1,6,0,0,1,1,True,0x29a3d01b
TEXBAT.cleanStatic,16,7959,478086,1,7,1,1,0,1,True,0x3cdbc535
TEXBAT.cleanStatic,16,7959,478086,1,8,0,1,1,1,True,0x37628e57
TEXBAT.cleanStatic,16,7959,478086,1,9,1,1,0,0,True,0x3fc001a4
TEXBAT.cleanStatic,16,7959,478086,1,10,0,0,1,1,True,0x37f06583
TEXBAT.cleanStatic,16,8259,478092,2,1,1,1,1,1,True,0x1d3d56fb
TEXBAT.cleanStatic,16,8259,478092,2,2,1,1,1,1,True,0x1917b563
TEXBAT.cleanStatic,16,8259,478092,2,3,1,1,0,0,True,0x377e6d88
TEXBAT.cleanStatic,16,8259,478092,2,4,0,0,0,1,True,0x0cced4fd
TEXBAT.cleanStatic,16,8259,478092,2,5,0,1,0,0,True,0x16ece410
TEXBAT.cleanStatic,16,8259,478092,2,6,0,0,1,1,True,0x017300eb
TEXBAT.cleanStatic,16,8259,478092,2,7,1,1,1,1,True,0x2a2cc353
TEXBAT.cleanStatic,16,8259,478092,2,8,1,1,0,1,True,0x3e4a178d
TEXBAT.cleanStatic,16,8259,478092,2,9,0,1,1,0,True,0x3c860702
TEXBAT.cleanStatic,16,8259,478092,2,10,1,0,1,1,True,0x1d7196fb
TEXBAT.cleanStatic,16,8559,478098,3,1,1,1,1,1,True,0x1d3d56fb
TEXBAT.cleanStatic,16,8559,478098,3,2,1,1,1,1,True,0x191794eb
TEXBAT.cleanStatic,16,8559,478098,3,3,1,1,1,0,True,0x0005f4b6
TEXBAT.cleanStatic,16,8559,478098,3,4,1,0,1,1,True,0x2a93b83f
TEXBAT.cleanStatic,16,8559,478098,3,5,1,1,1,0,True,0x3feaf63e
TEXBAT.cleanStatic,16,8559,478098,3,6,1,0,0,0,True,0x3fba1150
TEXBAT.cleanStatic,16,8559,478098,3,7,0,0,0,0,True,0x0a468050
TEXBAT.cleanStatic,16,8559,478098,3,8,0,0,1,1,True,0x1154eb83
TEXBAT.cleanStatic,16,8559,478098,3,9,1,1,1,0,True,0x0016e126
TEXBAT.cleanStatic,16,8559,478098,3,10,1,0,1,1,True,0x08828833
TEXBAT.cleanStatic,16,8859,478104,4,1,1,1,1,1,True,0x1d3d56fb
TEXBAT.cleanStatic,16,8859,478104,4,2,1,1,1,1,True,0x1917731b
TEXBAT.cleanStatic,16,8859,478104,4,3,1,1,0,1,True,0x205ec145
TEXBAT.cleanStatic,16,8859,478104,4,4,0,1,1,0,True,0x29c8e556
TEXBAT.cleanStatic,16,8859,478104,4,5,1,0,1,0,True,0x0cca2ee6
TEXBAT.cleanStatic,16,8859,478104,4,6,1,0,0,1,True,0x2a889011
TEXBAT.cleanStatic,16,8859,478104,4,7,0,1,0,0,True,0x016766a4
TEXBAT.cleanStatic,16,8859,478104,4,8,0,0,1,1,True,0x07b701af
TEXBAT.cleanStatic,16,8859,478104,4,9,1,1,1,1,True,0x011f0faf
TEXBAT.cleanStatic,16,8859,478104,4,10,1,1,1,1,True,0x0e73e0df
TEXBAT.cleanStatic,16,9159,478110,5,1,1,1,1,1,True,0x1d3d56fb
TEXBAT.cleanStatic,16,9159,478110,5,2,1,1,1,1,True,0x19175293
TEXBAT.cleanStatic,16,9159,478110,5,3,1,1,0,0,True,0x2cf7d778
TEXBAT.cleanStatic,16,9159,478110,5,4,0,0,1,0,True,0x03c6463e
TEXBAT.cleanStatic,16,9159,478110,5,5,1,0,0,1,True,0x3f548001
TEXBAT.cleanStatic,16,9159,478110,5,6,0,1,0,1,True,0x17bcaa81
TEXBAT.cleanStatic,16,9159,478110,5,7,0,1,0,1,True,0x3602d6b9
TEXBAT.cleanStatic,16,9159,478110,5,8,0,1,1,1,True,0x3e85a717
TEXBAT.cleanStatic,16,9159,478110,5,9,1,1,0,1,True,0x0352d251
TEXBAT.cleanStatic,16,9159,478110,5,10,0,1,1,1,True,0x3cfff7d7
TEXBAT.cleanStatic,16,9459,478116,1,1,1,1,1,1,True,0x1d3d56fb
TEXBAT.cleanStatic,16,9459,478116,1,2,1,1,1,1,True,0x19173697
TEXBAT.cleanStatic,16,9459,478116,1,3,1,1,0,0,True,0x156bffc0
TEXBAT.cleanStatic,16,9459,478116,1,4,0,0,0,1,True,0x15019bad
TEXBAT.cleanStatic,16,9459,478116,1,5,0,1,0,0,True,0x26f1877c
TEXBAT.cleanStatic,16,9459,478116,1,6,0,0,1,1,True,0x29a3d01b
TEXBAT.cleanStatic,16,9459,478116,1,7,1,1,0,1,True,0x3cdbc535
TEXBAT.cleanStatic,16,9459,478116,1,8,0,1,1,1,True,0x37628e57
TEXBAT.cleanStatic,16,9459,478116,1,9,1,1,0,0,True,0x3fc001a4
TEXBAT.cleanStatic,16,9459,478116,1,10,0,0,1,1,True,0x37f06583
TEXBAT.cleanStatic,16,9759,478122,2,1,1,1,1,1,True,0x1d3d56fb
TEXBAT.cleanStatic,16,9759,478122,2,2,1,1,1,1,True,0x191715ff
TEXBAT.cleanStatic,16,9759,478122,2,3,1,1,0,0,True,0x377e6d88
TEXBAT.cleanStatic,16,9759,478122,2,4,0,0,0,1,True,0x0cced4fd
TEXBAT.cleanStatic,16,9759,478122,2,5,0,1,0,0,True,0x16ece410
TEXBAT.cleanStatic,16,9759,478122,2,6,0,0,1,1,True,0x017300eb
TEXBAT.cleanStatic,16,9759,478122,2,7,1,1,1,1,True,0x2a2cc353
TEXBAT.cleanStatic,16,9759,478122,2,8,1,1,0,1,True,0x3e4a178d
TEXBAT.cleanStatic,16,9759,478122,2,9,0,1,1,0,True,0x3c860702
TEXBAT.cleanStatic,16,9759,478122,2,10,1,0,1,1,True,0x1d7196fb
TEXBAT.cleanStatic,16,10059,478128,3,1,1,1,1,1,True,0x1d3d56fb
TEXBAT.cleanStatic,16,10059,478128,3,2,1,1,1,1,True,0x1916f40b
TEXBAT.cleanStatic,16,10059,478128,3,3,1,1,1,0,True,0x0005f4b6
TEXBAT.cleanStatic,16,10059,478128,3,4,1,0,1,1,True,0x2a93b83f
TEXBAT.cleanStatic,16,10059,478128,3,5,1,1,1,0,True,0x3feaf63e
TEXBAT.cleanStatic,16,10059,478128,3,6,1,0,0,0,True,0x3fba1150
TEXBAT.cleanStatic,16,10059,478128,3,7,0,0,0,0,True,0x0a468050
TEXBAT.cleanStatic,16,10059,478128,3,8,0,0,1,1,True,0x1154eb83
TEXBAT.cleanStatic,16,10059,478128,3,9,1,1,1,0,True,0x0016e126
TEXBAT.cleanStatic,16,10059,478128,3,10,1,0,1,1,True,0x08828833
TEXBAT.cleanStatic,16,10359,478134,4,1,1,1,1,1,True,0x1d3d56fb
TEXBAT.cleanStatic,16,10359,478134,4,2,1,1,1,1,True,0x1916d34f
TEXBAT.cleanStatic,16,10359,478134,4,3,1,1,0,1,True,0x22eaaf91
TEXBAT.cleanStatic,16,10359,478134,4,4,0,1,0,0,True,0x0fbbff58
TEXBAT.cleanStatic,16,10359,478134,4,5,0,0,0,1,True,0x2b7ca30d
TEXBAT.cleanStatic,16,10359,478134,4,6,0,1,1,1,True,0x3f9e60e7
TEXBAT.cleanStatic,16,10359,478134,4,7,1,1,0,0,True,0x30002f2c
TEXBAT.cleanStatic,16,10359,478134,4,8,0,0,0,1,True,0x1745df95
TEXBAT.cleanStatic,16,10359,478134,4,9,0,1,0,0,True,0x0bd52740
TEXBAT.cleanStatic,16,10359,478134,4,10,0,0,1,1,True,0x1dd45f6f
TEXBAT.cleanStatic,16,10659,478140,5,1,1,1,1,1,True,0x1d3d56fb
TEXBAT.cleanStatic,16,10659,478140,5,2,1,1,1,1,True,0x1916b23f
TEXBAT.cleanStatic,16,10659,478140,5,3,1,1,1,1,True,0x2cb62453
TEXBAT.cleanStatic,16,10659,478140,5,4,1,1,0,0,True,0x3c39322c
TEXBAT.cleanStatic,16,10659,478140,5,5,0,0,0,0,True,0x3f508010
TEXBAT.cleanStatic,16,10659,478140,5,6,0,0,1,1,True,0x284320cf
TEXBAT.cleanStatic,16,10659,478140,5,7,1,1,1,1,True,0x0aa4a44b
TEXBAT.cleanStatic,16,10659,478140,5,8,1,1,1,0,True,0x2ad5620e
TEXBAT.cleanStatic,16,10659,478140,5,9,1,0,1,1,True,0x177b30b3
TEXBAT.cleanStatic,16,10659,478140,5,10,1,1,1,1,True,0x3a0001cb
TEXBAT.cleanStatic,16,10959,478146,1,1,1,1,1,1,True,0x1d3d56fb
TEXBAT.cleanStatic,16,10959,478146,1,2,1,1,1,1,True,0x191696c3
TEXBAT.cleanStatic,16,10959,478146,1,3,1,1,0,0,True,0x156bffc0
TEXBAT.cleanStatic,16,10959,478146,1,4,0,0,0,1,True,0x15019bad
TEXBAT.cleanStatic,16,10959,478146,1,5,0,1,0,0,True,0x26f1877c
TEXBAT.cleanStatic,16,10959,478146,1,6,0,0,1,1,True,0x29a3d01b
TEXBAT.cleanStatic,16,10959,478146,1,7,1,1,0,1,True,0x3cdbc535
TEXBAT.cleanStatic,16,10959,478146,1,8,0,1,1,1,True,0x37628e57
TEXBAT.cleanStatic,16,10959,478146,1,9,1,1,0,0,True,0x3fc001a4
TEXBAT.cleanStatic,16,10959,478146,1,10,0,0,1,1,True,0x37f06583
TEXBAT.cleanStatic,16,11259,478152,2,1,1,1,1,1,True,0x1d3d56fb
TEXBAT.cleanStatic,16,11259,478152,2,2,1,1,1,1,True,0x1916751f
TEXBAT.cleanStatic,16,11259,478152,2,3,1,1,0,0,True,0x377e6d88
TEXBAT.cleanStatic,16,11259,478152,2,4,0,0,0,1,True,0x0cced4fd
TEXBAT.cleanStatic,16,11259,478152,2,5,0,1,0,0,True,0x16ece410
TEXBAT.cleanStatic,16,11259,478152,2,6,0,0,1,1,True,0x017300eb
TEXBAT.cleanStatic,16,11259,478152,2,7,1,1,1,1,True,0x2a2cc353
TEXBAT.cleanStatic,16,11259,478152,2,8,1,1,0,1,True,0x3e4a178d
TEXBAT.cleanStatic,16,11259,478152,2,9,0,1,1,0,True,0x3c860702
TEXBAT.cleanStatic,16,11259,478152,2,10,1,0,1,1,True,0x1d7196fb
TEXBAT.cleanStatic,16,11559,478158,3,1,1,1,1,1,True,0x1d3d56fb
TEXBAT.cleanStatic,16,11559,478158,3,2,1,1,1,1,True,0x19165497
TEXBAT.cleanStatic,16,11559,478158,3,3,1,1,1,0,True,0x0005f4b6
TEXBAT.cleanStatic,16,11559,478158,3,4,1,0,1,1,True,0x2a93b83f
TEXBAT.cleanStatic,16,11559,478158,3,5,1,1,1,0,True,0x3feaf63e
TEXBAT.cleanStatic,16,11559,478158,3,6,1,0,0,0,True,0x3fba1150
TEXBAT.cleanStatic,16,11559,478158,3,7,0,0,0,0,True,0x0a468050
TEXBAT.cleanStatic,16,11559,478158,3,8,0,0,1,1,True,0x1154eb83
TEXBAT.cleanStatic,16,11559,478158,3,9,1,1,1,0,True,0x0016e126
TEXBAT.cleanStatic,16,11559,478158,3,10,1,0,1,1,True,0x08828833
TEXBAT.cleanStatic,16,11859,478164,4,1,1,1,1,1,True,0x1d3d56fb
TEXBAT.cleanStatic,16,11859,478164,4,2,1,1,1,1,True,0x1916332b
TEXBAT.cleanStatic,16,11859,478164,4,3,1,1,1,0,True,0x2295554e
TEXBAT.cleanStatic,16,11859,478164,4,4,1,0,0,1,True,0x2aaaaa95
TEXBAT.cleanStatic,16,11859,478164,4,5,0,1,1,0,True,0x1555556a
TEXBAT.cleanStatic,16,11859,478164,4,6,1,0,0,1,True,0x2aaaaa95
TEXBAT.cleanStatic,16,11859,478164,4,7,0,1,1,0,True,0x1555556a
TEXBAT.cleanStatic,16,11859,478164,4,8,1,0,0,1,True,0x2aaaaa95
TEXBAT.cleanStatic,16,11859,478164,4,9,0,1,1,0,True,0x1555556a
TEXBAT.cleanStatic,16,11859,478164,4,10,1,0,1,1,True,0x2aaaaa63
TEXBAT.cleanStatic,16,12159,478170,5,1,1,1,1,1,True,0x1d3d56fb
TEXBAT.cleanStatic,16,12159,478170,5,2,1,1,1,1,True,0x191612a3
TEXBAT.cleanStatic,16,12159,478170,5,3,1,1,1,0,True,0x2c720f5e
TEXBAT.cleanStatic,16,12159,478170,5,4,1,0,0,1,True,0x03c5a019
TEXBAT.cleanStatic,16,12159,478170,5,5,0,1,0,1,True,0x00b17fd1
TEXBAT.cleanStatic,16,12159,478170,5,6,0,1,0,1,True,0x17bcd389
TEXBAT.cleanStatic,16,12159,478170,5,7,0,1,1,1,True,0x0aec5077
TEXBAT.cleanStatic,16,12159,478170,5,8,1,1,0,0,True,0x14e0d294
TEXBAT.cleanStatic,16,12159,478170,5,9,0,0,1,0,True,0x1a1950c6
TEXBAT.cleanStatic,16,12159,478170,5,10,1,0,1,1,True,0x06c0076f
TEXBAT.cleanStatic,16,12459,478176,1,1,1,1,1,1,True,0x1d3d56fb
TEXBAT.cleanStatic,16,12459,478176,1,2,1,1,1,1,True,0x1915f6bb
TEXBAT.cleanStatic,16,12459,478176,1,3,1,1,0,0,True,0x156bffc0
TEXBAT.cleanStatic,16,12459,478176,1,4,0,0,0,1,True,0x15019bad
TEXBAT.cleanStatic,16,12459,478176,1,5,0,1,0,0,True,0x26f1877c
TEXBAT.cleanStatic,16,12459,478176,1,6,0,0,1,1,True,0x29a3d01b
TEXBAT.cleanStatic,16,12459,478176,1,7,1,1,0,1,True,0x3cdbc535
TEXBAT.cleanStatic,16,12459,478176,1,8,0,1,1,1,True,0x37628e57
TEXBAT.cleanStatic,16,12459,478176,1,9,1,1,0,0,True,0x3fc001a4
TEXBAT.cleanStatic,16,12459,478176,1,10,0,0,1,1,True,0x37f06583
TEXBAT.cleanStatic,16,12759,478182,2,1,1,1,1,1,True,0x1d3d56fb
TEXBAT.cleanStatic,16,12759,478182,2,2,1,1,1,1,True,0x1915d5d3
TEXBAT.cleanStatic,16,12759,478182,2,3,1,1,0,0,True,0x377e6d88
TEXBAT.cleanStatic,16,12759,478182,2,4,0,0,0,1,True,0x0cced4fd
TEXBAT.cleanStatic,16,12759,478182,2,5,0,1,0,0,True,0x16ece410
TEXBAT.cleanStatic,16,12759,478182,2,6,0,0,1,1,True,0x017300eb
TEXBAT.cleanStatic,16,12759,478182,2,7,1,1,1,1,True,0x2a2cc353
TEXBAT.cleanStatic,16,12759,478182,2,8,1,1,0,1,True,0x3e4a178d
TEXBAT.cleanStatic,16,12759,478182,2,9,0,1,1,0,True,0x3c860702
TEXBAT.cleanStatic,16,12759,478182,2,10,1,0,1,1,True,0x1d7196fb
TEXBAT.cleanStatic,16,13059,478188,3,1,1,1,1,1,True,0x1d3d56fb
TEXBAT.cleanStatic,16,13059,478188,3,2,1,1,1,1,True,0x1915b4a3
TEXBAT.cleanStatic,16,13059,478188,3,3,1,1,1,0,True,0x0005f4b6
TEXBAT.cleanStatic,16,13059,478188,3,4,1,0,1,1,True,0x2a93b83f
TEXBAT.cleanStatic,16,13059,478188,3,5,1,1,1,0,True,0x3feaf63e
TEXBAT.cleanStatic,16,13059,478188,3,6,1,0,0,0,True,0x3fba1150
TEXBAT.cleanStatic,16,13059,478188,3,7,0,0,0,0,True,0x0a468050
TEXBAT.cleanStatic,16,13059,478188,3,8,0,0,1,1,True,0x1154eb83
TEXBAT.cleanStatic,16,13059,478188,3,9,1,1,1,0,True,0x0016e126
TEXBAT.cleanStatic,16,13059,478188,3,10,1,0,1,1,True,0x08828833
TEXBAT.cleanStatic,16,13359,478194,4,1,1,1,1,1,True,0x1d3d56fb
TEXBAT.cleanStatic,16,13359,478194,4,2,1,1,1,1,True,0x191593e7
TEXBAT.cleanStatic,16,13359,478194,4,3,1,1,0,1,True,0x22555559
TEXBAT.cleanStatic,16,13359,478194,4,4,0,1,1,1,True,0x1555572f
TEXBAT.cleanStatic,16,13359,478194,4,5,1,1,0,0,True,0x06fcf7a4
TEXBAT.cleanStatic,16,13359,478194,4,6,0,0,0,0,True,0x3b68f3e8
TEXBAT.cleanStatic,16,13359,478194,4,7,0,0,1,0,True,0x20b94a1a
TEXBAT.cleanStatic,16,13359,478194,4,8,1,0,1,0,True,0x2e1b89b2
TEXBAT.cleanStatic,16,13359,478194,4,9,1,0,1,0,True,0x22c09c86
TEXBAT.cleanStatic,16,13359,478194,4,10,1,0,1,1,True,0x0c338d5b
TEXBAT.cleanStatic,16,13659,478200,5,1,1,1,1,1,True,0x1d3d56fb
TEXBAT.cleanStatic,16,13659,478200,5,2,1,1,1,1,True,0x191572db
TEXBAT.cleanStatic,16,13659,478200,5,3,1,1,1,1,True,0x2c368157
TEXBAT.cleanStatic,16,13659,478200,5,4,1,1,0,1,True,0x3c3fccf9
TEXBAT.cleanStatic,16,13659,478200,5,5,0,1,0,1,True,0x00ba3fed
TEXBAT.cleanStatic,16,13659,478200,5,6,0,1,0,1,True,0x17bcde41
TEXBAT.cleanStatic,16,13659,478200,5,7,0,1,1,1,True,0x0bdb0283
TEXBAT.cleanStatic,16,13659,478200,5,8,1,1,0,0,True,0x3fa31970
TEXBAT.cleanStatic,16,13659,478200,5,9,0,0,0,1,True,0x15cc0f29
TEXBAT.cleanStatic,16,13659,478200,5,10,0,1,1,1,True,0x033ffb87
TEXBAT.cleanStatic,16,13959,478206,1,1,1,1,1,1,True,0x1d3d56fb
TEXBAT.cleanStatic,16,13959,478206,1,2,1,1,1,1,True,0x19155627
TEXBAT.cleanStatic,16,13959,478206,1,3,1,1,0,0,True,0x156bffc0
TEXBAT.cleanStatic,16,13959,478206,1,4,0,0,0,1,True,0x15019bad
TEXBAT.cleanStatic,16,13959,478206,1,5,0,1,0,0,True,0x26f1877c
TEXBAT.cleanStatic,16,13959,478206,1,6,0,0,1,1,True,0x29a3d01b
TEXBAT.cleanStatic,16,13959,478206,1,7,1,1,0,1,True,0x3cdbc535
TEXBAT.cleanStatic,16,13959,478206,1,8,0,1,1,1,True,0x37628e57
TEXBAT.cleanStatic,16,13959,478206,1,9,1,1,0,0,True,0x3fc001a4
TEXBAT.cleanStatic,16,13959,478206,1,10,0,0,1,1,True,0x37f06583
TEXBAT.cleanStatic,16,14259,478212,2,1,1,1,1,1,True,0x1d3d56fb
TEXBAT.cleanStatic,16,14259,478212,2,2,1,1,1,1,True,0x191535b7
TEXBAT.cleanStatic,16,14259,478212,2,3,1,1,0,0,True,0x377e6d88
TEXBAT.cleanStatic,16,14259,478212,2,4,0,0,0,1,True,0x0cced4fd
TEXBAT.cleanStatic,16,14259,478212,2,5,0,1,0,0,True,0x16ece410
TEXBAT.cleanStatic,16,14259,478212,2,6,0,0,1,1,True,0x017300eb
TEXBAT.cleanStatic,16,14259,478212,2,7,1,1,1,1,True,0x2a2cc353
TEXBAT.cleanStatic,16,14259,478212,2,8,1,1,0,1,True,0x3e4a178d
TEXBAT.cleanStatic,16,14259,478212,2,9,0,1,1,0,True,0x3c860702
TEXBAT.cleanStatic,16,14259,478212,2,10,1,0,1,1,True,0x1d7196fb
TEXBAT.cleanStatic,16,14559,478218,3,1,1,1,1,1,True,0x1d3d56fb
TEXBAT.cleanStatic,16,14559,478218,3,2,1,1,1,1,True,0x1915143f
TEXBAT.cleanStatic,16,14559,478218,3,3,1,1,1,0,True,0x0005f4b6
TEXBAT.cleanStatic,16,14559,478218,3,4,1,0,1,1,True,0x2a93b83f
TEXBAT.cleanStatic,16,14559,478218,3,5,1,1,1,0,True,0x3feaf63e
TEXBAT.cleanStatic,16,14559,478218,3,6,1,0,0,0,True,0x3fba1150
TEXBAT.cleanStatic,16,14559,478218,3,7,0,0,0,0,True,0x0a468050
TEXBAT.cleanStatic,16,14559,478218,3,8,0,0,1,1,True,0x1154eb83
TEXBAT.cleanStatic,16,14559,478218,3,9,1,1,1,0,True,0x0016e126
TEXBAT.cleanStatic,16,14559,478218,3,10,1,0,1,1,True,0x08828833
TEXBAT.cleanStatic,16,14859,478224,4,1,1,1,1,1,True,0x1d3d56fb
TEXBAT.cleanStatic,16,14859,478224,4,2,1,1,1,1,True,0x1914f307
TEXBAT.cleanStatic,16,14859,478224,4,3,1,1,0,0,True,0x2190c810
TEXBAT.cleanStatic,16,14859,478224,4,4,0,0,1,0,True,0x301c6352
TEXBAT.cleanStatic,16,14859,478224,4,5,1,0,1,1,True,0x2f05d0ef
TEXBAT.cleanStatic,16,14859,478224,4,6,1,1,0,0,True,0x0a61222c
TEXBAT.cleanStatic,16,14859,478224,4,7,0,0,0,0,True,0x330c86dc
TEXBAT.cleanStatic,16,14859,478224,4,8,0,0,0,0,True,0x34b4015c
TEXBAT.cleanStatic,16,14859,478224,4,9,0,0,1,0,True,0x00990e46
TEXBAT.cleanStatic,16,14859,478224,4,10,1,0,1,1,True,0x1ca09813
TEXBAT.cleanStatic,16,15159,478230,5,1,1,1,1,1,True,0x1d3d56fb
TEXBAT.cleanStatic,16,15159,478230,5,2,1,1,1,1,True,0x1914d28f
TEXBAT.cleanStatic,16,15159,478230,5,3,1,1,1,0,True,0x2bf2a576
TEXBAT.cleanStatic,16,15159,478230,5,4,1,0,0,1,True,0x03c66631
TEXBAT.cleanStatic,16,15159,478230,5,5,0,1,0,1,True,0x00ac7fc5
TEXBAT.cleanStatic,16,15159,478230,5,6,0,1,0,1,True,0x17bc9bcd
TEXBAT.cleanStatic,16,15159,478230,5,7,0,1,1,0,True,0x35d34e3a
TEXBAT.cleanStatic,16,15159,478230,5,8,1,0,0,0,True,0x004f0864
TEXBAT.cleanStatic,16,15159,478230,5,9,0,0,1,1,True,0x260a288f
TEXBAT.cleanStatic,16,15159,478230,5,10,1,1,1,1,True,0x083ff99b
TEXBAT.cleanStatic,16,15459,478236,1,1,1,1,1,1,True,0x1d3d56fb
TEXBAT.cleanStatic,16,15459,478236,1,2,1,1,1,1,True,0x1914b68b
TEXBAT.cleanStatic,16,15459,478236,1,3,1,1,0,0,True,0x156bffc0
TEXBAT.cleanStatic,16,15459,478236,1,4,0,0,0,1,True,0x15019bad
TEXBAT.cleanStatic,16,15459,478236,1,5,0,1,0,0,True,0x26f1877c
TEXBAT.cleanStatic,16,15459,478236,1,6,0,0,1,1,True,0x29a3d01b
TEXBAT.cleanStatic,16,15459,478236,1,7,1,1,0,1,True,0x3cdbc535
TEXBAT.cleanStatic,16,15459,478236,1,8,0,1,1,1,True,0x37628e57
TEXBAT.cleanStatic,16,15459,478236,1,9,1,1,0,0,True,0x3fc001a4
TEXBAT.cleanStatic,16,15459,478236,1,10,0,0,1,1,True,0x37f06583
TEXBAT.cleanStatic,16,15759,478242,2,1,1,1,1,1,True,0x1d3d56fb
TEXBAT.cleanStatic,16,15759,478242,2,2,1,1,1,1,True,0x191495e3
TEXBAT.cleanStatic,16,15759,478242,2,3,1,1,0,0,True,0x377e6d88
TEXBAT.cleanStatic,16,15759,478242,2,4,0,0,0,1,True,0x0cced4fd
TEXBAT.cleanStatic,16,15759,478242,2,5,0,1,0,0,True,0x16ece410
TEXBAT.cleanStatic,16,15759,478242,2,6,0,0,1,1,True,0x017300eb
TEXBAT.cleanStatic,16,15759,478242,2,7,1,1,1,1,True,0x2a2cc353
TEXBAT.cleanStatic,16,15759,478242,2,8,1,1,0,1,True,0x3e4a178d
TEXBAT.cleanStatic,16,15759,478242,2,9,0,1,1,0,True,0x3c860702
TEXBAT.cleanStatic,16,15759,478242,2,10,1,0,1,1,True,0x1d7196fb
TEXBAT.cleanStatic,16,16059,478248,3,1,1,1,1,1,True,0x1d3d56fb
TEXBAT.cleanStatic,16,16059,478248,3,2,1,1,1,1,True,0x191474df
TEXBAT.cleanStatic,16,16059,478248,3,3,1,1,1,0,True,0x0005f4b6
TEXBAT.cleanStatic,16,16059,478248,3,4,1,0,1,1,True,0x2a93b83f
TEXBAT.cleanStatic,16,16059,478248,3,5,1,1,1,0,True,0x3feaf63e
TEXBAT.cleanStatic,16,16059,478248,3,6,1,0,0,0,True,0x3fba1150
TEXBAT.cleanStatic,16,16059,478248,3,7,0,0,0,0,True,0x0a468050
TEXBAT.cleanStatic,16,16059,478248,3,8,0,0,1,1,True,0x1154eb83
TEXBAT.cleanStatic,16,16059,478248,3,9,1,1,1,0,True,0x0016e126
TEXBAT.cleanStatic,16,16059,478248,3,10,1,0,1,1,True,0x08828833
TEXBAT.cleanStatic,16,16359,478254,4,1,1,1,1,1,True,0x1d3d56fb
TEXBAT.cleanStatic,16,16359,478254,4,2,1,1,1,1,True,0x1914539b
TEXBAT.cleanStatic,16,16359,478254,4,3,1,1,1,0,True,0x22352da6
TEXBAT.cleanStatic,16,16359,478254,4,4,1,0,0,1,True,0x12ce94b5
TEXBAT.cleanStatic,16,16359,478254,4,5,0,1,1,0,True,0x31f16f62
TEXBAT.cleanStatic,16,16359,478254,4,6,1,0,1,1,True,0x0c91d1d7
TEXBAT.cleanStatic,16,16359,478254,4,7,1,1,1,0,True,0x322eed92
TEXBAT.cleanStatic,16,16359,478254,4,8,1,0,0,1,True,0x14d1d1d5
TEXBAT.cleanStatic,16,16359,478254,4,9,0,1,0,1,True,0x2e352a99
TEXBAT.cleanStatic,16,16359,478254,4,10,0,1,1,1,True,0x2af47fb7
TEXBAT.cleanStatic,16,16659,478260,5,1,1,1,1,1,True,0x1d3d56fb
TEXBAT.cleanStatic,16,16659,478260,5,2,1,1,1,1,True,0x191432eb
TEXBAT.cleanStatic,16,16659,478260,5,3,1,1,0,1,True,0x2bb09501
TEXBAT.cleanStatic,16,16659,478260,5,4,0,1,1,1,True,0x3c3c950b
TEXBAT.cleanStatic,16,16659,478260,5,5,1,1,0,0,True,0x00b3bfd4
TEXBAT.cleanStatic,16,16659,478260,5,6,0,0,1,0,True,0x28435ada
TEXBAT.cleanStatic,16,16659,478260,5,7,1,0,0,0,True,0x14c454c8
TEXBAT.cleanStatic,16,16659,478260,5,8,0,0,1,0,True,0x289adafe
TEXBAT.cleanStatic,16,16659,478260,5,9,1,0,0,0,True,0x1cbd977c
TEXBAT.cleanStatic,16,16659,478260,5,10,0,0,1,1,True,0x033ffdfb
TEXBAT.cleanStatic,16,16959,478266,1,1,1,1,1,1,True,0x1d3d56fb
TEXBAT.cleanStatic,16,16959,478266,1,2,1,1,1,1,True,0x19141617
TEXBAT.cleanStatic,16,16959,478266,1,3,1,1,0,0,True,0x156bffc0
TEXBAT.cleanStatic,16,16959,478266,1,4,0,0,0,1,True,0x15019bad
TEXBAT.cleanStatic,16,16959,478266,1,5,0,1,0,0,True,0x26f1877c
TEXBAT.cleanStatic,16,16959,478266,1,6,0,0,1,1,True,0x29a3d01b
TEXBAT.cleanStatic,16,16959,478266,1,7,1,1,0,1,True,0x3cdbc535
TEXBAT.cleanStatic,16,16959,478266,1,8,0,1,1,1,True,0x37628e57
TEXBAT.cleanStatic,16,16959,478266,1,9,1,1,0,0,True,0x3fc001a4
TEXBAT.cleanStatic,16,16959,478266,1,10,0,0,1,1,True,0x37f06583
TEXBAT.cleanStatic,16,17259,478272,2,1,1,1,1,1,True,0x1d3d56fb
TEXBAT.cleanStatic,16,17259,478272,2,2,1,1,1,1,True,0x1913f5a3
TEXBAT.cleanStatic,16,17259,478272,2,3,1,1,0,0,True,0x377e6d88
TEXBAT.cleanStatic,16,17259,478272,2,4,0,0,0,1,True,0x0cced4fd
TEXBAT.cleanStatic,16,17259,478272,2,5,0,1,0,0,True,0x16ece410
TEXBAT.cleanStatic,16,17259,478272,2,6,0,0,1,1,True,0x017300eb
TEXBAT.cleanStatic,16,17259,478272,2,7,1,1,1,1,True,0x2a2cc353
TEXBAT.cleanStatic,16,17259,478272,2,8,1,1,0,1,True,0x3e4a178d
TEXBAT.cleanStatic,16,17259,478272,2,9,0,1,1,0,True,0x3c860702
TEXBAT.cleanStatic,16,17259,478272,2,10,1,0,1,1,True,0x1d7196fb
TEXBAT.cleanStatic,16,17559,478278,3,1,1,1,1,1,True,0x1d3d56fb
TEXBAT.cleanStatic,16,17559,478278,3,2,1,1,1,1,True,0x1913d42b
TEXBAT.cleanStatic,16,17559,478278,3,3,1,1,1,0,True,0x0005f4b6
TEXBAT.cleanStatic,16,17559,478278,3,4,1,0,1,1,True,0x2a93b83f
TEXBAT.cleanStatic,16,17559,478278,3,5,1,1,1,0,True,0x3feaf63e
TEXBAT.cleanStatic,16,17559,478278,3,6,1,0,0,0,True,0x3fba1150
TEXBAT.cleanStatic,16,17559,478278,3,7,0,0,0,0,True,0x0a468050
TEXBAT.cleanStatic,16,17559,478278,3,8,0,0,1,1,True,0x1154eb83
TEXBAT.cleanStatic,16,17559,478278,3,9,1,1,1,0,True,0x0016e126
TEXBAT.cleanStatic,16,17559,478278,3,10,1,0,1,1,True,0x08828833
TEXBAT.cleanStatic,16,17859,478284,4,1,1,1,1,1,True,0x1d3d56fb
TEXBAT.cleanStatic,16,17859,478284,4,2,1,1,1,1,True,0x1913b397
TEXBAT.cleanStatic,16,17859,478284,4,3,1,1,1,1,True,0x21fcbf6b
TEXBAT.cleanStatic,16,17859,478284,4,4,1,1,1,0,True,0x0000740a
TEXBAT.cleanStatic,16,17859,478284,4,5,1,0,0,1,True,0x017f7ea1
TEXBAT.cleanStatic,16,17859,478284,4,6,0,1,0,0,True,0x000001e8
TEXBAT.cleanStatic,16,17859,478284,4,7,0,0,0,0,True,0x00000000
TEXBAT.cleanStatic,16,17859,478284,4,8,0,0,1,1,True,0x0043ea93
TEXBAT.cleanStatic,16,17859,478284,4,9,1,1,0,1,True,0x3bd87e3d
TEXBAT.cleanStatic,16,17859,478284,4,10,0,1,1,1,True,0x3bffff6f
TEXBAT.cleanStatic,16,18159,478290,5,1,1,1,1,1,True,0x1d3d56fb
TEXBAT.cleanStatic,16,18159,478290,5,2,1,1,1,1,True,0x1913921f
TEXBAT.cleanStatic,16,18159,478290,5,3,1,1,0,0,True,0x2b641090
TEXBAT.cleanStatic,16,18159,478290,5,4,0,0,0,0,True,0x03fdc73c
TEXBAT.cleanStatic,16,18159,478290,5,5,0,0,1,1,True,0x3f484013
TEXBAT.cleanStatic,16,18159,478290,5,6,1,1,0,1,True,0x17bca8ed
TEXBAT.cleanStatic,16,18159,478290,5,7,0,1,0,1,True,0x1637a705
TEXBAT.cleanStatic,16,18159,478290,5,8,0,1,1,1,True,0x15d5764b
TEXBAT.cleanStatic,16,18159,478290,5,9,1,1,0,0,True,0x146c0f6c
TEXBAT.cleanStatic,16,18159,478290,5,10,0,0,1,1,True,0x07000a0b
TEXBAT.cleanStatic,16,18459,478296,1,1,1,1,1,1,True,0x1d3d56fb
TEXBAT.cleanStatic,16,18459,478296,1,2,1,1,1,1,True,0x19137657
TEXBAT.cleanStatic,16,18459,478296,1,3,1,1,0,0,True,0x156bffc0
TEXBAT.cleanStatic,16,18459,478296,1,4,0,0,0,1,True,0x15019bad
TEXBAT.cleanStatic,16,18459,478296,1,5,0,1,0,0,True,0x26f1877c
TEXBAT.cleanStatic,16,18459,478296,1,6,0,0,1,1,True,0x29a3d01b
TEXBAT.cleanStatic,16,18459,478296,1,7,1,1,0,1,True,0x3cdbc535
TEXBAT.cleanStatic,16,18459,478296,1,8,0,1,1,1,True,0x37628e57
TEXBAT.cleanStatic,16,18459,478296,1,9,1,1,0,0,True,0x3fc001a4
TEXBAT.cleanStatic,16,18459,478296,1,10,0,0,1,1,True,0x37f06583
TEXBAT.cleanStatic,16,18759,478302,2,1,1,1,1,1,True,0x1d3d56fb
TEXBAT.cleanStatic,16,18759,478302,2,2,1,1,1,1,True,0x1913553f
TEXBAT.cleanStatic,16,18759,478302,2,3,1,1,0,0,True,0x377e6d88
TEXBAT.cleanStatic,16,18759,478302,2,4,0,0,0,1,True,0x0cced4fd
TEXBAT.cleanStatic,16,18759,478302,2,5,0,1,0,0,True,0x16ece410
TEXBAT.cleanStatic,16,18759,478302,2,6,0,0,1,1,True,0x017300eb
TEXBAT.cleanStatic,16,18759,478302,2,7,1,1,1,1,True,0x2a2cc353
TEXBAT.cleanStatic,16,18759,478302,2,8,1,1,0,1,True,0x3e4a178d
TEXBAT.cleanStatic,16,18759,478302,2,9,0,1,1,0,True,0x3c860702
TEXBAT.cleanStatic,16,18759,478302,2,10,1,0,1,1,True,0x1d7196fb
TEXBAT.cleanStatic,16,19059,478308,3,1,1,1,1,1,True,0x1d3d56fb
TEXBAT.cleanStatic,16,19059,478308,3,2,1,1,1,1,True,0x1913344f
TEXBAT.cleanStatic,16,19059,478308,3,3,1,1,1,0,True,0x0005f4b6
TEXBAT.cleanStatic,16,19059,478308,3,4,1,0,1,1,True,0x2a93b83f
TEXBAT.cleanStatic,16,19059,478308,3,5,1,1,1,0,True,0x3feaf63e
TEXBAT.cleanStatic,16,19059,478308,3,6,1,0,0,0,True,0x3fba1150
TEXBAT.cleanStatic,16,19059,478308,3,7,0,0,0,0,True,0x0a468050
TEXBAT.cleanStatic,16,19059,478308,3,8,0,0,1,1,True,0x1154eb83
TEXBAT.cleanStatic,16,19059,478308,3,9,1,1,1,0,True,0x0016e126
TEXBAT.cleanStatic,16,19059,478308,3,10,1,0,1,1,True,0x08828833
TEXBAT.cleanStatic,16,19359,478314,4,1,1,1,1,1,True,0x1d3d56fb
TEXBAT.cleanStatic,16,19359,478314,4,2,1,1,1,1,True,0x1913130b
TEXBAT.cleanStatic,16,19359,478314,4,3,1,1,1,1,True,0x217629cf
TEXBAT.cleanStatic,16,19359,478314,4,4,1,1,1,1,True,0x3bc9c2bb
TEXBAT.cleanStatic,16,19359,478314,4,5,1,1,0,0,True,0x3bc8db00
TEXBAT.cleanStatic,16,19359,478314,4,6,0,0,1,0,True,0x147264ce
TEXBAT.cleanStatic,16,19359,478314,4,7,1,0,0,1,True,0x10448eb1
TEXBAT.cleanStatic,16,19359,478314,4,8,0,1,1,0,True,0x171dbe4a
TEXBAT.cleanStatic,16,19359,478314,4,9,1,0,0,0,True,0x1e56b270
TEXBAT.cleanStatic,16,19359,478314,4,10,0,0,1,1,True,0x247ead7f
TEXBAT.cleanStatic,16,19659,478320,5,1,1,1,1,1,True,0x1d3d56fb
TEXBAT.cleanStatic,16,19659,478320,5,2,1,1,1,1,True,0x1912f2ff
TEXBAT.cleanStatic,16,19659,478320,5,3,1,1,0,1,True,0x2b2e63c5
TEXBAT.cleanStatic,16,19659,478320,5,4,0,1,1,1,True,0x3c3d02df
TEXBAT.cleanStatic,16,19659,478320,5,5,1,1,0,1,True,0x00b37fc5
TEXBAT.cleanStatic,16,19659,478320,5,6,0,1,1,1,True,0x17bce0d3
TEXBAT.cleanStatic,16,19659,478320,5,7,1,1,0,0,True,0x2ab22dbc
TEXBAT.cleanStatic,16,19659,478320,5,8,0,0,0,1,True,0x028ac335
TEXBAT.cleanStatic,16,19659,478320,5,9,0,1,0,1,True,0x2ba8a9ed
TEXBAT.cleanStatic,16,19659,478320,5,10,0,1,1,1,True,0x09c00667
TEXBAT.cleanStatic,16,19959,478326,1,1,1,1,1,1,True,0x1d3d56fb
TEXBAT.cleanStatic,16,19959,478326,1,2,1,1,1,1,True,0x1912d603
TEXBAT.cleanStatic,16,19959,478326,1,3,1,1,0,0,True,0x156bffc0
TEXBAT.cleanStatic,16,19959,478326,1,4,0,0,0,1,True,0x15019bad
TEXBAT.cleanStatic,16,19959,478326,1,5,0,1,0,0,True,0x26f1877c
TEXBAT.cleanStatic,16,19959,478326,1,6,0,0,1,1,True,0x29a3d01b
TEXBAT.cleanStatic,16,19959,478326,1,7,1,1,0,1,True,0x3cdbc535
TEXBAT.cleanStatic,16,19959,478326,1,8,0,1,1,1,True,0x37628e57
TEXBAT.cleanStatic,16,19959,478326,1,9,1,1,0,0,True,0x3fc001a4
TEXBAT.cleanStatic,16,19959,478326,1,10,0,0,1,1,True,0x37f06583
TEXBAT.cleanStatic,16,20259,478332,2,1,1,1,1,1,True,0x1d3d56fb
TEXBAT.cleanStatic,16,20259,478332,2,2,1,1,1,1,True,0x1912b593
TEXBAT.cleanStatic,16,20259,478332,2,3,1,1,0,0,True,0x377e6d88
TEXBAT.cleanStatic,16,20259,478332,2,4,0,0,0,1,True,0x0cced4fd
TEXBAT.cleanStatic,16,20259,478332,2,5,0,1,0,0,True,0x16ece410
TEXBAT.cleanStatic,16,20259,478332,2,6,0,0,1,1,True,0x017300eb
TEXBAT.cleanStatic,16,20259,478332,2,7,1,1,1,1,True,0x2a2cc353
TEXBAT.cleanStatic,16,20259,478332,2,8,1,1,0,1,True,0x3e4a178d
TEXBAT.cleanStatic,16,20259,478332,2,9,0,1,1,0,True,0x3c860702
TEXBAT.cleanStatic,16,20259,478332,2,10,1,0,1,1,True,0x1d7196fb
TEXBAT.cleanStatic,16,20559,478338,3,1,1,1,1,1,True,0x1d3d56fb
TEXBAT.cleanStatic,16,20559,478338,3,2,1,1,1,1,True,0x1912941b
TEXBAT.cleanStatic,16,20559,478338,3,3,1,1,1,0,True,0x0005f4b6
TEXBAT.cleanStatic,16,20559,478338,3,4,1,0,1,1,True,0x2a93b83f
TEXBAT.cleanStatic,16,20559,478338,3,5,1,1,1,0,True,0x3feaf63e
TEXBAT.cleanStatic,16,20559,478338,3,6,1,0,0,0,True,0x3fba1150
TEXBAT.cleanStatic,16,20559,478338,3,7,0,0,0,0,True,0x0a468050
TEXBAT.cleanStatic,16,20559,478338,3,8,0,0,1,1,True,0x1154eb83
TEXBAT.cleanStatic,16,20559,478338,3,9,1,1,1,0,True,0x0016e126
TEXBAT.cleanStatic,16,20559,478338,3,10,1,0,1,1,True,0x08828833
TEXBAT.cleanStatic,16,20859,478344,4,1,1,1,1,1,True,0x1d3d56fb
TEXBAT.cleanStatic,16,20859,478344,4,2,1,1,1,1,True,0x191273eb
TEXBAT.cleanStatic,16,20859,478344,4,3,1,1,0,1,True,0x21326721
TEXBAT.cleanStatic,16,20859,478344,4,4,0,1,1,0,True,0x0c98277e
TEXBAT.cleanStatic,16,20859,478344,4,5,1,0,0,0,True,0x0b662504
TEXBAT.cleanStatic,16,20859,478344,4,6,0,0,0,0,True,0x1e8480a4
TEXBAT.cleanStatic,16,20859,478344,4,7,0,0,0,1,True,0x21fd74d9
TEXBAT.cleanStatic,16,20859,478344,4,8,0,1,0,0,True,0x22cbfe40
TEXBAT.cleanStatic,16,20859,478344,4,9,0,0,0,0,True,0x224ff520
TEXBAT.cleanStatic,16,20859,478344,4,10,0,0,1,1,True,0x3be47423
TEXBAT.cleanStatic,16,21159,478350,5,1,1,1,1,1,True,0x1d3d56fb
TEXBAT.cleanStatic,16,21159,478350,5,2,1,1,1,1,True,0x19125263
TEXBAT.cleanStatic,16,21159,478350,5,3,1,1,0,1,True,0x2af5b655
TEXBAT.cleanStatic,16,21159,478350,5,4,0,1,1,0,True,0x3c021fae
TEXBAT.cleanStatic,16,21159,478350,5,5,1,0,1,0,True,0x3f49000a
TEXBAT.cleanStatic,16,21159,478350,5,6,1,0,0,1,True,0x28432721
TEXBAT.cleanStatic,16,21159,478350,5,7,0,1,0,0,True,0x16c39078
TEXBAT.cleanStatic,16,21159,478350,5,8,0,0,0,1,True,0x0cf7f3c1
TEXBAT.cleanStatic,16,21159,478350,5,9,0,1,1,0,True,0x0fd1621e
TEXBAT.cleanStatic,16,21159,478350,5,10,1,0,1,1,True,0x0240000b
TEXBAT.cleanStatic,16,21459,478356,1,1,1,1,1,1,True,0x1d3d56fb
TEXBAT.cleanStatic,16,21459,478356,1,2,1,1,1,1,True,0x19123667
TEXBAT.cleanStatic,16,21459,478356,1,3,1,1,0,0,True,0x156bffc0
TEXBAT.cleanStatic,16,21459,478356,1,4,0,0,0,1,True,0x15019bad
TEXBAT.cleanStatic,16,21459,478356,1,5,0,1,0,0,True,0x26f1877c
TEXBAT.cleanStatic,16,21459,478356,1,6,0,0,1,1,True,0x29a3d01b
TEXBAT.cleanStatic,16,21459,478356,1,7,1,1,0,1,True,0x3cdbc535
TEXBAT.cleanStatic,16,21459,478356,1,8,0,1,1,1,True,0x37628e57
TEXBAT.cleanStatic,16,21459,478356,1,9,1,1,0,0,True,0x3fc001a4
TEXBAT.cleanStatic,16,21459,478356,1,10,0,0,1,1,True,0x37f06583
TEXBAT.cleanStatic,19,159,477930,5,1,1,1,1,1,True,0x1d3d56fb
TEXBAT.cleanStatic,19,159,477930,5,2,1,1,1,1,True,0x191b12c7
TEXBAT.cleanStatic,19,159,477930,5,3,1,1,1,0,True,0x2e70fe42
TEXBAT.cleanStatic,19,159,477930,5,4,1,0,0,0,True,0x03ff62c0
TEXBAT.cleanStatic,19,159,477930,5,5,0,0,1,1,True,0x3f45c03b
TEXBAT.cleanStatic,19,159,477930,5,6,1,1,0,0,True,0x17bcc364
TEXBAT.cleanStatic,19,159,477930,5,7,0,0,0,1,True,0x13c8c4c1
TEXBAT.cleanStatic,19,159,477930,5,8,0,1,0,1,True,0x048588e5
TEXBAT.cleanStatic,19,159,477930,5,9,0,1,0,0,True,0x1cecb560
TEXBAT.cleanStatic,19,159,477930,5,10,0,0,1,1,True,0x3efff71b
TEXBAT.cleanStatic,19,459,477936,1,1,1,1,1,1,True,0x1d3d56fb
TEXBAT.cleanStatic,19,459,477936,1,2,1,1,1,1,True,0x191af647
TEXBAT.cleanStatic,19,459,477936,1,3,1,1,0,0,True,0x156bffc0
TEXBAT.cleanStatic,19,459,477936,1,4,0,0,0,1,True,0x15019bad
TEXBAT.cleanStatic,19,459,477936,1,5,0,1,0,0,True,0x26f1877c
TEXBAT.cleanStatic,19,459,477936,1,6,0,0,1,1,True,0x29a3d01b
TEXBAT.cleanStatic,19,459,477936,1,7,1,1,0,1,True,0x3cdbc7d5
TEXBAT.cleanStatic,19,459,477936,1,8,0,1,0,0,True,0x22628e48
TEXBAT.cleanStatic,19,459,477936,1,9,0,0,0,1,True,0x003ff861
TEXBAT.cleanStatic,19,459,477936,1,10,0,1,1,1,True,0x09f443f7
TEXBAT.cleanStatic,19,759,477942,2,1,1,1,1,1,True,0x1d3d56fb
TEXBAT.cleanStatic,19,759,477942,2,2,1,1,1,1,True,0x191ad52f
TEXBAT.cleanStatic,19,759,477942,2,3,1,1,0,1,True,0x22436351
TEXBAT.cleanStatic,19,759,477942,2,4,0,1,0,1,True,0x33097cc5
TEXBAT.cleanStatic,19,759,477942,2,5,0,1,0,0,True,0x075f18e8
TEXBAT.cleanStatic,19,759,477942,2,6,0,0,1,0,True,0x3d0bc126
TEXBAT.cleanStatic,19,759,477942,2,7,1,0,0,1,True,0x19d7ce89
TEXBAT.cleanStatic,19,759,477942,2,8,0,1,1,0,True,0x3bfc57ba
TEXBAT.cleanStatic,19,759,477942,2,9,1,0,1,0,True,0x033db8c6
TEXBAT.cleanStatic,19,759,477942,2,10,1,0,1,1,True,0x1d719f1f
TEXBAT.cleanStatic,19,1059,477948,3,1,1,1,1,1,True,0x1d3d56fb
TEXBAT.cleanStatic,19,1059,477948,3,2,1,1,1,1,True,0x191ab45f
TEXBAT.cleanStatic,19,1059,477948,3,3,1,1,0,1,True,0x3fed295d
TEXBAT.cleanStatic,19,1059,477948,3,4,0,1,1,1,True,0x3428af63
TEXBAT.cleanStatic,19,1059,477948,3,5,1,1,0,1,True,0x3ff4f629
TEXBAT.cleanStatic,19,1059,477948,3,6,0,1,0,1,True,0x365d32d5
TEXBAT.cleanStatic,19,1059,477948,3,7,0,1,1,1,True,0x38e53d5f
TEXBAT.cleanStatic,19,1059,477948,3,8,1,1,0,1,True,0x3aa7627d
TEXBAT.cleanStatic,19,1059,477948,3,9,0,1,1,1,True,0x0016e7c3
TEXBAT.cleanStatic,19,1059,477948,3,10,1,1,1,1,True,0x2246e737
TEXBAT.cleanStatic,19,1359,477954,4,1,1,1,1,1,True,0x1d3d56fb
TEXBAT.cleanStatic,19,1359,477954,4,2,1,1,1,1,True,0x191a931b
TEXBAT.cleanStatic,19,1359,477954,4,3,1,1,0,1,True,0x28bc38e1
TEXBAT.cleanStatic,19,1359,477954,4,4,0,1,1,0,True,0x3c3c7d76
TEXBAT.cleanStatic,19,1359,477954,4,5,1,0,0,0,True,0x3f4d403c
TEXBAT.cleanStatic,19,1359,477954,4,6,0,0,0,1,True,0x28437429
TEXBAT.cleanStatic,19,1359,477954,4,7,0,1,1,1,True,0x2b2527af
TEXBAT.cleanStatic,19,1359,477954,4,8,1,1,0,0,True,0x0ac676ec
TEXBAT.cleanStatic,19,1359,477954,4,9,0,0,1,1,True,0x392e9f77
TEXBAT.cleanStatic,19,1359,477954,4,10,1,1,1,1,True,0x347ff2ab
TEXBAT.cleanStatic,19,1659,477960,5,1,1,1,1,1,True,0x1d3d56fb
TEXBAT.cleanStatic,19,1659,477960,5,2,1,1,1,1,True,0x191a7227
TEXBAT.cleanStatic,19,1659,477960,5,3,1,1,0,0,True,0x2e33c390
TEXBAT.cleanStatic,19,1659,477960,5,4,0,0,1,0,True,0x03c57ec6
TEXBAT.cleanStatic,19,1659,477960,5,5,1,0,0,0,True,0x3f59c038
TEXBAT.cleanStatic,19,1659,477960,5,6,0,0,1,1,True,0x28435e53
TEXBAT.cleanStatic,19,1659,477960,5,7,1,1,0,1,True,0x00c5ef61
TEXBAT.cleanStatic,19,1659,477960,5,8,0,1,0,1,True,0x1e62e405
TEXBAT.cleanStatic,19,1659,477960,5,9,0,1,0,1,True,0x3f8f5801
TEXBAT.cleanStatic,19,1659,477960,5,10,0,1,1,1,True,0x3bfff68b
TEXBAT.cleanStatic,19,1959,477966,1,1,1,1,1,1,True,0x1d3d56fb
TEXBAT.cleanStatic,19,1959,477966,1,2,1,1,1,1,True,0x191a56db
TEXBAT.cleanStatic,19,1959,477966,1,3,1,1,0,0,True,0x156bffc0
TEXBAT.cleanStatic,19,1959,477966,1,4,0,0,0,1,True,0x15019bad
TEXBAT.cleanStatic,19,1959,477966,1,5,0,1,0,0,True,0x26f1877c
TEXBAT.cleanStatic,19,1959,477966,1,6,0,0,1,1,True,0x29a3d01b
TEXBAT.cleanStatic,19,1959,477966,1,7,1,1,0,1,True,0x3cdbc7d5
TEXBAT.cleanStatic,19,1959,477966,1,8,0,1,0,0,True,0x22628e48
TEXBAT.cleanStatic,19,1959,477966,1,9,0,0,0,1,True,0x003ff861
TEXBAT.cleanStatic,19,1959,477966,1,10,0,1,1,1,True,0x09f443f7
TEXBAT.cleanStatic,19,2259,477972,2,1,1,1,1,1,True,0x1d3d56fb
TEXBAT.cleanStatic,19,2259,477972,2,2,1,1,1,1,True,0x191a354b
TEXBAT.cleanStatic,19,2259,477972,2,3,1,1,0,1,True,0x22436351
TEXBAT.cleanStatic,19,2259,477972,2,4,0,1,0,1,True,0x33097cc5
TEXBAT.cleanStatic,19,2259,477972,2,5,0,1,0,0,True,0x075f18e8
TEXBAT.cleanStatic,19,2259,477972,2,6,0,0,1,0,True,0x3d0bc126
TEXBAT.cleanStatic,19,2259,477972,2,7,1,0,0,1,True,0x19d7ce89
TEXBAT.cleanStatic,19,2259,477972,2,8,0,1,1,0,True,0x3bfc57ba
TEXBAT.cleanStatic,19,2259,477972,2,9,1,0,1,0,True,0x033db8c6
TEXBAT.cleanStatic,19,2259,477972,2,10,1,0,1,1,True,0x1d719f1f
TEXBAT.cleanStatic,19,2559,477978,3,1,1,1,1,1,True,0x1d3d56fb
TEXBAT.cleanStatic,19,2559,477978,3,2,1,1,1,1,True,0x191a14c3
TEXBAT.cleanStatic,19,2559,477978,3,3,1,1,0,1,True,0x3fed295d
TEXBAT.cleanStatic,19,2559,477978,3,4,0,1,1,1,True,0x3428af63
TEXBAT.cleanStatic,19,2559,477978,3,5,1,1,0,1,True,0x3ff4f629
TEXBAT.cleanStatic,19,2559,477978,3,6,0,1,0,1,True,0x365d32d5
TEXBAT.cleanStatic,19,2559,477978,3,7,0,1,1,1,True,0x38e53d5f
TEXBAT.cleanStatic,19,2559,477978,3,8,1,1,0,1,True,0x3aa7627d
TEXBAT.cleanStatic,19,2559,477978,3,9,0,1,1,1,True,0x0016e7c3
TEXBAT.cleanStatic,19,2559,477978,3,10,1,1,1,1,True,0x2246e737
TEXBAT.cleanStatic,19,2859,477984,4,1,1,1,1,1,True,0x1d3d56fb
TEXBAT.cleanStatic,19,2859,477984,4,2,1,1,1,1,True,0x1919f363
TEXBAT.cleanStatic,19,2859,477984,4,3,1,1,0,1,True,0x28692529
TEXBAT.cleanStatic,19,2859,477984,4,4,0,1,0,0,True,0x3c3cf790
TEXBAT.cleanStatic,19,2859,477984,4,5,0,0,0,0,True,0x3f508010
TEXBAT.cleanStatic,19,2859,477984,4,6,0,0,1,1,True,0x2843517b
TEXBAT.cleanStatic,19,2859,477984,4,7,1,1,1,0,True,0x374ec6c2
TEXBAT.cleanStatic,19,2859,477984,4,8,1,0,0,0,True,0x1060164c
TEXBAT.cleanStatic,19,2859,477984,4,9,0,0,0,1,True,0x1b5ee069
TEXBAT.cleanStatic,19,2859,477984,4,10,0,1,1,1,True,0x0d7fcdff
TEXBAT.cleanStatic,19,3159,477990,5,1,1,1,1,1,True,0x1d3d56fb
TEXBAT.cleanStatic,19,3159,477990,5,2,1,1,1,1,True,0x1919d2eb
TEXBAT.cleanStatic,19,3159,477990,5,3,1,1,1,0,True,0x2de5f2a6
TEXBAT.cleanStatic,19,3159,477990,5,4,1,0,1,1,True,0x03c923b7
TEXBAT.cleanStatic,19,3159,477990,5,5,1,1,1,1,True,0x00a03feb
TEXBAT.cleanStatic,19,3159,477990,5,6,1,1,1,0,True,0x17bcc2ca
TEXBAT.cleanStatic,19,3159,477990,5,7,1,0,1,0,True,0x00197bbe
TEXBAT.cleanStatic,19,3159,477990,5,8,1,0,0,0,True,0x2220a35c
TEXBAT.cleanStatic,19,3159,477990,5,9,0,0,1,0,True,0x39a348be
TEXBAT.cleanStatic,19,3159,477990,5,10,1,0,1,1,True,0x0000023f
TEXBAT.cleanStatic,19,3459,477996,1,1,1,1,1,1,True,0x1d3d56fb
TEXBAT.cleanStatic,19,3459,477996,1,2,1,1,1,1,True,0x1919b6ef
TEXBAT.cleanStatic,19,3459,477996,1,3,1,1,0,0,True,0x156bffc0
TEXBAT.cleanStatic,19,3459,477996,1,4,0,0,0,1,True,0x15019bad
TEXBAT.cleanStatic,19,3459,477996,1,5,0,1,0,0,True,0x26f1877c
TEXBAT.cleanStatic,19,3459,477996,1,6,0,0,1,1,True,0x29a3d01b
TEXBAT.cleanStatic,19,3459,477996,1,7,1,1,0,1,True,0x3cdbc7d5
TEXBAT.cleanStatic,19,3459,477996,1,8,0,1,0,0,True,0x22628e48
TEXBAT.cleanStatic,19,3459,477996,1,9,0,0,0,1,True,0x003ff861
TEXBAT.cleanStatic,19,3459,477996,1,10,0,1,1,1,True,0x09f443f7
TEXBAT.cleanStatic,19,3759,478002,2,1,1,1,1,1,True,0x1d3d56fb
TEXBAT.cleanStatic,19,3759,478002,2,2,1,1,1,1,True,0x19199587
TEXBAT.cleanStatic,19,3759,478002,2,3,1,1,0,1,True,0x22436351
TEXBAT.cleanStatic,19,3759,478002,2,4,0,1,0,1,True,0x33097cc5
TEXBAT.cleanStatic,19,3759,478002,2,5,0,1,0,0,True,0x075f18e8
TEXBAT.cleanStatic,19,3759,478002,2,6,0,0,1,0,True,0x3d0bc126
TEXBAT.cleanStatic,19,3759,478002,2,7,1,0,0,1,True,0x19d7ce89
TEXBAT.cleanStatic,19,3759,478002,2,8,0,1,1,0,True,0x3bfc57ba
TEXBAT.cleanStatic,19,3759,478002,2,9,1,0,1,0,True,0x033db8c6
TEXBAT.cleanStatic,19,3759,478002,2,10,1,0,1,1,True,0x1d719f1f
TEXBAT.cleanStatic,19,4059,478008,3,1,1,1,1,1,True,0x1d3d56fb
TEXBAT.cleanStatic,19,4059,478008,3,2,1,1,1,1,True,0x191974bb
TEXBAT.cleanStatic,19,4059,478008,3,3,1,1,0,1,True,0x3fed295d
TEXBAT.cleanStatic,19,4059,478008,3,4,0,1,1,1,True,0x3428af63
TEXBAT.cleanStatic,19,4059,478008,3,5,1,1,0,1,True,0x3ff4f629
TEXBAT.cleanStatic,19,4059,478008,3,6,0,1,0,1,True,0x365d32d5
TEXBAT.cleanStatic,19,4059,478008,3,7,0,1,1,1,True,0x38e53d5f
TEXBAT.cleanStatic,19,4059,478008,3,8,1,1,0,1,True,0x3aa7627d
TEXBAT.cleanStatic,19,4059,478008,3,9,0,1,1,1,True,0x0016e7c3
TEXBAT.cleanStatic,19,4059,478008,3,10,1,1,1,1,True,0x2246e737
TEXBAT.cleanStatic,19,4359,478014,4,1,1,1,1,1,True,0x1d3d56fb
TEXBAT.cleanStatic,19,4359,478014,4,2,1,1,1,1,True,0x191953ff
TEXBAT.cleanStatic,19,4359,478014,4,3,1,1,1,0,True,0x282fff5e
TEXBAT.cleanStatic,19,4359,478014,4,4,1,0,0,0,True,0x03c65114
TEXBAT.cleanStatic,19,4359,478014,4,5,0,0,1,1,True,0x3f5b4033
TEXBAT.cleanStatic,19,4359,478014,4,6,1,1,1,1,True,0x17bc9f9b
TEXBAT.cleanStatic,19,4359,478014,4,7,1,1,1,1,True,0x00bd0bc7
TEXBAT.cleanStatic,19,4359,478014,4,8,1,1,1,0,True,0x08bda5e6
TEXBAT.cleanStatic,19,4359,478014,4,9,1,0,1,0,True,0x000ea36a
TEXBAT.cleanStatic,19,4359,478014,4,10,1,0,1,1,True,0x0900086f
TEXBAT.cleanStatic,19,4659,478020,5,1,1,1,1,1,True,0x1d3d56fb
TEXBAT.cleanStatic,19,4659,478020,5,2,1,1,1,1,True,0x1919328f
TEXBAT.cleanStatic,19,4659,478020,5,3,1,1,1,1,True,0x2d9c93a3
TEXBAT.cleanStatic,19,4659,478020,5,4,1,1,1,1,True,0x3c391683
TEXBAT.cleanStatic,19,4659,478020,5,5,1,1,0,0,True,0x00a4bfcc
TEXBAT.cleanStatic,19,4659,478020,5,6,0,0,1,0,True,0x28432446
TEXBAT.cleanStatic,19,4659,478020,5,7,1,0,1,1,True,0x3ef91a9b
TEXBAT.cleanStatic,19,4659,478020,5,8,1,1,1,1,True,0x2f3b6783
TEXBAT.cleanStatic,19,4659,478020,5,9,1,1,0,1,True,0x05fe3c31
TEXBAT.cleanStatic,19,4659,478020,5,10,0,1,1,1,True,0x39fff417
TEXBAT.cleanStatic,19,4959,478026,1,1,1,1,1,1,True,0x1d3d56fb
TEXBAT.cleanStatic,19,4959,478026,1,2,1,1,1,1,True,0x19191673
TEXBAT.cleanStatic,19,4959,478026,1,3,1,1,0,0,True,0x156bffc0
TEXBAT.cleanStatic,19,4959,478026,1,4,0,0,0,1,True,0x15019bad
TEXBAT.cleanStatic,19,4959,478026,1,5,0,1,0,0,True,0x26f1877c
TEXBAT.cleanStatic,19,4959,478026,1,6,0,0,1,1,True,0x29a3d01b
TEXBAT.cleanStatic,19,4959,478026,1,7,1,1,0,1,True,0x3cdbc7d5
TEXBAT.cleanStatic,19,4959,478026,1,8,0,1,0,0,True,0x22628e48
TEXBAT.cleanStatic,19,4959,478026,1,9,0,0,0,1,True,0x003ff861
TEXBAT.cleanStatic,19,4959,478026,1,10,0,1,1,1,True,0x09f443f7
TEXBAT.cleanStatic,19,5259,478032,2,1,1,1,1,1,True,0x1d3d56fb
TEXBAT.cleanStatic,19,5259,478032,2,2,1,1,1,1,True,0x1918f567
TEXBAT.cleanStatic,19,5259,478032,2,3,1,1,0,1,True,0x22436351
TEXBAT.cleanStatic,19,5259,478032,2,4,0,1,0,1,True,0x33097cc5
TEXBAT.cleanStatic,19,5259,478032,2,5,0,1,0,0,True,0x075f18e8
TEXBAT.cleanStatic,19,5259,478032,2,6,0,0,1,0,True,0x3d0bc126
TEXBAT.cleanStatic,19,5259,478032,2,7,1,0,0,1,True,0x19d7ce89
TEXBAT.cleanStatic,19,5259,478032,2,8,0,1,1,0,True,0x3bfc57ba
TEXBAT.cleanStatic,19,5259,478032,2,9,1,0,1,0,True,0x033db8c6
TEXBAT.cleanStatic,19,5259,478032,2,10,1,0,1,1,True,0x1d719f1f
TEXBAT.cleanStatic,19,5559,478038,3,1,1,1,1,1,True,0x1d3d56fb
TEXBAT.cleanStatic,19,5559,478038,3,2,1,1,1,1,True,0x1918d4ef
TEXBAT.cleanStatic,19,5559,478038,3,3,1,1,0,1,True,0x3fed295d
TEXBAT.cleanStatic,19,5559,478038,3,4,0,1,1,1,True,0x3428af63
TEXBAT.cleanStatic,19,5559,478038,3,5,1,1,0,1,True,0x3ff4f629
TEXBAT.cleanStatic,19,5559,478038,3,6,0,1,0,1,True,0x365d32d5
TEXBAT.cleanStatic,19,5559,478038,3,7,0,1,1,1,True,0x38e53d5f
TEXBAT.cleanStatic,19,5559,478038,3,8,1,1,0,1,True,0x3aa7627d
TEXBAT.cleanStatic,19,5559,478038,3,9,0,1,1,1,True,0x0016e7c3
TEXBAT.cleanStatic,19,5559,478038,3,10,1,1,1,1,True,0x2246e737
TEXBAT.cleanStatic,19,5859,478044,4,1,1,1,1,1,True,0x1d3d56fb
TEXBAT.cleanStatic,19,5859,478044,4,2,1,1,1,1,True,0x1918b353
TEXBAT.cleanStatic,19,5859,478044,4,3,1,1,1,1,True,0x27e7bc07
TEXBAT.cleanStatic,19,5859,478044,4,4,1,1,0,0,True,0x3c3ea890
TEXBAT.cleanStatic,19,5859,478044,4,5,0,0,1,1,True,0x3f4c402b
TEXBAT.cleanStatic,19,5859,478044,4,6,1,1,1,1,True,0x17bcf4b7
TEXBAT.cleanStatic,19,5859,478044,4,7,1,1,1,1,True,0x15646bcb
TEXBAT.cleanStatic,19,5859,478044,4,8,1,1,1,0,True,0x054a44c2
TEXBAT.cleanStatic,19,5859,478044,4,9,1,0,0,1,True,0x0614d995
TEXBAT.cleanStatic,19,5859,478044,4,10,0,1,1,1,True,0x0fc0075f
TEXBAT.cleanStatic,19,6159,478050,5,1,1,1,1,1,True,0x1d3d56fb
TEXBAT.cleanStatic,19,6159,478050,5,2,1,1,1,1,True,0x191892db
TEXBAT.cleanStatic,19,6159,478050,5,3,1,1,0,0,True,0x2d683718
TEXBAT.cleanStatic,19,6159,478050,5,4,0,0,1,1,True,0x03c06a7b
TEXBAT.cleanStatic,19,6159,478050,5,5,1,1,1,0,True,0x00b53fce
TEXBAT.cleanStatic,19,6159,478050,5,6,1,0,0,0,True,0x284354d0
TEXBAT.cleanStatic,19,6159,478050,5,7,0,0,1,0,True,0x29ea1fd6
TEXBAT.cleanStatic,19,6159,478050,5,8,1,0,0,1,True,0x07b8d8bd
TEXBAT.cleanStatic,19,6159,478050,5,9,0,1,1,1,True,0x1944a5a3
TEXBAT.cleanStatic,19,6159,478050,5,10,1,1,1,1,True,0x01bffeef
TEXBAT.cleanStatic,19,6459,478056,1,1,1,1,1,1,True,0x1d3d56fb
TEXBAT.cleanStatic,19,6459,478056,1,2,1,1,1,1,True,0x19187693
TEXBAT.cleanStatic,19,6459,478056,1,3,1,1,0,0,True,0x156bffc0
TEXBAT.cleanStatic,19,6459,478056,1,4,0,0,0,1,True,0x15019bad
TEXBAT.cleanStatic,19,6459,478056,1,5,0,1,0,0,True,0x26f1877c
TEXBAT.cleanStatic,19,6459,478056,1,6,0,0,1,1,True,0x29a3d01b
TEXBAT.cleanStatic,19,6459,478056,1,7,1,1,0,1,True,0x3cdbc7d5
TEXBAT.cleanStatic,19,6459,478056,1,8,0,1,0,0,True,0x22628e48
TEXBAT.cleanStatic,19,6459,478056,1,9,0,0,0,1,True,0x003ff861
TEXBAT.cleanStatic,19,6459,478056,1,10,0,1,1,1,True,0x09f443f7
TEXBAT.cleanStatic,19,6759,478062,2,1,1,1,1,1,True,0x1d3d56fb
TEXBAT.cleanStatic,19,6759,478062,2,2,1,1,1,1,True,0x191855fb
TEXBAT.cleanStatic,19,6759,478062,2,3,1,1,0,1,True,0x22436351
TEXBAT.cleanStatic,19,6759,478062,2,4,0,1,0,1,True,0x33097cc5
TEXBAT.cleanStatic,19,6759,478062,2,5,0,1,0,0,True,0x075f18e8
TEXBAT.cleanStatic,19,6759,478062,2,6,0,0,1,0,True,0x3d0bc126
TEXBAT.cleanStatic,19,6759,478062,2,7,1,0,0,1,True,0x19d7ce89
TEXBAT.cleanStatic,19,6759,478062,2,8,0,1,1,0,True,0x3bfc57ba
TEXBAT.cleanStatic,19,6759,478062,2,9,1,0,1,0,True,0x033db8c6
TEXBAT.cleanStatic,19,6759,478062,2,10,1,0,1,1,True,0x1d719f1f
TEXBAT.cleanStatic,19,7059,478068,3,1,1,1,1,1,True,0x1d3d56fb
TEXBAT.cleanStatic,19,7059,478068,3,2,1,1,1,1,True,0x1918348b
TEXBAT.cleanStatic,19,7059,478068,3,3,1,1,0,1,True,0x3fed295d
TEXBAT.cleanStatic,19,7059,478068,3,4,0,1,1,1,True,0x3428af63
TEXBAT.cleanStatic,19,7059,478068,3,5,1,1,0,1,True,0x3ff4f629
TEXBAT.cleanStatic,19,7059,478068,3,6,0,1,0,1,True,0x365d32d5
TEXBAT.cleanStatic,19,7059,478068,3,7,0,1,1,1,True,0x38e53d5f
TEXBAT.cleanStatic,19,7059,478068,3,8,1,1,0,1,True,0x3aa7627d
TEXBAT.cleanStatic,19,7059,478068,3,9,0,1,1,1,True,0x0016e7c3
TEXBAT.cleanStatic,19,7059,478068,3,10,1,1,1,1,True,0x2246e737
TEXBAT.cleanStatic,19,7359,478074,4,1,1,1,1,1,True,0x1d3d56fb
TEXBAT.cleanStatic,19,7359,478074,4,2,1,1,1,1,True,0x191813cf
TEXBAT.cleanStatic,19,7359,478074,4,3,1,1,0,0,True,0x2190c810
TEXBAT.cleanStatic,19,7359,478074,4,4,0,0,1,0,True,0x301c6352
TEXBAT.cleanStatic,19,7359,478074,4,5,1,0,1,1,True,0x2f05d0ef
TEXBAT.cleanStatic,19,7359,478074,4,6,1,1,0,0,True,0x0a61222c
TEXBAT.cleanStatic,19,7359,478074,4,7,0,0,0,0,True,0x330c86dc
TEXBAT.cleanStatic,19,7359,478074,4,8,0,0,0,0,True,0x34b4015c
TEXBAT.cleanStatic,19,7359,478074,4,9,0,0,1,0,True,0x00990e46
TEXBAT.cleanStatic,19,7359,478074,4,10,1,0,1,1,True,0x1ed8310f
TEXBAT.cleanStatic,19,7659,478080,5,1,1,1,1,1,True,0x1d3d56fb
TEXBAT.cleanStatic,19,7659,478080,5,2,1,1,1,1,True,0x1917f20f
TEXBAT.cleanStatic,19,7659,478080,5,3,1,1,0,1,True,0x2d245dcd
TEXBAT.cleanStatic,19,7659,478080,5,4,0,1,0,1,True,0x3c08c311
TEXBAT.cleanStatic,19,7659,478080,5,5,0,1,0,0,True,0x00b97fe0
TEXBAT.cleanStatic,19,7659,478080,5,6,0,0,1,0,True,0x28433baa
TEXBAT.cleanStatic,19,7659,478080,5,7,1,0,0,1,True,0x1c333425
TEXBAT.cleanStatic,19,7659,478080,5,8,0,1,1,1,True,0x34e69177
TEXBAT.cleanStatic,19,7659,478080,5,9,1,1,1,1,True,0x3e351327
TEXBAT.cleanStatic,19,7659,478080,5,10,1,1,1,1,True,0x09c00553
TEXBAT.cleanStatic,19,7959,478086,1,1,1,1,1,1,True,0x1d3d56fb
TEXBAT.cleanStatic,19,7959,478086,1,2,1,1,1,1,True,0x1917d6f3
TEXBAT.cleanStatic,19,7959,478086,1,3,1,1,0,0,True,0x156bffc0
TEXBAT.cleanStatic,19,7959,478086,1,4,0,0,0,1,True,0x15019bad
TEXBAT.cleanStatic,19,7959,478086,1,5,0,1,0,0,True,0x26f1877c
TEXBAT.cleanStatic,19,7959,478086,1,6,0,0,1,1,True,0x29a3d01b
TEXBAT.cleanStatic,19,7959,478086,1,7,1,1,0,1,True,0x3cdbc7d5
TEXBAT.cleanStatic,19,7959,478086,1,8,0,1,0,0,True,0x22628e48
TEXBAT.cleanStatic,19,7959,478086,1,9,0,0,0,1,True,0x003ff861
TEXBAT.cleanStatic,19,7959,478086,1,10,0,1,1,1,True,0x09f443f7
TEXBAT.cleanStatic,19,8259,478092,2,1,1,1,1,1,True,0x1d3d56fb
TEXBAT.cleanStatic,19,8259,478092,2,2,1,1,1,1,True,0x1917b563
TEXBAT.cleanStatic,19,8259,478092,2,3,1,1,0,1,True,0x22436351
TEXBAT.cleanStatic,19,8259,478092,2,4,0,1,0,1,True,0x33097cc5
TEXBAT.cleanStatic,19,8259,478092,2,5,0,1,0,0,True,0x075f18e8
TEXBAT.cleanStatic,19,8259,478092,2,6,0,0,1,0,True,0x3d0bc126
TEXBAT.cleanStatic,19,8259,478092,2,7,1,0,0,1,True,0x19d7ce89
TEXBAT.cleanStatic,19,8259,478092,2,8,0,1,1,0,True,0x3bfc57ba
TEXBAT.cleanStatic,19,8259,478092,2,9,1,0,1,0,True,0x033db8c6
TEXBAT.cleanStatic,19,8259,478092,2,10,1,0,1,1,True,0x1d719f1f
TEXBAT.cleanStatic,19,8559,478098,3,1,1,1,1,1,True,0x1d3d56fb
TEXBAT.cleanStatic,19,8559,478098,3,2,1,1,1,1,True,0x191794eb
TEXBAT.cleanStatic,19,8559,478098,3,3,1,1,0,1,True,0x3fed295d
TEXBAT.cleanStatic,19,8559,478098,3,4,0,1,1,1,True,0x3428af63
TEXBAT.cleanStatic,19,8559,478098,3,5,1,1,0,1,True,0x3ff4f629
TEXBAT.cleanStatic,19,8559,478098,3,6,0,1,0,1,True,0x365d32d5
TEXBAT.cleanStatic,19,8559,478098,3,7,0,1,1,1,True,0x38e53d5f
TEXBAT.cleanStatic,19,8559,478098,3,8,1,1,0,1,True,0x3aa7627d
TEXBAT.cleanStatic,19,8559,478098,3,9,0,1,1,1,True,0x0016e7c3
TEXBAT.cleanStatic,19,8559,478098,3,10,1,1,1,1,True,0x2246e737
TEXBAT.cleanStatic,19,8859,478104,4,1,1,1,1,1,True,0x1d3d56fb
TEXBAT.cleanStatic,19,8859,478104,4,2,1,1,1,1,True,0x1917731b
TEXBAT.cleanStatic,19,8859,478104,4,3,1,1,0,1,True,0x205ec145
TEXBAT.cleanStatic,19,8859,478104,4,4,0,1,1,0,True,0x29c8e556
TEXBAT.cleanStatic,19,8859,478104,4,5,1,0,1,0,True,0x0cca2ee6
TEXBAT.cleanStatic,19,8859,478104,4,6,1,0,0,1,True,0x2a889011
TEXBAT.cleanStatic,19,8859,478104,4,7,0,1,0,0,True,0x016766a4
TEXBAT.cleanStatic,19,8859,478104,4,8,0,0,1,1,True,0x07b701af
TEXBAT.cleanStatic,19,8859,478104,4,9,1,1,1,1,True,0x011f0faf
TEXBAT.cleanStatic,19,8859,478104,4,10,1,1,1,1,True,0x0e73e0df
TEXBAT.cleanStatic,19,9159,478110,5,1,1,1,1,1,True,0x1d3d56fb
TEXBAT.cleanStatic,19,9159,478110,5,2,1,1,1,1,True,0x19175293
TEXBAT.cleanStatic,19,9159,478110,5,3,1,1,0,0,True,0x2cf7d778
TEXBAT.cleanStatic,19,9159,478110,5,4,0,0,1,0,True,0x03c6463e
TEXBAT.cleanStatic,19,9159,478110,5,5,1,0,0,1,True,0x3f548001
TEXBAT.cleanStatic,19,9159,478110,5,6,0,1,0,1,True,0x17bcaa81
TEXBAT.cleanStatic,19,9159,478110,5,7,0,1,0,1,True,0x3602d6b9
TEXBAT.cleanStatic,19,9159,478110,5,8,0,1,1,1,True,0x3e85a717
TEXBAT.cleanStatic,19,9159,478110,5,9,1,1,0,1,True,0x0352d251
TEXBAT.cleanStatic,19,9159,478110,5,10,0,1,1,1,True,0x3cfff7d7
TEXBAT.cleanStatic,19,9459,478116,1,1,1,1,1,1,True,0x1d3d56fb
TEXBAT.cleanStatic,19,9459,478116,1,2,1,1,1,1,True,0x19173697
TEXBAT.cleanStatic,19,9459,478116,1,3,1,1,0,0,True,0x156bffc0
TEXBAT.cleanStatic,19,9459,478116,1,4,0,0,0,1,True,0x15019bad
TEXBAT.cleanStatic,19,9459,478116,1,5,0,1,0,0,True,0x26f1877c
TEXBAT.cleanStatic,19,9459,478116,1,6,0,0,1,1,True,0x29a3d01b
TEXBAT.cleanStatic,19,9459,478116,1,7,1,1,0,1,True,0x3cdbc7d5
TEXBAT.cleanStatic,19,9459,478116,1,8,0,1,0,0,True,0x22628e48
TEXBAT.cleanStatic,19,9459,478116,1,9,0,0,0,1,True,0x003ff861
TEXBAT.cleanStatic,19,9459,478116,1,10,0,1,1,1,True,0x09f443f7
TEXBAT.cleanStatic,19,9759,478122,2,1,1,1,1,1,True,0x1d3d56fb
TEXBAT.cleanStatic,19,9759,478122,2,2,1,1,1,1,True,0x191715ff
TEXBAT.cleanStatic,19,9759,478122,2,3,1,1,0,1,True,0x22436351
TEXBAT.cleanStatic,19,9759,478122,2,4,0,1,0,1,True,0x33097cc5
TEXBAT.cleanStatic,19,9759,478122,2,5,0,1,0,0,True,0x075f18e8
TEXBAT.cleanStatic,19,9759,478122,2,6,0,0,1,0,True,0x3d0bc126
TEXBAT.cleanStatic,19,9759,478122,2,7,1,0,0,1,True,0x19d7ce89
TEXBAT.cleanStatic,19,9759,478122,2,8,0,1,1,0,True,0x3bfc57ba
TEXBAT.cleanStatic,19,9759,478122,2,9,1,0,1,0,True,0x033db8c6
TEXBAT.cleanStatic,19,9759,478122,2,10,1,0,1,1,True,0x1d719f1f
TEXBAT.cleanStatic,19,10059,478128,3,1,1,1,1,1,True,0x1d3d56fb
TEXBAT.cleanStatic,19,10059,478128,3,2,1,1,1,1,True,0x1916f40b
TEXBAT.cleanStatic,19,10059,478128,3,3,1,1,0,1,True,0x3fed295d
TEXBAT.cleanStatic,19,10059,478128,3,4,0,1,1,1,True,0x3428af63
TEXBAT.cleanStatic,19,10059,478128,3,5,1,1,0,1,True,0x3ff4f629
TEXBAT.cleanStatic,19,10059,478128,3,6,0,1,0,1,True,0x365d32d5
TEXBAT.cleanStatic,19,10059,478128,3,7,0,1,1,1,True,0x38e53d5f
TEXBAT.cleanStatic,19,10059,478128,3,8,1,1,0,1,True,0x3aa7627d
TEXBAT.cleanStatic,19,10059,478128,3,9,0,1,1,1,True,0x0016e7c3
TEXBAT.cleanStatic,19,10059,478128,3,10,1,1,1,1,True,0x2246e737
TEXBAT.cleanStatic,19,10359,478134,4,1,1,1,1,1,True,0x1d3d56fb
TEXBAT.cleanStatic,19,10359,478134,4,2,1,1,1,1,True,0x1916d34f
TEXBAT.cleanStatic,19,10359,478134,4,3,1,1,0,1,True,0x22e52151
TEXBAT.cleanStatic,19,10359,478134,4,4,0,1,1,1,True,0x18e1e6cf
TEXBAT.cleanStatic,19,10359,478134,4,5,1,1,0,1,True,0x311f50a5
TEXBAT.cleanStatic,19,10359,478134,4,6,0,1,1,0,True,0x06db0a8a
TEXBAT.cleanStatic,19,10359,478134,4,7,1,0,1,0,True,0x24904bda
TEXBAT.cleanStatic,19,10359,478134,4,8,1,0,1,0,True,0x2f3e84ba
TEXBAT.cleanStatic,19,10359,478134,4,9,1,0,1,0,True,0x22ce4e22
TEXBAT.cleanStatic,19,10359,478134,4,10,1,0,1,1,True,0x05561dd3
TEXBAT.cleanStatic,19,10659,478140,5,1,1,1,1,1,True,0x1d3d56fb
TEXBAT.cleanStatic,19,10659,478140,5,2,1,1,1,1,True,0x1916b23f
TEXBAT.cleanStatic,19,10659,478140,5,3,1,1,1,1,True,0x2cb62453
TEXBAT.cleanStatic,19,10659,478140,5,4,1,1,0,0,True,0x3c39322c
TEXBAT.cleanStatic,19,10659,478140,5,5,0,0,0,0,True,0x3f508010
TEXBAT.cleanStatic,19,10659,478140,5,6,0,0,1,1,True,0x284320cf
TEXBAT.cleanStatic,19,10659,478140,5,7,1,1,1,1,True,0x0aa4a44b
TEXBAT.cleanStatic,19,10659,478140,5,8,1,1,1,0,True,0x2ad5620e
TEXBAT.cleanStatic,19,10659,478140,5,9,1,0,1,1,True,0x177b30b3
TEXBAT.cleanStatic,19,10659,478140,5,10,1,1,1,1,True,0x3a0001cb
TEXBAT.cleanStatic,19,10959,478146,1,1,1,1,1,1,True,0x1d3d56fb
TEXBAT.cleanStatic,19,10959,478146,1,2,1,1,1,1,True,0x191696c3
TEXBAT.cleanStatic,19,10959,478146,1,3,1,1,0,0,True,0x156bffc0
TEXBAT.cleanStatic,19,10959,478146,1,4,0,0,0,1,True,0x15019bad
TEXBAT.cleanStatic,19,10959,478146,1,5,0,1,0,0,True,0x26f1877c
TEXBAT.cleanStatic,19,10959,478146,1,6,0,0,1,1,True,0x29a3d01b
TEXBAT.cleanStatic,19,10959,478146,1,7,1,1,0,1,True,0x3cdbc7d5
TEXBAT.cleanStatic,19,10959,478146,1,8,0,1,0,0,True,0x22628e48
TEXBAT.cleanStatic,19,10959,478146,1,9,0,0,0,1,True,0x003ff861
TEXBAT.cleanStatic,19,10959,478146,1,10,0,1,1,1,True,0x09f443f7
TEXBAT.cleanStatic,19,11259,478152,2,1,1,1,1,1,True,0x1d3d56fb
TEXBAT.cleanStatic,19,11259,478152,2,2,1,1,1,1,True,0x1916751f
TEXBAT.cleanStatic,19,11259,478152,2,3,1,1,0,1,True,0x22436351
TEXBAT.cleanStatic,19,11259,478152,2,4,0,1,0,1,True,0x33097cc5
TEXBAT.cleanStatic,19,11259,478152,2,5,0,1,0,0,True,0x075f18e8
TEXBAT.cleanStatic,19,11259,478152,2,6,0,0,1,0,True,0x3d0bc126
TEXBAT.cleanStatic,19,11259,478152,2,7,1,0,0,1,True,0x19d7ce89
TEXBAT.cleanStatic,19,11259,478152,2,8,0,1,1,0,True,0x3bfc57ba
TEXBAT.cleanStatic,19,11259,478152,2,9,1,0,1,0,True,0x033db8c6
TEXBAT.cleanStatic,19,11259,478152,2,10,1,0,1,1,True,0x1d719f1f
TEXBAT.cleanStatic,19,11559,478158,3,1,1,1,1,1,True,0x1d3d56fb
TEXBAT.cleanStatic,19,11559,478158,3,2,1,1,1,1,True,0x19165497
TEXBAT.cleanStatic,19,11559,478158,3,3,1,1,0,1,True,0x3fed295d
TEXBAT.cleanStatic,19,11559,478158,3,4,0,1,1,1,True,0x3428af63
TEXBAT.cleanStatic,19,11559,478158,3,5,1,1,0,1,True,0x3ff4f629
TEXBAT.cleanStatic,19,11559,478158,3,6,0,1,0,1,True,0x365d32d5
TEXBAT.cleanStatic,19,11559,478158,3,7,0,1,1,1,True,0x38e53d5f
TEXBAT.cleanStatic,19,11559,478158,3,8,1,1,0,1,True,0x3aa7627d
TEXBAT.cleanStatic,19,11559,478158,3,9,0,1,1,1,True,0x0016e7c3
TEXBAT.cleanStatic,19,11559,478158,3,10,1,1,1,1,True,0x2246e737
TEXBAT.cleanStatic,19,11859,478164,4,1,1,1,1,1,True,0x1d3d56fb
TEXBAT.cleanStatic,19,11859,478164,4,2,1,1,1,1,True,0x1916332b
TEXBAT.cleanStatic,19,11859,478164,4,3,1,1,1,0,True,0x2295554e
TEXBAT.cleanStatic,19,11859,478164,4,4,1,0,0,1,True,0x2aaaaa95
TEXBAT.cleanStatic,19,11859,478164,4,5,0,1,1,0,True,0x1555556a
TEXBAT.cleanStatic,19,11859,478164,4,6,1,0,0,1,True,0x2aaaaa95
TEXBAT.cleanStatic,19,11859,478164,4,7,0,1,1,0,True,0x1555556a
TEXBAT.cleanStatic,19,11859,478164,4,8,1,0,0,1,True,0x2aaaaa95
TEXBAT.cleanStatic,19,11859,478164,4,9,0,1,1,0,True,0x1555556a
TEXBAT.cleanStatic,19,11859,478164,4,10,1,0,1,1,True,0x2aaaaa63
TEXBAT.cleanStatic,19,12159,478170,5,1,1,1,1,1,True,0x1d3d56fb
TEXBAT.cleanStatic,19,12159,478170,5,2,1,1,1,1,True,0x191612a3
TEXBAT.cleanStatic,19,12159,478170,5,3,1,1,1,0,True,0x2c720f5e
TEXBAT.cleanStatic,19,12159,478170,5,4,1,0,0,1,True,0x03c5a019
TEXBAT.cleanStatic,19,12159,478170,5,5,0,1,0,1,True,0x00b17fd1
TEXBAT.cleanStatic,19,12159,478170,5,6,0,1,0,1,True,0x17bcd389
TEXBAT.cleanStatic,19,12159,478170,5,7,0,1,1,1,True,0x0aec5077
TEXBAT.cleanStatic,19,12159,478170,5,8,1,1,0,0,True,0x14e0d294
TEXBAT.cleanStatic,19,12159,478170,5,9,0,0,1,0,True,0x1a1950c6
TEXBAT.cleanStatic,19,12159,478170,5,10,1,0,1,1,True,0x06c0076f
TEXBAT.cleanStatic,19,12459,478176,1,1,1,1,1,1,True,0x1d3d56fb
TEXBAT.cleanStatic,19,12459,478176,1,2,1,1,1,1,True,0x1915f6bb
TEXBAT.cleanStatic,19,12459,478176,1,3,1,1,0,0,True,0x156bffc0
TEXBAT.cleanStatic,19,12459,478176,1,4,0,0,0,1,True,0x15019bad
TEXBAT.cleanStatic,19,12459,478176,1,5,0,1,0,0,True,0x26f1877c
TEXBAT.cleanStatic,19,12459,478176,1,6,0,0,1,1,True,0x29a3d01b
TEXBAT.cleanStatic,19,12459,478176,1,7,1,1,0,1,True,0x3cdbc7d5
TEXBAT.cleanStatic,19,12459,478176,1,8,0,1,0,0,True,0x22628e48
TEXBAT.cleanStatic,19,12459,478176,1,9,0,0,0,1,True,0x003ff861
TEXBAT.cleanStatic,19,12459,478176,1,10,0,1,1,1,True,0x09f443f7
TEXBAT.cleanStatic,19,12759,478182,2,1,1,1,1,1,True,0x1d3d56fb
TEXBAT.cleanStatic,19,12759,478182,2,2,1,1,1,1,True,0x1915d5d3
TEXBAT.cleanStatic,19,12759,478182,2,3,1,1,0,1,True,0x22436351
TEXBAT.cleanStatic,19,12759,478182,2,4,0,1,0,1,True,0x33097cc5
TEXBAT.cleanStatic,19,12759,478182,2,5,0,1,0,0,True,0x075f18e8
TEXBAT.cleanStatic,19,12759,478182,2,6,0,0,1,0,True,0x3d0bc126
TEXBAT.cleanStatic,19,12759,478182,2,7,1,0,0,1,True,0x19d7ce89
TEXBAT.cleanStatic,19,12759,478182,2,8,0,1,1,0,True,0x3bfc57ba
TEXBAT.cleanStatic,19,12759,478182,2,9,1,0,1,0,True,0x033db8c6
TEXBAT.cleanStatic,19,12759,478182,2,10,1,0,1,1,True,0x1d719f1f
TEXBAT.cleanStatic,19,13059,478188,3,1,1,1,1,1,True,0x1d3d56fb
TEXBAT.cleanStatic,19,13059,478188,3,2,1,1,1,1,True,0x1915b4a3
TEXBAT.cleanStatic,19,13059,478188,3,3,1,1,0,1,True,0x3fed295d
TEXBAT.cleanStatic,19,13059,478188,3,4,0,1,1,1,True,0x3428af63
TEXBAT.cleanStatic,19,13059,478188,3,5,1,1,0,1,True,0x3ff4f629
TEXBAT.cleanStatic,19,13059,478188,3,6,0,1,0,1,True,0x365d32d5
TEXBAT.cleanStatic,19,13059,478188,3,7,0,1,1,1,True,0x38e53d5f
TEXBAT.cleanStatic,19,13059,478188,3,8,1,1,0,1,True,0x3aa7627d
TEXBAT.cleanStatic,19,13059,478188,3,9,0,1,1,1,True,0x0016e7c3
TEXBAT.cleanStatic,19,13059,478188,3,10,1,1,1,1,True,0x2246e737
TEXBAT.cleanStatic,19,13359,478194,4,1,1,1,1,1,True,0x1d3d56fb
TEXBAT.cleanStatic,19,13359,478194,4,2,1,1,1,1,True,0x191593e7
TEXBAT.cleanStatic,19,13359,478194,4,3,1,1,0,1,True,0x22555559
TEXBAT.cleanStatic,19,13359,478194,4,4,0,1,1,1,True,0x1555572f
TEXBAT.cleanStatic,19,13359,478194,4,5,1,1,0,0,True,0x06fcf7a4
TEXBAT.cleanStatic,19,13359,478194,4,6,0,0,0,0,True,0x3b68f3e8
TEXBAT.cleanStatic,19,13359,478194,4,7,0,0,1,0,True,0x20b94a1a
TEXBAT.cleanStatic,19,13359,478194,4,8,1,0,1,0,True,0x2e1b89b2
TEXBAT.cleanStatic,19,13359,478194,4,9,1,0,1,0,True,0x22c09c86
TEXBAT.cleanStatic,19,13359,478194,4,10,1,0,1,1,True,0x0c338d5b
TEXBAT.cleanStatic,19,13659,478200,5,1,1,1,1,1,True,0x1d3d56fb
TEXBAT.cleanStatic,19,13659,478200,5,2,1,1,1,1,True,0x191572db
TEXBAT.cleanStatic,19,13659,478200,5,3,1,1,1,1,True,0x2c368157
TEXBAT.cleanStatic,19,13659,478200,5,4,1,1,0,1,True,0x3c3fccf9
TEXBAT.cleanStatic,19,13659,478200,5,5,0,1,0,1,True,0x00ba3fed
TEXBAT.cleanStatic,19,13659,478200,5,6,0,1,0,1,True,0x17bcde41
TEXBAT.cleanStatic,19,13659,478200,5,7,0,1,1,1,True,0x0bdb0283
TEXBAT.cleanStatic,19,13659,478200,5,8,1,1,0,0,True,0x3fa31970
TEXBAT.cleanStatic,19,13659,478200,5,9,0,0,0,1,True,0x15cc0f29
TEXBAT.cleanStatic,19,13659,478200,5,10,0,1,1,1,True,0x033ffb87
TEXBAT.cleanStatic,19,13959,478206,1,1,1,1,1,1,True,0x1d3d56fb
TEXBAT.cleanStatic,19,13959,478206,1,2,1,1,1,1,True,0x19155627
TEXBAT.cleanStatic,19,13959,478206,1,3,1,1,0,0,True,0x156bffc0
TEXBAT.cleanStatic,19,13959,478206,1,4,0,0,0,1,True,0x15019bad
TEXBAT.cleanStatic,19,13959,478206,1,5,0,1,0,0,True,0x26f1877c
TEXBAT.cleanStatic,19,13959,478206,1,6,0,0,1,1,True,0x29a3d01b
TEXBAT.cleanStatic,19,13959,478206,1,7,1,1,0,1,True,0x3cdbc7d5
TEXBAT.cleanStatic,19,13959,478206,1,8,0,1,0,0,True,0x22628e48
TEXBAT.cleanStatic,19,13959,478206,1,9,0,0,0,1,True,0x003ff861
TEXBAT.cleanStatic,19,13959,478206,1,10,0,1,1,1,True,0x09f443f7
TEXBAT.cleanStatic,19,14259,478212,2,1,1,1,1,1,True,0x1d3d56fb
TEXBAT.cleanStatic,19,14259,478212,2,2,1,1,1,1,True,0x191535b7
TEXBAT.cleanStatic,19,14259,478212,2,3,1,1,0,1,True,0x22436351
TEXBAT.cleanStatic,19,14259,478212,2,4,0,1,0,1,True,0x33097cc5
TEXBAT.cleanStatic,19,14259,478212,2,5,0,1,0,0,True,0x075f18e8
TEXBAT.cleanStatic,19,14259,478212,2,6,0,0,1,0,True,0x3d0bc126
TEXBAT.cleanStatic,19,14259,478212,2,7,1,0,0,1,True,0x19d7ce89
TEXBAT.cleanStatic,19,14259,478212,2,8,0,1,1,0,True,0x3bfc57ba
TEXBAT.cleanStatic,19,14259,478212,2,9,1,0,1,0,True,0x033db8c6
TEXBAT.cleanStatic,19,14259,478212,2,10,1,0,1,1,True,0x1d719f1f
TEXBAT.cleanStatic,19,14559,478218,3,1,1,1,1,1,True,0x1d3d56fb
TEXBAT.cleanStatic,19,14559,478218,3,2,1,1,1,1,True,0x1915143f
TEXBAT.cleanStatic,19,14559,478218,3,3,1,1,0,1,True,0x3fed295d
TEXBAT.cleanStatic,19,14559,478218,3,4,0,1,1,1,True,0x3428af63
TEXBAT.cleanStatic,19,14559,478218,3,5,1,1,0,1,True,0x3ff4f629
TEXBAT.cleanStatic,19,14559,478218,3,6,0,1,0,1,True,0x365d32d5
TEXBAT.cleanStatic,19,14559,478218,3,7,0,1,1,1,True,0x38e53d5f
TEXBAT.cleanStatic,19,14559,478218,3,8,1,1,0,1,True,0x3aa7627d
TEXBAT.cleanStatic,19,14559,478218,3,9,0,1,1,1,True,0x0016e7c3
TEXBAT.cleanStatic,19,14559,478218,3,10,1,1,1,1,True,0x2246e737
TEXBAT.cleanStatic,19,14859,478224,4,1,1,1,1,1,True,0x1d3d56fb
TEXBAT.cleanStatic,19,14859,478224,4,2,1,1,1,1,True,0x1914f307
TEXBAT.cleanStatic,19,14859,478224,4,3,1,1,0,0,True,0x2190c810
TEXBAT.cleanStatic,19,14859,478224,4,4,0,0,1,0,True,0x301c6352
TEXBAT.cleanStatic,19,14859,478224,4,5,1,0,1,1,True,0x2f05d0ef
TEXBAT.cleanStatic,19,14859,478224,4,6,1,1,0,0,True,0x0a61222c
TEXBAT.cleanStatic,19,14859,478224,4,7,0,0,0,0,True,0x330c86dc
TEXBAT.cleanStatic,19,14859,478224,4,8,0,0,0,0,True,0x34b4015c
TEXBAT.cleanStatic,19,14859,478224,4,9,0,0,1,0,True,0x00990e46
TEXBAT.cleanStatic,19,14859,478224,4,10,1,0,1,1,True,0x1ca09813
TEXBAT.cleanStatic,19,15159,478230,5,1,1,1,1,1,True,0x1d3d56fb
TEXBAT.cleanStatic,19,15159,478230,5,2,1,1,1,1,True,0x1914d28f
TEXBAT.cleanStatic,19,15159,478230,5,3,1,1,1,0,True,0x2bf2a576
TEXBAT.cleanStatic,19,15159,478230,5,4,1,0,0,1,True,0x03c66631
TEXBAT.cleanStatic,19,15159,478230,5,5,0,1,0,1,True,0x00ac7fc5
TEXBAT.cleanStatic,19,15159,478230,5,6,0,1,0,1,True,0x17bc9bcd
TEXBAT.cleanStatic,19,15159,478230,5,7,0,1,1,0,True,0x35d34e3a
TEXBAT.cleanStatic,19,15159,478230,5,8,1,0,0,0,True,0x004f0864
TEXBAT.cleanStatic,19,15159,478230,5,9,0,0,1,1,True,0x260a288f
TEXBAT.cleanStatic,19,15159,478230,5,10,1,1,1,1,True,0x083ff99b
TEXBAT.cleanStatic,19,15459,478236,1,1,1,1,1,1,True,0x1d3d56fb
TEXBAT.cleanStatic,19,15459,478236,1,2,1,1,1,1,True,0x1914b68b
TEXBAT.cleanStatic,19,15459,478236,1,3,1,1,0,0,True,0x156bffc0
TEXBAT.cleanStatic,19,15459,478236,1,4,0,0,0,1,True,0x15019bad
TEXBAT.cleanStatic,19,15459,478236,1,5,0,1,0,0,True,0x26f1877c
TEXBAT.cleanStatic,19,15459,478236,1,6,0,0,1,1,True,0x29a3d01b
TEXBAT.cleanStatic,19,15459,478236,1,7,1,1,0,1,True,0x3cdbc7d5
TEXBAT.cleanStatic,19,15459,478236,1,8,0,1,0,0,True,0x22628e48
TEXBAT.cleanStatic,19,15459,478236,1,9,0,0,0,1,True,0x003ff861
TEXBAT.cleanStatic,19,15459,478236,1,10,0,1,1,1,True,0x09f443f7
TEXBAT.cleanStatic,19,15759,478242,2,1,1,1,1,1,True,0x1d3d56fb
TEXBAT.cleanStatic,19,15759,478242,2,2,1,1,1,1,True,0x191495e3
TEXBAT.cleanStatic,19,15759,478242,2,3,1,1,0,1,True,0x22436351
TEXBAT.cleanStatic,19,15759,478242,2,4,0,1,0,1,True,0x33097cc5
TEXBAT.cleanStatic,19,15759,478242,2,5,0,1,0,0,True,0x075f18e8
TEXBAT.cleanStatic,19,15759,478242,2,6,0,0,1,0,True,0x3d0bc126
TEXBAT.cleanStatic,19,15759,478242,2,7,1,0,0,1,True,0x19d7ce89
TEXBAT.cleanStatic,19,15759,478242,2,8,0,1,1,0,True,0x3bfc57ba
TEXBAT.cleanStatic,19,15759,478242,2,9,1,0,1,0,True,0x033db8c6
TEXBAT.cleanStatic,19,15759,478242,2,10,1,0,1,1,True,0x1d719f1f
TEXBAT.cleanStatic,19,16059,478248,3,1,1,1,1,1,True,0x1d3d56fb
TEXBAT.cleanStatic,19,16059,478248,3,2,1,1,1,1,True,0x191474df
TEXBAT.cleanStatic,19,16059,478248,3,3,1,1,0,1,True,0x3fed295d
TEXBAT.cleanStatic,19,16059,478248,3,4,0,1,1,1,True,0x3428af63
TEXBAT.cleanStatic,19,16059,478248,3,5,1,1,0,1,True,0x3ff4f629
TEXBAT.cleanStatic,19,16059,478248,3,6,0,1,0,1,True,0x365d32d5
TEXBAT.cleanStatic,19,16059,478248,3,7,0,1,1,1,True,0x38e53d5f
TEXBAT.cleanStatic,19,16059,478248,3,8,1,1,0,1,True,0x3aa7627d
TEXBAT.cleanStatic,19,16059,478248,3,9,0,1,1,1,True,0x0016e7c3
TEXBAT.cleanStatic,19,16059,478248,3,10,1,1,1,1,True,0x2246e737
TEXBAT.cleanStatic,19,16359,478254,4,1,1,1,1,1,True,0x1d3d56fb
TEXBAT.cleanStatic,19,16359,478254,4,2,1,1,1,1,True,0x1914539b
TEXBAT.cleanStatic,19,16359,478254,4,3,1,1,1,0,True,0x22352da6
TEXBAT.cleanStatic,19,16359,478254,4,4,1,0,0,1,True,0x12ce94b5
TEXBAT.cleanStatic,19,16359,478254,4,5,0,1,1,0,True,0x31f16f62
TEXBAT.cleanStatic,19,16359,478254,4,6,1,0,1,1,True,0x0c91d1d7
TEXBAT.cleanStatic,19,16359,478254,4,7,1,1,1,0,True,0x322eed92
TEXBAT.cleanStatic,19,16359,478254,4,8,1,0,0,1,True,0x14d1d1d5
TEXBAT.cleanStatic,19,16359,478254,4,9,0,1,0,1,True,0x2e352a99
TEXBAT.cleanStatic,19,16359,478254,4,10,0,1,1,1,True,0x2af47fb7
TEXBAT.cleanStatic,19,16659,478260,5,1,1,1,1,1,True,0x1d3d56fb
TEXBAT.cleanStatic,19,16659,478260,5,2,1,1,1,1,True,0x191432eb
TEXBAT.cleanStatic,19,16659,478260,5,3,1,1,0,1,True,0x2bb09501
TEXBAT.cleanStatic,19,16659,478260,5,4,0,1,1,1,True,0x3c3c950b
TEXBAT.cleanStatic,19,16659,478260,5,5,1,1,0,0,True,0x00b3bfd4
TEXBAT.cleanStatic,19,16659,478260,5,6,0,0,1,0,True,0x28435ada
TEXBAT.cleanStatic,19,16659,478260,5,7,1,0,0,0,True,0x14c454c8
TEXBAT.cleanStatic,19,16659,478260,5,8,0,0,1,0,True,0x289adafe
TEXBAT.cleanStatic,19,16659,478260,5,9,1,0,0,0,True,0x1cbd977c
TEXBAT.cleanStatic,19,16659,478260,5,10,0,0,1,1,True,0x033ffdfb
TEXBAT.cleanStatic,19,16959,478266,1,1,1,1,1,1,True,0x1d3d56fb
TEXBAT.cleanStatic,19,16959,478266,1,2,1,1,1,1,True,0x19141617
TEXBAT.cleanStatic,19,16959,478266,1,3,1,1,0,0,True,0x156bffc0
TEXBAT.cleanStatic,19,16959,478266,1,4,0,0,0,1,True,0x15019bad
TEXBAT.cleanStatic,19,16959,478266,1,5,0,1,0,0,True,0x26f1877c
TEXBAT.cleanStatic,19,16959,478266,1,6,0,0,1,1,True,0x29a3d01b
TEXBAT.cleanStatic,19,16959,478266,1,7,1,1,0,1,True,0x3cdbc7d5
TEXBAT.cleanStatic,19,16959,478266,1,8,0,1,0,0,True,0x22628e48
TEXBAT.cleanStatic,19,16959,478266,1,9,0,0,0,1,True,0x003ff861
TEXBAT.cleanStatic,19,16959,478266,1,10,0,1,1,1,True,0x09f443f7
TEXBAT.cleanStatic,19,17259,478272,2,1,1,1,1,1,True,0x1d3d56fb
TEXBAT.cleanStatic,19,17259,478272,2,2,1,1,1,1,True,0x1913f5a3
TEXBAT.cleanStatic,19,17259,478272,2,3,1,1,0,1,True,0x22436351
TEXBAT.cleanStatic,19,17259,478272,2,4,0,1,0,1,True,0x33097cc5
TEXBAT.cleanStatic,19,17259,478272,2,5,0,1,0,0,True,0x075f18e8
TEXBAT.cleanStatic,19,17259,478272,2,6,0,0,1,0,True,0x3d0bc126
TEXBAT.cleanStatic,19,17259,478272,2,7,1,0,0,1,True,0x19d7ce89
TEXBAT.cleanStatic,19,17259,478272,2,8,0,1,1,0,True,0x3bfc57ba
TEXBAT.cleanStatic,19,17259,478272,2,9,1,0,1,0,True,0x033db8c6
TEXBAT.cleanStatic,19,17259,478272,2,10,1,0,1,1,True,0x1d719f1f
TEXBAT.cleanStatic,19,17559,478278,3,1,1,1,1,1,True,0x1d3d56fb
TEXBAT.cleanStatic,19,17559,478278,3,2,1,1,1,1,True,0x1913d42b
TEXBAT.cleanStatic,19,17559,478278,3,3,1,1,0,1,True,0x3fed295d
TEXBAT.cleanStatic,19,17559,478278,3,4,0,1,1,1,True,0x3428af63
TEXBAT.cleanStatic,19,17559,478278,3,5,1,1,0,1,True,0x3ff4f629
TEXBAT.cleanStatic,19,17559,478278,3,6,0,1,0,1,True,0x365d32d5
TEXBAT.cleanStatic,19,17559,478278,3,7,0,1,1,1,True,0x38e53d5f
TEXBAT.cleanStatic,19,17559,478278,3,8,1,1,0,1,True,0x3aa7627d
TEXBAT.cleanStatic,19,17559,478278,3,9,0,1,1,1,True,0x0016e7c3
TEXBAT.cleanStatic,19,17559,478278,3,10,1,1,1,1,True,0x2246e737
TEXBAT.cleanStatic,19,17859,478284,4,1,1,1,1,1,True,0x1d3d56fb
TEXBAT.cleanStatic,19,17859,478284,4,2,1,1,1,1,True,0x1913b397
TEXBAT.cleanStatic,19,17859,478284,4,3,1,1,1,1,True,0x21fcbf6b
TEXBAT.cleanStatic,19,17859,478284,4,4,1,1,1,0,True,0x0000740a
TEXBAT.cleanStatic,19,17859,478284,4,5,1,0,0,1,True,0x017f7ea1
TEXBAT.cleanStatic,19,17859,478284,4,6,0,1,0,0,True,0x000001e8
TEXBAT.cleanStatic,19,17859,478284,4,7,0,0,0,0,True,0x00000000
TEXBAT.cleanStatic,19,17859,478284,4,8,0,0,1,1,True,0x0043ea93
TEXBAT.cleanStatic,19,17859,478284,4,9,1,1,0,1,True,0x3bd87e3d
TEXBAT.cleanStatic,19,17859,478284,4,10,0,1,1,1,True,0x3bffff6f
TEXBAT.cleanStatic,19,18159,478290,5,1,1,1,1,1,True,0x1d3d56fb
TEXBAT.cleanStatic,19,18159,478290,5,2,1,1,1,1,True,0x1913921f
TEXBAT.cleanStatic,19,18159,478290,5,3,1,1,0,0,True,0x2b641090
TEXBAT.cleanStatic,19,18159,478290,5,4,0,0,0,0,True,0x03fdc73c
TEXBAT.cleanStatic,19,18159,478290,5,5,0,0,1,1,True,0x3f484013
TEXBAT.cleanStatic,19,18159,478290,5,6,1,1,0,1,True,0x17bca8ed
TEXBAT.cleanStatic,19,18159,478290,5,7,0,1,0,1,True,0x1637a705
TEXBAT.cleanStatic,19,18159,478290,5,8,0,1,1,1,True,0x15d5764b
TEXBAT.cleanStatic,19,18159,478290,5,9,1,1,0,0,True,0x146c0f6c
TEXBAT.cleanStatic,19,18159,478290,5,10,0,0,1,1,True,0x07000a0b
TEXBAT.cleanStatic,19,18459,478296,1,1,1,1,1,1,True,0x1d3d56fb
TEXBAT.cleanStatic,19,18459,478296,1,2,1,1,1,1,True,0x19137657
TEXBAT.cleanStatic,19,18459,478296,1,3,1,1,0,0,True,0x156bffc0
TEXBAT.cleanStatic,19,18459,478296,1,4,0,0,0,1,True,0x15019bad
TEXBAT.cleanStatic,19,18459,478296,1,5,0,1,0,0,True,0x26f1877c
TEXBAT.cleanStatic,19,18459,478296,1,6,0,0,1,1,True,0x29a3d01b
TEXBAT.cleanStatic,19,18459,478296,1,7,1,1,0,1,True,0x3cdbc7d5
TEXBAT.cleanStatic,19,18459,478296,1,8,0,1,0,0,True,0x22628e48
TEXBAT.cleanStatic,19,18459,478296,1,9,0,0,0,1,True,0x003ff861
TEXBAT.cleanStatic,19,18459,478296,1,10,0,1,1,1,True,0x09f443f7
TEXBAT.cleanStatic,19,18759,478302,2,1,1,1,1,1,True,0x1d3d56fb
TEXBAT.cleanStatic,19,18759,478302,2,2,1,1,1,1,True,0x1913553f
TEXBAT.cleanStatic,19,18759,478302,2,3,1,1,0,1,True,0x22436351
TEXBAT.cleanStatic,19,18759,478302,2,4,0,1,0,1,True,0x33097cc5
TEXBAT.cleanStatic,19,18759,478302,2,5,0,1,0,0,True,0x075f18e8
TEXBAT.cleanStatic,19,18759,478302,2,6,0,0,1,0,True,0x3d0bc126
TEXBAT.cleanStatic,19,18759,478302,2,7,1,0,0,1,True,0x19d7ce89
TEXBAT.cleanStatic,19,18759,478302,2,8,0,1,1,0,True,0x3bfc57ba
TEXBAT.cleanStatic,19,18759,478302,2,9,1,0,1,0,True,0x033db8c6
TEXBAT.cleanStatic,19,18759,478302,2,10,1,0,1,1,True,0x1d719f1f
TEXBAT.cleanStatic,19,19059,478308,3,1,1,1,1,1,True,0x1d3d56fb
TEXBAT.cleanStatic,19,19059,478308,3,2,1,1,1,1,True,0x1913344f
TEXBAT.cleanStatic,19,19059,478308,3,3,1,1,0,1,True,0x3fed295d
TEXBAT.cleanStatic,19,19059,478308,3,4,0,1,1,1,True,0x3428af63
TEXBAT.cleanStatic,19,19059,478308,3,5,1,1,0,1,True,0x3ff4f629
TEXBAT.cleanStatic,19,19059,478308,3,6,0,1,0,1,True,0x365d32d5
TEXBAT.cleanStatic,19,19059,478308,3,7,0,1,1,1,True,0x38e53d5f
TEXBAT.cleanStatic,19,19059,478308,3,8,1,1,0,1,True,0x3aa7627d
TEXBAT.cleanStatic,19,19059,478308,3,9,0,1,1,1,True,0x0016e7c3
TEXBAT.cleanStatic,19,19059,478308,3,10,1,1,1,1,True,0x2246e737
TEXBAT.cleanStatic,19,19359,478314,4,1,1,1,1,1,True,0x1d3d56fb
TEXBAT.cleanStatic,19,19359,478314,4,2,1,1,1,1,True,0x1913130b
TEXBAT.cleanStatic,19,19359,478314,4,3,1,1,1,1,True,0x217629cf
TEXBAT.cleanStatic,19,19359,478314,4,4,1,1,1,1,True,0x3bc9c2bb
TEXBAT.cleanStatic,19,19359,478314,4,5,1,1,0,0,True,0x3bc8db00
TEXBAT.cleanStatic,19,19359,478314,4,6,0,0,1,0,True,0x147264ce
TEXBAT.cleanStatic,19,19359,478314,4,7,1,0,0,1,True,0x10448eb1
TEXBAT.cleanStatic,19,19359,478314,4,8,0,1,1,0,True,0x171dbe4a
TEXBAT.cleanStatic,19,19359,478314,4,9,1,0,0,0,True,0x1e56b270
TEXBAT.cleanStatic,19,19359,478314,4,10,0,0,1,1,True,0x247ead7f
TEXBAT.cleanStatic,19,19659,478320,5,1,1,1,1,1,True,0x1d3d56fb
TEXBAT.cleanStatic,19,19659,478320,5,2,1,1,1,1,True,0x1912f2ff
TEXBAT.cleanStatic,19,19659,478320,5,3,1,1,0,1,True,0x2b2e63c5
TEXBAT.cleanStatic,19,19659,478320,5,4,0,1,1,1,True,0x3c3d02df
TEXBAT.cleanStatic,19,19659,478320,5,5,1,1,0,1,True,0x00b37fc5
TEXBAT.cleanStatic,19,19659,478320,5,6,0,1,1,1,True,0x17bce0d3
TEXBAT.cleanStatic,19,19659,478320,5,7,1,1,0,0,True,0x2ab22dbc
TEXBAT.cleanStatic,19,19659,478320,5,8,0,0,0,1,True,0x028ac335
TEXBAT.cleanStatic,19,19659,478320,5,9,0,1,0,1,True,0x2ba8a9ed
TEXBAT.cleanStatic,19,19659,478320,5,10,0,1,1,1,True,0x09c00667
TEXBAT.cleanStatic,19,19959,478326,1,1,1,1,1,1,True,0x1d3d56fb
TEXBAT.cleanStatic,19,19959,478326,1,2,1,1,1,1,True,0x1912d603
TEXBAT.cleanStatic,19,19959,478326,1,3,1,1,0,0,True,0x156bffc0
TEXBAT.cleanStatic,19,19959,478326,1,4,0,0,0,1,True,0x15019bad
TEXBAT.cleanStatic,19,19959,478326,1,5,0,1,0,0,True,0x26f1877c
TEXBAT.cleanStatic,19,19959,478326,1,6,0,0,1,1,True,0x29a3d01b
TEXBAT.cleanStatic,19,19959,478326,1,7,1,1,0,1,True,0x3cdbc7d5
TEXBAT.cleanStatic,19,19959,478326,1,8,0,1,0,0,True,0x22628e48
TEXBAT.cleanStatic,19,19959,478326,1,9,0,0,0,1,True,0x003ff861
TEXBAT.cleanStatic,19,19959,478326,1,10,0,1,1,1,True,0x09f443f7
TEXBAT.cleanStatic,19,20259,478332,2,1,1,1,1,1,True,0x1d3d56fb
TEXBAT.cleanStatic,19,20259,478332,2,2,1,1,1,1,True,0x1912b593
TEXBAT.cleanStatic,19,20259,478332,2,3,1,1,0,1,True,0x22436351
TEXBAT.cleanStatic,19,20259,478332,2,4,0,1,0,1,True,0x33097cc5
TEXBAT.cleanStatic,19,20259,478332,2,5,0,1,0,0,True,0x075f18e8
TEXBAT.cleanStatic,19,20259,478332,2,6,0,0,1,0,True,0x3d0bc126
TEXBAT.cleanStatic,19,20259,478332,2,7,1,0,0,1,True,0x19d7ce89
TEXBAT.cleanStatic,19,20259,478332,2,8,0,1,1,0,True,0x3bfc57ba
TEXBAT.cleanStatic,19,20259,478332,2,9,1,0,1,0,True,0x033db8c6
TEXBAT.cleanStatic,19,20259,478332,2,10,1,0,1,1,True,0x1d719f1f
TEXBAT.cleanStatic,19,20559,478338,3,1,1,1,1,1,True,0x1d3d56fb
TEXBAT.cleanStatic,19,20559,478338,3,2,1,1,1,1,True,0x1912941b
TEXBAT.cleanStatic,19,20559,478338,3,3,1,1,0,1,True,0x3fed295d
TEXBAT.cleanStatic,19,20559,478338,3,4,0,1,1,1,True,0x3428af63
TEXBAT.cleanStatic,19,20559,478338,3,5,1,1,0,1,True,0x3ff4f629
TEXBAT.cleanStatic,19,20559,478338,3,6,0,1,0,1,True,0x365d32d5
TEXBAT.cleanStatic,19,20559,478338,3,7,0,1,1,1,True,0x38e53d5f
TEXBAT.cleanStatic,19,20559,478338,3,8,1,1,0,1,True,0x3aa7627d
TEXBAT.cleanStatic,19,20559,478338,3,9,0,1,1,1,True,0x0016e7c3
TEXBAT.cleanStatic,19,20559,478338,3,10,1,1,1,1,True,0x2246e737
TEXBAT.cleanStatic,19,20859,478344,4,1,1,1,1,1,True,0x1d3d56fb
TEXBAT.cleanStatic,19,20859,478344,4,2,1,1,1,1,True,0x191273eb
TEXBAT.cleanStatic,19,20859,478344,4,3,1,1,0,1,True,0x21326721
TEXBAT.cleanStatic,19,20859,478344,4,4,0,1,1,0,True,0x0c98277e
TEXBAT.cleanStatic,19,20859,478344,4,5,1,0,0,0,True,0x0b662504
TEXBAT.cleanStatic,19,20859,478344,4,6,0,0,0,0,True,0x1e8480a4
TEXBAT.cleanStatic,19,20859,478344,4,7,0,0,0,1,True,0x21fd74d9
TEXBAT.cleanStatic,19,20859,478344,4,8,0,1,0,0,True,0x22cbfe40
TEXBAT.cleanStatic,19,20859,478344,4,9,0,0,0,0,True,0x224ff520
TEXBAT.cleanStatic,19,20859,478344,4,10,0,0,1,1,True,0x3be47423
TEXBAT.cleanStatic,19,21159,478350,5,1,1,1,1,1,True,0x1d3d56fb
TEXBAT.cleanStatic,19,21159,478350,5,2,1,1,1,1,True,0x19125263
TEXBAT.cleanStatic,19,21159,478350,5,3,1,1,0,1,True,0x2af5b655
TEXBAT.cleanStatic,19,21159,478350,5,4,0,1,1,0,True,0x3c021fae
TEXBAT.cleanStatic,19,21159,478350,5,5,1,0,1,0,True,0x3f49000a
TEXBAT.cleanStatic,19,21159,478350,5,6,1,0,0,1,True,0x28432721
TEXBAT.cleanStatic,19,21159,478350,5,7,0,1,0,0,True,0x16c39078
TEXBAT.cleanStatic,19,21159,478350,5,8,0,0,0,1,True,0x0cf7f3c1
TEXBAT.cleanStatic,19,21159,478350,5,9,0,1,1,0,True,0x0fd1621e
TEXBAT.cleanStatic,19,21159,478350,5,10,1,0,1,1,True,0x0240000b
TEXBAT.cleanStatic,19,21459,478356,1,1,1,1,1,1,True,0x1d3d56fb
TEXBAT.cleanStatic,19,21459,478356,1,2,1,1,1,1,True,0x19123667
TEXBAT.cleanStatic,19,21459,478356,1,3,1,1,0,0,True,0x156bffc0
TEXBAT.cleanStatic,19,21459,478356,1,4,0,0,0,1,True,0x15019bad
TEXBAT.cleanStatic,19,21459,478356,1,5,0,1,0,0,True,0x26f1877c
TEXBAT.cleanStatic,19,21459,478356,1,6,0,0,1,1,True,0x29a3d01b
TEXBAT.cleanStatic,19,21459,478356,1,7,1,1,0,1,True,0x3cdbc7d5
TEXBAT.cleanStatic,19,21459,478356,1,8,0,1,0,0,True,0x22628e48
TEXBAT.cleanStatic,19,21459,478356,1,9,0,0,0,1,True,0x003ff861
TEXBAT.cleanStatic,19,21459,478356,1,10,0,1,1,1,True,0x09f443f7
TEXBAT.cleanStatic,30,159,477930,5,1,1,1,1,1,True,0x1d3d56fb
TEXBAT.cleanStatic,30,159,477930,5,2,1,1,1,1,True,0x191b12c7
TEXBAT.cleanStatic,30,159,477930,5,3,1,1,1,0,True,0x2e70fe42
TEXBAT.cleanStatic,30,159,477930,5,4,1,0,0,0,True,0x03ff62c0
TEXBAT.cleanStatic,30,159,477930,5,5,0,0,1,1,True,0x3f45c03b
TEXBAT.cleanStatic,30,159,477930,5,6,1,1,1,0,True,0x17bcc392
TEXBAT.cleanStatic,30,159,477930,5,7,1,0,0,0,True,0x13c8c4e8
TEXBAT.cleanStatic,30,159,477930,5,8,0,0,1,1,True,0x3b7a7733
TEXBAT.cleanStatic,30,159,477930,5,9,1,1,0,1,True,0x1cecb549
TEXBAT.cleanStatic,30,159,477930,5,10,0,1,1,1,True,0x0100083b
TEXBAT.cleanStatic,30,459,477936,1,1,1,1,1,1,True,0x1d3d56fb
TEXBAT.cleanStatic,30,459,477936,1,2,1,1,1,1,True,0x191af647
TEXBAT.cleanStatic,30,459,477936,1,3,1,1,0,1,True,0x156a7fe1
TEXBAT.cleanStatic,30,459,477936,1,4,0,1,0,0,True,0x26fe645c
TEXBAT.cleanStatic,30,459,477936,1,5,0,0,1,0,True,0x190e78aa
TEXBAT.cleanStatic,30,459,477936,1,6,1,0,1,0,True,0x29a3d032
TEXBAT.cleanStatic,30,459,477936,1,7,1,0,1,0,True,0x03243dd2
TEXBAT.cleanStatic,30,459,477936,1,8,1,0,0,1,True,0x2c5d7189
TEXBAT.cleanStatic,30,459,477936,1,9,0,1,0,1,True,0x3fffd3c5
TEXBAT.cleanStatic,30,459,477936,1,10,0,1,1,1,True,0x0d8c0f9b
TEXBAT.cleanStatic,30,759,477942,2,1,1,1,1,1,True,0x1d3d56fb
TEXBAT.cleanStatic,30,759,477942,2,2,1,1,1,1,True,0x191ad52f
TEXBAT.cleanStatic,30,759,477942,2,3,1,1,0,1,True,0x13bdd98d
TEXBAT.cleanStatic,30,759,477942,2,4,0,1,1,0,True,0x31ef75be
TEXBAT.cleanStatic,30,759,477942,2,5,1,0,0,1,True,0x0174cb49
TEXBAT.cleanStatic,30,759,477942,2,6,0,1,1,0,True,0x3e2e3ea2
TEXBAT.cleanStatic,30,759,477942,2,7,1,0,0,1,True,0x2e1c58a1
TEXBAT.cleanStatic,30,759,477942,2,8,0,1,1,0,True,0x3dd857b6
TEXBAT.cleanStatic,30,759,477942,2,9,1,0,1,0,True,0x036852d6
TEXBAT.cleanStatic,30,759,477942,2,10,1,0,1,1,True,0x1d719f1f
TEXBAT.cleanStatic,30,1059,477948,3,1,1,1,1,1,True,0x1d3d56fb
TEXBAT.cleanStatic,30,1059,477948,3,2,1,1,1,1,True,0x191ab45f
TEXBAT.cleanStatic,30,1059,477948,3,3,1,1,1,1,True,0x0019f62f
TEXBAT.cleanStatic,30,1059,477948,3,4,1,1,1,1,True,0x10d24423
TEXBAT.cleanStatic,30,1059,477948,3,5,1,1,1,0,True,0x0014b616
TEXBAT.cleanStatic,30,1059,477948,3,6,1,0,0,1,True,0x09d82479
TEXBAT.cleanStatic,30,1059,477948,3,7,0,1,1,0,True,0x3685ef9e
TEXBAT.cleanStatic,30,1059,477948,3,8,1,0,1,0,True,0x1d382882
TEXBAT.cleanStatic,30,1059,477948,3,9,1,0,1,1,True,0x3fe8375f
TEXBAT.cleanStatic,30,1059,477948,3,10,1,1,1,1,True,0x13bbd03f
TEXBAT.cleanStatic,30,1359,477954,4,1,1,1,1,1,True,0x1d3d56fb
TEXBAT.cleanStatic,30,1359,477954,4,2,1,1,1,1,True,0x191a931b
TEXBAT.cleanStatic,30,1359,477954,4,3,1,1,0,1,True,0x28bc38e1
TEXBAT.cleanStatic,30,1359,477954,4,4,0,1,1,0,True,0x3c3c7d76
TEXBAT.cleanStatic,30,1359,477954,4,5,1,0,0,0,True,0x3f4d403c
TEXBAT.cleanStatic,30,1359,477954,4,6,0,0,0,1,True,0x28437429
TEXBAT.cleanStatic,30,1359,477954,4,7,0,1,1,1,True,0x2b2527af
TEXBAT.cleanStatic,30,1359,477954,4,8,1,1,0,0,True,0x0ac676ec
TEXBAT.cleanStatic,30,1359,477954,4,9,0,0,1,1,True,0x392e9f77
TEXBAT.cleanStatic,30,1359,477954,4,10,1,1,1,1,True,0x347ff2ab
TEXBAT.cleanStatic,30,1659,477960,5,1,1,1,1,1,True,0x1d3d56fb
TEXBAT.cleanStatic,30,1659,477960,5,2,1,1,1,1,True,0x191a7227
TEXBAT.cleanStatic,30,1659,477960,5,3,1,1,0,0,True,0x2e33c390
TEXBAT.cleanStatic,30,1659,477960,5,4,0,0,1,0,True,0x03c57ec6
TEXBAT.cleanStatic,30,1659,477960,5,5,1,0,1,0,True,0x3f5a002a
TEXBAT.cleanStatic,30,1659,477960,5,6,1,0,0,1,True,0x28435e29
TEXBAT.cleanStatic,30,1659,477960,5,7,0,1,0,0,True,0x00c5ef48
TEXBAT.cleanStatic,30,1659,477960,5,8,0,0,1,1,True,0x219d1bd3
TEXBAT.cleanStatic,30,1659,477960,5,9,1,1,0,0,True,0x3f8f5828
TEXBAT.cleanStatic,30,1659,477960,5,10,0,0,1,1,True,0x040008f3
TEXBAT.cleanStatic,30,1959,477966,1,1,1,1,1,1,True,0x1d3d56fb
TEXBAT.cleanStatic,30,1959,477966,1,2,1,1,1,1,True,0x191a56db
TEXBAT.cleanStatic,30,1959,477966,1,3,1,1,0,1,True,0x156a7fe1
TEXBAT.cleanStatic,30,1959,477966,1,4,0,1,0,0,True,0x26fe645c
TEXBAT.cleanStatic,30,1959,477966,1,5,0,0,1,0,True,0x190e78aa
TEXBAT.cleanStatic,30,1959,477966,1,6,1,0,1,0,True,0x29a3d032
TEXBAT.cleanStatic,30,1959,477966,1,7,1,0,1,0,True,0x03243dd2
TEXBAT.cleanStatic,30,1959,477966,1,8,1,0,0,1,True,0x2c5d7189
TEXBAT.cleanStatic,30,1959,477966,1,9,0,1,0,1,True,0x3fffd3c5
TEXBAT.cleanStatic,30,1959,477966,1,10,0,1,1,1,True,0x0d8c0f9b
TEXBAT.cleanStatic,30,2259,477972,2,1,1,1,1,1,True,0x1d3d56fb
TEXBAT.cleanStatic,30,2259,477972,2,2,1,1,1,1,True,0x191a354b
TEXBAT.cleanStatic,30,2259,477972,2,3,1,1,0,1,True,0x13bdd98d
TEXBAT.cleanStatic,30,2259,477972,2,4,0,1,1,0,True,0x31ef75be
TEXBAT.cleanStatic,30,2259,477972,2,5,1,0,0,1,True,0x0174cb49
TEXBAT.cleanStatic,30,2259,477972,2,6,0,1,1,0,True,0x3e2e3ea2
TEXBAT.cleanStatic,30,2259,477972,2,7,1,0,0,1,True,0x2e1c58a1
TEXBAT.cleanStatic,30,2259,477972,2,8,0,1,1,0,True,0x3dd857b6
TEXBAT.cleanStatic,30,2259,477972,2,9,1,0,1,0,True,0x036852d6
TEXBAT.cleanStatic,30,2259,477972,2,10,1,0,1,1,True,0x1d719f1f
TEXBAT.cleanStatic,30,2559,477978,3,1,1,1,1,1,True,0x1d3d56fb
TEXBAT.cleanStatic,30,2559,477978,3,2,1,1,1,1,True,0x191a14c3
TEXBAT.cleanStatic,30,2559,477978,3,3,1,1,1,1,True,0x0019f62f
TEXBAT.cleanStatic,30,2559,477978,3,4,1,1,1,1,True,0x10d24423
TEXBAT.cleanStatic,30,2559,477978,3,5,1,1,1,0,True,0x0014b616
TEXBAT.cleanStatic,30,2559,477978,3,6,1,0,0,1,True,0x09d82479
TEXBAT.cleanStatic,30,2559,477978,3,7,0,1,1,0,True,0x3685ef9e
TEXBAT.cleanStatic,30,2559,477978,3,8,1,0,1,0,True,0x1d382882
TEXBAT.cleanStatic,30,2559,477978,3,9,1,0,1,1,True,0x3fe8375f
TEXBAT.cleanStatic,30,2559,477978,3,10,1,1,1,1,True,0x13bbd03f
TEXBAT.cleanStatic,30,2859,477984,4,1,1,1,1,1,True,0x1d3d56fb
TEXBAT.cleanStatic,30,2859,477984,4,2,1,1,1,1,True,0x1919f363
TEXBAT.cleanStatic,30,2859,477984,4,3,1,1,0,1,True,0x28692529
TEXBAT.cleanStatic,30,2859,477984,4,4,0,1,0,0,True,0x3c3cf790
TEXBAT.cleanStatic,30,2859,477984,4,5,0,0,1,0,True,0x3f50c01e
TEXBAT.cleanStatic,30,2859,477984,4,6,1,0,1,0,True,0x28435152
TEXBAT.cleanStatic,30,2859,477984,4,7,1,0,0,0,True,0x08b13914
TEXBAT.cleanStatic,30,2859,477984,4,8,0,0,0,1,True,0x10601665
TEXBAT.cleanStatic,30,2859,477984,4,9,0,1,1,1,True,0x24a11fbf
TEXBAT.cleanStatic,30,2859,477984,4,10,1,1,1,1,True,0x0d7fd453
TEXBAT.cleanStatic,30,3159,477990,5,1,1,1,1,1,True,0x1d3d56fb
TEXBAT.cleanStatic,30,3159,477990,5,2,1,1,1,1,True,0x1919d2eb
TEXBAT.cleanStatic,30,3159,477990,5,3,1,1,1,0,True,0x2de5f2a6
TEXBAT.cleanStatic,30,3159,477990,5,4,1,0,1,1,True,0x03c923b7
TEXBAT.cleanStatic,30,3159,477990,5,5,1,1,1,1,True,0x00a03feb
TEXBAT.cleanStatic,30,3159,477990,5,6,1,1,1,1,True,0x17bcc337
TEXBAT.cleanStatic,30,3159,477990,5,7,1,1,0,0,True,0x3fe68468
TEXBAT.cleanStatic,30,3159,477990,5,8,0,0,0,1,True,0x2220a375
TEXBAT.cleanStatic,30,3159,477990,5,9,0,1,0,0,True,0x065cb768
TEXBAT.cleanStatic,30,3159,477990,5,10,0,0,1,1,True,0x000002b3
TEXBAT.cleanStatic,30,3459,477996,1,1,1,1,1,1,True,0x1d3d56fb
TEXBAT.cleanStatic,30,3459,477996,1,2,1,1,1,1,True,0x1919b6ef
TEXBAT.cleanStatic,30,3459,477996,1,3,1,1,0,1,True,0x156a7fe1
TEXBAT.cleanStatic,30,3459,477996,1,4,0,1,0,0,True,0x26fe645c
TEXBAT.cleanStatic,30,3459,477996,1,5,0,0,1,0,True,0x190e78aa
TEXBAT.cleanStatic,30,3459,477996,1,6,1,0,1,0,True,0x29a3d032
TEXBAT.cleanStatic,30,3459,477996,1,7,1,0,1,0,True,0x03243dd2
TEXBAT.cleanStatic,30,3459,477996,1,8,1,0,0,1,True,0x2c5d7189
TEXBAT.cleanStatic,30,3459,477996,1,9,0,1,0,1,True,0x3fffd3c5
TEXBAT.cleanStatic,30,3459,477996,1,10,0,1,1,1,True,0x0d8c0f9b
TEXBAT.cleanStatic,30,3759,478002,2,1,1,1,1,1,True,0x1d3d56fb
TEXBAT.cleanStatic,30,3759,478002,2,2,1,1,1,1,True,0x19199587
TEXBAT.cleanStatic,30,3759,478002,2,3,1,1,0,1,True,0x13bdd98d
TEXBAT.cleanStatic,30,3759,478002,2,4,0,1,1,0,True,0x31ef75be
TEXBAT.cleanStatic,30,3759,478002,2,5,1,0,0,1,True,0x0174cb49
TEXBAT.cleanStatic,30,3759,478002,2,6,0,1,1,0,True,0x3e2e3ea2
TEXBAT.cleanStatic,30,3759,478002,2,7,1,0,0,1,True,0x2e1c58a1
TEXBAT.cleanStatic,30,3759,478002,2,8,0,1,1,0,True,0x3dd857b6
TEXBAT.cleanStatic,30,3759,478002,2,9,1,0,1,0,True,0x036852d6
TEXBAT.cleanStatic,30,3759,478002,2,10,1,0,1,1,True,0x1d719f1f
TEXBAT.cleanStatic,30,4059,478008,3,1,1,1,1,1,True,0x1d3d56fb
TEXBAT.cleanStatic,30,4059,478008,3,2,1,1,1,1,True,0x191974bb
TEXBAT.cleanStatic,30,4059,478008,3,3,1,1,1,1,True,0x0019f62f
TEXBAT.cleanStatic,30,4059,478008,3,4,1,1,1,1,True,0x10d24423
TEXBAT.cleanStatic,30,4059,478008,3,5,1,1,1,0,True,0x0014b616
TEXBAT.cleanStatic,30,4059,478008,3,6,1,0,0,1,True,0x09d82479
TEXBAT.cleanStatic,30,4059,478008,3,7,0,1,1,0,True,0x3685ef9e
TEXBAT.cleanStatic,30,4059,478008,3,8,1,0,1,0,True,0x1d382882
TEXBAT.cleanStatic,30,4059,478008,3,9,1,0,1,1,True,0x3fe8375f
TEXBAT.cleanStatic,30,4059,478008,3,10,1,1,1,1,True,0x13bbd03f
TEXBAT.cleanStatic,30,4359,478014,4,1,1,1,1,1,True,0x1d3d56fb
TEXBAT.cleanStatic,30,4359,478014,4,2,1,1,1,1,True,0x191953ff
TEXBAT.cleanStatic,30,4359,478014,4,3,1,1,1,0,True,0x282fff5e
TEXBAT.cleanStatic,30,4359,478014,4,4,1,0,0,0,True,0x03c65114
TEXBAT.cleanStatic,30,4359,478014,4,5,0,0,1,1,True,0x3f5b4033
TEXBAT.cleanStatic,30,4359,478014,4,6,1,1,0,0,True,0x17bc9fc8
TEXBAT.cleanStatic,30,4359,478014,4,7,0,0,0,0,True,0x3f42f438
TEXBAT.cleanStatic,30,4359,478014,4,8,0,0,0,1,True,0x37425a19
TEXBAT.cleanStatic,30,4359,478014,4,9,0,1,0,1,True,0x3ff15c95
TEXBAT.cleanStatic,30,4359,478014,4,10,0,1,1,1,True,0x36ffff7f
TEXBAT.cleanStatic,30,4659,478020,5,1,1,1,1,1,True,0x1d3d56fb
TEXBAT.cleanStatic,30,4659,478020,5,2,1,1,1,1,True,0x1919328f
TEXBAT.cleanStatic,30,4659,478020,5,3,1,1,1,1,True,0x2d9c93a3
TEXBAT.cleanStatic,30,4659,478020,5,4,1,1,1,1,True,0x3c391683
TEXBAT.cleanStatic,30,4659,478020,5,5,1,1,0,1,True,0x00a47fdd
TEXBAT.cleanStatic,30,4659,478020,5,6,0,1,1,1,True,0x17bcdbc3
TEXBAT.cleanStatic,30,4659,478020,5,7,1,1,0,1,True,0x0106e54d
TEXBAT.cleanStatic,30,4659,478020,5,8,0,1,1,0,True,0x2f3b67aa
TEXBAT.cleanStatic,30,4659,478020,5,9,1,0,1,1,True,0x3a01c3e7
TEXBAT.cleanStatic,30,4659,478020,5,10,1,1,1,1,True,0x39fffc27
TEXBAT.cleanStatic,30,4959,478026,1,1,1,1,1,1,True,0x1d3d56fb
TEXBAT.cleanStatic,30,4959,478026,1,2,1,1,1,1,True,0x19191673
TEXBAT.cleanStatic,30,4959,478026,1,3,1,1,0,1,True,0x156a7fe1
TEXBAT.cleanStatic,30,4959,478026,1,4,0,1,0,0,True,0x26fe645c
TEXBAT.cleanStatic,30,4959,478026,1,5,0,0,1,0,True,0x190e78aa
TEXBAT.cleanStatic,30,4959,478026,1,6,1,0,1,0,True,0x29a3d032
TEXBAT.cleanStatic,30,4959,478026,1,7,1,0,1,0,True,0x03243dd2
TEXBAT.cleanStatic,30,4959,478026,1,8,1,0,0,1,True,0x2c5d7189
TEXBAT.cleanStatic,30,4959,478026,1,9,0,1,0,1,True,0x3fffd3c5
TEXBAT.cleanStatic,30,4959,478026,1,10,0,1,1,1,True,0x0d8c0f9b
TEXBAT.cleanStatic,30,5259,478032,2,1,1,1,1,1,True,0x1d3d56fb
TEXBAT.cleanStatic,30,5259,478032,2,2,1,1,1,1,True,0x1918f567
TEXBAT.cleanStatic,30,5259,478032,2,3,1,1,0,1,True,0x13bdd98d
TEXBAT.cleanStatic,30,5259,478032,2,4,0,1,1,0,True,0x31ef75be
TEXBAT.cleanStatic,30,5259,478032,2,5,1,0,0,1,True,0x0174cb49
TEXBAT.cleanStatic,30,5259,478032,2,6,0,1,1,0,True,0x3e2e3ea2
TEXBAT.cleanStatic,30,5259,478032,2,7,1,0,0,1,True,0x2e1c58a1
TEXBAT.cleanStatic,30,5259,478032,2,8,0,1,1,0,True,0x3dd857b6
TEXBAT.cleanStatic,30,5259,478032,2,9,1,0,1,0,True,0x036852d6
TEXBAT.cleanStatic,30,5259,478032,2,10,1,0,1,1,True,0x1d719f1f
TEXBAT.cleanStatic,30,5559,478038,3,1,1,1,1,1,True,0x1d3d56fb
TEXBAT.cleanStatic,30,5559,478038,3,2,1,1,1,1,True,0x1918d4ef
TEXBAT.cleanStatic,30,5559,478038,3,3,1,1,1,1,True,0x0019f62f
TEXBAT.cleanStatic,30,5559,478038,3,4,1,1,1,1,True,0x10d24423
TEXBAT.cleanStatic,30,5559,478038,3,5,1,1,1,0,True,0x0014b616
TEXBAT.cleanStatic,30,5559,478038,3,6,1,0,0,1,True,0x09d82479
TEXBAT.cleanStatic,30,5559,478038,3,7,0,1,1,0,True,0x3685ef9e
TEXBAT.cleanStatic,30,5559,478038,3,8,1,0,1,0,True,0x1d382882
TEXBAT.cleanStatic,30,5559,478038,3,9,1,0,1,1,True,0x3fe8375f
TEXBAT.cleanStatic,30,5559,478038,3,10,1,1,1,1,True,0x13bbd03f
TEXBAT.cleanStatic,30,5859,478044,4,1,1,1,1,1,True,0x1d3d56fb
TEXBAT.cleanStatic,30,5859,478044,4,2,1,1,1,1,True,0x1918b353
TEXBAT.cleanStatic,30,5859,478044,4,3,1,1,1,1,True,0x27e7bc07
TEXBAT.cleanStatic,30,5859,478044,4,4,1,1,0,0,True,0x3c3ea890
TEXBAT.cleanStatic,30,5859,478044,4,5,0,0,1,1,True,0x3f4c402b
TEXBAT.cleanStatic,30,5859,478044,4,6,1,1,1,1,True,0x17bcf4b7
TEXBAT.cleanStatic,30,5859,478044,4,7,1,1,1,1,True,0x15646bcb
TEXBAT.cleanStatic,30,5859,478044,4,8,1,1,1,0,True,0x054a44c2
TEXBAT.cleanStatic,30,5859,478044,4,9,1,0,0,1,True,0x0614d995
TEXBAT.cleanStatic,30,5859,478044,4,10,0,1,1,1,True,0x0fc0075f
TEXBAT.cleanStatic,30,6159,478050,5,1,1,1,1,1,True,0x1d3d56fb
TEXBAT.cleanStatic,30,6159,478050,5,2,1,1,1,1,True,0x191892db
TEXBAT.cleanStatic,30,6159,478050,5,3,1,1,0,0,True,0x2d683718
TEXBAT.cleanStatic,30,6159,478050,5,4,0,0,1,1,True,0x03c06a7b
TEXBAT.cleanStatic,30,6159,478050,5,5,1,1,0,1,True,0x00b4ffe1
TEXBAT.cleanStatic,30,6159,478050,5,6,0,1,1,1,True,0x17bcab2f
TEXBAT.cleanStatic,30,6159,478050,5,7,1,1,0,1,True,0x1615e029
TEXBAT.cleanStatic,30,6159,478050,5,8,0,1,1,0,True,0x38472742
TEXBAT.cleanStatic,30,6159,478050,5,9,1,0,0,0,True,0x26bb5a5c
TEXBAT.cleanStatic,30,6159,478050,5,10,0,0,1,1,True,0x3e4002fb
TEXBAT.cleanStatic,30,6459,478056,1,1,1,1,1,1,True,0x1d3d56fb
TEXBAT.cleanStatic,30,6459,478056,1,2,1,1,1,1,True,0x19187693
TEXBAT.cleanStatic,30,6459,478056,1,3,1,1,0,1,True,0x156a7fe1
TEXBAT.cleanStatic,30,6459,478056,1,4,0,1,0,0,True,0x26fe645c
TEXBAT.cleanStatic,30,6459,478056,1,5,0,0,1,0,True,0x190e78aa
TEXBAT.cleanStatic,30,6459,478056,1,6,1,0,1,0,True,0x29a3d032
TEXBAT.cleanStatic,30,6459,478056,1,7,1,0,1,0,True,0x03243dd2
TEXBAT.cleanStatic,30,6459,478056,1,8,1,0,0,1,True,0x2c5d7189
TEXBAT.cleanStatic,30,6459,478056,1,9,0,1,0,1,True,0x3fffd3c5
TEXBAT.cleanStatic,30,6459,478056,1,10,0,1,1,1,True,0x0d8c0f9b
TEXBAT.cleanStatic,30,6759,478062,2,1,1,1,1,1,True,0x1d3d56fb
TEXBAT.cleanStatic,30,6759,478062,2,2,1,1,1,1,True,0x191855fb
TEXBAT.cleanStatic,30,6759,478062,2,3,1,1,0,1,True,0x13bdd98d
TEXBAT.cleanStatic,30,6759,478062,2,4,0,1,1,0,True,0x31ef75be
TEXBAT.cleanStatic,30,6759,478062,2,5,1,0,0,1,True,0x0174cb49
TEXBAT.cleanStatic,30,6759,478062,2,6,0,1,1,0,True,0x3e2e3ea2
TEXBAT.cleanStatic,30,6759,478062,2,7,1,0,0,1,True,0x2e1c58a1
TEXBAT.cleanStatic,30,6759,478062,2,8,0,1,1,0,True,0x3dd857b6
TEXBAT.cleanStatic,30,6759,478062,2,9,1,0,1,0,True,0x036852d6
TEXBAT.cleanStatic,30,6759,478062,2,10,1,0,1,1,True,0x1d719f1f
TEXBAT.cleanStatic,30,7059,478068,3,1,1,1,1,1,True,0x1d3d56fb
TEXBAT.cleanStatic,30,7059,478068,3,2,1,1,1,1,True,0x1918348b
TEXBAT.cleanStatic,30,7059,478068,3,3,1,1,1,1,True,0x0019f62f
TEXBAT.cleanStatic,30,7059,478068,3,4,1,1,1,1,True,0x10d24423
TEXBAT.cleanStatic,30,7059,478068,3,5,1,1,1,0,True,0x0014b616
TEXBAT.cleanStatic,30,7059,478068,3,6,1,0,0,1,True,0x09d82479
TEXBAT.cleanStatic,30,7059,478068,3,7,0,1,1,0,True,0x3685ef9e
TEXBAT.cleanStatic,30,7059,478068,3,8,1,0,1,0,True,0x1d382882
TEXBAT.cleanStatic,30,7059,478068,3,9,1,0,1,1,True,0x3fe8375f
TEXBAT.cleanStatic,30,7059,478068,3,10,1,1,1,1,True,0x13bbd03f
TEXBAT.cleanStatic,30,7359,478074,4,1,1,1,1,1,True,0x1d3d56fb
TEXBAT.cleanStatic,30,7359,478074,4,2,1,1,1,1,True,0x191813cf
TEXBAT.cleanStatic,30,7359,478074,4,3,1,1,0,0,True,0x2190c810
TEXBAT.cleanStatic,30,7359,478074,4,4,0,0,1,0,True,0x301c6352
TEXBAT.cleanStatic,30,7359,478074,4,5,1,0,1,1,True,0x2f05d0ef
TEXBAT.cleanStatic,30,7359,478074,4,6,1,1,0,0,True,0x0a61222c
TEXBAT.cleanStatic,30,7359,478074,4,7,0,0,0,0,True,0x330c86dc
TEXBAT.cleanStatic,30,7359,478074,4,8,0,0,0,0,True,0x34b4015c
TEXBAT.cleanStatic,30,7359,478074,4,9,0,0,1,0,True,0x00990e46
TEXBAT.cleanStatic,30,7359,478074,4,10,1,0,1,1,True,0x1ed8310f
TEXBAT.cleanStatic,30,7659,478080,5,1,1,1,1,1,True,0x1d3d56fb
TEXBAT.cleanStatic,30,7659,478080,5,2,1,1,1,1,True,0x1917f20f
TEXBAT.cleanStatic,30,7659,478080,5,3,1,1,0,1,True,0x2d245dcd
TEXBAT.cleanStatic,30,7659,478080,5,4,0,1,0,1,True,0x3c08c311
TEXBAT.cleanStatic,30,7659,478080,5,5,0,1,0,0,True,0x00b97fe0
TEXBAT.cleanStatic,30,7659,478080,5,6,0,0,0,0,True,0x28433b5c
TEXBAT.cleanStatic,30,7659,478080,5,7,0,0,0,0,True,0x1c33340c
TEXBAT.cleanStatic,30,7659,478080,5,8,0,0,0,1,True,0x0b196ea1
TEXBAT.cleanStatic,30,7659,478080,5,9,0,1,1,0,True,0x3e35130e
TEXBAT.cleanStatic,30,7659,478080,5,10,1,0,1,1,True,0x363ffa73
TEXBAT.cleanStatic,30,7959,478086,1,1,1,1,1,1,True,0x1d3d56fb
TEXBAT.cleanStatic,30,7959,478086,1,2,1,1,1,1,True,0x1917d6f3
TEXBAT.cleanStatic,30,7959,478086,1,3,1,1,0,1,True,0x156a7fe1
TEXBAT.cleanStatic,30,7959,478086,1,4,0,1,0,0,True,0x26fe645c
TEXBAT.cleanStatic,30,7959,478086,1,5,0,0,1,0,True,0x190e78aa
TEXBAT.cleanStatic,30,7959,478086,1,6,1,0,1,0,True,0x29a3d032
TEXBAT.cleanStatic,30,7959,478086,1,7,1,0,1,0,True,0x03243dd2
TEXBAT.cleanStatic,30,7959,478086,1,8,1,0,0,1,True,0x2c5d7189
TEXBAT.cleanStatic,30,7959,478086,1,9,0,1,0,1,True,0x3fffd3c5
TEXBAT.cleanStatic,30,7959,478086,1,10,0,1,1,1,True,0x0d8c0f9b
TEXBAT.cleanStatic,30,8259,478092,2,1,1,1,1,1,True,0x1d3d56fb
TEXBAT.cleanStatic,30,8259,478092,2,2,1,1,1,1,True,0x1917b563
TEXBAT.cleanStatic,30,8259,478092,2,3,1,1,0,1,True,0x13bdd98d
TEXBAT.cleanStatic,30,8259,478092,2,4,0,1,1,0,True,0x31ef75be
TEXBAT.cleanStatic,30,8259,478092,2,5,1,0,0,1,True,0x0174cb49
TEXBAT.cleanStatic,30,8259,478092,2,6,0,1,1,0,True,0x3e2e3ea2
TEXBAT.cleanStatic,30,8259,478092,2,7,1,0,0,1,True,0x2e1c58a1
TEXBAT.cleanStatic,30,8259,478092,2,8,0,1,1,0,True,0x3dd857b6
TEXBAT.cleanStatic,30,8259,478092,2,9,1,0,1,0,True,0x036852d6
TEXBAT.cleanStatic,30,8259,478092,2,10,1,0,1,1,True,0x1d719f1f
TEXBAT.cleanStatic,30,8559,478098,3,1,1,1,1,1,True,0x1d3d56fb
TEXBAT.cleanStatic,30,8559,478098,3,2,1,1,1,1,True,0x191794eb
TEXBAT.cleanStatic,30,8559,478098,3,3,1,1,1,1,True,0x0019f62f
TEXBAT.cleanStatic,30,8559,478098,3,4,1,1,1,1,True,0x10d24423
TEXBAT.cleanStatic,30,8559,478098,3,5,1,1,1,0,True,0x0014b616
TEXBAT.cleanStatic,30,8559,478098,3,6,1,0,0,1,True,0x09d82479
TEXBAT.cleanStatic,30,8559,478098,3,7,0,1,1,0,True,0x3685ef9e
TEXBAT.cleanStatic,30,8559,478098,3,8,1,0,1,0,True,0x1d382882
TEXBAT.cleanStatic,30,8559,478098,3,9,1,0,1,1,True,0x3fe8375f
TEXBAT.cleanStatic,30,8559,478098,3,10,1,1,1,1,True,0x13bbd03f
TEXBAT.cleanStatic,30,8859,478104,4,1,1,1,1,1,True,0x1d3d56fb
TEXBAT.cleanStatic,30,8859,478104,4,2,1,1,1,1,True,0x1917731b
TEXBAT.cleanStatic,30,8859,478104,4,3,1,1,0,1,True,0x205ec145
TEXBAT.cleanStatic,30,8859,478104,4,4,0,1,1,0,True,0x29c8e556
TEXBAT.cleanStatic,30,8859,478104,4,5,1,0,1,0,True,0x0cca2ee6
TEXBAT.cleanStatic,30,8859,478104,4,6,1,0,0,1,True,0x2a889011
TEXBAT.cleanStatic,30,8859,478104,4,7,0,1,0,0,True,0x016766a4
TEXBAT.cleanStatic,30,8859,478104,4,8,0,0,1,1,True,0x07b701af
TEXBAT.cleanStatic,30,8859,478104,4,9,1,1,1,1,True,0x011f0faf
TEXBAT.cleanStatic,30,8859,478104,4,10,1,1,1,1,True,0x0e73e0df
TEXBAT.cleanStatic,30,9159,478110,5,1,1,1,1,1,True,0x1d3d56fb
TEXBAT.cleanStatic,30,9159,478110,5,2,1,1,1,1,True,0x19175293
TEXBAT.cleanStatic,30,9159,478110,5,3,1,1,0,0,True,0x2cf7d778
TEXBAT.cleanStatic,30,9159,478110,5,4,0,0,1,0,True,0x03c6463e
TEXBAT.cleanStatic,30,9159,478110,5,5,1,0,0,1,True,0x3f548001
TEXBAT.cleanStatic,30,9159,478110,5,6,0,1,1,0,True,0x17bcaad2
TEXBAT.cleanStatic,30,9159,478110,5,7,1,0,1,0,True,0x09fd2946
TEXBAT.cleanStatic,30,9159,478110,5,8,1,0,0,0,True,0x017a58e8
TEXBAT.cleanStatic,30,9159,478110,5,9,0,0,1,0,True,0x3cad2dae
TEXBAT.cleanStatic,30,9159,478110,5,10,1,0,1,1,True,0x02c00773
TEXBAT.cleanStatic,30,9459,478116,1,1,1,1,1,1,True,0x1d3d56fb
TEXBAT.cleanStatic,30,9459,478116,1,2,1,1,1,1,True,0x19173697
TEXBAT.cleanStatic,30,9459,478116,1,3,1,1,0,1,True,0x156a7fe1
TEXBAT.cleanStatic,30,9459,478116,1,4,0,1,0,0,True,0x26fe645c
TEXBAT.cleanStatic,30,9459,478116,1,5,0,0,1,0,True,0x190e78aa
TEXBAT.cleanStatic,30,9459,478116,1,6,1,0,1,0,True,0x29a3d032
TEXBAT.cleanStatic,30,9459,478116,1,7,1,0,1,0,True,0x03243dd2
TEXBAT.cleanStatic,30,9459,478116,1,8,1,0,0,1,True,0x2c5d7189
TEXBAT.cleanStatic,30,9459,478116,1,9,0,1,0,1,True,0x3fffd3c5
TEXBAT.cleanStatic,30,9459,478116,1,10,0,1,1,1,True,0x0d8c0f9b
TEXBAT.cleanStatic,30,9759,478122,2,1,1,1,1,1,True,0x1d3d56fb
TEXBAT.cleanStatic,30,9759,478122,2,2,1,1,1,1,True,0x191715ff
TEXBAT.cleanStatic,30,9759,478122,2,3,1,1,0,1,True,0x13bdd98d
TEXBAT.cleanStatic,30,9759,478122,2,4,0,1,1,0,True,0x31ef75be
TEXBAT.cleanStatic,30,9759,478122,2,5,1,0,0,1,True,0x0174cb49
TEXBAT.cleanStatic,30,9759,478122,2,6,0,1,1,0,True,0x3e2e3ea2
TEXBAT.cleanStatic,30,9759,478122,2,7,1,0,0,1,True,0x2e1c58a1
TEXBAT.cleanStatic,30,9759,478122,2,8,0,1,1,0,True,0x3dd857b6
TEXBAT.cleanStatic,30,9759,478122,2,9,1,0,1,0,True,0x036852d6
TEXBAT.cleanStatic,30,9759,478122,2,10,1,0,1,1,True,0x1d719f1f
TEXBAT.cleanStatic,30,10059,478128,3,1,1,1,1,1,True,0x1d3d56fb
TEXBAT.cleanStatic,30,10059,478128,3,2,1,1,1,1,True,0x1916f40b
TEXBAT.cleanStatic,30,10059,478128,3,3,1,1,1,1,True,0x0019f62f
TEXBAT.cleanStatic,30,10059,478128,3,4,1,1,1,1,True,0x10d24423
TEXBAT.cleanStatic,30,10059,478128,3,5,1,1,1,0,True,0x0014b616
TEXBAT.cleanStatic,30,10059,478128,3,6,1,0,0,1,True,0x09d82479
TEXBAT.cleanStatic,30,10059,478128,3,7,0,1,1,0,True,0x3685ef9e
TEXBAT.cleanStatic,30,10059,478128,3,8,1,0,1,0,True,0x1d382882
TEXBAT.cleanStatic,30,10059,478128,3,9,1,0,1,1,True,0x3fe8375f
TEXBAT.cleanStatic,30,10059,478128,3,10,1,1,1,1,True,0x13bbd03f
TEXBAT.cleanStatic,30,10359,478134,4,1,1,1,1,1,True,0x1d3d56fb
TEXBAT.cleanStatic,30,10359,478134,4,2,1,1,1,1,True,0x1916d34f
TEXBAT.cleanStatic,30,10359,478134,4,3,1,1,0,0,True,0x22e27bfc
TEXBAT.cleanStatic,30,10359,478134,4,4,0,0,0,0,True,0x34087968
TEXBAT.cleanStatic,30,10359,478134,4,5,0,0,0,1,True,0x165b9cf5
TEXBAT.cleanStatic,30,10359,478134,4,6,0,1,0,1,True,0x0728061d
TEXBAT.cleanStatic,30,10359,478134,4,7,0,1,1,1,True,0x34f791cf
TEXBAT.cleanStatic,30,10359,478134,4,8,1,1,0,0,True,0x13f50964
TEXBAT.cleanStatic,30,10359,478134,4,9,0,0,0,1,True,0x0473b2dd
TEXBAT.cleanStatic,30,10359,478134,4,10,0,1,1,1,True,0x06fca0d3
TEXBAT.cleanStatic,30,10659,478140,5,1,1,1,1,1,True,0x1d3d56fb
TEXBAT.cleanStatic,30,10659,478140,5,2,1,1,1,1,True,0x1916b23f
TEXBAT.cleanStatic,30,10659,478140,5,3,1,1,1,1,True,0x2cb62453
TEXBAT.cleanStatic,30,10659,478140,5,4,1,1,0,0,True,0x3c39322c
TEXBAT.cleanStatic,30,10659,478140,5,5,0,0,1,0,True,0x3f50c01e
TEXBAT.cleanStatic,30,10659,478140,5,6,1,0,1,0,True,0x284320e6
TEXBAT.cleanStatic,30,10659,478140,5,7,1,0,0,1,True,0x355b5b9d
TEXBAT.cleanStatic,30,10659,478140,5,8,0,1,1,1,True,0x2ad56227
TEXBAT.cleanStatic,30,10659,478140,5,9,1,1,0,1,True,0x2884cf65
TEXBAT.cleanStatic,30,10659,478140,5,10,0,1,1,1,True,0x3a3ffa3b
TEXBAT.cleanStatic,30,10959,478146,1,1,1,1,1,1,True,0x1d3d56fb
TEXBAT.cleanStatic,30,10959,478146,1,2,1,1,1,1,True,0x191696c3
TEXBAT.cleanStatic,30,10959,478146,1,3,1,1,0,1,True,0x156a7fe1
TEXBAT.cleanStatic,30,10959,478146,1,4,0,1,0,0,True,0x26fe645c
TEXBAT.cleanStatic,30,10959,478146,1,5,0,0,1,0,True,0x190e78aa
TEXBAT.cleanStatic,30,10959,478146,1,6,1,0,1,0,True,0x29a3d032
TEXBAT.cleanStatic,30,10959,478146,1,7,1,0,1,0,True,0x03243dd2
TEXBAT.cleanStatic,30,10959,478146,1,8,1,0,0,1,True,0x2c5d7189
TEXBAT.cleanStatic,30,10959,478146,1,9,0,1,0,1,True,0x3fffd3c5
TEXBAT.cleanStatic,30,10959,478146,1,10,0,1,1,1,True,0x0d8c0f9b
TEXBAT.cleanStatic,30,11259,478152,2,1,1,1,1,1,True,0x1d3d56fb
TEXBAT.cleanStatic,30,11259,478152,2,2,1,1,1,1,True,0x1916751f
TEXBAT.cleanStatic,30,11259,478152,2,3,1,1,0,1,True,0x13bdd98d
TEXBAT.cleanStatic,30,11259,478152,2,4,0,1,1,0,True,0x31ef75be
TEXBAT.cleanStatic,30,11259,478152,2,5,1,0,0,1,True,0x0174cb49
TEXBAT.cleanStatic,30,11259,478152,2,6,0,1,1,0,True,0x3e2e3ea2
TEXBAT.cleanStatic,30,11259,478152,2,7,1,0,0,1,True,0x2e1c58a1
TEXBAT.cleanStatic,30,11259,478152,2,8,0,1,1,0,True,0x3dd857b6
TEXBAT.cleanStatic,30,11259,478152,2,9,1,0,1,0,True,0x036852d6
TEXBAT.cleanStatic,30,11259,478152,2,10,1,0,1,1,True,0x1d719f1f
TEXBAT.cleanStatic,30,11559,478158,3,1,1,1,1,1,True,0x1d3d56fb
TEXBAT.cleanStatic,30,11559,478158,3,2,1,1,1,1,True,0x19165497
TEXBAT.cleanStatic,30,11559,478158,3,3,1,1,1,1,True,0x0019f62f
TEXBAT.cleanStatic,30,11559,478158,3,4,1,1,1,1,True,0x10d24423
TEXBAT.cleanStatic,30,11559,478158,3,5,1,1,1,0,True,0x0014b616
TEXBAT.cleanStatic,30,11559,478158,3,6,1,0,0,1,True,0x09d82479
TEXBAT.cleanStatic,30,11559,478158,3,7,0,1,1,0,True,0x3685ef9e
TEXBAT.cleanStatic,30,11559,478158,3,8,1,0,1,0,True,0x1d382882
TEXBAT.cleanStatic,30,11559,478158,3,9,1,0,1,1,True,0x3fe8375f
TEXBAT.cleanStatic,30,11559,478158,3,10,1,1,1,1,True,0x13bbd03f
TEXBAT.cleanStatic,30,11859,478164,4,1,1,1,1,1,True,0x1d3d56fb
TEXBAT.cleanStatic,30,11859,478164,4,2,1,1,1,1,True,0x1916332b
TEXBAT.cleanStatic,30,11859,478164,4,3,1,1,1,0,True,0x2295554e
TEXBAT.cleanStatic,30,11859,478164,4,4,1,0,0,1,True,0x2aaaaa95
TEXBAT.cleanStatic,30,11859,478164,4,5,0,1,1,0,True,0x1555556a
TEXBAT.cleanStatic,30,11859,478164,4,6,1,0,0,1,True,0x2aaaaa95
TEXBAT.cleanStatic,30,11859,478164,4,7,0,1,1,0,True,0x1555556a
TEXBAT.cleanStatic,30,11859,478164,4,8,1,0,0,1,True,0x2aaaaa95
TEXBAT.cleanStatic,30,11859,478164,4,9,0,1,1,0,True,0x1555556a
TEXBAT.cleanStatic,30,11859,478164,4,10,1,0,1,1,True,0x2aaaaa63
TEXBAT.cleanStatic,30,12159,478170,5,1,1,1,1,1,True,0x1d3d56fb
TEXBAT.cleanStatic,30,12159,478170,5,2,1,1,1,1,True,0x191612a3
TEXBAT.cleanStatic,30,12159,478170,5,3,1,1,1,0,True,0x2c720f5e
TEXBAT.cleanStatic,30,12159,478170,5,4,1,0,0,1,True,0x03c5a019
TEXBAT.cleanStatic,30,12159,478170,5,5,0,1,1,1,True,0x00b13fdf
TEXBAT.cleanStatic,30,12159,478170,5,6,1,1,1,1,True,0x17bcd3f3
TEXBAT.cleanStatic,30,12159,478170,5,7,1,1,1,0,True,0x0aec505e
TEXBAT.cleanStatic,30,12159,478170,5,8,1,0,1,0,True,0x2b1f2d42
TEXBAT.cleanStatic,30,12159,478170,5,9,1,0,1,1,True,0x1a1950ef
TEXBAT.cleanStatic,30,12159,478170,5,10,1,1,1,1,True,0x393ff84f
TEXBAT.cleanStatic,30,12459,478176,1,1,1,1,1,1,True,0x1d3d56fb
TEXBAT.cleanStatic,30,12459,478176,1,2,1,1,1,1,True,0x1915f6bb
TEXBAT.cleanStatic,30,12459,478176,1,3,1,1,0,1,True,0x156a7fe1
TEXBAT.cleanStatic,30,12459,478176,1,4,0,1,0,0,True,0x26fe645c
TEXBAT.cleanStatic,30,12459,478176,1,5,0,0,1,0,True,0x190e78aa
TEXBAT.cleanStatic,30,12459,478176,1,6,1,0,1,0,True,0x29a3d032
TEXBAT.cleanStatic,30,12459,478176,1,7,1,0,1,0,True,0x03243dd2
TEXBAT.cleanStatic,30,12459,478176,1,8,1,0,0,1,True,0x2c5d7189
TEXBAT.cleanStatic,30,12459,478176,1,9,0,1,0,1,True,0x3fffd3c5
TEXBAT.cleanStatic,30,12459,478176,1,10,0,1,1,1,True,0x0d8c0f9b
TEXBAT.cleanStatic,30,12759,478182,2,1,1,1,1,1,True,0x1d3d56fb
TEXBAT.cleanStatic,30,12759,478182,2,2,1,1,1,1,True,0x1915d5d3
TEXBAT.cleanStatic,30,12759,478182,2,3,1,1,0,1,True,0x13bdd98d
TEXBAT.cleanStatic,30,12759,478182,2,4,0,1,1,0,True,0x31ef75be
TEXBAT.cleanStatic,30,12759,478182,2,5,1,0,0,1,True,0x0174cb49
TEXBAT.cleanStatic,30,12759,478182,2,6,0,1,1,0,True,0x3e2e3ea2
TEXBAT.cleanStatic,30,12759,478182,2,7,1,0,0,1,True,0x2e1c58a1
TEXBAT.cleanStatic,30,12759,478182,2,8,0,1,1,0,True,0x3dd857b6
TEXBAT.cleanStatic,30,12759,478182,2,9,1,0,1,0,True,0x036852d6
TEXBAT.cleanStatic,30,12759,478182,2,10,1,0,1,1,True,0x1d719f1f
TEXBAT.cleanStatic,30,13059,478188,3,1,1,1,1,1,True,0x1d3d56fb
TEXBAT.cleanStatic,30,13059,478188,3,2,1,1,1,1,True,0x1915b4a3
TEXBAT.cleanStatic,30,13059,478188,3,3,1,1,1,1,True,0x0019f62f
TEXBAT.cleanStatic,30,13059,478188,3,4,1,1,1,1,True,0x10d24423
TEXBAT.cleanStatic,30,13059,478188,3,5,1,1,1,0,True,0x0014b616
TEXBAT.cleanStatic,30,13059,478188,3,6,1,0,0,1,True,0x09d82479
TEXBAT.cleanStatic,30,13059,478188,3,7,0,1,1,0,True,0x3685ef9e
TEXBAT.cleanStatic,30,13059,478188,3,8,1,0,1,0,True,0x1d382882
TEXBAT.cleanStatic,30,13059,478188,3,9,1,0,1,1,True,0x3fe8375f
TEXBAT.cleanStatic,30,13059,478188,3,10,1,1,1,1,True,0x13bbd03f
TEXBAT.cleanStatic,30,13359,478194,4,1,1,1,1,1,True,0x1d3d56fb
TEXBAT.cleanStatic,30,13359,478194,4,2,1,1,1,1,True,0x191593e7
TEXBAT.cleanStatic,30,13359,478194,4,3,1,1,0,1,True,0x22555559
TEXBAT.cleanStatic,30,13359,478194,4,4,0,1,0,1,True,0x15555681
TEXBAT.cleanStatic,30,13359,478194,4,5,0,1,1,1,True,0x2b9d366f
TEXBAT.cleanStatic,30,13359,478194,4,6,1,1,1,1,True,0x0bbe9b6f
TEXBAT.cleanStatic,30,13359,478194,4,7,1,1,1,0,True,0x2a6ab5de
TEXBAT.cleanStatic,30,13359,478194,4,8,1,0,1,0,True,0x2e1b89b2
TEXBAT.cleanStatic,30,13359,478194,4,9,1,0,1,0,True,0x22c09c86
TEXBAT.cleanStatic,30,13359,478194,4,10,1,0,1,1,True,0x0c338d5b
TEXBAT.cleanStatic,30,13659,478200,5,1,1,1,1,1,True,0x1d3d56fb
TEXBAT.cleanStatic,30,13659,478200,5,2,1,1,1,1,True,0x191572db
TEXBAT.cleanStatic,30,13659,478200,5,3,1,1,1,1,True,0x2c368157
TEXBAT.cleanStatic,30,13659,478200,5,4,1,1,0,1,True,0x3c3fccf9
TEXBAT.cleanStatic,30,13659,478200,5,5,0,1,0,1,True,0x00ba3fed
TEXBAT.cleanStatic,30,13659,478200,5,6,0,1,1,1,True,0x17bcdeb7
TEXBAT.cleanStatic,30,13659,478200,5,7,1,1,1,0,True,0x0bdb02aa
TEXBAT.cleanStatic,30,13659,478200,5,8,1,0,1,0,True,0x005ce6a6
TEXBAT.cleanStatic,30,13659,478200,5,9,1,0,0,0,True,0x15cc0f00
TEXBAT.cleanStatic,30,13659,478200,5,10,0,0,1,1,True,0x3cc004a7
TEXBAT.cleanStatic,30,13959,478206,1,1,1,1,1,1,True,0x1d3d56fb
TEXBAT.cleanStatic,30,13959,478206,1,2,1,1,1,1,True,0x19155627
TEXBAT.cleanStatic,30,13959,478206,1,3,1,1,0,1,True,0x156a7fe1
TEXBAT.cleanStatic,30,13959,478206,1,4,0,1,0,0,True,0x26fe645c
TEXBAT.cleanStatic,30,13959,478206,1,5,0,0,1,0,True,0x190e78aa
TEXBAT.cleanStatic,30,13959,478206,1,6,1,0,1,0,True,0x29a3d032
TEXBAT.cleanStatic,30,13959,478206,1,7,1,0,1,0,True,0x03243dd2
TEXBAT.cleanStatic,30,13959,478206,1,8,1,0,0,1,True,0x2c5d7189
TEXBAT.cleanStatic,30,13959,478206,1,9,0,1,0,1,True,0x3fffd3c5
TEXBAT.cleanStatic,30,13959,478206,1,10,0,1,1,1,True,0x0d8c0f9b
TEXBAT.cleanStatic,30,14259,478212,2,1,1,1,1,1,True,0x1d3d56fb
TEXBAT.cleanStatic,30,14259,478212,2,2,1,1,1,1,True,0x191535b7
TEXBAT.cleanStatic,30,14259,478212,2,3,1,1,0,1,True,0x13bdd98d
TEXBAT.cleanStatic,30,14259,478212,2,4,0,1,1,0,True,0x31ef75be
TEXBAT.cleanStatic,30,14259,478212,2,5,1,0,0,1,True,0x0174cb49
TEXBAT.cleanStatic,30,14259,478212,2,6,0,1,1,0,True,0x3e2e3ea2
TEXBAT.cleanStatic,30,14259,478212,2,7,1,0,0,1,True,0x2e1c58a1
TEXBAT.cleanStatic,30,14259,478212,2,8,0,1,1,0,True,0x3dd857b6
TEXBAT.cleanStatic,30,14259,478212,2,9,1,0,1,0,True,0x036852d6
TEXBAT.cleanStatic,30,14259,478212,2,10,1,0,1,1,True,0x1d719f1f
TEXBAT.cleanStatic,30,14559,478218,3,1,1,1,1,1,True,0x1d3d56fb
TEXBAT.cleanStatic,30,14559,478218,3,2,1,1,1,1,True,0x1915143f
TEXBAT.cleanStatic,30,14559,478218,3,3,1,1,1,1,True,0x0019f62f
TEXBAT.cleanStatic,30,14559,478218,3,4,1,1,1,1,True,0x10d24423
TEXBAT.cleanStatic,30,14559,478218,3,5,1,1,1,0,True,0x0014b616
TEXBAT.cleanStatic,30,14559,478218,3,6,1,0,0,1,True,0x09d82479
TEXBAT.cleanStatic,30,14559,478218,3,7,0,1,1,0,True,0x3685ef9e
TEXBAT.cleanStatic,30,14559,478218,3,8,1,0,1,0,True,0x1d382882
TEXBAT.cleanStatic,30,14559,478218,3,9,1,0,1,1,True,0x3fe8375f
TEXBAT.cleanStatic,30,14559,478218,3,10,1,1,1,1,True,0x13bbd03f
TEXBAT.cleanStatic,30,14859,478224,4,1,1,1,1,1,True,0x1d3d56fb
TEXBAT.cleanStatic,30,14859,478224,4,2,1,1,1,1,True,0x1914f307
TEXBAT.cleanStatic,30,14859,478224,4,3,1,1,0,0,True,0x2190c810
TEXBAT.cleanStatic,30,14859,478224,4,4,0,0,1,0,True,0x301c6352
TEXBAT.cleanStatic,30,14859,478224,4,5,1,0,1,1,True,0x2f05d0ef
TEXBAT.cleanStatic,30,14859,478224,4,6,1,1,0,0,True,0x0a61222c
TEXBAT.cleanStatic,30,14859,478224,4,7,0,0,0,0,True,0x330c86dc
TEXBAT.cleanStatic,30,14859,478224,4,8,0,0,0,0,True,0x34b4015c
TEXBAT.cleanStatic,30,14859,478224,4,9,0,0,1,0,True,0x00990e46
TEXBAT.cleanStatic,30,14859,478224,4,10,1,0,1,1,True,0x1ca09813
TEXBAT.cleanStatic,30,15159,478230,5,1,1,1,1,1,True,0x1d3d56fb
TEXBAT.cleanStatic,30,15159,478230,5,2,1,1,1,1,True,0x1914d28f
TEXBAT.cleanStatic,30,15159,478230,5,3,1,1,1,0,True,0x2bf2a576
TEXBAT.cleanStatic,30,15159,478230,5,4,1,0,0,1,True,0x03c66631
TEXBAT.cleanStatic,30,15159,478230,5,5,0,1,1,1,True,0x00ac3fcb
TEXBAT.cleanStatic,30,15159,478230,5,6,1,1,0,0,True,0x17bc9be4
TEXBAT.cleanStatic,30,15159,478230,5,7,0,0,0,0,True,0x0a2cb1ec
TEXBAT.cleanStatic,30,15159,478230,5,8,0,0,0,1,True,0x004f084d
TEXBAT.cleanStatic,30,15159,478230,5,9,0,1,0,1,True,0x19f5d759
TEXBAT.cleanStatic,30,15159,478230,5,10,0,1,1,1,True,0x083ff917
TEXBAT.cleanStatic,30,15459,478236,1,1,1,1,1,1,True,0x1d3d56fb
TEXBAT.cleanStatic,30,15459,478236,1,2,1,1,1,1,True,0x1914b68b
TEXBAT.cleanStatic,30,15459,478236,1,3,1,1,0,1,True,0x156a7fe1
TEXBAT.cleanStatic,30,15459,478236,1,4,0,1,0,0,True,0x26fe645c
TEXBAT.cleanStatic,30,15459,478236,1,5,0,0,1,0,True,0x190e78aa
TEXBAT.cleanStatic,30,15459,478236,1,6,1,0,1,0,True,0x29a3d032
TEXBAT.cleanStatic,30,15459,478236,1,7,1,0,1,0,True,0x03243dd2
TEXBAT.cleanStatic,30,15459,478236,1,8,1,0,0,1,True,0x2c5d7189
TEXBAT.cleanStatic,30,15459,478236,1,9,0,1,0,1,True,0x3fffd3c5
TEXBAT.cleanStatic,30,15459,478236,1,10,0,1,1,1,True,0x0d8c0f9b
TEXBAT.cleanStatic,30,15759,478242,2,1,1,1,1,1,True,0x1d3d56fb
TEXBAT.cleanStatic,30,15759,478242,2,2,1,1,1,1,True,0x191495e3
TEXBAT.cleanStatic,30,15759,478242,2,3,1,1,0,1,True,0x13bdd98d
TEXBAT.cleanStatic,30,15759,478242,2,4,0,1,1,0,True,0x31ef75be
TEXBAT.cleanStatic,30,15759,478242,2,5,1,0,0,1,True,0x0174cb49
TEXBAT.cleanStatic,30,15759,478242,2,6,0,1,1,0,True,0x3e2e3ea2
TEXBAT.cleanStatic,30,15759,478242,2,7,1,0,0,1,True,0x2e1c58a1
TEXBAT.cleanStatic,30,15759,478242,2,8,0,1,1,0,True,0x3dd857b6
TEXBAT.cleanStatic,30,15759,478242,2,9,1,0,1,0,True,0x036852d6
TEXBAT.cleanStatic,30,15759,478242,2,10,1,0,1,1,True,0x1d719f1f
TEXBAT.cleanStatic,30,16059,478248,3,1,1,1,1,1,True,0x1d3d56fb
TEXBAT.cleanStatic,30,16059,478248,3,2,1,1,1,1,True,0x191474df
TEXBAT.cleanStatic,30,16059,478248,3,3,1,1,1,1,True,0x0019f62f
TEXBAT.cleanStatic,30,16059,478248,3,4,1,1,1,1,True,0x10d24423
TEXBAT.cleanStatic,30,16059,478248,3,5,1,1,1,0,True,0x0014b616
TEXBAT.cleanStatic,30,16059,478248,3,6,1,0,0,1,True,0x09d82479
TEXBAT.cleanStatic,30,16059,478248,3,7,0,1,1,0,True,0x3685ef9e
TEXBAT.cleanStatic,30,16059,478248,3,8,1,0,1,0,True,0x1d382882
TEXBAT.cleanStatic,30,16059,478248,3,9,1,0,1,1,True,0x3fe8375f
TEXBAT.cleanStatic,30,16059,478248,3,10,1,1,1,1,True,0x13bbd03f
TEXBAT.cleanStatic,30,16359,478254,4,1,1,1,1,1,True,0x1d3d56fb
TEXBAT.cleanStatic,30,16359,478254,4,2,1,1,1,1,True,0x1914539b
TEXBAT.cleanStatic,30,16359,478254,4,3,1,1,1,0,True,0x22352da6
TEXBAT.cleanStatic,30,16359,478254,4,4,1,0,0,1,True,0x12ce94b5
TEXBAT.cleanStatic,30,16359,478254,4,5,0,1,1,0,True,0x31f16f62
TEXBAT.cleanStatic,30,16359,478254,4,6,1,0,1,1,True,0x0c91d1d7
TEXBAT.cleanStatic,30,16359,478254,4,7,1,1,1,0,True,0x322eed92
TEXBAT.cleanStatic,30,16359,478254,4,8,1,0,0,1,True,0x14d1d1d5
TEXBAT.cleanStatic,30,16359,478254,4,9,0,1,0,1,True,0x2e352a99
TEXBAT.cleanStatic,30,16359,478254,4,10,0,1,1,1,True,0x2af47fb7
TEXBAT.cleanStatic,30,16659,478260,5,1,1,1,1,1,True,0x1d3d56fb
TEXBAT.cleanStatic,30,16659,478260,5,2,1,1,1,1,True,0x191432eb
TEXBAT.cleanStatic,30,16659,478260,5,3,1,1,0,1,True,0x2bb09501
TEXBAT.cleanStatic,30,16659,478260,5,4,0,1,1,1,True,0x3c3c950b
TEXBAT.cleanStatic,30,16659,478260,5,5,1,1,0,1,True,0x00b37fc5
TEXBAT.cleanStatic,30,16659,478260,5,6,0,1,1,1,True,0x17bca55f
TEXBAT.cleanStatic,30,16659,478260,5,7,1,1,1,0,True,0x2b3bab1e
TEXBAT.cleanStatic,30,16659,478260,5,8,1,0,1,1,True,0x289adad7
TEXBAT.cleanStatic,30,16659,478260,5,9,1,1,1,0,True,0x234268aa
TEXBAT.cleanStatic,30,16659,478260,5,10,1,0,1,1,True,0x030004eb
TEXBAT.cleanStatic,30,16959,478266,1,1,1,1,1,1,True,0x1d3d56fb
TEXBAT.cleanStatic,30,16959,478266,1,2,1,1,1,1,True,0x19141617
TEXBAT.cleanStatic,30,16959,478266,1,3,1,1,0,1,True,0x156a7fe1
TEXBAT.cleanStatic,30,16959,478266,1,4,0,1,0,0,True,0x26fe645c
TEXBAT.cleanStatic,30,16959,478266,1,5,0,0,1,0,True,0x190e78aa
TEXBAT.cleanStatic,30,16959,478266,1,6,1,0,1,0,True,0x29a3d032
TEXBAT.cleanStatic,30,16959,478266,1,7,1,0,1,0,True,0x03243dd2
TEXBAT.cleanStatic,30,16959,478266,1,8,1,0,0,1,True,0x2c5d7189
TEXBAT.cleanStatic,30,16959,478266,1,9,0,1,0,1,True,0x3fffd3c5
TEXBAT.cleanStatic,30,16959,478266,1,10,0,1,1,1,True,0x0d8c0f9b
TEXBAT.cleanStatic,30,17259,478272,2,1,1,1,1,1,True,0x1d3d56fb
TEXBAT.cleanStatic,30,17259,478272,2,2,1,1,1,1,True,0x1913f5a3
TEXBAT.cleanStatic,30,17259,478272,2,3,1,1,0,1,True,0x13bdd98d
TEXBAT.cleanStatic,30,17259,478272,2,4,0,1,1,0,True,0x31ef75be
TEXBAT.cleanStatic,30,17259,478272,2,5,1,0,0,1,True,0x0174cb49
TEXBAT.cleanStatic,30,17259,478272,2,6,0,1,1,0,True,0x3e2e3ea2
TEXBAT.cleanStatic,30,17259,478272,2,7,1,0,0,1,True,0x2e1c58a1
TEXBAT.cleanStatic,30,17259,478272,2,8,0,1,1,0,True,0x3dd857b6
TEXBAT.cleanStatic,30,17259,478272,2,9,1,0,1,0,True,0x036852d6
TEXBAT.cleanStatic,30,17259,478272,2,10,1,0,1,1,True,0x1d719f1f
TEXBAT.cleanStatic,30,17559,478278,3,1,1,1,1,1,True,0x1d3d56fb
TEXBAT.cleanStatic,30,17559,478278,3,2,1,1,1,1,True,0x1913d42b
TEXBAT.cleanStatic,30,17559,478278,3,3,1,1,1,1,True,0x0019f62f
TEXBAT.cleanStatic,30,17559,478278,3,4,1,1,1,1,True,0x10d24423
TEXBAT.cleanStatic,30,17559,478278,3,5,1,1,1,0,True,0x0014b616
TEXBAT.cleanStatic,30,17559,478278,3,6,1,0,0,1,True,0x09d82479
TEXBAT.cleanStatic,30,17559,478278,3,7,0,1,1,0,True,0x3685ef9e
TEXBAT.cleanStatic,30,17559,478278,3,8,1,0,1,0,True,0x1d382882
TEXBAT.cleanStatic,30,17559,478278,3,9,1,0,1,1,True,0x3fe8375f
TEXBAT.cleanStatic,30,17559,478278,3,10,1,1,1,1,True,0x13bbd03f
TEXBAT.cleanStatic,30,17859,478284,4,1,1,1,1,1,True,0x1d3d56fb
TEXBAT.cleanStatic,30,17859,478284,4,2,1,1,1,1,True,0x1913b397
TEXBAT.cleanStatic,30,17859,478284,4,3,1,1,1,1,True,0x21fcbf6b
TEXBAT.cleanStatic,30,17859,478284,4,4,1,1,1,0,True,0x0000740a
TEXBAT.cleanStatic,30,17859,478284,4,5,1,0,0,1,True,0x017f7ea1
TEXBAT.cleanStatic,30,17859,478284,4,6,0,1,0,0,True,0x000001e8
TEXBAT.cleanStatic,30,17859,478284,4,7,0,0,0,0,True,0x00000000
TEXBAT.cleanStatic,30,17859,478284,4,8,0,0,1,1,True,0x0043ea93
TEXBAT.cleanStatic,30,17859,478284,4,9,1,1,0,1,True,0x3bd87e3d
TEXBAT.cleanStatic,30,17859,478284,4,10,0,1,1,1,True,0x3bffff6f
TEXBAT.cleanStatic,30,18159,478290,5,1,1,1,1,1,True,0x1d3d56fb
TEXBAT.cleanStatic,30,18159,478290,5,2,1,1,1,1,True,0x1913921f
TEXBAT.cleanStatic,30,18159,478290,5,3,1,1,0,0,True,0x2b641090
TEXBAT.cleanStatic,30,18159,478290,5,4,0,0,0,0,True,0x03fdc73c
TEXBAT.cleanStatic,30,18159,478290,5,5,0,0,1,0,True,0x3f488002
TEXBAT.cleanStatic,30,18159,478290,5,6,1,0,1,0,True,0x284356c6
TEXBAT.cleanStatic,30,18159,478290,5,7,1,0,1,0,True,0x29c858fa
TEXBAT.cleanStatic,30,18159,478290,5,8,1,0,0,0,True,0x2a2a89b4
TEXBAT.cleanStatic,30,18159,478290,5,9,0,0,1,1,True,0x2b93f093
TEXBAT.cleanStatic,30,18159,478290,5,10,1,1,1,1,True,0x38fffea3
TEXBAT.cleanStatic,30,18459,478296,1,1,1,1,1,1,True,0x1d3d56fb
TEXBAT.cleanStatic,30,18459,478296,1,2,1,1,1,1,True,0x19137657
TEXBAT.cleanStatic,30,18459,478296,1,3,1,1,0,1,True,0x156a7fe1
TEXBAT.cleanStatic,30,18459,478296,1,4,0,1,0,0,True,0x26fe645c
TEXBAT.cleanStatic,30,18459,478296,1,5,0,0,1,0,True,0x190e78aa
TEXBAT.cleanStatic,30,18459,478296,1,6,1,0,1,0,True,0x29a3d032
TEXBAT.cleanStatic,30,18459,478296,1,7,1,0,1,0,True,0x03243dd2
TEXBAT.cleanStatic,30,18459,478296,1,8,1,0,0,1,True,0x2c5d7189
TEXBAT.cleanStatic,30,18459,478296,1,9,0,1,0,1,True,0x3fffd3c5
TEXBAT.cleanStatic,30,18459,478296,1,10,0,1,1,1,True,0x0d8c0f9b
TEXBAT.cleanStatic,30,18759,478302,2,1,1,1,1,1,True,0x1d3d56fb
TEXBAT.cleanStatic,30,18759,478302,2,2,1,1,1,1,True,0x1913553f
TEXBAT.cleanStatic,30,18759,478302,2,3,1,1,0,1,True,0x13bdd98d
TEXBAT.cleanStatic,30,18759,478302,2,4,0,1,1,0,True,0x31ef75be
TEXBAT.cleanStatic,30,18759,478302,2,5,1,0,0,1,True,0x0174cb49
TEXBAT.cleanStatic,30,18759,478302,2,6,0,1,1,0,True,0x3e2e3ea2
TEXBAT.cleanStatic,30,18759,478302,2,7,1,0,0,1,True,0x2e1c58a1
TEXBAT.cleanStatic,30,18759,478302,2,8,0,1,1,0,True,0x3dd857b6
TEXBAT.cleanStatic,30,18759,478302,2,9,1,0,1,0,True,0x036852d6
TEXBAT.cleanStatic,30,18759,478302,2,10,1,0,1,1,True,0x1d719f1f
TEXBAT.cleanStatic,30,19059,478308,3,1,1,1,1,1,True,0x1d3d56fb
TEXBAT.cleanStatic,30,19059,478308,3,2,1,1,1,1,True,0x1913344f
TEXBAT.cleanStatic,30,19059,478308,3,3,1,1,1,1,True,0x0019f62f
TEXBAT.cleanStatic,30,19059,478308,3,4,1,1,1,1,True,0x10d24423
TEXBAT.cleanStatic,30,19059,478308,3,5,1,1,1,0,True,0x0014b616
TEXBAT.cleanStatic,30,19059,478308,3,6,1,0,0,1,True,0x09d82479
TEXBAT.cleanStatic,30,19059,478308,3,7,0,1,1,0,True,0x3685ef9e
TEXBAT.cleanStatic,30,19059,478308,3,8,1,0,1,0,True,0x1d382882
TEXBAT.cleanStatic,30,19059,478308,3,9,1,0,1,1,True,0x3fe8375f
TEXBAT.cleanStatic,30,19059,478308,3,10,1,1,1,1,True,0x13bbd03f
TEXBAT.cleanStatic,30,19359,478314,4,1,1,1,1,1,True,0x1d3d56fb
TEXBAT.cleanStatic,30,19359,478314,4,2,1,1,1,1,True,0x1913130b
TEXBAT.cleanStatic,30,19359,478314,4,3,1,1,1,1,True,0x217629cf
TEXBAT.cleanStatic,30,19359,478314,4,4,1,1,1,1,True,0x3bc9c2bb
TEXBAT.cleanStatic,30,19359,478314,4,5,1,1,0,0,True,0x3bc8db00
TEXBAT.cleanStatic,30,19359,478314,4,6,0,0,1,0,True,0x147264ce
TEXBAT.cleanStatic,30,19359,478314,4,7,1,0,0,1,True,0x10448eb1
TEXBAT.cleanStatic,30,19359,478314,4,8,0,1,1,0,True,0x171dbe4a
TEXBAT.cleanStatic,30,19359,478314,4,9,1,0,0,0,True,0x1e56b270
TEXBAT.cleanStatic,30,19359,478314,4,10,0,0,1,1,True,0x247ead7f
TEXBAT.cleanStatic,30,19659,478320,5,1,1,1,1,1,True,0x1d3d56fb
TEXBAT.cleanStatic,30,19659,478320,5,2,1,1,1,1,True,0x1912f2ff
TEXBAT.cleanStatic,30,19659,478320,5,3,1,1,0,1,True,0x2b2e63c5
TEXBAT.cleanStatic,30,19659,478320,5,4,0,1,1,1,True,0x3c3d02df
TEXBAT.cleanStatic,30,19659,478320,5,5,1,1,1,1,True,0x00b33fcb
TEXBAT.cleanStatic,30,19659,478320,5,6,1,1,1,0,True,0x17bce0fa
TEXBAT.cleanStatic,30,19659,478320,5,7,1,0,1,0,True,0x154dd26a
TEXBAT.cleanStatic,30,19659,478320,5,8,1,0,0,0,True,0x028ac31c
TEXBAT.cleanStatic,30,19659,478320,5,9,0,0,1,1,True,0x1457563b
TEXBAT.cleanStatic,30,19659,478320,5,10,1,1,1,1,True,0x09fffe2f
TEXBAT.cleanStatic,30,19959,478326,1,1,1,1,1,1,True,0x1d3d56fb
TEXBAT.cleanStatic,30,19959,478326,1,2,1,1,1,1,True,0x1912d603
TEXBAT.cleanStatic,30,19959,478326,1,3,1,1,0,1,True,0x156a7fe1
TEXBAT.cleanStatic,30,19959,478326,1,4,0,1,0,0,True,0x26fe645c
TEXBAT.cleanStatic,30,19959,478326,1,5,0,0,1,0,True,0x190e78aa
TEXBAT.cleanStatic,30,19959,478326,1,6,1,0,1,0,True,0x29a3d032
TEXBAT.cleanStatic,30,19959,478326,1,7,1,0,1,0,True,0x03243dd2
TEXBAT.cleanStatic,30,19959,478326,1,8,1,0,0,1,True,0x2c5d7189
TEXBAT.cleanStatic,30,19959,478326,1,9,0,1,0,1,True,0x3fffd3c5
TEXBAT.cleanStatic,30,19959,478326,1,10,0,1,1,1,True,0x0d8c0f9b
TEXBAT.cleanStatic,30,20259,478332,2,1,1,1,1,1,True,0x1d3d56fb
TEXBAT.cleanStatic,30,20259,478332,2,2,1,1,1,1,True,0x1912b593
TEXBAT.cleanStatic,30,20259,478332,2,3,1,1,0,1,True,0x13bdd98d
TEXBAT.cleanStatic,30,20259,478332,2,4,0,1,1,0,True,0x31ef75be
TEXBAT.cleanStatic,30,20259,478332,2,5,1,0,0,1,True,0x0174cb49
TEXBAT.cleanStatic,30,20259,478332,2,6,0,1,1,0,True,0x3e2e3ea2
TEXBAT.cleanStatic,30,20259,478332,2,7,1,0,0,1,True,0x2e1c58a1
TEXBAT.cleanStatic,30,20259,478332,2,8,0,1,1,0,True,0x3dd857b6
TEXBAT.cleanStatic,30,20259,478332,2,9,1,0,1,0,True,0x036852d6
TEXBAT.cleanStatic,30,20259,478332,2,10,1,0,1,1,True,0x1d719f1f
TEXBAT.cleanStatic,30,20559,478338,3,1,1,1,1,1,True,0x1d3d56fb
TEXBAT.cleanStatic,30,20559,478338,3,2,1,1,1,1,True,0x1912941b
TEXBAT.cleanStatic,30,20559,478338,3,3,1,1,1,1,True,0x0019f62f
TEXBAT.cleanStatic,30,20559,478338,3,4,1,1,1,1,True,0x10d24423
TEXBAT.cleanStatic,30,20559,478338,3,5,1,1,1,0,True,0x0014b616
TEXBAT.cleanStatic,30,20559,478338,3,6,1,0,0,1,True,0x09d82479
TEXBAT.cleanStatic,30,20559,478338,3,7,0,1,1,0,True,0x3685ef9e
TEXBAT.cleanStatic,30,20559,478338,3,8,1,0,1,0,True,0x1d382882
TEXBAT.cleanStatic,30,20559,478338,3,9,1,0,1,1,True,0x3fe8375f
TEXBAT.cleanStatic,30,20559,478338,3,10,1,1,1,1,True,0x13bbd03f
TEXBAT.cleanStatic,30,20859,478344,4,1,1,1,1,1,True,0x1d3d56fb
TEXBAT.cleanStatic,30,20859,478344,4,2,1,1,1,1,True,0x191273eb
TEXBAT.cleanStatic,30,20859,478344,4,3,1,1,0,1,True,0x21326721
TEXBAT.cleanStatic,30,20859,478344,4,4,0,1,1,0,True,0x0c98277e
TEXBAT.cleanStatic,30,20859,478344,4,5,1,0,0,0,True,0x0b662504
TEXBAT.cleanStatic,30,20859,478344,4,6,0,0,0,0,True,0x1e8480a4
TEXBAT.cleanStatic,30,20859,478344,4,7,0,0,0,1,True,0x21fd74d9
TEXBAT.cleanStatic,30,20859,478344,4,8,0,1,0,0,True,0x22cbfe40
TEXBAT.cleanStatic,30,20859,478344,4,9,0,0,0,0,True,0x224ff520
TEXBAT.cleanStatic,30,20859,478344,4,10,0,0,1,1,True,0x3be47423
TEXBAT.cleanStatic,30,21159,478350,5,1,1,1,1,1,True,0x1d3d56fb
TEXBAT.cleanStatic,30,21159,478350,5,2,1,1,1,1,True,0x19125263
TEXBAT.cleanStatic,30,21159,478350,5,3,1,1,0,1,True,0x2af5b655
TEXBAT.cleanStatic,30,21159,478350,5,4,0,1,1,0,True,0x3c021fae
TEXBAT.cleanStatic,30,21159,478350,5,5,1,0,0,0,True,0x3f494004
TEXBAT.cleanStatic,30,21159,478350,5,6,0,0,0,0,True,0x28432708
TEXBAT.cleanStatic,30,21159,478350,5,7,0,0,1,0,True,0x293c6fae
TEXBAT.cleanStatic,30,21159,478350,5,8,1,0,0,0,True,0x0cf7f3e8
TEXBAT.cleanStatic,30,21159,478350,5,9,0,0,0,0,True,0x302e9dc8
TEXBAT.cleanStatic,30,21159,478350,5,10,0,0,1,1,True,0x020007bb
TEXBAT.cleanStatic,30,21459,478356,1,1,1,1,1,1,True,0x1d3d56fb
TEXBAT.cleanStatic,30,21459,478356,1,2,1,1,1,1,True,0x19123667
TEXBAT.cleanStatic,30,21459,478356,1,3,1,1,0,1,True,0x156a7fe1
TEXBAT.cleanStatic,30,21459,478356,1,4,0,1,0,0,True,0x26fe645c
TEXBAT.cleanStatic,30,21459,478356,1,5,0,0,1,0,True,0x190e78aa
TEXBAT.cleanStatic,30,21459,478356,1,6,1,0,1,0,True,0x29a3d032
TEXBAT.cleanStatic,30,21459,478356,1,7,1,0,1,0,True,0x03243dd2
TEXBAT.cleanStatic,30,21459,478356,1,8,1,0,0,1,True,0x2c5d7189
TEXBAT.cleanStatic,30,21459,478356,1,9,0,1,0,1,True,0x3fffd3c5
TEXBAT.cleanStatic,30,21459,478356,1,10,0,1,1,1,True,0x0d8c0f9b
