physical_recording_id,window_end_s,decision_time_s,window_start_s,tracked_prn_count,min_p,median_p,mean_q,max_q,mean_neg_log_p,median_neg_log_p,score_A2,score_A0,min_residual_age_s,median_residual_age_s,max_residual_age_s,prn_set_hash,producer_chain_id,score_B0_Exact,score_B0_Enhanced,scenario,phase,stable_pre,post,persistent
texbat-DS3-cmte-reconstructed,7.5,7.5,6.04107404,9,0.0119402985074626,0.9865671641791044,19.909934818570036,172.74090805134244,0.5307247862104598,0.013523872533325543,0.5307247862104598,0.995590630777157,0.19017044000000016,0.4485898000000006,0.4589259600000002,c54b7fe9ba537b468bbb8a8b82a30cd86eb07196f651f31c113b290848aa362c,epochfix-3cbfeb8a73020625ac87,0.036030455011091374,0.14796202459998375,DS3,excluded,False,False,False
texbat-DS3-cmte-reconstructed,8.0,8.0,6.54107404,9,0.0149253731343283,0.9791044776119404,8.370281301626639,69.6682297299167,0.490841663110932,0.021116923440922582,0.490841663110932,0.2856013552508325,0.19017044000000016,0.4485898000000006,0.4589259600000002,c54b7fe9ba537b468bbb8a8b82a30cd86eb07196f651f31c113b290848aa362c,epochfix-3cbfeb8a73020625ac87,0.0630532962694099,0.14796202459998375,DS3,excluded,False,False,False
texbat-DS3-cmte-reconstructed,8.5,8.5,7.04107404,9,0.0149253731343283,0.9955223880597016,13.500285853099335,115.67944157974584,0.5047808156992912,0.004487666469387905,0.5047808156992912,0.5906691415610431,0.19017043999999927,0.4485898000000006,0.4589259600000002,c54b7fe9ba537b468bbb8a8b82a30cd86eb07196f651f31c113b290848aa362c,epochfix-3cbfeb8a73020625ac87,0.0833204272131488,0.14796202459998375,DS3,excluded,False,False,False
texbat-DS3-cmte-reconstructed,9.0,9.0,7.54107404,9,0.0149253731343283,0.9985074626865672,10.990227641049374,92.83267629019868,0.5166969681317587,0.0014936522567832536,0.5166969681317587,0.3174438114215523,0.19017043999999927,0.4485898000000006,0.4589259600000002,c54b7fe9ba537b468bbb8a8b82a30cd86eb07196f651f31c113b290848aa362c,epochfix-3cbfeb8a73020625ac87,0.11703032845969175,0.20425291194495843,DS3,excluded,False,False,False
texbat-DS3-cmte-reconstructed,9.5,9.5,8.04107404,9,0.0149253731343283,0.9970149253731344,17.48008698064514,150.17320940373207,0.520818002070635,0.0029895388483659373,0.520818002070635,0.6447729345890097,0.19017043999999927,0.4485898000000006,0.4589259600000002,c54b7fe9ba537b468bbb8a8b82a30cd86eb07196f651f31c113b290848aa362c,epochfix-3cbfeb8a73020625ac87,0.12380320135586018,0.16203474643622742,DS3,excluded,False,False,False
texbat-DS3-cmte-reconstructed,10.0,10.0,8.54107404,9,0.0149253731343283,0.9925373134328358,14.476962278071031,123.157854728869,0.5158970941239089,0.007490671729157626,0.5158970941239089,0.5492631425566763,0.19017043999999927,0.4485898000000006,0.4589259600000002,c54b7fe9ba537b468bbb8a8b82a30cd86eb07196f651f31c113b290848aa362c,epochfix-3cbfeb8a73020625ac87,0.1288828560279865,0.15148020505904466,DS3,excluded,False,False,False
texbat-DS3-cmte-reconstructed,10.5,10.5,9.04107404,9,0.0149253731343283,0.9925373134328358,15.956277604798323,134.90079732309025,0.5686726898381733,0.007490671729157626,0.5686726898381733,0.3414771398601162,0.19017043999999927,0.4485898000000006,0.4589259600000002,c54b7fe9ba537b468bbb8a8b82a30cd86eb07196f651f31c113b290848aa362c,epochfix-3cbfeb8a73020625ac87,0.13269259703208125,0.148841569714749,DS3,excluded,False,False,False
texbat-DS3-cmte-reconstructed,11.0,11.0,9.54107404,10,0.0119402985074626,0.9611940298507462,20.782020825750344,199.5853117958372,0.4856920948329286,0.0395982760320157,0.4856920948329286,0.3718046060278751,0.19017043999999927,0.43315960000000064,0.4589259600000002,d0ad6240079d5d58a3c903c4f407865c4c8bcf283039f8637d874e136a642c1e,epochfix-9b59155aaa3626a2a3de,0.12791639856484466,0.12488712425052155,DS3,excluded,False,False,False
texbat-DS3-cmte-reconstructed,11.5,11.5,10.04107404,11,0.0149253731343283,0.9970149253731344,14.34509366250755,150.25561827793996,0.42022641259204185,0.0029895388483659373,0.42022641259204185,0.3367317015974467,0.19017043999999927,0.4485898000000006,0.4589259600000002,6f985c1bf0e5d68e8f4ebf0a2ee4f259466f97d17d7c411ac0aa297482a7282a,epochfix-018e64598f62f5c9a3a4,0.11839094611795203,0.10072132350389182,DS3,excluded,False,False,False
texbat-DS3-cmte-reconstructed,12.0,12.0,10.54107404,11,0.0149253731343283,0.9597014925373134,11.812970816170887,119.07052648212353,0.4821552046663088,0.041132988147392385,0.4821552046663088,0.610995243825371,0.19017043999999927,0.4485898000000006,0.4589259600000002,6f985c1bf0e5d68e8f4ebf0a2ee4f259466f97d17d7c411ac0aa297482a7282a,epochfix-018e64598f62f5c9a3a4,0.11124685678278257,0.09467987331723438,DS3,excluded,False,False,False
texbat-DS3-cmte-reconstructed,12.5,12.5,11.04107404,11,0.0149253731343283,0.9850746268656716,14.417262420339377,150.22273529977127,0.4339624238181623,0.015037877364540559,0.4339624238181623,0.5886533010434593,0.19017043999999927,0.4485898000000006,0.4589259600000002,6f985c1bf0e5d68e8f4ebf0a2ee4f259466f97d17d7c411ac0aa297482a7282a,epochfix-018e64598f62f5c9a3a4,0.10588878978140547,0.09316951077057002,DS3,excluded,False,False,False
texbat-DS3-cmte-reconstructed,13.0,13.0,11.54107404,11,0.0149253731343283,0.9970149253731344,14.537636521745979,152.536870627214,0.4268823839853351,0.0029895388483659373,0.4268823839853351,1.0965208834384257,0.19017043999999927,0.4485898000000006,0.4589259600000002,6f985c1bf0e5d68e8f4ebf0a2ee4f259466f97d17d7c411ac0aa297482a7282a,epochfix-018e64598f62f5c9a3a4,0.10187023953037264,0.09279192013390393,DS3,excluded,False,False,False
texbat-DS3-cmte-reconstructed,13.5,13.5,12.04124732,8,0.0149253731343283,0.9611940298507462,16.70669367936068,126.03321230078714,0.6123058754990136,0.0395982760320157,0.6123058754990136,0.745240800710328,0.19017043999999927,0.41692149999999994,0.4587526799999999,aab284a47019a20be0bf44d057ca64102b97aef7bf1599a073be5a05bf4534b7,epochfix-12e7dc37421d1eedb9f3,0.12231493702180343,0.16426040504709488,DS3,excluded,False,False,False
texbat-DS3-cmte-reconstructed,14.0,14.0,12.54124732,8,0.0149253731343283,0.9626865671641792,8.760520678260932,61.24321531492498,0.6362127547860292,0.038027395589239135,0.6362127547860292,0.5322570207347369,0.19017043999999927,0.41692149999999994,0.4587526799999999,aab284a47019a20be0bf44d057ca64102b97aef7bf1599a073be5a05bf4534b7,epochfix-12e7dc37421d1eedb9f3,0.13764846014037654,0.18212752627539264,DS3,excluded,False,False,False
texbat-DS3-cmte-reconstructed,14.5,14.5,13.04124732,8,0.008955223880597,0.9604477611940299,32.96061905219367,256.05647089200227,0.6626728250274099,0.04044293197533949,0.6626728250274099,0.990660423079786,0.19017043999999927,0.41692149999999994,0.4587526799999999,aab284a47019a20be0bf44d057ca64102b97aef7bf1599a073be5a05bf4534b7,epochfix-12e7dc37421d1eedb9f3,0.14914860247930636,0.18659430658246706,DS3,excluded,False,False,False
texbat-DS3-cmte-reconstructed,15.0,15.0,13.54124732,8,0.008955223880597,0.8798507462686568,30.422084768897555,233.2689350317872,0.7567513150588989,0.1287319192649726,0.7567513150588989,0.8131735096210712,0.19017043999999927,0.41692149999999994,0.4587526799999999,aab284a47019a20be0bf44d057ca64102b97aef7bf1599a073be5a05bf4534b7,epochfix-12e7dc37421d1eedb9f3,0.15777370923350373,0.18771100165923565,DS3,excluded,False,False,False
texbat-DS3-cmte-reconstructed,15.5,15.5,14.04124732,8,0.008955223880597,0.8462686567164179,35.60250423304793,272.758346627595,0.7921964312521408,0.1764713092496894,0.7921964312521408,0.8802105533952053,0.19017043999999927,0.41692149999999994,0.4587526799999999,aab284a47019a20be0bf44d057ca64102b97aef7bf1599a073be5a05bf4534b7,epochfix-12e7dc37421d1eedb9f3,0.1920231778636998,0.2723710812063502,DS3,excluded,False,False,False
texbat-DS3-cmte-reconstructed,16.0,16.0,14.54124732,8,0.0044776119402985,0.932089552238806,44.633453736462045,348.42921768474866,0.7739148848268655,0.07049596274684491,0.7739148848268655,0.7650094544949465,0.19017043999999927,0.41692149999999994,0.4587526799999999,aab284a47019a20be0bf44d057ca64102b97aef7bf1599a073be5a05bf4534b7,epochfix-12e7dc37421d1eedb9f3,0.1899296407717988,0.20915519531520643,DS3,excluded,False,False,False
texbat-DS3-cmte-reconstructed,16.5,16.5,15.04124732,7,0.6417910447761194,0.8776119402985074,1.545071155115302,2.694371726337418,0.1679091941765271,0.13055076448638486,0.1679091941765271,0.044931335844515,0.28706404000000063,0.4177293999999989,0.4587526799999999,7379bec1ccbf4d4298d97c9cb80221bff77ed6abf51a42c2fd56aaebf60fd207,epochfix-47a1575e6528a98c8838,0.14244723057884912,0.05228879882880161,DS3,excluded,False,False,False
texbat-DS3-cmte-reconstructed,17.0,17.0,15.54124732,7,0.6313432835820896,0.9134328358208956,1.3935669324922204,2.750312332801559,0.14956470438504682,0.09054542987268555,0.14956470438504682,0.0539671153062775,0.28706404000000063,0.4177293999999989,0.4587526799999999,7379bec1ccbf4d4298d97c9cb80221bff77ed6abf51a42c2fd56aaebf60fd207,epochfix-47a1575e6528a98c8838,0.10683542293413684,0.013072199707200402,DS3,excluded,False,False,False
texbat-DS3-cmte-reconstructed,17.5,17.5,16.04124732,7,0.5522388059701493,0.953731343283582,1.4807226025641067,3.161920480505601,0.18236206369082475,0.047373258007477034,0.18236206369082475,0.0857258387717617,0.28706404000000063,0.4177293999999989,0.4587526799999999,7379bec1ccbf4d4298d97c9cb80221bff77ed6abf51a42c2fd56aaebf60fd207,epochfix-47a1575e6528a98c8838,0.09626119748499543,0.05282408998315179,DS3,excluded,False,False,False
texbat-DS3-cmte-reconstructed,18.0,18.0,16.54124732,7,0.4671641791044776,0.9746268656716418,1.6145027759869346,3.864232457881009,0.22218453188669798,0.025700583108580664,0.22218453188669798,0.0767747686021392,0.28706404000000063,0.4177293999999989,0.4587526799999999,7379bec1ccbf4d4298d97c9cb80221bff77ed6abf51a42c2fd56aaebf60fd207,epochfix-47a1575e6528a98c8838,0.07415669247900306,0.019270522073981455,DS3,excluded,False,False,False
texbat-DS3-cmte-reconstructed,18.5,18.5,17.04124732,7,0.6044776119402985,0.8686567164179104,1.6109221151475388,2.8516778460731835,0.20544376281947363,0.14080726465357396,0.20544376281947363,0.0670657989415528,0.28706404000000063,0.4177293999999989,0.4587526799999999,7379bec1ccbf4d4298d97c9cb80221bff77ed6abf51a42c2fd56aaebf60fd207,epochfix-47a1575e6528a98c8838,0.05561751935925229,0.004817630518495364,DS3,excluded,False,False,False
texbat-DS3-cmte-reconstructed,19.0,19.0,17.54124732,5,0.7223880597014926,0.9044776119402984,1.37983891867026,2.3129659905838724,0.14576283030245962,0.1003977263156974,0.14576283030245962,0.0366368322059718,0.3767188399999988,0.4177293999999989,0.4587526799999999,6cb0edaff391d0c0c33c95942501eb6f4d84692809270aa7f80bd99d3d143abe,epochfix-9be8a3beb69999b5182d,0.04171313951943922,0.001204407629623841,DS3,excluded,False,False,False
texbat-DS3-cmte-reconstructed,19.5,19.5,18.04124732,5,0.5611940298507463,0.9746268656716418,1.605788850574043,3.0628408518032098,0.2258464601319595,0.025700583108580664,0.2258464601319595,0.0526077250751149,0.3767188399999988,0.4177293999999989,0.4587526799999999,6cb0edaff391d0c0c33c95942501eb6f4d84692809270aa7f80bd99d3d143abe,epochfix-9be8a3beb69999b5182d,0.03128485463957941,0.00030110190740596023,DS3,excluded,False,False,False
texbat-DS3-cmte-reconstructed,20.0,20.0,18.54124732,5,0.7522388059701492,0.9835820895522388,1.1088835497518672,2.12443726025113,0.08960884111517856,0.016554177882504528,0.08960884111517856,0.0784758797307945,0.3767188399999988,0.4177293999999989,0.4587526799999999,6cb0edaff391d0c0c33c95942501eb6f4d84692809270aa7f80bd99d3d143abe,epochfix-9be8a3beb69999b5182d,0.03140081555832963,0.02441752703134204,DS3,excluded,False,False,False
texbat-DS3-cmte-reconstructed,20.5,20.5,19.04124732,5,0.7865671641791044,0.9671641791044776,1.0408894680977072,1.89896406408318,0.0697177947519007,0.033387016032737055,0.0697177947519007,0.0960899564927444,0.3767188399999988,0.4177293999999989,0.4587526799999999,6cb0edaff391d0c0c33c95942501eb6f4d84692809270aa7f80bd99d3d143abe,epochfix-9be8a3beb69999b5182d,0.06955235574770435,0.14648078366104345,DS3,excluded,False,False,False
texbat-DS3-cmte-reconstructed,21.0,21.0,19.54124732,5,0.5522388059701493,0.9059701492537312,1.683687449617382,3.172498893862554,0.22853371665845898,0.09874892132551363,0.22853371665845898,0.0546464313950647,0.3767188399999988,0.4177293999999989,0.4587526799999999,6cb0edaff391d0c0c33c95942501eb6f4d84692809270aa7f80bd99d3d143abe,epochfix-9be8a3beb69999b5182d,0.052164266810778265,0.03662019591526086,DS3,excluded,False,False,False
texbat-DS3-cmte-reconstructed,21.5,21.5,20.04124732,2,0.7119402985074627,0.8126865671641792,1.8050127017209698,2.350852048997117,0.21515332568467807,0.21515332568467807,0.21515332568467807,0.0679933715456814,0.3767188399999988,0.41773575999999935,0.4587526799999999,5c5543d5bcf15e6982e93ee1e4c247bd1b116c2d2e1c8240771bcbaf21078c39,epochfix-45f52d98d725ac72a80a,0.11104371822102893,0.22709841271209413,DS3,excluded,False,False,False
texbat-DS3-cmte-reconstructed,22.0,22.0,20.54124732,2,0.7283582089552239,0.7507462686567163,2.1154927490983875,2.256523048484898,0.28713238832869664,0.28713238832869664,0.28713238832869664,0.0414577130734806,0.3767188399999988,0.41773575999999935,0.4587526799999999,5c5543d5bcf15e6982e93ee1e4c247bd1b116c2d2e1c8240771bcbaf21078c39,epochfix-45f52d98d725ac72a80a,0.0832827886657717,0.05677460317802353,DS3,excluded,False,False,False
texbat-DS3-cmte-reconstructed,22.5,22.5,21.04124732,2,0.844776119402985,0.9037313432835821,1.2970601207004833,1.662876337052822,0.10335551488553399,0.10335551488553399,0.10335551488553399,0.0460379362300287,0.3767188399999988,0.41773575999999935,0.4587526799999999,5c5543d5bcf15e6982e93ee1e4c247bd1b116c2d2e1c8240771bcbaf21078c39,epochfix-45f52d98d725ac72a80a,0.06246209149932877,0.014193650794505883,DS3,excluded,False,False,False
texbat-DS3-cmte-reconstructed,23.0,23.0,21.54124732,2,0.6432835820895523,0.75,2.1352044248293036,2.6647391356301475,0.29790896917335463,0.29790896917335463,0.29790896917335463,0.0656733571268163,0.3767188399999988,0.41773575999999935,0.4587526799999999,5c5543d5bcf15e6982e93ee1e4c247bd1b116c2d2e1c8240771bcbaf21078c39,epochfix-45f52d98d725ac72a80a,0.04684656862449658,0.003548412698626471,DS3,excluded,False,False,False
texbat-DS3-cmte-reconstructed,23.5,23.5,22.04124732,3,0.0149253731343283,0.8149253731343283,34.69366249485338,100.55392209869466,1.5307567020115924,0.20465873664010673,1.5307567020115924,0.6000638128344464,0.09902051999999983,0.3767188399999988,0.4587526799999999,4b44c82ca2b85772cf55b5650d76d8406c21effd550c582bcb69e6b5f53a2992,epochfix-d5cfd5d14e0a8b290942,0.21449489475061984,0.5454270222588776,DS3,excluded,False,False,False
texbat-DS3-cmte-reconstructed,24.0,24.0,22.54124732,3,0.0149253731343283,0.9238805970149254,25.614100637521222,74.5488497308468,1.4490038382586523,0.0791724397004156,1.4490038382586523,0.6364898375783894,0.09902051999999983,0.3767188399999988,0.4587526799999999,4b44c82ca2b85772cf55b5650d76d8406c21effd550c582bcb69e6b5f53a2992,epochfix-d5cfd5d14e0a8b290942,0.3402311393452123,0.6808966746489404,DS3,excluded,False,False,False
texbat-DS3-cmte-reconstructed,24.5,24.5,23.04124732,3,0.0149253731343283,0.7626865671641792,21.803185088912997,61.858977500114506,1.534251972352508,0.2709081221813072,1.534251972352508,0.5672783890435759,0.09902051999999983,0.3767188399999988,0.4587526799999999,4b44c82ca2b85772cf55b5650d76d8406c21effd550c582bcb69e6b5f53a2992,epochfix-d5cfd5d14e0a8b290942,0.43453332279115664,0.7147640877464562,DS3,excluded,False,False,False
texbat-DS3-cmte-reconstructed,25.0,25.0,23.54124732,3,0.0149253731343283,0.6432835820895523,36.491147627205066,104.86226461124544,1.6292795804398452,0.4411696222812639,1.6292795804398452,0.2778586076221623,0.09902051999999983,0.3767188399999988,0.4587526799999999,4b44c82ca2b85772cf55b5650d76d8406c21effd550c582bcb69e6b5f53a2992,epochfix-d5cfd5d14e0a8b290942,0.5052599603756149,0.7232309410208351,DS3,excluded,False,False,False
texbat-DS3-cmte-reconstructed,25.5,25.5,24.04124732,3,0.0149253731343283,0.8701492537313433,51.366704457894194,151.24531769912466,1.4808440222503343,0.13909052603451932,1.4808440222503343,0.3524075171442621,0.09902051999999983,0.3767188399999988,0.4587526799999999,4b44c82ca2b85772cf55b5650d76d8406c21effd550c582bcb69e6b5f53a2992,epochfix-d5cfd5d14e0a8b290942,0.5583049385639586,0.7253476543394298,DS3,excluded,False,False,False
texbat-DS3-cmte-reconstructed,26.0,26.0,24.54124732,3,0.0119402985074626,0.7238805970149254,63.99624041000359,188.1246910223708,1.6311639825619375,0.3231288214475286,1.6311639825619375,0.6298266568551569,0.09902051999999983,0.3767188399999988,0.4587526799999999,4b44c82ca2b85772cf55b5650d76d8406c21effd550c582bcb69e6b5f53a2992,epochfix-d5cfd5d14e0a8b290942,0.5980886722052163,0.7258768326690785,DS3,excluded,False,False,False
texbat-DS3-cmte-reconstructed,26.5,26.5,25.04124732,3,0.0149253731343283,0.8119402985074626,50.52993207881897,147.99614721818443,1.5386166649610233,0.2083284655290692,1.5386166649610233,0.4119654643894169,0.09902051999999983,0.3767188399999988,0.4587526799999999,4b44c82ca2b85772cf55b5650d76d8406c21effd550c582bcb69e6b5f53a2992,epochfix-d5cfd5d14e0a8b290942,0.6279264724361596,0.7260091272514907,DS3,excluded,False,False,False
texbat-DS3-cmte-reconstructed,27.0,27.0,25.54124732,3,0.0149253731343283,0.8552238805970149,40.13808513957977,118.02009231712596,1.4582028291981894,0.15639199567027218,1.4582028291981894,0.3754094485979697,0.09902051999999983,0.3767188399999988,0.4587526799999999,4b44c82ca2b85772cf55b5650d76d8406c21effd550c582bcb69e6b5f53a2992,epochfix-d5cfd5d14e0a8b290942,0.6503048226093672,0.7260422008970937,DS3,excluded,False,False,False
texbat-DS3-cmte-reconstructed,27.5,27.5,26.04124732,3,0.0149253731343283,0.4402985074626865,47.670998045377274,137.05758436476583,1.7444411469884107,0.8203023560451921,1.7444411469884107,0.7801573825416698,0.09902051999999983,0.3767188399999988,0.4587526799999999,4b44c82ca2b85772cf55b5650d76d8406c21effd550c582bcb69e6b5f53a2992,epochfix-d5cfd5d14e0a8b290942,0.8708478347815185,1.3404198762574424,DS3,excluded,False,False,False
texbat-DS3-cmte-reconstructed,28.0,28.0,26.54124732,3,0.0119402985074626,0.3746268656716418,65.13601239810558,189.8836085929957,1.8057172052291897,0.9818247732532279,1.8057172052291897,0.7015002103335465,0.09902051999999983,0.3767188399999988,0.4587526799999999,4b44c82ca2b85772cf55b5650d76d8406c21effd550c582bcb69e6b5f53a2992,epochfix-d5cfd5d14e0a8b290942,0.8324958443683863,0.8796448881485817,DS3,excluded,False,False,False
texbat-DS3-cmte-reconstructed,28.5,28.5,27.04124732,6,0.0149253731343283,0.9776119402985074,19.07868877081187,109.1029631510528,0.7680234201266987,0.022699586240370356,0.7680234201266987,0.7920026728012534,0.09902051999999983,0.41192030000000024,0.4587526799999999,bb7172e6fd4d41b1c815526c948cf5269e6c87bc6a5fbe3226a3307509f279f4,epochfix-450072602703f33ebb75,0.7003735321192017,0.45230302622432844,DS3,excluded,False,False,False
texbat-DS3-cmte-reconstructed,29.0,29.0,27.54124732,6,0.0149253731343283,0.8723880597014926,13.535896724503614,74.94410553151118,0.817221982895339,0.14658262958133525,0.817221982895339,0.311259269315261,0.09902051999999983,0.41192030000000024,0.4587526799999999,bb7172e6fd4d41b1c815526c948cf5269e6c87bc6a5fbe3226a3307509f279f4,epochfix-450072602703f33ebb75,0.6012817979323133,0.3454675607432651,DS3,excluded,False,False,False
texbat-DS3-cmte-reconstructed,29.5,29.5,28.04124732,6,0.008955223880597,0.8626865671641791,45.66256978931474,266.58676825658057,0.9642232798836173,0.15997592269011526,0.9642232798836173,1.0440950775498798,0.09902051999999983,0.41192030000000024,0.4587526799999999,bb7172e6fd4d41b1c815526c948cf5269e6c87bc6a5fbe3226a3307509f279f4,epochfix-450072602703f33ebb75,0.526962997292147,0.3187586943729993,DS3,excluded,False,False,False
texbat-DS3-cmte-reconstructed,30.0,30.0,28.54124732,6,0.0119402985074626,0.9671641791044776,36.01298688009925,211.83855772897937,0.777534439963961,0.0337312607864781,0.777534439963961,0.6373905596293742,0.09902051999999983,0.41192030000000024,0.4587526799999999,bb7172e6fd4d41b1c815526c948cf5269e6c87bc6a5fbe3226a3307509f279f4,epochfix-450072602703f33ebb75,0.4712238968120223,0.3120814777804328,DS3,excluded,False,False,False
texbat-DS3-cmte-reconstructed,30.5,30.5,29.04124732,6,0.0014925373134328,0.9985074626865672,66.77207511132328,396.2928999202317,1.161695464095356,0.0014947694241829687,1.161695464095356,0.5752011558589438,0.09902051999999983,0.41192030000000024,0.4587526799999999,bb7172e6fd4d41b1c815526c948cf5269e6c87bc6a5fbe3226a3307509f279f4,epochfix-450072602703f33ebb75,0.42941957145192877,0.31041217363229123,DS3,excluded,False,False,False
texbat-DS3-cmte-reconstructed,31.0,31.0,29.54124732,6,0.0014925373134328,0.7440298507462686,162.71636088365665,967.9147027936548,1.3244227527908452,0.35481670759884043,1.3244227527908452,2.025769649784393,0.09902051999999983,0.41192030000000024,0.4587526799999999,bb7172e6fd4d41b1c815526c948cf5269e6c87bc6a5fbe3226a3307509f279f4,epochfix-450072602703f33ebb75,0.39806632743185866,0.30999484759525586,DS3,excluded,False,False,False
texbat-DS3-cmte-reconstructed,31.5,31.5,30.04124732,6,0.0014925373134328,0.8835820895522388,69.52024556293887,411.1851067061871,1.2276844776769373,0.1325272234649233,1.2276844776769373,1.2125245025944726,0.09902051999999983,0.41192030000000024,0.4587526799999999,bb7172e6fd4d41b1c815526c948cf5269e6c87bc6a5fbe3226a3307509f279f4,epochfix-450072602703f33ebb75,0.4038531118429699,0.39809185403881525,DS3,stable_pre,True,False,False
texbat-DS3-cmte-reconstructed,32.0,32.0,30.54124732,6,0.0149253731343283,0.9537313432835821,21.272553928290584,123.63143504560742,0.7507707266288075,0.04855141520942234,0.7507707266288075,0.461746078240012,0.09902051999999983,0.41192030000000024,0.4587526799999999,bb7172e6fd4d41b1c815526c948cf5269e6c87bc6a5fbe3226a3307509f279f4,epochfix-450072602703f33ebb75,0.3788914827251395,0.3319147676968868,DS3,stable_pre,True,False,False
texbat-DS3-cmte-reconstructed,32.5,32.5,31.04124732,5,0.8014925373134328,0.9985074626865672,0.7553311201080459,1.84351458446981,0.052160133144433886,0.0014936522567832536,0.052160133144433886,0.0587393240868968,0.37671884000000233,0.41207624000000465,0.45875268000000347,6cb0edaff391d0c0c33c95942501eb6f4d84692809270aa7f80bd99d3d143abe,epochfix-2618f026b4ffe8cbc101,0.28416861204385463,0.0829786919242217,DS3,stable_pre,True,False,False
texbat-DS3-cmte-reconstructed,33.0,33.0,31.54124732,4,0.5417910447761194,0.9343283582089552,1.341973160813908,3.244307171587917,0.18842053569343373,0.07040363232678698,0.18842053569343373,0.0693870585107541,0.37671884000000233,0.4123453000000019,0.45875268000000347,be8b94e0fc2369fcae63910f69d27373dd9ba0d07642a1552254afe768bc259d,epochfix-00d9ee5679498759ddde,0.22926108931728376,0.0700243276941709,DS3,stable_pre,True,False,False
texbat-DS3-cmte-reconstructed,33.5,33.5,32.04124732,4,0.6850746268656717,0.9216417910447761,1.2261436787233035,2.474381275744035,0.13710119719076969,0.08508864321930605,0.13710119719076969,0.0639924287930216,0.37671884000000233,0.4123453000000019,0.45875268000000347,be8b94e0fc2369fcae63910f69d27373dd9ba0d07642a1552254afe768bc259d,epochfix-00d9ee5679498759ddde,0.17194581698796282,0.017506081923542725,DS3,stable_pre,True,False,False
texbat-DS3-cmte-reconstructed,34.0,34.0,32.54124732,4,0.4552238805970149,0.9238805970149253,1.5390746120395753,4.058283455702293,0.23803055736036516,0.08257814683193021,0.23803055736036516,0.0567910715303519,0.37671884000000233,0.4123453000000019,0.45875268000000347,be8b94e0fc2369fcae63910f69d27373dd9ba0d07642a1552254afe768bc259d,epochfix-00d9ee5679498759ddde,0.1289593627409721,0.004376520480885681,DS3,stable_pre,True,False,False
texbat-DS3-cmte-reconstructed,34.5,34.5,33.04124732,3,0.6611940298507463,0.9582089552238806,1.249369586810541,2.5664048609973107,0.15213245034497555,0.04268940869505056,0.15213245034497555,0.0898794833789833,0.37671884000000233,0.4126143599999992,0.45875268000000347,1a1149e1c34f72511489539a199b9c8c23dc0a7acb3980db2e87085bc74064bb,epochfix-df14bf42598e224dd0b5,0.20173733718011078,0.3198158775453761,DS3,stable_pre,True,False,False
texbat-DS3-cmte-reconstructed,35.0,35.0,33.54124732,3,0.4686567164179104,0.4731343283582089,2.597441543014799,3.8064163026899207,0.5020868883281633,0.7483759385077312,0.5020868883281633,0.0856748794181345,0.37671884000000233,0.4126143599999992,0.45875268000000347,1a1149e1c34f72511489539a199b9c8c23dc0a7acb3980db2e87085bc74064bb,epochfix-df14bf42598e224dd0b5,0.18468585104121374,0.18150742938035294,DS3,stable_pre,True,False,False
texbat-DS3-cmte-reconstructed,35.5,35.5,34.04124732,3,0.7179104477611941,0.7283582089552239,1.6128214726275678,2.3317545019158925,0.21612424960370502,0.3169623065318646,0.21612424960370502,0.031552481253134,0.37671884000000233,0.4126143599999992,0.45875268000000347,1a1149e1c34f72511489539a199b9c8c23dc0a7acb3980db2e87085bc74064bb,epochfix-df14bf42598e224dd0b5,0.1385143882809103,0.045376857345088235,DS3,stable_pre,True,False,False
texbat-DS3-cmte-reconstructed,36.0,36.0,34.54124732,2,0.5791044776119403,0.6052238805970149,2.8563710767341086,2.977495974381929,0.503088953050236,0.503088953050236,0.503088953050236,0.0542442478277295,0.37671884000000233,0.4177357600000029,0.45875268000000347,5c5543d5bcf15e6982e93ee1e4c247bd1b116c2d2e1c8240771bcbaf21078c39,epochfix-45f52d98d725ac72a80a,0.10388579121068273,0.011344214336272059,DS3,stable_pre,True,False,False
texbat-DS3-cmte-reconstructed,36.5,36.5,35.04124732,2,0.6223880597014926,0.81044776119403,1.6149598426334746,2.7844134017823023,0.23784257142149676,0.23784257142149676,0.23784257142149676,0.0843324846116703,0.37671884000000233,0.4177357600000029,0.45875268000000347,5c5543d5bcf15e6982e93ee1e4c247bd1b116c2d2e1c8240771bcbaf21078c39,epochfix-45f52d98d725ac72a80a,0.14983486152095726,0.22077941731734693,DS3,stable_pre,True,False,False
texbat-DS3-cmte-reconstructed,37.0,37.0,35.54124732,2,0.6358208955223881,0.7925373134328358,1.8867471411027632,2.7085702030343777,0.2524587575802654,0.2524587575802654,0.2524587575802654,0.0569898068671547,0.37671884000000233,0.4177357600000029,0.45875268000000347,5c5543d5bcf15e6982e93ee1e4c247bd1b116c2d2e1c8240771bcbaf21078c39,epochfix-45f52d98d725ac72a80a,0.11237614614071795,0.05519485432933673,DS3,stable_pre,True,False,False
texbat-DS3-cmte-reconstructed,37.5,37.5,36.04124732,2,0.7955223880597015,0.8261194029850747,1.7250513206466507,1.8562441174448667,0.19170230214230627,0.19170230214230627,0.19170230214230627,0.0503052550498873,0.37671884000000233,0.4177357600000029,0.45875268000000347,5c5543d5bcf15e6982e93ee1e4c247bd1b116c2d2e1c8240771bcbaf21078c39,epochfix-45f52d98d725ac72a80a,0.08428210960553846,0.013798713582334183,DS3,stable_pre,True,False,False
texbat-DS3-cmte-reconstructed,38.0,38.0,36.54124732,2,0.6746268656716418,0.8194029850746269,1.7232208249941703,2.523249243368208,0.2150368705775952,0.2150368705775952,0.2150368705775952,0.0715014267133203,0.37671884000000233,0.4177357600000029,0.45875268000000347,5c5543d5bcf15e6982e93ee1e4c247bd1b116c2d2e1c8240771bcbaf21078c39,epochfix-45f52d98d725ac72a80a,0.13513210031709907,0.22139304212886246,DS3,stable_pre,True,False,False
texbat-DS3-cmte-reconstructed,38.5,38.5,37.04124732,2,0.5597014925373134,0.6992537313432836,2.393468087577581,3.0756779258382325,0.3780637744529608,0.3780637744529608,0.3780637744529608,0.0934561865671973,0.37671884000000233,0.4177357600000029,0.45875268000000347,5c5543d5bcf15e6982e93ee1e4c247bd1b116c2d2e1c8240771bcbaf21078c39,epochfix-45f52d98d725ac72a80a,0.26968521355376573,0.5648527783927306,DS3,stable_pre,True,False,False
texbat-DS3-cmte-reconstructed,39.0,39.0,37.54124732,2,0.4029850746268656,0.6955223880597015,2.5658953070720107,4.39321840711913,0.4604339549173204,0.4604339549173204,0.4604339549173204,0.0527533025073259,0.37671884000000233,0.4177357600000029,0.45875268000000347,5c5543d5bcf15e6982e93ee1e4c247bd1b116c2d2e1c8240771bcbaf21078c39,epochfix-45f52d98d725ac72a80a,0.2022639101653243,0.14121319459818266,DS3,stable_pre,True,False,False
texbat-DS3-cmte-reconstructed,39.5,39.5,38.04124732,2,0.8417910447761194,0.8656716417910448,1.5687537861950016,1.680699691692047,0.1446302531033074,0.1446302531033074,0.1446302531033074,0.043045931377584,0.37671884000000233,0.4177357600000029,0.45875268000000347,5c5543d5bcf15e6982e93ee1e4c247bd1b116c2d2e1c8240771bcbaf21078c39,epochfix-45f52d98d725ac72a80a,0.15169793262399323,0.035303298649545664,DS3,stable_pre,True,False,False
texbat-DS3-cmte-reconstructed,40.0,40.0,38.54124732,2,0.8522388059701492,0.8895522388059701,1.4025328594875608,1.6270555689630553,0.1179175665902673,0.1179175665902673,0.1179175665902673,0.067399437081633,0.37671884000000233,0.4177357600000029,0.45875268000000347,5c5543d5bcf15e6982e93ee1e4c247bd1b116c2d2e1c8240771bcbaf21078c39,epochfix-45f52d98d725ac72a80a,0.11377344946799492,0.008825824662386416,DS3,stable_pre,True,False,False
texbat-DS3-cmte-reconstructed,40.5,40.5,39.04124732,2,0.5716417910447761,0.5888059701492537,2.9369579193572513,3.0325895904236915,0.5300836379938225,0.5300836379938225,0.5300836379938225,0.0836936526782963,0.37671884000000233,0.4177357600000029,0.45875268000000347,5c5543d5bcf15e6982e93ee1e4c247bd1b116c2d2e1c8240771bcbaf21078c39,epochfix-45f52d98d725ac72a80a,0.1572506052139414,0.22014981989887553,DS3,stable_pre,True,False,False
texbat-DS3-cmte-reconstructed,41.0,41.0,39.54124732,2,0.7179104477611941,0.7947761194029851,1.9277861130462417,2.329903368288754,0.23439358591801762,0.23439358591801762,0.23439358591801762,0.0333848818253356,0.37671884000000233,0.4177357600000029,0.45875268000000347,5c5543d5bcf15e6982e93ee1e4c247bd1b116c2d2e1c8240771bcbaf21078c39,epochfix-45f52d98d725ac72a80a,0.11793795391045606,0.05503745497471888,DS3,stable_pre,True,False,False
texbat-DS3-cmte-reconstructed,41.5,41.5,40.04124732,2,0.3865671641791044,0.612686567164179,3.207521538107441,4.701386377552207,0.5631127565883974,0.5631127565883974,0.5631127565883974,0.0406682783466136,0.37671884000000233,0.4177357600000029,0.45875268000000347,5c5543d5bcf15e6982e93ee1e4c247bd1b116c2d2e1c8240771bcbaf21078c39,epochfix-45f52d98d725ac72a80a,0.08845346543284205,0.01375936374367972,DS3,stable_pre,True,False,False
texbat-DS3-cmte-reconstructed,42.0,42.0,40.54124732,2,0.5552238805970149,0.7492537313432835,2.1052910868941446,3.1322014172241825,0.3233860881750098,0.3233860881750098,0.3233860881750098,0.0585129865266155,0.37671884000000233,0.4177357600000029,0.45875268000000347,5c5543d5bcf15e6982e93ee1e4c247bd1b116c2d2e1c8240771bcbaf21078c39,epochfix-45f52d98d725ac72a80a,0.06634009907463154,0.00343984093591993,DS3,stable_pre,True,False,False
texbat-DS3-cmte-reconstructed,42.5,42.5,41.04124732,2,0.7268656716417911,0.8395522388059702,1.648481266041714,2.286302224716184,0.18397650917132194,0.18397650917132194,0.18397650917132194,0.0606824621284905,0.37671884000000233,0.4177357600000029,0.45875268000000347,5c5543d5bcf15e6982e93ee1e4c247bd1b116c2d2e1c8240771bcbaf21078c39,epochfix-45f52d98d725ac72a80a,0.04975507430597365,0.0008599602339799825,DS3,stable_pre,True,False,False
texbat-DS3-cmte-reconstructed,43.0,43.0,41.54124732,2,0.8686567164179104,0.8791044776119403,1.4938209723707554,1.549227025126617,0.128922154986618,0.128922154986618,0.128922154986618,0.0373931491281663,0.37671884000000233,0.4177357600000029,0.45875268000000347,5c5543d5bcf15e6982e93ee1e4c247bd1b116c2d2e1c8240771bcbaf21078c39,epochfix-45f52d98d725ac72a80a,0.03731630572948024,0.00021499005849499563,DS3,stable_pre,True,False,False
texbat-DS3-cmte-reconstructed,43.5,43.5,42.04124732,2,0.5522388059701493,0.7365671641791045,2.1761661489195916,3.152153742585408,0.3380916976131828,0.3380916976131828,0.3380916976131828,0.0689059927049932,0.37671884000000233,0.4177357600000029,0.45875268000000347,5c5543d5bcf15e6982e93ee1e4c247bd1b116c2d2e1c8240771bcbaf21078c39,epochfix-45f52d98d725ac72a80a,0.0999077474100554,0.21799711124790266,DS3,stable_pre,True,False,False
texbat-DS3-cmte-reconstructed,44.0,44.0,42.54124732,2,0.382089552238806,0.6656716417910448,2.898479846723368,4.737896317558496,0.5070897084751694,0.5070897084751694,0.5070897084751694,0.0666763726732812,0.37671884000000233,0.4177357600000029,0.45875268000000347,5c5543d5bcf15e6982e93ee1e4c247bd1b116c2d2e1c8240771bcbaf21078c39,epochfix-45f52d98d725ac72a80a,0.07493081055754156,0.054499277811975666,DS3,stable_pre,True,False,False
texbat-DS3-cmte-reconstructed,44.5,44.5,43.04124732,2,0.4671641791044776,0.6865671641791045,2.584714499502274,3.847945598937608,0.4299117215851861,0.4299117215851861,0.4299117215851861,0.0779351540634914,0.37671884000000233,0.4177357600000029,0.45875268000000347,5c5543d5bcf15e6982e93ee1e4c247bd1b116c2d2e1c8240771bcbaf21078c39,epochfix-45f52d98d725ac72a80a,0.12811862603110138,0.2315681831862728,DS3,stable_pre,True,False,False
texbat-DS3-cmte-reconstructed,45.0,45.0,43.54124732,2,0.5208955223880597,0.7402985074626866,2.1771485888242808,3.381662402446972,0.3466693891649885,0.3466693891649885,0.3466693891649885,0.0524034102486431,0.37671884000000233,0.4177357600000029,0.45875268000000347,5c5543d5bcf15e6982e93ee1e4c247bd1b116c2d2e1c8240771bcbaf21078c39,epochfix-45f52d98d725ac72a80a,0.09608896952332605,0.0578920457965682,DS3,stable_pre,True,False,False
texbat-DS3-cmte-reconstructed,45.5,45.5,44.04124732,2,0.9194029850746268,0.958955223880597,0.8300837921964885,1.216168105872294,0.042762200554137646,0.042762200554137646,0.042762200554137646,0.0201637004850856,0.37671884000000233,0.4177357600000029,0.45875268000000347,5c5543d5bcf15e6982e93ee1e4c247bd1b116c2d2e1c8240771bcbaf21078c39,epochfix-45f52d98d725ac72a80a,0.07206672714249454,0.01447301144914205,DS3,stable_pre,True,False,False
texbat-DS3-cmte-reconstructed,46.0,46.0,44.54124732,2,0.7656716417910447,0.8828358208955224,1.132233750272725,2.028885630972269,0.13350093360712112,0.13350093360712112,0.13350093360712112,0.0717628156738945,0.37671884000000233,0.4177357600000029,0.45875268000000347,5c5543d5bcf15e6982e93ee1e4c247bd1b116c2d2e1c8240771bcbaf21078c39,epochfix-45f52d98d725ac72a80a,0.12597056346981614,0.22156161659556442,DS3,stable_pre,True,False,False
texbat-DS3-cmte-reconstructed,46.5,46.5,45.04124732,2,0.8776119402985074,0.9350746268656716,1.0775961324162908,1.4930177247683871,0.06902071810777125,0.06902071810777125,0.06902071810777125,0.0491223450974902,0.37671884000000233,0.4177357600000029,0.45875268000000347,5c5543d5bcf15e6982e93ee1e4c247bd1b116c2d2e1c8240771bcbaf21078c39,epochfix-45f52d98d725ac72a80a,0.0944779226023621,0.055390404148891105,DS3,stable_pre,True,False,False
texbat-DS3-cmte-reconstructed,47.0,47.0,45.54124732,2,0.746268656716418,0.7955223880597015,1.9151648805432142,2.1654417828946166,0.2306766240723244,0.2306766240723244,0.2306766240723244,0.0412007805527349,0.37671884000000233,0.4177357600000029,0.45875268000000347,5c5543d5bcf15e6982e93ee1e4c247bd1b116c2d2e1c8240771bcbaf21078c39,epochfix-45f52d98d725ac72a80a,0.07085844195177157,0.013847601037222776,DS3,stable_pre,True,False,False
texbat-DS3-cmte-reconstructed,47.5,47.5,46.04124732,2,0.6985074626865672,0.8328358208955224,1.662684100491874,2.4254372385578225,0.19609821625005103,0.19609821625005103,0.19609821625005103,0.0566702742959188,0.37671884000000233,0.4177357600000029,0.45875268000000347,5c5543d5bcf15e6982e93ee1e4c247bd1b116c2d2e1c8240771bcbaf21078c39,epochfix-45f52d98d725ac72a80a,0.05314383146382868,0.003461900259305694,DS3,stable_pre,True,False,False
texbat-DS3-cmte-reconstructed,48.0,48.0,46.54124732,2,0.2925373134328358,0.6276119402985075,3.9607459414825286,6.982811768332683,0.6335952243718669,0.6335952243718669,0.6335952243718669,0.1219994189575886,0.37671884000000233,0.4177357600000029,0.45875268000000347,5c5543d5bcf15e6982e93ee1e4c247bd1b116c2d2e1c8240771bcbaf21078c39,epochfix-45f52d98d725ac72a80a,0.29527068548086677,0.7743954630504287,DS3,stable_pre,True,False,False
texbat-DS3-cmte-reconstructed,48.5,48.5,47.04124732,2,0.2641791044776119,0.5791044776119403,4.772575210874035,8.136268635163269,0.7215720470403726,0.7215720470403726,0.7215720470403726,0.0551588262084581,0.37671884000000233,0.4177357600000029,0.45875268000000347,5c5543d5bcf15e6982e93ee1e4c247bd1b116c2d2e1c8240771bcbaf21078c39,epochfix-45f52d98d725ac72a80a,0.22145301411065008,0.19359886576260718,DS3,stable_pre,True,False,False
texbat-DS3-cmte-reconstructed,49.0,49.0,47.54124732,2,0.6,0.6388059701492537,2.685428826871087,2.8703652567002904,0.45000306905482723,0.45000306905482723,0.45000306905482723,0.0667055510375256,0.37671884000000233,0.4177357600000029,0.45875268000000347,5c5543d5bcf15e6982e93ee1e4c247bd1b116c2d2e1c8240771bcbaf21078c39,epochfix-45f52d98d725ac72a80a,0.16608976058298755,0.048399716440651795,DS3,stable_pre,True,False,False
texbat-DS3-cmte-reconstructed,49.5,49.5,48.04124732,2,0.5850746268656717,0.7798507462686568,1.8862505704730446,2.9312414356664283,0.2808582278515649,0.2808582278515649,0.2808582278515649,0.0740102156535627,0.37671884000000233,0.4177357600000029,0.45875268000000347,5c5543d5bcf15e6982e93ee1e4c247bd1b116c2d2e1c8240771bcbaf21078c39,epochfix-45f52d98d725ac72a80a,0.1964878385501859,0.23004329284344185,DS3,stable_pre,True,False,False
texbat-DS3-cmte-reconstructed,50.0,50.0,48.54124732,2,0.5582089552238806,0.6022388059701492,2.8556682112311083,3.111479161470844,0.5097809496765009,0.5097809496765009,0.5097809496765009,0.0883680240040397,0.37671884000000233,0.4177357600000029,0.45875268000000347,5c5543d5bcf15e6982e93ee1e4c247bd1b116c2d2e1c8240771bcbaf21078c39,epochfix-45f52d98d725ac72a80a,0.49393946919261206,1.103767552104212,DS3,stable_pre,True,False,False
texbat-DS3-cmte-reconstructed,50.5,50.5,49.04124732,2,0.5507462686567164,0.6917910447761194,2.4576356562762722,3.1825506185458585,0.3896999091740927,0.3896999091740927,0.3896999091740927,0.04623607712671,0.37671884000000233,0.4177357600000029,0.45875268000000347,5c5543d5bcf15e6982e93ee1e4c247bd1b116c2d2e1c8240771bcbaf21078c39,epochfix-45f52d98d725ac72a80a,0.37045460189445906,0.275941888026053,DS3,stable_pre,True,False,False
texbat-DS3-cmte-reconstructed,51.0,51.0,49.54124732,2,0.9432835820895522,0.9432835820895522,1.0859519718414707,1.092101859340031,0.05838831823815435,0.05838831823815435,0.05838831823815435,0.0550140754785064,0.37671884000000233,0.4177357600000029,0.45875268000000347,5c5543d5bcf15e6982e93ee1e4c247bd1b116c2d2e1c8240771bcbaf21078c39,epochfix-45f52d98d725ac72a80a,0.2778409514208443,0.06898547200651325,DS3,stable_pre,True,False,False
texbat-DS3-cmte-reconstructed,51.5,51.5,50.04124732,2,0.9522388059701492,0.9761194029850746,0.6989100389306045,1.027525433740037,0.024469714520110958,0.024469714520110958,0.024469714520110958,0.0417614746022721,0.37671884000000233,0.4177357600000029,0.45875268000000347,5c5543d5bcf15e6982e93ee1e4c247bd1b116c2d2e1c8240771bcbaf21078c39,epochfix-45f52d98d725ac72a80a,0.20838071356563323,0.017246368001628314,DS3,stable_pre,True,False,False
texbat-DS3-cmte-reconstructed,52.0,52.0,50.54124732,2,0.6417910447761194,0.8186567164179105,1.6662376770488336,2.695810764072849,0.2239900850833958,0.2239900850833958,0.2239900850833958,0.0521695245859525,0.37671884000000233,0.4177357600000029,0.45875268000000347,5c5543d5bcf15e6982e93ee1e4c247bd1b116c2d2e1c8240771bcbaf21078c39,epochfix-45f52d98d725ac72a80a,0.15628553517422492,0.004311592000407078,DS3,stable_pre,True,False,False
texbat-DS3-cmte-reconstructed,52.5,52.5,51.04124732,2,0.5268656716417911,0.5335820895522388,3.3002435574895905,3.3390228571036005,0.6282215780054777,0.6282215780054777,0.6282215780054777,0.1031132178304136,0.37671884000000233,0.4177357600000029,0.45875268000000347,5c5543d5bcf15e6982e93ee1e4c247bd1b116c2d2e1c8240771bcbaf21078c39,epochfix-45f52d98d725ac72a80a,0.2855502896966101,0.5105824158606167,DS3,stable_pre,True,False,False
texbat-DS3-cmte-reconstructed,53.0,53.0,51.54124732,2,0.5238805970149254,0.682089552238806,2.515817754014045,3.3482372417570545,0.4102447865822336,0.4102447865822336,0.4102447865822336,0.0552471481266274,0.37671884000000233,0.4177357600000029,0.45875268000000347,5c5543d5bcf15e6982e93ee1e4c247bd1b116c2d2e1c8240771bcbaf21078c39,epochfix-45f52d98d725ac72a80a,0.2141627172724576,0.12764560396515418,DS3,stable_pre,True,False,False
texbat-DS3-cmte-reconstructed,53.5,53.5,52.04124732,2,0.5567164179104478,0.7238805970149254,2.2740390940379998,3.119851378793716,0.35052994586680286,0.35052994586680286,0.35052994586680286,0.0758140332263798,0.37671884000000233,0.4177357600000029,0.45875268000000347,5c5543d5bcf15e6982e93ee1e4c247bd1b116c2d2e1c8240771bcbaf21078c39,epochfix-45f52d98d725ac72a80a,0.2325425560672884,0.24985476472456747,DS3,stable_pre,True,False,False
texbat-DS3-cmte-reconstructed,54.0,54.0,52.54124732,2,0.9253731343283582,0.9268656716417911,1.179097078365348,1.1873478410054132,0.07594792699585332,0.07594792699585332,0.07594792699585332,0.0306549528116896,0.37671884000000233,0.4177357600000029,0.45875268000000347,5c5543d5bcf15e6982e93ee1e4c247bd1b116c2d2e1c8240771bcbaf21078c39,epochfix-45f52d98d725ac72a80a,0.1744069170504663,0.06246369118114187,DS3,stable_pre,True,False,False
texbat-DS3-cmte-reconstructed,54.5,54.5,53.04124732,2,0.9223880597014924,0.9552238805970148,0.9666043400370538,1.1968185807917695,0.046400705687662386,0.046400705687662386,0.046400705687662386,0.0365659298683106,0.37671884000000233,0.4177357600000029,0.45875268000000347,5c5543d5bcf15e6982e93ee1e4c247bd1b116c2d2e1c8240771bcbaf21078c39,epochfix-45f52d98d725ac72a80a,0.13080518778784972,0.015615922795285467,DS3,stable_pre,True,False,False
texbat-DS3-cmte-reconstructed,55.0,55.0,53.54124732,2,0.5,0.6843283582089552,2.518680760288789,3.492037630459184,0.4169772226067596,0.4169772226067596,0.4169772226067596,0.057622189823745,0.37671884000000233,0.4177357600000029,0.45875268000000347,5c5543d5bcf15e6982e93ee1e4c247bd1b116c2d2e1c8240771bcbaf21078c39,epochfix-45f52d98d725ac72a80a,0.09810389084088729,0.0039039806988213667,DS3,stable_pre,True,False,False
texbat-DS3-cmte-reconstructed,55.5,55.5,54.04124732,2,0.4253731343283582,0.49850746268656715,3.6542655740426775,4.275054912502112,0.7070156276603635,0.7070156276603635,0.7070156276603635,0.1139395793372293,0.37671884000000233,0.4177357600000029,0.45875268000000347,5c5543d5bcf15e6982e93ee1e4c247bd1b116c2d2e1c8240771bcbaf21078c39,epochfix-45f52d98d725ac72a80a,0.4201515084106381,1.0472327240680568,DS3,stable_pre,True,False,False
texbat-DS3-cmte-reconstructed,56.0,56.0,54.54124732,2,0.6432835820895523,0.7507462686567165,2.122967087635434,2.660397405990857,0.2970386469344626,0.2970386469344626,0.2970386469344626,0.0908746864822949,0.37671884000000233,0.4177357600000029,0.45875268000000347,5c5543d5bcf15e6982e93ee1e4c247bd1b116c2d2e1c8240771bcbaf21078c39,epochfix-45f52d98d725ac72a80a,0.48344976962391994,0.7713126988775292,DS3,stable_pre,True,False,False
texbat-DS3-cmte-reconstructed,56.5,56.5,55.04124732,2,0.5597014925373134,0.6664179104477612,2.542228892374766,3.105649832956011,0.4188270782700648,0.4188270782700648,0.4188270782700648,0.0762500672764678,0.37671884000000233,0.4177357600000029,0.45875268000000347,5c5543d5bcf15e6982e93ee1e4c247bd1b116c2d2e1c8240771bcbaf21078c39,epochfix-45f52d98d725ac72a80a,0.43450784533088516,0.41077153845266123,DS3,stable_pre,True,False,False
texbat-DS3-cmte-reconstructed,57.0,57.0,55.54124732,2,0.4850746268656716,0.7358208955223879,2.187706175783666,3.6108183004841874,0.36848820129429993,0.36848820129429993,0.36848820129429993,0.0755557715041267,0.37671884000000233,0.4177357600000029,0.45875268000000347,5c5543d5bcf15e6982e93ee1e4c247bd1b116c2d2e1c8240771bcbaf21078c39,epochfix-45f52d98d725ac72a80a,0.39780140211110904,0.3206362483464442,DS3,stable_pre,True,False,False
texbat-DS3-cmte-reconstructed,57.5,57.5,56.04124732,2,0.8134328358208955,0.8902985074626866,1.356085678394511,1.803872681330814,0.11993946687725235,0.11993946687725235,0.11993946687725235,0.0424342216363243,0.37671884000000233,0.4177357600000029,0.45875268000000347,5c5543d5bcf15e6982e93ee1e4c247bd1b116c2d2e1c8240771bcbaf21078c39,epochfix-45f52d98d725ac72a80a,0.29835105158333175,0.08015906208661105,DS3,stable_pre,True,False,False
texbat-DS3-cmte-reconstructed,58.0,58.0,56.54124732,2,0.7716417910447761,0.808955223880597,1.8201677851928835,1.9883659217692693,0.21307662326692112,0.21307662326692112,0.21307662326692112,0.0507065078934311,0.37671884000000233,0.4177357600000029,0.45875268000000347,5c5543d5bcf15e6982e93ee1e4c247bd1b116c2d2e1c8240771bcbaf21078c39,epochfix-45f52d98d725ac72a80a,0.2237632886874988,0.020039765521652764,DS3,stable_pre,True,False,False
texbat-DS3-cmte-reconstructed,58.5,58.5,57.04124732,2,0.7522388059701492,0.8470149253731343,1.6082360942578573,2.122028130810533,0.17233664707872084,0.17233664707872084,0.17233664707872084,0.0585196140379091,0.37671884000000233,0.4177357600000029,0.45875268000000347,5c5543d5bcf15e6982e93ee1e4c247bd1b116c2d2e1c8240771bcbaf21078c39,epochfix-45f52d98d725ac72a80a,0.1678224665156241,0.005009941380413191,DS3,stable_pre,True,False,False
texbat-DS3-cmte-reconstructed,59.0,59.0,57.54124732,2,0.6746268656716418,0.8335820895522388,1.5929541208703772,2.518060568218996,0.20054310214096913,0.20054310214096913,0.20054310214096913,0.0915172784533127,0.37671884000000233,0.4177357600000029,0.45875268000000347,5c5543d5bcf15e6982e93ee1e4c247bd1b116c2d2e1c8240771bcbaf21078c39,epochfix-45f52d98d725ac72a80a,0.2942029882026595,0.5107570032056182,DS3,stable_pre,True,False,False
texbat-DS3-cmte-reconstructed,59.5,59.5,58.04124732,2,0.7492537313432835,0.826865671641791,1.759525757132447,2.158266447425952,0.19453765950448998,0.19453765950448998,0.19453765950448998,0.0497380300770933,0.37671884000000233,0.4177357600000029,0.45875268000000347,5c5543d5bcf15e6982e93ee1e4c247bd1b116c2d2e1c8240771bcbaf21078c39,epochfix-45f52d98d725ac72a80a,0.2206522411519946,0.12768925080140456,DS3,stable_pre,True,False,False
texbat-DS3-cmte-reconstructed,60.0,60.0,58.54124732,2,0.6432835820895523,0.767910447761194,2.034103321671722,2.6502198930285763,0.27742829035782196,0.27742829035782196,0.27742829035782196,0.102754161506529,0.37671884000000233,0.4177357600000029,0.45875268000000347,5c5543d5bcf15e6982e93ee1e4c247bd1b116c2d2e1c8240771bcbaf21078c39,epochfix-45f52d98d725ac72a80a,0.33382531917993735,0.5414268305608662,DS3,stable_pre,True,False,False
texbat-DS3-cmte-reconstructed,60.5,60.5,59.04124732,2,0.491044776119403,0.7082089552238806,2.375664694175242,3.563771867701622,0.3943890979827572,0.3943890979827572,0.3943890979827572,0.0393721331572595,0.37671884000000233,0.4177357600000029,0.45875268000000347,5c5543d5bcf15e6982e93ee1e4c247bd1b116c2d2e1c8240771bcbaf21078c39,epochfix-45f52d98d725ac72a80a,0.250368989384953,0.13535670764021654,DS3,stable_pre,True,False,False
texbat-DS3-cmte-reconstructed,61.0,61.0,59.54124732,2,0.4626865671641791,0.6776119402985075,2.6635514216469884,3.9080418347831367,0.4421961866700999,0.4421961866700999,0.4421961866700999,0.0654170449790191,0.37671884000000233,0.4177357600000029,0.45875268000000347,5c5543d5bcf15e6982e93ee1e4c247bd1b116c2d2e1c8240771bcbaf21078c39,epochfix-45f52d98d725ac72a80a,0.18777674203871475,0.033839176910054135,DS3,stable_pre,True,False,False
texbat-DS3-cmte-reconstructed,61.5,61.5,60.04124732,2,0.308955223880597,0.6358208955223881,3.7508863934336674,6.555264522347044,0.606293157354441,0.606293157354441,0.606293157354441,0.0983105475932771,0.37671884000000233,0.4177357600000029,0.45875268000000347,5c5543d5bcf15e6982e93ee1e4c247bd1b116c2d2e1c8240771bcbaf21078c39,epochfix-45f52d98d725ac72a80a,0.30916869484497744,0.5179643120880285,DS3,stable_pre,True,False,False
texbat-DS3-cmte-reconstructed,62.0,62.0,60.54124732,2,0.3358208955223881,0.6492537313432837,3.357599888845545,5.7746019922953735,0.5646023528849153,0.5646023528849153,0.5646023528849153,0.0855090501518985,0.37671884000000233,0.4177357600000029,0.45875268000000347,5c5543d5bcf15e6982e93ee1e4c247bd1b116c2d2e1c8240771bcbaf21078c39,epochfix-45f52d98d725ac72a80a,0.30379703924667834,0.34743444175528604,DS3,stable_pre,True,False,False
texbat-DS3-cmte-reconstructed,62.5,62.5,61.04124732,2,0.9238805970149254,0.93955223880597,1.0922851912128906,1.1946982827907076,0.06249098786585497,0.06249098786585497,0.06249098786585497,0.0510708491425472,0.37671884000000233,0.4177357600000029,0.45875268000000347,5c5543d5bcf15e6982e93ee1e4c247bd1b116c2d2e1c8240771bcbaf21078c39,epochfix-45f52d98d725ac72a80a,0.22784777943500875,0.08685861043882151,DS3,stable_pre,True,False,False
texbat-DS3-cmte-reconstructed,63.0,63.0,61.54124732,2,0.6432835820895523,0.7380597014925374,2.1862856099782113,2.6448910689483585,0.3120441861424823,0.3120441861424823,0.3120441861424823,0.0609706706932406,0.37671884000000233,0.4177357600000029,0.45875268000000347,5c5543d5bcf15e6982e93ee1e4c247bd1b116c2d2e1c8240771bcbaf21078c39,epochfix-45f52d98d725ac72a80a,0.17088583457625656,0.021714652609705377,DS3,stable_pre,True,False,False
texbat-DS3-cmte-reconstructed,63.5,63.5,62.04124732,2,0.6432835820895523,0.7761194029850746,1.9593742187749699,2.6231257173425373,0.2683145334781893,0.2683145334781893,0.2683145334781893,0.069146155155451,0.37671884000000233,0.4177357600000029,0.45875268000000347,5c5543d5bcf15e6982e93ee1e4c247bd1b116c2d2e1c8240771bcbaf21078c39,epochfix-45f52d98d725ac72a80a,0.20008489404513766,0.22337202688570526,DS3,stable_pre,True,False,False
texbat-DS3-cmte-reconstructed,64.0,64.0,62.54124732,2,0.7089552238805971,0.7305970149253731,2.2550717843860046,2.3809274556508693,0.31433217633200683,0.31433217633200683,0.31433217633200683,0.0546253084620183,0.37671884000000233,0.4177357600000029,0.45875268000000347,5c5543d5bcf15e6982e93ee1e4c247bd1b116c2d2e1c8240771bcbaf21078c39,epochfix-45f52d98d725ac72a80a,0.15006367053385325,0.055843006721426315,DS3,stable_pre,True,False,False
texbat-DS3-cmte-reconstructed,64.5,64.5,63.04124732,2,0.7223880597014926,0.808955223880597,1.8586812674157611,2.3144007957438832,0.21777043141862268,0.21777043141862268,0.21777043141862268,0.0923942988542343,0.3767188399999952,0.41773575999999935,0.45875268000000347,5c5543d5bcf15e6982e93ee1e4c247bd1b116c2d2e1c8240771bcbaf21078c39,epochfix-45f52d98d725ac72a80a,0.28088389121633134,0.5234652695408716,DS3,stable_pre,True,False,False
texbat-DS3-cmte-reconstructed,65.0,65.0,63.54124732,2,0.8044776119402985,0.8843283582089553,1.380312364057081,1.8373420373634937,0.12702017503921217,0.12702017503921217,0.12702017503921217,0.064159499512127,0.3767188399999952,0.41773575999999935,0.45875268000000347,5c5543d5bcf15e6982e93ee1e4c247bd1b116c2d2e1c8240771bcbaf21078c39,epochfix-45f52d98d725ac72a80a,0.2106629184122485,0.1308663173852179,DS3,stable_pre,True,False,False
texbat-DS3-cmte-reconstructed,65.5,65.5,64.04124732,2,0.753731343283582,0.8201492537313433,1.7939320171260713,2.118085191506328,0.20155883806600938,0.20155883806600938,0.20155883806600938,0.0769846729509476,0.3767188399999952,0.41773575999999935,0.45875268000000347,5c5543d5bcf15e6982e93ee1e4c247bd1b116c2d2e1c8240771bcbaf21078c39,epochfix-45f52d98d725ac72a80a,0.2299177069221316,0.2506599430795834,DS3,stable_pre,True,False,False
texbat-DS3-cmte-reconstructed,66.0,66.0,64.54124732,2,0.9552238805970148,0.9738805970149254,0.8439147906876066,0.9934195161861564,0.026650103880225984,0.026650103880225984,0.026650103880225984,0.0362744061701613,0.3767188399999952,0.41773575999999935,0.45875268000000347,5c5543d5bcf15e6982e93ee1e4c247bd1b116c2d2e1c8240771bcbaf21078c39,epochfix-45f52d98d725ac72a80a,0.17243828019159868,0.06266498576989585,DS3,stable_pre,True,False,False
texbat-DS3-cmte-reconstructed,66.5,66.5,65.04124732,2,0.5791044776119403,0.7514925373134329,2.085944851161403,2.9774464628982718,0.31272240623107694,0.31272240623107694,0.31272240623107694,0.0394760409430806,0.3767188399999952,0.41773575999999935,0.45875268000000347,5c5543d5bcf15e6982e93ee1e4c247bd1b116c2d2e1c8240771bcbaf21078c39,epochfix-45f52d98d725ac72a80a,0.129328710143699,0.015666246442473962,DS3,stable_pre,True,False,False
texbat-DS3-cmte-reconstructed,67.0,67.0,65.54124732,2,0.7522388059701492,0.7582089552238807,2.08038173724551,2.1206894805274463,0.2768272658295735,0.2768272658295735,0.2768272658295735,0.0629400976285839,0.3767188399999952,0.41773575999999935,0.45875268000000347,5c5543d5bcf15e6982e93ee1e4c247bd1b116c2d2e1c8240771bcbaf21078c39,epochfix-45f52d98d725ac72a80a,0.09699653260777426,0.0039165616106184905,DS3,stable_pre,True,False,False
texbat-DS3-cmte-reconstructed,67.5,67.5,66.04124732,2,0.7850746268656716,0.8858208955223881,1.3501540702889203,1.931996663643265,0.12775018609031372,0.12775018609031372,0.12775018609031372,0.0583681177496901,0.3767188399999952,0.41773575999999935,0.45875268000000347,5c5543d5bcf15e6982e93ee1e4c247bd1b116c2d2e1c8240771bcbaf21078c39,epochfix-45f52d98d725ac72a80a,0.0727473994558307,0.0009791404026546226,DS3,stable_pre,True,False,False
texbat-DS3-cmte-reconstructed,68.0,68.0,66.54124732,2,0.6044776119402985,0.608955223880597,2.8331759107060854,2.8533721674655705,0.49603757158362494,0.49603757158362494,0.49603757158362494,0.0738935119387626,0.3767188399999952,0.41773575999999935,0.45875268000000347,5c5543d5bcf15e6982e93ee1e4c247bd1b116c2d2e1c8240771bcbaf21078c39,epochfix-45f52d98d725ac72a80a,0.12648106770481826,0.21818814883394258,DS3,stable_pre,True,False,False
texbat-DS3-cmte-reconstructed,68.5,68.5,67.04124732,2,0.373134328358209,0.5231343283582089,3.6832118145828305,4.838014065391294,0.6908135837025493,0.6908135837025493,0.6908135837025493,0.0501889681051897,0.3767188399999952,0.41773575999999935,0.45875268000000347,5c5543d5bcf15e6982e93ee1e4c247bd1b116c2d2e1c8240771bcbaf21078c39,epochfix-45f52d98d725ac72a80a,0.0948608007786137,0.054547037208485645,DS3,stable_pre,True,False,False
texbat-DS3-cmte-reconstructed,69.0,69.0,67.54124732,2,0.4776119402985074,0.6626865671641791,2.660936433231616,3.6809193227118064,0.45205650512755,0.45205650512755,0.45205650512755,0.0449786282371954,0.3767188399999952,0.41773575999999935,0.45875268000000347,5c5543d5bcf15e6982e93ee1e4c247bd1b116c2d2e1c8240771bcbaf21078c39,epochfix-45f52d98d725ac72a80a,0.07114560058396027,0.013636759302121411,DS3,stable_pre,True,False,False
texbat-DS3-cmte-reconstructed,69.5,69.5,68.04124732,2,0.373134328358209,0.6216417910447761,3.1796078745074507,4.822571127466759,0.5624536602786423,0.5624536602786423,0.5624536602786423,0.0608748309457142,0.3767188399999952,0.41773575999999935,0.45875268000000347,5c5543d5bcf15e6982e93ee1e4c247bd1b116c2d2e1c8240771bcbaf21078c39,epochfix-45f52d98d725ac72a80a,0.053359200437970204,0.003409189825530353,DS3,stable_pre,True,False,False
texbat-DS3-cmte-reconstructed,70.0,70.0,68.54124732,2,0.7223880597014926,0.8246268656716418,1.746167115516016,2.313424818992396,0.2005697180599565,0.2005697180599565,0.2005697180599565,0.0578395543622917,0.3767188399999952,0.41773575999999935,0.45875268000000347,5c5543d5bcf15e6982e93ee1e4c247bd1b116c2d2e1c8240771bcbaf21078c39,epochfix-45f52d98d725ac72a80a,0.04001940032847765,0.0008522974563825882,DS3,stable_pre,True,False,False
texbat-DS3-cmte-reconstructed,70.5,70.5,69.04124732,2,0.7955223880597015,0.8940298507462687,1.2820373382030157,1.8568504888239108,0.11812347997416238,0.11812347997416238,0.11812347997416238,0.0518497193991012,0.3767188399999952,0.41773575999999935,0.45875268000000347,5c5543d5bcf15e6982e93ee1e4c247bd1b116c2d2e1c8240771bcbaf21078c39,epochfix-45f52d98d725ac72a80a,0.03001455024635824,0.00021307436409564705,DS3,stable_pre,True,False,False
texbat-DS3-cmte-reconstructed,71.0,71.0,69.54124732,2,0.7970149253731343,0.8970149253731343,1.2243658303224967,1.8507331858817655,0.11493570613659142,0.11493570613659142,0.11493570613659142,0.0630252862537909,0.3767188399999952,0.41773575999999935,0.45875268000000347,5c5543d5bcf15e6982e93ee1e4c247bd1b116c2d2e1c8240771bcbaf21078c39,epochfix-45f52d98d725ac72a80a,0.02251091268476868,5.326859102391176e-05,DS3,stable_pre,True,False,False
texbat-DS3-cmte-reconstructed,71.5,71.5,70.04124732,3,0.2328358208955223,0.8567164179104477,4.2546047770110915,9.984713632695698,0.5626722172174846,0.15464831606544538,0.5626722172174846,0.0699149817360597,0.12711788000000013,0.3767188399999952,0.45875268000000347,cd389281dd0695525cefd8f7ed05aba4bee1eb7130905392daf391829151e3c6,epochfix-5dc0993791aeacbb5f3d,0.05026603266970717,0.10156677714176489,DS3,stable_pre,True,False,False
texbat-DS3-cmte-reconstructed,72.0,72.0,70.54124732,3,0.1970149253731343,0.6776119402985075,5.314734784539399,12.646149528969223,0.6772430284006664,0.38918051434366374,0.6772430284006664,0.0886852487547636,0.12711788000000013,0.3767188399999952,0.45875268000000347,cd389281dd0695525cefd8f7ed05aba4bee1eb7130905392daf391829151e3c6,epochfix-5dc0993791aeacbb5f3d,0.14271733962666205,0.34411344171059594,DS3,stable_pre,True,False,False
texbat-DS3-cmte-reconstructed,72.5,72.5,71.04124732,3,0.1791044776119403,0.7179104477611941,5.793266159997621,14.42017082314642,0.6852280261172013,0.33141044227925054,0.6852280261172013,0.0649789385481519,0.12711788000000013,0.3767188399999952,0.45875268000000347,cd389281dd0695525cefd8f7ed05aba4bee1eb7130905392daf391829151e3c6,epochfix-5dc0993791aeacbb5f3d,0.10703800471999654,0.08602836042764898,DS3,stable_pre,True,False,False
texbat-DS3-cmte-reconstructed,73.0,73.0,71.54124732,3,0.2029850746268656,0.6029850746268657,5.6754090806456325,12.186408618487231,0.7859293770661169,0.5058628344238617,0.7859293770661169,0.0884385478091781,0.12711788000000013,0.3767188399999952,0.45875268000000347,cd389281dd0695525cefd8f7ed05aba4bee1eb7130905392daf391829151e3c6,epochfix-5dc0993791aeacbb5f3d,0.18529631866437907,0.34022883753206695,DS3,stable_pre,True,False,False
texbat-DS3-cmte-reconstructed,73.5,73.5,72.04124732,3,0.226865671641791,0.4611940298507462,5.980141018583439,10.379020715683174,0.995653005396119,0.7739364354872664,0.995653005396119,0.0924170216704375,0.12711788000000013,0.3767188399999952,0.45875268000000347,cd389281dd0695525cefd8f7ed05aba4bee1eb7130905392daf391829151e3c6,epochfix-5dc0993791aeacbb5f3d,0.3122590341382706,0.6098248877212784,DS3,stable_pre,True,False,False
texbat-DS3-cmte-reconstructed,74.0,74.0,72.54124732,3,0.2059701492537313,0.4522388059701492,5.989827345476875,11.83472138939467,0.8808406738163179,0.7935449068756427,0.8808406738163179,0.0807032484741955,0.12711788000000013,0.3767188399999952,0.45875268000000347,cd389281dd0695525cefd8f7ed05aba4bee1eb7130905392daf391829151e3c6,epochfix-5dc0993791aeacbb5f3d,0.2675771237598336,0.2540096819243285,DS3,stable_pre,True,False,False
texbat-DS3-cmte-reconstructed,74.5,74.5,73.04124732,3,0.1402985074626865,0.6134328358208955,7.080899125289111,16.475610884591834,0.9013983662118102,0.4886844978887772,0.9013983662118102,0.0863440797684316,0.12711788000000013,0.3767188399999952,0.45875268000000347,cd389281dd0695525cefd8f7ed05aba4bee1eb7130905392daf391829151e3c6,epochfix-5dc0993791aeacbb5f3d,0.23406569097600585,0.16505588047509104,DS3,stable_pre,True,False,False
texbat-DS3-cmte-reconstructed,75.0,75.0,73.54124732,3,0.1059701492537313,0.7850746268656716,7.445498717979817,19.3455357064782,0.8483208844097176,0.2419764996473019,0.8483208844097176,0.0796539515783195,0.12711788000000013,0.3767188399999952,0.45875268000000347,cd389281dd0695525cefd8f7ed05aba4bee1eb7130905392daf391829151e3c6,epochfix-5dc0993791aeacbb5f3d,0.20893211638813505,0.14281743011278167,DS3,stable_pre,True,False,False
texbat-DS3-cmte-reconstructed,75.5,75.5,74.04124732,3,0.2835820895522388,0.8328358208955224,3.4146323374413416,7.332631523370407,0.5063730068932532,0.18291875000370075,0.5063730068932532,0.0846818400326021,0.12711788000000013,0.3767188399999952,0.45875268000000347,cd389281dd0695525cefd8f7ed05aba4bee1eb7130905392daf391829151e3c6,epochfix-5dc0993791aeacbb5f3d,0.19008193544723195,0.13725781752220434,DS3,stable_pre,True,False,False
texbat-DS3-cmte-reconstructed,76.0,76.0,74.54124732,3,0.1985074626865671,0.7119402985074627,5.616918158036108,12.460456757336734,0.7418809643351443,0.3397612214966706,0.7418809643351443,0.1143406645585687,0.12711788000000013,0.3767188399999952,0.45875268000000347,cd389281dd0695525cefd8f7ed05aba4bee1eb7130905392daf391829151e3c6,epochfix-5dc0993791aeacbb5f3d,0.32192141986767137,0.5788543734647722,DS3,stable_pre,True,False,False
texbat-DS3-cmte-reconstructed,76.5,76.5,75.04124732,3,0.7074626865671642,0.8119402985074626,1.6225262352305438,2.388428252581348,0.18729650931605404,0.2083284655290692,0.18729650931605404,0.0607323926254674,0.12711788000000013,0.3767188399999952,0.45875268000000347,cd389281dd0695525cefd8f7ed05aba4bee1eb7130905392daf391829151e3c6,epochfix-5dc0993791aeacbb5f3d,0.2414410649007535,0.14471359336619305,DS3,stable_pre,True,False,False
texbat-DS3-cmte-reconstructed,77.0,77.0,75.54124732,2,0.6164179104477612,0.7805970149253731,1.938471842988607,2.804961417508068,0.2703187048324072,0.2703187048324072,0.2703187048324072,0.081938860854448,0.3767188399999952,0.41773575999999935,0.45875268000000347,5c5543d5bcf15e6982e93ee1e4c247bd1b116c2d2e1c8240771bcbaf21078c39,epochfix-45f52d98d725ac72a80a,0.25300131678851034,0.2541217620748272,DS3,stable_pre,True,False,False
texbat-DS3-cmte-reconstructed,77.5,77.5,76.04124732,2,0.5238805970149254,0.6216417910447761,2.838644365034688,3.3590221265321705,0.48791254362677866,0.48791254362677866,0.48791254362677866,0.0729865177078864,0.3767188399999952,0.41773575999999935,0.45875268000000347,5c5543d5bcf15e6982e93ee1e4c247bd1b116c2d2e1c8240771bcbaf21078c39,epochfix-45f52d98d725ac72a80a,0.26167150570432796,0.2814738042519857,DS3,stable_pre,True,False,False
texbat-DS3-cmte-reconstructed,78.0,78.0,76.54124732,2,0.4671641791044776,0.6529850746268657,2.7779490346569844,3.842196221009097,0.46842519216808964,0.46842519216808964,0.46842519216808964,0.067538370447104,0.3767188399999952,0.41773575999999935,0.45875268000000347,5c5543d5bcf15e6982e93ee1e4c247bd1b116c2d2e1c8240771bcbaf21078c39,epochfix-45f52d98d725ac72a80a,0.19625362927824597,0.07036845106299643,DS3,stable_pre,True,False,False
texbat-DS3-cmte-reconstructed,78.5,78.5,77.04124732,2,0.5029850746268657,0.7365671641791045,2.1662909791984815,3.4726525806897803,0.3587500657639895,0.3587500657639895,0.3587500657639895,0.0653230283325205,0.3767188399999952,0.41773575999999935,0.45875268000000347,5c5543d5bcf15e6982e93ee1e4c247bd1b116c2d2e1c8240771bcbaf21078c39,epochfix-45f52d98d725ac72a80a,0.14719022195868448,0.017592112765749107,DS3,stable_pre,True,False,False
texbat-DS3-cmte-reconstructed,79.0,79.0,77.54124732,2,0.6432835820895523,0.6432835820895523,2.643881882382426,2.663895383939631,0.4411696222812639,0.4411696222812639,0.4411696222812639,0.0545049677176457,0.3767188399999952,0.41773575999999935,0.45875268000000347,5c5543d5bcf15e6982e93ee1e4c247bd1b116c2d2e1c8240771bcbaf21078c39,epochfix-45f52d98d725ac72a80a,0.11039266646901336,0.004398028191437277,DS3,stable_pre,True,False,False
texbat-DS3-cmte-reconstructed,79.5,79.5,78.04124732,2,0.7402985074626866,0.8395522388059701,1.6523719642442252,2.184846842420852,0.18192412067232783,0.18192412067232783,0.18192412067232783,0.0325692331536831,0.3767188399999952,0.41773575999999935,0.45875268000000347,5c5543d5bcf15e6982e93ee1e4c247bd1b116c2d2e1c8240771bcbaf21078c39,epochfix-45f52d98d725ac72a80a,0.08279449985176002,0.0010995070478593192,DS3,stable_pre,True,False,False
texbat-DS3-cmte-reconstructed,80.0,80.0,78.54124732,2,0.8014925373134328,0.8634328358208956,1.5143877942348678,1.84076583448758,0.14941892611101076,0.14941892611101076,0.14941892611101076,0.0671819193545192,0.3767188399999952,0.41773575999999935,0.45875268000000347,5c5543d5bcf15e6982e93ee1e4c247bd1b116c2d2e1c8240771bcbaf21078c39,epochfix-45f52d98d725ac72a80a,0.06209587488882001,0.0002748767619648298,DS3,stable_pre,True,False,False
texbat-DS3-cmte-reconstructed,80.5,80.5,79.04124732,2,0.6701492537313433,0.8044776119402984,1.8285772708205021,2.5375049922337936,0.23170064016366443,0.23170064016366443,0.23170064016366443,0.0775161916001452,0.3767188399999952,0.41773575999999935,0.45875268000000347,5c5543d5bcf15e6982e93ee1e4c247bd1b116c2d2e1c8240771bcbaf21078c39,epochfix-45f52d98d725ac72a80a,0.11849242427956024,0.2180120829237701,DS3,excluded,False,False,False
texbat-DS3-cmte-reconstructed,81.0,81.0,79.54124732,2,0.3955223880597014,0.5865671641791044,3.2134273146164825,4.471670557769661,0.5895377785152173,0.5895377785152173,0.5895377785152173,0.0610269692889991,0.3767188399999952,0.41773575999999935,0.45875268000000347,5c5543d5bcf15e6982e93ee1e4c247bd1b116c2d2e1c8240771bcbaf21078c39,epochfix-45f52d98d725ac72a80a,0.08886931820967017,0.05450302073094253,DS3,excluded,False,False,False
texbat-DS3-cmte-reconstructed,81.5,81.5,80.04124732,2,0.8895522388059701,0.9201492537313433,1.2515541849675142,1.4581482409668605,0.08377255106625521,0.08377255106625521,0.08377255106625521,0.0349491677260543,0.3767188399999952,0.41773575999999935,0.45875268000000347,5c5543d5bcf15e6982e93ee1e4c247bd1b116c2d2e1c8240771bcbaf21078c39,epochfix-45f52d98d725ac72a80a,0.06665198865725264,0.013625755182735632,DS3,excluded,False,False,False
texbat-DS3-cmte-reconstructed,82.0,82.0,80.54124732,2,0.9074626865671642,0.9402985074626865,1.0811632677366334,1.3095253998614755,0.06216799043860182,0.06216799043860182,0.06216799043860182,0.0352234564523374,0.3767188399999952,0.41773575999999935,0.45875268000000347,5c5543d5bcf15e6982e93ee1e4c247bd1b116c2d2e1c8240771bcbaf21078c39,epochfix-45f52d98d725ac72a80a,0.04998899149293948,0.003406438795683908,DS3,excluded,False,False,False
texbat-DS3-cmte-reconstructed,82.5,82.5,81.04124732,2,0.7268656716417911,0.8529850746268657,1.5501369947883255,2.286572275952873,0.17006525637167227,0.17006525637167227,0.17006525637167227,0.0506143369621935,0.3767188399999952,0.41773575999999935,0.45875268000000347,5c5543d5bcf15e6982e93ee1e4c247bd1b116c2d2e1c8240771bcbaf21078c39,epochfix-45f52d98d725ac72a80a,0.03749174361970461,0.000851609698920977,DS3,excluded,False,False,False
texbat-DS3-cmte-reconstructed,83.0,83.0,81.54124732,2,0.7895522388059701,0.8932835820895523,1.2003030595369784,1.8793833592886815,0.11963940968753915,0.11963940968753915,0.11963940968753915,0.0578872513795841,0.3767188399999952,0.41773575999999935,0.45875268000000347,5c5543d5bcf15e6982e93ee1e4c247bd1b116c2d2e1c8240771bcbaf21078c39,epochfix-45f52d98d725ac72a80a,0.028118807714778454,0.00021290242473024425,DS3,excluded,False,False,False
texbat-DS3-cmte-reconstructed,83.5,83.5,82.04124732,2,0.8686567164179104,0.932089552238806,1.092061318779186,1.5449492881728704,0.07264746556148094,0.07264746556148094,0.07264746556148094,0.0410625054202363,0.3767188399999952,0.41773575999999935,0.45875268000000347,5c5543d5bcf15e6982e93ee1e4c247bd1b116c2d2e1c8240771bcbaf21078c39,epochfix-45f52d98d725ac72a80a,0.02108910578608384,5.322560618256106e-05,DS3,excluded,False,False,False
texbat-DS3-cmte-reconstructed,84.0,84.0,82.54124732,2,0.6432835820895523,0.7014925373134329,2.358820056328713,2.6370418600101586,0.35799965905787645,0.35799965905787645,0.35799965905787645,0.0546811669183475,0.3767188399999952,0.41773575999999935,0.45875268000000347,5c5543d5bcf15e6982e93ee1e4c247bd1b116c2d2e1c8240771bcbaf21078c39,epochfix-45f52d98d725ac72a80a,0.015816829339562882,1.3306401545640266e-05,DS3,excluded,False,False,False
texbat-DS3-cmte-reconstructed,84.5,84.5,83.04124732,2,0.891044776119403,0.9417910447761194,1.051925957686942,1.4307352729628615,0.06142563536078362,0.06142563536078362,0.06142563536078362,0.0379556672615788,0.3767188399999952,0.41773575999999935,0.45875268000000347,5c5543d5bcf15e6982e93ee1e4c247bd1b116c2d2e1c8240771bcbaf21078c39,epochfix-45f52d98d725ac72a80a,0.011862622004672162,3.3266003864100664e-06,DS3,excluded,False,False,False
texbat-DS3-cmte-reconstructed,85.0,85.0,83.54124732,2,0.953731343283582,0.9746268656716418,0.8239978177471405,1.009739524643817,0.02593046223843247,0.02593046223843247,0.02593046223843247,0.0332049136641807,0.3767188399999952,0.41773575999999935,0.45875268000000347,5c5543d5bcf15e6982e93ee1e4c247bd1b116c2d2e1c8240771bcbaf21078c39,epochfix-45f52d98d725ac72a80a,0.008896966503504121,8.316500966025166e-07,DS3,excluded,False,False,False
texbat-DS3-cmte-reconstructed,85.5,85.5,84.04124732,2,0.6925373134328359,0.7335820895522388,2.200498616439547,2.4384195228894514,0.3113834946889398,0.3113834946889398,0.3113834946889398,0.0733954413671483,0.3767188399999952,0.41773575999999935,0.45875268000000347,5c5543d5bcf15e6982e93ee1e4c247bd1b116c2d2e1c8240771bcbaf21078c39,epochfix-45f52d98d725ac72a80a,0.07859324299057331,0.21794357164580305,DS3,excluded,False,False,False
texbat-DS3-cmte-reconstructed,86.0,86.0,84.54124732,2,0.7761194029850746,0.8597014925373134,1.5233184726070035,1.9569732109123263,0.1559186095238465,0.1559186095238465,0.1559186095238465,0.0350855669848692,0.3767188399999952,0.41773575999999935,0.45875268000000347,5c5543d5bcf15e6982e93ee1e4c247bd1b116c2d2e1c8240771bcbaf21078c39,epochfix-45f52d98d725ac72a80a,0.05894493224292999,0.05448589291145076,DS3,excluded,False,False,False
texbat-DS3-cmte-reconstructed,86.5,86.5,85.04124732,2,0.8955223880597015,0.9313432835820896,1.1479151090752095,1.4045205671174066,0.0718675366008012,0.0718675366008012,0.0718675366008012,0.0355220186616655,0.3767188399999952,0.41773575999999935,0.45875268000000347,5c5543d5bcf15e6982e93ee1e4c247bd1b116c2d2e1c8240771bcbaf21078c39,epochfix-45f52d98d725ac72a80a,0.04420869918219749,0.01362147322786269,DS3,excluded,False,False,False
texbat-DS3-cmte-reconstructed,87.0,87.0,85.54124732,2,0.6940298507462687,0.7171641791044776,2.3099706159017437,2.432941161818134,0.33297104622886986,0.33297104622886986,0.33297104622886986,0.040209919955228,0.3767188399999952,0.41773575999999935,0.45875268000000347,5c5543d5bcf15e6982e93ee1e4c247bd1b116c2d2e1c8240771bcbaf21078c39,epochfix-45f52d98d725ac72a80a,0.033156524386648116,0.0034053683069656727,DS3,excluded,False,False,False
texbat-DS3-cmte-reconstructed,87.5,87.5,86.04124732,2,0.4134328358208955,0.5992537313432835,3.126902190305203,4.314626378216445,0.5626183529224875,0.5626183529224875,0.5626183529224875,0.0793932744118441,0.3767188399999952,0.41773575999999935,0.45875268000000347,5c5543d5bcf15e6982e93ee1e4c247bd1b116c2d2e1c8240771bcbaf21078c39,epochfix-45f52d98d725ac72a80a,0.0967879114029313,0.21879470581002033,DS3,excluded,False,False,False
texbat-DS3-cmte-reconstructed,88.0,88.0,86.54124732,2,0.746268656716418,0.7671641791044777,2.0265443974251776,2.168492549338275,0.26542552132078506,0.26542552132078506,0.26542552132078506,0.0669669883767244,0.3767188399999952,0.41773575999999935,0.45875268000000347,5c5543d5bcf15e6982e93ee1e4c247bd1b116c2d2e1c8240771bcbaf21078c39,epochfix-45f52d98d725ac72a80a,0.07259093355219848,0.054698676452505084,DS3,excluded,False,False,False
texbat-DS3-cmte-reconstructed,88.5,88.5,87.04124732,2,0.6044776119402985,0.7746268656716419,1.9629648819211114,2.852658643367188,0.28009896775965404,0.28009896775965404,0.28009896775965404,0.0884745522774354,0.3767188399999952,0.41773575999999935,0.45875268000000347,5c5543d5bcf15e6982e93ee1e4c247bd1b116c2d2e1c8240771bcbaf21078c39,epochfix-45f52d98d725ac72a80a,0.22277933848009027,0.5231791869736413,DS3,excluded,False,False,False
texbat-DS3-cmte-reconstructed,89.0,89.0,87.54124732,2,0.8597014925373134,0.8880597014925373,1.401663767052076,1.5675697166208973,0.11922641796349488,0.11922641796349488,0.11922641796349488,0.0359317863832358,0.3767188399999952,0.41773575999999935,0.45875268000000347,5c5543d5bcf15e6982e93ee1e4c247bd1b116c2d2e1c8240771bcbaf21078c39,epochfix-45f52d98d725ac72a80a,0.1670845038600677,0.13079479674341032,DS3,excluded,False,False,False
texbat-DS3-cmte-reconstructed,89.5,89.5,88.04124732,2,0.5791044776119403,0.6194029850746269,2.7719295057580076,2.9744058077464137,0.48112010153452595,0.48112010153452595,0.48112010153452595,0.0820271656779306,0.3767188399999952,0.41773575999999935,0.45875268000000347,5c5543d5bcf15e6982e93ee1e4c247bd1b116c2d2e1c8240771bcbaf21078c39,epochfix-45f52d98d725ac72a80a,0.197233896007996,0.2506420629191315,DS3,excluded,False,False,False
texbat-DS3-cmte-reconstructed,90.0,90.0,88.54124732,2,0.7268656716417911,0.7932835820895523,1.9320139598124586,2.2940571222914232,0.23509182049577124,0.23509182049577124,0.23509182049577124,0.0552582979676014,0.3767188399999952,0.41773575999999935,0.45875268000000347,5c5543d5bcf15e6982e93ee1e4c247bd1b116c2d2e1c8240771bcbaf21078c39,epochfix-45f52d98d725ac72a80a,0.147925422005997,0.06266051572978287,DS3,excluded,False,False,False
texbat-DS3-cmte-reconstructed,90.5,90.5,89.04124732,2,0.753731343283582,0.7582089552238807,2.095203225793349,2.1147119616626435,0.2768137026454796,0.2768137026454796,0.2768137026454796,0.0362382670180259,0.3767188399999952,0.41773575999999935,0.45875268000000347,5c5543d5bcf15e6982e93ee1e4c247bd1b116c2d2e1c8240771bcbaf21078c39,epochfix-45f52d98d725ac72a80a,0.11094406650449776,0.015665128932445718,DS3,excluded,False,False,False
texbat-DS3-cmte-reconstructed,91.0,91.0,89.54124732,2,0.746268656716418,0.8097014925373134,1.8360644935565196,2.1640546235732905,0.21416773955798762,0.21416773955798762,0.21416773955798762,0.0349798225602539,0.3767188399999952,0.41773575999999935,0.45875268000000347,5c5543d5bcf15e6982e93ee1e4c247bd1b116c2d2e1c8240771bcbaf21078c39,epochfix-45f52d98d725ac72a80a,0.08320804987837332,0.0039162822331114296,DS3,excluded,False,False,False
texbat-DS3-cmte-reconstructed,91.5,91.5,90.04124732,2,0.5597014925373134,0.6261194029850746,2.7644127020489604,3.087200052593261,0.47387242328667867,0.47387242328667867,0.47387242328667867,0.0470248531994942,0.3767188399999952,0.41773575999999935,0.45875268000000347,5c5543d5bcf15e6982e93ee1e4c247bd1b116c2d2e1c8240771bcbaf21078c39,epochfix-45f52d98d725ac72a80a,0.062406037408779994,0.0009790705582778574,DS3,excluded,False,False,False
texbat-DS3-cmte-reconstructed,92.0,92.0,90.54124732,2,0.8223880597014925,0.9074626865671642,1.2383337194276682,1.7643812080459234,0.10151678748062744,0.10151678748062744,0.10151678748062744,0.0449133817154661,0.3767188399999952,0.41773575999999935,0.45875268000000347,5c5543d5bcf15e6982e93ee1e4c247bd1b116c2d2e1c8240771bcbaf21078c39,epochfix-45f52d98d725ac72a80a,0.046804528056585,0.00024476763956946435,DS3,excluded,False,False,False
texbat-DS3-cmte-reconstructed,92.5,92.5,91.04124732,2,0.7402985074626866,0.8477611940298506,1.592035546120555,2.197819708298308,0.1732556608456893,0.1732556608456893,0.1732556608456893,0.0447170334417736,0.3767188399999952,0.41773575999999935,0.45875268000000347,5c5543d5bcf15e6982e93ee1e4c247bd1b116c2d2e1c8240771bcbaf21078c39,epochfix-45f52d98d725ac72a80a,0.03510339604243875,6.119190989236609e-05,DS3,excluded,False,False,False
texbat-DS3-cmte-reconstructed,93.0,93.0,91.54124732,2,0.9791044776119404,0.9798507462686568,0.81097609527666,0.814466902640279,0.02035530867066187,0.02035530867066187,0.02035530867066187,0.0431529548264455,0.3767188399999952,0.41773575999999935,0.45875268000000347,5c5543d5bcf15e6982e93ee1e4c247bd1b116c2d2e1c8240771bcbaf21078c39,epochfix-45f52d98d725ac72a80a,0.02632754703182906,1.5297977473091522e-05,DS3,excluded,False,False,False
texbat-DS3-cmte-reconstructed,93.5,93.5,92.04124732,2,0.8552238805970149,0.9171641791044777,1.2145329102938747,1.6160040124896096,0.08875445955559738,0.08875445955559738,0.08875445955559738,0.0639125021690012,0.3767188399999952,0.41773575999999935,0.45875268000000347,5c5543d5bcf15e6982e93ee1e4c247bd1b116c2d2e1c8240771bcbaf21078c39,epochfix-45f52d98d725ac72a80a,0.019745660273871795,3.8244943682728804e-06,DS3,excluded,False,False,False
texbat-DS3-cmte-reconstructed,94.0,94.0,92.54124732,2,0.9074626865671642,0.9104477611940299,1.2829569730367287,1.3103015571734218,0.09382413014576511,0.09382413014576511,0.09382413014576511,0.0543126131568111,0.3767188399999952,0.41773575999999935,0.45875268000000347,5c5543d5bcf15e6982e93ee1e4c247bd1b116c2d2e1c8240771bcbaf21078c39,epochfix-45f52d98d725ac72a80a,0.014809245205403845,9.561235920682201e-07,DS3,excluded,False,False,False
texbat-DS3-cmte-reconstructed,94.5,94.5,93.04124732,2,0.6343283582089553,0.7776119402985074,1.9595866450919153,2.7139666001640963,0.26879861597010946,0.26879861597010946,0.26879861597010946,0.0669456241123699,0.3767188399999952,0.41773575999999935,0.45875268000000347,5c5543d5bcf15e6982e93ee1e4c247bd1b116c2d2e1c8240771bcbaf21078c39,epochfix-45f52d98d725ac72a80a,0.011106933904052884,2.3903089801705503e-07,DS3,excluded,False,False,False
texbat-DS3-cmte-reconstructed,95.0,95.0,93.54124732,2,0.8731343283582089,0.8880597014925373,1.4417804031600698,1.518332677253822,0.11885755975366283,0.11885755975366283,0.11885755975366283,0.0383266062265369,0.3767188399999952,0.41773575999999935,0.45875268000000347,5c5543d5bcf15e6982e93ee1e4c247bd1b116c2d2e1c8240771bcbaf21078c39,epochfix-45f52d98d725ac72a80a,0.008330200428039662,5.975772450426376e-08,DS3,excluded,False,False,False
texbat-DS3-cmte-reconstructed,95.5,95.5,94.04124732,2,0.8597014925373134,0.905223880597015,1.3069039587473994,1.5712636317356543,0.10083905425098447,0.10083905425098447,0.10083905425098447,0.0456555621700451,0.3767188399999952,0.41773575999999935,0.45875268000000347,5c5543d5bcf15e6982e93ee1e4c247bd1b116c2d2e1c8240771bcbaf21078c39,epochfix-45f52d98d725ac72a80a,0.006247650321029747,1.493943112606594e-08,DS3,excluded,False,False,False
texbat-DS3-cmte-reconstructed,96.0,96.0,94.54124732,2,0.7164179104477612,0.8328358208955224,1.7052586526962328,2.343789855190176,0.19278537876398238,0.19278537876398238,0.19278537876398238,0.0568559112394452,0.3767188399999952,0.41773575999999935,0.45875268000000347,5c5543d5bcf15e6982e93ee1e4c247bd1b116c2d2e1c8240771bcbaf21078c39,epochfix-45f52d98d725ac72a80a,0.00468573774077231,3.734857781516485e-09,DS3,excluded,False,False,False
texbat-DS3-cmte-reconstructed,96.5,96.5,95.04124732,2,0.5104477611940299,0.737313432835821,2.1736056516969917,3.42059286323169,0.35447259196240816,0.35447259196240816,0.35447259196240816,0.0488777349181336,0.3767188399999952,0.41773575999999935,0.45875268000000347,5c5543d5bcf15e6982e93ee1e4c247bd1b116c2d2e1c8240771bcbaf21078c39,epochfix-45f52d98d725ac72a80a,0.003514303305579233,9.337144453791212e-10,DS3,excluded,False,False,False
texbat-DS3-cmte-reconstructed,97.0,97.0,95.54124732,2,0.573134328358209,0.641044776119403,2.698511109442777,3.015867788500361,0.45029903407382765,0.45029903407382765,0.45029903407382765,0.0830061260455209,0.3767188399999952,0.41773575999999935,0.45875268000000347,5c5543d5bcf15e6982e93ee1e4c247bd1b116c2d2e1c8240771bcbaf21078c39,epochfix-45f52d98d725ac72a80a,0.07455624559212964,0.21794336396670752,DS3,excluded,False,False,False
texbat-DS3-cmte-reconstructed,97.5,97.5,96.04124732,2,0.5014925373134328,0.5880597014925373,3.003309502093946,3.48229610057256,0.5418810424872941,0.5418810424872941,0.5418810424872941,0.0754693334024104,0.3767188399999952,0.41773575999999935,0.45875268000000347,5c5543d5bcf15e6982e93ee1e4c247bd1b116c2d2e1c8240771bcbaf21078c39,epochfix-45f52d98d725ac72a80a,0.12783770230704244,0.2724292047249558,DS3,excluded,False,False,False
texbat-DS3-cmte-reconstructed,98.0,98.0,96.54124732,2,0.4746268656716418,0.7365671641791045,2.100871779090196,3.7127143615455447,0.37335999093080907,0.37335999093080907,0.37335999093080907,0.0371194540876459,0.3767188399999952,0.41773575999999935,0.45875268000000347,5c5543d5bcf15e6982e93ee1e4c247bd1b116c2d2e1c8240771bcbaf21078c39,epochfix-45f52d98d725ac72a80a,0.09587827673028183,0.06810730118123895,DS3,excluded,False,False,False
texbat-DS3-cmte-reconstructed,98.5,98.5,97.04124732,2,0.5492537313432836,0.6805970149253731,2.504621522393445,3.1993046751205623,0.403761619872575,0.403761619872575,0.403761619872575,0.0427880770968507,0.3767188399999952,0.41773575999999935,0.45875268000000347,5c5543d5bcf15e6982e93ee1e4c247bd1b116c2d2e1c8240771bcbaf21078c39,epochfix-45f52d98d725ac72a80a,0.07190870754771138,0.017026825295309737,DS3,excluded,False,False,False
texbat-DS3-cmte-reconstructed,99.0,99.0,97.54124732,2,0.9671641791044776,0.9671641791044776,0.9052471705016464,0.9094116774057912,0.033387016032737055,0.033387016032737055,0.033387016032737055,0.0404610601210052,0.3767188399999952,0.41773575999999935,0.45875268000000347,5c5543d5bcf15e6982e93ee1e4c247bd1b116c2d2e1c8240771bcbaf21078c39,epochfix-45f52d98d725ac72a80a,0.05393153066078353,0.004256706323827434,DS3,excluded,False,False,False
texbat-DS3-cmte-reconstructed,99.5,99.5,98.04124732,2,0.8865671641791045,0.9126865671641791,1.2962035668368057,1.469992086723377,0.09177242435346905,0.09177242435346905,0.09177242435346905,0.0653210026238126,0.3767188399999952,0.41773575999999935,0.45875268000000347,5c5543d5bcf15e6982e93ee1e4c247bd1b116c2d2e1c8240771bcbaf21078c39,epochfix-45f52d98d725ac72a80a,0.040448647995587644,0.0010641765809568586,DS3,excluded,False,False,False
texbat-DS3-cmte-reconstructed,100.0,100.0,98.54124732,2,0.8552238805970149,0.8708955223880597,1.5411608004021895,1.6151843967121964,0.13839519434631947,0.13839519434631947,0.13839519434631947,0.0556311136191369,0.3767188399999952,0.41773575999999935,0.45875268000000347,5c5543d5bcf15e6982e93ee1e4c247bd1b116c2d2e1c8240771bcbaf21078c39,epochfix-45f52d98d725ac72a80a,0.030336485996690733,0.00026604414523921465,DS3,excluded,False,False,False
texbat-DS3-cmte-reconstructed,100.5,100.5,99.04124732,2,0.8925373134328358,0.9156716417910447,1.2638512930908163,1.4187874140419454,0.08841670705947569,0.08841670705947569,0.08841670705947569,0.0526651476360216,0.3767188399999952,0.41773575999999935,0.45875268000000347,5c5543d5bcf15e6982e93ee1e4c247bd1b116c2d2e1c8240771bcbaf21078c39,epochfix-45f52d98d725ac72a80a,0.02275236449751805,6.651103630980366e-05,DS3,excluded,False,False,False
texbat-DS3-cmte-reconstructed,101.0,101.0,99.54124732,2,0.7373134328358208,0.7738805970149254,2.0197973674833176,2.2232971730598043,0.25745529382408283,0.25745529382408283,0.25745529382408283,0.0628032171475617,0.3767188399999952,0.41773575999999935,0.45875268000000347,5c5543d5bcf15e6982e93ee1e4c247bd1b116c2d2e1c8240771bcbaf21078c39,epochfix-45f52d98d725ac72a80a,0.01706427337313854,1.6627759077450915e-05,DS3,excluded,False,False,False
texbat-DS3-cmte-reconstructed,101.5,101.5,100.04124732,2,0.6686567164179105,0.803731343283582,1.830449835283647,2.550687073951406,0.23281546782729895,0.23281546782729895,0.23281546782729895,0.0551659679872837,0.3767188399999952,0.41773575999999935,0.45875268000000347,5c5543d5bcf15e6982e93ee1e4c247bd1b116c2d2e1c8240771bcbaf21078c39,epochfix-45f52d98d725ac72a80a,0.012798205029853904,4.156939769362729e-06,DS3,ramp,False,True,False
texbat-DS3-cmte-reconstructed,102.0,102.0,100.54124732,2,0.7597014925373134,0.767910447761194,2.020060890972229,2.0837547323747185,0.2641392983220138,0.2641392983220138,0.2641392983220138,0.0598786890667258,0.3767188399999952,0.41773575999999935,0.45875268000000347,5c5543d5bcf15e6982e93ee1e4c247bd1b116c2d2e1c8240771bcbaf21078c39,epochfix-45f52d98d725ac72a80a,0.009598653772390428,1.0392349423406822e-06,DS3,ramp,False,True,False
texbat-DS3-cmte-reconstructed,102.5,102.5,101.04124732,2,0.6313432835820896,0.7044776119402985,2.354551621127714,2.7531816115689747,0.3557166019851893,0.3557166019851893,0.3557166019851893,0.050235342777573,0.3767188399999952,0.41773575999999935,0.45875268000000347,5c5543d5bcf15e6982e93ee1e4c247bd1b116c2d2e1c8240771bcbaf21078c39,epochfix-45f52d98d725ac72a80a,0.007198990329292821,2.5980873558517055e-07,DS3,ramp,False,True,False
texbat-DS3-cmte-reconstructed,103.0,103.0,101.54124732,2,0.6432835820895523,0.7873134328358209,1.914484650633769,2.668077688270019,0.2561484831484239,0.2561484831484239,0.2561484831484239,0.0387661785369109,0.3767188399999952,0.41773575999999935,0.45875268000000347,5c5543d5bcf15e6982e93ee1e4c247bd1b116c2d2e1c8240771bcbaf21078c39,epochfix-45f52d98d725ac72a80a,0.005399242746969616,6.495218389629264e-08,DS3,ramp,False,True,False
texbat-DS3-cmte-reconstructed,103.5,103.5,102.04124732,2,0.4208955223880597,0.5074626865671642,3.5994418510927706,4.29507435487492,0.6930981742737361,0.6930981742737361,0.6930981742737361,0.0993109209079012,0.3767188399999952,0.41773575999999935,0.45875268000000347,5c5543d5bcf15e6982e93ee1e4c247bd1b116c2d2e1c8240771bcbaf21078c39,epochfix-45f52d98d725ac72a80a,0.1723855703761686,0.509504534098561,DS3,ramp,False,True,False
texbat-DS3-cmte-reconstructed,104.0,104.0,102.54124732,2,0.844776119402985,0.8582089552238805,1.5989913999287977,1.6664228994182402,0.15303018186930678,0.15303018186930678,0.15303018186930678,0.0730175218194969,0.3767188399999952,0.41773575999999935,0.45875268000000347,5c5543d5bcf15e6982e93ee1e4c247bd1b116c2d2e1c8240771bcbaf21078c39,epochfix-45f52d98d725ac72a80a,0.20120969589507168,0.34531949725791916,DS3,ramp,False,True,False
texbat-DS3-cmte-reconstructed,104.5,104.5,103.04124732,2,0.7910447761194029,0.8917910447761194,1.2940059090903309,1.8761783042974467,0.12094568878400096,0.12094568878400096,0.12094568878400096,0.0251934868350726,0.3767188399999952,0.41773575999999935,0.45875268000000347,5c5543d5bcf15e6982e93ee1e4c247bd1b116c2d2e1c8240771bcbaf21078c39,epochfix-45f52d98d725ac72a80a,0.15090727192130376,0.08632987431447979,DS3,ramp,False,True,False
texbat-DS3-cmte-reconstructed,105.0,105.0,103.54124732,2,0.8328358208955224,0.8619402985074627,1.580886261249709,1.7333058028644517,0.14913967449805518,0.14913967449805518,0.14913967449805518,0.0641161321684831,0.3767188399999952,0.41773575999999935,0.45875268000000347,5c5543d5bcf15e6982e93ee1e4c247bd1b116c2d2e1c8240771bcbaf21078c39,epochfix-45f52d98d725ac72a80a,0.11318045394097782,0.021582468578619948,DS3,ramp,False,True,False
texbat-DS3-cmte-reconstructed,105.5,105.5,104.04124732,2,0.844776119402985,0.878358208955224,1.473780593308951,1.6624803041207157,0.13043219369762254,0.13043219369762254,0.13043219369762254,0.0262693045858136,0.3767188399999952,0.41773575999999935,0.45875268000000347,5c5543d5bcf15e6982e93ee1e4c247bd1b116c2d2e1c8240771bcbaf21078c39,epochfix-45f52d98d725ac72a80a,0.08488534045573337,0.005395617144654987,DS3,ramp,False,True,False
texbat-DS3-cmte-reconstructed,106.0,106.0,104.54124732,2,0.655223880597015,0.691044776119403,2.421755103620887,2.576555079685435,0.37089594430613115,0.37089594430613115,0.37089594430613115,0.0775119975205887,0.3767188399999952,0.41773575999999935,0.45875268000000347,5c5543d5bcf15e6982e93ee1e4c247bd1b116c2d2e1c8240771bcbaf21078c39,epochfix-45f52d98d725ac72a80a,0.13558452345474525,0.21929226801944265,DS3,ramp,False,True,False
texbat-DS3-cmte-reconstructed,106.5,106.5,105.04124732,2,0.7850746268656716,0.8492537313432836,1.5952624378612041,1.937908591894535,0.16626096475999372,0.16626096475999372,0.16626096475999372,0.0485154384474934,0.3767188399999952,0.41773575999999935,0.45875268000000347,5c5543d5bcf15e6982e93ee1e4c247bd1b116c2d2e1c8240771bcbaf21078c39,epochfix-45f52d98d725ac72a80a,0.10168839259105894,0.054823067004860664,DS3,ramp,False,True,False
texbat-DS3-cmte-reconstructed,107.0,107.0,105.54124732,2,0.4134328358208955,0.6253731343283582,3.0173557692345407,4.318561051948753,0.5304085065299943,0.5304085065299943,0.5304085065299943,0.1090336554712189,0.3767188399999952,0.41773575999999935,0.45875268000000347,5c5543d5bcf15e6982e93ee1e4c247bd1b116c2d2e1c8240771bcbaf21078c39,epochfix-45f52d98d725ac72a80a,0.33167910632628944,0.7872357547368175,DS3,ramp,False,True,False
texbat-DS3-cmte-reconstructed,107.5,107.5,106.04124732,2,0.8582089552238806,0.9276119402985075,1.0800979205275496,1.592113655420635,0.07794860521801361,0.07794860521801361,0.07794860521801361,0.0380667529559906,0.3767188399999952,0.41773575999999935,0.45875268000000347,5c5543d5bcf15e6982e93ee1e4c247bd1b116c2d2e1c8240771bcbaf21078c39,epochfix-45f52d98d725ac72a80a,0.2487593297447171,0.19680893868420438,DS3,ramp,False,True,False
texbat-DS3-cmte-reconstructed,108.0,108.0,106.54124732,2,0.7492537313432835,0.8492537313432835,1.606061187187508,2.1500657277637147,0.17037837086908608,0.17037837086908608,0.17037837086908608,0.0371913150874726,0.3767188399999952,0.41773575999999935,0.45875268000000347,5c5543d5bcf15e6982e93ee1e4c247bd1b116c2d2e1c8240771bcbaf21078c39,epochfix-45f52d98d725ac72a80a,0.18656949730853783,0.049202234671051094,DS3,ramp,False,True,False
texbat-DS3-cmte-reconstructed,108.5,108.5,107.04124732,2,0.4820895522388059,0.5753731343283581,3.089981919708523,3.632939101293658,0.5660549345661909,0.5660549345661909,0.5660549345661909,0.0604363754239615,0.3767188399999952,0.41773575999999935,0.45875268000000347,5c5543d5bcf15e6982e93ee1e4c247bd1b116c2d2e1c8240771bcbaf21078c39,epochfix-45f52d98d725ac72a80a,0.13992712298140336,0.012300558667762774,DS3,ramp,False,True,False
texbat-DS3-cmte-reconstructed,109.0,109.0,107.54124732,2,0.3865671641791044,0.6455223880597014,3.023153743020658,4.699386639971334,0.5254236885005857,0.5254236885005857,0.5254236885005857,0.0528841519229113,0.3767188399999952,0.41773575999999935,0.45875268000000347,5c5543d5bcf15e6982e93ee1e4c247bd1b116c2d2e1c8240771bcbaf21078c39,epochfix-45f52d98d725ac72a80a,0.10494534223605252,0.0030751396669406934,DS3,ramp,False,True,False
texbat-DS3-cmte-reconstructed,109.5,109.5,108.04124732,2,0.2850746268656716,0.6283582089552238,4.057333273300349,7.257487392286214,0.6418861772574123,0.6418861772574123,0.6418861772574123,0.0908198270457102,0.3767188399999952,0.41773575999999935,0.45875268000000347,5c5543d5bcf15e6982e93ee1e4c247bd1b116c2d2e1c8240771bcbaf21078c39,epochfix-45f52d98d725ac72a80a,0.2470451449929808,0.5102733027772501,DS3,ramp,False,True,False
texbat-DS3-cmte-reconstructed,110.0,110.0,108.54124732,2,0.7283582089552239,0.7440298507462686,2.1669944263026872,2.2507475348238866,0.29589600118317677,0.29589600118317677,0.29589600118317677,0.0644720955412106,0.3767188399999952,0.41773575999999935,0.45875268000000347,5c5543d5bcf15e6982e93ee1e4c247bd1b116c2d2e1c8240771bcbaf21078c39,epochfix-45f52d98d725ac72a80a,0.1852838587447356,0.12756832569431253,DS3,ramp,False,True,False
texbat-DS3-cmte-reconstructed,110.5,110.5,109.04124732,2,0.7865671641791044,0.8380597014925373,1.6699005733545818,1.8922074017210229,0.17855710458165575,0.17855710458165575,0.17855710458165575,0.0780724454990225,0.3767188399999952,0.41773575999999935,0.45875268000000347,5c5543d5bcf15e6982e93ee1e4c247bd1b116c2d2e1c8240771bcbaf21078c39,epochfix-45f52d98d725ac72a80a,0.21088341217149692,0.24983544515685704,DS3,ramp,False,True,False
texbat-DS3-cmte-reconstructed,111.0,111.0,109.54124732,2,0.4746268656716418,0.491044776119403,3.5786390318909422,3.712697247422615,0.7117792121898198,0.7117792121898198,0.7117792121898198,0.0554979379615425,0.3767188399999952,0.41773575999999935,0.45875268000000347,5c5543d5bcf15e6982e93ee1e4c247bd1b116c2d2e1c8240771bcbaf21078c39,epochfix-45f52d98d725ac72a80a,0.1581625591286227,0.06245886128921426,DS3,ramp,False,True,False
texbat-DS3-cmte-reconstructed,111.5,111.5,110.04124732,2,0.4343283582089552,0.5022388059701492,3.6058940316523884,4.1713996719745285,0.6979057744959779,0.6979057744959779,0.6979057744959779,0.0683870969960823,0.3767188399999952,0.41773575999999935,0.45875268000000347,5c5543d5bcf15e6982e93ee1e4c247bd1b116c2d2e1c8240771bcbaf21078c39,epochfix-45f52d98d725ac72a80a,0.19054243745941224,0.23355807905558248,DS3,ramp,False,True,False
texbat-DS3-cmte-reconstructed,112.0,112.0,110.54124732,2,0.826865671641791,0.8820895522388059,1.442283311865482,1.753613545064078,0.12742528577727055,0.12742528577727055,0.12742528577727055,0.028378405261686,0.3767188399999952,0.41773575999999935,0.45875268000000347,5c5543d5bcf15e6982e93ee1e4c247bd1b116c2d2e1c8240771bcbaf21078c39,epochfix-45f52d98d725ac72a80a,0.14290682809455918,0.05838951976389562,DS3,ramp,False,True,False
texbat-DS3-cmte-reconstructed,112.5,112.5,111.04124732,2,0.5402985074626866,0.6626865671641791,2.588854072525465,3.257849990014858,0.42880500010327127,0.42880500010327127,0.42880500010327127,0.0492814738598282,0.3767188399999952,0.41773575999999935,0.45875268000000347,5c5543d5bcf15e6982e93ee1e4c247bd1b116c2d2e1c8240771bcbaf21078c39,epochfix-45f52d98d725ac72a80a,0.10718012107091938,0.014597379940973905,DS3,ramp,False,True,False
texbat-DS3-cmte-reconstructed,113.0,113.0,111.54124732,2,0.6955223880597015,0.8440298507462687,1.5423358042150916,2.429676995332529,0.18529137499426176,0.18529137499426176,0.18529137499426176,0.0756681990025594,0.3767188399999952,0.41773575999999935,0.45875268000000347,5c5543d5bcf15e6982e93ee1e4c247bd1b116c2d2e1c8240771bcbaf21078c39,epochfix-45f52d98d725ac72a80a,0.15230560891613476,0.22159270871852238,DS3,ramp,False,True,False
texbat-DS3-cmte-reconstructed,113.5,113.5,112.04124732,2,0.7238805970149254,0.7880597014925372,1.9656491907415317,2.304636718974528,0.24150866208826507,0.24150866208826507,0.24150866208826507,0.0443143596388644,0.3767188399999952,0.41773575999999935,0.45875268000000347,5c5543d5bcf15e6982e93ee1e4c247bd1b116c2d2e1c8240771bcbaf21078c39,epochfix-45f52d98d725ac72a80a,0.11422920668710107,0.055398177179630595,DS3,ramp,False,True,False
texbat-DS3-cmte-reconstructed,114.0,114.0,112.54124732,2,0.7179104477611941,0.7694029850746269,2.0538754113365885,2.3305802882527846,0.2643849382188728,0.2643849382188728,0.2643849382188728,0.0631984348180659,0.3767188399999952,0.41773575999999935,0.45875268000000347,5c5543d5bcf15e6982e93ee1e4c247bd1b116c2d2e1c8240771bcbaf21078c39,epochfix-45f52d98d725ac72a80a,0.0856719050153258,0.013849544294907649,DS3,ramp,False,True,False
texbat-DS3-cmte-reconstructed,114.5,114.5,113.04124732,2,0.9164179104477612,0.9432835820895522,1.0505193814079974,1.2338111119587971,0.058794066866599146,0.058794066866599146,0.058794066866599146,0.0422585632698012,0.3767188399999952,0.41773575999999935,0.45875268000000347,5c5543d5bcf15e6982e93ee1e4c247bd1b116c2d2e1c8240771bcbaf21078c39,epochfix-45f52d98d725ac72a80a,0.06425392876149436,0.003462386073726912,DS3,ramp,False,True,False
texbat-DS3-cmte-reconstructed,115.0,115.0,113.54124732,2,0.682089552238806,0.8388059701492538,1.5663993486917687,2.4919292013360685,0.1935409939800975,0.1935409939800975,0.1935409939800975,0.0453036455959592,0.3767188399999952,0.41773575999999935,0.45875268000000347,5c5543d5bcf15e6982e93ee1e4c247bd1b116c2d2e1c8240771bcbaf21078c39,epochfix-45f52d98d725ac72a80a,0.04819044657112077,0.000865596518431728,DS3,ramp,False,True,False
texbat-DS3-cmte-reconstructed,115.5,115.5,114.04124732,2,0.8865671641791045,0.9194029850746268,1.248371717873729,1.4678202865877987,0.08466891103129434,0.08466891103129434,0.08466891103129434,0.0578797325853675,0.3767188399999952,0.41773575999999935,0.45875268000000347,5c5543d5bcf15e6982e93ee1e4c247bd1b116c2d2e1c8240771bcbaf21078c39,epochfix-45f52d98d725ac72a80a,0.03614283492834058,0.000216399129607932,DS3,ramp,False,True,False
texbat-DS3-cmte-reconstructed,116.0,116.0,114.54124732,2,0.6223880597014926,0.7850746268656716,1.9270305298648016,2.7856370481624486,0.26392210203926514,0.26392210203926514,0.26392210203926514,0.0636115988351713,0.3767188399999952,0.41773575999999935,0.45875268000000347,5c5543d5bcf15e6982e93ee1e4c247bd1b116c2d2e1c8240771bcbaf21078c39,epochfix-45f52d98d725ac72a80a,0.02710712619625543,5.4099782401983e-05,DS3,ramp,False,True,False
texbat-DS3-cmte-reconstructed,116.5,116.5,115.04124732,2,0.573134328358209,0.582089552238806,2.9641849597221963,3.016167069554729,0.541249330463908,0.541249330463908,0.541249330463908,0.0720775521179321,0.3767188399999952,0.41773575999999935,0.45875268000000347,5c5543d5bcf15e6982e93ee1e4c247bd1b116c2d2e1c8240771bcbaf21078c39,epochfix-45f52d98d725ac72a80a,0.0922508627601368,0.2179568886788794,DS3,ramp,False,True,False
texbat-DS3-cmte-reconstructed,117.0,117.0,115.54124732,2,0.7313432835820896,0.7888059701492538,1.9456955756441032,2.242128448029216,0.23989536496879954,0.23989536496879954,0.23989536496879954,0.0492987713979707,0.3767188399999952,0.41773575999999935,0.45875268000000347,5c5543d5bcf15e6982e93ee1e4c247bd1b116c2d2e1c8240771bcbaf21078c39,epochfix-45f52d98d725ac72a80a,0.0691881470701026,0.05448922216971985,DS3,ramp,False,True,False
texbat-DS3-cmte-reconstructed,117.5,117.5,116.04124732,2,0.7835820895522388,0.8902985074626866,1.2461223026877701,1.9443890491385685,0.12343449432087694,0.12343449432087694,0.12343449432087694,0.0558568132661991,0.3767188399999952,0.41773575999999935,0.45875268000000347,5c5543d5bcf15e6982e93ee1e4c247bd1b116c2d2e1c8240771bcbaf21078c39,epochfix-45f52d98d725ac72a80a,0.05189111030257695,0.013622305542429963,DS3,ramp,False,True,False
texbat-DS3-cmte-reconstructed,118.0,118.0,116.54124732,2,0.764179104477612,0.7671641791044777,2.0240250684498955,2.041833504744175,0.2650620171244765,0.2650620171244765,0.2650620171244765,0.0529945306680434,0.3767188399999952,0.41773575999999935,0.45875268000000347,5c5543d5bcf15e6982e93ee1e4c247bd1b116c2d2e1c8240771bcbaf21078c39,epochfix-45f52d98d725ac72a80a,0.03891833272693271,0.003405576385607491,DS3,ramp,False,True,False
texbat-DS3-cmte-reconstructed,118.5,118.5,117.04124732,2,0.4671641791044776,0.6619402985074627,2.7226805077633096,3.8473381063337246,0.457861418955152,0.457861418955152,0.457861418955152,0.0763903257989105,0.3767188399999952,0.41773575999999935,0.45875268000000347,5c5543d5bcf15e6982e93ee1e4c247bd1b116c2d2e1c8240771bcbaf21078c39,epochfix-45f52d98d725ac72a80a,0.10110926765814476,0.21879475782968077,DS3,ramp,False,True,False
texbat-DS3-cmte-reconstructed,119.0,119.0,117.54124732,2,0.5373134328358209,0.6529850746268657,2.6460190050630166,3.2742592891737097,0.4421422463280658,0.4421422463280658,0.4421422463280658,0.0258997592329496,0.3767188399999952,0.41773575999999935,0.45875268000000347,5c5543d5bcf15e6982e93ee1e4c247bd1b116c2d2e1c8240771bcbaf21078c39,epochfix-45f52d98d725ac72a80a,0.07583195074360857,0.054698689457420194,DS3,ramp,False,True,False
texbat-DS3-cmte-reconstructed,119.5,119.5,118.04124732,2,0.5164179104477612,0.5470149253731343,3.1994046718072675,3.4026086551322976,0.6048459783412587,0.6048459783412587,0.6048459783412587,0.0606216883698422,0.3767188399999952,0.41773575999999935,0.45875268000000347,5c5543d5bcf15e6982e93ee1e4c247bd1b116c2d2e1c8240771bcbaf21078c39,epochfix-45f52d98d725ac72a80a,0.05687396305770643,0.013674672364355048,DS3,ramp,False,True,False
texbat-DS3-cmte-reconstructed,120.0,120.0,118.54124732,2,0.7164179104477612,0.8029850746268656,1.9009763684846834,2.3437372508948453,0.2252643269013686,0.2252643269013686,0.2252643269013686,0.0585096659970333,0.3767188399999952,0.41773575999999935,0.45875268000000347,5c5543d5bcf15e6982e93ee1e4c247bd1b116c2d2e1c8240771bcbaf21078c39,epochfix-45f52d98d725ac72a80a,0.042655472293279824,0.003418668091088762,DS3,ramp,False,True,False
texbat-DS3-cmte-reconstructed,120.5,120.5,119.04124732,2,0.217910447761194,0.26865671641791045,8.587960472274462,10.972391992847388,1.3324863940199179,1.3324863940199179,1.3324863940199179,0.145898917469417,0.3767188399999952,0.41773575999999935,0.45875268000000347,5c5543d5bcf15e6982e93ee1e4c247bd1b116c2d2e1c8240771bcbaf21078c39,epochfix-45f52d98d725ac72a80a,0.83671056043701,2.431405141472208,DS3,excluded,False,True,False
texbat-DS3-cmte-reconstructed,121.0,121.0,119.54124732,2,0.0611940298507462,0.06268656716417904,26.32866956028525,27.17696331521165,2.7698916211860776,2.7698916211860776,2.7698916211860776,0.2585026576877831,0.3767188399999952,0.41773575999999935,0.45875268000000347,5c5543d5bcf15e6982e93ee1e4c247bd1b116c2d2e1c8240771bcbaf21078c39,epochfix-45f52d98d725ac72a80a,1.4322518765448078,3.038401759817488,DS3,excluded,False,True,False
texbat-DS3-cmte-reconstructed,121.5,121.5,120.04124732,2,0.0223880597014925,0.028358208955223847,39.76439074978928,44.15003904606447,3.5855055038693333,3.5855055038693333,3.5855055038693333,0.309138885473565,0.3767188399999952,0.41773575999999935,0.45875268000000347,5c5543d5bcf15e6982e93ee1e4c247bd1b116c2d2e1c8240771bcbaf21078c39,epochfix-45f52d98d725ac72a80a,1.8789078636256562,3.190150914403808,DS3,takeover,False,True,False
texbat-DS3-cmte-reconstructed,122.0,122.0,120.54124732,2,0.0194029850746268,0.022388059701492498,44.96399857683295,47.752739255818845,3.808196361626137,3.808196361626137,3.808196361626137,0.2675021469144409,0.3767188399999952,0.41773575999999935,0.45875268000000347,5c5543d5bcf15e6982e93ee1e4c247bd1b116c2d2e1c8240771bcbaf21078c39,epochfix-45f52d98d725ac72a80a,2.2138998539362924,3.2280882030503877,DS3,takeover,False,True,False
texbat-DS3-cmte-reconstructed,122.5,122.5,121.04124732,2,0.0164179104477611,0.02537313432835815,44.198275160038136,53.69802328950578,3.740582968021255,3.740582968021255,3.740582968021255,0.2398249495006968,0.3767188399999952,0.41773575999999935,0.45875268000000347,5c5543d5bcf15e6982e93ee1e4c247bd1b116c2d2e1c8240771bcbaf21078c39,epochfix-45f52d98d725ac72a80a,2.4651438466692697,3.237572525212033,DS3,takeover,False,True,False
texbat-DS3-cmte-reconstructed,123.0,123.0,121.54124732,2,0.0194029850746268,0.0238805970149253,43.72990580216582,47.96589327621964,3.752583544071026,3.752583544071026,3.752583544071026,0.2417548679948402,0.3767188399999952,0.41773575999999935,0.45875268000000347,5c5543d5bcf15e6982e93ee1e4c247bd1b116c2d2e1c8240771bcbaf21078c39,epochfix-45f52d98d725ac72a80a,2.6535768412190026,3.239943605752444,DS3,takeover,False,True,False
texbat-DS3-cmte-reconstructed,123.5,123.5,122.04124732,2,0.0238805970149253,0.02462686567164175,42.48811166504468,43.53252744684191,3.704376679237015,3.704376679237015,3.704376679237015,0.2349669081620893,0.3767188399999952,0.41773575999999935,0.45875268000000347,5c5543d5bcf15e6982e93ee1e4c247bd1b116c2d2e1c8240771bcbaf21078c39,epochfix-45f52d98d725ac72a80a,2.794901587131302,3.240536375887547,DS3,takeover,False,True,False
texbat-DS3-cmte-reconstructed,124.0,124.0,122.54124732,2,0.0194029850746268,0.0238805970149253,44.6228732315564,50.54594552617933,3.752583544071026,3.752583544071026,3.752583544071026,0.2229064114507102,0.3767188399999952,0.41773575999999935,0.45875268000000347,5c5543d5bcf15e6982e93ee1e4c247bd1b116c2d2e1c8240771bcbaf21078c39,epochfix-45f52d98d725ac72a80a,2.9008951465655266,3.240684568421323,DS3,takeover,False,True,False
texbat-DS3-cmte-reconstructed,124.5,124.5,123.04124732,2,0.0149253731343283,0.02014925373134325,52.27638719042311,62.37842220861461,3.9393784938598833,3.9393784938598833,3.9393784938598833,0.2389737067098455,0.3767188399999952,0.41773575999999935,0.45875268000000347,5c5543d5bcf15e6982e93ee1e4c247bd1b116c2d2e1c8240771bcbaf21078c39,epochfix-45f52d98d725ac72a80a,2.9803903161411953,3.2407216165547665,DS3,takeover,False,True,False
texbat-DS3-cmte-reconstructed,125.0,125.0,123.54124732,2,0.0149253731343283,0.0149253731343283,60.96132719735056,66.59455126755302,4.20469261939097,4.20469261939097,4.20469261939097,0.2219458599822756,0.3767188399999952,0.41773575999999935,0.45875268000000347,5c5543d5bcf15e6982e93ee1e4c247bd1b116c2d2e1c8240771bcbaf21078c39,epochfix-45f52d98d725ac72a80a,3.040011693322947,3.2407308785881277,DS3,takeover,False,True,False
texbat-DS3-cmte-reconstructed,125.5,125.5,124.04124732,2,0.0164179104477611,0.01791044776119395,50.38197121280312,53.926262124014855,4.025855397255063,4.025855397255063,4.025855397255063,0.2089390195699255,0.3767188399999952,0.41773575999999935,0.45875268000000347,5c5543d5bcf15e6982e93ee1e4c247bd1b116c2d2e1c8240771bcbaf21078c39,epochfix-45f52d98d725ac72a80a,3.0847277262092603,3.240733194096468,DS3,takeover,False,True,False
texbat-DS3-cmte-reconstructed,126.0,126.0,124.54124732,2,0.0194029850746268,0.02164179104477605,44.88968798587611,47.51229657946213,3.8385086725343562,3.8385086725343562,3.8385086725343562,0.2085782780313178,0.3767188399999952,0.41773575999999935,0.45875268000000347,5c5543d5bcf15e6982e93ee1e4c247bd1b116c2d2e1c8240771bcbaf21078c39,epochfix-45f52d98d725ac72a80a,3.1182647508739954,3.240733772973553,DS3,takeover,False,True,False
texbat-DS3-cmte-reconstructed,126.5,126.5,125.04124732,2,0.0194029850746268,0.02014925373134325,47.18522517203302,48.09821338214288,3.905274368846616,3.905274368846616,3.905274368846616,0.2136400109815046,0.3767188399999952,0.41773575999999935,0.45875268000000347,5c5543d5bcf15e6982e93ee1e4c247bd1b116c2d2e1c8240771bcbaf21078c39,epochfix-45f52d98d725ac72a80a,3.1434175193725467,3.240733917692824,DS3,takeover,False,True,False
texbat-DS3-cmte-reconstructed,127.0,127.0,125.54124732,2,0.0149253731343283,0.015671641791044702,60.62908288503694,67.74322393044595,4.157037529488809,4.157037529488809,4.157037529488809,0.2289406191475159,0.3767188399999952,0.41773575999999935,0.45875268000000347,5c5543d5bcf15e6982e93ee1e4c247bd1b116c2d2e1c8240771bcbaf21078c39,epochfix-45f52d98d725ac72a80a,3.1622820957464604,3.240733953872642,DS3,takeover,False,True,False
texbat-DS3-cmte-reconstructed,127.5,127.5,126.04124732,2,0.0149253731343283,0.0149253731343283,61.25564566368436,61.27007204870869,4.20469261939097,4.20469261939097,4.20469261939097,0.2304169241240052,0.3767188399999952,0.41773575999999935,0.45875268000000347,5c5543d5bcf15e6982e93ee1e4c247bd1b116c2d2e1c8240771bcbaf21078c39,epochfix-45f52d98d725ac72a80a,3.1764305280268954,3.2407339629175964,DS3,takeover,False,True,False
texbat-DS3-cmte-reconstructed,128.0,128.0,126.54124732,2,0.0149253731343283,0.01641791044776115,55.532702627254466,59.588276793651225,4.113531840993992,4.113531840993992,4.113531840993992,0.2246245443520065,0.3767188399999952,0.41773575999999935,0.45875268000000347,5c5543d5bcf15e6982e93ee1e4c247bd1b116c2d2e1c8240771bcbaf21078c39,epochfix-45f52d98d725ac72a80a,3.187041852237222,3.240733965178835,DS3,takeover,False,True,False
texbat-DS3-cmte-reconstructed,128.5,128.5,127.04124732,2,0.0149253731343283,0.024626865671641747,46.41333711014168,56.72672599517157,3.7882380579234165,3.7882380579234165,3.7882380579234165,0.2124531538637082,0.3767188399999952,0.41773575999999935,0.45875268000000347,5c5543d5bcf15e6982e93ee1e4c247bd1b116c2d2e1c8240771bcbaf21078c39,epochfix-45f52d98d725ac72a80a,3.1950003453949667,3.2407339657441447,DS3,takeover,False,True,False
texbat-DS3-cmte-reconstructed,129.0,129.0,127.54124732,2,0.0149253731343283,0.024626865671641747,48.79152158313258,63.24476925487637,3.7882380579234165,3.7882380579234165,3.7882380579234165,0.2266293264825278,0.3767188399999952,0.41773575999999935,0.45875268000000347,5c5543d5bcf15e6982e93ee1e4c247bd1b116c2d2e1c8240771bcbaf21078c39,epochfix-45f52d98d725ac72a80a,3.2009692152632754,3.240733965885472,DS3,takeover,False,True,False
texbat-DS3-cmte-reconstructed,129.5,129.5,128.04124732,2,0.0149253731343283,0.019402985074626802,61.309031221232416,80.0007931271709,3.969690804768102,3.969690804768102,3.969690804768102,0.235766834251987,0.3767188399999952,0.41773575999999935,0.45875268000000347,5c5543d5bcf15e6982e93ee1e4c247bd1b116c2d2e1c8240771bcbaf21078c39,epochfix-45f52d98d725ac72a80a,3.205445867664507,3.240733965920804,DS3,takeover,False,True,False
texbat-DS3-cmte-reconstructed,130.0,130.0,128.54124732,2,0.0149253731343283,0.01716417910447755,67.48271592783988,84.20966401211562,4.0735104871572245,4.0735104871572245,4.0735104871572245,0.2395440516318982,0.3767188399999952,0.41773575999999935,0.45875268000000347,5c5543d5bcf15e6982e93ee1e4c247bd1b116c2d2e1c8240771bcbaf21078c39,epochfix-45f52d98d725ac72a80a,3.2088033569654306,3.240733965929637,DS3,takeover,False,True,False
texbat-DS3-cmte-reconstructed,130.5,130.5,129.04124732,2,0.0149253731343283,0.02164179104477605,59.193093105457685,79.02050397269173,3.883765676304772,3.883765676304772,3.883765676304772,0.2425898294777019,0.3767188399999952,0.41773575999999935,0.45875268000000347,5c5543d5bcf15e6982e93ee1e4c247bd1b116c2d2e1c8240771bcbaf21078c39,epochfix-45f52d98d725ac72a80a,3.211321473941123,3.2407339659318453,DS3,takeover,False,True,False
texbat-DS3-cmte-reconstructed,131.0,131.0,129.54124732,2,0.0149253731343283,0.024626865671641747,47.31553900950196,57.52083374033644,3.7882380579234165,3.7882380579234165,3.7882380579234165,0.2363175790424627,0.3767188399999952,0.41773575999999935,0.45875268000000347,5c5543d5bcf15e6982e93ee1e4c247bd1b116c2d2e1c8240771bcbaf21078c39,epochfix-45f52d98d725ac72a80a,3.2132100616728927,3.2407339659323973,DS3,takeover,False,True,False
texbat-DS3-cmte-reconstructed,131.5,131.5,130.04124732,2,0.0283582089552238,0.0313432835820895,37.599629757366706,39.05679093081349,3.4673111148372184,3.4673111148372184,3.4673111148372184,0.1935743898618283,0.3767188399999952,0.41773575999999935,0.45875268000000347,5c5543d5bcf15e6982e93ee1e4c247bd1b116c2d2e1c8240771bcbaf21078c39,epochfix-45f52d98d725ac72a80a,3.2146265024717198,3.2407339659325354,DS3,takeover,False,True,False
texbat-DS3-cmte-reconstructed,132.0,132.0,130.54124732,2,0.0343283582089552,0.03731343283582085,32.84275134823288,33.66237497720298,3.2916121714182736,3.2916121714182736,3.2916121714182736,0.1867662194338473,0.3767188399999952,0.41773575999999935,0.45875268000000347,5c5543d5bcf15e6982e93ee1e4c247bd1b116c2d2e1c8240771bcbaf21078c39,epochfix-45f52d98d725ac72a80a,3.21568883307084,3.24073396593257,DS3,takeover,False,True,False
texbat-DS3-cmte-reconstructed,132.5,132.5,131.04124732,2,0.0343283582089552,0.0350746268656716,34.648588174674344,35.79567983599198,3.350503689246465,3.350503689246465,3.350503689246465,0.1980969228565067,0.3767188399999952,0.41773575999999935,0.45875268000000347,5c5543d5bcf15e6982e93ee1e4c247bd1b116c2d2e1c8240771bcbaf21078c39,epochfix-45f52d98d725ac72a80a,3.2164855810201805,3.2407339659325785,DS3,takeover,False,True,False
texbat-DS3-cmte-reconstructed,133.0,133.0,131.54124732,2,0.0343283582089552,0.0343283582089552,35.77714608325543,36.67217476818075,3.371783496455863,3.371783496455863,3.371783496455863,0.1859492187062818,0.3767188399999952,0.41773575999999935,0.45875268000000347,5c5543d5bcf15e6982e93ee1e4c247bd1b116c2d2e1c8240771bcbaf21078c39,epochfix-45f52d98d725ac72a80a,3.2170831419821857,3.2407339659325807,DS3,takeover,False,True,False
texbat-DS3-cmte-reconstructed,133.5,133.5,132.04124732,3,0.0149253731343283,0.0343283582089552,63.84412037794508,126.4011137795705,3.583849772685547,3.371783496455863,3.583849772685547,0.6176644260937405,0.367904679999981,0.3767188399999952,0.45875268000000347,7daefdbb92391ff5241e9dee5b0fe16e43d8be2f39f7c5519cae4641313bcfa0,epochfix-27dba0a6c362a279f06f,3.619890790812214,4.456009203157299,DS3,takeover,False,True,False
texbat-DS3-cmte-reconstructed,134.0,134.0,132.54124732,3,0.0149253731343283,0.0343283582089552,58.24303155720302,112.71285017928506,3.4649581247059698,3.371783496455863,3.4649581247059698,0.8106900647399335,0.367904679999981,0.3767188399999952,0.45875268000000347,7daefdbb92391ff5241e9dee5b0fe16e43d8be2f39f7c5519cae4641313bcfa0,epochfix-27dba0a6c362a279f06f,3.921996527434736,4.759828012463478,DS3,takeover,False,True,False
texbat-DS3-cmte-reconstructed,134.5,134.5,133.04124732,3,0.008955223880597,0.0283582089552238,110.5599875526582,255.3411778044483,3.913704083679041,3.562838733218574,3.913704083679041,1.3170159277947715,0.367904679999981,0.3767188399999952,0.45875268000000347,7daefdbb92391ff5241e9dee5b0fe16e43d8be2f39f7c5519cae4641313bcfa0,epochfix-27dba0a6c362a279f06f,4.1485758299016275,4.835782714790023,DS3,takeover,False,True,False
texbat-DS3-cmte-reconstructed,135.0,135.0,133.54124732,3,0.0149253731343283,0.0343283582089552,59.814770485509634,108.84897821524557,3.635233332627967,3.371783496455863,3.635233332627967,0.7271426107975102,0.367904679999981,0.3767188399999952,0.45875268000000347,7daefdbb92391ff5241e9dee5b0fe16e43d8be2f39f7c5519cae4641313bcfa0,epochfix-27dba0a6c362a279f06f,4.318510306751795,4.85477139037166,DS3,takeover,False,True,False
texbat-DS3-cmte-reconstructed,135.5,135.5,134.04124732,3,0.008955223880597,0.0283582089552238,100.87402373234096,231.19236802878797,3.8425127169130207,3.562838733218574,3.8425127169130207,0.5581482866174097,0.367904679999981,0.3767188399999952,0.45875268000000347,7daefdbb92391ff5241e9dee5b0fe16e43d8be2f39f7c5519cae4641313bcfa0,epochfix-27dba0a6c362a279f06f,4.445961164389422,4.859518559267069,DS3,takeover,False,True,False
texbat-DS3-cmte-reconstructed,136.0,136.0,134.54124732,3,0.0149253731343283,0.0238805970149253,59.83687988412959,100.6746620122012,3.7703883686640225,3.7346889901452336,3.7703883686640225,0.3091991121040519,0.367904679999981,0.3767188399999952,0.45875268000000347,7daefdbb92391ff5241e9dee5b0fe16e43d8be2f39f7c5519cae4641313bcfa0,epochfix-27dba0a6c362a279f06f,4.541549307617641,4.860705351490921,DS3,takeover,False,True,False
texbat-DS3-cmte-reconstructed,136.5,136.5,135.04124732,3,0.0119402985074626,0.017910447761194,93.0062996725427,194.96707955499372,3.88721602656096,4.0223710625970135,3.88721602656096,1.0998858438381902,0.367904679999981,0.3767188399999952,0.45875268000000347,7daefdbb92391ff5241e9dee5b0fe16e43d8be2f39f7c5519cae4641313bcfa0,epochfix-27dba0a6c362a279f06f,4.613240415038806,4.861002049546884,DS3,takeover,False,True,False
texbat-DS3-cmte-reconstructed,137.0,137.0,135.54124732,3,0.0119402985074626,0.0253731343283582,91.48997548291196,196.17379255375212,3.8245613451632807,3.674064368328796,3.8245613451632807,1.2789694842197978,0.367904679999981,0.3767188399999952,0.45875268000000347,7daefdbb92391ff5241e9dee5b0fe16e43d8be2f39f7c5519cae4641313bcfa0,epochfix-27dba0a6c362a279f06f,4.667008745604679,4.8610762240608745,DS3,takeover,False,True,False
texbat-DS3-cmte-reconstructed,137.5,137.5,136.04124732,3,0.0149253731343283,0.0283582089552238,68.20101767692732,129.1099343008145,3.713104949688469,3.562838733218574,3.713104949688469,0.894801626185988,0.367904679999981,0.3767188399999952,0.45875268000000347,7daefdbb92391ff5241e9dee5b0fe16e43d8be2f39f7c5519cae4641313bcfa0,epochfix-27dba0a6c362a279f06f,4.707334993529084,4.861094767689372,DS3,takeover,False,True,False
texbat-DS3-cmte-reconstructed,138.0,138.0,136.54124732,3,0.0119402985074626,0.0223880597014925,94.55728818282323,196.35774792145344,3.987250890711073,3.7992275112828033,3.987250890711073,0.6146387840228558,0.367904679999981,0.3767188399999952,0.45875268000000347,7daefdbb92391ff5241e9dee5b0fe16e43d8be2f39f7c5519cae4641313bcfa0,epochfix-27dba0a6c362a279f06f,4.737579679472388,4.861099403596497,DS3,takeover,False,True,False
texbat-DS3-cmte-reconstructed,138.5,138.5,137.04124732,3,0.0149253731343283,0.0283582089552238,69.36950092808753,131.88019351224574,3.7279222038787476,3.562838733218574,3.7279222038787476,0.6357923287835007,0.367904679999981,0.3767188399999952,0.45875268000000347,7daefdbb92391ff5241e9dee5b0fe16e43d8be2f39f7c5519cae4641313bcfa0,epochfix-27dba0a6c362a279f06f,4.760263193929866,4.861100562573278,DS3,takeover,False,True,False
texbat-DS3-cmte-reconstructed,139.0,139.0,137.54124732,3,0.0119402985074626,0.0223880597014925,98.72189860281173,215.57565146527568,3.866282392814617,3.7992275112828033,3.866282392814617,0.6768767959473146,0.367904679999981,0.3767188399999952,0.45875268000000347,7daefdbb92391ff5241e9dee5b0fe16e43d8be2f39f7c5519cae4641313bcfa0,epochfix-27dba0a6c362a279f06f,4.777275829772975,4.861100852317473,DS3,takeover,False,True,False
texbat-DS3-cmte-reconstructed,139.5,139.5,138.04124732,3,0.0149253731343283,0.0194029850746268,70.11327046978934,121.650598783644,3.9213089762677655,3.9423283549234784,3.9213089762677655,0.2680518511020311,0.367904679999981,0.3767188399999952,0.45875268000000347,7daefdbb92391ff5241e9dee5b0fe16e43d8be2f39f7c5519cae4641313bcfa0,epochfix-27dba0a6c362a279f06f,4.790035306655307,4.861100924753522,DS3,takeover,False,True,False
texbat-DS3-cmte-reconstructed,140.0,140.0,138.54124732,3,0.0149253731343283,0.0283582089552238,61.63321402119342,110.18407844017143,3.713104949688469,3.562838733218574,3.713104949688469,0.2474143602105989,0.367904679999981,0.3767188399999952,0.45875268000000347,7daefdbb92391ff5241e9dee5b0fe16e43d8be2f39f7c5519cae4641313bcfa0,epochfix-27dba0a6c362a279f06f,4.799604914317055,4.861100942862534,DS3,takeover,False,True,False
texbat-DS3-cmte-reconstructed,140.5,140.5,139.04124732,3,0.0149253731343283,0.0417910447761194,62.61990522691814,132.21693365726287,3.36012701473849,3.175073202209808,3.36012701473849,0.4883863932152222,0.367904679999981,0.3767188399999952,0.45875268000000347,7daefdbb92391ff5241e9dee5b0fe16e43d8be2f39f7c5519cae4641313bcfa0,epochfix-27dba0a6c362a279f06f,4.806782120063367,4.8611009473897875,DS3,excluded,False,True,False
texbat-DS3-cmte-reconstructed,141.0,141.0,139.54124732,4,0.008955223880597,0.0313432835820895,110.47661746891715,284.7419443182112,3.665591973686977,3.6231172144881283,3.665591973686977,0.6453597293911634,0.22803043999999772,0.3723117599999881,0.45875268000000347,14bc6072cae443eda760fca537bc9a2d27dda3489e91ec7110321c8d47bbac74,epochfix-1b7cee1c595212416a19,5.214524502481626,6.0763761857463185,DS3,excluded,False,True,False
texbat-DS3-cmte-reconstructed,141.5,141.5,140.04124732,4,0.008955223880597,0.0149253731343283,131.85765203296177,229.88148091167403,3.9898577805349644,4.225103616651099,3.9898577805349644,1.0791649418475522,0.22803043999999772,0.3723117599999881,0.45875268000000347,14bc6072cae443eda760fca537bc9a2d27dda3489e91ec7110321c8d47bbac74,epochfix-1b7cee1c595212416a19,5.52033128929532,6.380194995335452,DS3,persistent,False,True,True
texbat-DS3-cmte-reconstructed,142.0,142.0,140.54124732,4,0.008955223880597,0.0141791044776119,121.12921490018317,246.26142811693651,4.005992410819357,4.257372877219883,4.005992410819357,0.5822341817640783,0.22803043999999772,0.3723117599999881,0.45875268000000347,14bc6072cae443eda760fca537bc9a2d27dda3489e91ec7110321c8d47bbac74,epochfix-1b7cee1c595212416a19,5.74968637940559,6.456149697732735,DS3,persistent,False,True,True
texbat-DS3-cmte-reconstructed,142.5,142.5,141.04124732,3,0.0059701492537313,0.0238805970149253,131.98176778289255,326.44896018875045,3.883125995697022,3.7346889901452336,3.883125995697022,1.37711376676818,0.22803043999999772,0.3767188399999952,0.45875268000000347,9fdf41c8894dbafb7d43446908b828eb03237737cf95446a249cf5ab0dd27cda,epochfix-cc33de9961468c0659f9,5.519343218879769,5.259863136107337,DS3,persistent,False,True,True
texbat-DS3-cmte-reconstructed,143.0,143.0,141.54124732,3,0.0014925373134328,0.0343283582089552,372.59708817597766,1049.2335022357329,4.38915436545257,3.371783496455863,4.38915436545257,2.4767428409147483,0.22803043999999772,0.3767188399999952,0.45875268000000347,9fdf41c8894dbafb7d43446908b828eb03237737cf95446a249cf5ab0dd27cda,epochfix-cc33de9961468c0659f9,5.346585848485402,4.960791495700988,DS3,persistent,False,True,True
texbat-DS3-cmte-reconstructed,143.5,143.5,142.04124732,3,0.0014925373134328,0.0223880597014925,218.65780563325757,574.4145892104331,4.559429573374568,3.7992275112828033,4.559429573374568,1.6643596658152149,0.22803043999999772,0.3767188399999952,0.45875268000000347,9fdf41c8894dbafb7d43446908b828eb03237737cf95446a249cf5ab0dd27cda,epochfix-cc33de9961468c0659f9,5.217017820689627,4.886023585599401,DS3,persistent,False,True,True
texbat-DS3-cmte-reconstructed,144.0,144.0,142.54124732,3,0.0149253731343283,0.0149253731343283,76.7027809929646,140.43237584066418,3.9270562450792674,4.20469261939097,3.9270562450792674,1.015725784859788,0.22803043999999772,0.3767188399999952,0.45875268000000347,9fdf41c8894dbafb7d43446908b828eb03237737cf95446a249cf5ab0dd27cda,epochfix-cc33de9961468c0659f9,5.119841799842796,4.867331608074004,DS3,persistent,False,True,True
texbat-DS3-cmte-reconstructed,144.5,144.5,143.04124732,3,0.0149253731343283,0.0194029850746268,58.900123105061176,89.15527026227842,3.9213089762677655,3.9423283549234784,3.9213089762677655,0.62780773768488,0.22803043999999772,0.3767188399999952,0.45875268000000347,9fdf41c8894dbafb7d43446908b828eb03237737cf95446a249cf5ab0dd27cda,epochfix-cc33de9961468c0659f9,5.046959784207672,4.862658613692655,DS3,persistent,False,True,True
texbat-DS3-cmte-reconstructed,145.0,145.0,143.54124732,3,0.0119402985074626,0.0164179104477611,89.79136426904067,176.35698390660568,4.033352447836801,4.109382439586647,4.033352447836801,0.5155029679412474,0.22803043999999772,0.3767188399999952,0.45875268000000347,9fdf41c8894dbafb7d43446908b828eb03237737cf95446a249cf5ab0dd27cda,epochfix-cc33de9961468c0659f9,4.99229827248133,4.861490365097318,DS3,persistent,False,True,True
texbat-DS3-cmte-reconstructed,145.5,145.5,144.04124732,3,0.008955223880597,0.0194029850746268,119.84009163808122,267.1310394590404,4.110636988803077,3.9423283549234784,4.110636988803077,1.1434327113553353,0.22803043999999772,0.3767188399999952,0.45875268000000347,9fdf41c8894dbafb7d43446908b828eb03237737cf95446a249cf5ab0dd27cda,epochfix-cc33de9961468c0659f9,4.9513021386865725,4.861198302948483,DS3,persistent,False,True,True
texbat-DS3-cmte-reconstructed,146.0,146.0,144.54124732,3,0.008955223880597,0.0149253731343283,113.11537302805402,243.2980485783052,4.198091743625575,4.20469261939097,4.198091743625575,0.5643065879521988,0.22803043999999772,0.3767188399999952,0.45875268000000347,9fdf41c8894dbafb7d43446908b828eb03237737cf95446a249cf5ab0dd27cda,epochfix-cc33de9961468c0659f9,4.920555038340504,4.861125287411275,DS3,persistent,False,True,True
texbat-DS3-cmte-reconstructed,146.5,146.5,145.04124732,3,0.0149253731343283,0.0164179104477611,55.192200658877994,61.09731633399432,4.085467804633699,4.109382439586647,4.085467804633699,0.3463219786667204,0.22803043999999772,0.3767188399999952,0.45875268000000347,9fdf41c8894dbafb7d43446908b828eb03237737cf95446a249cf5ab0dd27cda,epochfix-cc33de9961468c0659f9,4.897494713080953,4.861107033526972,DS3,persistent,False,True,True
texbat-DS3-cmte-reconstructed,147.0,147.0,145.54124732,3,0.0149253731343283,0.0149253731343283,68.17579405630023,85.34987547970792,4.20469261939097,4.20469261939097,4.20469261939097,0.6611707801951855,0.22803043999999772,0.3767188399999952,0.45875268000000347,9fdf41c8894dbafb7d43446908b828eb03237737cf95446a249cf5ab0dd27cda,epochfix-cc33de9961468c0659f9,4.88019946913629,4.861102470055897,DS3,persistent,False,True,True
texbat-DS3-cmte-reconstructed,147.5,147.5,146.04124732,3,0.0149253731343283,0.0194029850746268,51.05178794051423,59.95922136985871,4.0050804523614,3.9423283549234784,4.0050804523614,0.452924633022052,0.22803043999999772,0.3767188399999952,0.45875268000000347,9fdf41c8894dbafb7d43446908b828eb03237737cf95446a249cf5ab0dd27cda,epochfix-cc33de9961468c0659f9,4.867228036177792,4.861101329188128,DS3,persistent,False,True,True
texbat-DS3-cmte-reconstructed,148.0,148.0,146.54124732,3,0.0149253731343283,0.0149253731343283,68.90055583925049,94.67946995151752,4.117237864568473,4.20469261939097,4.117237864568473,0.6018636168576296,0.22803043999999772,0.3767188399999952,0.45875268000000347,9fdf41c8894dbafb7d43446908b828eb03237737cf95446a249cf5ab0dd27cda,epochfix-cc33de9961468c0659f9,4.85749946145892,4.8611010439711855,DS3,persistent,False,True,True
texbat-DS3-cmte-reconstructed,148.5,148.5,147.04124732,3,0.0119402985074626,0.0194029850746268,96.68207390020176,195.2996063756134,4.079461636132804,3.9423283549234784,4.079461636132804,0.850409442497168,0.22803043999999772,0.3767188399999952,0.45875268000000347,9fdf41c8894dbafb7d43446908b828eb03237737cf95446a249cf5ab0dd27cda,epochfix-cc33de9961468c0659f9,4.850203030419765,4.86110097266695,DS3,persistent,False,True,True
texbat-DS3-cmte-reconstructed,149.0,149.0,147.54124732,3,0.0149253731343283,0.0164179104477611,65.4638311763736,108.43331817295432,3.8952861851444935,4.109382439586647,3.8952861851444935,0.4316596624546774,0.22803043999999772,0.3767188399999952,0.45875268000000347,9fdf41c8894dbafb7d43446908b828eb03237737cf95446a249cf5ab0dd27cda,epochfix-cc33de9961468c0659f9,4.844730707140399,4.861100954840891,DS3,persistent,False,True,True
texbat-DS3-cmte-reconstructed,149.5,149.5,148.04124732,3,0.0074626865671641,0.0149253731343283,133.94306073451529,303.50228947214305,4.158105305265918,4.20469261939097,4.158105305265918,1.030625186066514,0.22803043999999772,0.3767188399999952,0.45875268000000347,9fdf41c8894dbafb7d43446908b828eb03237737cf95446a249cf5ab0dd27cda,epochfix-cc33de9961468c0659f9,4.840626464680874,4.861100950384376,DS3,persistent,False,True,True
texbat-DS3-cmte-reconstructed,150.0,150.0,148.54124732,2,0.017910447761194,0.0298507462686567,40.99078364688681,51.04933239945605,3.5987221324034104,3.5987221324034104,3.5987221324034104,0.2055099137864,0.3767188399999952,0.41773575999999935,0.45875268000000347,5c5543d5bcf15e6982e93ee1e4c247bd1b116c2d2e1c8240771bcbaf21078c39,epochfix-45f52d98d725ac72a80a,4.435188804727705,3.64582571204553,DS3,persistent,False,True,True
texbat-DS3-cmte-reconstructed,150.5,150.5,149.04124732,2,0.0149253731343283,0.024626865671641747,49.063247498810014,61.27220528958986,3.7882380579234165,3.7882380579234165,3.7882380579234165,0.218261341376755,0.3767188399999952,0.41773575999999935,0.45875268000000347,5c5543d5bcf15e6982e93ee1e4c247bd1b116c2d2e1c8240771bcbaf21078c39,epochfix-45f52d98d725ac72a80a,4.131110559762829,3.3420069024608186,DS3,persistent,False,True,True
texbat-DS3-cmte-reconstructed,151.0,151.0,149.54124732,2,0.0149253731343283,0.01716417910447755,56.770366385663586,66.83322689805723,4.0735104871572245,4.0735104871572245,4.0735104871572245,0.2279006724131759,0.3767188399999952,0.41773575999999935,0.45875268000000347,5c5543d5bcf15e6982e93ee1e4c247bd1b116c2d2e1c8240771bcbaf21078c39,epochfix-45f52d98d725ac72a80a,3.903051876039172,3.2660522000646406,DS3,persistent,False,True,True
texbat-DS3-cmte-reconstructed,151.5,151.5,150.04124732,2,0.0149253731343283,0.0149253731343283,64.79037079059515,66.37270443454682,4.20469261939097,4.20469261939097,4.20469261939097,0.2395428703872062,0.3767188399999952,0.41773575999999935,0.45875268000000347,5c5543d5bcf15e6982e93ee1e4c247bd1b116c2d2e1c8240771bcbaf21078c39,epochfix-45f52d98d725ac72a80a,3.7320078632464293,3.247063524465596,DS3,persistent,False,True,True
texbat-DS3-cmte-reconstructed,152.0,152.0,150.54124732,3,0.0149253731343283,0.0149253731343283,65.31936136151971,83.55976500036027,3.8992623754329174,4.20469261939097,3.8992623754329174,0.3077704247727004,0.26458672000001116,0.3767188399999952,0.45875268000000347,7031cf62a76a9a0d6126bccdbc30adf11766fad97e131f9a279b794d040600bb,epochfix-f7c722c3cecb1791c950,4.0060843317603965,4.4575915927905525,DS3,persistent,False,True,True
texbat-DS3-cmte-reconstructed,152.5,152.5,151.04124732,3,0.0149253731343283,0.0149253731343283,67.79492233950623,87.31805224729625,3.9270562450792674,4.20469261939097,3.9270562450792674,0.3052854193731433,0.26458672000001116,0.3767188399999952,0.45875268000000347,7031cf62a76a9a0d6126bccdbc30adf11766fad97e131f9a279b794d040600bb,epochfix-f7c722c3cecb1791c950,4.2116416831458725,4.760223609871792,DS3,persistent,False,True,True
texbat-DS3-cmte-reconstructed,153.0,153.0,151.54124732,3,0.0149253731343283,0.0149253731343283,64.93528285613378,87.00518155825718,3.990741324000171,4.20469261939097,3.990741324000171,0.2993265471281816,0.26458672000001116,0.3767188399999952,0.45875268000000347,7031cf62a76a9a0d6126bccdbc30adf11766fad97e131f9a279b794d040600bb,epochfix-f7c722c3cecb1791c950,4.3658096966849795,4.835881614142101,DS3,persistent,False,True,True
texbat-DS3-cmte-reconstructed,153.5,153.5,152.04124732,3,0.0149253731343283,0.0149253731343283,60.67285780866185,77.99862783938336,3.9270562450792674,4.20469261939097,3.9270562450792674,0.2832218673346073,0.26458672000001116,0.3767188399999952,0.45875268000000347,7031cf62a76a9a0d6126bccdbc30adf11766fad97e131f9a279b794d040600bb,epochfix-f7c722c3cecb1791c950,4.48143570683931,4.854796115209679,DS3,persistent,False,True,True
texbat-DS3-cmte-reconstructed,154.0,154.0,152.54124732,3,0.0149253731343283,0.0149253731343283,65.714993038582,93.59726578749694,3.9270562450792674,4.20469261939097,3.9270562450792674,0.2942041719292191,0.26458672000001116,0.3767188399999952,0.45875268000000347,7031cf62a76a9a0d6126bccdbc30adf11766fad97e131f9a279b794d040600bb,epochfix-f7c722c3cecb1791c950,4.568155214455057,4.859524740476573,DS3,persistent,False,True,True
texbat-DS3-cmte-reconstructed,154.5,154.5,153.04124732,3,0.0149253731343283,0.0149253731343283,63.884867872456056,90.87536588720242,3.7510337683457693,4.20469261939097,3.7510337683457693,0.3153267506968905,0.26458672000001116,0.3767188399999952,0.45875268000000347,7031cf62a76a9a0d6126bccdbc30adf11766fad97e131f9a279b794d040600bb,epochfix-f7c722c3cecb1791c950,4.633194845166868,4.860706896793297,DS3,persistent,False,True,True
texbat-DS3-cmte-reconstructed,155.0,155.0,153.54124732,3,0.0149253731343283,0.0149253731343283,72.43119509952889,97.14959914319664,3.990741324000171,4.20469261939097,3.990741324000171,0.3235129248936038,0.26458672000001116,0.3767188399999952,0.45875268000000347,7031cf62a76a9a0d6126bccdbc30adf11766fad97e131f9a279b794d040600bb,epochfix-f7c722c3cecb1791c950,4.681974568200726,4.861002435872478,DS3,persistent,False,True,True
texbat-DS3-cmte-reconstructed,155.5,155.5,154.04124732,3,0.0149253731343283,0.0149253731343283,90.05628257029072,110.49854074512842,4.20469261939097,4.20469261939097,4.20469261939097,0.4009355369572221,0.26458672000001116,0.3767188399999952,0.45875268000000347,7031cf62a76a9a0d6126bccdbc30adf11766fad97e131f9a279b794d040600bb,epochfix-f7c722c3cecb1791c950,4.718559360476119,4.861076320642273,DS3,persistent,False,True,True
texbat-DS3-cmte-reconstructed,156.0,156.0,154.54124732,3,0.0149253731343283,0.0149253731343283,78.86425340401776,112.69227223501991,3.742594499017672,4.20469261939097,3.742594499017672,0.3712535654737962,0.26458672000001116,0.3767188399999952,0.45875268000000347,7031cf62a76a9a0d6126bccdbc30adf11766fad97e131f9a279b794d040600bb,epochfix-f7c722c3cecb1791c950,4.7459979546826645,4.861094791834722,DS3,persistent,False,True,True
texbat-DS3-cmte-reconstructed,156.5,156.5,155.04124732,3,0.0149253731343283,0.0149253731343283,80.54010865392483,119.05535158148533,3.6818206467530206,4.20469261939097,3.6818206467530206,0.3888751877671459,0.26458672000001116,0.3767188399999952,0.45875268000000347,7031cf62a76a9a0d6126bccdbc30adf11766fad97e131f9a279b794d040600bb,epochfix-f7c722c3cecb1791c950,4.766576900337574,4.861099409632834,DS3,persistent,False,True,True
texbat-DS3-cmte-reconstructed,157.0,157.0,155.54124732,2,0.0149253731343283,0.0149253731343283,128.57934726852068,143.4222618448306,4.20469261939097,4.20469261939097,4.20469261939097,0.4575858839097541,0.3767188399999952,0.41773575999999935,0.45875268000000347,5c5543d5bcf15e6982e93ee1e4c247bd1b116c2d2e1c8240771bcbaf21078c39,epochfix-45f52d98d725ac72a80a,4.379651631470231,3.6458253268576444,DS3,persistent,False,True,True
texbat-DS3-cmte-reconstructed,157.5,157.5,156.04124732,2,0.0149253731343283,0.0149253731343283,130.83425283711577,139.73766085871398,4.20469261939097,4.20469261939097,4.20469261939097,0.4839483923988135,0.3767188399999952,0.41773575999999935,0.45875268000000347,5c5543d5bcf15e6982e93ee1e4c247bd1b116c2d2e1c8240771bcbaf21078c39,epochfix-45f52d98d725ac72a80a,4.089457679819723,3.3420068061638473,DS3,persistent,False,True,True
texbat-DS3-cmte-reconstructed,158.0,158.0,156.54124732,2,0.0149253731343283,0.0149253731343283,135.4654940080759,142.68184185249757,4.20469261939097,4.20469261939097,4.20469261939097,0.4376638772393219,0.3767188399999952,0.41773575999999935,0.45875268000000347,5c5543d5bcf15e6982e93ee1e4c247bd1b116c2d2e1c8240771bcbaf21078c39,epochfix-45f52d98d725ac72a80a,3.871812216081842,3.2660521759903975,DS3,persistent,False,True,True
texbat-DS3-cmte-reconstructed,158.5,158.5,157.04124732,2,0.0149253731343283,0.0149253731343283,149.12842485076982,153.03485192441127,4.20469261939097,4.20469261939097,4.20469261939097,0.477419700089766,0.3767188399999952,0.41773575999999935,0.45875268000000347,5c5543d5bcf15e6982e93ee1e4c247bd1b116c2d2e1c8240771bcbaf21078c39,epochfix-45f52d98d725ac72a80a,3.7085781182784316,3.2470635184470353,DS3,persistent,False,True,True
texbat-DS3-cmte-reconstructed,159.0,159.0,157.54124732,2,0.0119402985074626,0.0119402985074626,178.62404521843965,180.2105720598205,4.427836170705183,4.427836170705183,4.427836170705183,0.5252002468926714,0.3767188399999952,0.41773575999999935,0.45875268000000347,5c5543d5bcf15e6982e93ee1e4c247bd1b116c2d2e1c8240771bcbaf21078c39,epochfix-45f52d98d725ac72a80a,3.586152544925874,3.242316354061195,DS3,persistent,False,True,True
texbat-DS3-cmte-reconstructed,159.5,159.5,158.04124732,2,0.008955223880597,0.010447761194029799,211.26225744709274,227.36998710687092,4.571677206931071,4.571677206931071,4.571677206931071,0.5709959205048787,0.3767188399999952,0.41773575999999935,0.45875268000000347,5c5543d5bcf15e6982e93ee1e4c247bd1b116c2d2e1c8240771bcbaf21078c39,epochfix-45f52d98d725ac72a80a,3.494333364911456,3.2411295629647348,DS3,persistent,False,True,True
texbat-DS3-cmte-reconstructed,160.0,160.0,158.54124732,2,0.008955223880597,0.010447761194029799,228.36176324489577,240.2890513919066,4.571677206931071,4.571677206931071,4.571677206931071,0.6672026666663843,0.3767188399999952,0.41773575999999935,0.45875268000000347,5c5543d5bcf15e6982e93ee1e4c247bd1b116c2d2e1c8240771bcbaf21078c39,epochfix-45f52d98d725ac72a80a,3.4254689799006424,3.2408328651906197,DS3,persistent,False,True,True
texbat-DS3-cmte-reconstructed,160.5,160.5,159.04124732,2,0.008955223880597,0.008955223880597,251.51263918010625,256.8177513196881,4.715518243156958,4.715518243156958,4.715518243156958,0.715897571259091,0.3767188399999952,0.41773575999999935,0.45875268000000347,5c5543d5bcf15e6982e93ee1e4c247bd1b116c2d2e1c8240771bcbaf21078c39,epochfix-45f52d98d725ac72a80a,3.373820691142532,3.240758690747091,DS3,persistent,False,True,True
texbat-DS3-cmte-reconstructed,161.0,161.0,159.54124732,2,0.008955223880597,0.008955223880597,286.48181732379607,287.5502738689316,4.715518243156958,4.715518243156958,4.715518243156958,0.7978324456995846,0.3767188399999952,0.41773575999999935,0.45875268000000347,5c5543d5bcf15e6982e93ee1e4c247bd1b116c2d2e1c8240771bcbaf21078c39,epochfix-45f52d98d725ac72a80a,3.335084474573949,3.2407401471362087,DS3,persistent,False,True,True
texbat-DS3-cmte-reconstructed,161.5,161.5,160.04124732,2,0.0059701492537313,0.0059701492537313,319.56959226553045,324.3243894513031,5.120983351265128,5.120983351265128,5.120983351265128,0.9164125722528064,0.3767188399999952,0.41773575999999935,0.45875268000000347,5c5543d5bcf15e6982e93ee1e4c247bd1b116c2d2e1c8240771bcbaf21078c39,epochfix-45f52d98d725ac72a80a,3.306032312147512,3.2407355112334884,DS3,persistent,False,True,True
texbat-DS3-cmte-reconstructed,162.0,162.0,160.54124732,2,0.0044776119402985,0.0052238805970148995,331.13997062422374,338.96979868917094,5.264824387491016,5.264824387491016,5.264824387491016,0.9002372201766901,0.3767188399999952,0.41773575999999935,0.45875268000000347,5c5543d5bcf15e6982e93ee1e4c247bd1b116c2d2e1c8240771bcbaf21078c39,epochfix-45f52d98d725ac72a80a,3.2842431903276843,3.240734352257808,DS3,persistent,False,True,True
texbat-DS3-cmte-reconstructed,162.5,162.5,161.04124732,2,0.0029850746268656,0.00447761194029845,355.50540655966563,386.2614564606444,5.467556941545109,5.467556941545109,5.467556941545109,1.0274944874459802,0.3767188399999952,0.41773575999999935,0.45875268000000347,5c5543d5bcf15e6982e93ee1e4c247bd1b116c2d2e1c8240771bcbaf21078c39,epochfix-45f52d98d725ac72a80a,3.2679013489628135,3.240734062513888,DS3,persistent,False,True,True
texbat-DS3-cmte-reconstructed,163.0,163.0,161.54124732,2,0.0014925373134328,0.00373134328358205,397.18240687675075,463.27421180916576,5.814130531825082,5.814130531825082,5.814130531825082,1.1625362251535498,0.3767188399999952,0.41773575999999935,0.45875268000000347,5c5543d5bcf15e6982e93ee1e4c247bd1b116c2d2e1c8240771bcbaf21078c39,epochfix-45f52d98d725ac72a80a,3.2556449679391606,3.240733990077908,DS3,persistent,False,True,True
texbat-DS3-cmte-reconstructed,163.5,163.5,162.04124732,2,0.0014925373134328,0.0022388059701492,448.4699626268112,531.0943878911821,6.160704122105063,6.160704122105063,6.160704122105063,1.2804415819929158,0.3767188399999952,0.41773575999999935,0.45875268000000347,5c5543d5bcf15e6982e93ee1e4c247bd1b116c2d2e1c8240771bcbaf21078c39,epochfix-45f52d98d725ac72a80a,3.246452682171421,3.240733971968913,DS3,persistent,False,True,True
texbat-DS3-cmte-reconstructed,164.0,164.0,162.54124732,2,0.0014925373134328,0.0014925373134328,494.77974397445973,588.3313944408505,6.507277712385036,6.507277712385036,6.507277712385036,1.4349715983557123,0.3767188399999952,0.41773575999999935,0.45875268000000347,5c5543d5bcf15e6982e93ee1e4c247bd1b116c2d2e1c8240771bcbaf21078c39,epochfix-45f52d98d725ac72a80a,3.2395584678456157,3.240733967441664,DS3,persistent,False,True,True
texbat-DS3-cmte-reconstructed,164.5,164.5,163.04124732,2,0.0014925373134328,0.0014925373134328,566.0473421052573,658.7168432218167,6.507277712385036,6.507277712385036,6.507277712385036,1.5871866950612892,0.3767188399999952,0.41773575999999935,0.45875268000000347,5c5543d5bcf15e6982e93ee1e4c247bd1b116c2d2e1c8240771bcbaf21078c39,epochfix-45f52d98d725ac72a80a,3.234387807101262,3.240733966309852,DS3,persistent,False,True,True
texbat-DS3-cmte-reconstructed,165.0,165.0,163.54124732,2,0.0014925373134328,0.0014925373134328,628.7595130861421,693.4786324956646,6.507277712385036,6.507277712385036,6.507277712385036,1.6106672162442417,0.3767188399999952,0.41773575999999935,0.45875268000000347,5c5543d5bcf15e6982e93ee1e4c247bd1b116c2d2e1c8240771bcbaf21078c39,epochfix-45f52d98d725ac72a80a,3.230509811542997,3.240733966026899,DS3,persistent,False,True,True
texbat-DS3-cmte-reconstructed,165.5,165.5,164.04124732,2,0.0014925373134328,0.0014925373134328,699.7183695686156,775.3630398618463,6.507277712385036,6.507277712385036,6.507277712385036,1.727052024812218,0.3767188399999952,0.41773575999999935,0.45875268000000347,5c5543d5bcf15e6982e93ee1e4c247bd1b116c2d2e1c8240771bcbaf21078c39,epochfix-45f52d98d725ac72a80a,3.2276013148742977,3.240733965956161,DS3,persistent,False,True,True
texbat-DS3-cmte-reconstructed,166.0,166.0,164.54124732,2,0.0014925373134328,0.0014925373134328,765.896446433775,886.3353949642067,6.507277712385036,6.507277712385036,6.507277712385036,1.8849642818444403,0.3767188399999952,0.41773575999999935,0.45875268000000347,5c5543d5bcf15e6982e93ee1e4c247bd1b116c2d2e1c8240771bcbaf21078c39,epochfix-45f52d98d725ac72a80a,3.2254199423727736,3.2407339659384764,DS3,persistent,False,True,True
texbat-DS3-cmte-reconstructed,166.5,166.5,165.04124732,2,0.0014925373134328,0.0014925373134328,777.9847345916867,891.2088782294468,6.507277712385036,6.507277712385036,6.507277712385036,1.90304386926088,0.3767188399999952,0.41773575999999935,0.45875268000000347,5c5543d5bcf15e6982e93ee1e4c247bd1b116c2d2e1c8240771bcbaf21078c39,epochfix-45f52d98d725ac72a80a,3.2237839129966304,3.240733965934055,DS3,persistent,False,True,True
texbat-DS3-cmte-reconstructed,167.0,167.0,165.54124732,2,0.0014925373134328,0.0014925373134328,881.6105665517427,943.3775194541644,6.507277712385036,6.507277712385036,6.507277712385036,2.004569643854984,0.3767188399999952,0.41773575999999935,0.45875268000000347,5c5543d5bcf15e6982e93ee1e4c247bd1b116c2d2e1c8240771bcbaf21078c39,epochfix-45f52d98d725ac72a80a,3.222556890964523,3.2407339659329497,DS3,persistent,False,True,True
texbat-DS3-cmte-reconstructed,167.5,167.5,166.04124732,2,0.0014925373134328,0.0014925373134328,1007.1327422576649,1076.8474241591211,6.507277712385036,6.507277712385036,6.507277712385036,2.181390027392482,0.3767188399999952,0.41773575999999935,0.45875268000000347,5c5543d5bcf15e6982e93ee1e4c247bd1b116c2d2e1c8240771bcbaf21078c39,epochfix-45f52d98d725ac72a80a,3.2216366244404426,3.2407339659326735,DS3,persistent,False,True,True
texbat-DS3-cmte-reconstructed,168.0,168.0,166.54124732,2,0.0014925373134328,0.0014925373134328,1072.588596655622,1166.527214623089,6.507277712385036,6.507277712385036,6.507277712385036,2.267841918893833,0.3767188399999952,0.41773575999999935,0.45875268000000347,5c5543d5bcf15e6982e93ee1e4c247bd1b116c2d2e1c8240771bcbaf21078c39,epochfix-45f52d98d725ac72a80a,3.2209464245473822,3.240733965932604,DS3,persistent,False,True,True
texbat-DS3-cmte-reconstructed,168.5,168.5,167.04124732,2,0.0014925373134328,0.0014925373134328,1133.3173271651226,1207.348535679897,6.507277712385036,6.507277712385036,6.507277712385036,2.3189337298072554,0.3767188399999952,0.41773575999999935,0.45875268000000347,5c5543d5bcf15e6982e93ee1e4c247bd1b116c2d2e1c8240771bcbaf21078c39,epochfix-45f52d98d725ac72a80a,3.220428774627587,3.240733965932587,DS3,persistent,False,True,True
texbat-DS3-cmte-reconstructed,169.0,169.0,167.54124732,3,0.0014925373134328,0.0014925373134328,1740.2671791998573,2816.4219301312014,6.507277712385036,6.507277712385036,6.507277712385036,3.829883327567434,0.37225552000001016,0.3767188399999952,0.45875268000000347,5a147245fbabfc32fa81277a7c69c32147dfe9f4a882f87e17d0b56cd709b490,epochfix-e99e008c4908989b840c,3.6224000152962654,4.456009203157301,DS3,persistent,False,True,True
texbat-DS3-cmte-reconstructed,169.5,169.5,168.04124732,3,0.0014925373134328,0.0014925373134328,1804.7447677766925,2807.619668945119,6.507277712385036,6.507277712385036,6.507277712385036,3.80646573884394,0.37225552000001016,0.3767188399999952,0.45875268000000347,5a147245fbabfc32fa81277a7c69c32147dfe9f4a882f87e17d0b56cd709b490,epochfix-e99e008c4908989b840c,3.9238784457977745,4.759828012463479,DS3,persistent,False,True,True
texbat-DS3-cmte-reconstructed,170.0,170.0,168.54124732,3,0.0014925373134328,0.0014925373134328,1866.7014275095269,2803.86660571397,6.507277712385036,6.507277712385036,6.507277712385036,3.7897605529694194,0.37225552000001016,0.3767188399999952,0.45875268000000347,5a147245fbabfc32fa81277a7c69c32147dfe9f4a882f87e17d0b56cd709b490,epochfix-e99e008c4908989b840c,4.149987268673906,4.835782714790024,DS3,persistent,False,True,True
texbat-DS3-cmte-reconstructed,170.5,170.5,169.04124732,3,0.0014925373134328,0.0014925373134328,1936.3778427205943,2810.744255237514,6.507277712385036,6.507277712385036,6.507277712385036,3.780450070949709,0.37225552000001016,0.3767188399999952,0.45875268000000347,5a147245fbabfc32fa81277a7c69c32147dfe9f4a882f87e17d0b56cd709b490,epochfix-e99e008c4908989b840c,4.319568885831004,4.85477139037166,DS3,persistent,False,True,True
texbat-DS3-cmte-reconstructed,171.0,171.0,169.54124732,3,0.0014925373134328,0.0014925373134328,1985.9033832917194,2812.304863334254,6.507277712385036,6.507277712385036,6.507277712385036,3.767782620986448,0.37225552000001016,0.3767188399999952,0.45875268000000347,5a147245fbabfc32fa81277a7c69c32147dfe9f4a882f87e17d0b56cd709b490,epochfix-e99e008c4908989b840c,4.446755098698828,4.859518559267069,DS3,persistent,False,True,True
texbat-DS3-cmte-reconstructed,171.5,171.5,170.04124732,3,0.0014925373134328,0.0014925373134328,2018.9000898358693,2801.288033896306,6.507277712385036,6.507277712385036,6.507277712385036,3.752253419247078,0.37225552000001016,0.3767188399999952,0.45875268000000347,5a147245fbabfc32fa81277a7c69c32147dfe9f4a882f87e17d0b56cd709b490,epochfix-e99e008c4908989b840c,4.542144758349696,4.860705351490921,DS3,persistent,False,True,True
texbat-DS3-cmte-reconstructed,172.0,172.0,170.54124732,3,0.0014925373134328,0.0014925373134328,2115.6904723410494,2799.049226062234,6.507277712385036,6.507277712385036,6.507277712385036,3.747319109318548,0.37225552000001016,0.3767188399999952,0.45875268000000347,5a147245fbabfc32fa81277a7c69c32147dfe9f4a882f87e17d0b56cd709b490,epochfix-e99e008c4908989b840c,4.613687003087847,4.861002049546884,DS3,persistent,False,True,True
texbat-DS3-cmte-reconstructed,172.5,172.5,171.04124732,3,0.0014925373134328,0.0014925373134328,2186.615132673782,2817.704837565978,6.507277712385036,6.507277712385036,6.507277712385036,3.756752874907323,0.37225552000001016,0.3767188399999952,0.45875268000000347,5a147245fbabfc32fa81277a7c69c32147dfe9f4a882f87e17d0b56cd709b490,epochfix-e99e008c4908989b840c,4.667343686641461,4.8610762240608745,DS3,persistent,False,True,True
texbat-DS3-cmte-reconstructed,173.0,173.0,171.54124732,3,0.0014925373134328,0.0014925373134328,2266.6739473565026,2854.093347481851,6.507277712385036,6.507277712385036,6.507277712385036,3.7702327539656335,0.37225552000001016,0.3767188399999952,0.45875268000000347,5a147245fbabfc32fa81277a7c69c32147dfe9f4a882f87e17d0b56cd709b490,epochfix-e99e008c4908989b840c,4.707586199306671,4.861094767689372,DS3,persistent,False,True,True
texbat-DS3-cmte-reconstructed,173.5,173.5,172.04124732,3,0.0014925373134328,0.0014925373134328,2353.4074211473703,2876.75497858686,6.507277712385036,6.507277712385036,6.507277712385036,3.771322548960665,0.37225552000001016,0.3767188399999952,0.45875268000000347,5a147245fbabfc32fa81277a7c69c32147dfe9f4a882f87e17d0b56cd709b490,epochfix-e99e008c4908989b840c,4.7377680838055785,4.861099403596497,DS3,persistent,False,True,True
texbat-DS3-cmte-reconstructed,174.0,174.0,172.54124732,3,0.0014925373134328,0.0014925373134328,2403.392246663292,2886.1113693834413,6.507277712385036,6.507277712385036,6.507277712385036,3.765999179437517,0.37225552000001016,0.3767188399999952,0.45875268000000347,5a147245fbabfc32fa81277a7c69c32147dfe9f4a882f87e17d0b56cd709b490,epochfix-e99e008c4908989b840c,4.760404497179759,4.861100562573278,DS3,persistent,False,True,True
texbat-DS3-cmte-reconstructed,174.5,174.5,173.04124732,3,0.0014925373134328,0.0014925373134328,2459.753862218831,2886.8312671430467,6.507277712385036,6.507277712385036,6.507277712385036,3.7467419195624223,0.37225552000001016,0.3767188399999952,0.45875268000000347,5a147245fbabfc32fa81277a7c69c32147dfe9f4a882f87e17d0b56cd709b490,epochfix-e99e008c4908989b840c,4.777381807210395,4.861100852317473,DS3,persistent,False,True,True
texbat-DS3-cmte-reconstructed,175.0,175.0,173.54124732,3,0.0014925373134328,0.0014925373134328,2483.4405161964464,2866.073296004389,6.507277712385036,6.507277712385036,6.507277712385036,3.715433664472299,0.37225552000001016,0.3767188399999952,0.45875268000000347,5a147245fbabfc32fa81277a7c69c32147dfe9f4a882f87e17d0b56cd709b490,epochfix-e99e008c4908989b840c,4.790114789733371,4.861100924753522,DS3,persistent,False,True,True
texbat-DS3-cmte-reconstructed,175.5,175.5,174.04124732,4,0.0014925373134328,0.0014925373134328,2612.0689492304136,3040.73889748942,6.507277712385036,6.507277712385036,6.507277712385036,4.0577016656716,0.17261823999999137,0.3744871800000027,0.45875268000000347,3f9161e15cce1136d28ea58c1961285fd9627d982ecfae8f37710881bbbec545,epochfix-70250d9d127272bea7d9,5.202024004734128,6.076376180087252,DS3,persistent,False,True,True
texbat-DS3-cmte-reconstructed,176.0,176.0,174.54124732,4,0.0014925373134328,0.0014925373134328,2613.207632747744,3115.8363112334373,6.507277712385036,6.507277712385036,6.507277712385036,4.0546120026725045,0.17261823999999137,0.3744871800000027,0.45875268000000347,3f9161e15cce1136d28ea58c1961285fd9627d982ecfae8f37710881bbbec545,epochfix-70250d9d127272bea7d9,5.510955915984697,6.380194993920685,DS3,persistent,False,True,True
texbat-DS3-cmte-reconstructed,176.5,176.5,175.04124732,4,0.0014925373134328,0.0014925373134328,2692.1209295497765,3173.40688405983,6.507277712385036,6.507277712385036,6.507277712385036,4.024885744993069,0.17261823999999137,0.3744871800000027,0.45875268000000347,3f9161e15cce1136d28ea58c1961285fd9627d982ecfae8f37710881bbbec545,epochfix-70250d9d127272bea7d9,5.742654849422624,6.456149697379043,DS3,persistent,False,True,True
texbat-DS3-cmte-reconstructed,177.0,177.0,175.54124732,4,0.0014925373134328,0.0014925373134328,2702.1685423937033,3223.513377437437,6.507277712385036,6.507277712385036,6.507277712385036,3.99479831313095,0.17261823999999137,0.3744871800000027,0.45875268000000347,3f9161e15cce1136d28ea58c1961285fd9627d982ecfae8f37710881bbbec545,epochfix-70250d9d127272bea7d9,5.916429049501068,6.475138373243633,DS3,persistent,False,True,True
texbat-DS3-cmte-reconstructed,177.5,177.5,176.04124732,4,0.0014925373134328,0.0014925373134328,2700.7825580700555,3248.6031907895995,6.507277712385036,6.507277712385036,6.507277712385036,3.957063814241775,0.17261823999999137,0.3744871800000027,0.45875268000000347,3f9161e15cce1136d28ea58c1961285fd9627d982ecfae8f37710881bbbec545,epochfix-70250d9d127272bea7d9,6.046759699559901,6.4798855422097805,DS3,persistent,False,True,True
texbat-DS3-cmte-reconstructed,178.0,178.0,176.54124732,4,0.0014925373134328,0.0014925373134328,2730.154486238247,3240.6445724668592,6.507277712385036,6.507277712385036,6.507277712385036,3.923000007285682,0.17261823999999137,0.3744871800000027,0.45875268000000347,3f9161e15cce1136d28ea58c1961285fd9627d982ecfae8f37710881bbbec545,epochfix-70250d9d127272bea7d9,6.144507687104027,6.4810723344513175,DS3,persistent,False,True,True
texbat-DS3-cmte-reconstructed,178.5,178.5,177.04124732,4,0.0014925373134328,0.0014925373134328,2758.6469001696923,3253.6295075358,6.507277712385036,6.507277712385036,6.507277712385036,3.902690016850656,0.17261823999999137,0.3744871800000027,0.45875268000000347,3f9161e15cce1136d28ea58c1961285fd9627d982ecfae8f37710881bbbec545,epochfix-70250d9d127272bea7d9,6.2178186777621205,6.481369032511701,DS3,persistent,False,True,True
texbat-DS3-cmte-reconstructed,179.0,179.0,177.54124732,4,0.0014925373134328,0.0014925373134328,2773.6684194949326,3240.1213603076994,6.507277712385036,6.507277712385036,6.507277712385036,3.866274257903868,0.17261823999999137,0.3744871800000027,0.45875268000000347,3f9161e15cce1136d28ea58c1961285fd9627d982ecfae8f37710881bbbec545,epochfix-70250d9d127272bea7d9,6.272801920755691,6.481443207026797,DS3,persistent,False,True,True
texbat-DS3-cmte-reconstructed,179.5,179.5,178.04124732,4,0.0014925373134328,0.0014925373134328,2761.3786533693133,3232.40498735591,6.507277712385036,6.507277712385036,6.507277712385036,3.853510312322504,0.17261823999999137,0.3744871800000027,0.45875268000000347,3f9161e15cce1136d28ea58c1961285fd9627d982ecfae8f37710881bbbec545,epochfix-70250d9d127272bea7d9,6.314039353000869,6.481461750655571,DS3,persistent,False,True,True
texbat-DS3-cmte-reconstructed,180.0,180.0,178.54124732,4,0.0014925373134328,0.0014925373134328,2770.143175142088,3267.2693911991955,6.507277712385036,6.507277712385036,6.507277712385036,3.880169454919781,0.17261823999999137,0.3744871800000027,0.45875268000000347,3f9161e15cce1136d28ea58c1961285fd9627d982ecfae8f37710881bbbec545,epochfix-70250d9d127272bea7d9,6.344967427184752,6.481466386562765,DS3,persistent,False,True,True
texbat-DS3-cmte-reconstructed,180.5,180.5,179.04124732,4,0.0014925373134328,0.0014925373134328,2803.044832094343,3295.1714373649597,6.507277712385036,6.507277712385036,6.507277712385036,3.8834934413165616,0.17261823999999137,0.3744871800000027,0.45875268000000347,3f9161e15cce1136d28ea58c1961285fd9627d982ecfae8f37710881bbbec545,epochfix-70250d9d127272bea7d9,6.3681634828226645,6.481467545539563,DS3,persistent,False,True,True
texbat-DS3-cmte-reconstructed,181.0,181.0,179.54124732,3,0.0014925373134328,0.0014925373134328,2694.897011417623,2946.2730278983654,6.507277712385036,6.507277712385036,6.507277712385036,3.605485360446113,0.37225552000001016,0.3767188399999952,0.45875268000000347,5a147245fbabfc32fa81277a7c69c32147dfe9f4a882f87e17d0b56cd709b490,epochfix-e99e008c4908989b840c,5.983201046442574,5.266192598059044,DS3,persistent,False,True,True
texbat-DS3-cmte-reconstructed,181.5,181.5,180.04124732,3,0.0014925373134328,0.0014925373134328,2670.8531032332066,2814.104142300711,6.507277712385036,6.507277712385036,6.507277712385036,3.540065529525265,0.37225552000001016,0.3767188399999952,0.45875268000000347,5a147245fbabfc32fa81277a7c69c32147dfe9f4a882f87e17d0b56cd709b490,epochfix-e99e008c4908989b840c,5.694479219157506,4.962373861188915,DS3,persistent,False,True,True
texbat-DS3-cmte-reconstructed,182.0,182.0,180.54124732,3,0.0014925373134328,0.0014925373134328,2578.9517146103362,2683.341074790256,6.507277712385036,6.507277712385036,6.507277712385036,3.47130501560995,0.37225552000001016,0.3767188399999952,0.45875268000000347,5a147245fbabfc32fa81277a7c69c32147dfe9f4a882f87e17d0b56cd709b490,epochfix-e99e008c4908989b840c,5.4779378486937045,4.8864191769713825,DS3,persistent,False,True,True
texbat-DS3-cmte-reconstructed,182.5,182.5,181.04124732,3,0.0014925373134328,0.0014925373134328,2544.290767297656,2721.828695012133,6.507277712385036,6.507277712385036,6.507277712385036,3.452402277045246,0.37225552000001016,0.3767188399999952,0.45875268000000347,5a147245fbabfc32fa81277a7c69c32147dfe9f4a882f87e17d0b56cd709b490,epochfix-e99e008c4908989b840c,5.3155318208458535,4.8674305059169996,DS3,persistent,False,True,True
texbat-DS3-cmte-reconstructed,183.0,183.0,181.54124732,3,0.0014925373134328,0.0014925373134328,2549.7186223436725,2751.5325660072376,6.507277712385036,6.507277712385036,6.507277712385036,3.495202264829036,0.37225552000001016,0.3767188399999952,0.45875268000000347,5a147245fbabfc32fa81277a7c69c32147dfe9f4a882f87e17d0b56cd709b490,epochfix-e99e008c4908989b840c,5.193727299959965,4.862683338153404,DS3,persistent,False,True,True
texbat-DS3-cmte-reconstructed,183.5,183.5,182.04124732,3,0.0014925373134328,0.0014925373134328,2459.054635845209,2725.085412421351,6.507277712385036,6.507277712385036,6.507277712385036,3.532166183857881,0.37225552000001016,0.3767188399999952,0.45875268000000347,5a147245fbabfc32fa81277a7c69c32147dfe9f4a882f87e17d0b56cd709b490,epochfix-e99e008c4908989b840c,5.102373909295549,4.861496546212504,DS3,persistent,False,True,True
texbat-DS3-cmte-reconstructed,184.0,184.0,182.54124732,3,0.0014925373134328,0.0014925373134328,2384.2027239603162,2791.6852696402684,6.507277712385036,6.507277712385036,6.507277712385036,3.643709247054213,0.37225552000001016,0.3767188399999952,0.45875268000000347,5a147245fbabfc32fa81277a7c69c32147dfe9f4a882f87e17d0b56cd709b490,epochfix-e99e008c4908989b840c,5.033858866297237,4.86119984822728,DS3,persistent,False,True,True
texbat-DS3-cmte-reconstructed,184.5,184.5,183.04124732,3,0.0014925373134328,0.0014925373134328,2365.390151128876,2915.1149379457547,6.507277712385036,6.507277712385036,6.507277712385036,3.690351806635297,0.37225552000001016,0.3767188399999952,0.45875268000000347,5a147245fbabfc32fa81277a7c69c32147dfe9f4a882f87e17d0b56cd709b490,epochfix-e99e008c4908989b840c,4.982472584048503,4.861125673730974,DS3,persistent,False,True,True
texbat-DS3-cmte-reconstructed,185.0,185.0,183.54124732,3,0.0014925373134328,0.0014925373134328,2252.5699678135866,2936.8000772174,6.507277712385036,6.507277712385036,6.507277712385036,3.6836230983436433,0.37225552000001016,0.3767188399999952,0.45875268000000347,5a147245fbabfc32fa81277a7c69c32147dfe9f4a882f87e17d0b56cd709b490,epochfix-e99e008c4908989b840c,4.943932872361953,4.861107130106897,DS3,persistent,False,True,True
texbat-DS3-cmte-reconstructed,185.5,185.5,184.04124732,3,0.0014925373134328,0.0014925373134328,2190.621892141769,2930.54111648224,6.507277712385036,6.507277712385036,6.507277712385036,3.730001865451885,0.37225552000001016,0.3767188399999952,0.45875268000000347,5a147245fbabfc32fa81277a7c69c32147dfe9f4a882f87e17d0b56cd709b490,epochfix-e99e008c4908989b840c,4.91502808859704,4.861102494200878,DS3,persistent,False,True,True
texbat-DS3-cmte-reconstructed,186.0,186.0,184.54124732,3,0.0014925373134328,0.0014925373134328,2224.6930497459252,2948.25654927297,6.507277712385036,6.507277712385036,6.507277712385036,3.771061211152457,0.37225552000001016,0.3767188399999952,0.45875268000000347,5a147245fbabfc32fa81277a7c69c32147dfe9f4a882f87e17d0b56cd709b490,epochfix-e99e008c4908989b840c,4.893349500773356,4.861101335224373,DS3,persistent,False,True,True
texbat-DS3-cmte-reconstructed,186.5,186.5,185.04124732,4,0.0014925373134328,0.0014925373134328,2498.878379108087,3031.1661484571923,6.507277712385036,6.507277712385036,6.507277712385036,3.871125495883379,0.24173315999999545,0.3744871800000027,0.45875268000000347,09c530a84c7edd5da8653d4bdcd7817e8424c43e2e92ccad3fa8ba998e552c8d,epochfix-68139fa508667aa68570,5.279450038014117,6.076376282704965,DS3,persistent,False,True,True
texbat-DS3-cmte-reconstructed,187.0,187.0,185.54124732,4,0.0014925373134328,0.0014925373134328,2600.2605299761444,2997.7941860444607,6.507277712385036,6.507277712385036,6.507277712385036,3.830279874013202,0.24173315999999545,0.3744871800000027,0.45875268000000347,09c530a84c7edd5da8653d4bdcd7817e8424c43e2e92ccad3fa8ba998e552c8d,epochfix-68139fa508667aa68570,5.569025440944688,6.380195019575114,DS3,persistent,False,True,True
texbat-DS3-cmte-reconstructed,187.5,187.5,186.04124732,5,0.0014925373134328,0.0014925373134328,2241.6393320846305,3381.6305185628817,6.046760693786223,6.507277712385036,6.046760693786223,4.0704214880486775,0.1263100399999928,0.37225552000001016,0.45875268000000347,dfcac9ec31dd80478d9110eac085ae28aa725aea9f6a8b839c113d2473e7ea5b,epochfix-83e2fde223f589e637e1,6.188566471251141,7.671424941017369,DS3,persistent,False,True,True
texbat-DS3-cmte-reconstructed,188.0,188.0,186.54124732,5,0.0014925373134328,0.0014925373134328,2415.0834324919715,4333.320525586529,6.14892581853942,6.507277712385036,6.14892581853942,4.232703890796089,0.1263100399999928,0.37225552000001016,0.45875268000000347,dfcac9ec31dd80478d9110eac085ae28aa725aea9f6a8b839c113d2473e7ea5b,epochfix-83e2fde223f589e637e1,6.653222243980981,7.994232421377932,DS3,persistent,False,True,True
texbat-DS3-cmte-reconstructed,188.5,188.5,187.04124732,5,0.0014925373134328,0.0014925373134328,2590.0444054492846,4655.01536380102,6.14892581853942,6.507277712385036,6.14892581853942,3.864977087973412,0.1263100399999928,0.37225552000001016,0.45875268000000347,dfcac9ec31dd80478d9110eac085ae28aa725aea9f6a8b839c113d2473e7ea5b,epochfix-83e2fde223f589e637e1,7.001714073528361,8.074934291468074,DS3,persistent,False,True,True
texbat-DS3-cmte-reconstructed,189.0,189.0,187.54124732,5,0.0014925373134328,0.0014925373134328,2916.316497560953,5227.986024064281,6.046760693786223,6.507277712385036,6.046760693786223,3.6670778330699942,0.1263100399999928,0.37225552000001016,0.45875268000000347,dfcac9ec31dd80478d9110eac085ae28aa725aea9f6a8b839c113d2473e7ea5b,epochfix-83e2fde223f589e637e1,7.263082945688896,8.095109758990608,DS3,persistent,False,True,True
texbat-DS3-cmte-reconstructed,189.5,189.5,188.04124732,5,0.0014925373134328,0.0014925373134328,3215.939736120848,5511.349691887175,6.046760693786223,6.507277712385036,6.046760693786223,3.604779926943458,0.1263100399999928,0.37225552000001016,0.45875268000000347,dfcac9ec31dd80478d9110eac085ae28aa725aea9f6a8b839c113d2473e7ea5b,epochfix-83e2fde223f589e637e1,7.459109599809297,8.100153625871242,DS3,persistent,False,True,True
texbat-DS3-cmte-reconstructed,190.0,190.0,188.54124732,5,0.0014925373134328,0.0014925373134328,3105.475666221481,5117.663491655555,6.046760693786223,6.507277712385036,6.046760693786223,3.628703721063992,0.1263100399999928,0.37225552000001016,0.45875268000000347,dfcac9ec31dd80478d9110eac085ae28aa725aea9f6a8b839c113d2473e7ea5b,epochfix-83e2fde223f589e637e1,7.606129590399599,8.1014145925914,DS3,persistent,False,True,True
texbat-DS3-cmte-reconstructed,190.5,190.5,189.04124732,5,0.0014925373134328,0.0014925373134328,3126.7084328749547,5229.375602170234,6.046760693786223,6.507277712385036,6.046760693786223,4.394694360230142,0.1263100399999928,0.37225552000001016,0.45875268000000347,dfcac9ec31dd80478d9110eac085ae28aa725aea9f6a8b839c113d2473e7ea5b,epochfix-83e2fde223f589e637e1,7.716394583342325,8.10172983427144,DS3,persistent,False,True,True
texbat-DS3-cmte-reconstructed,191.0,191.0,189.54124732,5,0.0014925373134328,0.0014925373134328,3182.913386870321,6420.381377870313,5.994287840892724,6.507277712385036,5.994287840892724,4.418248898419809,0.1263100399999928,0.37225552000001016,0.45875268000000347,dfcac9ec31dd80478d9110eac085ae28aa725aea9f6a8b839c113d2473e7ea5b,epochfix-83e2fde223f589e637e1,7.799093328049369,8.10180864469145,DS3,persistent,False,True,True
texbat-DS3-cmte-reconstructed,191.5,191.5,190.04124732,5,0.0014925373134328,0.0014925373134328,2682.3032318410433,5234.662799047261,6.046760693786223,6.507277712385036,6.046760693786223,3.5294075254777533,0.1263100399999928,0.37225552000001016,0.45875268000000347,dfcac9ec31dd80478d9110eac085ae28aa725aea9f6a8b839c113d2473e7ea5b,epochfix-83e2fde223f589e637e1,7.861117386579652,8.101828347296452,DS3,persistent,False,True,True
texbat-DS3-cmte-reconstructed,192.0,192.0,190.54124732,5,0.0014925373134328,0.0014925373134328,2495.7141682355596,5505.6174685504975,6.046760693786223,6.507277712385036,6.046760693786223,3.4184938888456324,0.1263100399999928,0.37225552000001016,0.45875268000000347,dfcac9ec31dd80478d9110eac085ae28aa725aea9f6a8b839c113d2473e7ea5b,epochfix-83e2fde223f589e637e1,7.907635430477365,8.101833272947703,DS3,persistent,False,True,True
texbat-DS3-cmte-reconstructed,192.5,192.5,191.04124732,5,0.0014925373134328,0.0014925373134328,2216.970374767945,4727.395183900802,6.046760693786223,6.507277712385036,6.046760693786223,3.3955812702770176,0.1263100399999928,0.37225552000001016,0.45875268000000347,dfcac9ec31dd80478d9110eac085ae28aa725aea9f6a8b839c113d2473e7ea5b,epochfix-83e2fde223f589e637e1,7.9425239634006495,8.101834504360516,DS3,persistent,False,True,True
texbat-DS3-cmte-reconstructed,193.0,193.0,191.54124732,4,0.0014925373134328,0.0014925373134328,1657.0793417786936,2877.336395743784,5.9316314391365195,6.507277712385036,5.9316314391365195,3.471406907221235,0.1263100399999928,0.3744871800000027,0.45875268000000347,ef683d2934f5abe49c1b7212b225531f3d833ebd94811880e50c1a70528b1dd5,epochfix-95eba128ce1c515a6526,7.566330884984588,6.8865595749890005,DS3,persistent,False,True,True
texbat-DS3-cmte-reconstructed,193.5,193.5,192.04124732,5,0.0014925373134328,0.0014925373134328,1601.3837627115738,2566.8185996563634,6.091389404049066,6.507277712385036,6.091389404049066,3.4925431438907277,0.04699623999999858,0.37225552000001016,0.45875268000000347,77f5c877bc334a8068105986160e15e1f60aa89ca839088cee3e01783c0ac044,epochfix-93d8edec20899c53fe77,7.686545554281066,7.79801607987084,DS3,persistent,False,True,True
texbat-DS3-cmte-reconstructed,194.0,194.0,192.54124732,5,0.0014925373134328,0.0014925373134328,1589.6756278177886,2623.306876726121,6.046760693786222,6.507277712385036,6.046760693786222,3.720504916498233,0.04699623999999858,0.37225552000001016,0.45875268000000347,77f5c877bc334a8068105986160e15e1f60aa89ca839088cee3e01783c0ac044,epochfix-93d8edec20899c53fe77,7.7767065562534246,8.0258802060913,DS3,persistent,False,True,True
texbat-DS3-cmte-reconstructed,194.5,194.5,193.04124732,5,0.0014925373134328,0.0014925373134328,1705.113425527028,3273.608782326952,6.046760693786222,6.507277712385036,6.046760693786222,3.834308394949837,0.04699623999999858,0.37225552000001016,0.45875268000000347,77f5c877bc334a8068105986160e15e1f60aa89ca839088cee3e01783c0ac044,epochfix-93d8edec20899c53fe77,7.844327307732694,8.082846237646415,DS3,persistent,False,True,True
texbat-DS3-cmte-reconstructed,195.0,195.0,193.54124732,5,0.0014925373134328,0.0014925373134328,1659.8747936050052,3203.638910058404,6.091389404049066,6.507277712385036,6.091389404049066,3.808917832047055,0.04699623999999858,0.37225552000001016,0.45875268000000347,77f5c877bc334a8068105986160e15e1f60aa89ca839088cee3e01783c0ac044,epochfix-93d8edec20899c53fe77,7.895042871342146,8.097087745535195,DS3,persistent,False,True,True
texbat-DS3-cmte-reconstructed,195.5,195.5,194.04124732,5,0.0014925373134328,0.0014925373134328,1584.118488276071,2935.2611112759146,6.046760693786222,6.507277712385036,6.046760693786222,3.799305862335874,0.04699623999999858,0.37225552000001016,0.45875268000000347,77f5c877bc334a8068105986160e15e1f60aa89ca839088cee3e01783c0ac044,epochfix-93d8edec20899c53fe77,7.933079544049235,8.100648122507389,DS3,persistent,False,True,True
texbat-DS3-cmte-reconstructed,196.0,196.0,194.54124732,5,0.0014925373134328,0.0014925373134328,1608.170087081417,2860.2287974532373,6.046760693786222,6.507277712385036,6.046760693786222,4.019463849049592,0.04699623999999858,0.37225552000001016,0.45875268000000347,77f5c877bc334a8068105986160e15e1f60aa89ca839088cee3e01783c0ac044,epochfix-93d8edec20899c53fe77,7.961607048579552,8.101538216750438,DS3,persistent,False,True,True
texbat-DS3-cmte-reconstructed,196.5,196.5,195.04124732,4,0.0014925373134328,0.0014925373134328,2028.2393552540186,2758.778563265717,6.507277712385036,6.507277712385036,6.507277712385036,3.972703034396469,0.04699623999999858,0.3744871800000027,0.45875268000000347,48f723c1d7752e53a2b494d12a690561d28ca122f9c9779573593c52d76ae6c2,epochfix-b26a5ce183626ca8497b,7.580643198868764,6.886485503086481,DS3,persistent,False,True,True
texbat-DS3-cmte-reconstructed,197.0,197.0,195.54124732,4,0.0014925373134328,0.0014925373134328,2081.9792292721136,2516.7096577034977,6.507277712385036,6.507277712385036,6.507277712385036,3.97362015037378,0.04699623999999858,0.3744871800000027,0.45875268000000347,48f723c1d7752e53a2b494d12a690561d28ca122f9c9779573593c52d76ae6c2,epochfix-b26a5ce183626ca8497b,7.294920311585674,6.582722324670492,DS3,persistent,False,True,True
texbat-DS3-cmte-reconstructed,197.5,197.5,196.04124732,4,0.0014925373134328,0.0014925373134328,2300.012101273166,2867.5185609015443,6.507277712385036,6.507277712385036,6.507277712385036,4.183242880745786,0.04699623999999858,0.3744871800000027,0.45875268000000347,48f723c1d7752e53a2b494d12a690561d28ca122f9c9779573593c52d76ae6c2,epochfix-b26a5ce183626ca8497b,7.080628146123356,6.506781530066495,DS3,persistent,False,True,True
texbat-DS3-cmte-reconstructed,198.0,198.0,196.54124732,4,0.0014925373134328,0.0014925373134328,2466.771111695217,3066.2584566978367,6.507277712385036,6.507277712385036,6.507277712385036,4.093184378746274,0.04699623999999858,0.3744871800000027,0.45875268000000347,48f723c1d7752e53a2b494d12a690561d28ca122f9c9779573593c52d76ae6c2,epochfix-b26a5ce183626ca8497b,6.9199090220266175,6.487796331415495,DS3,persistent,False,True,True
texbat-DS3-cmte-reconstructed,198.5,198.5,197.04124732,4,0.0014925373134328,0.0014925373134328,2565.9853306363448,3461.458475252818,6.507277712385036,6.507277712385036,6.507277712385036,4.166932374123228,0.04699623999999858,0.3744871800000027,0.45875268000000347,48f723c1d7752e53a2b494d12a690561d28ca122f9c9779573593c52d76ae6c2,epochfix-b26a5ce183626ca8497b,6.799369678954064,6.483050031752746,DS3,persistent,False,True,True
texbat-DS3-cmte-reconstructed,199.0,199.0,197.54124732,4,0.0014925373134328,0.0014925373134328,2621.8360313002613,3729.3020156336297,6.507277712385036,6.507277712385036,6.507277712385036,4.282009472963381,0.04699623999999858,0.3744871800000027,0.45875268000000347,48f723c1d7752e53a2b494d12a690561d28ca122f9c9779573593c52d76ae6c2,epochfix-b26a5ce183626ca8497b,6.708965171649648,6.481863456837059,DS3,persistent,False,True,True
texbat-DS3-cmte-reconstructed,199.5,199.5,198.04124732,4,0.0014925373134328,0.0014925373134328,2689.2879785992063,3982.556739735981,6.507277712385036,6.507277712385036,6.507277712385036,4.303096058471831,0.04699623999999858,0.3744871800000027,0.45875268000000347,48f723c1d7752e53a2b494d12a690561d28ca122f9c9779573593c52d76ae6c2,epochfix-b26a5ce183626ca8497b,6.641161791171337,6.481566813108136,DS3,persistent,False,True,True
texbat-DS3-cmte-reconstructed,200.0,200.0,198.54124732,4,0.0014925373134328,0.0014925373134328,2726.5912095413023,4020.364905933495,6.507277712385036,6.507277712385036,6.507277712385036,4.249906137929685,0.04699623999999858,0.3744871800000027,0.45875268000000347,48f723c1d7752e53a2b494d12a690561d28ca122f9c9779573593c52d76ae6c2,epochfix-b26a5ce183626ca8497b,6.5903092558126035,6.4814926521759055,DS3,persistent,False,True,True
texbat-DS3-cmte-reconstructed,200.5,200.5,199.04124732,4,0.0014925373134328,0.0014925373134328,2701.2762343335116,3837.483371359034,6.507277712385036,6.507277712385036,6.507277712385036,4.27444449629786,0.04699623999999858,0.3744871800000027,0.45875268000000347,48f723c1d7752e53a2b494d12a690561d28ca122f9c9779573593c52d76ae6c2,epochfix-b26a5ce183626ca8497b,6.552169854293553,6.481474111942848,DS3,persistent,False,True,True
texbat-DS3-cmte-reconstructed,201.0,201.0,199.54124732,4,0.0014925373134328,0.0014925373134328,2770.1675838148476,4079.106986425063,6.507277712385036,6.507277712385036,6.507277712385036,4.274247265715975,0.04699623999999858,0.3744871800000027,0.45875268000000347,48f723c1d7752e53a2b494d12a690561d28ca122f9c9779573593c52d76ae6c2,epochfix-b26a5ce183626ca8497b,6.523565303154266,6.481469476884584,DS3,persistent,False,True,True
texbat-DS3-cmte-reconstructed,201.5,201.5,200.04124732,4,0.0014925373134328,0.0014925373134328,2724.35328571024,4088.073650832892,6.507277712385036,6.507277712385036,6.507277712385036,4.212348115272804,0.04699623999999858,0.3744871800000027,0.45875268000000347,48f723c1d7752e53a2b494d12a690561d28ca122f9c9779573593c52d76ae6c2,epochfix-b26a5ce183626ca8497b,6.5021118897998,6.481468318120018,DS3,persistent,False,True,True
texbat-DS3-cmte-reconstructed,202.0,202.0,200.54124732,4,0.0014925373134328,0.0014925373134328,2603.266341467893,3540.4095572830065,6.507277712385036,6.507277712385036,6.507277712385036,4.164845285346583,0.04699623999999858,0.3744871800000027,0.45875268000000347,48f723c1d7752e53a2b494d12a690561d28ca122f9c9779573593c52d76ae6c2,epochfix-b26a5ce183626ca8497b,6.486021829783951,6.481468028428877,DS3,persistent,False,True,True
texbat-DS3-cmte-reconstructed,202.5,202.5,201.04124732,4,0.0014925373134328,0.0014925373134328,2464.3531970751787,2953.362127082244,6.507277712385036,6.507277712385036,6.507277712385036,4.126823660208258,0.04699623999999858,0.3744871800000027,0.45875268000000347,48f723c1d7752e53a2b494d12a690561d28ca122f9c9779573593c52d76ae6c2,epochfix-b26a5ce183626ca8497b,6.473954284772064,6.481467956006091,DS3,persistent,False,True,True
texbat-DS3-cmte-reconstructed,203.0,203.0,201.54124732,4,0.0014925373134328,0.0014925373134328,2402.203882517023,2649.148141390073,6.507277712385036,6.507277712385036,6.507277712385036,4.143838313301757,0.04699623999999858,0.3744871800000027,0.45875268000000347,48f723c1d7752e53a2b494d12a690561d28ca122f9c9779573593c52d76ae6c2,epochfix-b26a5ce183626ca8497b,6.4649036260131485,6.481467937900394,DS3,persistent,False,True,True
texbat-DS3-cmte-reconstructed,203.5,203.5,202.04124732,4,0.0014925373134328,0.0014925373134328,2261.5402961669797,2500.8924163334677,6.507277712385036,6.507277712385036,6.507277712385036,4.101675899947804,0.04699623999999858,0.3744871800000027,0.45875268000000347,48f723c1d7752e53a2b494d12a690561d28ca122f9c9779573593c52d76ae6c2,epochfix-b26a5ce183626ca8497b,6.458115631943962,6.48146793337397,DS3,persistent,False,True,True
texbat-DS3-cmte-reconstructed,204.0,204.0,202.54124732,4,0.0014925373134328,0.0014925373134328,2098.293113898116,2495.4508085616058,6.507277712385036,6.507277712385036,6.507277712385036,4.028077571394332,0.04699623999999858,0.3744871800000027,0.45875268000000347,48f723c1d7752e53a2b494d12a690561d28ca122f9c9779573593c52d76ae6c2,epochfix-b26a5ce183626ca8497b,6.4530246363920725,6.4814679322423645,DS3,persistent,False,True,True
texbat-DS3-cmte-reconstructed,204.5,204.5,203.04124732,4,0.0014925373134328,0.0014925373134328,1967.1585694434862,2509.8034193905755,6.507277712385036,6.507277712385036,6.507277712385036,4.01253484207215,0.04699623999999858,0.3744871800000027,0.45875268000000347,48f723c1d7752e53a2b494d12a690561d28ca122f9c9779573593c52d76ae6c2,epochfix-b26a5ce183626ca8497b,6.449206389728155,6.481467931959463,DS3,persistent,False,True,True
texbat-DS3-cmte-reconstructed,205.0,205.0,203.54124732,4,0.0014925373134328,0.0014925373134328,1812.670865014622,2517.715154997662,6.507277712385036,6.507277712385036,6.507277712385036,4.008650654596616,0.04699623999999858,0.3744871800000027,0.45875268000000347,48f723c1d7752e53a2b494d12a690561d28ca122f9c9779573593c52d76ae6c2,epochfix-b26a5ce183626ca8497b,6.446342704730217,6.481467931888737,DS3,persistent,False,True,True
texbat-DS3-cmte-reconstructed,205.5,205.5,204.04124732,4,0.0014925373134328,0.0014925373134328,1757.488065054989,2485.118427044797,6.507277712385036,6.507277712385036,6.507277712385036,4.123227318609899,0.04699623999999858,0.3744871800000027,0.45875268000000347,48f723c1d7752e53a2b494d12a690561d28ca122f9c9779573593c52d76ae6c2,epochfix-b26a5ce183626ca8497b,6.444194940981763,6.481467931871056,DS3,persistent,False,True,True
texbat-DS3-cmte-reconstructed,206.0,206.0,204.54124732,4,0.0014925373134328,0.0014925373134328,1697.1951528211625,2491.9356299706114,6.507277712385036,6.507277712385036,6.507277712385036,4.158772330868527,0.04699623999999858,0.3744871800000027,0.45875268000000347,48f723c1d7752e53a2b494d12a690561d28ca122f9c9779573593c52d76ae6c2,epochfix-b26a5ce183626ca8497b,6.442584118170423,6.481467931866636,DS3,persistent,False,True,True
texbat-DS3-cmte-reconstructed,206.5,206.5,205.04124732,4,0.0014925373134328,0.0014925373134328,1765.7698203768298,2583.957492443771,6.33399091724505,6.507277712385036,6.33399091724505,4.1595840748864585,0.04699623999999858,0.3744871800000027,0.45875268000000347,48f723c1d7752e53a2b494d12a690561d28ca122f9c9779573593c52d76ae6c2,epochfix-b26a5ce183626ca8497b,6.441376001061918,6.481467931865531,DS3,persistent,False,True,True
texbat-DS3-cmte-reconstructed,207.0,207.0,205.54124732,4,0.0014925373134328,0.0014925373134328,1930.2132399289271,2769.13382787264,6.160704122105059,6.507277712385036,6.160704122105059,4.1967776465585525,0.04699623999999858,0.3744871800000027,0.45875268000000347,48f723c1d7752e53a2b494d12a690561d28ca122f9c9779573593c52d76ae6c2,epochfix-b26a5ce183626ca8497b,6.4404699132305385,6.481467931865255,DS3,persistent,False,True,True
texbat-DS3-cmte-reconstructed,207.5,207.5,206.04124732,4,0.0014925373134328,0.0014925373134328,2001.860020571694,2785.5616265172125,6.059337845078017,6.507277712385036,6.059337845078017,4.218174160474831,0.04699623999999858,0.3744871800000027,0.45875268000000347,48f723c1d7752e53a2b494d12a690561d28ca122f9c9779573593c52d76ae6c2,epochfix-b26a5ce183626ca8497b,6.439790347357005,6.481467931865185,DS3,persistent,False,True,True
texbat-DS3-cmte-reconstructed,208.0,208.0,206.54124732,4,0.0014925373134328,0.0014925373134328,2007.651748381213,2919.0069412702314,6.059337845078017,6.507277712385036,6.059337845078017,4.257843506146767,0.04699623999999858,0.3744871800000027,0.45875268000000347,48f723c1d7752e53a2b494d12a690561d28ca122f9c9779573593c52d76ae6c2,epochfix-b26a5ce183626ca8497b,6.439280672951854,6.4814679318651685,DS3,persistent,False,True,True
texbat-DS3-cmte-reconstructed,208.5,208.5,207.04124732,4,0.0014925373134328,0.0014925373134328,2107.8898701066346,3230.3221060039705,6.33399091724505,6.507277712385036,6.33399091724505,4.327625133540312,0.04699623999999858,0.3744871800000027,0.45875268000000347,48f723c1d7752e53a2b494d12a690561d28ca122f9c9779573593c52d76ae6c2,epochfix-b26a5ce183626ca8497b,6.438898417147992,6.481467931865164,DS3,persistent,False,True,True
texbat-DS3-cmte-reconstructed,209.0,209.0,207.54124732,5,0.0014925373134328,0.0014925373134328,2191.042971750986,3735.927797461625,6.507277712385036,6.507277712385036,6.507277712385036,4.651141721955487,0.04699623999999858,0.37225552000001016,0.45875268000000347,6e717eb242fdb4840928d28b18fc9d65f6dea53dd5cf9b551a92ca5551428e0d,epochfix-220fbe3e302031e0c893,6.840971203403619,7.696743169089881,DS3,persistent,False,True,True
texbat-DS3-cmte-reconstructed,209.5,209.5,208.04124732,5,0.0014925373134328,0.0014925373134328,2179.2297385791994,3530.743846597423,6.507277712385036,6.507277712385036,6.507277712385036,4.445184023980137,0.04699623999999858,0.37225552000001016,0.45875268000000347,6e717eb242fdb4840928d28b18fc9d65f6dea53dd5cf9b551a92ca5551428e0d,epochfix-220fbe3e302031e0c893,7.14252579309534,8.00056197839606,DS3,persistent,False,True,True
texbat-DS3-cmte-reconstructed,210.0,210.0,208.54124732,5,0.0014925373134328,0.0014925373134328,2108.8324971829616,2818.136899329216,6.507277712385036,6.507277712385036,6.507277712385036,3.83033182258115,0.04699623999999858,0.37225552000001016,0.45875268000000347,6e717eb242fdb4840928d28b18fc9d65f6dea53dd5cf9b551a92ca5551428e0d,epochfix-220fbe3e302031e0c893,7.368691735364131,8.076516680722605,DS3,persistent,False,True,True
texbat-DS3-cmte-reconstructed,210.5,210.5,209.04124732,5,0.0014925373134328,0.0014925373134328,2050.2382328622098,2303.564880452631,6.507277712385036,6.507277712385036,6.507277712385036,3.856169496403124,0.04699623999999858,0.37225552000001016,0.45875268000000347,6e717eb242fdb4840928d28b18fc9d65f6dea53dd5cf9b551a92ca5551428e0d,epochfix-220fbe3e302031e0c893,7.538316192065723,8.09550535630424,DS3,persistent,False,True,True
texbat-DS3-cmte-reconstructed,211.0,211.0,209.54124732,5,0.0014925373134328,0.0014925373134328,1936.4244152585948,2255.832492308286,6.507277712385036,6.507277712385036,6.507277712385036,4.009248155593035,0.04699623999999858,0.37225552000001016,0.45875268000000347,6e717eb242fdb4840928d28b18fc9d65f6dea53dd5cf9b551a92ca5551428e0d,epochfix-220fbe3e302031e0c893,7.665534534591918,8.10025252519965,DS3,persistent,False,True,True
texbat-DS3-cmte-reconstructed,211.5,211.5,210.04124732,5,0.0014925373134328,0.0014925373134328,1892.0967541550697,2223.047239583735,6.507277712385036,6.507277712385036,6.507277712385036,4.131271891157401,0.04699623999999858,0.37225552000001016,0.45875268000000347,6e717eb242fdb4840928d28b18fc9d65f6dea53dd5cf9b551a92ca5551428e0d,epochfix-220fbe3e302031e0c893,7.760948291486564,8.101439317423502,DS3,persistent,False,True,True
texbat-DS3-cmte-reconstructed,212.0,212.0,210.54124732,5,0.0014925373134328,0.0014925373134328,1902.1464896574253,2322.461549441601,6.507277712385036,6.507277712385036,6.507277712385036,4.234740749388977,0.04699623999999858,0.37225552000001016,0.45875268000000347,6e717eb242fdb4840928d28b18fc9d65f6dea53dd5cf9b551a92ca5551428e0d,epochfix-220fbe3e302031e0c893,7.832508609157548,8.101736015479466,DS3,persistent,False,True,True
texbat-DS3-cmte-reconstructed,212.5,212.5,211.04124732,5,0.0014925373134328,0.0014925373134328,1806.511715859684,2299.3248749022227,6.507277712385036,6.507277712385036,6.507277712385036,4.235628608046548,0.04699623999999858,0.37225552000001016,0.45875268000000347,6e717eb242fdb4840928d28b18fc9d65f6dea53dd5cf9b551a92ca5551428e0d,epochfix-220fbe3e302031e0c893,7.886178847410786,8.101810189993456,DS3,persistent,False,True,True
texbat-DS3-cmte-reconstructed,213.0,213.0,211.54124732,5,0.0014925373134328,0.0014925373134328,1573.0649959435868,2187.5677622883504,6.507277712385036,6.507277712385036,6.507277712385036,4.149125983787705,0.04699623999999858,0.37225552000001016,0.45875268000000347,6e717eb242fdb4840928d28b18fc9d65f6dea53dd5cf9b551a92ca5551428e0d,epochfix-220fbe3e302031e0c893,7.926431526100715,8.101828733621954,DS3,persistent,False,True,True
texbat-DS3-cmte-reconstructed,213.5,213.5,212.04124732,5,0.0014925373134328,0.0014925373134328,1581.5335436440996,2140.4545242765025,6.507277712385036,6.507277712385036,6.507277712385036,4.066123410730896,0.04699623999999858,0.37225552000001016,0.45875268000000347,6e717eb242fdb4840928d28b18fc9d65f6dea53dd5cf9b551a92ca5551428e0d,epochfix-220fbe3e302031e0c893,7.956621035118162,8.101833369529079,DS3,persistent,False,True,True
texbat-DS3-cmte-reconstructed,214.0,214.0,212.54124732,5,0.0014925373134328,0.0014925373134328,1820.45562033036,2233.449222464541,6.507277712385036,6.507277712385036,6.507277712385036,4.174344719196319,0.04699623999999858,0.37225552000001016,0.45875268000000347,6e717eb242fdb4840928d28b18fc9d65f6dea53dd5cf9b551a92ca5551428e0d,epochfix-220fbe3e302031e0c893,7.979263166881247,8.10183452850586,DS3,persistent,False,True,True
texbat-DS3-cmte-reconstructed,214.5,214.5,213.04124732,5,0.0014925373134328,0.0014925373134328,1833.9525032354873,2300.4450934848555,6.507277712385036,6.507277712385036,6.507277712385036,4.181354549483293,0.04699623999999858,0.37225552000001016,0.45875268000000347,6e717eb242fdb4840928d28b18fc9d65f6dea53dd5cf9b551a92ca5551428e0d,epochfix-220fbe3e302031e0c893,7.996244765703561,8.101834818250055,DS3,persistent,False,True,True
texbat-DS3-cmte-reconstructed,215.0,215.0,213.54124732,5,0.0014925373134328,0.0014925373134328,1861.6940639231484,2394.871022623528,6.507277712385036,6.507277712385036,6.507277712385036,4.240046476066627,0.04699623999999858,0.37225552000001016,0.45875268000000347,6e717eb242fdb4840928d28b18fc9d65f6dea53dd5cf9b551a92ca5551428e0d,epochfix-220fbe3e302031e0c893,8.008980964820296,8.101834890686103,DS3,persistent,False,True,True
texbat-DS3-cmte-reconstructed,215.5,215.5,214.04124732,5,0.0014925373134328,0.0014925373134328,1939.295124364971,2662.595925746992,6.507277712385036,6.507277712385036,6.507277712385036,4.494849566617545,0.04699623999999858,0.37225552000001016,0.45875268000000347,6e717eb242fdb4840928d28b18fc9d65f6dea53dd5cf9b551a92ca5551428e0d,epochfix-220fbe3e302031e0c893,8.018533114157847,8.101834908795116,DS3,persistent,False,True,True
texbat-DS3-cmte-reconstructed,216.0,216.0,214.54124732,5,0.0014925373134328,0.0014925373134328,1802.9867744087237,2301.5291828960035,6.507277712385036,6.507277712385036,6.507277712385036,4.112735528652332,0.04699623999999858,0.37225552000001016,0.45875268000000347,6e717eb242fdb4840928d28b18fc9d65f6dea53dd5cf9b551a92ca5551428e0d,epochfix-220fbe3e302031e0c893,8.025697226161011,8.101834913322369,DS3,persistent,False,True,True
texbat-DS3-cmte-reconstructed,216.5,216.5,215.04124732,5,0.0014925373134328,0.0014925373134328,1868.448976123492,2372.122445678843,6.3686482762730465,6.507277712385036,6.3686482762730465,4.236780591330428,0.04699623999999858,0.37225552000001016,0.45875268000000347,6e717eb242fdb4840928d28b18fc9d65f6dea53dd5cf9b551a92ca5551428e0d,epochfix-220fbe3e302031e0c893,8.031070310163383,8.101834914454182,DS3,persistent,False,True,True
texbat-DS3-cmte-reconstructed,217.0,217.0,215.54124732,4,0.0014925373134328,0.0014925373134328,1782.2917810718425,2494.288387814233,6.1607041221050585,6.507277712385036,6.1607041221050585,4.334583681985587,0.04699623999999858,0.3744871800000027,0.45875268000000347,48f723c1d7752e53a2b494d12a690561d28ca122f9c9779573593c52d76ae6c2,epochfix-b26a5ce183626ca8497b,7.6327406450566375,6.886559677512418,DS3,persistent,False,True,True
texbat-DS3-cmte-reconstructed,217.5,217.5,216.04124732,4,0.0014925373134328,0.0014925373134328,1756.2835282130357,2519.563818248761,5.987417326965073,6.507277712385036,5.987417326965073,4.358490716842711,0.04699623999999858,0.3744871800000027,0.45875268000000347,48f723c1d7752e53a2b494d12a690561d28ca122f9c9779573593c52d76ae6c2,epochfix-b26a5ce183626ca8497b,7.333993396226579,6.582740868276977,DS3,persistent,False,True,True
texbat-DS3-cmte-reconstructed,218.0,218.0,216.54124732,4,0.0014925373134328,0.0014925373134328,1784.9896091055475,2693.799375294803,5.987417326965073,6.507277712385036,5.987417326965073,4.474462570304879,0.04699623999999858,0.3744871800000027,0.45875268000000347,48f723c1d7752e53a2b494d12a690561d28ca122f9c9779573593c52d76ae6c2,epochfix-b26a5ce183626ca8497b,7.109932959604035,6.506786165968116,DS3,persistent,False,True,True
texbat-DS3-cmte-reconstructed,218.5,218.5,217.04124732,4,0.0014925373134328,0.0014925373134328,1829.3549567033745,2854.9757167313355,5.987417326965073,6.507277712385036,5.987417326965073,4.576451016755697,0.04699623999999858,0.3744871800000027,0.45875268000000347,48f723c1d7752e53a2b494d12a690561d28ca122f9c9779573593c52d76ae6c2,epochfix-b26a5ce183626ca8497b,6.941887632137127,6.487797490390901,DS3,persistent,False,True,True
texbat-DS3-cmte-reconstructed,219.0,219.0,217.54124732,4,0.0014925373134328,0.0014925373134328,1854.149804953116,2823.09826851203,5.987417326965073,6.507277712385036,5.987417326965073,4.5604106670039934,0.04699623999999858,0.3744871800000027,0.45875268000000347,48f723c1d7752e53a2b494d12a690561d28ca122f9c9779573593c52d76ae6c2,epochfix-b26a5ce183626ca8497b,6.8158536365369455,6.483050321496597,DS3,persistent,False,True,True
texbat-DS3-cmte-reconstructed,219.5,219.5,218.04124732,4,0.0014925373134328,0.0014925373134328,1859.2480816999323,2798.498534410868,5.9316314391365195,6.507277712385036,5.9316314391365195,4.516035637481994,0.04699623999999858,0.3744871800000027,0.45875268000000347,48f723c1d7752e53a2b494d12a690561d28ca122f9c9779573593c52d76ae6c2,epochfix-b26a5ce183626ca8497b,6.721328139836809,6.481863529273021,DS3,persistent,False,True,True
texbat-DS3-cmte-reconstructed,220.0,220.0,218.54124732,4,0.0014925373134328,0.0014925373134328,1812.6702555263184,2742.3608517688417,5.9316314391365195,6.507277712385036,5.9316314391365195,4.567709256841791,0.04699623999999858,0.3744871800000027,0.45875268000000347,48f723c1d7752e53a2b494d12a690561d28ca122f9c9779573593c52d76ae6c2,epochfix-b26a5ce183626ca8497b,6.650434017311707,6.481566831217127,DS3,persistent,False,True,True
texbat-DS3-cmte-reconstructed,220.5,220.5,219.04124732,4,0.0014925373134328,0.0014925373134328,1770.426781051977,2857.4892253950293,5.9316314391365195,6.507277712385036,5.9316314391365195,4.636776150169249,0.04699623999999858,0.3744871800000027,0.45875268000000347,48f723c1d7752e53a2b494d12a690561d28ca122f9c9779573593c52d76ae6c2,epochfix-b26a5ce183626ca8497b,6.597263425417881,6.481492656703153,DS3,persistent,False,True,True
texbat-DS3-cmte-reconstructed,221.0,221.0,219.54124732,4,0.0014925373134328,0.0014925373134328,1534.7177358670976,2607.986456199682,5.9316314391365195,6.507277712385036,5.9316314391365195,4.345380040055182,0.04699623999999858,0.3744871800000027,0.45875268000000347,48f723c1d7752e53a2b494d12a690561d28ca122f9c9779573593c52d76ae6c2,epochfix-b26a5ce183626ca8497b,6.557385481497511,6.48147411307466,DS3,persistent,False,True,True
texbat-DS3-cmte-reconstructed,221.5,221.5,220.04124732,4,0.0014925373134328,0.0014925373134328,1176.5231242572258,1978.1782432145924,5.9316314391365195,6.507277712385036,5.9316314391365195,3.667911334608712,0.04699623999999858,0.3744871800000027,0.45875268000000347,48f723c1d7752e53a2b494d12a690561d28ca122f9c9779573593c52d76ae6c2,epochfix-b26a5ce183626ca8497b,6.527477023557234,6.481469477167537,DS3,persistent,False,True,True
texbat-DS3-cmte-reconstructed,222.0,222.0,220.54124732,4,0.0014925373134328,0.0014925373134328,895.7465575518971,1602.3866949382532,5.9316314391365195,6.507277712385036,5.9316314391365195,3.2362516187492694,0.04699623999999858,0.3744871800000027,0.45875268000000347,48f723c1d7752e53a2b494d12a690561d28ca122f9c9779573593c52d76ae6c2,epochfix-b26a5ce183626ca8497b,6.505045680102026,6.481468318190756,DS3,persistent,False,True,True
texbat-DS3-cmte-reconstructed,222.5,222.5,221.04124732,4,0.0014925373134328,0.00373134328358205,706.120858312378,1631.215054789551,5.585057848856542,5.814130531825082,5.585057848856542,3.2212851010862105,0.04699623999999858,0.3744871800000027,0.45875268000000347,48f723c1d7752e53a2b494d12a690561d28ca122f9c9779573593c52d76ae6c2,epochfix-b26a5ce183626ca8497b,6.48822217251062,6.481468028446561,DS3,persistent,False,True,True
texbat-DS3-cmte-reconstructed,223.0,223.0,221.54124732,4,0.0014925373134328,0.0052238805970148995,629.0348248755051,1714.0426308359838,5.4836915718295,5.611397977770997,5.4836915718295,3.256622164325673,0.04699623999999858,0.3744871800000027,0.45875268000000347,48f723c1d7752e53a2b494d12a690561d28ca122f9c9779573593c52d76ae6c2,epochfix-b26a5ce183626ca8497b,6.475604541817066,6.481467956010512,DS3,persistent,False,True,True
texbat-DS3-cmte-reconstructed,223.5,223.5,222.04124732,4,0.0014925373134328,0.0067164179104477004,671.7914246538916,1823.300414342541,5.310404776689511,5.009411575608025,5.310404776689511,3.396367226981922,0.04699623999999858,0.3744871800000027,0.45875268000000347,48f723c1d7752e53a2b494d12a690561d28ca122f9c9779573593c52d76ae6c2,epochfix-b26a5ce183626ca8497b,6.4661413187968995,6.4814679379015,DS3,persistent,False,True,True
texbat-DS3-cmte-reconstructed,224.0,224.0,222.54124732,4,0.0014925373134328,0.0052238805970148995,724.0523832334211,1951.8489089713053,5.611397977770997,5.611397977770997,5.611397977770997,3.626679951887903,0.04699623999999858,0.3744871800000027,0.45875268000000347,48f723c1d7752e53a2b494d12a690561d28ca122f9c9779573593c52d76ae6c2,epochfix-b26a5ce183626ca8497b,6.459043901531775,6.481467933374247,DS3,persistent,False,True,True
texbat-DS3-cmte-reconstructed,224.5,224.5,223.04124732,4,0.0014925373134328,0.00373134328358205,858.3924515172421,2114.466192565704,5.7127642547980395,5.814130531825082,5.7127642547980395,3.8435739903738577,0.04699623999999858,0.3744871800000027,0.45875268000000347,48f723c1d7752e53a2b494d12a690561d28ca122f9c9779573593c52d76ae6c2,epochfix-b26a5ce183626ca8497b,6.453720838582932,6.481467932242434,DS3,persistent,False,True,True
texbat-DS3-cmte-reconstructed,225.0,225.0,223.54124732,4,0.0014925373134328,0.00298507462686565,1026.188826699573,2149.04119299391,5.886051049938026,5.9579715680509695,5.886051049938026,3.878504689819249,0.04699623999999858,0.3744871800000027,0.45875268000000347,48f723c1d7752e53a2b494d12a690561d28ca122f9c9779573593c52d76ae6c2,epochfix-b26a5ce183626ca8497b,6.449728541371299,6.481467931959481,DS3,persistent,False,True,True
texbat-DS3-cmte-reconstructed,225.5,225.5,224.04124732,4,0.0014925373134328,0.0014925373134328,1190.661013634174,2151.895388987044,6.33399091724505,6.507277712385036,6.33399091724505,3.9196200909280967,0.04699623999999858,0.3744871800000027,0.45875268000000347,48f723c1d7752e53a2b494d12a690561d28ca122f9c9779573593c52d76ae6c2,epochfix-b26a5ce183626ca8497b,6.446734318462575,6.4814679318887425,DS3,persistent,False,True,True
texbat-DS3-cmte-reconstructed,226.0,226.0,224.54124732,5,0.0014925373134328,0.0014925373134328,1205.745187127134,2207.1610463425795,6.507277712385036,6.507277712385036,6.507277712385036,4.046543235521129,0.04699623999999858,0.37225552000001016,0.45875268000000347,edb782a3d625ed25215c79cd50aea10e61e03e668558581cd066aaa86b467f0b,epochfix-6c879aee39c8ee078512,6.8468481293895564,7.696743169095775,DS3,persistent,False,True,True
texbat-DS3-cmte-reconstructed,226.5,226.5,225.04124732,5,0.0014925373134328,0.0014925373134328,1257.9553703515091,2339.2236892844708,6.507277712385036,6.507277712385036,6.507277712385036,4.1767174796842585,0.04699623999999858,0.37225552000001016,0.45875268000000347,edb782a3d625ed25215c79cd50aea10e61e03e668558581cd066aaa86b467f0b,epochfix-6c879aee39c8ee078512,7.146933487584793,8.000561978397535,DS3,persistent,False,True,True
texbat-DS3-cmte-reconstructed,227.0,227.0,225.54124732,5,0.0014925373134328,0.0014925373134328,1283.8450274435006,2550.08064843859,6.067832796917788,6.507277712385036,6.067832796917788,4.447447321478402,0.04699623999999858,0.37225552000001016,0.45875268000000347,edb782a3d625ed25215c79cd50aea10e61e03e668558581cd066aaa86b467f0b,epochfix-6c879aee39c8ee078512,7.37199750623122,8.076516680722975,DS3,persistent,False,True,True
texbat-DS3-cmte-reconstructed,227.5,227.5,226.04124732,5,0.0014925373134328,0.0014925373134328,1371.4318969963356,2672.0516641403456,6.185390129898213,6.507277712385036,6.185390129898213,4.611961467804301,0.04699623999999858,0.37225552000001016,0.45875268000000347,edb782a3d625ed25215c79cd50aea10e61e03e668558581cd066aaa86b467f0b,epochfix-6c879aee39c8ee078512,7.54079552021604,8.095505356304333,DS3,persistent,False,True,True
texbat-DS3-cmte-reconstructed,228.0,228.0,226.54124732,5,0.0014925373134328,0.0014925373134328,1350.87045869034,2517.588561880212,6.368648276273047,6.507277712385036,6.368648276273047,4.52776617506579,0.04699623999999858,0.37225552000001016,0.45875268000000347,edb782a3d625ed25215c79cd50aea10e61e03e668558581cd066aaa86b467f0b,epochfix-6c879aee39c8ee078512,7.6673940307046555,8.100252525199673,DS3,persistent,False,True,True
texbat-DS3-cmte-reconstructed,228.5,228.5,227.04124732,5,0.0014925373134328,0.0014925373134328,1260.9595182665785,2564.5481610982897,6.091389404049066,6.507277712385036,6.091389404049066,4.357813742673276,0.04699623999999858,0.37225552000001016,0.45875268000000347,edb782a3d625ed25215c79cd50aea10e61e03e668558581cd066aaa86b467f0b,epochfix-6c879aee39c8ee078512,7.762342913571117,8.101439317423509,DS3,persistent,False,True,True
texbat-DS3-cmte-reconstructed,229.0,229.0,227.54124732,5,0.0014925373134328,0.0014925373134328,1314.7604264267793,2669.051994650543,6.2875552546514095,6.507277712385036,6.2875552546514095,4.483738859765268,0.04699623999999858,0.37225552000001016,0.45875268000000347,edb782a3d625ed25215c79cd50aea10e61e03e668558581cd066aaa86b467f0b,epochfix-6c879aee39c8ee078512,7.833554575720963,8.101736015479467,DS3,persistent,False,True,True
texbat-DS3-cmte-reconstructed,229.5,229.5,228.04124732,5,0.0014925373134328,0.0014925373134328,1344.0989579802235,2703.777463228904,6.2875552546514095,6.507277712385036,6.2875552546514095,4.538379570080084,0.04699623999999858,0.37225552000001016,0.45875268000000347,edb782a3d625ed25215c79cd50aea10e61e03e668558581cd066aaa86b467f0b,epochfix-6c879aee39c8ee078512,7.886963322333347,8.101810189993458,DS3,persistent,False,True,True
texbat-DS3-cmte-reconstructed,230.0,230.0,228.54124732,5,0.0014925373134328,0.0014925373134328,1255.5034041574168,2667.450900485169,6.010296382427431,6.507277712385036,6.010296382427431,4.419831452379873,0.04699623999999858,0.37225552000001016,0.45875268000000347,edb782a3d625ed25215c79cd50aea10e61e03e668558581cd066aaa86b467f0b,epochfix-6c879aee39c8ee078512,7.927019882292636,8.101828733621954,DS3,persistent,False,True,True
texbat-DS3-cmte-reconstructed,230.5,230.5,229.04124732,5,0.0014925373134328,0.0014925373134328,1246.734729256797,2742.735250978567,6.046760693786223,6.507277712385036,6.046760693786223,4.397783866853228,0.04699623999999858,0.37225552000001016,0.45875268000000347,edb782a3d625ed25215c79cd50aea10e61e03e668558581cd066aaa86b467f0b,epochfix-6c879aee39c8ee078512,7.957062302262102,8.101833369529079,DS3,persistent,False,True,True
texbat-DS3-cmte-reconstructed,231.0,231.0,229.54124732,5,0.0014925373134328,0.0014925373134328,1233.400473017774,2756.30721106513,5.952759967937076,6.507277712385036,5.952759967937076,4.432239141369483,0.04699623999999858,0.37225552000001016,0.45875268000000347,edb782a3d625ed25215c79cd50aea10e61e03e668558581cd066aaa86b467f0b,epochfix-6c879aee39c8ee078512,7.979594117239202,8.10183452850586,DS3,persistent,False,True,True
texbat-DS3-cmte-reconstructed,231.5,231.5,230.04124732,5,0.0014925373134328,0.0014925373134328,1169.5165311898436,2544.076110313504,5.769501821562241,6.507277712385036,5.769501821562241,4.39865555326102,0.04699623999999858,0.37225552000001016,0.45875268000000347,edb782a3d625ed25215c79cd50aea10e61e03e668558581cd066aaa86b467f0b,epochfix-6c879aee39c8ee078512,7.996492978472027,8.101834818250055,DS3,persistent,False,True,True
texbat-DS3-cmte-reconstructed,232.0,232.0,230.54124732,5,0.0014925373134328,0.0029850746268656,1096.9366816911338,2418.4261412716405,5.35112900922656,5.81413053182509,5.35112900922656,4.333398575013351,0.04699623999999858,0.37225552000001016,0.45875268000000347,edb782a3d625ed25215c79cd50aea10e61e03e668558581cd066aaa86b467f0b,epochfix-6c879aee39c8ee078512,8.009167124396646,8.101834890686103,DS3,persistent,False,True,True
texbat-DS3-cmte-reconstructed,232.5,232.5,231.04124732,5,0.0014925373134328,0.0059701492537313,1107.6308156357595,2540.7506664736966,5.398242223489114,5.120983351265128,5.398242223489114,4.37147165730785,0.04699623999999858,0.37225552000001016,0.45875268000000347,edb782a3d625ed25215c79cd50aea10e61e03e668558581cd066aaa86b467f0b,epochfix-6c879aee39c8ee078512,8.01867273384011,8.101834908795116,DS3,persistent,False,True,True
texbat-DS3-cmte-reconstructed,233.0,233.0,231.54124732,5,0.0014925373134328,0.008955223880597,1084.6334123049137,2684.6409565333843,5.293592594736202,4.715518243156958,5.293592594736202,4.51346005895755,0.04699623999999858,0.37225552000001016,0.45875268000000347,edb782a3d625ed25215c79cd50aea10e61e03e668558581cd066aaa86b467f0b,epochfix-6c879aee39c8ee078512,8.025801940922708,8.101834913322369,DS3,persistent,False,True,True
texbat-DS3-cmte-reconstructed,233.5,233.5,232.04124732,5,0.0014925373134328,0.0119402985074626,982.6906754140197,2727.177499405937,5.214984077114282,4.427836170705183,5.214984077114282,4.548094036990173,0.04699623999999858,0.37225552000001016,0.45875268000000347,edb782a3d625ed25215c79cd50aea10e61e03e668558581cd066aaa86b467f0b,epochfix-6c879aee39c8ee078512,8.031148846234657,8.101834914454182,DS3,persistent,False,True,True
texbat-DS3-cmte-reconstructed,234.0,234.0,232.54124732,5,0.0014925373134328,0.0119402985074626,864.1359532041331,2705.0242246747616,5.214984077114282,4.427836170705183,5.214984077114282,4.462565736109075,0.04699623999999858,0.37225552000001016,0.45875268000000347,edb782a3d625ed25215c79cd50aea10e61e03e668558581cd066aaa86b467f0b,epochfix-6c879aee39c8ee078512,8.035159025218618,8.101834914737136,DS3,persistent,False,True,True
texbat-DS3-cmte-reconstructed,234.5,234.5,233.04124732,5,0.0014925373134328,0.0059701492537313,803.732343469965,2665.347941028277,5.353613513226271,5.120983351265128,5.353613513226271,4.491817479745138,0.04699623999999858,0.37225552000001016,0.45875268000000347,edb782a3d625ed25215c79cd50aea10e61e03e668558581cd066aaa86b467f0b,epochfix-6c879aee39c8ee078512,8.03816665945659,8.101834914807874,DS3,persistent,False,True,True
texbat-DS3-cmte-reconstructed,235.0,235.0,233.54124732,4,0.0014925373134328,0.00820895522388055,858.0034743761688,2627.436234269013,5.355985165888002,5.355985165888002,5.355985165888002,4.449387755641381,0.04699623999999858,0.3744871800000027,0.45875268000000347,48f723c1d7752e53a2b494d12a690561d28ca122f9c9779573593c52d76ae6c2,epochfix-b26a5ce183626ca8497b,7.6380629070265424,6.88655967760084,DS3,persistent,False,True,True
texbat-DS3-cmte-reconstructed,235.5,235.5,234.04124732,4,0.0014925373134328,0.00820895522388055,827.5296970649807,2607.4460856792684,5.355985165888002,5.355985165888002,5.355985165888002,4.328613311435386,0.04699623999999858,0.3744871800000027,0.45875268000000347,48f723c1d7752e53a2b494d12a690561d28ca122f9c9779573593c52d76ae6c2,epochfix-b26a5ce183626ca8497b,7.337985092704007,6.582740868299082,DS3,persistent,False,True,True
texbat-DS3-cmte-reconstructed,236.0,236.0,234.54124732,4,0.0014925373134328,0.00820895522388055,828.5778202581895,2651.838287807142,5.209038499662473,5.355985165888002,5.209038499662473,4.394363027861956,0.04699623999999858,0.3744871800000027,0.45875268000000347,48f723c1d7752e53a2b494d12a690561d28ca122f9c9779573593c52d76ae6c2,epochfix-b26a5ce183626ca8497b,7.112926731962106,6.506786165973642,DS3,persistent,False,True,True
texbat-DS3-cmte-reconstructed,236.5,236.5,235.04124732,4,0.0014925373134328,0.00820895522388055,800.6730010407102,2683.061168226688,5.126912482919463,5.355985165888002,5.126912482919463,4.427574010247367,0.04699623999999858,0.3744871800000027,0.45875268000000347,48f723c1d7752e53a2b494d12a690561d28ca122f9c9779573593c52d76ae6c2,epochfix-b26a5ce183626ca8497b,6.94413296140568,6.487797490392282,DS3,persistent,False,True,True
texbat-DS3-cmte-reconstructed,237.0,237.0,235.54124732,4,0.0014925373134328,0.0104477611940298,742.4334506172723,2537.279020580788,4.801184294874249,4.662837985328049,4.801184294874249,4.298606709100512,0.04699623999999858,0.3744871800000027,0.45875268000000347,48f723c1d7752e53a2b494d12a690561d28ca122f9c9779573593c52d76ae6c2,epochfix-b26a5ce183626ca8497b,6.817537633488361,6.483050321496942,DS3,persistent,False,True,True
texbat-DS3-cmte-reconstructed,237.5,237.5,236.04124732,4,0.0014925373134328,0.01716417910447755,734.8187156393368,2563.7307868261705,4.633392226413957,4.257372877219885,4.633392226413957,4.361453913497487,0.04699623999999858,0.3744871800000027,0.45875268000000347,48f723c1d7752e53a2b494d12a690561d28ca122f9c9779573593c52d76ae6c2,epochfix-b26a5ce183626ca8497b,6.7225911375503715,6.481863529273108,DS3,persistent,False,True,True
texbat-DS3-cmte-reconstructed,238.0,238.0,236.54124732,4,0.0014925373134328,0.0104477611940298,739.5415669602575,2546.627296743106,4.8919106682965925,4.662837985328049,4.8919106682965925,4.257014532169581,0.04699623999999858,0.3744871800000027,0.45875268000000347,48f723c1d7752e53a2b494d12a690561d28ca122f9c9779573593c52d76ae6c2,epochfix-b26a5ce183626ca8497b,6.651381265596879,6.481566831217149,DS3,persistent,False,True,True
texbat-DS3-cmte-reconstructed,238.5,238.5,237.04124732,4,0.0014925373134328,0.009701492537313401,740.7348173185583,2459.4837321057994,5.08133209372097,4.806679021553936,5.08133209372097,4.157880983647241,0.04699623999999858,0.3744871800000027,0.45875268000000347,48f723c1d7752e53a2b494d12a690561d28ca122f9c9779573593c52d76ae6c2,epochfix-b26a5ce183626ca8497b,6.59797386163176,6.481492656703159,DS3,persistent,False,True,True
texbat-DS3-cmte-reconstructed,239.0,239.0,237.54124732,4,0.0014925373134328,0.0104477611940298,767.5166009323419,2526.748076306864,5.009411575608025,4.662837985328049,5.009411575608025,4.272263209298012,0.04699623999999858,0.3744871800000027,0.45875268000000347,48f723c1d7752e53a2b494d12a690561d28ca122f9c9779573593c52d76ae6c2,epochfix-b26a5ce183626ca8497b,6.5579183086579205,6.481474113074661,DS3,persistent,False,True,True
texbat-DS3-cmte-reconstructed,239.5,239.5,238.04124732,4,0.0014925373134328,0.00820895522388055,758.2843780073382,2448.351488055904,5.137117981549523,4.918250797211043,5.137117981549523,4.11958063858198,0.04699623999999858,0.3744871800000027,0.45875268000000347,48f723c1d7752e53a2b494d12a690561d28ca122f9c9779573593c52d76ae6c2,epochfix-b26a5ce183626ca8497b,6.527876643927541,6.481469477167537,DS3,persistent,False,True,True
texbat-DS3-cmte-reconstructed,240.0,240.0,238.54124732,4,0.0014925373134328,0.0059701492537313,750.5578858294084,2354.350024161311,5.310404776689514,5.264824387491024,5.310404776689514,4.044530299684029,0.04699623999999858,0.3744871800000027,0.45875268000000347,48f723c1d7752e53a2b494d12a690561d28ca122f9c9779573593c52d76ae6c2,epochfix-b26a5ce183626ca8497b,6.505345395379756,6.481468318190756,DS3,persistent,False,True,True
texbat-DS3-cmte-reconstructed,240.5,240.5,239.04124732,4,0.0014925373134328,0.00746268656716415,651.5823507608894,1921.7038119025683,5.1371179815495225,4.9182507972110425,5.1371179815495225,3.623812372246554,0.04699623999999858,0.3744871800000027,0.45875268000000347,48f723c1d7752e53a2b494d12a690561d28ca122f9c9779573593c52d76ae6c2,epochfix-b26a5ce183626ca8497b,6.488446958968917,6.481468028446561,DS3,persistent,False,True,True
texbat-DS3-cmte-reconstructed,241.0,241.0,239.54124732,4,0.0014925373134328,0.0059701492537313,564.3234037980546,1486.314469269921,5.238484258576565,5.120983351265128,5.238484258576565,3.0646566727112736,0.04699623999999858,0.3744871800000027,0.45875268000000347,48f723c1d7752e53a2b494d12a690561d28ca122f9c9779573593c52d76ae6c2,epochfix-b26a5ce183626ca8497b,6.475773131660788,6.481467956010512,DS3,persistent,False,True,True
texbat-DS3-cmte-reconstructed,241.5,241.5,240.04124732,4,0.0014925373134328,0.00746268656716415,598.6239469483247,1572.5130691650893,5.26482438749102,4.9182507972110425,5.26482438749102,3.163478329838482,0.04699623999999858,0.3744871800000027,0.45875268000000347,48f723c1d7752e53a2b494d12a690561d28ca122f9c9779573593c52d76ae6c2,epochfix-b26a5ce183626ca8497b,6.466267761179692,6.4814679379015,DS3,persistent,False,True,True
texbat-DS3-cmte-reconstructed,242.0,242.0,240.54124732,4,0.0014925373134328,0.00671641791044775,639.2162839822961,1684.622437098073,5.336744905603964,5.062091833436931,5.336744905603964,3.224317169731636,0.04699623999999858,0.3744871800000027,0.45875268000000347,48f723c1d7752e53a2b494d12a690561d28ca122f9c9779573593c52d76ae6c2,epochfix-b26a5ce183626ca8497b,6.459138733318869,6.481467933374247,DS3,persistent,False,True,True
texbat-DS3-cmte-reconstructed,242.5,242.5,241.04124732,4,0.0014925373134328,0.0014925373134328,627.4657826681149,1431.651217835392,5.987417326965073,6.507277712385036,5.987417326965073,2.725534008297092,0.04699623999999858,0.3744871800000027,0.45875268000000347,48f723c1d7752e53a2b494d12a690561d28ca122f9c9779573593c52d76ae6c2,epochfix-b26a5ce183626ca8497b,6.453791962423252,6.481467932242434,DS3,persistent,False,True,True
texbat-DS3-cmte-reconstructed,243.0,243.0,241.54124732,4,0.0014925373134328,0.0014925373134328,534.1606942103614,910.704600313517,5.987417326965073,6.507277712385036,5.987417326965073,2.0898429662023816,0.04699623999999858,0.3744871800000027,0.45875268000000347,48f723c1d7752e53a2b494d12a690561d28ca122f9c9779573593c52d76ae6c2,epochfix-b26a5ce183626ca8497b,6.449781884251539,6.481467931959481,DS3,persistent,False,True,True
texbat-DS3-cmte-reconstructed,243.5,243.5,242.04124732,4,0.0014925373134328,0.0014925373134328,507.25947761396935,807.6572624263968,5.9316314391365195,6.507277712385036,5.9316314391365195,1.9018198479300092,0.04699623999999858,0.3744871800000027,0.45875268000000347,48f723c1d7752e53a2b494d12a690561d28ca122f9c9779573593c52d76ae6c2,epochfix-b26a5ce183626ca8497b,6.446774325622755,6.4814679318887425,DS3,persistent,False,True,True
texbat-DS3-cmte-reconstructed,244.0,244.0,242.54124732,4,0.0014925373134328,0.0014925373134328,466.8098177935499,745.5748729084758,5.9316314391365195,6.507277712385036,5.9316314391365195,1.754689035598172,0.04699623999999858,0.3744871800000027,0.45875268000000347,48f723c1d7752e53a2b494d12a690561d28ca122f9c9779573593c52d76ae6c2,epochfix-b26a5ce183626ca8497b,6.444518656651167,6.481467931871057,DS3,persistent,False,True,True
texbat-DS3-cmte-reconstructed,244.5,244.5,243.04124732,4,0.0014925373134328,0.0014925373134328,440.38406321586973,624.3008963545763,5.9316314391365195,6.507277712385036,5.9316314391365195,1.5345530418735385,0.04699623999999858,0.3744871800000027,0.45875268000000347,48f723c1d7752e53a2b494d12a690561d28ca122f9c9779573593c52d76ae6c2,epochfix-b26a5ce183626ca8497b,6.442826904922476,6.481467931866636,DS3,persistent,False,True,True
texbat-DS3-cmte-reconstructed,245.0,245.0,243.54124732,4,0.0014925373134328,0.0022388059701492,409.41820899912875,607.1586708682142,5.758344643996533,6.160704122105063,5.758344643996533,1.5710712221228238,0.04699623999999858,0.3744871800000027,0.45875268000000347,48f723c1d7752e53a2b494d12a690561d28ca122f9c9779573593c52d76ae6c2,epochfix-b26a5ce183626ca8497b,6.441558091125957,6.481467931865531,DS3,persistent,False,True,True
texbat-DS3-cmte-reconstructed,245.5,245.5,244.04124732,4,0.0014925373134328,0.0052238805970148995,385.04353112950776,654.4718060907583,5.4836915718295,5.611397977770997,5.4836915718295,1.7202183092706045,0.04699623999999858,0.3744871800000027,0.45875268000000347,48f723c1d7752e53a2b494d12a690561d28ca122f9c9779573593c52d76ae6c2,epochfix-b26a5ce183626ca8497b,6.440606480778569,6.481467931865255,DS3,persistent,False,True,True
texbat-DS3-cmte-reconstructed,246.0,246.0,244.54124732,4,0.0014925373134328,0.00820895522388055,363.01357669232107,698.4730625780116,5.355985165888002,5.355985165888002,5.355985165888002,1.7367255647935067,0.04699623999999858,0.3744871800000027,0.45875268000000347,48f723c1d7752e53a2b494d12a690561d28ca122f9c9779573593c52d76ae6c2,epochfix-b26a5ce183626ca8497b,6.439892773018027,6.481467931865185,DS3,persistent,False,True,True
texbat-DS3-cmte-reconstructed,246.5,246.5,245.02173232,5,0.0014925373134328,0.0029850746268656,542.4238870632956,1457.1727039952657,5.4476142390754205,5.81413053182509,5.4476142390754205,3.0109821580448264,0.04699623999999858,0.3767188399999952,0.47826767999998765,f4fc7e8c660d2354f6fb88c04c031acf95e07264e7e8ec5b44f81a85a6bd0e58,epochfix-7af4b1718a511553c193,6.841716970306146,7.696743169089887,DS3,persistent,False,True,True
texbat-DS3-cmte-reconstructed,247.0,247.0,245.52173232,5,0.0014925373134328,0.0029850746268656,536.0611460856766,1493.115695005136,5.4476142390754205,5.81413053182509,5.4476142390754205,3.010168319993799,0.04699623999999858,0.3767188399999952,0.47826767999998765,f4fc7e8c660d2354f6fb88c04c031acf95e07264e7e8ec5b44f81a85a6bd0e58,epochfix-7af4b1718a511553c193,7.143085118272235,8.000561978396062,DS3,persistent,False,True,True
texbat-DS3-cmte-reconstructed,247.5,247.5,246.02173232,5,0.0014925373134328,0.0059701492537313,518.9947789539718,1503.79951017432,5.3536135132262705,5.120983351265128,5.3536135132262705,3.016224837145882,0.04699623999999858,0.3767188399999952,0.47826767999998765,f4fc7e8c660d2354f6fb88c04c031acf95e07264e7e8ec5b44f81a85a6bd0e58,epochfix-7af4b1718a511553c193,7.369111229246801,8.076516680722605,DS3,persistent,False,True,True
texbat-DS3-cmte-reconstructed,248.0,248.0,246.52173232,5,0.0014925373134328,0.0059701492537313,514.4223345908247,1450.139633874473,5.317149201867479,5.120983351265128,5.317149201867479,2.993866806082852,0.04699623999999858,0.3767188399999952,0.47826767999998765,f4fc7e8c660d2354f6fb88c04c031acf95e07264e7e8ec5b44f81a85a6bd0e58,epochfix-7af4b1718a511553c193,7.538630812477726,8.09550535630424,DS3,persistent,False,True,True
texbat-DS3-cmte-reconstructed,248.5,248.5,247.02173232,5,0.0014925373134328,0.0059701492537313,484.23764028033384,1341.89858800387,5.170355366851437,5.120983351265128,5.170355366851437,2.881036214505996,0.04699623999999858,0.3767188399999952,0.47826767999998765,f4fc7e8c660d2354f6fb88c04c031acf95e07264e7e8ec5b44f81a85a6bd0e58,epochfix-7af4b1718a511553c193,7.66577049990092,8.10025252519965,DS3,persistent,False,True,True
texbat-DS3-cmte-reconstructed,249.0,249.0,247.52173232,5,0.0014925373134328,0.008955223880597,433.95434679097946,1269.0347830053197,5.05279803387101,4.715518243156958,5.05279803387101,2.759549232159777,0.04699623999999858,0.3767188399999952,0.47826767999998765,f4fc7e8c660d2354f6fb88c04c031acf95e07264e7e8ec5b44f81a85a6bd0e58,epochfix-7af4b1718a511553c193,7.761125265468316,8.101439317423502,DS3,persistent,False,True,True
texbat-DS3-cmte-reconstructed,249.5,249.5,248.02173232,5,0.0014925373134328,0.008955223880597,410.1014574578261,1143.5526782302304,5.0795043123959145,4.715518243156958,5.0795043123959145,2.557276312105763,0.04699623999999858,0.3767188399999952,0.47826767999998765,f4fc7e8c660d2354f6fb88c04c031acf95e07264e7e8ec5b44f81a85a6bd0e58,epochfix-7af4b1718a511553c193,7.832641339643862,8.101736015479466,DS3,persistent,False,True,True
texbat-DS3-cmte-reconstructed,250.0,250.0,248.52173232,5,0.0014925373134328,0.0119402985074626,362.35539010789154,937.0986636889417,5.076354641002292,4.427836170705183,5.076354641002292,2.2835582635792786,0.04699623999999858,0.3767188399999952,0.47826767999998765,f4fc7e8c660d2354f6fb88c04c031acf95e07264e7e8ec5b44f81a85a6bd0e58,epochfix-7af4b1718a511553c193,7.8862783952755215,8.101810189993456,DS3,persistent,False,True,True
texbat-DS3-cmte-reconstructed,250.5,250.5,249.02173232,5,0.0014925373134328,0.0119402985074626,338.68980969908426,788.3282495237033,5.17035536685144,4.427836170705183,5.17035536685144,2.096641381531081,0.04699623999999858,0.3767188399999952,0.47826767999998765,f4fc7e8c660d2354f6fb88c04c031acf95e07264e7e8ec5b44f81a85a6bd0e58,epochfix-7af4b1718a511553c193,7.926506186999267,8.101828733621954,DS3,persistent,False,True,True
texbat-DS3-cmte-reconstructed,251.0,251.0,249.54124732,4,0.0014925373134328,0.01343283582089545,322.9730845794366,813.6383029446465,4.83612478046804,4.316264395048076,4.83612478046804,2.055639213428437,0.04699623999999858,0.3744871800000027,0.45875268000000347,48f723c1d7752e53a2b494d12a690561d28ca122f9c9779573593c52d76ae6c2,epochfix-b26a5ce183626ca8497b,7.554317552683551,6.88655813230436,DS3,persistent,False,True,True
texbat-DS3-cmte-reconstructed,251.5,251.5,250.04124732,4,0.0014925373134328,0.010447761194029799,423.8966888596994,1117.0553569874196,4.9638311864095375,4.571677206931071,4.9638311864095375,2.573279086246856,0.04699623999999858,0.3744871800000027,0.45875268000000347,48f723c1d7752e53a2b494d12a690561d28ca122f9c9779573593c52d76ae6c2,epochfix-b26a5ce183626ca8497b,7.275176076946764,6.582740481974962,DS3,persistent,False,True,True
texbat-DS3-cmte-reconstructed,252.0,252.0,250.54124732,4,0.0014925373134328,0.0141791044776119,355.13105158156685,1031.2718907439353,4.8066790215539426,4.257372877219883,4.8066790215539426,2.475936690237348,0.04699623999999858,0.3744871800000027,0.45875268000000347,48f723c1d7752e53a2b494d12a690561d28ca122f9c9779573593c52d76ae6c2,epochfix-b26a5ce183626ca8497b,7.065819970144173,6.5067860693926125,DS3,persistent,False,True,True
texbat-DS3-cmte-reconstructed,252.5,252.5,251.04124732,4,0.0014925373134328,0.0149253731343283,268.10826996738734,775.2972504578381,4.714747826522613,4.20469261939097,4.714747826522613,2.1355261097085063,0.04699623999999858,0.3744871800000027,0.45875268000000347,48f723c1d7752e53a2b494d12a690561d28ca122f9c9779573593c52d76ae6c2,epochfix-b26a5ce183626ca8497b,6.908802890042231,6.4877974662470255,DS3,persistent,False,True,True
texbat-DS3-cmte-reconstructed,253.0,253.0,251.54124732,4,0.0014925373134328,0.0141791044776119,259.7235215692145,649.9035376260235,4.806679021553942,4.257372877219883,4.806679021553942,2.0120863091441654,0.04699623999999858,0.3744871800000027,0.45875268000000347,48f723c1d7752e53a2b494d12a690561d28ca122f9c9779573593c52d76ae6c2,epochfix-b26a5ce183626ca8497b,6.791040079965773,6.483050315460629,DS3,persistent,False,True,True
texbat-DS3-cmte-reconstructed,253.5,253.5,252.04124732,4,0.0014925373134328,0.0111940298507462,322.2848736567416,802.4098892202412,4.925293516452723,4.494601867017444,4.925293516452723,2.209401290943628,0.04699623999999858,0.3744871800000027,0.45875268000000347,48f723c1d7752e53a2b494d12a690561d28ca122f9c9779573593c52d76ae6c2,epochfix-b26a5ce183626ca8497b,6.70271797240843,6.481863527764029,DS3,persistent,False,True,True
texbat-DS3-cmte-reconstructed,254.0,254.0,252.54124732,4,0.0014925373134328,0.010447761194029799,426.76303434825445,1166.8422300620678,4.963831186409537,4.571677206931071,4.963831186409537,2.6782394933524727,0.04699623999999858,0.3744871800000027,0.45875268000000347,48f723c1d7752e53a2b494d12a690561d28ca122f9c9779573593c52d76ae6c2,epochfix-b26a5ce183626ca8497b,6.636476391740423,6.4815668308398795,DS3,persistent,False,True,True
texbat-DS3-cmte-reconstructed,254.5,254.5,253.04124732,4,0.0014925373134328,0.0111940298507462,437.7731142053291,1212.176499535984,4.925293516452723,4.494601867017444,4.925293516452723,2.741286548538816,0.04699623999999858,0.3744871800000027,0.45875268000000347,48f723c1d7752e53a2b494d12a690561d28ca122f9c9779573593c52d76ae6c2,epochfix-b26a5ce183626ca8497b,6.586795206239418,6.481492656608841,DS3,persistent,False,True,True
texbat-DS3-cmte-reconstructed,255.0,255.0,253.54124732,4,0.0014925373134328,0.010447761194029799,458.9253871219535,1296.360142430692,4.963831186409537,4.571677206931071,4.963831186409537,2.8182967072812013,0.04699623999999858,0.3744871800000027,0.45875268000000347,48f723c1d7752e53a2b494d12a690561d28ca122f9c9779573593c52d76ae6c2,epochfix-b26a5ce183626ca8497b,6.549534317113664,6.481474113051082,DS3,persistent,False,True,True
texbat-DS3-cmte-reconstructed,255.5,255.5,254.04124732,4,0.0014925373134328,0.00671641791044775,555.5207406787711,1536.7803325703317,5.209038499662467,5.062091833436931,5.209038499662467,3.1239274127549748,0.04699623999999858,0.3744871800000027,0.45875268000000347,48f723c1d7752e53a2b494d12a690561d28ca122f9c9779573593c52d76ae6c2,epochfix-b26a5ce183626ca8497b,6.521588650269348,6.481469477161642,DS3,persistent,False,True,True
texbat-DS3-cmte-reconstructed,256.0,256.0,254.54124732,4,0.0014925373134328,0.00671641791044775,579.427537281364,1643.6143595121607,5.209038499662467,5.062091833436931,5.209038499662467,3.254185492699362,0.04699623999999858,0.3744871800000027,0.45875268000000347,48f723c1d7752e53a2b494d12a690561d28ca122f9c9779573593c52d76ae6c2,epochfix-b26a5ce183626ca8497b,6.500629400136112,6.4814683181892825,DS3,persistent,False,True,True
texbat-DS3-cmte-reconstructed,256.5,256.5,255.04124732,4,0.0014925373134328,0.010447761194029799,597.4402182886975,1822.455670402402,4.963831186409537,4.571677206931071,4.963831186409537,3.476908129383765,0.04699623999999858,0.3744871799999885,0.45875267999997504,48f723c1d7752e53a2b494d12a690561d28ca122f9c9779573593c52d76ae6c2,epochfix-b26a5ce183626ca8497b,6.484909962536184,6.4814680284461925,DS3,persistent,False,True,True
texbat-DS3-cmte-reconstructed,257.0,257.0,255.54124732,4,0.0014925373134328,0.0074626865671641,677.9635042495463,1996.329497461856,5.294270146405124,5.120983351265137,5.294270146405124,3.7039048099791008,0.04699623999999858,0.3744871799999885,0.45875267999997504,48f723c1d7752e53a2b494d12a690561d28ca122f9c9779573593c52d76ae6c2,epochfix-b26a5ce183626ca8497b,6.473120384336238,6.48146795601042,DS3,persistent,False,True,True
texbat-DS3-cmte-reconstructed,257.5,257.5,256.04124732,4,0.0014925373134328,0.0067164179104477004,695.6644124544218,2002.8835236644927,5.4675569415451095,5.4675569415451095,5.4675569415451095,3.724647951770452,0.04699623999999858,0.3744871799999885,0.45875267999997504,48f723c1d7752e53a2b494d12a690561d28ca122f9c9779573593c52d76ae6c2,epochfix-b26a5ce183626ca8497b,6.464278200686279,6.481467937901477,DS3,persistent,False,True,True
texbat-DS3-cmte-reconstructed,258.0,258.0,256.54124732,4,0.0014925373134328,0.005970149253731301,695.6317266016143,1917.309089594108,5.50093978970124,5.53432263785737,5.50093978970124,3.599319683355785,0.04699623999999858,0.3744871799999885,0.45875267999997504,48f723c1d7752e53a2b494d12a690561d28ca122f9c9779573593c52d76ae6c2,epochfix-b26a5ce183626ca8497b,6.45764656294881,6.481467933374241,DS3,persistent,False,True,True
texbat-DS3-cmte-reconstructed,258.5,258.5,257.04124732,4,0.0014925373134328,0.010447761194029799,593.3394274128964,1740.6166610213872,4.963831186409537,4.571677206931071,4.963831186409537,3.403978240592851,0.04699623999999858,0.3744871799999885,0.45875267999997504,48f723c1d7752e53a2b494d12a690561d28ca122f9c9779573593c52d76ae6c2,epochfix-b26a5ce183626ca8497b,6.452672834645708,6.481467932242432,DS3,persistent,False,True,True
texbat-DS3-cmte-reconstructed,259.0,259.0,257.54124732,4,0.0014925373134328,0.010447761194029799,554.7824787462025,1653.7926201086912,4.963831186409537,4.571677206931071,4.963831186409537,3.275843609532916,0.04699623999999858,0.3744871799999885,0.45875267999997504,48f723c1d7752e53a2b494d12a690561d28ca122f9c9779573593c52d76ae6c2,epochfix-b26a5ce183626ca8497b,6.448942538418382,6.48146793195948,DS3,persistent,False,True,True
texbat-DS3-cmte-reconstructed,259.5,259.5,258.04124732,4,0.0014925373134328,0.010447761194029799,555.5771459382132,1616.6466529644304,5.019617074238091,4.571677206931071,5.019617074238091,3.1731582778854115,0.04699623999999858,0.3744871799999885,0.45875267999997504,48f723c1d7752e53a2b494d12a690561d28ca122f9c9779573593c52d76ae6c2,epochfix-b26a5ce183626ca8497b,6.4461448162478865,6.481467931888742,DS3,persistent,False,True,True
texbat-DS3-cmte-reconstructed,260.0,260.0,258.54124732,4,0.0014925373134328,0.01343283582089545,521.7944048361879,1645.156906938574,4.83612478046804,4.316264395048076,4.83612478046804,3.2098061586255056,0.04699623999999858,0.3744871799999885,0.45875267999997504,48f723c1d7752e53a2b494d12a690561d28ca122f9c9779573593c52d76ae6c2,epochfix-b26a5ce183626ca8497b,6.444046524620015,6.481467931871057,DS3,persistent,False,True,True
texbat-DS3-cmte-reconstructed,260.5,260.5,259.04124732,4,0.0014925373134328,0.01194029850746265,532.2918189275113,1671.7803539952952,4.9080452985809835,4.4601054312739645,4.9080452985809835,3.232758984035572,0.04699623999999858,0.3744871799999885,0.45875267999997504,48f723c1d7752e53a2b494d12a690561d28ca122f9c9779573593c52d76ae6c2,epochfix-b26a5ce183626ca8497b,6.442472805899112,6.481467931866636,DS3,persistent,False,True,True
texbat-DS3-cmte-reconstructed,261.0,261.0,259.54124732,4,0.0014925373134328,0.0104477611940298,584.2552618270287,1836.993030892036,5.009411575608026,4.662837985328049,5.009411575608026,3.403382141351333,0.04699623999999858,0.3744871799999885,0.45875267999997504,48f723c1d7752e53a2b494d12a690561d28ca122f9c9779573593c52d76ae6c2,epochfix-b26a5ce183626ca8497b,6.441292516858435,6.481467931865531,DS3,persistent,False,True,True
texbat-DS3-cmte-reconstructed,261.5,261.5,260.04124732,4,0.0014925373134328,0.01194029850746265,547.5095950779381,1750.5797228013707,4.9080452985809835,4.4601054312739645,4.9080452985809835,3.349177750622792,0.04699623999999858,0.3744871799999885,0.45875267999997504,48f723c1d7752e53a2b494d12a690561d28ca122f9c9779573593c52d76ae6c2,epochfix-b26a5ce183626ca8497b,6.4404073000779265,6.481467931865255,DS3,persistent,False,True,True
texbat-DS3-cmte-reconstructed,262.0,262.0,260.54124732,4,0.0014925373134328,0.01194029850746265,529.8284164169119,1691.3504307261946,4.9080452985809835,4.4601054312739645,4.9080452985809835,3.267401702407568,0.04699623999999858,0.3744871799999885,0.45875267999997504,48f723c1d7752e53a2b494d12a690561d28ca122f9c9779573593c52d76ae6c2,epochfix-b26a5ce183626ca8497b,6.439743387492546,6.481467931865185,DS3,persistent,False,True,True
texbat-DS3-cmte-reconstructed,262.5,262.5,261.04124732,4,0.0014925373134328,0.01194029850746265,577.4378969110691,1829.9344104104084,4.9080452985809835,4.4601054312739645,4.9080452985809835,3.404289580569749,0.04699623999999858,0.3744871799999885,0.45875267999997504,48f723c1d7752e53a2b494d12a690561d28ca122f9c9779573593c52d76ae6c2,epochfix-b26a5ce183626ca8497b,6.43924545305351,6.4814679318651685,DS3,persistent,False,True,True
texbat-DS3-cmte-reconstructed,263.0,263.0,261.54124732,4,0.0014925373134328,0.0134328358208955,518.220322426486,1662.0182775183816,4.833019150468399,4.310053135048794,4.833019150468399,3.234612632783169,0.04699623999999858,0.3744871799999885,0.45875267999997504,48f723c1d7752e53a2b494d12a690561d28ca122f9c9779573593c52d76ae6c2,epochfix-b26a5ce183626ca8497b,6.438872002224233,6.481467931865164,DS3,persistent,False,True,True
texbat-DS3-cmte-reconstructed,263.5,263.5,262.04124732,4,0.0014925373134328,0.0141791044776119,425.4068114094932,1334.298152556491,4.806679021553942,4.257372877219883,4.806679021553942,2.8786168245114307,0.04699623999999858,0.3744871799999885,0.45875267999997504,48f723c1d7752e53a2b494d12a690561d28ca122f9c9779573593c52d76ae6c2,epochfix-b26a5ce183626ca8497b,6.438591914102275,6.481467931865163,DS3,persistent,False,True,True
texbat-DS3-cmte-reconstructed,264.0,264.0,262.54124732,4,0.0014925373134328,0.0141791044776119,449.62889888335695,1386.6934596547726,4.8066790215539426,4.257372877219883,4.8066790215539426,2.9692688959789364,0.04699623999999858,0.3744871799999885,0.45875267999997504,48f723c1d7752e53a2b494d12a690561d28ca122f9c9779573593c52d76ae6c2,epochfix-b26a5ce183626ca8497b,6.438381848010807,6.481467931865163,DS3,persistent,False,True,True
texbat-DS3-cmte-reconstructed,264.5,264.5,263.04124732,4,0.0014925373134328,0.01343283582089545,523.3175544339889,1642.81474491184,4.83612478046804,4.316264395048076,4.83612478046804,3.2363867648822797,0.04699623999999858,0.3744871799999885,0.45875267999997504,48f723c1d7752e53a2b494d12a690561d28ca122f9c9779573593c52d76ae6c2,epochfix-b26a5ce183626ca8497b,6.438224298442206,6.481467931865163,DS3,persistent,False,True,True
texbat-DS3-cmte-reconstructed,265.0,265.0,263.54124732,4,0.0014925373134328,0.0111940298507462,488.67061869318087,1437.0492762140157,4.953625687779475,4.5512662096709455,4.953625687779475,3.00486950771283,0.04699623999999858,0.3744871799999885,0.45875267999997504,48f723c1d7752e53a2b494d12a690561d28ca122f9c9779573593c52d76ae6c2,epochfix-b26a5ce183626ca8497b,6.438106136265755,6.481467931865163,DS3,persistent,False,True,True
texbat-DS3-cmte-reconstructed,265.5,265.5,264.04124732,4,0.0014925373134328,0.01194029850746265,436.14507976636503,1273.451476302796,4.9080452985809835,4.4601054312739645,4.9080452985809835,2.839681578996202,0.04699623999999858,0.3744871799999885,0.45875267999997504,48f723c1d7752e53a2b494d12a690561d28ca122f9c9779573593c52d76ae6c2,epochfix-b26a5ce183626ca8497b,6.438017514633416,6.481467931865163,DS3,persistent,False,True,True
texbat-DS3-cmte-reconstructed,266.0,266.0,264.54124732,4,0.0014925373134328,0.0119402985074626,475.16570568193833,1440.178962348392,4.8919106682965925,4.427836170705183,4.8919106682965925,3.027256779062121,0.04699623999999858,0.3744871799999885,0.45875267999997504,48f723c1d7752e53a2b494d12a690561d28ca122f9c9779573593c52d76ae6c2,epochfix-b26a5ce183626ca8497b,6.437951048409163,6.481467931865163,DS3,persistent,False,True,True
texbat-DS3-cmte-reconstructed,266.5,266.5,265.04124732,4,0.0014925373134328,0.0119402985074626,517.3015411461466,1591.38416817065,4.8919106682965925,4.427836170705183,4.8919106682965925,3.1710703830445404,0.04699623999999858,0.3744871799999885,0.45875267999997504,48f723c1d7752e53a2b494d12a690561d28ca122f9c9779573593c52d76ae6c2,epochfix-b26a5ce183626ca8497b,6.437901198740973,6.481467931865163,DS3,persistent,False,True,True
texbat-DS3-cmte-reconstructed,267.0,267.0,265.54124732,4,0.0014925373134328,0.0149253731343283,495.0991494336266,1614.87996716021,4.780338892639486,4.20469261939097,4.780338892639486,3.1664272548244563,0.04699623999999858,0.3744871799999885,0.45875267999997504,48f723c1d7752e53a2b494d12a690561d28ca122f9c9779573593c52d76ae6c2,epochfix-b26a5ce183626ca8497b,6.43786381148983,6.481467931865163,DS3,persistent,False,True,True
texbat-DS3-cmte-reconstructed,267.5,267.5,266.04124732,4,0.0014925373134328,0.01343283582089545,515.5720344801771,1642.647696914717,4.83612478046804,4.316264395048076,4.83612478046804,3.194215317612849,0.04699623999999858,0.3744871799999885,0.45875267999997504,48f723c1d7752e53a2b494d12a690561d28ca122f9c9779573593c52d76ae6c2,epochfix-b26a5ce183626ca8497b,6.437835771051473,6.481467931865163,DS3,persistent,False,True,True
texbat-DS3-cmte-reconstructed,268.0,268.0,266.54124732,4,0.0014925373134328,0.01194029850746265,512.6101996795894,1620.205852143345,4.9080452985809835,4.4601054312739645,4.9080452985809835,3.1743735644649544,0.04699623999999858,0.3744871799999885,0.45875267999997504,48f723c1d7752e53a2b494d12a690561d28ca122f9c9779573593c52d76ae6c2,epochfix-b26a5ce183626ca8497b,6.437814740722705,6.481467931865163,DS3,persistent,False,True,True
texbat-DS3-cmte-reconstructed,268.5,268.5,267.04124732,4,0.0014925373134328,0.01343283582089545,528.8763772203536,1720.933420043094,4.83612478046804,4.316264395048076,4.83612478046804,3.306869565497956,0.04699623999999858,0.3744871799999885,0.45875267999997504,48f723c1d7752e53a2b494d12a690561d28ca122f9c9779573593c52d76ae6c2,epochfix-b26a5ce183626ca8497b,6.437798967976129,6.481467931865163,DS3,persistent,False,True,True
texbat-DS3-cmte-reconstructed,269.0,269.0,267.54124732,4,0.0014925373134328,0.008955223880596951,585.2934962224459,1817.9900078150167,5.182698370748016,5.009411575608031,5.182698370748016,3.3580220671355936,0.04699623999999858,0.3744871799999885,0.45875267999997504,48f723c1d7752e53a2b494d12a690561d28ca122f9c9779573593c52d76ae6c2,epochfix-b26a5ce183626ca8497b,6.437787138416198,6.481467931865163,DS3,persistent,False,True,True
texbat-DS3-cmte-reconstructed,269.5,269.5,268.04124732,4,0.0014925373134328,0.0104477611940298,501.3553493443854,1498.443305417738,5.009411575608025,4.662837985328049,5.009411575608025,3.0057128220737077,0.04699623999999858,0.3744871799999885,0.45875267999997504,48f723c1d7752e53a2b494d12a690561d28ca122f9c9779573593c52d76ae6c2,epochfix-b26a5ce183626ca8497b,6.437778266246249,6.481467931865163,DS3,persistent,False,True,True
texbat-DS3-cmte-reconstructed,270.0,270.0,268.54124732,4,0.0014925373134328,0.01343283582089545,407.78131889209175,1194.1126527408055,4.83612478046804,4.316264395048076,4.83612478046804,2.554005534128055,0.04699623999999858,0.3744871799999885,0.45875267999997504,48f723c1d7752e53a2b494d12a690561d28ca122f9c9779573593c52d76ae6c2,epochfix-b26a5ce183626ca8497b,6.437771612118787,6.481467931865163,DS3,persistent,False,True,True
texbat-DS3-cmte-reconstructed,270.5,270.5,269.04124732,4,0.0014925373134328,0.012686567164179052,423.3264819416513,1276.379717778183,4.86950762862417,4.383030091360337,4.86950762862417,2.5795978918034423,0.04699623999999858,0.3744871799999885,0.45875267999997504,48f723c1d7752e53a2b494d12a690561d28ca122f9c9779573593c52d76ae6c2,epochfix-b26a5ce183626ca8497b,6.437766621523191,6.481467931865163,DS3,persistent,False,True,True
texbat-DS3-cmte-reconstructed,271.0,271.0,269.54124732,4,0.0014925373134328,0.01194029850746265,437.19454427385057,1286.1619779078196,4.9080452985809835,4.4601054312739645,4.9080452985809835,2.673388378478752,0.04699623999999858,0.3744871799999885,0.45875267999997504,48f723c1d7752e53a2b494d12a690561d28ca122f9c9779573593c52d76ae6c2,epochfix-b26a5ce183626ca8497b,6.4377628785764935,6.481467931865163,DS3,persistent,False,True,True
texbat-DS3-cmte-reconstructed,271.5,271.5,270.04124732,4,0.0014925373134328,0.01194029850746265,429.3781654605437,1194.3959063403329,4.9080452985809835,4.4601054312739645,4.9080452985809835,2.589437646218014,0.04699623999999858,0.3744871799999885,0.45875267999997504,48f723c1d7752e53a2b494d12a690561d28ca122f9c9779573593c52d76ae6c2,epochfix-b26a5ce183626ca8497b,6.437760071366471,6.481467931865163,DS3,persistent,False,True,True
texbat-DS3-cmte-reconstructed,272.0,272.0,270.54124732,4,0.0014925373134328,0.00820895522388055,409.2998375717438,979.3248548438382,5.355985165888002,5.355985165888002,5.355985165888002,2.339285815650933,0.04699623999999858,0.3744871799999885,0.45875267999997504,48f723c1d7752e53a2b494d12a690561d28ca122f9c9779573593c52d76ae6c2,epochfix-b26a5ce183626ca8497b,6.437757965958954,6.481467931865163,DS3,persistent,False,True,True
texbat-DS3-cmte-reconstructed,272.5,272.5,271.04124732,4,0.0014925373134328,0.00820895522388055,418.36020354554705,759.2932550537269,5.355985165888002,5.355985165888002,5.355985165888002,2.0225825218318474,0.04699623999999858,0.3744871799999885,0.45875267999997504,48f723c1d7752e53a2b494d12a690561d28ca122f9c9779573593c52d76ae6c2,epochfix-b26a5ce183626ca8497b,6.437756386903316,6.481467931865163,DS3,persistent,False,True,True
texbat-DS3-cmte-reconstructed,273.0,273.0,271.54124732,4,0.0014925373134328,0.00820895522388055,488.87755802747705,993.1140543461734,5.355985165888002,5.355985165888002,5.355985165888002,2.2531421500082067,0.04699623999999858,0.3744871799999885,0.45875267999997504,48f723c1d7752e53a2b494d12a690561d28ca122f9c9779573593c52d76ae6c2,epochfix-b26a5ce183626ca8497b,6.437755202611587,6.481467931865163,DS3,persistent,False,True,True
texbat-DS3-cmte-reconstructed,273.5,273.5,272.04124732,4,0.0014925373134328,0.00820895522388055,498.904555183738,1048.9616164035556,5.355985165888002,5.355985165888002,5.355985165888002,2.4090792385841486,0.04699623999999858,0.3744871799999885,0.45875267999997504,48f723c1d7752e53a2b494d12a690561d28ca122f9c9779573593c52d76ae6c2,epochfix-b26a5ce183626ca8497b,6.437754314392791,6.481467931865163,DS3,persistent,False,True,True
texbat-DS3-cmte-reconstructed,274.0,274.0,272.54124732,4,0.0014925373134328,0.00820895522388055,386.3246268003588,654.0093114753802,5.355985165888002,5.355985165888002,5.355985165888002,1.8521624820576428,0.04699623999999858,0.3744871799999885,0.45875267999997504,48f723c1d7752e53a2b494d12a690561d28ca122f9c9779573593c52d76ae6c2,epochfix-b26a5ce183626ca8497b,6.437753648228694,6.481467931865163,DS3,persistent,False,True,True
texbat-DS3-cmte-reconstructed,274.5,274.5,273.04124732,4,0.0014925373134328,0.00820895522388055,299.07296459087485,577.4352320644985,5.355985165888002,5.355985165888002,5.355985165888002,1.7221183117524892,0.04699623999999858,0.3744871799999885,0.45875267999997504,48f723c1d7752e53a2b494d12a690561d28ca122f9c9779573593c52d76ae6c2,epochfix-b26a5ce183626ca8497b,6.437753148605621,6.481467931865163,DS3,persistent,False,True,True
texbat-DS3-cmte-reconstructed,275.0,275.0,273.54124732,4,0.0014925373134328,0.008955223880596951,291.9782739843215,618.0761470819002,5.182698370748016,5.009411575608031,5.182698370748016,1.7149545688309904,0.04699623999999858,0.3744871799999885,0.45875267999997504,48f723c1d7752e53a2b494d12a690561d28ca122f9c9779573593c52d76ae6c2,epochfix-b26a5ce183626ca8497b,6.437752773888316,6.481467931865163,DS3,persistent,False,True,True
texbat-DS3-cmte-reconstructed,275.5,275.5,274.04124732,4,0.0014925373134328,0.0104477611940298,300.9912310951856,689.5575073895227,5.009411575608025,4.662837985328049,5.009411575608025,1.799680533442565,0.04699623999999858,0.3744871799999885,0.45875267999997504,48f723c1d7752e53a2b494d12a690561d28ca122f9c9779573593c52d76ae6c2,epochfix-b26a5ce183626ca8497b,6.437752492850337,6.481467931865163,DS3,persistent,False,True,True
texbat-DS3-cmte-reconstructed,276.0,276.0,274.54124732,4,0.0014925373134328,0.00820895522388055,382.5888375760712,676.644099114013,5.355985165888002,5.355985165888002,5.355985165888002,1.8670741968052211,0.04699623999999858,0.3744871799999885,0.45875267999997504,48f723c1d7752e53a2b494d12a690561d28ca122f9c9779573593c52d76ae6c2,epochfix-b26a5ce183626ca8497b,6.437752282071854,6.481467931865163,DS3,persistent,False,True,True
texbat-DS3-cmte-reconstructed,276.5,276.5,275.04124732,4,0.0014925373134328,0.00820895522388055,420.6401778784105,733.0704069190106,5.355985165888002,5.355985165888002,5.355985165888002,1.968358787860133,0.04699623999999858,0.3744871799999885,0.45875267999997504,48f723c1d7752e53a2b494d12a690561d28ca122f9c9779573593c52d76ae6c2,epochfix-b26a5ce183626ca8497b,6.43775212398799,6.481467931865163,DS3,persistent,False,True,True
texbat-DS3-cmte-reconstructed,277.0,277.0,275.54124732,4,0.0014925373134328,0.0074626865671641,334.6744496118644,704.4979812223874,5.23848425857657,5.120983351265137,5.23848425857657,1.944207132929472,0.04699623999999858,0.3744871799999885,0.45875267999997504,48f723c1d7752e53a2b494d12a690561d28ca122f9c9779573593c52d76ae6c2,epochfix-b26a5ce183626ca8497b,6.437752005425093,6.481467931865163,DS3,persistent,False,True,True
texbat-DS3-cmte-reconstructed,277.5,277.5,276.04124732,4,0.0014925373134328,0.00820895522388055,319.34213915243026,587.895398373063,5.355985165888002,5.355985165888002,5.355985165888002,1.8148867281342769,0.04699623999999858,0.3744871799999885,0.45875267999997504,48f723c1d7752e53a2b494d12a690561d28ca122f9c9779573593c52d76ae6c2,epochfix-b26a5ce183626ca8497b,6.43775191650292,6.481467931865163,DS3,persistent,False,True,True
texbat-DS3-cmte-reconstructed,278.0,278.0,276.54124732,4,0.0014925373134328,0.009701492537313401,283.8215486176738,556.2518861180397,5.08133209372097,4.806679021553936,5.08133209372097,1.6825292540861512,0.04699623999999858,0.3744871799999885,0.45875267999997504,48f723c1d7752e53a2b494d12a690561d28ca122f9c9779573593c52d76ae6c2,epochfix-b26a5ce183626ca8497b,6.437751849811291,6.481467931865163,DS3,persistent,False,True,True
texbat-DS3-cmte-reconstructed,278.5,278.5,277.04124732,4,0.0014925373134328,0.0074626865671641,292.0561642964642,514.0366305731943,5.23848425857657,5.120983351265137,5.23848425857657,1.6413796452382825,0.04699623999999858,0.3744871799999885,0.45875267999997504,48f723c1d7752e53a2b494d12a690561d28ca122f9c9779573593c52d76ae6c2,epochfix-b26a5ce183626ca8497b,6.437751799792569,6.481467931865163,DS3,persistent,False,True,True
texbat-DS3-cmte-reconstructed,279.0,279.0,277.54124732,4,0.0014925373134328,0.0067164179104477004,319.579778243913,566.3895300373865,5.411771053716556,5.4675569415451095,5.411771053716556,1.5065359422315514,0.04699623999999858,0.3744871799999885,0.45875267999997504,48f723c1d7752e53a2b494d12a690561d28ca122f9c9779573593c52d76ae6c2,epochfix-b26a5ce183626ca8497b,6.437751762278527,6.481467931865163,DS3,persistent,False,True,True
texbat-DS3-cmte-reconstructed,279.5,279.5,278.04124732,4,0.0014925373134328,0.0067164179104477004,314.24522558695605,537.320181958544,5.438111182631012,5.4675569415451095,5.438111182631012,1.5031164267950552,0.04699623999999858,0.3744871799999885,0.45875267999997504,48f723c1d7752e53a2b494d12a690561d28ca122f9c9779573593c52d76ae6c2,epochfix-b26a5ce183626ca8497b,6.437751734142996,6.481467931865163,DS3,persistent,False,True,True
texbat-DS3-cmte-reconstructed,280.0,280.0,278.54124732,4,0.0014925373134328,0.008955223880596951,265.75685115516694,441.00581491138223,5.182698370748016,5.009411575608031,5.182698370748016,1.3939387160952068,0.04699623999999858,0.3744871799999885,0.45875267999997504,48f723c1d7752e53a2b494d12a690561d28ca122f9c9779573593c52d76ae6c2,epochfix-b26a5ce183626ca8497b,6.437751713041347,6.481467931865163,DS3,persistent,False,True,True
texbat-DS3-cmte-reconstructed,280.5,280.5,279.04124732,4,0.0014925373134328,0.0104477611940298,255.07082710512245,456.679909113536,5.009411575608025,4.662837985328049,5.009411575608025,1.523247779355633,0.04699623999999858,0.3744871799999885,0.45875267999997504,48f723c1d7752e53a2b494d12a690561d28ca122f9c9779573593c52d76ae6c2,epochfix-b26a5ce183626ca8497b,6.437751697215111,6.481467931865163,DS3,persistent,False,True,True
texbat-DS3-cmte-reconstructed,281.0,281.0,279.54124732,4,0.0014925373134328,0.00895522388059695,264.68935354699755,433.7353794479744,5.065197463436579,4.774409760985156,5.065197463436579,1.4661326714221634,0.04699623999999858,0.3744871799999885,0.45875267999997504,48f723c1d7752e53a2b494d12a690561d28ca122f9c9779573593c52d76ae6c2,epochfix-b26a5ce183626ca8497b,6.437751685345433,6.481467931865163,DS3,persistent,False,True,True
texbat-DS3-cmte-reconstructed,281.5,281.5,280.04124732,4,0.0014925373134328,0.01194029850746265,248.50978576720235,451.0016538096496,4.9080452985809835,4.4601054312739645,4.9080452985809835,1.3581278867031348,0.04699623999999858,0.3744871799999885,0.45875267999997504,48f723c1d7752e53a2b494d12a690561d28ca122f9c9779573593c52d76ae6c2,epochfix-b26a5ce183626ca8497b,6.437751676443176,6.481467931865163,DS3,persistent,False,True,True
texbat-DS3-cmte-reconstructed,282.0,282.0,280.54124732,4,0.0014925373134328,0.01194029850746265,287.3096651218429,642.5119272942145,4.9080452985809835,4.4601054312739645,4.9080452985809835,1.7247966953757747,0.04699623999999858,0.3744871799999885,0.45875267999997504,48f723c1d7752e53a2b494d12a690561d28ca122f9c9779573593c52d76ae6c2,epochfix-b26a5ce183626ca8497b,6.437751669766482,6.481467931865163,DS3,persistent,False,True,True
texbat-DS3-cmte-reconstructed,282.5,282.5,281.04124732,4,0.0014925373134328,0.01343283582089545,253.94419221542063,567.6185282575353,4.83612478046804,4.316264395048076,4.83612478046804,1.688863179030007,0.04699623999999858,0.3744871799999885,0.45875267999997504,48f723c1d7752e53a2b494d12a690561d28ca122f9c9779573593c52d76ae6c2,epochfix-b26a5ce183626ca8497b,6.437751664758962,6.481467931865163,DS3,persistent,False,True,True
texbat-DS3-cmte-reconstructed,283.0,283.0,281.54124732,4,0.0029850746268656,0.01343283582089545,198.32218693652857,367.33851494907833,4.6628379853280535,4.316264395048076,4.6628379853280535,1.331229434276876,0.04699623999999858,0.3744871799999885,0.45875267999997504,48f723c1d7752e53a2b494d12a690561d28ca122f9c9779573593c52d76ae6c2,epochfix-b26a5ce183626ca8497b,6.437751661003322,6.481467931865163,DS3,persistent,False,True,True
texbat-DS3-cmte-reconstructed,283.5,283.5,282.04124732,4,0.0014925373134328,0.01343283582089545,226.35473358460857,422.067625294649,4.83612478046804,4.316264395048076,4.83612478046804,1.4453901832478508,0.04699623999999858,0.3744871799999885,0.45875267999997504,48f723c1d7752e53a2b494d12a690561d28ca122f9c9779573593c52d76ae6c2,epochfix-b26a5ce183626ca8497b,6.437751658186592,6.481467931865163,DS3,persistent,False,True,True
texbat-DS3-cmte-reconstructed,284.0,284.0,282.54124732,4,0.0029850746268656,0.010447761194029799,222.3363647302457,358.52107536741494,4.790544391269551,4.571677206931071,4.790544391269551,1.3117916253398214,0.04699623999999858,0.3744871799999885,0.45875267999997504,48f723c1d7752e53a2b494d12a690561d28ca122f9c9779573593c52d76ae6c2,epochfix-b26a5ce183626ca8497b,6.437751656074044,6.481467931865163,DS3,persistent,False,True,True
texbat-DS3-cmte-reconstructed,284.5,284.5,283.04124732,4,0.008955223880597,0.010447761194029799,197.28817355600626,266.1564055261645,4.515891319102518,4.571677206931071,4.515891319102518,0.8721804178900541,0.04699623999999858,0.3744871799999885,0.45875267999997504,48f723c1d7752e53a2b494d12a690561d28ca122f9c9779573593c52d76ae6c2,epochfix-b26a5ce183626ca8497b,6.437751654489634,6.481467931865163,DS3,persistent,False,True,True
texbat-DS3-cmte-reconstructed,285.0,285.0,283.54124732,4,0.008955223880597,0.01194029850746265,190.0670567025839,263.77755688478203,4.4601054312739645,4.4601054312739645,4.4601054312739645,1.017769030373903,0.04699623999999858,0.3744871799999885,0.45875267999997504,48f723c1d7752e53a2b494d12a690561d28ca122f9c9779573593c52d76ae6c2,epochfix-b26a5ce183626ca8497b,6.4377516533013255,6.481467931865163,DS3,persistent,False,True,True
texbat-DS3-cmte-reconstructed,285.5,285.5,284.04124732,4,0.0029850746268656,0.012686567164179052,201.81497426493047,357.742068052581,4.696220833484183,4.383030091360337,4.696220833484183,1.275554449098558,0.04699623999999858,0.3744871799999885,0.45875267999997504,48f723c1d7752e53a2b494d12a690561d28ca122f9c9779573593c52d76ae6c2,epochfix-b26a5ce183626ca8497b,6.437751652410094,6.481467931865163,DS3,persistent,False,True,True
texbat-DS3-cmte-reconstructed,286.0,286.0,284.54124732,4,0.008955223880597,0.01343283582089545,160.53531986604355,273.4372514835187,4.388184913161021,4.316264395048076,4.388184913161021,1.122185826290748,0.04699623999999858,0.3744871799999885,0.45875267999997504,48f723c1d7752e53a2b494d12a690561d28ca122f9c9779573593c52d76ae6c2,epochfix-b26a5ce183626ca8497b,6.437751651741672,6.481467931865163,DS3,persistent,False,True,True
texbat-DS3-cmte-reconstructed,286.5,286.5,285.04124732,4,0.0119402985074626,0.01343283582089545,137.76038919093068,197.12477461747903,4.316264395048076,4.316264395048076,4.316264395048076,0.8452771467541329,0.04699623999999858,0.3744871799999885,0.45875267999997504,48f723c1d7752e53a2b494d12a690561d28ca122f9c9779573593c52d76ae6c2,epochfix-b26a5ce183626ca8497b,6.4377516512403545,6.481467931865163,DS3,persistent,False,True,True
texbat-DS3-cmte-reconstructed,287.0,287.0,285.54124732,4,0.008955223880597,0.0141791044776119,145.53055349895166,282.1769156527192,4.358739154246923,4.257372877219883,4.358739154246923,0.8237811492816212,0.04699623999999858,0.3744871799999885,0.45875267999997504,48f723c1d7752e53a2b494d12a690561d28ca122f9c9779573593c52d76ae6c2,epochfix-b26a5ce183626ca8497b,6.437751650864366,6.481467931865163,DS3,persistent,False,True,True
texbat-DS3-cmte-reconstructed,287.5,287.5,286.04124732,4,0.0074626865671641,0.0149253731343283,149.6978319417843,306.5576969930342,4.377979414530959,4.20469261939097,4.377979414530959,1.0775954294880814,0.04699623999999858,0.3744871799999885,0.45875267999997504,48f723c1d7752e53a2b494d12a690561d28ca122f9c9779573593c52d76ae6c2,epochfix-b26a5ce183626ca8497b,6.437751650582375,6.481467931865163,DS3,persistent,False,True,True
texbat-DS3-cmte-reconstructed,288.0,288.0,286.54124732,4,0.0059701492537313,0.01343283582089545,163.64259998101357,318.785280093942,4.489551190188063,4.316264395048076,4.489551190188063,1.1812931222059448,0.04699623999999858,0.3744871799999885,0.45875267999997504,48f723c1d7752e53a2b494d12a690561d28ca122f9c9779573593c52d76ae6c2,epochfix-b26a5ce183626ca8497b,6.437751650370882,6.481467931865163,DS3,persistent,False,True,True
texbat-DS3-cmte-reconstructed,288.5,288.5,287.04124732,4,0.0074626865671641,0.01343283582089545,164.98525569108472,293.2171295019382,4.433765302359511,4.316264395048076,4.433765302359511,0.9449969656534684,0.04699623999999858,0.3744871799999885,0.45875267999997504,48f723c1d7752e53a2b494d12a690561d28ca122f9c9779573593c52d76ae6c2,epochfix-b26a5ce183626ca8497b,6.437751650212262,6.481467931865163,DS3,persistent,False,True,True
texbat-DS3-cmte-reconstructed,289.0,289.0,287.54124732,4,0.0029850746268656,0.0149253731343283,165.91161740806817,357.91527523485047,4.6070520974994995,4.20469261939097,4.6070520974994995,0.9836855636677306,0.04699623999999858,0.3744871799999885,0.45875267999997504,48f723c1d7752e53a2b494d12a690561d28ca122f9c9779573593c52d76ae6c2,epochfix-b26a5ce183626ca8497b,6.437751650093297,6.481467931865163,DS3,persistent,False,True,True
texbat-DS3-cmte-reconstructed,289.5,289.5,288.04124732,4,0.0014925373134328,0.0149253731343283,185.084278015478,416.8483090688629,4.780338892639486,4.20469261939097,4.780338892639486,1.2834728233827908,0.04699623999999858,0.3744871799999885,0.45875267999997504,48f723c1d7752e53a2b494d12a690561d28ca122f9c9779573593c52d76ae6c2,epochfix-b26a5ce183626ca8497b,6.437751650004073,6.481467931865163,DS3,persistent,False,True,True
texbat-DS3-cmte-reconstructed,290.0,290.0,288.54124732,4,0.008955223880597,0.01194029850746265,169.14405716861867,267.5571636955161,4.4601054312739645,4.4601054312739645,4.4601054312739645,1.0463555698894298,0.04699623999999858,0.3744871799999885,0.45875267999997504,48f723c1d7752e53a2b494d12a690561d28ca122f9c9779573593c52d76ae6c2,epochfix-b26a5ce183626ca8497b,6.437751649937155,6.481467931865163,DS3,persistent,False,True,True
texbat-DS3-cmte-reconstructed,290.5,290.5,289.04124732,4,0.0119402985074626,0.0149253731343283,123.18086700815296,175.11115217934343,4.260478507219524,4.20469261939097,4.260478507219524,0.7751730159080403,0.04699623999999858,0.3744871799999885,0.45875267999997504,48f723c1d7752e53a2b494d12a690561d28ca122f9c9779573593c52d76ae6c2,epochfix-b26a5ce183626ca8497b,6.437751649886967,6.481467931865163,DS3,persistent,False,True,True
texbat-DS3-cmte-reconstructed,291.0,291.0,289.54124732,4,0.008955223880597,0.0149253731343283,143.75315180810912,251.82436548440376,4.308571480381387,4.20469261939097,4.308571480381387,1.0038083137987548,0.04699623999999858,0.3744871799999885,0.45875267999997504,48f723c1d7752e53a2b494d12a690561d28ca122f9c9779573593c52d76ae6c2,epochfix-b26a5ce183626ca8497b,6.437751649849326,6.481467931865163,DS3,persistent,False,True,True
texbat-DS3-cmte-reconstructed,291.5,291.5,290.04124732,4,0.008955223880597,0.0141791044776119,158.9941302227693,256.71259440625386,4.358739154246923,4.257372877219883,4.358739154246923,1.0007628720859243,0.04699623999999858,0.3744871799999885,0.45875267999997504,48f723c1d7752e53a2b494d12a690561d28ca122f9c9779573593c52d76ae6c2,epochfix-b26a5ce183626ca8497b,6.437751649821095,6.481467931865163,DS3,persistent,False,True,True
texbat-DS3-cmte-reconstructed,292.0,292.0,290.54124732,4,0.0029850746268656,0.01194029850746265,206.48946508605275,378.7079155051871,4.734758503440997,4.4601054312739645,4.734758503440997,1.1943284259505926,0.04699623999999858,0.3744871799999885,0.45875267999997504,48f723c1d7752e53a2b494d12a690561d28ca122f9c9779573593c52d76ae6c2,epochfix-b26a5ce183626ca8497b,6.437751649799922,6.481467931865163,DS3,persistent,False,True,True
texbat-DS3-cmte-reconstructed,292.5,292.5,291.04124732,4,0.0014925373134328,0.008955223880596951,301.49760219706604,628.0329633585923,5.182698370748017,5.009411575608031,5.182698370748017,1.7911217004312034,0.04699623999999858,0.3744871799999885,0.45875267999997504,48f723c1d7752e53a2b494d12a690561d28ca122f9c9779573593c52d76ae6c2,epochfix-b26a5ce183626ca8497b,6.437751649784042,6.481467931865163,DS3,persistent,False,True,True
texbat-DS3-cmte-reconstructed,293.0,293.0,291.54124732,4,0.0014925373134328,0.008955223880596951,284.88238161750087,559.5358130649959,5.182698370748017,5.009411575608031,5.182698370748017,1.8453902339556008,0.04699623999999858,0.3744871799999885,0.45875267999997504,48f723c1d7752e53a2b494d12a690561d28ca122f9c9779573593c52d76ae6c2,epochfix-b26a5ce183626ca8497b,6.4377516497721325,6.481467931865163,DS3,persistent,False,True,True
texbat-DS3-cmte-reconstructed,293.5,293.5,292.04124732,4,0.0014925373134328,0.0104477611940298,244.6381314646916,448.9207150534903,5.009411575608025,4.662837985328049,5.009411575608025,1.4294339244524858,0.04699623999999858,0.3744871799999885,0.45875267999997504,48f723c1d7752e53a2b494d12a690561d28ca122f9c9779573593c52d76ae6c2,epochfix-b26a5ce183626ca8497b,6.4377516497632,6.481467931865163,DS3,persistent,False,True,True
texbat-DS3-cmte-reconstructed,294.0,294.0,292.54124732,4,0.0014925373134328,0.00820895522388055,290.41343460287663,518.9359886865655,5.355985165888002,5.355985165888002,5.355985165888002,1.5806012413294463,0.04699623999999858,0.3744871799999885,0.45875267999997504,48f723c1d7752e53a2b494d12a690561d28ca122f9c9779573593c52d76ae6c2,epochfix-b26a5ce183626ca8497b,6.437751649756501,6.481467931865163,DS3,persistent,False,True,True
texbat-DS3-cmte-reconstructed,294.5,294.5,293.04124732,4,0.0014925373134328,0.00820895522388055,335.5716526689828,597.7639673429729,5.355985165888002,5.355985165888002,5.355985165888002,1.657053482559789,0.04699623999999858,0.3744871799999885,0.45875267999997504,48f723c1d7752e53a2b494d12a690561d28ca122f9c9779573593c52d76ae6c2,epochfix-b26a5ce183626ca8497b,6.437751649751476,6.481467931865163,DS3,persistent,False,True,True
texbat-DS3-cmte-reconstructed,295.0,295.0,293.54124732,4,0.0014925373134328,0.00820895522388055,382.3491502876003,720.7540927736936,5.355985165888002,5.355985165888002,5.355985165888002,1.7788081253088734,0.04699623999999858,0.3744871799999885,0.45875267999997504,48f723c1d7752e53a2b494d12a690561d28ca122f9c9779573593c52d76ae6c2,epochfix-b26a5ce183626ca8497b,6.437751649747708,6.481467931865163,DS3,persistent,False,True,True
texbat-DS3-cmte-reconstructed,295.5,295.5,294.04124732,4,0.0014925373134328,0.00820895522388055,366.2902159327493,661.3672320180085,5.355985165888002,5.355985165888002,5.355985165888002,1.8510683847390608,0.04699623999999858,0.3744871799999885,0.45875267999997504,48f723c1d7752e53a2b494d12a690561d28ca122f9c9779573593c52d76ae6c2,epochfix-b26a5ce183626ca8497b,6.4377516497448815,6.481467931865163,DS3,persistent,False,True,True
texbat-DS3-cmte-reconstructed,296.0,296.0,294.54124732,4,0.0014925373134328,0.00820895522388055,433.10553372819186,862.7607475980838,5.355985165888002,5.355985165888002,5.355985165888002,2.246603556268975,0.04699623999999858,0.3744871799999885,0.45875267999997504,48f723c1d7752e53a2b494d12a690561d28ca122f9c9779573593c52d76ae6c2,epochfix-b26a5ce183626ca8497b,6.437751649742761,6.481467931865163,DS3,persistent,False,True,True
texbat-DS3-cmte-reconstructed,296.5,296.5,295.04124732,4,0.0014925373134328,0.00820895522388055,484.7151569353913,917.4527116335782,5.355985165888002,5.355985165888002,5.355985165888002,2.264954345116984,0.04699623999999858,0.3744871799999885,0.45875267999997504,48f723c1d7752e53a2b494d12a690561d28ca122f9c9779573593c52d76ae6c2,epochfix-b26a5ce183626ca8497b,6.4377516497411715,6.481467931865163,DS3,persistent,False,True,True
texbat-DS3-cmte-reconstructed,297.0,297.0,295.54124732,4,0.0014925373134328,0.00820895522388055,352.3819882703932,602.423770939221,5.355985165888002,5.355985165888002,5.355985165888002,1.859657674074384,0.04699623999999858,0.3744871799999885,0.45875267999997504,48f723c1d7752e53a2b494d12a690561d28ca122f9c9779573593c52d76ae6c2,epochfix-b26a5ce183626ca8497b,6.437751649739979,6.481467931865163,DS3,persistent,False,True,True
texbat-DS3-cmte-reconstructed,297.5,297.5,296.04124732,4,0.0014925373134328,0.008955223880596951,278.0861883468474,537.6481083502575,5.182698370748016,5.009411575608031,5.182698370748016,1.6503729213117992,0.04699623999999858,0.3744871799999885,0.45875267999997504,48f723c1d7752e53a2b494d12a690561d28ca122f9c9779573593c52d76ae6c2,epochfix-b26a5ce183626ca8497b,6.437751649739084,6.481467931865163,DS3,persistent,False,True,True
texbat-DS3-cmte-reconstructed,298.0,298.0,296.54124732,4,0.0014925373134328,0.008955223880596951,243.39853051850463,405.3049021107705,5.182698370748016,5.009411575608031,5.182698370748016,1.3897546653934916,0.04699623999999858,0.3744871799999885,0.45875267999997504,48f723c1d7752e53a2b494d12a690561d28ca122f9c9779573593c52d76ae6c2,epochfix-b26a5ce183626ca8497b,6.437751649738414,6.481467931865163,DS3,persistent,False,True,True
texbat-DS3-cmte-reconstructed,298.5,298.5,297.04124732,4,0.0029850746268656,0.008955223880596951,237.96695941437613,376.7657821530138,5.009411575608031,5.009411575608031,5.009411575608031,1.2147104449081705,0.04699623999999858,0.3744871799999885,0.45875267999997504,48f723c1d7752e53a2b494d12a690561d28ca122f9c9779573593c52d76ae6c2,epochfix-b26a5ce183626ca8497b,6.437751649737911,6.481467931865163,DS3,persistent,False,True,True
texbat-DS3-cmte-reconstructed,299.0,299.0,297.54124732,4,0.0014925373134328,0.00820895522388055,289.48620558240737,570.5387055729703,5.355985165888002,5.355985165888002,5.355985165888002,1.3664120272559717,0.04699623999999858,0.3744871799999885,0.45875267999997504,48f723c1d7752e53a2b494d12a690561d28ca122f9c9779573593c52d76ae6c2,epochfix-b26a5ce183626ca8497b,6.4377516497375336,6.481467931865163,DS3,persistent,False,True,True
texbat-DS3-cmte-reconstructed,299.5,299.5,298.04124732,4,0.0014925373134328,0.00820895522388055,386.39089520902286,817.5795020096668,5.355985165888002,5.355985165888002,5.355985165888002,1.919911087858813,0.04699623999999858,0.3744871799999885,0.45875267999997504,48f723c1d7752e53a2b494d12a690561d28ca122f9c9779573593c52d76ae6c2,epochfix-b26a5ce183626ca8497b,6.43775164973725,6.481467931865163,DS3,persistent,False,True,True
texbat-DS3-cmte-reconstructed,300.0,300.0,298.54124732,4,0.0014925373134328,0.00820895522388055,467.5876352397161,977.509840200195,5.355985165888002,5.355985165888002,5.355985165888002,2.4241690568771603,0.04699623999999858,0.3744871799999885,0.45875267999997504,48f723c1d7752e53a2b494d12a690561d28ca122f9c9779573593c52d76ae6c2,epochfix-b26a5ce183626ca8497b,6.437751649737038,6.481467931865163,DS3,persistent,False,True,True
texbat-DS3-cmte-reconstructed,300.5,300.5,299.04124732,4,0.0014925373134328,0.00820895522388055,479.61153808645287,934.8562889305986,5.355985165888002,5.355985165888002,5.355985165888002,2.4113175571374392,0.04699623999999858,0.3744871799999885,0.45875267999997504,48f723c1d7752e53a2b494d12a690561d28ca122f9c9779573593c52d76ae6c2,epochfix-b26a5ce183626ca8497b,6.437751649736879,6.481467931865163,DS3,persistent,False,True,True
texbat-DS3-cmte-reconstructed,301.0,301.0,299.54124732,4,0.0014925373134328,0.00820895522388055,558.9183531305614,1031.1874861252509,5.355985165888002,5.355985165888002,5.355985165888002,2.444020647867432,0.04699623999999858,0.3744871799999885,0.45875267999997504,48f723c1d7752e53a2b494d12a690561d28ca122f9c9779573593c52d76ae6c2,epochfix-b26a5ce183626ca8497b,6.43775164973676,6.481467931865163,DS3,persistent,False,True,True
texbat-DS3-cmte-reconstructed,301.5,301.5,300.04124732,4,0.0014925373134328,0.00820895522388055,619.1222827109749,1121.1819719942264,5.355985165888002,5.355985165888002,5.355985165888002,2.568061013941765,0.04699623999999858,0.3744871799999885,0.45875267999997504,48f723c1d7752e53a2b494d12a690561d28ca122f9c9779573593c52d76ae6c2,epochfix-b26a5ce183626ca8497b,6.43775164973667,6.481467931865163,DS3,persistent,False,True,True
texbat-DS3-cmte-reconstructed,302.0,302.0,300.54124732,4,0.0014925373134328,0.00820895522388055,569.7667818383852,1036.836703651185,5.355985165888002,5.355985165888002,5.355985165888002,2.359389207307981,0.04699623999999858,0.3744871799999885,0.45875267999997504,48f723c1d7752e53a2b494d12a690561d28ca122f9c9779573593c52d76ae6c2,epochfix-b26a5ce183626ca8497b,6.437751649736604,6.481467931865163,DS3,persistent,False,True,True
texbat-DS3-cmte-reconstructed,302.5,302.5,301.04124732,4,0.0014925373134328,0.00820895522388055,592.5605772597385,1129.8095263551154,5.355985165888002,5.355985165888002,5.355985165888002,2.5377560076377144,0.04699623999999858,0.3744871799999885,0.45875267999997504,48f723c1d7752e53a2b494d12a690561d28ca122f9c9779573593c52d76ae6c2,epochfix-b26a5ce183626ca8497b,6.437751649736553,6.481467931865163,DS3,persistent,False,True,True
texbat-DS3-cmte-reconstructed,303.0,303.0,301.54124732,4,0.0014925373134328,0.00820895522388055,649.6860897708314,1307.9922090580317,5.355985165888002,5.355985165888002,5.355985165888002,2.829082974163919,0.04699623999999858,0.3744871799999885,0.45875267999997504,48f723c1d7752e53a2b494d12a690561d28ca122f9c9779573593c52d76ae6c2,epochfix-b26a5ce183626ca8497b,6.437751649736515,6.481467931865163,DS3,persistent,False,True,True
texbat-DS3-cmte-reconstructed,303.5,303.5,302.04124732,4,0.0014925373134328,0.00820895522388055,644.898954524904,1417.8146908343033,5.355985165888002,5.355985165888002,5.355985165888002,3.004748390414784,0.04699623999999858,0.3744871799999885,0.45875267999997504,48f723c1d7752e53a2b494d12a690561d28ca122f9c9779573593c52d76ae6c2,epochfix-b26a5ce183626ca8497b,6.437751649736486,6.481467931865163,DS3,persistent,False,True,True
texbat-DS3-cmte-reconstructed,304.0,304.0,302.54124732,4,0.0014925373134328,0.00820895522388055,660.8224179015434,1549.6824237240626,5.355985165888002,5.355985165888002,5.355985165888002,3.0720576378324567,0.04699623999999858,0.3744871799999885,0.45875267999997504,48f723c1d7752e53a2b494d12a690561d28ca122f9c9779573593c52d76ae6c2,epochfix-b26a5ce183626ca8497b,6.437751649736465,6.481467931865163,DS3,persistent,False,True,True
texbat-DS3-cmte-reconstructed,304.5,304.5,303.04124732,4,0.0014925373134328,0.00820895522388055,602.0040841477181,1426.015425874244,5.355985165888002,5.355985165888002,5.355985165888002,2.9225924982341054,0.04699623999999858,0.3744871799999885,0.45875267999997504,48f723c1d7752e53a2b494d12a690561d28ca122f9c9779573593c52d76ae6c2,epochfix-b26a5ce183626ca8497b,6.437751649736449,6.481467931865163,DS3,persistent,False,True,True
texbat-DS3-cmte-reconstructed,305.0,305.0,303.54124732,4,0.0014925373134328,0.00820895522388055,532.8474484581592,1331.9787670283008,5.355985165888002,5.355985165888002,5.355985165888002,2.815536033042348,0.04699623999999858,0.3744871799999885,0.45875267999997504,48f723c1d7752e53a2b494d12a690561d28ca122f9c9779573593c52d76ae6c2,epochfix-b26a5ce183626ca8497b,6.4377516497364375,6.481467931865163,DS3,persistent,False,True,True
texbat-DS3-cmte-reconstructed,305.5,305.5,304.04124732,4,0.0014925373134328,0.00820895522388055,513.262482336986,1312.3891199203986,5.355985165888002,5.355985165888002,5.355985165888002,2.699959969294213,0.04699623999999858,0.3744871799999885,0.45875267999997504,48f723c1d7752e53a2b494d12a690561d28ca122f9c9779573593c52d76ae6c2,epochfix-b26a5ce183626ca8497b,6.437751649736429,6.481467931865163,DS3,persistent,False,True,True
texbat-DS3-cmte-reconstructed,306.0,306.0,304.54124732,4,0.0014925373134328,0.0104477611940298,420.1441730487118,1144.6625872684112,5.009411575608025,4.662837985328049,5.009411575608025,2.5357836502559112,0.04699623999999858,0.3744871799999885,0.45875267999997504,48f723c1d7752e53a2b494d12a690561d28ca122f9c9779573593c52d76ae6c2,epochfix-b26a5ce183626ca8497b,6.437751649736422,6.481467931865163,DS3,persistent,False,True,True
texbat-DS3-cmte-reconstructed,306.5,306.5,305.04124732,4,0.0014925373134328,0.01194029850746265,336.7173612814641,935.2788560941752,4.9080452985809835,4.4601054312739645,4.9080452985809835,2.332705284165412,0.04699623999999858,0.3744871799999885,0.45875267999997504,48f723c1d7752e53a2b494d12a690561d28ca122f9c9779573593c52d76ae6c2,epochfix-b26a5ce183626ca8497b,6.437751649736417,6.481467931865163,DS3,persistent,False,True,True
texbat-DS3-cmte-reconstructed,307.0,307.0,305.54124732,4,0.0014925373134328,0.0104477611940298,335.2449554547658,825.0699206421389,5.009411575608025,4.662837985328049,5.009411575608025,2.1861951062301315,0.04699623999999858,0.3744871799999885,0.45875267999997504,48f723c1d7752e53a2b494d12a690561d28ca122f9c9779573593c52d76ae6c2,epochfix-b26a5ce183626ca8497b,6.437751649736414,6.481467931865163,DS3,persistent,False,True,True
texbat-DS3-cmte-reconstructed,307.5,307.5,306.04124732,4,0.0014925373134328,0.0104477611940298,355.6533403473856,937.0560791470982,5.009411575608025,4.662837985328049,5.009411575608025,2.341548264627382,0.04699623999999858,0.3744871799999885,0.45875267999997504,48f723c1d7752e53a2b494d12a690561d28ca122f9c9779573593c52d76ae6c2,epochfix-b26a5ce183626ca8497b,6.437751649736411,6.481467931865163,DS3,persistent,False,True,True
texbat-DS3-cmte-reconstructed,308.0,308.0,306.54124732,4,0.0014925373134328,0.008955223880596951,421.79788240633457,1166.900130532029,5.182698370748016,5.009411575608031,5.182698370748016,2.6701006308620534,0.04699623999999858,0.3744871799999885,0.45875267999997504,48f723c1d7752e53a2b494d12a690561d28ca122f9c9779573593c52d76ae6c2,epochfix-b26a5ce183626ca8497b,6.437751649736408,6.481467931865163,DS3,persistent,False,True,True
texbat-DS3-cmte-reconstructed,308.5,308.5,307.04124732,4,0.0014925373134328,0.01194029850746265,357.77757281184716,1058.7764394139294,4.9080452985809835,4.4601054312739645,4.9080452985809835,2.489732839878322,0.04699623999999858,0.3744871799999885,0.45875267999997504,48f723c1d7752e53a2b494d12a690561d28ca122f9c9779573593c52d76ae6c2,epochfix-b26a5ce183626ca8497b,6.4377516497364065,6.481467931865163,DS3,persistent,False,True,True
texbat-DS3-cmte-reconstructed,309.0,309.0,307.54124732,4,0.0014925373134328,0.0149253731343283,241.3202373444172,690.9790282646127,4.734758503440997,4.20469261939097,4.734758503440997,1.9017978077365796,0.04699623999999858,0.3744871799999885,0.45875267999997504,48f723c1d7752e53a2b494d12a690561d28ca122f9c9779573593c52d76ae6c2,epochfix-b26a5ce183626ca8497b,6.437751649736406,6.481467931865163,DS3,persistent,False,True,True
texbat-DS3-cmte-reconstructed,309.5,309.5,308.04124732,4,0.0014925373134328,0.009701492537313401,288.05818676759327,638.0161243370362,5.08133209372097,4.806679021553936,5.08133209372097,1.831837819824192,0.04699623999999858,0.3744871799999885,0.45875267999997504,48f723c1d7752e53a2b494d12a690561d28ca122f9c9779573593c52d76ae6c2,epochfix-b26a5ce183626ca8497b,6.437751649736405,6.481467931865163,DS3,persistent,False,True,True
texbat-DS3-cmte-reconstructed,310.0,310.0,308.54124732,4,0.0014925373134328,0.0104477611940298,273.30256153830163,597.8271797489065,5.009411575608025,4.662837985328049,5.009411575608025,1.8411250397982923,0.04699623999999858,0.3744871799999885,0.45875267999997504,48f723c1d7752e53a2b494d12a690561d28ca122f9c9779573593c52d76ae6c2,epochfix-b26a5ce183626ca8497b,6.437751649736404,6.481467931865163,DS3,persistent,False,True,True
texbat-DS3-cmte-reconstructed,310.5,310.5,309.04124732,4,0.0014925373134328,0.01343283582089545,226.1947085010256,516.3532534445006,4.83612478046804,4.316264395048076,4.83612478046804,1.6890950830676026,0.04699623999999858,0.3744871799999885,0.45875267999997504,48f723c1d7752e53a2b494d12a690561d28ca122f9c9779573593c52d76ae6c2,epochfix-b26a5ce183626ca8497b,6.437751649736403,6.481467931865163,DS3,persistent,False,True,True
texbat-DS3-cmte-reconstructed,311.0,311.0,309.54124732,4,0.0014925373134328,0.0149253731343283,223.17701741581763,556.4374517895958,4.780338892639486,4.20469261939097,4.780338892639486,1.6613842862827677,0.04699623999999858,0.3744871799999885,0.45875267999997504,48f723c1d7752e53a2b494d12a690561d28ca122f9c9779573593c52d76ae6c2,epochfix-b26a5ce183626ca8497b,6.437751649736403,6.481467931865163,DS3,persistent,False,True,True
texbat-DS3-cmte-reconstructed,311.5,311.5,310.04124732,4,0.0014925373134328,0.01343283582089545,222.84060911412504,535.6006735279907,4.83612478046804,4.316264395048076,4.83612478046804,1.598985917562986,0.04699623999999858,0.3744871799999885,0.45875267999997504,48f723c1d7752e53a2b494d12a690561d28ca122f9c9779573593c52d76ae6c2,epochfix-b26a5ce183626ca8497b,6.437751649736403,6.481467931865163,DS3,persistent,False,True,True
texbat-DS3-cmte-reconstructed,312.0,312.0,310.54124732,4,0.0029850746268656,0.01343283582089545,175.4707929145453,374.1387494364184,4.6628379853280535,4.316264395048076,4.6628379853280535,1.4206122877951732,0.04699623999999858,0.3744871799999885,0.45875267999997504,48f723c1d7752e53a2b494d12a690561d28ca122f9c9779573593c52d76ae6c2,epochfix-b26a5ce183626ca8497b,6.437751649736403,6.481467931865163,DS3,persistent,False,True,True
texbat-DS3-cmte-reconstructed,312.5,312.5,311.04124732,4,0.0014925373134328,0.01194029850746265,208.91927999862017,411.9531168423111,4.9080452985809835,4.4601054312739645,4.9080452985809835,1.3970830808422123,0.04699623999999858,0.3744871799999885,0.45875267999997504,48f723c1d7752e53a2b494d12a690561d28ca122f9c9779573593c52d76ae6c2,epochfix-b26a5ce183626ca8497b,6.437751649736403,6.481467931865163,DS3,persistent,False,True,True
texbat-DS3-cmte-reconstructed,313.0,313.0,311.54124732,4,0.0014925373134328,0.008955223880596951,313.27702129563136,678.8353887443225,5.182698370748016,5.009411575608031,5.182698370748016,1.7897095581618907,0.04699623999999858,0.3744871799999885,0.45875267999997504,48f723c1d7752e53a2b494d12a690561d28ca122f9c9779573593c52d76ae6c2,epochfix-b26a5ce183626ca8497b,6.437751649736403,6.481467931865163,DS3,persistent,False,True,True
texbat-DS3-cmte-reconstructed,313.5,313.5,312.04124732,4,0.0014925373134328,0.01343283582089545,281.9936619802146,713.9460362287509,4.83612478046804,4.316264395048076,4.83612478046804,1.983381101013961,0.04699623999999858,0.3744871799999885,0.45875267999997504,48f723c1d7752e53a2b494d12a690561d28ca122f9c9779573593c52d76ae6c2,epochfix-b26a5ce183626ca8497b,6.437751649736403,6.481467931865163,DS3,persistent,False,True,True
texbat-DS3-cmte-reconstructed,314.0,314.0,312.54124732,4,0.0014925373134328,0.0149253731343283,212.4987797386787,481.8685416646388,4.780338892639486,4.20469261939097,4.780338892639486,1.6324903438311689,0.04699623999999858,0.3744871799999885,0.45875267999997504,48f723c1d7752e53a2b494d12a690561d28ca122f9c9779573593c52d76ae6c2,epochfix-b26a5ce183626ca8497b,6.437751649736403,6.481467931865163,DS3,persistent,False,True,True
texbat-DS3-cmte-reconstructed,314.5,314.5,313.04124732,4,0.0014925373134328,0.0149253731343283,204.98206619964176,455.10838844107707,4.780338892639486,4.20469261939097,4.780338892639486,1.4451957426848765,0.04699623999999858,0.3744871799999885,0.45875267999997504,48f723c1d7752e53a2b494d12a690561d28ca122f9c9779573593c52d76ae6c2,epochfix-b26a5ce183626ca8497b,6.437751649736403,6.481467931865163,DS3,persistent,False,True,True
texbat-DS3-cmte-reconstructed,315.0,315.0,313.54124732,4,0.0014925373134328,0.01194029850746265,243.09258002202017,497.8322771301497,4.9080452985809835,4.4601054312739645,4.9080452985809835,1.5521456012818298,0.04699623999999858,0.3744871799999885,0.45875267999997504,48f723c1d7752e53a2b494d12a690561d28ca122f9c9779573593c52d76ae6c2,epochfix-b26a5ce183626ca8497b,6.437751649736403,6.481467931865163,DS3,persistent,False,True,True
texbat-DS3-cmte-reconstructed,315.5,315.5,314.04124732,4,0.0014925373134328,0.008955223880596951,257.60071390416834,457.86313236741626,5.182698370748016,5.009411575608031,5.182698370748016,1.5806429457743492,0.04699623999999858,0.3744871799999885,0.45875267999997504,48f723c1d7752e53a2b494d12a690561d28ca122f9c9779573593c52d76ae6c2,epochfix-b26a5ce183626ca8497b,6.437751649736403,6.481467931865163,DS3,persistent,False,True,True
texbat-DS3-cmte-reconstructed,316.0,316.0,314.54124732,4,0.0074626865671641,0.01194029850746265,192.82835705560623,295.1663361604477,4.505685820472454,4.4601054312739645,4.505685820472454,1.0492400913750213,0.04699623999999858,0.3744871799999885,0.45875267999997504,48f723c1d7752e53a2b494d12a690561d28ca122f9c9779573593c52d76ae6c2,epochfix-b26a5ce183626ca8497b,6.437751649736403,6.481467931865163,DS3,persistent,False,True,True
texbat-DS3-cmte-reconstructed,316.5,316.5,315.04124732,4,0.0059701492537313,0.01194029850746265,198.95586728151847,334.43637817838817,4.561471708301006,4.4601054312739645,4.561471708301006,1.094603932434126,0.04699623999999858,0.3744871799999885,0.45875267999997504,48f723c1d7752e53a2b494d12a690561d28ca122f9c9779573593c52d76ae6c2,epochfix-b26a5ce183626ca8497b,6.437751649736403,6.481467931865163,DS3,persistent,False,True,True
texbat-DS3-cmte-reconstructed,317.0,317.0,315.54124732,4,0.0044776119402985,0.01194029850746265,208.10924553124062,337.05200939113456,4.6333922264139495,4.4601054312739645,4.6333922264139495,1.1812741287732833,0.04699623999999858,0.3744871799999885,0.45875267999997504,48f723c1d7752e53a2b494d12a690561d28ca122f9c9779573593c52d76ae6c2,epochfix-b26a5ce183626ca8497b,6.437751649736403,6.481467931865163,DS3,persistent,False,True,True
texbat-DS3-cmte-reconstructed,317.5,317.5,316.04124732,4,0.0014925373134328,0.011194029850746249,250.69634001267735,453.182733739319,4.934385427495439,4.512785689102876,4.934385427495439,1.5076068552319355,0.04699623999999858,0.3744871799999885,0.45875267999997504,48f723c1d7752e53a2b494d12a690561d28ca122f9c9779573593c52d76ae6c2,epochfix-b26a5ce183626ca8497b,6.437751649736403,6.481467931865163,DS3,persistent,False,True,True
texbat-DS3-cmte-reconstructed,318.0,318.0,316.54124732,4,0.0014925373134328,0.00820895522388055,281.6755922499478,516.4847625864186,5.355985165888002,5.355985165888002,5.355985165888002,1.6859675034138253,0.04699623999999858,0.3744871799999885,0.45875267999997504,48f723c1d7752e53a2b494d12a690561d28ca122f9c9779573593c52d76ae6c2,epochfix-b26a5ce183626ca8497b,6.437751649736403,6.481467931865163,DS3,persistent,False,True,True
texbat-DS3-cmte-reconstructed,318.5,318.5,317.04124732,4,0.0014925373134328,0.00820895522388055,265.79035023591683,466.302600135765,5.355985165888002,5.355985165888002,5.355985165888002,1.4198143862788346,0.04699623999999858,0.3744871799999885,0.45875267999997504,48f723c1d7752e53a2b494d12a690561d28ca122f9c9779573593c52d76ae6c2,epochfix-b26a5ce183626ca8497b,6.437751649736403,6.481467931865163,DS3,persistent,False,True,True
texbat-DS3-cmte-reconstructed,319.0,319.0,317.54124732,4,0.0014925373134328,0.00820895522388055,290.8956163848782,500.3070079653994,5.355985165888002,5.355985165888002,5.355985165888002,1.577428002668289,0.04699623999999858,0.3744871799999885,0.45875267999997504,48f723c1d7752e53a2b494d12a690561d28ca122f9c9779573593c52d76ae6c2,epochfix-b26a5ce183626ca8497b,6.437751649736403,6.481467931865163,DS3,persistent,False,True,True
texbat-DS3-cmte-reconstructed,319.5,319.5,318.04124732,4,0.0014925373134328,0.00820895522388055,349.5903725046369,736.341710042788,5.355985165888002,5.355985165888002,5.355985165888002,2.0162314827431547,0.04699623999999858,0.3744871799999885,0.45875267999997504,48f723c1d7752e53a2b494d12a690561d28ca122f9c9779573593c52d76ae6c2,epochfix-b26a5ce183626ca8497b,6.437751649736403,6.481467931865163,DS3,persistent,False,True,True
texbat-DS3-cmte-reconstructed,320.0,320.0,318.54124732,4,0.0014925373134328,0.00820895522388055,366.2767523437068,860.7091495547143,5.355985165888002,5.355985165888002,5.355985165888002,2.267292519610668,0.04699623999999858,0.3744871799999885,0.45875267999997504,48f723c1d7752e53a2b494d12a690561d28ca122f9c9779573593c52d76ae6c2,epochfix-b26a5ce183626ca8497b,6.437751649736403,6.481467931865163,DS3,persistent,False,True,True
texbat-DS3-cmte-reconstructed,320.5,320.5,319.04124732,4,0.0014925373134328,0.00820895522388055,334.73349939886964,654.4420909256555,5.355985165888002,5.355985165888002,5.355985165888002,1.9447835776684883,0.04699623999999858,0.3744871799999885,0.45875267999997504,48f723c1d7752e53a2b494d12a690561d28ca122f9c9779573593c52d76ae6c2,epochfix-b26a5ce183626ca8497b,6.437751649736403,6.481467931865163,DS3,persistent,False,True,True
texbat-DS3-cmte-reconstructed,321.0,321.0,319.54124732,4,0.0014925373134328,0.00820895522388055,280.84119051089516,499.9898950730967,5.355985165888002,5.355985165888002,5.355985165888002,1.563228441260665,0.04699623999999858,0.3744871799999885,0.45875267999997504,48f723c1d7752e53a2b494d12a690561d28ca122f9c9779573593c52d76ae6c2,epochfix-b26a5ce183626ca8497b,6.437751649736403,6.481467931865163,DS3,persistent,False,True,True
texbat-DS3-cmte-reconstructed,321.5,321.5,320.04124732,4,0.0014925373134328,0.00820895522388055,265.04603049179985,474.4119078957507,5.355985165888002,5.355985165888002,5.355985165888002,1.4928250025362797,0.04699623999999858,0.3744871799999885,0.45875267999997504,48f723c1d7752e53a2b494d12a690561d28ca122f9c9779573593c52d76ae6c2,epochfix-b26a5ce183626ca8497b,6.437751649736403,6.481467931865163,DS3,persistent,False,True,True
texbat-DS3-cmte-reconstructed,322.0,322.0,320.54124732,4,0.0014925373134328,0.00820895522388055,312.88655267124557,647.8132812870795,5.355985165888002,5.355985165888002,5.355985165888002,1.8406111075841265,0.04699623999999858,0.3744871799999885,0.45875267999997504,48f723c1d7752e53a2b494d12a690561d28ca122f9c9779573593c52d76ae6c2,epochfix-b26a5ce183626ca8497b,6.437751649736403,6.481467931865163,DS3,persistent,False,True,True
texbat-DS3-cmte-reconstructed,322.5,322.5,321.04124732,4,0.0014925373134328,0.0104477611940298,295.82437649553634,688.51090624011,5.009411575608025,4.662837985328049,5.009411575608025,1.922428971689033,0.04699623999999858,0.3744871799999885,0.45875267999997504,48f723c1d7752e53a2b494d12a690561d28ca122f9c9779573593c52d76ae6c2,epochfix-b26a5ce183626ca8497b,6.437751649736403,6.481467931865163,DS3,persistent,False,True,True
texbat-DS3-cmte-reconstructed,323.0,323.0,321.54124732,4,0.0014925373134328,0.01194029850746265,286.10843513686575,702.6640954439013,4.9080452985809835,4.4601054312739645,4.9080452985809835,1.9362133494640064,0.04699623999999858,0.3744871799999885,0.45875267999997504,48f723c1d7752e53a2b494d12a690561d28ca122f9c9779573593c52d76ae6c2,epochfix-b26a5ce183626ca8497b,6.437751649736403,6.481467931865163,DS3,persistent,False,True,True
texbat-DS3-cmte-reconstructed,323.5,323.5,322.04124732,4,0.0014925373134328,0.01194029850746265,257.7121075400425,622.6485751933179,4.9080452985809835,4.4601054312739645,4.9080452985809835,1.753310355561384,0.04699623999999858,0.3744871799999885,0.45875267999997504,48f723c1d7752e53a2b494d12a690561d28ca122f9c9779573593c52d76ae6c2,epochfix-b26a5ce183626ca8497b,6.437751649736403,6.481467931865163,DS3,persistent,False,True,True
texbat-DS3-cmte-reconstructed,324.0,324.0,322.54124732,4,0.0014925373134328,0.012686567164179052,263.77309562417304,662.5003781164646,4.86950762862417,4.383030091360337,4.86950762862417,1.725642338151234,0.04699623999999858,0.3744871799999885,0.45875267999997504,48f723c1d7752e53a2b494d12a690561d28ca122f9c9779573593c52d76ae6c2,epochfix-b26a5ce183626ca8497b,6.437751649736403,6.481467931865163,DS3,persistent,False,True,True
texbat-DS3-cmte-reconstructed,324.5,324.5,323.04124732,4,0.0014925373134328,0.01343283582089545,314.8161850034945,902.3398501628012,4.83612478046804,4.316264395048076,4.83612478046804,2.18717013771477,0.04699623999999858,0.3744871799999885,0.45875267999997504,48f723c1d7752e53a2b494d12a690561d28ca122f9c9779573593c52d76ae6c2,epochfix-b26a5ce183626ca8497b,6.437751649736403,6.481467931865163,DS3,persistent,False,True,True
texbat-DS3-cmte-reconstructed,325.0,325.0,323.54124732,4,0.0014925373134328,0.01343283582089545,332.2494336680833,918.2224180070784,4.83612478046804,4.316264395048076,4.83612478046804,2.246175112115992,0.04699623999999858,0.3744871799999885,0.45875267999997504,48f723c1d7752e53a2b494d12a690561d28ca122f9c9779573593c52d76ae6c2,epochfix-b26a5ce183626ca8497b,6.437751649736403,6.481467931865163,DS3,persistent,False,True,True
texbat-DS3-cmte-reconstructed,325.5,325.5,324.04124732,4,0.0014925373134328,0.010447761194029799,292.524729873073,663.5291802606839,4.9638311864095375,4.571677206931071,4.9638311864095375,1.859034478100611,0.04699623999999858,0.3744871799999885,0.45875267999997504,48f723c1d7752e53a2b494d12a690561d28ca122f9c9779573593c52d76ae6c2,epochfix-b26a5ce183626ca8497b,6.437751649736403,6.481467931865163,DS3,persistent,False,True,True
texbat-DS3-cmte-reconstructed,326.0,326.0,324.54124732,4,0.0014925373134328,0.00820895522388055,318.52701355193153,624.4962748496348,5.355985165888002,5.355985165888002,5.355985165888002,1.8030470772782416,0.04699623999999858,0.3744871799999885,0.45875267999997504,48f723c1d7752e53a2b494d12a690561d28ca122f9c9779573593c52d76ae6c2,epochfix-b26a5ce183626ca8497b,6.437751649736403,6.481467931865163,DS3,persistent,False,True,True
texbat-DS3-cmte-reconstructed,326.5,326.5,325.04124732,4,0.0014925373134328,0.00820895522388055,364.92800583577156,715.1889480614277,5.355985165888002,5.355985165888002,5.355985165888002,1.9949130396007184,0.04699623999999858,0.3744871799999885,0.45875267999997504,48f723c1d7752e53a2b494d12a690561d28ca122f9c9779573593c52d76ae6c2,epochfix-b26a5ce183626ca8497b,6.437751649736403,6.481467931865163,DS3,persistent,False,True,True
texbat-DS3-cmte-reconstructed,327.0,327.0,325.54124732,4,0.0014925373134328,0.00820895522388055,369.00734548370343,763.8007606338124,5.355985165888002,5.355985165888002,5.355985165888002,2.0569956164645427,0.04699623999999858,0.3744871799999885,0.45875267999997504,48f723c1d7752e53a2b494d12a690561d28ca122f9c9779573593c52d76ae6c2,epochfix-b26a5ce183626ca8497b,6.437751649736403,6.481467931865163,DS3,persistent,False,True,True
texbat-DS3-cmte-reconstructed,327.5,327.5,326.04124732,4,0.0014925373134328,0.00820895522388055,373.9899177843552,812.3398008474974,5.355985165888002,5.355985165888002,5.355985165888002,2.101628852745124,0.04699623999999858,0.3744871799999885,0.45875267999997504,48f723c1d7752e53a2b494d12a690561d28ca122f9c9779573593c52d76ae6c2,epochfix-b26a5ce183626ca8497b,6.437751649736403,6.481467931865163,DS3,persistent,False,True,True
texbat-DS3-cmte-reconstructed,328.0,328.0,326.54124732,4,0.0014925373134328,0.01194029850746265,310.19556133094846,725.0038290360444,4.9080452985809835,4.4601054312739645,4.9080452985809835,1.9548168768473115,0.04699623999999858,0.3744871799999885,0.45875267999997504,48f723c1d7752e53a2b494d12a690561d28ca122f9c9779573593c52d76ae6c2,epochfix-b26a5ce183626ca8497b,6.437751649736403,6.481467931865163,DS3,persistent,False,True,True
texbat-DS3-cmte-reconstructed,328.5,328.5,327.04124732,4,0.0014925373134328,0.01194029850746265,328.79066826298316,838.547611813033,4.9080452985809835,4.4601054312739645,4.9080452985809835,2.097491098042398,0.04699623999999858,0.3744871799999885,0.45875267999997504,48f723c1d7752e53a2b494d12a690561d28ca122f9c9779573593c52d76ae6c2,epochfix-b26a5ce183626ca8497b,6.437751649736403,6.481467931865163,DS3,persistent,False,True,True
texbat-DS3-cmte-reconstructed,329.0,329.0,327.54124732,4,0.0014925373134328,0.008955223880597,404.8842783516019,992.6309676289502,5.035751704522481,4.715518243156958,5.035751704522481,2.3514997979782746,0.04699623999999858,0.3744871799999885,0.45875267999997504,48f723c1d7752e53a2b494d12a690561d28ca122f9c9779573593c52d76ae6c2,epochfix-b26a5ce183626ca8497b,6.437751649736403,6.481467931865163,DS3,persistent,False,True,True
texbat-DS3-cmte-reconstructed,329.5,329.5,328.04124732,4,0.0014925373134328,0.0067164179104477004,418.9926145233265,994.8752332380864,5.411771053716556,5.4675569415451095,5.411771053716556,2.395905847940889,0.04699623999999858,0.3744871799999885,0.45875267999997504,48f723c1d7752e53a2b494d12a690561d28ca122f9c9779573593c52d76ae6c2,epochfix-b26a5ce183626ca8497b,6.437751649736403,6.481467931865163,DS3,persistent,False,True,True
texbat-DS3-cmte-reconstructed,330.0,330.0,328.54124732,4,0.0014925373134328,0.00820895522388055,403.98721870247687,954.4591312692336,5.355985165888002,5.355985165888002,5.355985165888002,2.3406851410965124,0.04699623999999858,0.3744871799999885,0.45875267999997504,48f723c1d7752e53a2b494d12a690561d28ca122f9c9779573593c52d76ae6c2,epochfix-b26a5ce183626ca8497b,6.437751649736403,6.481467931865163,DS3,persistent,False,True,True
texbat-DS3-cmte-reconstructed,330.5,330.5,329.04124732,4,0.0014925373134328,0.00820895522388055,403.8454273576907,940.142209436571,5.355985165888002,5.355985165888002,5.355985165888002,2.3154497722736846,0.04699623999999858,0.3744871799999885,0.45875267999997504,48f723c1d7752e53a2b494d12a690561d28ca122f9c9779573593c52d76ae6c2,epochfix-b26a5ce183626ca8497b,6.437751649736403,6.481467931865163,DS3,persistent,False,True,True
texbat-DS3-cmte-reconstructed,331.0,331.0,329.54124732,4,0.0014925373134328,0.010447761194029799,379.3351942302418,922.356169389342,4.9638311864095375,4.571677206931071,4.9638311864095375,2.337946727306625,0.04699623999999858,0.3744871799999885,0.45875267999997504,48f723c1d7752e53a2b494d12a690561d28ca122f9c9779573593c52d76ae6c2,epochfix-b26a5ce183626ca8497b,6.437751649736403,6.481467931865163,DS3,persistent,False,True,True
texbat-DS3-cmte-reconstructed,331.5,331.5,330.04124732,4,0.0014925373134328,0.01343283582089545,334.554903279056,893.3638641585037,4.83612478046804,4.316264395048076,4.83612478046804,2.2566990817538515,0.04699623999999858,0.3744871799999885,0.45875267999997504,48f723c1d7752e53a2b494d12a690561d28ca122f9c9779573593c52d76ae6c2,epochfix-b26a5ce183626ca8497b,6.437751649736403,6.481467931865163,DS3,persistent,False,True,True
texbat-DS3-cmte-reconstructed,332.0,332.0,330.54124732,4,0.0014925373134328,0.01343283582089545,347.6812433453112,948.6706186538069,4.83612478046804,4.316264395048076,4.83612478046804,2.2772722818195303,0.04699623999999858,0.3744871799999885,0.45875267999997504,48f723c1d7752e53a2b494d12a690561d28ca122f9c9779573593c52d76ae6c2,epochfix-b26a5ce183626ca8497b,6.437751649736403,6.481467931865163,DS3,persistent,False,True,True
texbat-DS3-cmte-reconstructed,332.5,332.5,331.04124732,4,0.0014925373134328,0.01343283582089545,375.14516832570223,1080.219128341872,4.83612478046804,4.316264395048076,4.83612478046804,2.501344570273284,0.04699623999999858,0.3744871799999885,0.45875267999997504,48f723c1d7752e53a2b494d12a690561d28ca122f9c9779573593c52d76ae6c2,epochfix-b26a5ce183626ca8497b,6.437751649736403,6.481467931865163,DS3,persistent,False,True,True
texbat-DS3-cmte-reconstructed,333.0,333.0,331.54124732,4,0.0014925373134328,0.01194029850746265,393.5218766973834,1127.951419563914,4.9080452985809835,4.4601054312739645,4.9080452985809835,2.5361328806812597,0.04699623999999858,0.3744871799999885,0.45875267999997504,48f723c1d7752e53a2b494d12a690561d28ca122f9c9779573593c52d76ae6c2,epochfix-b26a5ce183626ca8497b,6.437751649736403,6.481467931865163,DS3,persistent,False,True,True
texbat-DS3-cmte-reconstructed,333.5,333.5,332.04124732,4,0.0014925373134328,0.01343283582089545,366.10999314757316,1101.2704777355016,4.83612478046804,4.316264395048076,4.83612478046804,2.5536211252605887,0.04699623999999858,0.3744871799999885,0.45875267999997504,48f723c1d7752e53a2b494d12a690561d28ca122f9c9779573593c52d76ae6c2,epochfix-b26a5ce183626ca8497b,6.437751649736403,6.481467931865163,DS3,persistent,False,True,True
texbat-DS3-cmte-reconstructed,334.0,334.0,332.54124732,4,0.0014925373134328,0.01343283582089545,374.04377683179933,1116.3098299983394,4.83612478046804,4.316264395048076,4.83612478046804,2.6712264000592927,0.04699623999999858,0.3744871799999885,0.45875267999997504,48f723c1d7752e53a2b494d12a690561d28ca122f9c9779573593c52d76ae6c2,epochfix-b26a5ce183626ca8497b,6.437751649736403,6.481467931865163,DS3,persistent,False,True,True
texbat-DS3-cmte-reconstructed,334.5,334.5,333.04124732,4,0.0014925373134328,0.0074626865671641,424.25225920642987,999.267336254558,5.23848425857657,5.120983351265137,5.23848425857657,2.485218918516745,0.04699623999999858,0.3744871799999885,0.45875267999997504,48f723c1d7752e53a2b494d12a690561d28ca122f9c9779573593c52d76ae6c2,epochfix-b26a5ce183626ca8497b,6.437751649736403,6.481467931865163,DS3,persistent,False,True,True
texbat-DS3-cmte-reconstructed,335.0,335.0,333.54124732,4,0.0014925373134328,0.0119402985074626,361.2070649695142,907.092529489658,4.918250797211049,4.427836170705183,4.918250797211049,2.358443993941707,0.04699623999999858,0.3744871799999885,0.45875267999997504,48f723c1d7752e53a2b494d12a690561d28ca122f9c9779573593c52d76ae6c2,epochfix-b26a5ce183626ca8497b,6.437751649736403,6.481467931865163,DS3,persistent,False,True,True
texbat-DS3-cmte-reconstructed,335.5,335.5,334.04124732,4,0.0014925373134328,0.0149253731343283,295.18849244611454,833.8936676235053,4.780338892639486,4.20469261939097,4.780338892639486,2.2164177162434733,0.04699623999999858,0.3744871799999885,0.45875267999997504,48f723c1d7752e53a2b494d12a690561d28ca122f9c9779573593c52d76ae6c2,epochfix-b26a5ce183626ca8497b,6.437751649736403,6.481467931865163,DS3,persistent,False,True,True
texbat-DS3-cmte-reconstructed,336.0,336.0,334.54124732,4,0.0014925373134328,0.01194029850746265,342.72530719275255,955.9133103807864,4.9080452985809835,4.4601054312739645,4.9080452985809835,2.283600815838675,0.04699623999999858,0.3744871799999885,0.45875267999997504,48f723c1d7752e53a2b494d12a690561d28ca122f9c9779573593c52d76ae6c2,epochfix-b26a5ce183626ca8497b,6.437751649736403,6.481467931865163,DS3,persistent,False,True,True
texbat-DS3-cmte-reconstructed,336.5,336.5,335.04124732,4,0.0014925373134328,0.01343283582089545,386.6123739417209,1119.2160172437348,4.83612478046804,4.316264395048076,4.83612478046804,2.468487872089087,0.04699623999999858,0.3744871799999885,0.45875267999997504,48f723c1d7752e53a2b494d12a690561d28ca122f9c9779573593c52d76ae6c2,epochfix-b26a5ce183626ca8497b,6.437751649736403,6.481467931865163,DS3,persistent,False,True,True
texbat-DS3-cmte-reconstructed,337.0,337.0,335.54124732,4,0.0014925373134328,0.0149253731343283,365.2407853377496,1093.6707012782558,4.780338892639486,4.20469261939097,4.780338892639486,2.481065215291798,0.04699623999999858,0.3744871799999885,0.45875267999997504,48f723c1d7752e53a2b494d12a690561d28ca122f9c9779573593c52d76ae6c2,epochfix-b26a5ce183626ca8497b,6.437751649736403,6.481467931865163,DS3,persistent,False,True,True
texbat-DS3-cmte-reconstructed,337.5,337.5,336.04124732,4,0.0014925373134328,0.00820895522388055,408.7952051860029,946.275620608446,5.355985165888002,5.355985165888002,5.355985165888002,2.291162080222965,0.04699623999999858,0.3744871799999885,0.45875267999997504,48f723c1d7752e53a2b494d12a690561d28ca122f9c9779573593c52d76ae6c2,epochfix-b26a5ce183626ca8497b,6.437751649736403,6.481467931865163,DS3,persistent,False,True,True
texbat-DS3-cmte-reconstructed,338.0,338.0,336.54124732,4,0.0014925373134328,0.00820895522388055,467.22077909243575,1039.3372578360336,5.355985165888002,5.355985165888002,5.355985165888002,2.3934797838587896,0.04699623999999858,0.3744871799999885,0.45875267999997504,48f723c1d7752e53a2b494d12a690561d28ca122f9c9779573593c52d76ae6c2,epochfix-b26a5ce183626ca8497b,6.437751649736403,6.481467931865163,DS3,persistent,False,True,True
texbat-DS3-cmte-reconstructed,338.5,338.5,337.04124732,4,0.0014925373134328,0.00820895522388055,420.5152333409585,1017.0777701874938,5.355985165888002,5.355985165888002,5.355985165888002,2.4346729141745604,0.04699623999999858,0.3744871799999885,0.45875267999997504,48f723c1d7752e53a2b494d12a690561d28ca122f9c9779573593c52d76ae6c2,epochfix-b26a5ce183626ca8497b,6.437751649736403,6.481467931865163,DS3,persistent,False,True,True
texbat-DS3-cmte-reconstructed,339.0,339.0,337.54124732,4,0.0014925373134328,0.0104477611940298,392.5424532831837,998.0246248838744,5.009411575608025,4.662837985328049,5.009411575608025,2.416977692563565,0.04699623999999858,0.3744871799999885,0.45875267999997504,48f723c1d7752e53a2b494d12a690561d28ca122f9c9779573593c52d76ae6c2,epochfix-b26a5ce183626ca8497b,6.437751649736403,6.481467931865163,DS3,persistent,False,True,True
texbat-DS3-cmte-reconstructed,339.5,339.5,338.04124732,4,0.0014925373134328,0.01194029850746265,379.00159355545236,1001.3987268754828,4.9080452985809835,4.4601054312739645,4.9080452985809835,2.394008827766562,0.04699623999999858,0.3744871799999885,0.45875267999997504,48f723c1d7752e53a2b494d12a690561d28ca122f9c9779573593c52d76ae6c2,epochfix-b26a5ce183626ca8497b,6.437751649736403,6.481467931865163,DS3,persistent,False,True,True
texbat-DS3-cmte-reconstructed,340.0,340.0,338.54124732,4,0.0014925373134328,0.0111940298507462,408.38747795075255,1057.391859805116,4.953625687779475,4.5512662096709455,4.953625687779475,2.463475666861557,0.04699623999999858,0.3744871799999885,0.45875267999997504,48f723c1d7752e53a2b494d12a690561d28ca122f9c9779573593c52d76ae6c2,epochfix-b26a5ce183626ca8497b,6.437751649736403,6.481467931865163,DS3,persistent,False,True,True
texbat-DS3-cmte-reconstructed,340.5,340.5,339.04124732,4,0.0014925373134328,0.00820895522388055,392.1171614193016,926.5672907514988,5.355985165888002,5.355985165888002,5.355985165888002,2.201829366713159,0.04699623999999858,0.3744871799999885,0.45875267999997504,48f723c1d7752e53a2b494d12a690561d28ca122f9c9779573593c52d76ae6c2,epochfix-b26a5ce183626ca8497b,6.437751649736403,6.481467931865163,DS3,persistent,False,True,True
texbat-DS3-cmte-reconstructed,341.0,341.0,339.54124732,4,0.0014925373134328,0.00820895522388055,396.51290871131937,701.0265320056583,5.355985165888002,5.355985165888002,5.355985165888002,1.7983178001748636,0.04699623999999858,0.3744871799999885,0.45875267999997504,48f723c1d7752e53a2b494d12a690561d28ca122f9c9779573593c52d76ae6c2,epochfix-b26a5ce183626ca8497b,6.437751649736403,6.481467931865163,DS3,persistent,False,True,True
texbat-DS3-cmte-reconstructed,341.5,341.5,340.04124732,4,0.0014925373134328,0.0067164179104477004,409.7136065008942,759.4148967416515,5.411771053716556,5.4675569415451095,5.411771053716556,2.005176207650404,0.04699623999999858,0.3744871799999885,0.45875267999997504,48f723c1d7752e53a2b494d12a690561d28ca122f9c9779573593c52d76ae6c2,epochfix-b26a5ce183626ca8497b,6.437751649736403,6.481467931865163,DS3,persistent,False,True,True
texbat-DS3-cmte-reconstructed,342.0,342.0,340.54124732,4,0.0014925373134328,0.0067164179104477004,376.39595558479186,702.0940678441468,5.411771053716556,5.4675569415451095,5.411771053716556,1.9828201016009133,0.04699623999999858,0.3744871799999885,0.45875267999997504,48f723c1d7752e53a2b494d12a690561d28ca122f9c9779573593c52d76ae6c2,epochfix-b26a5ce183626ca8497b,6.437751649736403,6.481467931865163,DS3,persistent,False,True,True
texbat-DS3-cmte-reconstructed,342.5,342.5,341.04124732,4,0.0014925373134328,0.00820895522388055,341.33375810797503,643.1503575799402,5.355985165888002,5.355985165888002,5.355985165888002,1.805375624820405,0.04699623999999858,0.3744871799999885,0.45875267999997504,48f723c1d7752e53a2b494d12a690561d28ca122f9c9779573593c52d76ae6c2,epochfix-b26a5ce183626ca8497b,6.437751649736403,6.481467931865163,DS3,persistent,False,True,True
texbat-DS3-cmte-reconstructed,343.0,343.0,341.54124732,4,0.0014925373134328,0.00820895522388055,324.6658943995261,565.617617055906,5.355985165888002,5.355985165888002,5.355985165888002,1.6674431021297669,0.04699623999999858,0.3744871799999885,0.45875267999997504,48f723c1d7752e53a2b494d12a690561d28ca122f9c9779573593c52d76ae6c2,epochfix-b26a5ce183626ca8497b,6.437751649736403,6.481467931865163,DS3,persistent,False,True,True
texbat-DS3-cmte-reconstructed,343.5,343.5,342.04124732,4,0.0014925373134328,0.00820895522388055,313.0721141123832,598.298346859857,5.355985165888002,5.355985165888002,5.355985165888002,1.7308044867578385,0.04699623999999858,0.3744871799999885,0.45875267999997504,48f723c1d7752e53a2b494d12a690561d28ca122f9c9779573593c52d76ae6c2,epochfix-b26a5ce183626ca8497b,6.437751649736403,6.481467931865163,DS3,persistent,False,True,True
texbat-DS3-cmte-reconstructed,344.0,344.0,342.54124732,4,0.0014925373134328,0.0104477611940298,271.1770393467449,541.4473292591764,5.009411575608025,4.662837985328049,5.009411575608025,1.6315444665213998,0.04699623999999858,0.3744871799999885,0.45875267999997504,48f723c1d7752e53a2b494d12a690561d28ca122f9c9779573593c52d76ae6c2,epochfix-b26a5ce183626ca8497b,6.437751649736403,6.481467931865163,DS3,persistent,False,True,True
texbat-DS3-cmte-reconstructed,344.5,344.5,343.04124732,4,0.0014925373134328,0.008955223880596951,301.5608691269867,642.6698235075929,5.182698370748016,5.009411575608031,5.182698370748016,1.7185643118788316,0.04699623999999858,0.3744871799999885,0.45875267999997504,48f723c1d7752e53a2b494d12a690561d28ca122f9c9779573593c52d76ae6c2,epochfix-b26a5ce183626ca8497b,6.437751649736403,6.481467931865163,DS3,persistent,False,True,True
texbat-DS3-cmte-reconstructed,345.0,345.0,343.54124732,4,0.0014925373134328,0.008955223880596951,302.05469835451015,633.8423215624247,5.182698370748016,5.009411575608031,5.182698370748016,1.7854935717341345,0.04699623999999858,0.3744871799999885,0.45875267999997504,48f723c1d7752e53a2b494d12a690561d28ca122f9c9779573593c52d76ae6c2,epochfix-b26a5ce183626ca8497b,6.437751649736403,6.481467931865163,DS3,persistent,False,True,True
texbat-DS3-cmte-reconstructed,345.5,345.5,344.04124732,4,0.0014925373134328,0.0104477611940298,293.24081119685945,629.770304127843,5.009411575608025,4.662837985328049,5.009411575608025,1.7493107911151784,0.04699623999999858,0.3744871799999885,0.45875267999997504,48f723c1d7752e53a2b494d12a690561d28ca122f9c9779573593c52d76ae6c2,epochfix-b26a5ce183626ca8497b,6.437751649736403,6.481467931865163,DS3,persistent,False,True,True
texbat-DS3-cmte-reconstructed,346.0,346.0,344.54124732,4,0.0014925373134328,0.00820895522388055,345.50798404753505,712.3618216773998,5.355985165888002,5.355985165888002,5.355985165888002,1.8944325207333663,0.04699623999999858,0.3744871799999885,0.45875267999997504,48f723c1d7752e53a2b494d12a690561d28ca122f9c9779573593c52d76ae6c2,epochfix-b26a5ce183626ca8497b,6.437751649736403,6.481467931865163,DS3,persistent,False,True,True
texbat-DS3-cmte-reconstructed,346.5,346.5,345.04124732,4,0.0014925373134328,0.00820895522388055,360.17752490439227,708.3247087024124,5.355985165888002,5.355985165888002,5.355985165888002,1.960649468888848,0.04699623999999858,0.3744871799999885,0.45875267999997504,48f723c1d7752e53a2b494d12a690561d28ca122f9c9779573593c52d76ae6c2,epochfix-b26a5ce183626ca8497b,6.437751649736403,6.481467931865163,DS3,persistent,False,True,True
texbat-DS3-cmte-reconstructed,347.0,347.0,345.54124732,4,0.0014925373134328,0.00820895522388055,441.68720197869413,779.469041899536,5.355985165888002,5.355985165888002,5.355985165888002,2.0511558818776034,0.04699623999999858,0.3744871799999885,0.45875267999997504,48f723c1d7752e53a2b494d12a690561d28ca122f9c9779573593c52d76ae6c2,epochfix-b26a5ce183626ca8497b,6.437751649736403,6.481467931865163,DS3,persistent,False,True,True
texbat-DS3-cmte-reconstructed,347.5,347.5,346.04124732,4,0.0014925373134328,0.00820895522388055,446.86041929711257,791.7968207018034,5.355985165888002,5.355985165888002,5.355985165888002,2.0096655311121534,0.04699623999999858,0.3744871799999885,0.45875267999997504,48f723c1d7752e53a2b494d12a690561d28ca122f9c9779573593c52d76ae6c2,epochfix-b26a5ce183626ca8497b,6.437751649736403,6.481467931865163,DS3,persistent,False,True,True
texbat-DS3-cmte-reconstructed,348.0,348.0,346.54124732,4,0.0014925373134328,0.00820895522388055,387.4697991590514,746.8990432724468,5.355985165888002,5.355985165888002,5.355985165888002,1.992969575012394,0.04699623999999858,0.3744871799999885,0.45875267999997504,48f723c1d7752e53a2b494d12a690561d28ca122f9c9779573593c52d76ae6c2,epochfix-b26a5ce183626ca8497b,6.437751649736403,6.481467931865163,DS3,persistent,False,True,True
texbat-DS3-cmte-reconstructed,348.5,348.5,347.04124732,4,0.0014925373134328,0.00746268656716415,413.29826690194517,810.5566781253494,5.382325294802459,5.408665423716915,5.382325294802459,2.1268497035782463,0.04699623999999858,0.3744871799999885,0.45875267999997504,48f723c1d7752e53a2b494d12a690561d28ca122f9c9779573593c52d76ae6c2,epochfix-b26a5ce183626ca8497b,6.437751649736403,6.481467931865163,DS3,persistent,False,True,True
texbat-DS3-cmte-reconstructed,349.0,349.0,347.54124732,4,0.0014925373134328,0.00746268656716415,399.84652267049233,781.368130762942,5.382325294802459,5.408665423716915,5.382325294802459,2.1079379379827223,0.04699623999999858,0.3744871799999885,0.45875267999997504,48f723c1d7752e53a2b494d12a690561d28ca122f9c9779573593c52d76ae6c2,epochfix-b26a5ce183626ca8497b,6.437751649736403,6.481467931865163,DS3,persistent,False,True,True
texbat-DS3-cmte-reconstructed,349.5,349.5,348.04124732,4,0.0014925373134328,0.0074626865671641,309.5758181525161,636.4273657367573,5.23848425857657,5.120983351265137,5.23848425857657,1.893928616669562,0.04699623999999858,0.3744871799999885,0.45875267999997504,48f723c1d7752e53a2b494d12a690561d28ca122f9c9779573593c52d76ae6c2,epochfix-b26a5ce183626ca8497b,6.437751649736403,6.481467931865163,DS3,persistent,False,True,True
texbat-DS3-cmte-reconstructed,350.0,350.0,348.54124732,4,0.0014925373134328,0.010447761194029799,262.75874712234537,557.4974690939836,4.963831186409537,4.571677206931071,4.963831186409537,1.6538692283835938,0.04699623999999858,0.3744871799999885,0.45875267999997504,48f723c1d7752e53a2b494d12a690561d28ca122f9c9779573593c52d76ae6c2,epochfix-b26a5ce183626ca8497b,6.437751649736403,6.481467931865163,DS3,persistent,False,True,True
texbat-DS3-cmte-reconstructed,350.5,350.5,349.04124732,4,0.0014925373134328,0.009701492537313349,280.7646203189553,576.2570758407531,5.009411575608028,4.662837985328053,5.009411575608028,1.715750718251096,0.04699623999999858,0.3744871799999885,0.45875267999997504,48f723c1d7752e53a2b494d12a690561d28ca122f9c9779573593c52d76ae6c2,epochfix-b26a5ce183626ca8497b,6.437751649736403,6.481467931865163,DS3,persistent,False,True,True
texbat-DS3-cmte-reconstructed,351.0,351.0,349.54124732,4,0.0014925373134328,0.00820895522388055,374.7457940490856,633.9432620496673,5.355985165888002,5.355985165888002,5.355985165888002,1.823834065885937,0.04699623999999858,0.3744871799999885,0.45875267999997504,48f723c1d7752e53a2b494d12a690561d28ca122f9c9779573593c52d76ae6c2,epochfix-b26a5ce183626ca8497b,6.437751649736403,6.481467931865163,DS3,persistent,False,True,True
texbat-DS3-cmte-reconstructed,351.5,351.5,350.04124732,4,0.0014925373134328,0.00820895522388055,431.0315183274245,922.8116184136866,5.355985165888002,5.355985165888002,5.355985165888002,2.210814840113989,0.04699623999999858,0.3744871799999885,0.45875267999997504,48f723c1d7752e53a2b494d12a690561d28ca122f9c9779573593c52d76ae6c2,epochfix-b26a5ce183626ca8497b,6.437751649736403,6.481467931865163,DS3,persistent,False,True,True
texbat-DS3-cmte-reconstructed,352.0,352.0,350.54124732,4,0.0014925373134328,0.00820895522388055,417.7924433987882,928.2403711262864,5.355985165888002,5.355985165888002,5.355985165888002,2.2900358998601176,0.04699623999999858,0.3744871799999885,0.45875267999997504,48f723c1d7752e53a2b494d12a690561d28ca122f9c9779573593c52d76ae6c2,epochfix-b26a5ce183626ca8497b,6.437751649736403,6.481467931865163,DS3,persistent,False,True,True
texbat-DS3-cmte-reconstructed,352.5,352.5,351.04124732,4,0.0014925373134328,0.00820895522388055,386.10972206939437,667.6678704618469,5.355985165888002,5.355985165888002,5.355985165888002,1.919017309469166,0.04699623999999858,0.3744871799999885,0.45875267999997504,48f723c1d7752e53a2b494d12a690561d28ca122f9c9779573593c52d76ae6c2,epochfix-b26a5ce183626ca8497b,6.437751649736403,6.481467931865163,DS3,persistent,False,True,True
texbat-DS3-cmte-reconstructed,353.0,353.0,351.54124732,4,0.0014925373134328,0.00820895522388055,386.1781645885527,677.3068243448176,5.355985165888002,5.355985165888002,5.355985165888002,1.9620290831304024,0.04699623999999858,0.3744871799999885,0.45875267999997504,48f723c1d7752e53a2b494d12a690561d28ca122f9c9779573593c52d76ae6c2,epochfix-b26a5ce183626ca8497b,6.437751649736403,6.481467931865163,DS3,persistent,False,True,True
texbat-DS3-cmte-reconstructed,353.5,353.5,352.04124732,4,0.0014925373134328,0.00820895522388055,327.1927179739072,616.5560736656589,5.355985165888002,5.355985165888002,5.355985165888002,1.6805153087709408,0.04699623999999858,0.3744871799999885,0.45875267999997504,48f723c1d7752e53a2b494d12a690561d28ca122f9c9779573593c52d76ae6c2,epochfix-b26a5ce183626ca8497b,6.437751649736403,6.481467931865163,DS3,persistent,False,True,True
texbat-DS3-cmte-reconstructed,354.0,354.0,352.54124732,4,0.0014925373134328,0.00820895522388055,321.1428776683895,693.8314840054977,5.355985165888002,5.355985165888002,5.355985165888002,1.7074282145546889,0.04699623999999858,0.3744871799999885,0.45875267999997504,48f723c1d7752e53a2b494d12a690561d28ca122f9c9779573593c52d76ae6c2,epochfix-b26a5ce183626ca8497b,6.437751649736403,6.481467931865163,DS3,persistent,False,True,True
texbat-DS3-cmte-reconstructed,354.5,354.5,353.04124732,4,0.0014925373134328,0.00820895522388055,358.0019000030654,732.7527341065593,5.355985165888002,5.355985165888002,5.355985165888002,1.9378734751442237,0.04699623999999858,0.3744871799999885,0.45875267999997504,48f723c1d7752e53a2b494d12a690561d28ca122f9c9779573593c52d76ae6c2,epochfix-b26a5ce183626ca8497b,6.437751649736403,6.481467931865163,DS3,persistent,False,True,True
texbat-DS3-cmte-reconstructed,355.0,355.0,353.54124732,4,0.0014925373134328,0.00820895522388055,367.2610143781119,752.84579598592,5.355985165888002,5.355985165888002,5.355985165888002,2.0504175353740903,0.04699623999999858,0.3744871799999885,0.45875267999997504,48f723c1d7752e53a2b494d12a690561d28ca122f9c9779573593c52d76ae6c2,epochfix-b26a5ce183626ca8497b,6.437751649736403,6.481467931865163,DS3,persistent,False,True,True
texbat-DS3-cmte-reconstructed,355.5,355.5,354.04124732,4,0.0014925373134328,0.00820895522388055,446.34409793021666,860.1208442758552,5.355985165888002,5.355985165888002,5.355985165888002,2.187515739926251,0.04699623999999858,0.3744871799999885,0.45875267999997504,48f723c1d7752e53a2b494d12a690561d28ca122f9c9779573593c52d76ae6c2,epochfix-b26a5ce183626ca8497b,6.437751649736403,6.481467931865163,DS3,persistent,False,True,True
texbat-DS3-cmte-reconstructed,356.0,356.0,354.54124732,4,0.0014925373134328,0.00820895522388055,534.2312712859401,1065.4945467145037,5.355985165888002,5.355985165888002,5.355985165888002,2.5153166014606394,0.04699623999999858,0.3744871799999885,0.45875267999997504,48f723c1d7752e53a2b494d12a690561d28ca122f9c9779573593c52d76ae6c2,epochfix-b26a5ce183626ca8497b,6.437751649736403,6.481467931865163,DS3,persistent,False,True,True
texbat-DS3-cmte-reconstructed,356.5,356.5,355.04124732,4,0.0014925373134328,0.00820895522388055,618.9385033263991,1321.181458558401,5.355985165888002,5.355985165888002,5.355985165888002,2.968928785116188,0.04699623999999858,0.3744871799999885,0.45875267999997504,48f723c1d7752e53a2b494d12a690561d28ca122f9c9779573593c52d76ae6c2,epochfix-b26a5ce183626ca8497b,6.437751649736403,6.481467931865163,DS3,persistent,False,True,True
texbat-DS3-cmte-reconstructed,357.0,357.0,355.54124732,4,0.0014925373134328,0.00820895522388055,622.1407238949428,1164.9422589734318,5.355985165888002,5.355985165888002,5.355985165888002,2.7906798307239997,0.04699623999999858,0.3744871799999885,0.45875267999997504,48f723c1d7752e53a2b494d12a690561d28ca122f9c9779573593c52d76ae6c2,epochfix-b26a5ce183626ca8497b,6.437751649736403,6.481467931865163,DS3,persistent,False,True,True
texbat-DS3-cmte-reconstructed,357.5,357.5,356.04124732,4,0.0014925373134328,0.00820895522388055,570.7568864454978,1189.5125226014825,5.355985165888002,5.355985165888002,5.355985165888002,2.676154435725418,0.04699623999999858,0.3744871799999885,0.45875267999997504,48f723c1d7752e53a2b494d12a690561d28ca122f9c9779573593c52d76ae6c2,epochfix-b26a5ce183626ca8497b,6.437751649736403,6.481467931865163,DS3,persistent,False,True,True
texbat-DS3-cmte-reconstructed,358.0,358.0,356.54124732,4,0.0014925373134328,0.00820895522388055,482.2082631430889,1102.291729553192,5.355985165888002,5.355985165888002,5.355985165888002,2.5564334206005648,0.04699623999999858,0.3744871799999885,0.45875267999997504,48f723c1d7752e53a2b494d12a690561d28ca122f9c9779573593c52d76ae6c2,epochfix-b26a5ce183626ca8497b,6.437751649736403,6.481467931865163,DS3,persistent,False,True,True
texbat-DS3-cmte-reconstructed,358.5,358.5,357.04124732,4,0.0014925373134328,0.0104477611940298,432.19191348699445,1179.2900228616536,5.009411575608025,4.662837985328049,5.009411575608025,2.6343449826245555,0.04699623999999858,0.3744871799999885,0.45875267999997504,48f723c1d7752e53a2b494d12a690561d28ca122f9c9779573593c52d76ae6c2,epochfix-b26a5ce183626ca8497b,6.437751649736403,6.481467931865163,DS3,persistent,False,True,True
texbat-DS3-cmte-reconstructed,359.0,359.0,357.54124732,4,0.0014925373134328,0.010447761194029799,471.2649182911354,1363.8861860713814,4.963831186409537,4.571677206931071,4.963831186409537,2.842937422429911,0.04699623999999858,0.3744871799999885,0.45875267999997504,48f723c1d7752e53a2b494d12a690561d28ca122f9c9779573593c52d76ae6c2,epochfix-b26a5ce183626ca8497b,6.437751649736403,6.481467931865163,DS3,persistent,False,True,True
texbat-DS3-cmte-reconstructed,359.5,359.5,358.04124732,4,0.0014925373134328,0.01343283582089545,513.9315507190511,1593.0316222252925,4.83612478046804,4.316264395048076,4.83612478046804,3.104300360412595,0.04699623999999858,0.3744871799999885,0.45875267999997504,48f723c1d7752e53a2b494d12a690561d28ca122f9c9779573593c52d76ae6c2,epochfix-b26a5ce183626ca8497b,6.437751649736403,6.481467931865163,DS3,persistent,False,True,True
texbat-DS3-cmte-reconstructed,360.0,360.0,358.54124732,4,0.0014925373134328,0.00820895522388055,550.5955276154737,1540.0710828406718,5.355985165888002,5.355985165888002,5.355985165888002,3.085928432305851,0.04699623999999858,0.3744871799999885,0.45875267999997504,48f723c1d7752e53a2b494d12a690561d28ca122f9c9779573593c52d76ae6c2,epochfix-b26a5ce183626ca8497b,6.437751649736403,6.481467931865163,DS3,persistent,False,True,True
texbat-DS3-cmte-reconstructed,360.5,360.5,359.04124732,4,0.0014925373134328,0.00820895522388055,466.2026022288918,1071.663449119616,5.355985165888002,5.355985165888002,5.355985165888002,2.4931352131774744,0.04699623999999858,0.3744871799999885,0.45875267999997504,48f723c1d7752e53a2b494d12a690561d28ca122f9c9779573593c52d76ae6c2,epochfix-b26a5ce183626ca8497b,6.437751649736403,6.481467931865163,DS3,persistent,False,True,True
texbat-DS3-cmte-reconstructed,361.0,361.0,359.54124732,4,0.0014925373134328,0.008955223880597,411.51761143771137,1049.5527692856672,5.107672222635426,4.859359279382849,5.107672222635426,2.36864914106346,0.04699623999999858,0.3744871800000169,0.45875267999997504,48f723c1d7752e53a2b494d12a690561d28ca122f9c9779573593c52d76ae6c2,epochfix-b26a5ce183626ca8497b,6.437751649736403,6.481467931865163,DS3,persistent,False,True,True
texbat-DS3-cmte-reconstructed,361.5,361.5,360.04124732,4,0.0014925373134328,0.0119402985074626,417.75171727888454,1216.554512921878,4.891910668296593,4.427836170705183,4.891910668296593,2.6273649027285475,0.04699623999999858,0.3744871800000169,0.45875267999997504,48f723c1d7752e53a2b494d12a690561d28ca122f9c9779573593c52d76ae6c2,epochfix-b26a5ce183626ca8497b,6.437751649736403,6.481467931865163,DS3,persistent,False,True,True
texbat-DS3-cmte-reconstructed,362.0,362.0,360.54124732,4,0.0014925373134328,0.0149253731343283,437.41400976851224,1373.3502791084056,4.780338892639486,4.20469261939097,4.780338892639486,2.884280378941228,0.04699623999999858,0.3744871800000169,0.45875267999997504,48f723c1d7752e53a2b494d12a690561d28ca122f9c9779573593c52d76ae6c2,epochfix-b26a5ce183626ca8497b,6.437751649736403,6.481467931865163,DS3,persistent,False,True,True
texbat-DS3-cmte-reconstructed,362.5,362.5,361.04124732,4,0.0014925373134328,0.01194029850746265,446.60941385303204,1290.9267890794997,4.9080452985809835,4.4601054312739645,4.9080452985809835,2.7727557958561064,0.04699623999999858,0.3744871800000169,0.45875267999997504,48f723c1d7752e53a2b494d12a690561d28ca122f9c9779573593c52d76ae6c2,epochfix-b26a5ce183626ca8497b,6.437751649736403,6.481467931865163,DS3,persistent,False,True,True
texbat-DS3-cmte-reconstructed,363.0,363.0,361.54124732,4,0.0014925373134328,0.00820895522388055,428.71094393479495,1103.487375675883,5.355985165888002,5.355985165888002,5.355985165888002,2.5445029125556355,0.04699623999999858,0.3744871800000169,0.45875267999997504,48f723c1d7752e53a2b494d12a690561d28ca122f9c9779573593c52d76ae6c2,epochfix-b26a5ce183626ca8497b,6.437751649736403,6.481467931865163,DS3,persistent,False,True,True
texbat-DS3-cmte-reconstructed,363.5,363.5,362.04124732,4,0.0014925373134328,0.009701492537313401,340.00281955580544,848.4080965966184,5.08133209372097,4.806679021553936,5.08133209372097,2.223831379434432,0.04699623999999858,0.3744871800000169,0.45875267999997504,48f723c1d7752e53a2b494d12a690561d28ca122f9c9779573593c52d76ae6c2,epochfix-b26a5ce183626ca8497b,6.437751649736403,6.481467931865163,DS3,persistent,False,True,True
texbat-DS3-cmte-reconstructed,364.0,364.0,362.54124732,4,0.0014925373134328,0.01194029850746265,353.8017280803325,924.9914736625932,4.9080452985809835,4.4601054312739645,4.9080452985809835,2.2502950246516598,0.04699623999999858,0.3744871800000169,0.45875267999997504,48f723c1d7752e53a2b494d12a690561d28ca122f9c9779573593c52d76ae6c2,epochfix-b26a5ce183626ca8497b,6.437751649736403,6.481467931865163,DS3,persistent,False,True,True
texbat-DS3-cmte-reconstructed,364.5,364.5,363.04124732,4,0.0014925373134328,0.00820895522388055,395.50245428848234,897.2178597378095,5.355985165888002,5.355985165888002,5.355985165888002,2.1603127748694253,0.04699623999999858,0.3744871800000169,0.45875267999997504,48f723c1d7752e53a2b494d12a690561d28ca122f9c9779573593c52d76ae6c2,epochfix-b26a5ce183626ca8497b,6.437751649736403,6.481467931865163,DS3,persistent,False,True,True
texbat-DS3-cmte-reconstructed,365.0,365.0,363.54124732,4,0.0014925373134328,0.008955223880596951,341.77009609695875,806.7315345258758,5.182698370748016,5.009411575608031,5.182698370748016,2.0465258458085143,0.04699623999999858,0.3744871800000169,0.45875267999997504,48f723c1d7752e53a2b494d12a690561d28ca122f9c9779573593c52d76ae6c2,epochfix-b26a5ce183626ca8497b,6.437751649736403,6.481467931865163,DS3,persistent,False,True,True
texbat-DS3-cmte-reconstructed,365.5,365.5,364.04124732,4,0.0014925373134328,0.00820895522388055,379.7095554467882,890.2148924780361,5.355985165888002,5.355985165888002,5.355985165888002,2.2242143647318504,0.04699623999999858,0.3744871800000169,0.45875267999997504,48f723c1d7752e53a2b494d12a690561d28ca122f9c9779573593c52d76ae6c2,epochfix-b26a5ce183626ca8497b,6.437751649736403,6.481467931865163,DS3,persistent,False,True,True
texbat-DS3-cmte-reconstructed,366.0,366.0,364.54124732,4,0.0014925373134328,0.0119402985074626,364.59123085079335,937.2700379297012,4.891910668296593,4.427836170705183,4.891910668296593,2.3082925930807585,0.04699623999999858,0.3744871800000169,0.45875267999997504,48f723c1d7752e53a2b494d12a690561d28ca122f9c9779573593c52d76ae6c2,epochfix-b26a5ce183626ca8497b,6.437751649736403,6.481467931865163,DS3,persistent,False,True,True
texbat-DS3-cmte-reconstructed,366.5,366.5,365.04124732,4,0.0014925373134328,0.0119402985074626,360.98605332403486,1011.147941776056,4.891910668296593,4.427836170705183,4.891910668296593,2.3172421800258327,0.04699623999999858,0.3744871800000169,0.45875267999997504,48f723c1d7752e53a2b494d12a690561d28ca122f9c9779573593c52d76ae6c2,epochfix-b26a5ce183626ca8497b,6.437751649736403,6.481467931865163,DS3,persistent,False,True,True
texbat-DS3-cmte-reconstructed,367.0,367.0,365.54124732,4,0.0014925373134328,0.01343283582089545,382.5110172034973,1100.749868382813,4.836124780468039,4.316264395048076,4.836124780468039,2.448693234443117,0.04699623999999858,0.3744871800000169,0.45875267999997504,48f723c1d7752e53a2b494d12a690561d28ca122f9c9779573593c52d76ae6c2,epochfix-b26a5ce183626ca8497b,6.437751649736403,6.481467931865163,DS3,persistent,False,True,True
texbat-DS3-cmte-reconstructed,367.5,367.5,366.04124732,4,0.0014925373134328,0.0119402985074626,413.52756488304465,1163.4142091215476,4.891910668296593,4.427836170705183,4.891910668296593,2.5309358855317576,0.04699623999999858,0.3744871800000169,0.45875267999997504,48f723c1d7752e53a2b494d12a690561d28ca122f9c9779573593c52d76ae6c2,epochfix-b26a5ce183626ca8497b,6.437751649736403,6.481467931865163,DS3,persistent,False,True,True
texbat-DS3-cmte-reconstructed,368.0,368.0,366.54124732,4,0.0014925373134328,0.01343283582089545,407.3220227535439,1206.979763914528,4.836124780468039,4.316264395048076,4.836124780468039,2.580383428343259,0.04699623999999858,0.3744871800000169,0.45875267999997504,48f723c1d7752e53a2b494d12a690561d28ca122f9c9779573593c52d76ae6c2,epochfix-b26a5ce183626ca8497b,6.437751649736403,6.481467931865163,DS3,persistent,False,True,True
texbat-DS3-cmte-reconstructed,368.5,368.5,367.04124732,4,0.0014925373134328,0.01343283582089545,382.6324841038278,1131.29558105036,4.83612478046804,4.316264395048076,4.83612478046804,2.567919349713649,0.04699623999999858,0.3744871800000169,0.45875267999997504,48f723c1d7752e53a2b494d12a690561d28ca122f9c9779573593c52d76ae6c2,epochfix-b26a5ce183626ca8497b,6.437751649736403,6.481467931865163,DS3,persistent,False,True,True
texbat-DS3-cmte-reconstructed,369.0,369.0,367.54124732,4,0.0014925373134328,0.011194029850746249,358.07003137549185,878.2465213554872,4.934385427495439,4.512785689102876,4.934385427495439,2.2294984334294816,0.04699623999999858,0.3744871800000169,0.45875267999997504,48f723c1d7752e53a2b494d12a690561d28ca122f9c9779573593c52d76ae6c2,epochfix-b26a5ce183626ca8497b,6.437751649736403,6.481467931865163,DS3,persistent,False,True,True
texbat-DS3-cmte-reconstructed,369.5,369.5,368.04124732,4,0.0014925373134328,0.0067164179104477004,448.71224181554607,972.5204533407318,5.411771053716556,5.4675569415451095,5.411771053716556,2.3112598830845457,0.04699623999999858,0.3744871800000169,0.45875267999997504,48f723c1d7752e53a2b494d12a690561d28ca122f9c9779573593c52d76ae6c2,epochfix-b26a5ce183626ca8497b,6.437751649736403,6.481467931865163,DS3,persistent,False,True,True
texbat-DS3-cmte-reconstructed,370.0,370.0,368.54124732,4,0.0014925373134328,0.00820895522388055,416.2594997923048,1044.2222761459525,5.355985165888002,5.355985165888002,5.355985165888002,2.446112306567529,0.04699623999999858,0.3744871800000169,0.45875267999997504,48f723c1d7752e53a2b494d12a690561d28ca122f9c9779573593c52d76ae6c2,epochfix-b26a5ce183626ca8497b,6.437751649736403,6.481467931865163,DS3,persistent,False,True,True
texbat-DS3-cmte-reconstructed,370.5,370.5,369.04124732,4,0.0014925373134328,0.01194029850746265,340.1490839831239,961.331856465562,4.9080452985809835,4.4601054312739645,4.9080452985809835,2.3954518123505544,0.04699623999999858,0.3744871800000169,0.45875267999997504,48f723c1d7752e53a2b494d12a690561d28ca122f9c9779573593c52d76ae6c2,epochfix-b26a5ce183626ca8497b,6.437751649736403,6.481467931865163,DS3,persistent,False,True,True
texbat-DS3-cmte-reconstructed,371.0,371.0,369.54124732,4,0.0014925373134328,0.01343283582089545,365.0643296072683,1073.8225011993582,4.83612478046804,4.316264395048076,4.83612478046804,2.56610746815835,0.04699623999999858,0.3744871800000169,0.45875267999997504,48f723c1d7752e53a2b494d12a690561d28ca122f9c9779573593c52d76ae6c2,epochfix-b26a5ce183626ca8497b,6.437751649736403,6.481467931865163,DS3,persistent,False,True,True
texbat-DS3-cmte-reconstructed,371.5,371.5,370.04124732,4,0.0014925373134328,0.01194029850746265,384.4798256328367,1076.2290923162063,4.9080452985809835,4.4601054312739645,4.9080452985809835,2.568630433936173,0.04699623999999858,0.3744871800000169,0.45875267999997504,48f723c1d7752e53a2b494d12a690561d28ca122f9c9779573593c52d76ae6c2,epochfix-b26a5ce183626ca8497b,6.437751649736403,6.481467931865163,DS3,persistent,False,True,True
texbat-DS3-cmte-reconstructed,372.0,372.0,370.54124732,4,0.0014925373134328,0.00820895522388055,389.0601728650657,716.6414703152918,5.355985165888002,5.355985165888002,5.355985165888002,2.0283558673114856,0.04699623999999858,0.3744871800000169,0.45875267999997504,48f723c1d7752e53a2b494d12a690561d28ca122f9c9779573593c52d76ae6c2,epochfix-b26a5ce183626ca8497b,6.437751649736403,6.481467931865163,DS3,persistent,False,True,True
texbat-DS3-cmte-reconstructed,372.5,372.5,371.04124732,4,0.0014925373134328,0.00820895522388055,406.2994941979313,727.090546979364,5.355985165888002,5.355985165888002,5.355985165888002,1.9604165554692667,0.04699623999999858,0.3744871800000169,0.45875267999997504,48f723c1d7752e53a2b494d12a690561d28ca122f9c9779573593c52d76ae6c2,epochfix-b26a5ce183626ca8497b,6.437751649736403,6.481467931865163,DS3,persistent,False,True,True
texbat-DS3-cmte-reconstructed,373.0,373.0,371.54124732,4,0.0014925373134328,0.0067164179104477004,341.0905916331222,593.0698753335687,5.411771053716556,5.4675569415451095,5.411771053716556,1.7940856310458717,0.04699623999999858,0.3744871800000169,0.45875267999997504,48f723c1d7752e53a2b494d12a690561d28ca122f9c9779573593c52d76ae6c2,epochfix-b26a5ce183626ca8497b,6.437751649736403,6.481467931865163,DS3,persistent,False,True,True
texbat-DS3-cmte-reconstructed,373.5,373.5,372.04124732,4,0.0014925373134328,0.0067164179104477004,361.2349396253324,631.8492703739125,5.411771053716556,5.4675569415451095,5.411771053716556,1.8052174112176465,0.04699623999999858,0.3744871800000169,0.45875267999997504,48f723c1d7752e53a2b494d12a690561d28ca122f9c9779573593c52d76ae6c2,epochfix-b26a5ce183626ca8497b,6.437751649736403,6.481467931865163,DS3,persistent,False,True,True
texbat-DS3-cmte-reconstructed,374.0,374.0,372.54124732,4,0.0014925373134328,0.0067164179104477004,444.2168622876833,895.7594658663193,5.411771053716556,5.4675569415451095,5.411771053716556,2.1719008759375784,0.04699623999999858,0.3744871800000169,0.45875267999997504,48f723c1d7752e53a2b494d12a690561d28ca122f9c9779573593c52d76ae6c2,epochfix-b26a5ce183626ca8497b,6.437751649736403,6.481467931865163,DS3,persistent,False,True,True
texbat-DS3-cmte-reconstructed,374.5,374.5,373.04124732,4,0.0014925373134328,0.0104477611940298,398.00867456484036,1045.1622573094503,5.009411575608025,4.662837985328049,5.009411575608025,2.403631074915878,0.04699623999999858,0.3744871800000169,0.45875267999997504,48f723c1d7752e53a2b494d12a690561d28ca122f9c9779573593c52d76ae6c2,epochfix-b26a5ce183626ca8497b,6.437751649736403,6.481467931865163,DS3,persistent,False,True,True
texbat-DS3-cmte-reconstructed,375.0,375.0,373.54124732,4,0.0014925373134328,0.01343283582089545,330.80446273934234,941.1792302841852,4.83612478046804,4.316264395048076,4.83612478046804,2.277763658042698,0.04699623999999858,0.3744871800000169,0.45875267999997504,48f723c1d7752e53a2b494d12a690561d28ca122f9c9779573593c52d76ae6c2,epochfix-b26a5ce183626ca8497b,6.437751649736403,6.481467931865163,DS3,persistent,False,True,True
texbat-DS3-cmte-reconstructed,375.5,375.5,374.04124732,4,0.0014925373134328,0.01343283582089545,300.1583314086761,809.7697645347389,4.83612478046804,4.316264395048076,4.83612478046804,2.1087638481602,0.04699623999999858,0.3744871800000169,0.45875267999997504,48f723c1d7752e53a2b494d12a690561d28ca122f9c9779573593c52d76ae6c2,epochfix-b26a5ce183626ca8497b,6.437751649736403,6.481467931865163,DS3,persistent,False,True,True
texbat-DS3-cmte-reconstructed,376.0,376.0,374.54124732,4,0.0014925373134328,0.00820895522388055,374.7947795601838,722.9867427533286,5.355985165888002,5.355985165888002,5.355985165888002,1.9135345282324312,0.04699623999999858,0.3744871800000169,0.45875267999997504,48f723c1d7752e53a2b494d12a690561d28ca122f9c9779573593c52d76ae6c2,epochfix-b26a5ce183626ca8497b,6.437751649736403,6.481467931865163,DS3,persistent,False,True,True
texbat-DS3-cmte-reconstructed,376.5,376.5,375.04124732,4,0.0014925373134328,0.00820895522388055,390.3071560330198,796.5872686348209,5.355985165888002,5.355985165888002,5.355985165888002,1.9383109507687144,0.04699623999999858,0.3744871800000169,0.45875267999997504,48f723c1d7752e53a2b494d12a690561d28ca122f9c9779573593c52d76ae6c2,epochfix-b26a5ce183626ca8497b,6.437751649736403,6.481467931865163,DS3,persistent,False,True,True
texbat-DS3-cmte-reconstructed,377.0,377.0,375.54124732,4,0.0014925373134328,0.00820895522388055,494.5248872731053,1141.797241150081,5.355985165888002,5.355985165888002,5.355985165888002,2.44131889242648,0.04699623999999858,0.3744871800000169,0.45875267999997504,48f723c1d7752e53a2b494d12a690561d28ca122f9c9779573593c52d76ae6c2,epochfix-b26a5ce183626ca8497b,6.437751649736403,6.481467931865163,DS3,persistent,False,True,True
texbat-DS3-cmte-reconstructed,377.5,377.5,376.04124732,4,0.0014925373134328,0.00820895522388055,549.2510815866746,1154.4099164105546,5.355985165888002,5.355985165888002,5.355985165888002,2.553775132813244,0.04699623999999858,0.3744871800000169,0.45875267999997504,48f723c1d7752e53a2b494d12a690561d28ca122f9c9779573593c52d76ae6c2,epochfix-b26a5ce183626ca8497b,6.437751649736403,6.481467931865163,DS3,persistent,False,True,True
texbat-DS3-cmte-reconstructed,378.0,378.0,376.54124732,4,0.0014925373134328,0.00820895522388055,491.6110589117735,906.6600373640592,5.355985165888002,5.355985165888002,5.355985165888002,2.361545436122708,0.04699623999999858,0.3744871800000169,0.45875267999997504,48f723c1d7752e53a2b494d12a690561d28ca122f9c9779573593c52d76ae6c2,epochfix-b26a5ce183626ca8497b,6.437751649736403,6.481467931865163,DS3,persistent,False,True,True
texbat-DS3-cmte-reconstructed,378.5,378.5,377.04124732,4,0.0014925373134328,0.00820895522388055,348.35933247800324,745.7393089689722,5.355985165888002,5.355985165888002,5.355985165888002,2.053820421826001,0.04699623999999858,0.3744871800000169,0.45875267999997504,48f723c1d7752e53a2b494d12a690561d28ca122f9c9779573593c52d76ae6c2,epochfix-b26a5ce183626ca8497b,6.437751649736403,6.481467931865163,DS3,persistent,False,True,True
texbat-DS3-cmte-reconstructed,379.0,379.0,377.54124732,4,0.0014925373134328,0.008955223880596951,342.6104678270781,833.44535354307,5.182698370748016,5.009411575608031,5.182698370748016,2.168000112733042,0.04699623999999858,0.3744871800000169,0.45875267999997504,48f723c1d7752e53a2b494d12a690561d28ca122f9c9779573593c52d76ae6c2,epochfix-b26a5ce183626ca8497b,6.437751649736403,6.481467931865163,DS3,persistent,False,True,True
texbat-DS3-cmte-reconstructed,379.5,379.5,378.04124732,4,0.0014925373134328,0.00820895522388055,339.53856777216805,750.4166759187242,5.355985165888002,5.355985165888002,5.355985165888002,2.0103060672081168,0.04699623999999858,0.3744871800000169,0.45875267999997504,48f723c1d7752e53a2b494d12a690561d28ca122f9c9779573593c52d76ae6c2,epochfix-b26a5ce183626ca8497b,6.437751649736403,6.481467931865163,DS3,persistent,False,True,True
texbat-DS3-cmte-reconstructed,380.0,380.0,378.54124732,4,0.0014925373134328,0.00820895522388055,325.55616574286574,566.52061434651,5.355985165888002,5.355985165888002,5.355985165888002,1.7084309899300976,0.04699623999999858,0.3744871800000169,0.45875267999997504,48f723c1d7752e53a2b494d12a690561d28ca122f9c9779573593c52d76ae6c2,epochfix-b26a5ce183626ca8497b,6.437751649736403,6.481467931865163,DS3,persistent,False,True,True
texbat-DS3-cmte-reconstructed,380.5,380.5,379.04124732,4,0.0014925373134328,0.00820895522388055,450.0944123441625,1019.6460687520384,5.355985165888002,5.355985165888002,5.355985165888002,2.402694581140902,0.04699623999999858,0.3744871800000169,0.45875267999997504,48f723c1d7752e53a2b494d12a690561d28ca122f9c9779573593c52d76ae6c2,epochfix-b26a5ce183626ca8497b,6.437751649736403,6.481467931865163,DS3,persistent,False,True,True
texbat-DS3-cmte-reconstructed,381.0,381.0,379.54124732,4,0.0014925373134328,0.00820895522388055,527.306126944591,1202.519662733519,5.355985165888002,5.355985165888002,5.355985165888002,2.770670528864967,0.04699623999999858,0.3744871800000169,0.45875267999997504,48f723c1d7752e53a2b494d12a690561d28ca122f9c9779573593c52d76ae6c2,epochfix-b26a5ce183626ca8497b,6.437751649736403,6.481467931865163,DS3,persistent,False,True,True
texbat-DS3-cmte-reconstructed,381.5,381.5,380.04124732,4,0.0014925373134328,0.00820895522388055,549.7937649425826,1188.5969136944486,5.355985165888002,5.355985165888002,5.355985165888002,2.56124486834809,0.04699623999999858,0.3744871800000169,0.45875267999997504,48f723c1d7752e53a2b494d12a690561d28ca122f9c9779573593c52d76ae6c2,epochfix-b26a5ce183626ca8497b,6.437751649736403,6.481467931865163,DS3,persistent,False,True,True
texbat-DS3-cmte-reconstructed,382.0,382.0,380.54124732,4,0.0014925373134328,0.00820895522388055,587.5347032870932,1392.767142235527,5.355985165888002,5.355985165888002,5.355985165888002,2.796909839986911,0.04699623999999858,0.3744871800000169,0.45875267999997504,48f723c1d7752e53a2b494d12a690561d28ca122f9c9779573593c52d76ae6c2,epochfix-b26a5ce183626ca8497b,6.437751649736403,6.481467931865163,DS3,persistent,False,True,True
texbat-DS3-cmte-reconstructed,382.5,382.5,381.04124732,4,0.0014925373134328,0.00820895522388055,530.8668225954314,1205.6533947730904,5.355985165888002,5.355985165888002,5.355985165888002,2.815381530781057,0.04699623999999858,0.3744871800000169,0.45875267999997504,48f723c1d7752e53a2b494d12a690561d28ca122f9c9779573593c52d76ae6c2,epochfix-b26a5ce183626ca8497b,6.437751649736403,6.481467931865163,DS3,persistent,False,True,True
texbat-DS3-cmte-reconstructed,383.0,383.0,381.54124732,4,0.0014925373134328,0.00820895522388055,369.9375763368952,739.0241390486949,5.355985165888002,5.355985165888002,5.355985165888002,2.065192274059654,0.04699623999999858,0.3744871800000169,0.45875267999997504,48f723c1d7752e53a2b494d12a690561d28ca122f9c9779573593c52d76ae6c2,epochfix-b26a5ce183626ca8497b,6.437751649736403,6.481467931865163,DS3,persistent,False,True,True
texbat-DS3-cmte-reconstructed,383.5,383.5,382.04124732,4,0.0014925373134328,0.00820895522388055,351.9049751649266,785.5773122416485,5.355985165888002,5.355985165888002,5.355985165888002,2.040190290837943,0.04699623999999858,0.3744871800000169,0.45875267999997504,48f723c1d7752e53a2b494d12a690561d28ca122f9c9779573593c52d76ae6c2,epochfix-b26a5ce183626ca8497b,6.437751649736403,6.481467931865163,DS3,persistent,False,True,True
texbat-DS3-cmte-reconstructed,384.0,384.0,382.54124732,4,0.0014925373134328,0.00820895522388055,339.5809284238747,692.4760304789982,5.355985165888002,5.355985165888002,5.355985165888002,1.8893836798484756,0.04699623999999858,0.3744871800000169,0.45875267999997504,48f723c1d7752e53a2b494d12a690561d28ca122f9c9779573593c52d76ae6c2,epochfix-b26a5ce183626ca8497b,6.437751649736403,6.481467931865163,DS3,persistent,False,True,True
texbat-DS3-cmte-reconstructed,384.5,384.5,383.04124732,4,0.0014925373134328,0.00820895522388055,346.88656633567354,625.300456720374,5.355985165888002,5.355985165888002,5.355985165888002,1.8952273780443825,0.04699623999999858,0.3744871800000169,0.45875267999997504,48f723c1d7752e53a2b494d12a690561d28ca122f9c9779573593c52d76ae6c2,epochfix-b26a5ce183626ca8497b,6.437751649736403,6.481467931865163,DS3,persistent,False,True,True
texbat-DS3-cmte-reconstructed,385.0,385.0,383.54124732,4,0.0014925373134328,0.00820895522388055,425.52190737749106,784.149722931149,5.355985165888002,5.355985165888002,5.355985165888002,2.042073559774602,0.04699623999999858,0.3744871800000169,0.45875267999997504,48f723c1d7752e53a2b494d12a690561d28ca122f9c9779573593c52d76ae6c2,epochfix-b26a5ce183626ca8497b,6.437751649736403,6.481467931865163,DS3,persistent,False,True,True
texbat-DS3-cmte-reconstructed,385.5,385.5,384.04124732,4,0.0014925373134328,0.00820895522388055,551.786948471825,1162.3050347768258,5.355985165888002,5.355985165888002,5.355985165888002,2.350112474136601,0.04699623999999858,0.3744871800000169,0.45875267999997504,48f723c1d7752e53a2b494d12a690561d28ca122f9c9779573593c52d76ae6c2,epochfix-b26a5ce183626ca8497b,6.437751649736403,6.481467931865163,DS3,persistent,False,True,True
texbat-DS3-cmte-reconstructed,386.0,386.0,384.54124732,4,0.0014925373134328,0.00746268656716415,583.4673052264228,1087.9337311770582,5.382325294802459,5.408665423716915,5.382325294802459,2.4229967492269524,0.04699623999999858,0.3744871800000169,0.45875267999997504,48f723c1d7752e53a2b494d12a690561d28ca122f9c9779573593c52d76ae6c2,epochfix-b26a5ce183626ca8497b,6.437751649736403,6.481467931865163,DS3,persistent,False,True,True
texbat-DS3-cmte-reconstructed,386.5,386.5,385.04124732,4,0.0014925373134328,0.00820895522388055,540.1469221319761,975.04946505287,5.355985165888002,5.355985165888002,5.355985165888002,2.4412098592792595,0.04699623999999858,0.3744871800000169,0.45875267999997504,48f723c1d7752e53a2b494d12a690561d28ca122f9c9779573593c52d76ae6c2,epochfix-b26a5ce183626ca8497b,6.437751649736403,6.481467931865163,DS3,persistent,False,True,True
texbat-DS3-cmte-reconstructed,387.0,387.0,385.54124732,4,0.0014925373134328,0.00820895522388055,443.0699054184121,929.1922168215856,5.355985165888002,5.355985165888002,5.355985165888002,2.232597569237319,0.04699623999999858,0.3744871800000169,0.45875267999997504,48f723c1d7752e53a2b494d12a690561d28ca122f9c9779573593c52d76ae6c2,epochfix-b26a5ce183626ca8497b,6.437751649736403,6.481467931865163,DS3,persistent,False,True,True
texbat-DS3-cmte-reconstructed,387.5,387.5,386.04124732,4,0.0014925373134328,0.00820895522388055,326.5359402316092,545.8258407219489,5.355985165888002,5.355985165888002,5.355985165888002,1.6801012273145444,0.04699623999999858,0.3744871800000169,0.45875267999997504,48f723c1d7752e53a2b494d12a690561d28ca122f9c9779573593c52d76ae6c2,epochfix-b26a5ce183626ca8497b,6.437751649736403,6.481467931865163,DS3,persistent,False,True,True
texbat-DS3-cmte-reconstructed,388.0,388.0,386.54124732,4,0.0014925373134328,0.01194029850746265,250.86019712760805,467.5701060563167,4.9080452985809835,4.4601054312739645,4.9080452985809835,1.509186133963907,0.04699623999999858,0.3744871800000169,0.45875267999997504,48f723c1d7752e53a2b494d12a690561d28ca122f9c9779573593c52d76ae6c2,epochfix-b26a5ce183626ca8497b,6.437751649736403,6.481467931865163,DS3,persistent,False,True,True
texbat-DS3-cmte-reconstructed,388.5,388.5,387.04124732,4,0.0014925373134328,0.0149253731343283,244.48961076374053,601.1957443393683,4.780338892639486,4.20469261939097,4.780338892639486,1.6654355809876646,0.04699623999999858,0.3744871800000169,0.45875267999997504,48f723c1d7752e53a2b494d12a690561d28ca122f9c9779573593c52d76ae6c2,epochfix-b26a5ce183626ca8497b,6.437751649736403,6.481467931865163,DS3,persistent,False,True,True
texbat-DS3-cmte-reconstructed,389.0,389.0,387.54124732,4,0.0014925373134328,0.008955223880596951,320.3889714212574,672.4999893449537,5.182698370748016,5.009411575608031,5.182698370748016,1.7508078651543957,0.04699623999999858,0.3744871800000169,0.45875267999997504,48f723c1d7752e53a2b494d12a690561d28ca122f9c9779573593c52d76ae6c2,epochfix-b26a5ce183626ca8497b,6.437751649736403,6.481467931865163,DS3,persistent,False,True,True
texbat-DS3-cmte-reconstructed,389.5,389.5,388.04124732,4,0.0014925373134328,0.00820895522388055,515.5552793757645,1042.3190910168914,5.355985165888002,5.355985165888002,5.355985165888002,2.476232641214162,0.04699623999999858,0.3744871800000169,0.45875267999997504,48f723c1d7752e53a2b494d12a690561d28ca122f9c9779573593c52d76ae6c2,epochfix-b26a5ce183626ca8497b,6.437751649736403,6.481467931865163,DS3,persistent,False,True,True
texbat-DS3-cmte-reconstructed,390.0,390.0,388.54124732,4,0.0014925373134328,0.00820895522388055,460.88506018266554,1019.8415859992168,5.355985165888002,5.355985165888002,5.355985165888002,2.401860512234391,0.04699623999999858,0.3744871800000169,0.45875267999997504,48f723c1d7752e53a2b494d12a690561d28ca122f9c9779573593c52d76ae6c2,epochfix-b26a5ce183626ca8497b,6.437751649736403,6.481467931865163,DS3,persistent,False,True,True
texbat-DS3-cmte-reconstructed,390.5,390.5,389.04124732,4,0.0014925373134328,0.01194029850746265,366.21608314551673,1046.6973512581253,4.9080452985809835,4.4601054312739645,4.9080452985809835,2.397689512651933,0.04699623999999858,0.3744871800000169,0.45875267999997504,48f723c1d7752e53a2b494d12a690561d28ca122f9c9779573593c52d76ae6c2,epochfix-b26a5ce183626ca8497b,6.437751649736403,6.481467931865163,DS3,persistent,False,True,True
texbat-DS3-cmte-reconstructed,391.0,391.0,389.54124732,4,0.0014925373134328,0.00820895522388055,415.24437014364935,1081.966873827535,5.355985165888002,5.355985165888002,5.355985165888002,2.4255694604701405,0.04699623999999858,0.3744871800000169,0.45875267999997504,48f723c1d7752e53a2b494d12a690561d28ca122f9c9779573593c52d76ae6c2,epochfix-b26a5ce183626ca8497b,6.437751649736403,6.481467931865163,DS3,persistent,False,True,True
texbat-DS3-cmte-reconstructed,391.5,391.5,390.04124732,4,0.0014925373134328,0.00820895522388055,439.1438679689254,1012.5302530358435,5.355985165888002,5.355985165888002,5.355985165888002,2.3448448786615987,0.04699623999999858,0.3744871800000169,0.45875267999997504,48f723c1d7752e53a2b494d12a690561d28ca122f9c9779573593c52d76ae6c2,epochfix-b26a5ce183626ca8497b,6.437751649736403,6.481467931865163,DS3,persistent,False,True,True
texbat-DS3-cmte-reconstructed,392.0,392.0,390.54124732,4,0.0014925373134328,0.00820895522388055,422.46531970012677,934.9745780898702,5.355985165888002,5.355985165888002,5.355985165888002,2.243543619244428,0.04699623999999858,0.3744871800000169,0.45875267999997504,48f723c1d7752e53a2b494d12a690561d28ca122f9c9779573593c52d76ae6c2,epochfix-b26a5ce183626ca8497b,6.437751649736403,6.481467931865163,DS3,persistent,False,True,True
texbat-DS3-cmte-reconstructed,392.5,392.5,391.04124732,4,0.0014925373134328,0.00820895522388055,545.8843483713143,1069.941686471373,5.355985165888002,5.355985165888002,5.355985165888002,2.5315060403900027,0.04699623999999858,0.3744871800000169,0.45875267999997504,48f723c1d7752e53a2b494d12a690561d28ca122f9c9779573593c52d76ae6c2,epochfix-b26a5ce183626ca8497b,6.437751649736403,6.481467931865163,DS3,persistent,False,True,True
texbat-DS3-cmte-reconstructed,393.0,393.0,391.54124732,4,0.0014925373134328,0.0067164179104477004,428.91107432721105,821.2823421552048,5.411771053716556,5.4675569415451095,5.411771053716556,2.078941605280941,0.04699623999999858,0.3744871800000169,0.45875267999997504,48f723c1d7752e53a2b494d12a690561d28ca122f9c9779573593c52d76ae6c2,epochfix-b26a5ce183626ca8497b,6.437751649736403,6.481467931865163,DS3,persistent,False,True,True
texbat-DS3-cmte-reconstructed,393.5,393.5,392.04124732,4,0.0014925373134328,0.008955223880597,347.0225887537131,743.4757729396831,5.107672222635426,4.859359279382849,5.107672222635426,1.925846227796868,0.04699623999999858,0.3744871800000169,0.45875267999997504,48f723c1d7752e53a2b494d12a690561d28ca122f9c9779573593c52d76ae6c2,epochfix-b26a5ce183626ca8497b,6.437751649736403,6.481467931865163,DS3,persistent,False,True,True
texbat-DS3-cmte-reconstructed,394.0,394.0,392.54124732,4,0.0014925373134328,0.011194029850746249,329.06786619495836,738.870202568666,4.934385427495439,4.512785689102876,4.934385427495439,1.8981046566405744,0.04699623999999858,0.3744871800000169,0.45875267999997504,48f723c1d7752e53a2b494d12a690561d28ca122f9c9779573593c52d76ae6c2,epochfix-b26a5ce183626ca8497b,6.437751649736403,6.481467931865163,DS3,persistent,False,True,True
texbat-DS3-cmte-reconstructed,394.5,394.5,393.04124732,4,0.0014925373134328,0.0104477611940298,360.9580009287735,831.2333618939031,5.009411575608025,4.662837985328049,5.009411575608025,2.060421905266041,0.04699623999999858,0.3744871800000169,0.45875267999997504,48f723c1d7752e53a2b494d12a690561d28ca122f9c9779573593c52d76ae6c2,epochfix-b26a5ce183626ca8497b,6.437751649736403,6.481467931865163,DS3,persistent,False,True,True
texbat-DS3-cmte-reconstructed,395.0,395.0,393.54124732,4,0.0014925373134328,0.0104477611940298,384.77935278462525,983.7870385320332,5.009411575608025,4.662837985328049,5.009411575608025,2.273593961964648,0.04699623999999858,0.3744871800000169,0.45875267999997504,48f723c1d7752e53a2b494d12a690561d28ca122f9c9779573593c52d76ae6c2,epochfix-b26a5ce183626ca8497b,6.437751649736403,6.481467931865163,DS3,persistent,False,True,True
texbat-DS3-cmte-reconstructed,395.5,395.5,394.04124732,4,0.0014925373134328,0.009701492537313401,380.7653058594504,990.069144948052,5.08133209372097,4.806679021553936,5.08133209372097,2.342367027808533,0.04699623999999858,0.3744871800000169,0.45875267999997504,48f723c1d7752e53a2b494d12a690561d28ca122f9c9779573593c52d76ae6c2,epochfix-b26a5ce183626ca8497b,6.437751649736403,6.481467931865163,DS3,persistent,False,True,True
texbat-DS3-cmte-reconstructed,396.0,396.0,394.54124732,4,0.0014925373134328,0.0104477611940298,343.77622044617783,861.5707808576567,5.009411575608025,4.662837985328049,5.009411575608025,2.2007366177520504,0.04699623999999858,0.3744871800000169,0.45875267999997504,48f723c1d7752e53a2b494d12a690561d28ca122f9c9779573593c52d76ae6c2,epochfix-b26a5ce183626ca8497b,6.437751649736403,6.481467931865163,DS3,persistent,False,True,True
texbat-DS3-cmte-reconstructed,396.5,396.5,395.04124732,4,0.0014925373134328,0.01343283582089545,325.8921667786641,890.8915307285865,4.83612478046804,4.316264395048076,4.83612478046804,2.157203522740455,0.04699623999999858,0.3744871800000169,0.45875267999997504,48f723c1d7752e53a2b494d12a690561d28ca122f9c9779573593c52d76ae6c2,epochfix-b26a5ce183626ca8497b,6.437751649736403,6.481467931865163,DS3,persistent,False,True,True
texbat-DS3-cmte-reconstructed,397.0,397.0,395.54124732,4,0.0014925373134328,0.0149253731343283,342.5429263880436,1001.651894690895,4.780338892639486,4.20469261939097,4.780338892639486,2.352574870044476,0.04699623999999858,0.3744871800000169,0.45875267999997504,48f723c1d7752e53a2b494d12a690561d28ca122f9c9779573593c52d76ae6c2,epochfix-b26a5ce183626ca8497b,6.437751649736403,6.481467931865163,DS3,persistent,False,True,True
texbat-DS3-cmte-reconstructed,397.5,397.5,396.04124732,4,0.0014925373134328,0.0149253731343283,345.91173229616186,1097.298730144296,4.780338892639486,4.20469261939097,4.780338892639486,2.4967918237788043,0.04699623999999858,0.3744871800000169,0.45875267999997504,48f723c1d7752e53a2b494d12a690561d28ca122f9c9779573593c52d76ae6c2,epochfix-b26a5ce183626ca8497b,6.437751649736403,6.481467931865163,DS3,persistent,False,True,True
texbat-DS3-cmte-reconstructed,398.0,398.0,396.54124732,4,0.0014925373134328,0.01343283582089545,324.10385159544273,933.900015592302,4.83612478046804,4.316264395048076,4.83612478046804,2.310200543776757,0.04699623999999858,0.3744871800000169,0.45875267999997504,48f723c1d7752e53a2b494d12a690561d28ca122f9c9779573593c52d76ae6c2,epochfix-b26a5ce183626ca8497b,6.437751649736403,6.481467931865163,DS3,persistent,False,True,True
texbat-DS3-cmte-reconstructed,398.5,398.5,397.04124732,4,0.0014925373134328,0.008955223880596951,292.95016265841167,584.6705777104498,5.182698370748016,5.009411575608031,5.182698370748016,1.8679125821061449,0.04699623999999858,0.3744871800000169,0.45875267999997504,48f723c1d7752e53a2b494d12a690561d28ca122f9c9779573593c52d76ae6c2,epochfix-b26a5ce183626ca8497b,6.437751649736403,6.481467931865163,DS3,persistent,False,True,True
texbat-DS3-cmte-reconstructed,399.0,399.0,397.54124732,4,0.0014925373134328,0.00820895522388055,340.1978471141225,600.0482325172101,5.355985165888002,5.355985165888002,5.355985165888002,1.6887563324529802,0.04699623999999858,0.3744871800000169,0.45875267999997504,48f723c1d7752e53a2b494d12a690561d28ca122f9c9779573593c52d76ae6c2,epochfix-b26a5ce183626ca8497b,6.437751649736403,6.481467931865163,DS3,persistent,False,True,True
texbat-DS3-cmte-reconstructed,399.5,399.5,398.04124732,4,0.0014925373134328,0.00820895522388055,431.8182226462072,832.3297148276722,5.355985165888002,5.355985165888002,5.355985165888002,1.9757555582330504,0.04699623999999858,0.3744871800000169,0.45875267999997504,48f723c1d7752e53a2b494d12a690561d28ca122f9c9779573593c52d76ae6c2,epochfix-b26a5ce183626ca8497b,6.437751649736403,6.481467931865163,DS3,persistent,False,True,True
texbat-DS3-cmte-reconstructed,400.0,400.0,398.54124732,4,0.0014925373134328,0.00820895522388055,466.6287678260771,925.2717273291998,5.355985165888002,5.355985165888002,5.355985165888002,2.267891283515913,0.04699623999999858,0.3744871800000169,0.45875267999997504,48f723c1d7752e53a2b494d12a690561d28ca122f9c9779573593c52d76ae6c2,epochfix-b26a5ce183626ca8497b,6.437751649736403,6.481467931865163,DS3,persistent,False,True,True
texbat-DS3-cmte-reconstructed,400.5,400.5,399.04124732,4,0.0014925373134328,0.00820895522388055,509.38217844466243,1127.047443676946,5.355985165888002,5.355985165888002,5.355985165888002,2.5025280253935795,0.04699623999999858,0.3744871800000169,0.45875267999997504,48f723c1d7752e53a2b494d12a690561d28ca122f9c9779573593c52d76ae6c2,epochfix-b26a5ce183626ca8497b,6.437751649736403,6.481467931865163,DS3,persistent,False,True,True
texbat-DS3-cmte-reconstructed,401.0,401.0,399.54124732,4,0.0014925373134328,0.00820895522388055,567.897212234548,1431.4566198140435,5.355985165888002,5.355985165888002,5.355985165888002,2.746386600369935,0.04699623999999858,0.3744871800000169,0.45875267999997504,48f723c1d7752e53a2b494d12a690561d28ca122f9c9779573593c52d76ae6c2,epochfix-b26a5ce183626ca8497b,6.437751649736403,6.481467931865163,DS3,persistent,False,True,True
texbat-DS3-cmte-reconstructed,401.5,401.5,400.04124732,4,0.0014925373134328,0.00820895522388055,518.8595409637384,1362.6892445940998,5.355985165888002,5.355985165888002,5.355985165888002,2.7553499751783392,0.04699623999999858,0.3744871800000169,0.45875267999997504,48f723c1d7752e53a2b494d12a690561d28ca122f9c9779573593c52d76ae6c2,epochfix-b26a5ce183626ca8497b,6.437751649736403,6.481467931865163,DS3,persistent,False,True,True
texbat-DS3-cmte-reconstructed,402.0,402.0,400.54124732,4,0.0014925373134328,0.008955223880596951,335.9479685747949,754.3367745441026,5.182698370748017,5.009411575608031,5.182698370748017,2.1000055855368123,0.04699623999999858,0.3744871800000169,0.45875267999997504,48f723c1d7752e53a2b494d12a690561d28ca122f9c9779573593c52d76ae6c2,epochfix-b26a5ce183626ca8497b,6.437751649736403,6.481467931865163,DS3,persistent,False,True,True
texbat-DS3-cmte-reconstructed,402.5,402.5,401.04124732,4,0.0014925373134328,0.008955223880596951,254.34391802216206,405.1354555839361,5.182698370748016,5.009411575608031,5.182698370748016,1.432801452438163,0.04699623999999858,0.3744871800000169,0.45875267999997504,48f723c1d7752e53a2b494d12a690561d28ca122f9c9779573593c52d76ae6c2,epochfix-b26a5ce183626ca8497b,6.437751649736403,6.481467931865163,DS3,persistent,False,True,True
texbat-DS3-cmte-reconstructed,403.0,403.0,401.54124732,4,0.0014925373134328,0.0074626865671641,287.6363924218714,538.9602070534372,5.23848425857657,5.120983351265137,5.23848425857657,1.666996597094518,0.04699623999999858,0.3744871800000169,0.45875267999997504,48f723c1d7752e53a2b494d12a690561d28ca122f9c9779573593c52d76ae6c2,epochfix-b26a5ce183626ca8497b,6.437751649736403,6.481467931865163,DS3,persistent,False,True,True
texbat-DS3-cmte-reconstructed,403.5,403.5,402.04124732,4,0.0014925373134328,0.0111940298507462,268.6394977160734,554.1327153981749,4.953625687779475,4.5512662096709455,4.953625687779475,1.6676756130374708,0.04699623999999858,0.3744871800000169,0.45875267999997504,48f723c1d7752e53a2b494d12a690561d28ca122f9c9779573593c52d76ae6c2,epochfix-b26a5ce183626ca8497b,6.437751649736403,6.481467931865163,DS3,persistent,False,True,True
texbat-DS3-cmte-reconstructed,404.0,404.0,402.54124732,4,0.0014925373134328,0.008955223880596951,262.4656293648782,442.5812643178806,5.182698370748016,5.009411575608031,5.182698370748016,1.4808765493142098,0.04699623999999858,0.3744871800000169,0.45875267999997504,48f723c1d7752e53a2b494d12a690561d28ca122f9c9779573593c52d76ae6c2,epochfix-b26a5ce183626ca8497b,6.437751649736403,6.481467931865163,DS3,persistent,False,True,True
texbat-DS3-cmte-reconstructed,404.5,404.5,403.04124732,4,0.0014925373134328,0.00820895522388055,287.1933793330115,549.23409291431,5.355985165888002,5.355985165888002,5.355985165888002,1.6547085885086892,0.04699623999999858,0.3744871800000169,0.45875267999997504,48f723c1d7752e53a2b494d12a690561d28ca122f9c9779573593c52d76ae6c2,epochfix-b26a5ce183626ca8497b,6.437751649736403,6.481467931865163,DS3,persistent,False,True,True
texbat-DS3-cmte-reconstructed,405.0,405.0,403.54124732,4,0.0014925373134328,0.00820895522388055,263.4841624356863,470.8242507177217,5.355985165888002,5.355985165888002,5.355985165888002,1.5251996830260952,0.04699623999999858,0.3744871800000169,0.45875267999997504,48f723c1d7752e53a2b494d12a690561d28ca122f9c9779573593c52d76ae6c2,epochfix-b26a5ce183626ca8497b,6.437751649736403,6.481467931865163,DS3,persistent,False,True,True
texbat-DS3-cmte-reconstructed,405.5,405.5,404.04124732,4,0.0014925373134328,0.00820895522388055,307.58575065069493,563.7613534339332,5.355985165888002,5.355985165888002,5.355985165888002,1.5451750427148463,0.04699623999999858,0.3744871800000169,0.45875267999997504,48f723c1d7752e53a2b494d12a690561d28ca122f9c9779573593c52d76ae6c2,epochfix-b26a5ce183626ca8497b,6.437751649736403,6.481467931865163,DS3,persistent,False,True,True
texbat-DS3-cmte-reconstructed,406.0,406.0,404.54124732,4,0.0014925373134328,0.00820895522388055,386.4031255707617,799.191325477594,5.355985165888002,5.355985165888002,5.355985165888002,2.016243042974337,0.04699623999999858,0.3744871800000169,0.45875267999997504,48f723c1d7752e53a2b494d12a690561d28ca122f9c9779573593c52d76ae6c2,epochfix-b26a5ce183626ca8497b,6.437751649736403,6.481467931865163,DS3,persistent,False,True,True
texbat-DS3-cmte-reconstructed,406.5,406.5,405.04124732,4,0.0014925373134328,0.00820895522388055,305.1374384479017,561.0890579314389,5.355985165888002,5.355985165888002,5.355985165888002,1.6388894175532356,0.04699623999999858,0.3744871800000169,0.45875267999997504,48f723c1d7752e53a2b494d12a690561d28ca122f9c9779573593c52d76ae6c2,epochfix-b26a5ce183626ca8497b,6.437751649736403,6.481467931865163,DS3,persistent,False,True,True
texbat-DS3-cmte-reconstructed,407.0,407.0,405.54124732,4,0.0014925373134328,0.00820895522388055,340.19253570655735,673.0394407684719,5.355985165888002,5.355985165888002,5.355985165888002,1.838088874331026,0.04699623999999858,0.3744871800000169,0.45875267999997504,48f723c1d7752e53a2b494d12a690561d28ca122f9c9779573593c52d76ae6c2,epochfix-b26a5ce183626ca8497b,6.437751649736403,6.481467931865163,DS3,persistent,False,True,True
texbat-DS3-cmte-reconstructed,407.5,407.5,406.04124732,4,0.0014925373134328,0.00820895522388055,415.9879533618721,738.8595518922941,5.355985165888002,5.355985165888002,5.355985165888002,1.945663704372891,0.04699623999999858,0.3744871800000169,0.45875267999997504,48f723c1d7752e53a2b494d12a690561d28ca122f9c9779573593c52d76ae6c2,epochfix-b26a5ce183626ca8497b,6.437751649736403,6.481467931865163,DS3,persistent,False,True,True
texbat-DS3-cmte-reconstructed,408.0,408.0,406.54124732,4,0.0014925373134328,0.00820895522388055,420.0220146625635,769.8829657319575,5.355985165888002,5.355985165888002,5.355985165888002,2.104453178875771,0.04699623999999858,0.3744871800000169,0.45875267999997504,48f723c1d7752e53a2b494d12a690561d28ca122f9c9779573593c52d76ae6c2,epochfix-b26a5ce183626ca8497b,6.437751649736403,6.481467931865163,DS3,persistent,False,True,True
texbat-DS3-cmte-reconstructed,408.5,408.5,407.04124732,4,0.0014925373134328,0.00820895522388055,354.775205442372,710.5242036420118,5.355985165888002,5.355985165888002,5.355985165888002,1.945451452055774,0.04699623999999858,0.3744871800000169,0.45875267999997504,48f723c1d7752e53a2b494d12a690561d28ca122f9c9779573593c52d76ae6c2,epochfix-b26a5ce183626ca8497b,6.437751649736403,6.481467931865163,DS3,persistent,False,True,True
texbat-DS3-cmte-reconstructed,409.0,409.0,407.54124732,4,0.0014925373134328,0.009701492537313401,334.40827896892483,795.5317520369645,5.08133209372097,4.806679021553936,5.08133209372097,2.070148234140605,0.04699623999999858,0.3744871800000169,0.45875267999997504,48f723c1d7752e53a2b494d12a690561d28ca122f9c9779573593c52d76ae6c2,epochfix-b26a5ce183626ca8497b,6.437751649736403,6.481467931865163,DS3,persistent,False,True,True
texbat-DS3-cmte-reconstructed,409.5,409.5,408.04124732,4,0.0014925373134328,0.012686567164179052,279.54421629688466,688.2659296281845,4.86950762862417,4.383030091360337,4.86950762862417,1.988765789878203,0.04699623999999858,0.3744871800000169,0.45875267999997504,48f723c1d7752e53a2b494d12a690561d28ca122f9c9779573593c52d76ae6c2,epochfix-b26a5ce183626ca8497b,6.437751649736403,6.481467931865163,DS3,persistent,False,True,True
texbat-DS3-cmte-reconstructed,410.0,410.0,408.54124732,4,0.0014925373134328,0.01343283582089545,285.7732576177038,722.591358860064,4.83612478046804,4.316264395048076,4.83612478046804,1.976836073163808,0.04699623999999858,0.3744871800000169,0.45875267999997504,48f723c1d7752e53a2b494d12a690561d28ca122f9c9779573593c52d76ae6c2,epochfix-b26a5ce183626ca8497b,6.437751649736403,6.481467931865163,DS3,persistent,False,True,True
texbat-DS3-cmte-reconstructed,410.5,410.5,409.04124732,4,0.0014925373134328,0.00820895522388055,343.47316835707716,671.7779523600004,5.355985165888002,5.355985165888002,5.355985165888002,1.8966940587580832,0.04699623999999858,0.3744871800000169,0.45875267999997504,48f723c1d7752e53a2b494d12a690561d28ca122f9c9779573593c52d76ae6c2,epochfix-b26a5ce183626ca8497b,6.437751649736403,6.481467931865163,DS3,persistent,False,True,True
texbat-DS3-cmte-reconstructed,411.0,411.0,409.54124732,4,0.0029850746268656,0.01194029850746265,219.7847773520703,373.3802651213191,4.734758503440997,4.4601054312739645,4.734758503440997,1.3845294783033446,0.04699623999999858,0.3744871800000169,0.45875267999997504,48f723c1d7752e53a2b494d12a690561d28ca122f9c9779573593c52d76ae6c2,epochfix-b26a5ce183626ca8497b,6.437751649736403,6.481467931865163,DS3,persistent,False,True,True
texbat-DS3-cmte-reconstructed,411.5,411.5,410.04124732,4,0.0014925373134328,0.01194029850746265,219.90664535490674,410.8038843834822,4.9080452985809835,4.4601054312739645,4.9080452985809835,1.349818707696548,0.04699623999999858,0.3744871800000169,0.45875267999997504,48f723c1d7752e53a2b494d12a690561d28ca122f9c9779573593c52d76ae6c2,epochfix-b26a5ce183626ca8497b,6.437751649736403,6.481467931865163,DS3,persistent,False,True,True
texbat-DS3-cmte-reconstructed,412.0,412.0,410.54124732,4,0.0014925373134328,0.0104477611940298,243.16731559185652,421.70180218962514,5.009411575608025,4.662837985328049,5.009411575608025,1.4144022050287977,0.04699623999999858,0.3744871800000169,0.45875267999997504,48f723c1d7752e53a2b494d12a690561d28ca122f9c9779573593c52d76ae6c2,epochfix-b26a5ce183626ca8497b,6.437751649736403,6.481467931865163,DS3,persistent,False,True,True
texbat-DS3-cmte-reconstructed,412.5,412.5,411.04124732,4,0.0044776119402985,0.01343283582089545,179.12724660394122,341.5143412684565,4.561471708301006,4.316264395048076,4.561471708301006,1.3101573960126325,0.04699623999999858,0.3744871800000169,0.45875267999997504,48f723c1d7752e53a2b494d12a690561d28ca122f9c9779573593c52d76ae6c2,epochfix-b26a5ce183626ca8497b,6.437751649736403,6.481467931865163,DS3,persistent,False,True,True
texbat-DS3-cmte-reconstructed,413.0,413.0,411.54124732,4,0.0029850746268656,0.01194029850746265,215.88808115129694,370.39802533879447,4.734758503440997,4.4601054312739645,4.734758503440997,1.352426650983145,0.04699623999999858,0.3744871800000169,0.45875267999997504,48f723c1d7752e53a2b494d12a690561d28ca122f9c9779573593c52d76ae6c2,epochfix-b26a5ce183626ca8497b,6.437751649736403,6.481467931865163,DS3,persistent,False,True,True
texbat-DS3-cmte-reconstructed,413.5,413.5,412.04124732,4,0.0029850746268656,0.01194029850746265,210.61865337125568,363.7429330006505,4.734758503440997,4.4601054312739645,4.734758503440997,1.2554081905276042,0.04699623999999858,0.3744871800000169,0.45875267999997504,48f723c1d7752e53a2b494d12a690561d28ca122f9c9779573593c52d76ae6c2,epochfix-b26a5ce183626ca8497b,6.437751649736403,6.481467931865163,DS3,persistent,False,True,True
texbat-DS3-cmte-reconstructed,414.0,414.0,412.54124732,4,0.0014925373134328,0.01194029850746265,219.82902449509626,434.2443447797258,4.9080452985809835,4.4601054312739645,4.9080452985809835,1.4254487904151485,0.04699623999999858,0.3744871800000169,0.45875267999997504,48f723c1d7752e53a2b494d12a690561d28ca122f9c9779573593c52d76ae6c2,epochfix-b26a5ce183626ca8497b,6.437751649736403,6.481467931865163,DS3,persistent,False,True,True
texbat-DS3-cmte-reconstructed,414.5,414.5,413.04124732,4,0.0014925373134328,0.008955223880596951,282.0577642866233,550.9332056861374,5.182698370748016,5.009411575608031,5.182698370748016,1.6118948136024849,0.04699623999999858,0.3744871800000169,0.45875267999997504,48f723c1d7752e53a2b494d12a690561d28ca122f9c9779573593c52d76ae6c2,epochfix-b26a5ce183626ca8497b,6.437751649736403,6.481467931865163,DS3,persistent,False,True,True
texbat-DS3-cmte-reconstructed,415.0,415.0,413.54124732,4,0.0014925373134328,0.0104477611940298,243.68121860602636,469.4300085599099,5.009411575608025,4.662837985328049,5.009411575608025,1.5197851871032444,0.04699623999999858,0.3744871800000169,0.45875267999997504,48f723c1d7752e53a2b494d12a690561d28ca122f9c9779573593c52d76ae6c2,epochfix-b26a5ce183626ca8497b,6.437751649736403,6.481467931865163,DS3,persistent,False,True,True
texbat-DS3-cmte-reconstructed,415.5,415.5,414.04124732,4,0.0014925373134328,0.0104477611940298,234.13837535398446,405.9413495393927,5.009411575608025,4.662837985328049,5.009411575608025,1.386237848460658,0.04699623999999858,0.3744871800000169,0.45875267999997504,48f723c1d7752e53a2b494d12a690561d28ca122f9c9779573593c52d76ae6c2,epochfix-b26a5ce183626ca8497b,6.437751649736403,6.481467931865163,DS3,persistent,False,True,True
texbat-DS3-cmte-reconstructed,416.0,416.0,414.54124732,4,0.0029850746268656,0.01343283582089545,206.50250210478072,375.711213614882,4.6628379853280535,4.316264395048076,4.6628379853280535,1.3568960419995446,0.04699623999999858,0.3744871800000169,0.45875267999997504,48f723c1d7752e53a2b494d12a690561d28ca122f9c9779573593c52d76ae6c2,epochfix-b26a5ce183626ca8497b,6.437751649736403,6.481467931865163,DS3,persistent,False,True,True
texbat-DS3-cmte-reconstructed,416.5,416.5,415.04124732,4,0.0074626865671641,0.01343283582089545,175.89409932181002,301.9276525616886,4.433765302359511,4.316264395048076,4.433765302359511,1.161016012309078,0.04699623999999858,0.3744871800000169,0.45875267999997504,48f723c1d7752e53a2b494d12a690561d28ca122f9c9779573593c52d76ae6c2,epochfix-b26a5ce183626ca8497b,6.437751649736403,6.481467931865163,DS3,persistent,False,True,True
texbat-DS3-cmte-reconstructed,417.0,417.0,415.54124732,4,0.0014925373134328,0.01194029850746265,213.93374467162627,390.0629524334013,4.9080452985809835,4.4601054312739645,4.9080452985809835,1.3661003209552347,0.04699623999999858,0.3744871800000169,0.45875267999997504,48f723c1d7752e53a2b494d12a690561d28ca122f9c9779573593c52d76ae6c2,epochfix-b26a5ce183626ca8497b,6.437751649736403,6.481467931865163,DS3,persistent,False,True,True
texbat-DS3-cmte-reconstructed,417.5,417.5,416.04124732,4,0.0014925373134328,0.009701492537313401,235.99222298209978,394.49627212174767,5.08133209372097,4.806679021553936,5.08133209372097,1.3344498870900037,0.04699623999999858,0.3744871800000169,0.45875267999997504,48f723c1d7752e53a2b494d12a690561d28ca122f9c9779573593c52d76ae6c2,epochfix-b26a5ce183626ca8497b,6.437751649736403,6.481467931865163,DS3,persistent,False,True,True
texbat-DS3-cmte-reconstructed,418.0,418.0,416.54124732,4,0.0014925373134328,0.0104477611940298,256.9459012036663,507.6304544835476,5.009411575608025,4.662837985328049,5.009411575608025,1.5509073697034883,0.04699623999999858,0.3744871800000169,0.45875267999997504,48f723c1d7752e53a2b494d12a690561d28ca122f9c9779573593c52d76ae6c2,epochfix-b26a5ce183626ca8497b,6.437751649736403,6.481467931865163,DS3,persistent,False,True,True
texbat-DS3-cmte-reconstructed,418.5,418.5,417.04124732,4,0.0014925373134328,0.00820895522388055,290.10021173123226,512.302334535296,5.355985165888002,5.355985165888002,5.355985165888002,1.6475674248867491,0.04699623999999858,0.3744871800000169,0.45875267999997504,48f723c1d7752e53a2b494d12a690561d28ca122f9c9779573593c52d76ae6c2,epochfix-b26a5ce183626ca8497b,6.437751649736403,6.481467931865163,DS3,persistent,False,True,True
texbat-DS3-cmte-reconstructed,419.0,419.0,417.54124732,4,0.0014925373134328,0.01194029850746265,236.67456071167763,481.3361953381434,4.9080452985809835,4.4601054312739645,4.9080452985809835,1.522667004880844,0.04699623999999858,0.3744871800000169,0.45875267999997504,48f723c1d7752e53a2b494d12a690561d28ca122f9c9779573593c52d76ae6c2,epochfix-b26a5ce183626ca8497b,6.437751649736403,6.481467931865163,DS3,persistent,False,True,True
texbat-DS3-cmte-reconstructed,419.5,419.5,418.04124732,4,0.0014925373134328,0.01343283582089545,212.15540455182156,459.3779508251948,4.83612478046804,4.316264395048076,4.83612478046804,1.568913446354487,0.04699623999999858,0.3744871800000169,0.45875267999997504,48f723c1d7752e53a2b494d12a690561d28ca122f9c9779573593c52d76ae6c2,epochfix-b26a5ce183626ca8497b,6.437751649736403,6.481467931865163,DS3,persistent,False,True,True
texbat-DS3-cmte-reconstructed,420.0,420.0,418.54124732,4,0.0014925373134328,0.01343283582089545,206.97490484745938,405.6616822164618,4.83612478046804,4.316264395048076,4.83612478046804,1.39291428429121,0.04699623999999858,0.3744871800000169,0.45875267999997504,48f723c1d7752e53a2b494d12a690561d28ca122f9c9779573593c52d76ae6c2,epochfix-b26a5ce183626ca8497b,6.437751649736403,6.481467931865163,DS3,persistent,False,True,True
texbat-DS3-cmte-reconstructed,420.5,420.5,419.04124732,4,0.0014925373134328,0.0141791044776119,186.67405726522003,393.7646709898047,4.806679021553942,4.257372877219883,4.806679021553942,1.2964064187295825,0.04699623999999858,0.3744871800000169,0.45875267999997504,48f723c1d7752e53a2b494d12a690561d28ca122f9c9779573593c52d76ae6c2,epochfix-b26a5ce183626ca8497b,6.437751649736403,6.481467931865163,DS3,persistent,False,True,True
texbat-DS3-cmte-reconstructed,421.0,421.0,419.54124732,4,0.0014925373134328,0.0149253731343283,197.68270265008312,426.3305420098008,4.780338892639486,4.20469261939097,4.780338892639486,1.4699782675584825,0.04699623999999858,0.3744871800000169,0.45875267999997504,48f723c1d7752e53a2b494d12a690561d28ca122f9c9779573593c52d76ae6c2,epochfix-b26a5ce183626ca8497b,6.437751649736403,6.481467931865163,DS3,persistent,False,True,True
texbat-DS3-cmte-reconstructed,421.5,421.5,420.04124732,4,0.0014925373134328,0.01194029850746265,240.05364045649628,487.94606291258594,4.9080452985809835,4.4601054312739645,4.9080452985809835,1.5805151639379518,0.04699623999999858,0.3744871800000169,0.45875267999997504,48f723c1d7752e53a2b494d12a690561d28ca122f9c9779573593c52d76ae6c2,epochfix-b26a5ce183626ca8497b,6.437751649736403,6.481467931865163,DS3,persistent,False,True,True
texbat-DS3-cmte-reconstructed,422.0,422.0,420.54124732,4,0.0014925373134328,0.0149253731343283,203.3112286761906,430.3135271858568,4.780338892639486,4.20469261939097,4.780338892639486,1.371811653015416,0.04699623999999858,0.3744871800000169,0.45875267999997504,48f723c1d7752e53a2b494d12a690561d28ca122f9c9779573593c52d76ae6c2,epochfix-b26a5ce183626ca8497b,6.437751649736403,6.481467931865163,DS3,persistent,False,True,True
texbat-DS3-cmte-reconstructed,422.5,422.5,421.04124732,4,0.0014925373134328,0.01343283582089545,228.90355471826814,514.8309985063657,4.83612478046804,4.316264395048076,4.83612478046804,1.45781160910423,0.04699623999999858,0.3744871800000169,0.45875267999997504,48f723c1d7752e53a2b494d12a690561d28ca122f9c9779573593c52d76ae6c2,epochfix-b26a5ce183626ca8497b,6.437751649736403,6.481467931865163,DS3,persistent,False,True,True
texbat-DS3-cmte-reconstructed,423.0,423.0,421.54124732,4,0.0014925373134328,0.01343283582089545,237.9799219777871,557.382659137082,4.83612478046804,4.316264395048076,4.83612478046804,1.5966182243503282,0.04699623999999858,0.3744871800000169,0.45875267999997504,48f723c1d7752e53a2b494d12a690561d28ca122f9c9779573593c52d76ae6c2,epochfix-b26a5ce183626ca8497b,6.437751649736403,6.481467931865163,DS3,persistent,False,True,True
texbat-DS3-cmte-reconstructed,423.5,423.5,422.04124732,4,0.0014925373134328,0.0149253731343283,207.09614855595493,497.8065760820782,4.780338892639486,4.20469261939097,4.780338892639486,1.5554743625006582,0.04699623999999858,0.3744871800000169,0.45875267999997504,48f723c1d7752e53a2b494d12a690561d28ca122f9c9779573593c52d76ae6c2,epochfix-b26a5ce183626ca8497b,6.437751649736403,6.481467931865163,DS3,persistent,False,True,True
texbat-DS3-cmte-reconstructed,424.0,424.0,422.54124732,4,0.0014925373134328,0.0104477611940298,275.68127546188276,570.7376756401213,5.009411575608025,4.662837985328049,5.009411575608025,1.6869842887909543,0.04699623999999858,0.3744871800000169,0.45875267999997504,48f723c1d7752e53a2b494d12a690561d28ca122f9c9779573593c52d76ae6c2,epochfix-b26a5ce183626ca8497b,6.437751649736403,6.481467931865163,DS3,persistent,False,True,True
texbat-DS3-cmte-reconstructed,424.5,424.5,423.04124732,4,0.0014925373134328,0.01343283582089545,244.11904083214026,606.4780067423153,4.83612478046804,4.316264395048076,4.83612478046804,1.762253282450987,0.04699623999999858,0.3744871800000169,0.45875267999997504,48f723c1d7752e53a2b494d12a690561d28ca122f9c9779573593c52d76ae6c2,epochfix-b26a5ce183626ca8497b,6.437751649736403,6.481467931865163,DS3,persistent,False,True,True
texbat-DS3-cmte-reconstructed,425.0,425.0,423.54124732,4,0.0014925373134328,0.01343283582089545,283.99227480104884,724.9360006982488,4.83612478046804,4.316264395048076,4.83612478046804,1.9428070075497288,0.04699623999999858,0.3744871800000169,0.45875267999997504,48f723c1d7752e53a2b494d12a690561d28ca122f9c9779573593c52d76ae6c2,epochfix-b26a5ce183626ca8497b,6.437751649736403,6.481467931865163,DS3,persistent,False,True,True
texbat-DS3-cmte-reconstructed,425.5,425.5,424.04124732,4,0.0014925373134328,0.01194029850746265,357.02276207643956,936.6764649857766,4.9080452985809835,4.4601054312739645,4.9080452985809835,2.343253159393693,0.04699623999999858,0.3744871800000169,0.45875267999997504,48f723c1d7752e53a2b494d12a690561d28ca122f9c9779573593c52d76ae6c2,epochfix-b26a5ce183626ca8497b,6.437751649736403,6.481467931865163,DS3,persistent,False,True,True
texbat-DS3-cmte-reconstructed,426.0,426.0,424.54124732,4,0.0014925373134328,0.01343283582089545,336.47193933160855,955.6362921572136,4.83612478046804,4.316264395048076,4.83612478046804,2.3642060091120864,0.04699623999999858,0.3744871800000169,0.45875267999997504,48f723c1d7752e53a2b494d12a690561d28ca122f9c9779573593c52d76ae6c2,epochfix-b26a5ce183626ca8497b,6.437751649736403,6.481467931865163,DS3,persistent,False,True,True
texbat-DS3-cmte-reconstructed,426.5,426.5,425.04124732,4,0.0014925373134328,0.009701492537313401,397.27230330940074,1082.587147921785,5.08133209372097,4.806679021553936,5.08133209372097,2.503741674324817,0.04699623999999858,0.3744871800000169,0.45875267999997504,48f723c1d7752e53a2b494d12a690561d28ca122f9c9779573593c52d76ae6c2,epochfix-b26a5ce183626ca8497b,6.437751649736403,6.481467931865163,DS3,persistent,False,True,True
texbat-DS3-cmte-reconstructed,427.0,427.0,425.54124732,4,0.0014925373134328,0.00820895522388055,476.5477009731298,1178.8141715306278,5.355985165888002,5.355985165888002,5.355985165888002,2.551596395376648,0.04699623999999858,0.3744871800000169,0.45875267999997504,48f723c1d7752e53a2b494d12a690561d28ca122f9c9779573593c52d76ae6c2,epochfix-b26a5ce183626ca8497b,6.437751649736403,6.481467931865163,DS3,persistent,False,True,True
texbat-DS3-cmte-reconstructed,427.5,427.5,426.04124732,4,0.0014925373134328,0.00820895522388055,443.60136166454214,1026.261715789708,5.355985165888002,5.355985165888002,5.355985165888002,2.3558341519467536,0.04699623999999858,0.3744871800000169,0.45875267999997504,48f723c1d7752e53a2b494d12a690561d28ca122f9c9779573593c52d76ae6c2,epochfix-b26a5ce183626ca8497b,6.437751649736403,6.481467931865163,DS3,persistent,False,True,True
texbat-DS3-cmte-reconstructed,428.0,428.0,426.54124732,4,0.0014925373134328,0.008955223880597,409.43911074025954,1028.228150482794,5.107672222635426,4.859359279382849,5.107672222635426,2.462094224142512,0.04699623999999858,0.3744871800000169,0.45875267999997504,48f723c1d7752e53a2b494d12a690561d28ca122f9c9779573593c52d76ae6c2,epochfix-b26a5ce183626ca8497b,6.437751649736403,6.481467931865163,DS3,persistent,False,True,True
texbat-DS3-cmte-reconstructed,428.5,428.5,427.04124732,4,0.0014925373134328,0.01194029850746265,403.3429431606306,1158.596980122572,4.9080452985809835,4.4601054312739645,4.9080452985809835,2.581375654243668,0.04699623999999858,0.3744871800000169,0.45875267999997504,48f723c1d7752e53a2b494d12a690561d28ca122f9c9779573593c52d76ae6c2,epochfix-b26a5ce183626ca8497b,6.437751649736403,6.481467931865163,DS3,persistent,False,True,True
texbat-DS3-cmte-reconstructed,429.0,429.0,427.54124732,4,0.0014925373134328,0.01343283582089545,412.46155386211876,1235.6543111422998,4.83612478046804,4.316264395048076,4.83612478046804,2.64195889054166,0.04699623999999858,0.3744871800000169,0.45875267999997504,48f723c1d7752e53a2b494d12a690561d28ca122f9c9779573593c52d76ae6c2,epochfix-b26a5ce183626ca8497b,6.437751649736403,6.481467931865163,DS3,persistent,False,True,True
texbat-DS3-cmte-reconstructed,429.5,429.5,428.04124732,4,0.0014925373134328,0.01343283582089545,430.5322057235378,1330.871498735928,4.83612478046804,4.316264395048076,4.83612478046804,2.802616699701298,0.04699623999999858,0.3744871800000169,0.45875267999997504,48f723c1d7752e53a2b494d12a690561d28ca122f9c9779573593c52d76ae6c2,epochfix-b26a5ce183626ca8497b,6.437751649736403,6.481467931865163,DS3,persistent,False,True,True
texbat-DS3-cmte-reconstructed,430.0,430.0,428.54124732,4,0.0014925373134328,0.01343283582089545,452.33305039395975,1451.756454427309,4.83612478046804,4.316264395048076,4.83612478046804,2.927857721369918,0.04699623999999858,0.3744871800000169,0.45875267999997504,48f723c1d7752e53a2b494d12a690561d28ca122f9c9779573593c52d76ae6c2,epochfix-b26a5ce183626ca8497b,6.437751649736403,6.481467931865163,DS3,persistent,False,True,True
texbat-DS3-cmte-reconstructed,430.5,430.5,429.04124732,4,0.0014925373134328,0.0141791044776119,440.9255324907843,1442.0132955161266,4.806679021553942,4.257372877219883,4.806679021553942,2.865342370337145,0.04699623999999858,0.3744871800000169,0.45875267999997504,48f723c1d7752e53a2b494d12a690561d28ca122f9c9779573593c52d76ae6c2,epochfix-b26a5ce183626ca8497b,6.437751649736403,6.481467931865163,DS3,persistent,False,True,True
texbat-DS3-cmte-reconstructed,431.0,431.0,429.54124732,4,0.0014925373134328,0.0149253731343283,294.65969638675085,867.8156676853191,4.780338892639486,4.20469261939097,4.780338892639486,2.262250767535372,0.04699623999999858,0.3744871800000169,0.45875267999997504,48f723c1d7752e53a2b494d12a690561d28ca122f9c9779573593c52d76ae6c2,epochfix-b26a5ce183626ca8497b,6.437751649736403,6.481467931865163,DS3,persistent,False,True,True
texbat-DS3-cmte-reconstructed,431.5,431.5,430.04124732,4,0.0014925373134328,0.0141791044776119,267.80668149917045,665.7132459717782,4.806679021553942,4.257372877219883,4.806679021553942,1.961091727546703,0.04699623999999858,0.3744871800000169,0.45875267999997504,48f723c1d7752e53a2b494d12a690561d28ca122f9c9779573593c52d76ae6c2,epochfix-b26a5ce183626ca8497b,6.437751649736403,6.481467931865163,DS3,persistent,False,True,True
texbat-DS3-cmte-reconstructed,432.0,432.0,430.54124732,4,0.0014925373134328,0.0149253731343283,295.0170927333318,849.3491809159286,4.780338892639486,4.20469261939097,4.780338892639486,2.186543572807613,0.04699623999999858,0.3744871800000169,0.45875267999997504,48f723c1d7752e53a2b494d12a690561d28ca122f9c9779573593c52d76ae6c2,epochfix-b26a5ce183626ca8497b,6.437751649736403,6.481467931865163,DS3,persistent,False,True,True
texbat-DS3-cmte-reconstructed,432.5,432.5,431.04124732,4,0.0014925373134328,0.0149253731343283,303.3180380748984,868.3262499318846,4.780338892639486,4.20469261939097,4.780338892639486,2.206658286877764,0.04699623999999858,0.3744871800000169,0.45875267999997504,48f723c1d7752e53a2b494d12a690561d28ca122f9c9779573593c52d76ae6c2,epochfix-b26a5ce183626ca8497b,6.437751649736403,6.481467931865163,DS3,persistent,False,True,True
texbat-DS3-cmte-reconstructed,433.0,433.0,431.54124732,4,0.0014925373134328,0.01194029850746265,335.4603710137985,884.7692539142117,4.9080452985809835,4.4601054312739645,4.9080452985809835,2.211289798443271,0.04699623999999858,0.3744871800000169,0.45875267999997504,48f723c1d7752e53a2b494d12a690561d28ca122f9c9779573593c52d76ae6c2,epochfix-b26a5ce183626ca8497b,6.437751649736403,6.481467931865163,DS3,persistent,False,True,True
texbat-DS3-cmte-reconstructed,433.5,433.5,432.04124732,4,0.0014925373134328,0.01343283582089545,309.46675230323353,838.7444553018854,4.83612478046804,4.316264395048076,4.83612478046804,2.1071568157226905,0.04699623999999858,0.3744871800000169,0.45875267999997504,48f723c1d7752e53a2b494d12a690561d28ca122f9c9779573593c52d76ae6c2,epochfix-b26a5ce183626ca8497b,6.437751649736403,6.481467931865163,DS3,persistent,False,True,True
texbat-DS3-cmte-reconstructed,434.0,434.0,432.54124732,4,0.0014925373134328,0.0149253731343283,248.715469923302,669.4486476288398,4.780338892639486,4.20469261939097,4.780338892639486,1.85595685991166,0.04699623999999858,0.3744871800000169,0.45875267999997504,48f723c1d7752e53a2b494d12a690561d28ca122f9c9779573593c52d76ae6c2,epochfix-b26a5ce183626ca8497b,6.437751649736403,6.481467931865163,DS3,persistent,False,True,True
texbat-DS3-cmte-reconstructed,434.5,434.5,433.04124732,4,0.0014925373134328,0.0149253731343283,242.11424771293014,678.5930688692044,4.780338892639486,4.20469261939097,4.780338892639486,1.901892116946469,0.04699623999999858,0.3744871800000169,0.45875267999997504,48f723c1d7752e53a2b494d12a690561d28ca122f9c9779573593c52d76ae6c2,epochfix-b26a5ce183626ca8497b,6.437751649736403,6.481467931865163,DS3,persistent,False,True,True
texbat-DS3-cmte-reconstructed,435.0,435.0,433.54124732,4,0.0014925373134328,0.01343283582089545,210.15011685587066,415.3854383335248,4.83612478046804,4.316264395048076,4.83612478046804,1.504612576119835,0.04699623999999858,0.3744871800000169,0.45875267999997504,48f723c1d7752e53a2b494d12a690561d28ca122f9c9779573593c52d76ae6c2,epochfix-b26a5ce183626ca8497b,6.437751649736403,6.481467931865163,DS3,persistent,False,True,True
texbat-DS3-cmte-reconstructed,435.5,435.5,434.04124732,4,0.0044776119402985,0.01194029850746265,201.74989371115382,347.9821787882818,4.6333922264139495,4.4601054312739645,4.6333922264139495,1.3309979194302557,0.04699623999999858,0.3744871800000169,0.45875267999997504,48f723c1d7752e53a2b494d12a690561d28ca122f9c9779573593c52d76ae6c2,epochfix-b26a5ce183626ca8497b,6.437751649736403,6.481467931865163,DS3,persistent,False,True,True
texbat-DS3-cmte-reconstructed,436.0,436.0,434.54124732,4,0.008955223880597,0.01343283582089545,155.6049296740993,289.82140743227103,4.388184913161021,4.316264395048076,4.388184913161021,1.157770881481005,0.04699623999999858,0.3744871800000169,0.45875267999997504,48f723c1d7752e53a2b494d12a690561d28ca122f9c9779573593c52d76ae6c2,epochfix-b26a5ce183626ca8497b,6.437751649736403,6.481467931865163,DS3,persistent,False,True,True
texbat-DS3-cmte-reconstructed,436.5,436.5,435.04124732,4,0.0119402985074626,0.0149253731343283,128.22592011482226,176.40067320101377,4.260478507219523,4.20469261939097,4.260478507219523,0.8020564786848817,0.04699623999999858,0.3744871800000169,0.45875267999997504,48f723c1d7752e53a2b494d12a690561d28ca122f9c9779573593c52d76ae6c2,epochfix-b26a5ce183626ca8497b,6.437751649736403,6.481467931865163,DS3,persistent,False,True,True
texbat-DS3-cmte-reconstructed,437.0,437.0,435.54124732,4,0.0014925373134328,0.01343283582089545,206.83367710053855,394.9090777822087,4.83612478046804,4.316264395048076,4.83612478046804,1.2352406118869257,0.04699623999999858,0.3744871800000169,0.45875267999997504,48f723c1d7752e53a2b494d12a690561d28ca122f9c9779573593c52d76ae6c2,epochfix-b26a5ce183626ca8497b,6.437751649736403,6.481467931865163,DS3,persistent,False,True,True
texbat-DS3-cmte-reconstructed,437.5,437.5,436.04124732,4,0.0014925373134328,0.0149253731343283,197.27384291043927,472.0165185020319,4.780338892639486,4.20469261939097,4.780338892639486,1.4333486210943147,0.04699623999999858,0.3744871800000169,0.45875267999997504,48f723c1d7752e53a2b494d12a690561d28ca122f9c9779573593c52d76ae6c2,epochfix-b26a5ce183626ca8497b,6.437751649736403,6.481467931865163,DS3,persistent,False,True,True
texbat-DS3-cmte-reconstructed,438.0,438.0,436.54124732,4,0.0014925373134328,0.0141791044776119,230.5998142837891,506.7817264864518,4.806679021553942,4.257372877219883,4.806679021553942,1.5019231672072504,0.04699623999999858,0.3744871800000169,0.45875267999997504,48f723c1d7752e53a2b494d12a690561d28ca122f9c9779573593c52d76ae6c2,epochfix-b26a5ce183626ca8497b,6.437751649736403,6.481467931865163,DS3,persistent,False,True,True
texbat-DS3-cmte-reconstructed,438.5,438.5,437.04124732,4,0.0014925373134328,0.009701492537313401,304.5620405194368,589.4118971996063,5.08133209372097,4.806679021553936,5.08133209372097,1.7107010000696845,0.04699623999999858,0.3744871800000169,0.45875267999997504,48f723c1d7752e53a2b494d12a690561d28ca122f9c9779573593c52d76ae6c2,epochfix-b26a5ce183626ca8497b,6.437751649736403,6.481467931865163,DS3,persistent,False,True,True
texbat-DS3-cmte-reconstructed,439.0,439.0,437.54124732,4,0.0014925373134328,0.01268656716417905,278.8567154410607,635.5941359448259,4.862464909382496,4.368944652876989,4.862464909382496,1.8725369211356664,0.04699623999999858,0.3744871800000169,0.45875267999997504,48f723c1d7752e53a2b494d12a690561d28ca122f9c9779573593c52d76ae6c2,epochfix-b26a5ce183626ca8497b,6.437751649736403,6.481467931865163,DS3,persistent,False,True,True
texbat-DS3-cmte-reconstructed,439.5,439.5,438.04124732,4,0.0014925373134328,0.01343283582089545,313.19150194384474,897.2653529873126,4.83612478046804,4.316264395048076,4.83612478046804,2.2937596930392146,0.04699623999999858,0.3744871800000169,0.45875267999997504,48f723c1d7752e53a2b494d12a690561d28ca122f9c9779573593c52d76ae6c2,epochfix-b26a5ce183626ca8497b,6.437751649736403,6.481467931865163,DS3,persistent,False,True,True
texbat-DS3-cmte-reconstructed,440.0,440.0,438.54124732,4,0.0014925373134328,0.01343283582089545,334.825387801154,1019.5457493005788,4.83612478046804,4.316264395048076,4.83612478046804,2.467235234447421,0.04699623999999858,0.3744871800000169,0.45875267999997504,48f723c1d7752e53a2b494d12a690561d28ca122f9c9779573593c52d76ae6c2,epochfix-b26a5ce183626ca8497b,6.437751649736403,6.481467931865163,DS3,persistent,False,True,True
texbat-DS3-cmte-reconstructed,440.5,440.5,439.04124732,4,0.0014925373134328,0.0149253731343283,338.1882538086926,1014.420279892471,4.780338892639486,4.20469261939097,4.780338892639486,2.4162053169754154,0.04699623999999858,0.3744871800000169,0.45875267999997504,48f723c1d7752e53a2b494d12a690561d28ca122f9c9779573593c52d76ae6c2,epochfix-b26a5ce183626ca8497b,6.437751649736403,6.481467931865163,DS3,persistent,False,True,True
texbat-DS3-cmte-reconstructed,441.0,441.0,439.54124732,4,0.0014925373134328,0.0149253731343283,343.75194258091744,1040.2970250004478,4.780338892639486,4.20469261939097,4.780338892639486,2.4176048740114875,0.04699623999999858,0.3744871800000169,0.45875267999997504,48f723c1d7752e53a2b494d12a690561d28ca122f9c9779573593c52d76ae6c2,epochfix-b26a5ce183626ca8497b,6.437751649736403,6.481467931865163,DS3,persistent,False,True,True
texbat-DS3-cmte-reconstructed,441.5,441.5,440.04124732,4,0.0014925373134328,0.01194029850746265,380.1240868561196,1114.178839575167,4.9080452985809835,4.4601054312739645,4.9080452985809835,2.526742984210815,0.04699623999999858,0.3744871800000169,0.45875267999997504,48f723c1d7752e53a2b494d12a690561d28ca122f9c9779573593c52d76ae6c2,epochfix-b26a5ce183626ca8497b,6.437751649736403,6.481467931865163,DS3,persistent,False,True,True
texbat-DS3-cmte-reconstructed,442.0,442.0,440.54124732,4,0.0014925373134328,0.01343283582089545,404.14374254702176,1252.5076429742694,4.83612478046804,4.316264395048076,4.83612478046804,2.7399667321857315,0.04699623999999858,0.3744871800000169,0.45875267999997504,48f723c1d7752e53a2b494d12a690561d28ca122f9c9779573593c52d76ae6c2,epochfix-b26a5ce183626ca8497b,6.437751649736403,6.481467931865163,DS3,persistent,False,True,True
texbat-DS3-cmte-reconstructed,442.5,442.5,441.04124732,4,0.0014925373134328,0.0149253731343283,407.89240494969346,1301.198510521515,4.780338892639486,4.20469261939097,4.780338892639486,2.7934384881016414,0.04699623999999858,0.3744871800000169,0.45875267999997504,48f723c1d7752e53a2b494d12a690561d28ca122f9c9779573593c52d76ae6c2,epochfix-b26a5ce183626ca8497b,6.437751649736403,6.481467931865163,DS3,persistent,False,True,True
texbat-DS3-cmte-reconstructed,443.0,443.0,441.54124732,4,0.0014925373134328,0.0149253731343283,431.4265994509714,1377.4534742373385,4.780338892639486,4.20469261939097,4.780338892639486,2.802666092567519,0.04699623999999858,0.3744871800000169,0.45875267999997504,48f723c1d7752e53a2b494d12a690561d28ca122f9c9779573593c52d76ae6c2,epochfix-b26a5ce183626ca8497b,6.437751649736403,6.481467931865163,DS3,persistent,False,True,True
texbat-DS3-cmte-reconstructed,443.5,443.5,442.04124732,4,0.0014925373134328,0.0149253731343283,431.2359160660399,1390.8272649150167,4.780338892639486,4.20469261939097,4.780338892639486,2.780159110513542,0.04699623999999858,0.3744871800000169,0.45875267999997504,48f723c1d7752e53a2b494d12a690561d28ca122f9c9779573593c52d76ae6c2,epochfix-b26a5ce183626ca8497b,6.437751649736403,6.481467931865163,DS3,persistent,False,True,True
texbat-DS3-cmte-reconstructed,444.0,444.0,442.54124732,4,0.0014925373134328,0.0149253731343283,403.18367840783725,1298.9260912279024,4.780338892639486,4.20469261939097,4.780338892639486,2.776790559701212,0.04699623999999858,0.3744871800000169,0.45875267999997504,48f723c1d7752e53a2b494d12a690561d28ca122f9c9779573593c52d76ae6c2,epochfix-b26a5ce183626ca8497b,6.437751649736403,6.481467931865163,DS3,persistent,False,True,True
texbat-DS3-cmte-reconstructed,444.5,444.5,443.04124732,4,0.0014925373134328,0.0149253731343283,421.69824587052426,1357.3059542553128,4.780338892639486,4.20469261939097,4.780338892639486,2.9037249154967983,0.04699623999999858,0.3744871800000169,0.45875267999997504,48f723c1d7752e53a2b494d12a690561d28ca122f9c9779573593c52d76ae6c2,epochfix-b26a5ce183626ca8497b,6.437751649736403,6.481467931865163,DS3,persistent,False,True,True
texbat-DS3-cmte-reconstructed,445.0,445.0,443.54124732,4,0.0014925373134328,0.01343283582089545,418.3050866978995,1301.100934531367,4.83612478046804,4.316264395048076,4.83612478046804,2.7409105619791005,0.04699623999999858,0.3744871800000169,0.45875267999997504,48f723c1d7752e53a2b494d12a690561d28ca122f9c9779573593c52d76ae6c2,epochfix-b26a5ce183626ca8497b,6.437751649736403,6.481467931865163,DS3,persistent,False,True,True
texbat-DS3-cmte-reconstructed,445.5,445.5,444.04124732,4,0.0014925373134328,0.0149253731343283,351.4735047000269,1085.295111546208,4.780338892639486,4.20469261939097,4.780338892639486,2.423305543302766,0.04699623999999858,0.3744871800000169,0.45875267999997504,48f723c1d7752e53a2b494d12a690561d28ca122f9c9779573593c52d76ae6c2,epochfix-b26a5ce183626ca8497b,6.437751649736403,6.481467931865163,DS3,persistent,False,True,True
texbat-DS3-cmte-reconstructed,446.0,446.0,444.54124732,4,0.0014925373134328,0.0104477611940298,403.92598669282177,1087.235440532374,5.009411575608025,4.662837985328049,5.009411575608025,2.4860328859864183,0.04699623999999858,0.3744871800000169,0.45875267999997504,48f723c1d7752e53a2b494d12a690561d28ca122f9c9779573593c52d76ae6c2,epochfix-b26a5ce183626ca8497b,6.437751649736403,6.481467931865163,DS3,persistent,False,True,True
texbat-DS3-cmte-reconstructed,446.5,446.5,445.04124732,4,0.0014925373134328,0.00820895522388055,532.2360621587108,1165.930004198031,5.355985165888002,5.355985165888002,5.355985165888002,2.7056792350209533,0.04699623999999858,0.3744871800000169,0.45875267999997504,48f723c1d7752e53a2b494d12a690561d28ca122f9c9779573593c52d76ae6c2,epochfix-b26a5ce183626ca8497b,6.437751649736403,6.481467931865163,DS3,persistent,False,True,True
texbat-DS3-cmte-reconstructed,447.0,447.0,445.54124732,4,0.0014925373134328,0.00820895522388055,554.2268383444963,1499.5094059745602,5.355985165888002,5.355985165888002,5.355985165888002,3.088706368991794,0.04699623999999858,0.3744871800000169,0.45875267999997504,48f723c1d7752e53a2b494d12a690561d28ca122f9c9779573593c52d76ae6c2,epochfix-b26a5ce183626ca8497b,6.437751649736403,6.481467931865163,DS3,persistent,False,True,True
texbat-DS3-cmte-reconstructed,447.5,447.5,446.04124732,4,0.0014925373134328,0.00820895522388055,550.9419867689758,1526.1268431182189,5.355985165888002,5.355985165888002,5.355985165888002,3.0100085231306943,0.04699623999999858,0.3744871800000169,0.45875267999997504,48f723c1d7752e53a2b494d12a690561d28ca122f9c9779573593c52d76ae6c2,epochfix-b26a5ce183626ca8497b,6.437751649736403,6.481467931865163,DS3,persistent,False,True,True
texbat-DS3-cmte-reconstructed,448.0,448.0,446.54124732,4,0.0014925373134328,0.00820895522388055,393.8611770923619,824.1790333053175,5.355985165888002,5.355985165888002,5.355985165888002,2.1359714844614355,0.04699623999999858,0.3744871800000169,0.45875267999997504,48f723c1d7752e53a2b494d12a690561d28ca122f9c9779573593c52d76ae6c2,epochfix-b26a5ce183626ca8497b,6.437751649736403,6.481467931865163,DS3,persistent,False,True,True
texbat-DS3-cmte-reconstructed,448.5,448.5,447.04124732,4,0.0014925373134328,0.0067164179104477004,308.7326960616699,486.21245197478106,5.411771053716556,5.4675569415451095,5.411771053716556,1.5936576484044456,0.04699623999999858,0.3744871800000169,0.45875267999997504,48f723c1d7752e53a2b494d12a690561d28ca122f9c9779573593c52d76ae6c2,epochfix-b26a5ce183626ca8497b,6.437751649736403,6.481467931865163,DS3,persistent,False,True,True
texbat-DS3-cmte-reconstructed,449.0,449.0,447.54124732,4,0.0014925373134328,0.00820895522388055,267.6015526381918,439.0021523634048,5.209038499662473,5.062091833436942,5.209038499662473,1.5035696234832987,0.04699623999999858,0.3744871800000169,0.45875267999997504,48f723c1d7752e53a2b494d12a690561d28ca122f9c9779573593c52d76ae6c2,epochfix-b26a5ce183626ca8497b,6.437751649736403,6.481467931865163,DS3,persistent,False,True,True
texbat-DS3-cmte-reconstructed,449.5,449.5,448.04124732,4,0.0014925373134328,0.00820895522388055,282.90129640821505,513.0362891585456,5.355985165888002,5.355985165888002,5.355985165888002,1.5768295384200977,0.04699623999999858,0.3744871800000169,0.45875267999997504,48f723c1d7752e53a2b494d12a690561d28ca122f9c9779573593c52d76ae6c2,epochfix-b26a5ce183626ca8497b,6.437751649736403,6.481467931865163,DS3,persistent,False,True,True
texbat-DS3-cmte-reconstructed,450.0,450.0,448.54124732,4,0.0014925373134328,0.00820895522388055,314.91021413297136,647.1325152115671,5.355985165888002,5.355985165888002,5.355985165888002,1.7913052191063117,0.04699623999999858,0.3744871800000169,0.45875267999997504,48f723c1d7752e53a2b494d12a690561d28ca122f9c9779573593c52d76ae6c2,epochfix-b26a5ce183626ca8497b,6.437751649736403,6.481467931865163,DS3,persistent,False,True,True
texbat-DS3-cmte-reconstructed,450.5,450.5,449.04124732,4,0.0014925373134328,0.0104477611940298,251.1201840755856,484.6140268987929,5.009411575608025,4.662837985328049,5.009411575608025,1.5096756915234275,0.04699623999999858,0.3744871800000169,0.45875267999997504,48f723c1d7752e53a2b494d12a690561d28ca122f9c9779573593c52d76ae6c2,epochfix-b26a5ce183626ca8497b,6.437751649736403,6.481467931865163,DS3,persistent,False,True,True
texbat-DS3-cmte-reconstructed,451.0,451.0,449.54124732,4,0.0014925373134328,0.01343283582089545,221.83607588816506,461.6151230162183,4.836124780468039,4.316264395048076,4.836124780468039,1.5426489433974149,0.04699623999999858,0.3744871800000169,0.45875267999997504,48f723c1d7752e53a2b494d12a690561d28ca122f9c9779573593c52d76ae6c2,epochfix-b26a5ce183626ca8497b,6.437751649736403,6.481467931865163,DS3,persistent,False,True,True
texbat-DS3-cmte-reconstructed,451.5,451.5,450.04124732,4,0.0014925373134328,0.0141791044776119,219.21629289763794,458.89963796644736,4.8066790215539426,4.257372877219883,4.8066790215539426,1.5464542905999876,0.04699623999999858,0.3744871800000169,0.45875267999997504,48f723c1d7752e53a2b494d12a690561d28ca122f9c9779573593c52d76ae6c2,epochfix-b26a5ce183626ca8497b,6.437751649736403,6.481467931865163,DS3,persistent,False,True,True
texbat-DS3-cmte-reconstructed,452.0,452.0,450.54124732,4,0.0059701492537313,0.01343283582089545,188.09409852277287,321.5541392857531,4.489551190188063,4.316264395048076,4.489551190188063,1.2136709675928383,0.04699623999999858,0.3744871800000169,0.45875267999997504,48f723c1d7752e53a2b494d12a690561d28ca122f9c9779573593c52d76ae6c2,epochfix-b26a5ce183626ca8497b,6.437751649736403,6.481467931865163,DS3,persistent,False,True,True
texbat-DS3-cmte-reconstructed,452.5,452.5,451.04124732,4,0.0059701492537313,0.0149253731343283,148.77911579445114,309.08453985654603,4.433765302359509,4.20469261939097,4.433765302359509,1.2435268533995123,0.04699623999999858,0.3744871800000169,0.45875267999997504,48f723c1d7752e53a2b494d12a690561d28ca122f9c9779573593c52d76ae6c2,epochfix-b26a5ce183626ca8497b,6.437751649736403,6.481467931865163,DS3,persistent,False,True,True
texbat-DS3-cmte-reconstructed,453.0,453.0,451.54124732,4,0.008955223880597,0.0149253731343283,134.45384707258893,235.1544660582832,4.332399025332467,4.20469261939097,4.332399025332467,1.02211669309159,0.04699623999999858,0.3744871800000169,0.45875267999997504,48f723c1d7752e53a2b494d12a690561d28ca122f9c9779573593c52d76ae6c2,epochfix-b26a5ce183626ca8497b,6.437751649736403,6.481467931865163,DS3,persistent,False,True,True
texbat-DS3-cmte-reconstructed,453.5,453.5,452.04124732,4,0.0059701492537313,0.0141791044776119,161.08519614449477,322.4518853498258,4.460105431273965,4.257372877219883,4.460105431273965,1.1615465689886924,0.04699623999999858,0.3744871800000169,0.45875267999997504,48f723c1d7752e53a2b494d12a690561d28ca122f9c9779573593c52d76ae6c2,epochfix-b26a5ce183626ca8497b,6.437751649736403,6.481467931865163,DS3,persistent,False,True,True
texbat-DS3-cmte-reconstructed,454.0,454.0,452.54124732,4,0.0014925373134328,0.01343283582089545,220.7931865080034,571.1054440574201,4.734758503440998,4.316264395048076,4.734758503440998,1.6726687204675674,0.04699623999999858,0.3744871800000169,0.45875267999997504,48f723c1d7752e53a2b494d12a690561d28ca122f9c9779573593c52d76ae6c2,epochfix-b26a5ce183626ca8497b,6.437751649736403,6.481467931865163,DS3,persistent,False,True,True
texbat-DS3-cmte-reconstructed,454.5,454.5,453.04124732,4,0.0014925373134328,0.0149253731343283,218.78421673422065,577.2106476564122,4.780338892639486,4.20469261939097,4.780338892639486,1.71835565210541,0.04699623999999858,0.3744871800000169,0.45875267999997504,48f723c1d7752e53a2b494d12a690561d28ca122f9c9779573593c52d76ae6c2,epochfix-b26a5ce183626ca8497b,6.437751649736403,6.481467931865163,DS3,persistent,False,True,True
texbat-DS3-cmte-reconstructed,455.0,455.0,453.54124732,4,0.0014925373134328,0.0149253731343283,221.78306497158326,522.52341704882,4.780338892639486,4.20469261939097,4.780338892639486,1.6917003693873596,0.04699623999999858,0.3744871800000169,0.45875267999997504,48f723c1d7752e53a2b494d12a690561d28ca122f9c9779573593c52d76ae6c2,epochfix-b26a5ce183626ca8497b,6.437751649736403,6.481467931865163,DS3,persistent,False,True,True
texbat-DS3-cmte-reconstructed,455.5,455.5,454.04124732,4,0.0014925373134328,0.01343283582089545,218.5196937713938,485.315402656033,4.83612478046804,4.316264395048076,4.83612478046804,1.6467492646770874,0.04699623999999858,0.3744871800000169,0.45875267999997504,48f723c1d7752e53a2b494d12a690561d28ca122f9c9779573593c52d76ae6c2,epochfix-b26a5ce183626ca8497b,6.437751649736403,6.481467931865163,DS3,persistent,False,True,True
texbat-DS3-cmte-reconstructed,456.0,456.0,454.54124732,4,0.0014925373134328,0.0104477611940298,224.37567182765747,417.8529941916055,5.009411575608025,4.662837985328049,5.009411575608025,1.5030665220882764,0.04699623999999858,0.3744871800000169,0.45875267999997504,48f723c1d7752e53a2b494d12a690561d28ca122f9c9779573593c52d76ae6c2,epochfix-b26a5ce183626ca8497b,6.437751649736403,6.481467931865163,DS3,persistent,False,True,True
texbat-DS3-cmte-reconstructed,456.5,456.5,455.04124732,4,0.0044776119402985,0.0111940298507462,208.33970089074822,351.51124037758154,4.678972615612441,4.5512662096709455,4.678972615612441,1.3844024992698625,0.04699623999999858,0.3744871800000169,0.45875267999997504,48f723c1d7752e53a2b494d12a690561d28ca122f9c9779573593c52d76ae6c2,epochfix-b26a5ce183626ca8497b,6.437751649736403,6.481467931865163,DS3,persistent,False,True,True
texbat-DS3-cmte-reconstructed,457.0,457.0,455.54124732,4,0.008955223880597,0.0149253731343283,154.68391871236827,268.7405743830544,4.332399025332467,4.20469261939097,4.332399025332467,1.1799750198659196,0.04699623999999858,0.3744871800000169,0.45875267999997504,48f723c1d7752e53a2b494d12a690561d28ca122f9c9779573593c52d76ae6c2,epochfix-b26a5ce183626ca8497b,6.437751649736403,6.481467931865163,DS3,persistent,False,True,True
texbat-DS3-cmte-reconstructed,457.5,457.5,456.04124732,4,0.0014925373134328,0.01343283582089545,239.9894419303758,528.5218676759958,4.83612478046804,4.316264395048076,4.83612478046804,1.6595491479831237,0.04699623999999858,0.3744871800000169,0.45875267999997504,48f723c1d7752e53a2b494d12a690561d28ca122f9c9779573593c52d76ae6c2,epochfix-b26a5ce183626ca8497b,6.437751649736403,6.481467931865163,DS3,persistent,False,True,True
texbat-DS3-cmte-reconstructed,458.0,458.0,456.45300376,4,0.0014925373134328,0.01343283582089545,291.87239155549344,783.783667087584,4.83612478046804,4.316264395048076,4.83612478046804,1.9776251420710536,0.37225552000001016,0.41773575999999935,0.5469962399999986,48f723c1d7752e53a2b494d12a690561d28ca122f9c9779573593c52d76ae6c2,epochfix-b26a5ce183626ca8497b,6.437751649736403,6.481467931865163,DS3,persistent,False,True,True
